step,time,obst_px,obst_py,obst_pz,obst_vx,obst_vy,obst_vz,obst_radius,qpos_0,qpos_1,qpos_2,qpos_3,qpos_4,qpos_5,qpos_6,qpos_7,qpos_8,qpos_9,qpos_10,qpos_11,qpos_12,qpos_13,qpos_14,qpos_15,qpos_16,qpos_17,qpos_18,qpos_19,qpos_20,qpos_21,qpos_22,qpos_23,qpos_24,qpos_25,qpos_26,qpos_27,qpos_28,qpos_29,qpos_30,qpos_31,qpos_32,qpos_33,qvel_0,qvel_1,qvel_2,qvel_3,qvel_4,qvel_5,qvel_6,qvel_7,qvel_8,qvel_9,qvel_10,qvel_11,qvel_12,qvel_13,qvel_14,qvel_15,qvel_16,qvel_17,qvel_18,qvel_19,qvel_20,qvel_21,qvel_22,qvel_23,qvel_24,qvel_25,qvel_26,qvel_27,qvel_28,qvel_29,qvel_30,qvel_31,qvel_32,cap_site_0_head_sensor_0,cap_site_1_head_sensor_1,cap_site_2_head_sensor_2,cap_site_3_head_sensor_3,cap_site_4_head_sensor_4,cap_site_5_head_sensor_5,cap_site_6_torso_sensor_0,cap_site_7_torso_sensor_1,cap_site_8_torso_sensor_2,cap_site_9_torso_sensor_3,cap_site_10_torso_sensor_4,cap_site_11_torso_sensor_5,cap_site_12_torso_sensor_6,cap_site_13_torso_sensor_7,cap_site_14_torso_sensor_8,cap_site_15_torso_sensor_9,cap_site_16_torso_sensor_10,cap_site_17_left_shoulder_roll_sensor_0,cap_site_18_left_shoulder_roll_sensor_1,cap_site_19_left_shoulder_roll_sensor_2,cap_site_20_left_shoulder_roll_sensor_3,cap_site_21_left_shoulder_roll_sensor_4,cap_site_22_left_shoulder_roll_sensor_5,cap_site_23_left_shoulder_roll_sensor_6,cap_site_24_left_shoulder_roll_sensor_7,cap_site_25_left_shoulder_yaw_sensor_0,cap_site_26_left_shoulder_yaw_sensor_1,cap_site_27_left_shoulder_yaw_sensor_2,cap_site_28_left_shoulder_yaw_sensor_3,cap_site_29_left_shoulder_yaw_sensor_4,cap_site_30_left_shoulder_yaw_sensor_5,cap_site_31_left_elbow_sensor_0,cap_site_32_left_elbow_sensor_1,cap_site_33_left_elbow_sensor_2,cap_site_34_left_elbow_sensor_3,cap_site_35_left_elbow_sensor_4,cap_site_36_left_elbow_sensor_5,cap_site_37_left_elbow_sensor_6,cap_site_38_left_elbow_sensor_7,cap_site_39_left_elbow_sensor_8,cap_site_41_right_shoulder_roll_sensor_0,cap_site_42_right_shoulder_roll_sensor_1,cap_site_43_right_shoulder_roll_sensor_2,cap_site_44_right_shoulder_roll_sensor_3,cap_site_45_right_shoulder_roll_sensor_4,cap_site_46_right_shoulder_roll_sensor_5,cap_site_47_right_shoulder_roll_sensor_6,cap_site_48_right_shoulder_roll_sensor_7,cap_site_49_right_shoulder_yaw_sensor_0,cap_site_50_right_shoulder_yaw_sensor_1,cap_site_51_right_shoulder_yaw_sensor_2,cap_site_52_right_shoulder_yaw_sensor_3,cap_site_53_right_shoulder_yaw_sensor_4,cap_site_54_right_shoulder_yaw_sensor_5,cap_site_55_right_elbow_sensor_0,cap_site_56_right_elbow_sensor_1,cap_site_57_right_elbow_sensor_2,cap_site_58_right_elbow_sensor_3,cap_site_59_right_elbow_sensor_4,cap_site_60_right_elbow_sensor_5,cap_site_61_right_elbow_sensor_6,cap_site_62_right_elbow_sensor_7,cap_site_63_right_elbow_sensor_8,tof_reading_0,tof_reading_1,tof_reading_2,tof_reading_3,tof_reading_4,tof_reading_5,tof_reading_6,tof_reading_7,tof_reading_8,tof_reading_9,tof_reading_10,tof_reading_11,tof_reading_12,tof_reading_13,tof_reading_14,tof_reading_15,tof_reading_16,tof_reading_17,tof_reading_18,tof_reading_19,tof_reading_20,tof_reading_21,tof_reading_22,tof_reading_23,tof_reading_24,tof_reading_25,tof_reading_26,tof_reading_27,tof_reading_28,tof_reading_29,tof_reading_30,tof_reading_31,tof_reading_32,tof_reading_33,tof_reading_34,tof_reading_35,tof_reading_36,tof_reading_37,tof_reading_38,tof_reading_39,tof_reading_40,tof_reading_41,tof_reading_42,tof_reading_43,tof_reading_44,tof_reading_45,tof_reading_46,tof_reading_47,tof_reading_48,tof_reading_49,tof_reading_50,tof_reading_51,tof_reading_52,tof_reading_53,tof_reading_54,tof_reading_55,tof_reading_56,tof_reading_57,dist_to_obst_0,dist_to_obst_1,dist_to_obst_2,dist_to_obst_3,dist_to_obst_4,dist_to_obst_5,dist_to_obst_6,dist_to_obst_7,dist_to_obst_8,dist_to_obst_9,dist_to_obst_10,dist_to_obst_11,dist_to_obst_12,dist_to_obst_13,dist_to_obst_14,dist_to_obst_15,dist_to_obst_16,dist_to_obst_17,dist_to_obst_18,dist_to_obst_19,dist_to_obst_20,dist_to_obst_21,dist_to_obst_22,dist_to_obst_23,dist_to_obst_24,dist_to_obst_25,dist_to_obst_26,dist_to_obst_27,dist_to_obst_28,dist_to_obst_29,dist_to_obst_30,dist_to_obst_31,dist_to_obst_32,dist_to_obst_33,dist_to_obst_34,dist_to_obst_35,dist_to_obst_36,dist_to_obst_37,dist_to_obst_38,dist_to_obst_39,dist_to_obst_40,dist_to_obst_41,dist_to_obst_42,dist_to_obst_43,dist_to_obst_44,dist_to_obst_45,dist_to_obst_46,dist_to_obst_47,dist_to_obst_48,dist_to_obst_49,dist_to_obst_50,dist_to_obst_51,dist_to_obst_52,dist_to_obst_53,dist_to_obst_54,dist_to_obst_55,dist_to_obst_56,dist_to_obst_57,dist_to_obst_58,dist_to_obst_59,dist_to_obst_60,dist_to_obst_61,dist_to_obst_62,collision,min_obst_dist,cmd_vx,cmd_vy,cmd_vz
0,0.0000,1.2000,0.0000,0.9500,0.0000,0.0000,0.0000,0.1289,0.1900,0.0000,1.0280,1.0000,0.0000,0.0000,0.0000,0.0000,0.0000,0.0000,0.0000,0.0000,0.0000,0.0000,0.0000,0.0000,0.0000,0.0000,0.0000,0.0000,0.0000,0.0000,0.0000,0.0000,0.0000,0.0000,0.0000,0.0000,0.0000,0.0000,0.0000,0.0000,0.0000,0.0000,0.0000,0.0000,0.0000,0.0000,0.0000,0.0000,0.0000,0.0000,0.0000,0.0000,0.0000,0.0000,0.0000,0.0000,0.0000,0.0000,0.0000,0.0000,0.0000,0.0000,0.0000,0.0000,0.0000,0.0000,0.0000,0.0000,0.0000,0.0000,0.0000,0.0000,0.0000,0.0000,0.0000,-1.0000,-1.0000,-1.0000,-1.0000,-1.0000,-1.0000,-1.0000,-1.0000,-1.0000,-1.0000,-1.0000,-1.0000,-1.0000,-1.0000,-1.0000,-1.0000,-1.0000,-1.0000,-1.0000,-1.0000,-1.0000,-1.0000,-1.0000,-1.0000,-1.0000,-1.0000,-1.0000,-1.0000,-1.0000,-1.0000,-1.0000,-1.0000,-1.0000,-1.0000,-1.0000,-1.0000,-1.0000,-1.0000,-1.0000,-1.0000,-1.0000,-1.0000,-1.0000,-1.0000,-1.0000,-1.0000,-1.0000,-1.0000,-1.0000,-1.0000,-1.0000,-1.0000,-1.0000,-1.0000,-1.0000,-1.0000,-1.0000,-1.0000,-1.0000,-1.0000,-1.0000,-1.0000,-1.0000,-1.0000,0.9740,0.9338,0.9407,0.9176,0.8928,0.9133,0.7896,0.8448,0.8033,0.8180,0.8659,0.7692,0.6751,0.6741,0.7058,0.6533,0.7072,0.7041,0.7215,0.6373,0.6488,-1.0000,-1.0000,-1.0000,-1.0000,-1.0000,-1.0000,-1.0000,-1.0000,-1.0000,-1.0000,-1.0000,-1.0000,-1.0000,-1.0000,-1.0000,-1.0000,-1.0000,-1.0000,-1.0000,-1.0000,-1.0000,-1.0000,-1.0000,-1.0000,-1.0000,-1.0000,-1.0000,-1.0000,-1.0000,-1.0000,-1.0000,-1.0000,-1.0000,-1.0000,-1.0000,-1.0000,1.3921,1.3568,1.3750,1.3922,1.3650,1.3842,0.9149,0.8859,1.0531,0.9855,0.8844,1.1006,1.0667,0.9695,0.9025,1.0759,0.9683,1.0759,1.1727,1.1447,1.1111,1.0829,1.0803,1.1063,1.0454,0.9858,1.0521,1.0234,1.0068,1.0045,0.9879,0.9365,0.9306,0.9580,0.9174,0.9389,0.9576,0.9248,0.8794,0.9092,0.8947,1.0205,0.9740,0.9338,0.9407,0.9176,0.8928,0.9133,0.7896,0.8448,0.8033,0.8180,0.8659,0.7692,0.6751,0.6741,0.7058,0.6533,0.7072,0.7041,0.7215,0.6373,0.6488,0,0.6373,-1.0468,-2.2696,2.5919
1,0.0020,-0.9960,0.1349,2.1571,1.7176,0.0366,2.0882,0.1289,0.1900,0.0000,1.0280,1.0000,0.0000,-0.0000,0.0000,0.0000,-0.0000,0.0000,0.0000,0.0003,-0.0000,0.0000,-0.0000,0.0000,0.0000,0.0003,-0.0000,-0.0000,0.0000,-0.0000,-0.0000,0.0000,0.0000,0.0000,-0.0000,0.0000,0.0000,0.0000,0.0000,0.0000,0.0000,0.0000,0.0002,0.0000,-0.0127,0.0000,-0.0001,0.0004,0.0005,-0.0162,0.0007,0.0124,0.1421,-0.0144,0.0017,-0.0156,0.0008,0.0120,0.1421,-0.0143,-0.0003,0.0038,-0.0004,-0.0002,0.0118,0.0001,0.0013,-0.0000,0.0039,0.0002,0.0002,0.0118,0.0001,0.0001,0.0000,-1.0000,-1.0000,-1.0000,-1.0000,-1.0000,-1.0000,-1.0000,-1.0000,-1.0000,-1.0000,-1.0000,-1.0000,-1.0000,-1.0000,-1.0000,-1.0000,-1.0000,-1.0000,-1.0000,-1.0000,-1.0000,-1.0000,-1.0000,-1.0000,-1.0000,-1.0000,-1.0000,-1.0000,-1.0000,-1.0000,-1.0000,-1.0000,-1.0000,-1.0000,-1.0000,-1.0000,-1.0000,-1.0000,-1.0000,-1.0000,-1.0000,-1.0000,-1.0000,-1.0000,-1.0000,-1.0000,-1.0000,-1.0000,-1.0000,-1.0000,-1.0000,-1.0000,-1.0000,-1.0000,-1.0000,-1.0000,-1.0000,-1.0000,-1.0000,-1.0000,-1.0000,-1.0000,-1.0000,-1.0000,-1.0000,-1.0000,-1.0000,-1.0000,-1.0000,-1.0000,-1.0000,-1.0000,-1.0000,-1.0000,-1.0000,-1.0000,-1.0000,0.9577,-1.0000,-1.0000,0.9615,-1.0000,0.9633,0.9598,0.9798,-1.0000,-1.0000,-1.0000,-1.0000,-1.0000,-1.0000,-1.0000,-1.0000,-1.0000,-1.0000,-1.0000,-1.0000,-1.0000,-1.0000,-1.0000,-1.0000,-1.0000,-1.0000,-1.0000,-1.0000,-1.0000,-1.0000,-1.0000,-1.0000,-1.0000,-1.0000,-1.0000,-1.0000,-1.0000,-1.0000,-1.0000,-1.0000,-1.0000,-1.0000,-1.0000,-1.0000,1.2750,1.2070,1.2860,1.3096,1.2434,1.2564,1.1278,0.9790,1.0424,1.1620,0.9672,1.1550,1.1846,1.0151,1.1342,1.2014,0.9998,1.0557,1.1048,1.0887,1.0729,1.0701,1.1508,1.1210,1.0733,1.0306,1.1219,1.0741,1.1180,1.0841,1.0929,1.0543,0.9577,1.0276,1.0155,0.9615,1.0607,0.9633,0.9598,0.9798,1.0557,1.1048,1.0887,1.0729,1.0701,1.1508,1.1210,1.0733,1.0306,1.1219,1.0741,1.1180,1.0841,1.0929,1.0543,0.9577,1.0276,1.0155,0.9615,1.0607,0.9633,0.9598,0.9798,0,0.9577,1.7176,0.0366,2.0882
1,0.0020,-0.9960,0.1349,2.1571,1.7176,0.0366,2.0882,0.1289,0.1900,0.0000,1.0280,1.0000,0.0000,-0.0000,0.0000,0.0000,-0.0000,0.0000,0.0000,0.0003,-0.0000,0.0000,-0.0000,0.0000,0.0000,0.0003,-0.0000,-0.0000,0.0000,-0.0000,-0.0000,0.0000,0.0000,0.0000,-0.0000,0.0000,0.0000,0.0000,0.0000,0.0000,0.0000,0.0000,0.0002,0.0000,-0.0127,0.0000,-0.0001,0.0004,0.0005,-0.0162,0.0007,0.0124,0.1421,-0.0144,0.0017,-0.0156,0.0008,0.0120,0.1421,-0.0143,-0.0003,0.0038,-0.0004,-0.0002,0.0118,0.0001,0.0013,-0.0000,0.0039,0.0002,0.0002,0.0118,0.0001,0.0001,0.0000,-1.0000,-1.0000,-1.0000,-1.0000,-1.0000,-1.0000,-1.0000,-1.0000,-1.0000,-1.0000,-1.0000,-1.0000,-1.0000,-1.0000,-1.0000,-1.0000,-1.0000,-1.0000,-1.0000,-1.0000,-1.0000,-1.0000,-1.0000,-1.0000,-1.0000,-1.0000,-1.0000,-1.0000,-1.0000,-1.0000,-1.0000,-1.0000,-1.0000,-1.0000,-1.0000,-1.0000,-1.0000,-1.0000,-1.0000,-1.0000,-1.0000,-1.0000,-1.0000,-1.0000,-1.0000,-1.0000,-1.0000,-1.0000,-1.0000,-1.0000,-1.0000,-1.0000,-1.0000,-1.0000,-1.0000,-1.0000,-1.0000,-1.0000,-1.0000,-1.0000,-1.0000,-1.0000,-1.0000,-1.0000,-1.0000,-1.0000,-1.0000,-1.0000,-1.0000,-1.0000,-1.0000,-1.0000,-1.0000,-1.0000,-1.0000,-1.0000,-1.0000,0.9577,-1.0000,-1.0000,0.9615,-1.0000,0.9633,0.9598,0.9798,-1.0000,-1.0000,-1.0000,-1.0000,-1.0000,-1.0000,-1.0000,-1.0000,-1.0000,-1.0000,-1.0000,-1.0000,-1.0000,-1.0000,-1.0000,-1.0000,-1.0000,-1.0000,-1.0000,-1.0000,-1.0000,-1.0000,-1.0000,-1.0000,-1.0000,-1.0000,-1.0000,-1.0000,-1.0000,-1.0000,-1.0000,-1.0000,-1.0000,-1.0000,-1.0000,-1.0000,1.2750,1.2070,1.2860,1.3096,1.2434,1.2564,1.1278,0.9790,1.0424,1.1620,0.9672,1.1550,1.1846,1.0151,1.1342,1.2014,0.9998,1.0557,1.1048,1.0887,1.0729,1.0701,1.1508,1.1210,1.0733,1.0306,1.1219,1.0741,1.1180,1.0841,1.0929,1.0543,0.9577,1.0276,1.0155,0.9615,1.0607,0.9633,0.9598,0.9798,1.0557,1.1048,1.0887,1.0729,1.0701,1.1508,1.1210,1.0733,1.0306,1.1219,1.0741,1.1180,1.0841,1.0929,1.0543,0.9577,1.0276,1.0155,0.9615,1.0607,0.9633,0.9598,0.9798,0,0.9577,1.7176,0.0366,2.0882
2,0.0040,-0.9926,0.1350,2.1613,1.7176,0.0366,2.0686,0.1289,0.1900,0.0000,1.0279,1.0000,0.0000,0.0000,0.0000,0.0000,-0.0001,0.0000,0.0000,0.0004,-0.0002,0.0000,-0.0001,0.0000,0.0000,0.0004,-0.0002,-0.0000,0.0000,-0.0000,-0.0000,0.0001,0.0000,0.0000,-0.0000,0.0000,0.0000,0.0000,0.0001,0.0000,0.0000,0.0000,0.0004,0.0002,-0.0177,0.0003,0.0028,0.0006,0.0008,-0.0128,0.0030,0.0072,0.0815,-0.0784,0.0021,-0.0120,0.0030,0.0066,0.0811,-0.0785,-0.0004,0.0122,-0.0014,-0.0007,0.0350,0.0002,0.0029,-0.0000,0.0124,0.0005,0.0005,0.0347,0.0002,0.0007,0.0000,-1.0000,-1.0000,-1.0000,-1.0000,-1.0000,-1.0000,-1.0000,-1.0000,-1.0000,-1.0000,-1.0000,-1.0000,-1.0000,-1.0000,-1.0000,-1.0000,-1.0000,-1.0000,-1.0000,-1.0000,-1.0000,-1.0000,-1.0000,-1.0000,-1.0000,-1.0000,-1.0000,-1.0000,-1.0000,-1.0000,-1.0000,-1.0000,-1.0000,-1.0000,-1.0000,-1.0000,-1.0000,-1.0000,-1.0000,-1.0000,-1.0000,-1.0000,-1.0000,-1.0000,-1.0000,-1.0000,-1.0000,-1.0000,-1.0000,-1.0000,-1.0000,-1.0000,-1.0000,-1.0000,-1.0000,-1.0000,-1.0000,-1.0000,-1.0000,-1.0000,-1.0000,-1.0000,-1.0000,-1.0000,-1.0000,-1.0000,-1.0000,-1.0000,-1.0000,-1.0000,-1.0000,-1.0000,-1.0000,-1.0000,-1.0000,-1.0000,-1.0000,-1.0000,-1.0000,-1.0000,-1.0000,-1.0000,-1.0000,-1.0000,-1.0000,-1.0000,-1.0000,-1.0000,-1.0000,-1.0000,-1.0000,-1.0000,-1.0000,-1.0000,-1.0000,-1.0000,-1.0000,-1.0000,-1.0000,-1.0000,-1.0000,-1.0000,-1.0000,-1.0000,-1.0000,-1.0000,-1.0000,-1.0000,-1.0000,-1.0000,-1.0000,-1.0000,-1.0000,-1.0000,-1.0000,-1.0000,-1.0000,-1.0000,-1.0000,-1.0000,-1.0000,1.2996,1.3688,1.2885,1.2514,1.3371,1.3058,1.4490,1.5592,1.4684,1.3782,1.5796,1.3720,1.3383,1.5067,1.4350,1.3206,1.5221,1.4872,1.4223,1.4447,1.4648,1.4578,1.3983,1.4411,1.4592,1.5410,1.4534,1.5069,1.4648,1.4658,1.5082,1.5882,1.6530,1.5876,1.6247,1.6315,1.5671,1.6204,1.6684,1.6501,1.5266,1.4609,1.4858,1.5053,1.4903,1.4367,1.4896,1.4884,1.5780,1.4978,1.5506,1.5035,1.4950,1.5500,1.6316,1.6936,1.6308,1.6664,1.6697,1.6112,1.6542,1.7044,1.6903,0,1.0000,1.7176,0.0366,2.0882
2,0.0040,-0.9926,0.1350,2.1613,1.7176,0.0366,2.0686,0.1289,0.1900,0.0000,1.0279,1.0000,0.0000,0.0000,0.0000,0.0000,-0.0001,0.0000,0.0000,0.0004,-0.0002,0.0000,-0.0001,0.0000,0.0000,0.0004,-0.0002,-0.0000,0.0000,-0.0000,-0.0000,0.0001,0.0000,0.0000,-0.0000,0.0000,0.0000,0.0000,0.0001,0.0000,0.0000,0.0000,0.0004,0.0002,-0.0177,0.0003,0.0028,0.0006,0.0008,-0.0128,0.0030,0.0072,0.0815,-0.0784,0.0021,-0.0120,0.0030,0.0066,0.0811,-0.0785,-0.0004,0.0122,-0.0014,-0.0007,0.0350,0.0002,0.0029,-0.0000,0.0124,0.0005,0.0005,0.0347,0.0002,0.0007,0.0000,-1.0000,-1.0000,-1.0000,-1.0000,-1.0000,-1.0000,-1.0000,-1.0000,-1.0000,-1.0000,-1.0000,-1.0000,-1.0000,-1.0000,-1.0000,-1.0000,-1.0000,-1.0000,-1.0000,-1.0000,-1.0000,-1.0000,-1.0000,-1.0000,-1.0000,-1.0000,-1.0000,-1.0000,-1.0000,-1.0000,-1.0000,-1.0000,-1.0000,-1.0000,-1.0000,-1.0000,-1.0000,-1.0000,-1.0000,-1.0000,-1.0000,-1.0000,-1.0000,-1.0000,-1.0000,-1.0000,-1.0000,-1.0000,-1.0000,-1.0000,-1.0000,-1.0000,-1.0000,-1.0000,-1.0000,-1.0000,-1.0000,-1.0000,-1.0000,-1.0000,-1.0000,-1.0000,-1.0000,-1.0000,-1.0000,-1.0000,-1.0000,-1.0000,-1.0000,-1.0000,-1.0000,-1.0000,-1.0000,-1.0000,-1.0000,-1.0000,-1.0000,-1.0000,-1.0000,-1.0000,-1.0000,-1.0000,-1.0000,-1.0000,-1.0000,-1.0000,-1.0000,-1.0000,-1.0000,-1.0000,-1.0000,-1.0000,-1.0000,-1.0000,-1.0000,-1.0000,-1.0000,-1.0000,-1.0000,-1.0000,-1.0000,-1.0000,-1.0000,-1.0000,-1.0000,-1.0000,-1.0000,-1.0000,-1.0000,-1.0000,-1.0000,-1.0000,-1.0000,-1.0000,-1.0000,-1.0000,-1.0000,-1.0000,-1.0000,-1.0000,-1.0000,1.2996,1.3688,1.2885,1.2514,1.3371,1.3058,1.4490,1.5592,1.4684,1.3782,1.5796,1.3720,1.3383,1.5067,1.4350,1.3206,1.5221,1.4872,1.4223,1.4447,1.4648,1.4578,1.3983,1.4411,1.4592,1.5410,1.4534,1.5069,1.4648,1.4658,1.5082,1.5882,1.6530,1.5876,1.6247,1.6315,1.5671,1.6204,1.6684,1.6501,1.5266,1.4609,1.4858,1.5053,1.4903,1.4367,1.4896,1.4884,1.5780,1.4978,1.5506,1.5035,1.4950,1.5500,1.6316,1.6936,1.6308,1.6664,1.6697,1.6112,1.6542,1.7044,1.6903,0,1.0000,1.7176,0.0366,2.0882
3,0.0060,-0.9892,0.1351,2.1654,1.7176,0.0366,2.0490,0.1289,0.1900,0.0000,1.0279,1.0000,0.0000,0.0000,0.0000,0.0000,-0.0001,0.0000,0.0000,0.0005,-0.0005,0.0000,-0.0001,0.0000,0.0000,0.0005,-0.0005,-0.0000,0.0001,-0.0000,-0.0000,0.0002,0.0000,0.0000,-0.0000,0.0001,0.0000,0.0000,0.0002,0.0000,0.0000,0.0000,0.0006,0.0005,-0.0221,0.0006,0.0058,0.0008,0.0010,-0.0102,0.0053,0.0025,0.0271,-0.1431,0.0025,-0.0091,0.0053,0.0017,0.0263,-0.1436,-0.0006,0.0211,-0.0026,-0.0012,0.0583,0.0003,0.0046,-0.0000,0.0212,0.0008,0.0008,0.0578,0.0003,0.0013,0.0000,-1.0000,-1.0000,-1.0000,-1.0000,-1.0000,-1.0000,-1.0000,-1.0000,-1.0000,-1.0000,-1.0000,-1.0000,-1.0000,-1.0000,-1.0000,-1.0000,-1.0000,-1.0000,-1.0000,-1.0000,-1.0000,-1.0000,-1.0000,-1.0000,-1.0000,-1.0000,-1.0000,-1.0000,-1.0000,-1.0000,-1.0000,-1.0000,-1.0000,-1.0000,-1.0000,-1.0000,-1.0000,-1.0000,-1.0000,-1.0000,-1.0000,-1.0000,-1.0000,-1.0000,-1.0000,-1.0000,-1.0000,-1.0000,-1.0000,-1.0000,-1.0000,-1.0000,-1.0000,-1.0000,-1.0000,-1.0000,-1.0000,-1.0000,-1.0000,-1.0000,-1.0000,-1.0000,-1.0000,-1.0000,-1.0000,-1.0000,-1.0000,-1.0000,-1.0000,-1.0000,-1.0000,-1.0000,-1.0000,-1.0000,-1.0000,-1.0000,-1.0000,-1.0000,-1.0000,-1.0000,-1.0000,-1.0000,-1.0000,-1.0000,-1.0000,-1.0000,-1.0000,-1.0000,-1.0000,-1.0000,-1.0000,-1.0000,-1.0000,-1.0000,-1.0000,-1.0000,-1.0000,-1.0000,-1.0000,-1.0000,-1.0000,-1.0000,-1.0000,-1.0000,-1.0000,-1.0000,-1.0000,-1.0000,-1.0000,-1.0000,-1.0000,-1.0000,-1.0000,-1.0000,-1.0000,-1.0000,-1.0000,-1.0000,-1.0000,-1.0000,-1.0000,1.2975,1.3668,1.2864,1.2494,1.3350,1.3038,1.4491,1.5589,1.4675,1.3780,1.5793,1.3710,1.3378,1.5060,1.4350,1.3199,1.5215,1.4866,1.4213,1.4439,1.4641,1.4572,1.3980,1.4406,1.4587,1.5407,1.4532,1.5067,1.4647,1.4656,1.5082,1.5883,1.6529,1.5876,1.6248,1.6313,1.5672,1.6203,1.6685,1.6502,1.5260,1.4599,1.4850,1.5047,1.4897,1.4364,1.4892,1.4879,1.5779,1.4977,1.5505,1.5035,1.4948,1.5501,1.6318,1.6936,1.6309,1.6666,1.6696,1.6113,1.6541,1.7045,1.6904,0,1.0000,1.7176,0.0366,2.0882
4,0.0080,-0.9857,0.1351,2.1694,1.7176,0.0366,2.0294,0.1289,0.1900,0.0000,1.0278,1.0000,0.0000,0.0000,0.0000,0.0000,-0.0001,0.0000,0.0000,0.0005,-0.0009,0.0000,-0.0001,0.0000,0.0000,0.0005,-0.0009,-0.0000,0.0001,-0.0000,-0.0000,0.0004,0.0000,0.0000,-0.0000,0.0001,0.0000,0.0000,0.0004,0.0000,0.0000,0.0000,0.0007,0.0007,-0.0258,0.0009,0.0090,0.0010,0.0013,-0.0083,0.0078,-0.0019,-0.0215,-0.2081,0.0029,-0.0069,0.0077,-0.0028,-0.0228,-0.2093,-0.0007,0.0303,-0.0037,-0.0018,0.0816,0.0005,0.0064,-0.0000,0.0304,0.0010,0.0011,0.0810,0.0005,0.0019,0.0000,-1.0000,-1.0000,-1.0000,-1.0000,-1.0000,-1.0000,-1.0000,-1.0000,-1.0000,-1.0000,-1.0000,-1.0000,-1.0000,-1.0000,-1.0000,-1.0000,-1.0000,-1.0000,-1.0000,-1.0000,-1.0000,-1.0000,-1.0000,-1.0000,-1.0000,-1.0000,-1.0000,-1.0000,-1.0000,-1.0000,-1.0000,-1.0000,-1.0000,-1.0000,-1.0000,-1.0000,-1.0000,-1.0000,-1.0000,-1.0000,-1.0000,-1.0000,-1.0000,-1.0000,-1.0000,-1.0000,-1.0000,-1.0000,-1.0000,-1.0000,-1.0000,-1.0000,-1.0000,-1.0000,-1.0000,-1.0000,-1.0000,-1.0000,-1.0000,-1.0000,-1.0000,-1.0000,-1.0000,-1.0000,-1.0000,-1.0000,-1.0000,-1.0000,-1.0000,-1.0000,-1.0000,-1.0000,-1.0000,-1.0000,-1.0000,-1.0000,-1.0000,-1.0000,-1.0000,-1.0000,-1.0000,-1.0000,-1.0000,-1.0000,-1.0000,-1.0000,-1.0000,-1.0000,-1.0000,-1.0000,-1.0000,-1.0000,-1.0000,-1.0000,-1.0000,-1.0000,-1.0000,-1.0000,-1.0000,-1.0000,-1.0000,-1.0000,-1.0000,-1.0000,-1.0000,-1.0000,-1.0000,-1.0000,-1.0000,-1.0000,-1.0000,-1.0000,-1.0000,-1.0000,-1.0000,-1.0000,-1.0000,-1.0000,-1.0000,-1.0000,-1.0000,1.2954,1.3647,1.2844,1.2474,1.3330,1.3018,1.4492,1.5585,1.4666,1.3777,1.5791,1.3700,1.3373,1.5054,1.4350,1.3193,1.5210,1.4860,1.4204,1.4431,1.4634,1.4565,1.3977,1.4402,1.4582,1.5405,1.4530,1.5065,1.4647,1.4653,1.5082,1.5885,1.6528,1.5876,1.6249,1.6312,1.5674,1.6201,1.6686,1.6502,1.5255,1.4590,1.4842,1.5040,1.4890,1.4361,1.4888,1.4875,1.5777,1.4975,1.5503,1.5035,1.4945,1.5501,1.6320,1.6935,1.6309,1.6667,1.6694,1.6115,1.6539,1.7046,1.6904,0,1.0000,1.7176,0.0366,2.0882
5,0.0100,-0.9823,0.1352,2.1734,1.7176,0.0366,2.0098,0.1289,0.1900,0.0000,1.0278,1.0000,0.0000,0.0000,0.0000,0.0000,-0.0001,0.0001,0.0000,0.0003,-0.0014,0.0000,-0.0001,0.0001,0.0000,0.0003,-0.0014,-0.0000,0.0002,-0.0000,-0.0000,0.0006,0.0000,0.0000,-0.0000,0.0002,0.0000,0.0000,0.0006,0.0000,0.0000,0.0000,0.0009,0.0010,-0.0288,0.0012,0.0124,0.0012,0.0016,-0.0070,0.0102,-0.0059,-0.0648,-0.2734,0.0033,-0.0054,0.0101,-0.0070,-0.0666,-0.2753,-0.0009,0.0399,-0.0050,-0.0023,0.1049,0.0006,0.0081,-0.0001,0.0400,0.0012,0.0014,0.1041,0.0006,0.0027,0.0000,-1.0000,-1.0000,-1.0000,-1.0000,-1.0000,-1.0000,-1.0000,-1.0000,-1.0000,-1.0000,-1.0000,-1.0000,-1.0000,-1.0000,-1.0000,-1.0000,-1.0000,-1.0000,-1.0000,-1.0000,-1.0000,-1.0000,-1.0000,-1.0000,-1.0000,-1.0000,-1.0000,-1.0000,-1.0000,-1.0000,-1.0000,-1.0000,-1.0000,-1.0000,-1.0000,-1.0000,-1.0000,-1.0000,-1.0000,-1.0000,-1.0000,-1.0000,-1.0000,-1.0000,-1.0000,-1.0000,-1.0000,-1.0000,-1.0000,-1.0000,-1.0000,-1.0000,-1.0000,-1.0000,-1.0000,-1.0000,-1.0000,-1.0000,-1.0000,-1.0000,-1.0000,-1.0000,-1.0000,-1.0000,-1.0000,-1.0000,-1.0000,-1.0000,-1.0000,-1.0000,-1.0000,-1.0000,-1.0000,-1.0000,-1.0000,-1.0000,-1.0000,-1.0000,-1.0000,-1.0000,-1.0000,-1.0000,-1.0000,-1.0000,-1.0000,-1.0000,-1.0000,-1.0000,-1.0000,-1.0000,-1.0000,-1.0000,-1.0000,-1.0000,-1.0000,-1.0000,-1.0000,-1.0000,-1.0000,-1.0000,-1.0000,-1.0000,-1.0000,-1.0000,-1.0000,-1.0000,-1.0000,-1.0000,-1.0000,-1.0000,-1.0000,-1.0000,-1.0000,-1.0000,-1.0000,-1.0000,-1.0000,-1.0000,-1.0000,-1.0000,-1.0000,1.2933,1.3627,1.2824,1.2454,1.3309,1.2998,1.4493,1.5581,1.4658,1.3774,1.5788,1.3690,1.3369,1.5047,1.4350,1.3188,1.5204,1.4855,1.4194,1.4422,1.4627,1.4559,1.3973,1.4398,1.4577,1.5403,1.4528,1.5063,1.4647,1.4650,1.5083,1.5887,1.6527,1.5876,1.6250,1.6310,1.5675,1.6200,1.6686,1.6502,1.5250,1.4581,1.4834,1.5034,1.4884,1.4358,1.4885,1.4870,1.5775,1.4974,1.5502,1.5035,1.4943,1.5502,1.6322,1.6934,1.6309,1.6669,1.6693,1.6116,1.6538,1.7047,1.6905,0,1.0000,1.7176,0.0366,2.0882
5,0.0100,-0.9823,0.1352,2.1734,1.7176,0.0366,2.0098,0.1289,0.1900,0.0000,1.0278,1.0000,0.0000,0.0000,0.0000,0.0000,-0.0001,0.0001,0.0000,0.0003,-0.0014,0.0000,-0.0001,0.0001,0.0000,0.0003,-0.0014,-0.0000,0.0002,-0.0000,-0.0000,0.0006,0.0000,0.0000,-0.0000,0.0002,0.0000,0.0000,0.0006,0.0000,0.0000,0.0000,0.0009,0.0010,-0.0288,0.0012,0.0124,0.0012,0.0016,-0.0070,0.0102,-0.0059,-0.0648,-0.2734,0.0033,-0.0054,0.0101,-0.0070,-0.0666,-0.2753,-0.0009,0.0399,-0.0050,-0.0023,0.1049,0.0006,0.0081,-0.0001,0.0400,0.0012,0.0014,0.1041,0.0006,0.0027,0.0000,-1.0000,-1.0000,-1.0000,-1.0000,-1.0000,-1.0000,-1.0000,-1.0000,-1.0000,-1.0000,-1.0000,-1.0000,-1.0000,-1.0000,-1.0000,-1.0000,-1.0000,-1.0000,-1.0000,-1.0000,-1.0000,-1.0000,-1.0000,-1.0000,-1.0000,-1.0000,-1.0000,-1.0000,-1.0000,-1.0000,-1.0000,-1.0000,-1.0000,-1.0000,-1.0000,-1.0000,-1.0000,-1.0000,-1.0000,-1.0000,-1.0000,-1.0000,-1.0000,-1.0000,-1.0000,-1.0000,-1.0000,-1.0000,-1.0000,-1.0000,-1.0000,-1.0000,-1.0000,-1.0000,-1.0000,-1.0000,-1.0000,-1.0000,-1.0000,-1.0000,-1.0000,-1.0000,-1.0000,-1.0000,-1.0000,-1.0000,-1.0000,-1.0000,-1.0000,-1.0000,-1.0000,-1.0000,-1.0000,-1.0000,-1.0000,-1.0000,-1.0000,-1.0000,-1.0000,-1.0000,-1.0000,-1.0000,-1.0000,-1.0000,-1.0000,-1.0000,-1.0000,-1.0000,-1.0000,-1.0000,-1.0000,-1.0000,-1.0000,-1.0000,-1.0000,-1.0000,-1.0000,-1.0000,-1.0000,-1.0000,-1.0000,-1.0000,-1.0000,-1.0000,-1.0000,-1.0000,-1.0000,-1.0000,-1.0000,-1.0000,-1.0000,-1.0000,-1.0000,-1.0000,-1.0000,-1.0000,-1.0000,-1.0000,-1.0000,-1.0000,-1.0000,1.2933,1.3627,1.2824,1.2454,1.3309,1.2998,1.4493,1.5581,1.4658,1.3774,1.5788,1.3690,1.3369,1.5047,1.4350,1.3188,1.5204,1.4855,1.4194,1.4422,1.4627,1.4559,1.3973,1.4398,1.4577,1.5403,1.4528,1.5063,1.4647,1.4650,1.5083,1.5887,1.6527,1.5876,1.6250,1.6310,1.5675,1.6200,1.6686,1.6502,1.5250,1.4581,1.4834,1.5034,1.4884,1.4358,1.4885,1.4870,1.5775,1.4974,1.5502,1.5035,1.4943,1.5502,1.6322,1.6934,1.6309,1.6669,1.6693,1.6116,1.6538,1.7047,1.6905,0,1.0000,1.7176,0.0366,2.0882
6,0.0120,-0.9789,0.1353,2.1774,1.7176,0.0366,1.9901,0.1289,0.1900,0.0000,1.0277,1.0000,0.0000,0.0000,0.0000,0.0000,-0.0001,0.0001,0.0000,0.0001,-0.0020,0.0000,-0.0001,0.0001,0.0000,0.0001,-0.0020,-0.0000,0.0003,-0.0000,-0.0000,0.0008,0.0000,0.0001,-0.0000,0.0003,0.0000,0.0000,0.0008,0.0000,0.0000,0.0000,0.0011,0.0011,-0.0296,0.0011,0.0162,0.0012,0.0013,-0.0068,0.0111,-0.0094,-0.1002,-0.2914,0.0032,-0.0053,0.0110,-0.0104,-0.1020,-0.2930,-0.0008,0.0506,-0.0061,-0.0028,0.1305,0.0008,0.0100,-0.0001,0.0509,0.0018,0.0019,0.1298,0.0008,0.0035,0.0000,-1.0000,-1.0000,-1.0000,-1.0000,-1.0000,-1.0000,-1.0000,-1.0000,-1.0000,-1.0000,-1.0000,-1.0000,-1.0000,-1.0000,-1.0000,-1.0000,-1.0000,-1.0000,-1.0000,-1.0000,-1.0000,-1.0000,-1.0000,-1.0000,-1.0000,-1.0000,-1.0000,-1.0000,-1.0000,-1.0000,-1.0000,-1.0000,-1.0000,-1.0000,-1.0000,-1.0000,-1.0000,-1.0000,-1.0000,-1.0000,-1.0000,-1.0000,-1.0000,-1.0000,-1.0000,-1.0000,-1.0000,-1.0000,-1.0000,-1.0000,-1.0000,-1.0000,-1.0000,-1.0000,-1.0000,-1.0000,-1.0000,-1.0000,-1.0000,-1.0000,-1.0000,-1.0000,-1.0000,-1.0000,-1.0000,-1.0000,-1.0000,-1.0000,-1.0000,-1.0000,-1.0000,-1.0000,-1.0000,-1.0000,-1.0000,-1.0000,-1.0000,-1.0000,-1.0000,-1.0000,-1.0000,-1.0000,-1.0000,-1.0000,-1.0000,-1.0000,-1.0000,-1.0000,-1.0000,-1.0000,-1.0000,-1.0000,-1.0000,-1.0000,-1.0000,-1.0000,-1.0000,-1.0000,-1.0000,-1.0000,-1.0000,-1.0000,-1.0000,-1.0000,-1.0000,-1.0000,-1.0000,-1.0000,-1.0000,-1.0000,-1.0000,-1.0000,-1.0000,-1.0000,-1.0000,-1.0000,-1.0000,-1.0000,-1.0000,-1.0000,-1.0000,1.2913,1.3607,1.2804,1.2434,1.3289,1.2979,1.4494,1.5577,1.4649,1.3772,1.5785,1.3680,1.3364,1.5040,1.4350,1.3182,1.5199,1.4849,1.4185,1.4414,1.4620,1.4552,1.3970,1.4394,1.4572,1.5401,1.4526,1.5061,1.4646,1.4648,1.5083,1.5888,1.6526,1.5876,1.6252,1.6309,1.5675,1.6198,1.6687,1.6503,1.5244,1.4572,1.4827,1.5028,1.4878,1.4355,1.4881,1.4865,1.5773,1.4972,1.5500,1.5034,1.4940,1.5502,1.6324,1.6934,1.6309,1.6670,1.6692,1.6117,1.6537,1.7048,1.6906,0,1.0000,1.7176,0.0366,2.0882
6,0.0120,-0.9789,0.1353,2.1774,1.7176,0.0366,1.9901,0.1289,0.1900,0.0000,1.0277,1.0000,0.0000,0.0000,0.0000,0.0000,-0.0001,0.0001,0.0000,0.0001,-0.0020,0.0000,-0.0001,0.0001,0.0000,0.0001,-0.0020,-0.0000,0.0003,-0.0000,-0.0000,0.0008,0.0000,0.0001,-0.0000,0.0003,0.0000,0.0000,0.0008,0.0000,0.0000,0.0000,0.0011,0.0011,-0.0296,0.0011,0.0162,0.0012,0.0013,-0.0068,0.0111,-0.0094,-0.1002,-0.2914,0.0032,-0.0053,0.0110,-0.0104,-0.1020,-0.2930,-0.0008,0.0506,-0.0061,-0.0028,0.1305,0.0008,0.0100,-0.0001,0.0509,0.0018,0.0019,0.1298,0.0008,0.0035,0.0000,-1.0000,-1.0000,-1.0000,-1.0000,-1.0000,-1.0000,-1.0000,-1.0000,-1.0000,-1.0000,-1.0000,-1.0000,-1.0000,-1.0000,-1.0000,-1.0000,-1.0000,-1.0000,-1.0000,-1.0000,-1.0000,-1.0000,-1.0000,-1.0000,-1.0000,-1.0000,-1.0000,-1.0000,-1.0000,-1.0000,-1.0000,-1.0000,-1.0000,-1.0000,-1.0000,-1.0000,-1.0000,-1.0000,-1.0000,-1.0000,-1.0000,-1.0000,-1.0000,-1.0000,-1.0000,-1.0000,-1.0000,-1.0000,-1.0000,-1.0000,-1.0000,-1.0000,-1.0000,-1.0000,-1.0000,-1.0000,-1.0000,-1.0000,-1.0000,-1.0000,-1.0000,-1.0000,-1.0000,-1.0000,-1.0000,-1.0000,-1.0000,-1.0000,-1.0000,-1.0000,-1.0000,-1.0000,-1.0000,-1.0000,-1.0000,-1.0000,-1.0000,-1.0000,-1.0000,-1.0000,-1.0000,-1.0000,-1.0000,-1.0000,-1.0000,-1.0000,-1.0000,-1.0000,-1.0000,-1.0000,-1.0000,-1.0000,-1.0000,-1.0000,-1.0000,-1.0000,-1.0000,-1.0000,-1.0000,-1.0000,-1.0000,-1.0000,-1.0000,-1.0000,-1.0000,-1.0000,-1.0000,-1.0000,-1.0000,-1.0000,-1.0000,-1.0000,-1.0000,-1.0000,-1.0000,-1.0000,-1.0000,-1.0000,-1.0000,-1.0000,-1.0000,1.2913,1.3607,1.2804,1.2434,1.3289,1.2979,1.4494,1.5577,1.4649,1.3772,1.5785,1.3680,1.3364,1.5040,1.4350,1.3182,1.5199,1.4849,1.4185,1.4414,1.4620,1.4552,1.3970,1.4394,1.4572,1.5401,1.4526,1.5061,1.4646,1.4648,1.5083,1.5888,1.6526,1.5876,1.6252,1.6309,1.5675,1.6198,1.6687,1.6503,1.5244,1.4572,1.4827,1.5028,1.4878,1.4355,1.4881,1.4865,1.5773,1.4972,1.5500,1.5034,1.4940,1.5502,1.6324,1.6934,1.6309,1.6670,1.6692,1.6117,1.6537,1.7048,1.6906,0,1.0000,1.7176,0.0366,2.0882
7,0.0140,-0.9754,0.1354,2.1814,1.7176,0.0366,1.9705,0.1289,0.1900,0.0000,1.0277,1.0000,0.0000,0.0001,0.0000,0.0000,-0.0001,0.0001,-0.0000,-0.0000,-0.0024,0.0000,-0.0001,0.0001,-0.0000,-0.0000,-0.0024,-0.0000,0.0004,-0.0001,-0.0000,0.0012,0.0000,0.0001,-0.0000,0.0004,0.0000,0.0000,0.0012,0.0000,0.0000,0.0000,0.0013,0.0009,-0.0269,0.0006,0.0201,0.0012,0.0006,-0.0135,0.0076,-0.0079,-0.0753,-0.1957,0.0026,-0.0122,0.0075,-0.0087,-0.0768,-0.1971,-0.0006,0.0633,-0.0067,-0.0033,0.1608,0.0010,0.0122,-0.0001,0.0638,0.0031,0.0025,0.1604,0.0010,0.0047,0.0001,-1.0000,-1.0000,-1.0000,-1.0000,-1.0000,-1.0000,-1.0000,-1.0000,-1.0000,-1.0000,-1.0000,-1.0000,-1.0000,-1.0000,-1.0000,-1.0000,-1.0000,-1.0000,-1.0000,-1.0000,-1.0000,-1.0000,-1.0000,-1.0000,-1.0000,-1.0000,-1.0000,-1.0000,-1.0000,-1.0000,-1.0000,-1.0000,-1.0000,-1.0000,-1.0000,-1.0000,-1.0000,-1.0000,-1.0000,-1.0000,-1.0000,-1.0000,-1.0000,-1.0000,-1.0000,-1.0000,-1.0000,-1.0000,-1.0000,-1.0000,-1.0000,-1.0000,-1.0000,-1.0000,-1.0000,-1.0000,-1.0000,-1.0000,-1.0000,-1.0000,-1.0000,-1.0000,-1.0000,-1.0000,-1.0000,-1.0000,-1.0000,-1.0000,-1.0000,-1.0000,-1.0000,-1.0000,-1.0000,-1.0000,-1.0000,-1.0000,-1.0000,-1.0000,-1.0000,-1.0000,-1.0000,-1.0000,-1.0000,-1.0000,-1.0000,-1.0000,-1.0000,-1.0000,-1.0000,-1.0000,-1.0000,-1.0000,-1.0000,-1.0000,-1.0000,-1.0000,-1.0000,-1.0000,-1.0000,-1.0000,-1.0000,-1.0000,-1.0000,-1.0000,-1.0000,-1.0000,-1.0000,-1.0000,-1.0000,-1.0000,-1.0000,-1.0000,-1.0000,-1.0000,-1.0000,-1.0000,-1.0000,-1.0000,-1.0000,-1.0000,-1.0000,1.2892,1.3587,1.2784,1.2415,1.3269,1.2959,1.4495,1.5573,1.4641,1.3769,1.5783,1.3670,1.3360,1.5034,1.4350,1.3176,1.5193,1.4844,1.4175,1.4406,1.4613,1.4546,1.3967,1.4389,1.4567,1.5398,1.4524,1.5059,1.4645,1.4645,1.5083,1.5890,1.6525,1.5875,1.6253,1.6307,1.5676,1.6196,1.6687,1.6503,1.5239,1.4563,1.4819,1.5021,1.4872,1.4351,1.4877,1.4860,1.5771,1.4970,1.5498,1.5034,1.4938,1.5502,1.6326,1.6933,1.6309,1.6671,1.6690,1.6118,1.6535,1.7048,1.6906,0,1.0000,1.7176,0.0366,2.0882
8,0.0160,-0.9720,0.1354,2.1853,1.7176,0.0366,1.9509,0.1289,0.1900,0.0000,1.0276,1.0000,0.0000,0.0001,0.0000,0.0000,-0.0002,0.0001,-0.0000,-0.0001,-0.0026,0.0000,-0.0002,0.0001,-0.0000,-0.0001,-0.0026,-0.0000,0.0006,-0.0001,-0.0000,0.0015,0.0000,0.0001,-0.0000,0.0006,0.0000,0.0000,0.0015,0.0000,0.0000,0.0000,0.0016,0.0007,-0.0241,0.0001,0.0240,0.0011,0.0001,-0.0198,0.0044,-0.0067,-0.0528,-0.1107,0.0021,-0.0188,0.0043,-0.0072,-0.0541,-0.1121,-0.0004,0.0759,-0.0072,-0.0038,0.1895,0.0012,0.0143,-0.0001,0.0767,0.0044,0.0031,0.1894,0.0012,0.0059,0.0001,-1.0000,-1.0000,-1.0000,-1.0000,-1.0000,-1.0000,-1.0000,-1.0000,-1.0000,-1.0000,-1.0000,-1.0000,-1.0000,-1.0000,-1.0000,-1.0000,-1.0000,-1.0000,-1.0000,-1.0000,-1.0000,-1.0000,-1.0000,-1.0000,-1.0000,-1.0000,-1.0000,-1.0000,-1.0000,-1.0000,-1.0000,-1.0000,-1.0000,-1.0000,-1.0000,-1.0000,-1.0000,-1.0000,-1.0000,-1.0000,-1.0000,-1.0000,-1.0000,-1.0000,-1.0000,-1.0000,-1.0000,-1.0000,-1.0000,-1.0000,-1.0000,-1.0000,-1.0000,-1.0000,-1.0000,-1.0000,-1.0000,-1.0000,-1.0000,-1.0000,-1.0000,-1.0000,-1.0000,-1.0000,-1.0000,-1.0000,-1.0000,-1.0000,-1.0000,-1.0000,-1.0000,-1.0000,-1.0000,-1.0000,-1.0000,-1.0000,-1.0000,-1.0000,-1.0000,-1.0000,-1.0000,-1.0000,-1.0000,-1.0000,-1.0000,-1.0000,-1.0000,-1.0000,-1.0000,-1.0000,-1.0000,-1.0000,-1.0000,-1.0000,-1.0000,-1.0000,-1.0000,-1.0000,-1.0000,-1.0000,-1.0000,-1.0000,-1.0000,-1.0000,-1.0000,-1.0000,-1.0000,-1.0000,-1.0000,-1.0000,-1.0000,-1.0000,-1.0000,-1.0000,-1.0000,-1.0000,-1.0000,-1.0000,-1.0000,-1.0000,-1.0000,1.2872,1.3567,1.2764,1.2395,1.3249,1.2940,1.4496,1.5569,1.4632,1.3767,1.5780,1.3661,1.3355,1.5027,1.4350,1.3170,1.5188,1.4838,1.4166,1.4398,1.4606,1.4539,1.3963,1.4385,1.4562,1.5396,1.4522,1.5057,1.4645,1.4642,1.5082,1.5891,1.6524,1.5875,1.6253,1.6306,1.5677,1.6195,1.6688,1.6503,1.5234,1.4554,1.4812,1.5015,1.4866,1.4348,1.4873,1.4856,1.5768,1.4969,1.5496,1.5033,1.4935,1.5502,1.6327,1.6932,1.6309,1.6673,1.6689,1.6119,1.6534,1.7049,1.6907,0,1.0000,1.7176,0.0366,2.0882
8,0.0160,-0.9720,0.1354,2.1853,1.7176,0.0366,1.9509,0.1289,0.1900,0.0000,1.0276,1.0000,0.0000,0.0001,0.0000,0.0000,-0.0002,0.0001,-0.0000,-0.0001,-0.0026,0.0000,-0.0002,0.0001,-0.0000,-0.0001,-0.0026,-0.0000,0.0006,-0.0001,-0.0000,0.0015,0.0000,0.0001,-0.0000,0.0006,0.0000,0.0000,0.0015,0.0000,0.0000,0.0000,0.0016,0.0007,-0.0241,0.0001,0.0240,0.0011,0.0001,-0.0198,0.0044,-0.0067,-0.0528,-0.1107,0.0021,-0.0188,0.0043,-0.0072,-0.0541,-0.1121,-0.0004,0.0759,-0.0072,-0.0038,0.1895,0.0012,0.0143,-0.0001,0.0767,0.0044,0.0031,0.1894,0.0012,0.0059,0.0001,-1.0000,-1.0000,-1.0000,-1.0000,-1.0000,-1.0000,-1.0000,-1.0000,-1.0000,-1.0000,-1.0000,-1.0000,-1.0000,-1.0000,-1.0000,-1.0000,-1.0000,-1.0000,-1.0000,-1.0000,-1.0000,-1.0000,-1.0000,-1.0000,-1.0000,-1.0000,-1.0000,-1.0000,-1.0000,-1.0000,-1.0000,-1.0000,-1.0000,-1.0000,-1.0000,-1.0000,-1.0000,-1.0000,-1.0000,-1.0000,-1.0000,-1.0000,-1.0000,-1.0000,-1.0000,-1.0000,-1.0000,-1.0000,-1.0000,-1.0000,-1.0000,-1.0000,-1.0000,-1.0000,-1.0000,-1.0000,-1.0000,-1.0000,-1.0000,-1.0000,-1.0000,-1.0000,-1.0000,-1.0000,-1.0000,-1.0000,-1.0000,-1.0000,-1.0000,-1.0000,-1.0000,-1.0000,-1.0000,-1.0000,-1.0000,-1.0000,-1.0000,-1.0000,-1.0000,-1.0000,-1.0000,-1.0000,-1.0000,-1.0000,-1.0000,-1.0000,-1.0000,-1.0000,-1.0000,-1.0000,-1.0000,-1.0000,-1.0000,-1.0000,-1.0000,-1.0000,-1.0000,-1.0000,-1.0000,-1.0000,-1.0000,-1.0000,-1.0000,-1.0000,-1.0000,-1.0000,-1.0000,-1.0000,-1.0000,-1.0000,-1.0000,-1.0000,-1.0000,-1.0000,-1.0000,-1.0000,-1.0000,-1.0000,-1.0000,-1.0000,-1.0000,1.2872,1.3567,1.2764,1.2395,1.3249,1.2940,1.4496,1.5569,1.4632,1.3767,1.5780,1.3661,1.3355,1.5027,1.4350,1.3170,1.5188,1.4838,1.4166,1.4398,1.4606,1.4539,1.3963,1.4385,1.4562,1.5396,1.4522,1.5057,1.4645,1.4642,1.5082,1.5891,1.6524,1.5875,1.6253,1.6306,1.5677,1.6195,1.6688,1.6503,1.5234,1.4554,1.4812,1.5015,1.4866,1.4348,1.4873,1.4856,1.5768,1.4969,1.5496,1.5033,1.4935,1.5502,1.6327,1.6932,1.6309,1.6673,1.6689,1.6119,1.6534,1.7049,1.6907,0,1.0000,1.7176,0.0366,2.0882
9,0.0180,-0.9686,0.1355,2.1891,1.7176,0.0366,1.9313,0.1289,0.1900,0.0000,1.0276,1.0000,0.0000,0.0001,0.0000,0.0000,-0.0002,0.0001,-0.0000,-0.0002,-0.0027,0.0000,-0.0002,0.0001,-0.0000,-0.0002,-0.0027,-0.0000,0.0008,-0.0001,-0.0000,0.0020,0.0000,0.0002,-0.0000,0.0008,0.0000,0.0000,0.0020,0.0000,0.0001,0.0000,0.0019,0.0005,-0.0214,-0.0002,0.0278,0.0011,-0.0003,-0.0258,0.0015,-0.0058,-0.0330,-0.0374,0.0018,-0.0250,0.0014,-0.0061,-0.0341,-0.0389,-0.0002,0.0885,-0.0078,-0.0043,0.2165,0.0014,0.0164,-0.0001,0.0895,0.0057,0.0036,0.2167,0.0014,0.0071,0.0001,-1.0000,-1.0000,-1.0000,-1.0000,-1.0000,-1.0000,-1.0000,-1.0000,-1.0000,-1.0000,-1.0000,-1.0000,-1.0000,-1.0000,-1.0000,-1.0000,-1.0000,-1.0000,-1.0000,-1.0000,-1.0000,-1.0000,-1.0000,-1.0000,-1.0000,-1.0000,-1.0000,-1.0000,-1.0000,-1.0000,-1.0000,-1.0000,-1.0000,-1.0000,-1.0000,-1.0000,-1.0000,-1.0000,-1.0000,-1.0000,-1.0000,-1.0000,-1.0000,-1.0000,-1.0000,-1.0000,-1.0000,-1.0000,-1.0000,-1.0000,-1.0000,-1.0000,-1.0000,-1.0000,-1.0000,-1.0000,-1.0000,-1.0000,-1.0000,-1.0000,-1.0000,-1.0000,-1.0000,-1.0000,-1.0000,-1.0000,-1.0000,-1.0000,-1.0000,-1.0000,-1.0000,-1.0000,-1.0000,-1.0000,-1.0000,-1.0000,-1.0000,-1.0000,-1.0000,-1.0000,-1.0000,-1.0000,-1.0000,-1.0000,-1.0000,-1.0000,-1.0000,-1.0000,-1.0000,-1.0000,-1.0000,-1.0000,-1.0000,-1.0000,-1.0000,-1.0000,-1.0000,-1.0000,-1.0000,-1.0000,-1.0000,-1.0000,-1.0000,-1.0000,-1.0000,-1.0000,-1.0000,-1.0000,-1.0000,-1.0000,-1.0000,-1.0000,-1.0000,-1.0000,-1.0000,-1.0000,-1.0000,-1.0000,-1.0000,-1.0000,-1.0000,1.2852,1.3547,1.2744,1.2376,1.3229,1.2920,1.4497,1.5565,1.4624,1.3764,1.5777,1.3651,1.3351,1.5020,1.4350,1.3164,1.5182,1.4832,1.4157,1.4390,1.4600,1.4533,1.3960,1.4381,1.4557,1.5394,1.4520,1.5055,1.4644,1.4639,1.5082,1.5892,1.6523,1.5875,1.6254,1.6304,1.5677,1.6193,1.6688,1.6503,1.5228,1.4545,1.4804,1.5008,1.4859,1.4345,1.4869,1.4851,1.5766,1.4967,1.5494,1.5033,1.4932,1.5502,1.6328,1.6931,1.6309,1.6673,1.6688,1.6119,1.6532,1.7049,1.6907,0,1.0000,1.7176,0.0366,2.0882
10,0.0200,-0.9651,0.1356,2.1929,1.7176,0.0366,1.9117,0.1289,0.1900,0.0000,1.0275,1.0000,0.0000,0.0001,0.0000,0.0000,-0.0003,0.0001,-0.0000,-0.0002,-0.0027,0.0000,-0.0003,0.0001,-0.0001,-0.0002,-0.0027,-0.0000,0.0010,-0.0001,-0.0001,0.0025,0.0000,0.0002,-0.0000,0.0010,0.0001,0.0000,0.0025,0.0000,0.0001,0.0000,0.0022,0.0004,-0.0188,-0.0005,0.0317,0.0011,-0.0007,-0.0315,-0.0009,-0.0051,-0.0157,0.0243,0.0014,-0.0309,-0.0010,-0.0053,-0.0167,0.0226,-0.0000,0.1010,-0.0083,-0.0047,0.2418,0.0016,0.0185,-0.0001,0.1022,0.0069,0.0042,0.2422,0.0016,0.0083,0.0001,-1.0000,-1.0000,-1.0000,-1.0000,-1.0000,-1.0000,-1.0000,-1.0000,-1.0000,-1.0000,-1.0000,-1.0000,-1.0000,-1.0000,-1.0000,-1.0000,-1.0000,-1.0000,-1.0000,-1.0000,-1.0000,-1.0000,-1.0000,-1.0000,-1.0000,-1.0000,-1.0000,-1.0000,-1.0000,-1.0000,-1.0000,-1.0000,-1.0000,-1.0000,-1.0000,-1.0000,-1.0000,-1.0000,-1.0000,-1.0000,-1.0000,-1.0000,-1.0000,-1.0000,-1.0000,-1.0000,-1.0000,-1.0000,-1.0000,-1.0000,-1.0000,-1.0000,-1.0000,-1.0000,-1.0000,-1.0000,-1.0000,-1.0000,-1.0000,-1.0000,-1.0000,-1.0000,-1.0000,-1.0000,-1.0000,-1.0000,-1.0000,-1.0000,-1.0000,-1.0000,-1.0000,-1.0000,-1.0000,-1.0000,-1.0000,-1.0000,-1.0000,-1.0000,-1.0000,-1.0000,-1.0000,-1.0000,-1.0000,-1.0000,-1.0000,-1.0000,-1.0000,-1.0000,-1.0000,-1.0000,-1.0000,-1.0000,-1.0000,-1.0000,-1.0000,-1.0000,-1.0000,-1.0000,-1.0000,-1.0000,-1.0000,-1.0000,-1.0000,-1.0000,-1.0000,-1.0000,-1.0000,-1.0000,-1.0000,-1.0000,-1.0000,-1.0000,-1.0000,-1.0000,-1.0000,-1.0000,-1.0000,-1.0000,-1.0000,-1.0000,-1.0000,1.2832,1.3528,1.2725,1.2357,1.3209,1.2901,1.4498,1.5561,1.4615,1.3761,1.5774,1.3641,1.3346,1.5014,1.4350,1.3158,1.5176,1.4826,1.4147,1.4382,1.4593,1.4526,1.3956,1.4376,1.4552,1.5391,1.4518,1.5053,1.4643,1.4636,1.5082,1.5893,1.6522,1.5874,1.6255,1.6302,1.5678,1.6191,1.6688,1.6503,1.5223,1.4536,1.4796,1.5002,1.4853,1.4342,1.4865,1.4846,1.5764,1.4965,1.5492,1.5032,1.4929,1.5502,1.6329,1.6930,1.6309,1.6674,1.6686,1.6120,1.6531,1.7049,1.6907,0,1.0000,1.7176,0.0366,2.0882
11,0.0220,-0.9617,0.1356,2.1967,1.7176,0.0366,1.8920,0.1289,0.1900,0.0000,1.0275,1.0000,0.0000,0.0002,0.0000,0.0000,-0.0004,0.0001,-0.0001,-0.0002,-0.0025,0.0000,-0.0004,0.0001,-0.0001,-0.0003,-0.0025,-0.0000,0.0012,-0.0001,-0.0001,0.0030,0.0000,0.0002,-0.0000,0.0012,0.0001,0.0000,0.0030,0.0000,0.0001,0.0000,0.0025,0.0002,-0.0164,-0.0008,0.0354,0.0011,-0.0009,-0.0369,-0.0030,-0.0047,-0.0008,0.0752,0.0012,-0.0364,-0.0031,-0.0048,-0.0017,0.0734,0.0001,0.1133,-0.0088,-0.0051,0.2654,0.0018,0.0207,-0.0001,0.1147,0.0081,0.0046,0.2659,0.0018,0.0096,0.0001,-1.0000,-1.0000,-1.0000,-1.0000,-1.0000,-1.0000,-1.0000,-1.0000,-1.0000,-1.0000,-1.0000,-1.0000,-1.0000,-1.0000,-1.0000,-1.0000,-1.0000,-1.0000,-1.0000,-1.0000,-1.0000,-1.0000,-1.0000,-1.0000,-1.0000,-1.0000,-1.0000,-1.0000,-1.0000,-1.0000,-1.0000,-1.0000,-1.0000,-1.0000,-1.0000,-1.0000,-1.0000,-1.0000,-1.0000,-1.0000,-1.0000,-1.0000,-1.0000,-1.0000,-1.0000,-1.0000,-1.0000,-1.0000,-1.0000,-1.0000,-1.0000,-1.0000,-1.0000,-1.0000,-1.0000,-1.0000,-1.0000,-1.0000,-1.0000,-1.0000,-1.0000,-1.0000,-1.0000,-1.0000,-1.0000,-1.0000,-1.0000,-1.0000,-1.0000,-1.0000,-1.0000,-1.0000,-1.0000,-1.0000,-1.0000,-1.0000,-1.0000,-1.0000,-1.0000,-1.0000,-1.0000,-1.0000,-1.0000,-1.0000,-1.0000,-1.0000,-1.0000,-1.0000,-1.0000,-1.0000,-1.0000,-1.0000,-1.0000,-1.0000,-1.0000,-1.0000,-1.0000,-1.0000,-1.0000,-1.0000,-1.0000,-1.0000,-1.0000,-1.0000,-1.0000,-1.0000,-1.0000,-1.0000,-1.0000,-1.0000,-1.0000,-1.0000,-1.0000,-1.0000,-1.0000,-1.0000,-1.0000,-1.0000,-1.0000,-1.0000,-1.0000,1.2812,1.3508,1.2705,1.2337,1.3189,1.2882,1.4498,1.5557,1.4607,1.3758,1.5771,1.3632,1.3342,1.5007,1.4350,1.3152,1.5171,1.4820,1.4138,1.4374,1.4586,1.4519,1.3953,1.4372,1.4547,1.5388,1.4515,1.5050,1.4642,1.4633,1.5081,1.5894,1.6520,1.5873,1.6255,1.6300,1.5678,1.6189,1.6687,1.6503,1.5217,1.4528,1.4789,1.4995,1.4847,1.4339,1.4861,1.4841,1.5761,1.4963,1.5490,1.5031,1.4927,1.5501,1.6330,1.6929,1.6308,1.6675,1.6684,1.6120,1.6529,1.7049,1.6907,0,1.0000,1.7176,0.0366,2.0882
11,0.0220,-0.9617,0.1356,2.1967,1.7176,0.0366,1.8920,0.1289,0.1900,0.0000,1.0275,1.0000,0.0000,0.0002,0.0000,0.0000,-0.0004,0.0001,-0.0001,-0.0002,-0.0025,0.0000,-0.0004,0.0001,-0.0001,-0.0003,-0.0025,-0.0000,0.0012,-0.0001,-0.0001,0.0030,0.0000,0.0002,-0.0000,0.0012,0.0001,0.0000,0.0030,0.0000,0.0001,0.0000,0.0025,0.0002,-0.0164,-0.0008,0.0354,0.0011,-0.0009,-0.0369,-0.0030,-0.0047,-0.0008,0.0752,0.0012,-0.0364,-0.0031,-0.0048,-0.0017,0.0734,0.0001,0.1133,-0.0088,-0.0051,0.2654,0.0018,0.0207,-0.0001,0.1147,0.0081,0.0046,0.2659,0.0018,0.0096,0.0001,-1.0000,-1.0000,-1.0000,-1.0000,-1.0000,-1.0000,-1.0000,-1.0000,-1.0000,-1.0000,-1.0000,-1.0000,-1.0000,-1.0000,-1.0000,-1.0000,-1.0000,-1.0000,-1.0000,-1.0000,-1.0000,-1.0000,-1.0000,-1.0000,-1.0000,-1.0000,-1.0000,-1.0000,-1.0000,-1.0000,-1.0000,-1.0000,-1.0000,-1.0000,-1.0000,-1.0000,-1.0000,-1.0000,-1.0000,-1.0000,-1.0000,-1.0000,-1.0000,-1.0000,-1.0000,-1.0000,-1.0000,-1.0000,-1.0000,-1.0000,-1.0000,-1.0000,-1.0000,-1.0000,-1.0000,-1.0000,-1.0000,-1.0000,-1.0000,-1.0000,-1.0000,-1.0000,-1.0000,-1.0000,-1.0000,-1.0000,-1.0000,-1.0000,-1.0000,-1.0000,-1.0000,-1.0000,-1.0000,-1.0000,-1.0000,-1.0000,-1.0000,-1.0000,-1.0000,-1.0000,-1.0000,-1.0000,-1.0000,-1.0000,-1.0000,-1.0000,-1.0000,-1.0000,-1.0000,-1.0000,-1.0000,-1.0000,-1.0000,-1.0000,-1.0000,-1.0000,-1.0000,-1.0000,-1.0000,-1.0000,-1.0000,-1.0000,-1.0000,-1.0000,-1.0000,-1.0000,-1.0000,-1.0000,-1.0000,-1.0000,-1.0000,-1.0000,-1.0000,-1.0000,-1.0000,-1.0000,-1.0000,-1.0000,-1.0000,-1.0000,-1.0000,1.2812,1.3508,1.2705,1.2337,1.3189,1.2882,1.4498,1.5557,1.4607,1.3758,1.5771,1.3632,1.3342,1.5007,1.4350,1.3152,1.5171,1.4820,1.4138,1.4374,1.4586,1.4519,1.3953,1.4372,1.4547,1.5388,1.4515,1.5050,1.4642,1.4633,1.5081,1.5894,1.6520,1.5873,1.6255,1.6300,1.5678,1.6189,1.6687,1.6503,1.5217,1.4528,1.4789,1.4995,1.4847,1.4339,1.4861,1.4841,1.5761,1.4963,1.5490,1.5031,1.4927,1.5501,1.6330,1.6929,1.6308,1.6675,1.6684,1.6120,1.6529,1.7049,1.6907,0,1.0000,1.7176,0.0366,2.0882
12,0.0240,-0.9582,0.1357,2.2005,1.7176,0.0366,1.8724,0.1289,0.1900,0.0000,1.0275,1.0000,0.0000,0.0002,0.0000,0.0000,-0.0005,0.0001,-0.0001,-0.0002,-0.0023,0.0001,-0.0004,0.0001,-0.0001,-0.0002,-0.0023,-0.0000,0.0015,-0.0001,-0.0001,0.0036,0.0000,0.0003,-0.0000,0.0015,0.0001,0.0001,0.0036,0.0000,0.0001,0.0000,0.0028,0.0001,-0.0142,-0.0009,0.0392,0.0011,-0.0012,-0.0419,-0.0047,-0.0045,0.0119,0.1163,0.0009,-0.0415,-0.0048,-0.0045,0.0111,0.1144,0.0003,0.1255,-0.0093,-0.0055,0.2871,0.0020,0.0228,-0.0002,0.1270,0.0093,0.0051,0.2878,0.0020,0.0108,0.0001,-1.0000,-1.0000,-1.0000,-1.0000,-1.0000,-1.0000,-1.0000,-1.0000,-1.0000,-1.0000,-1.0000,-1.0000,-1.0000,-1.0000,-1.0000,-1.0000,-1.0000,-1.0000,-1.0000,-1.0000,-1.0000,-1.0000,-1.0000,-1.0000,-1.0000,-1.0000,-1.0000,-1.0000,-1.0000,-1.0000,-1.0000,-1.0000,-1.0000,-1.0000,-1.0000,-1.0000,-1.0000,-1.0000,-1.0000,-1.0000,-1.0000,-1.0000,-1.0000,-1.0000,-1.0000,-1.0000,-1.0000,-1.0000,-1.0000,-1.0000,-1.0000,-1.0000,-1.0000,-1.0000,-1.0000,-1.0000,-1.0000,-1.0000,-1.0000,-1.0000,-1.0000,-1.0000,-1.0000,-1.0000,-1.0000,-1.0000,-1.0000,-1.0000,-1.0000,-1.0000,-1.0000,-1.0000,-1.0000,-1.0000,-1.0000,-1.0000,-1.0000,-1.0000,-1.0000,-1.0000,-1.0000,-1.0000,-1.0000,-1.0000,-1.0000,-1.0000,-1.0000,-1.0000,-1.0000,-1.0000,-1.0000,-1.0000,-1.0000,-1.0000,-1.0000,-1.0000,-1.0000,-1.0000,-1.0000,-1.0000,-1.0000,-1.0000,-1.0000,-1.0000,-1.0000,-1.0000,-1.0000,-1.0000,-1.0000,-1.0000,-1.0000,-1.0000,-1.0000,-1.0000,-1.0000,-1.0000,-1.0000,-1.0000,-1.0000,-1.0000,-1.0000,1.2792,1.3488,1.2686,1.2318,1.3169,1.2863,1.4499,1.5553,1.4598,1.3755,1.5768,1.3622,1.3337,1.5000,1.4350,1.3146,1.5165,1.4814,1.4128,1.4366,1.4579,1.4513,1.3949,1.4367,1.4541,1.5385,1.4513,1.5047,1.4641,1.4630,1.5080,1.5894,1.6519,1.5872,1.6255,1.6298,1.5678,1.6187,1.6687,1.6502,1.5212,1.4519,1.4781,1.4989,1.4840,1.4335,1.4856,1.4836,1.5759,1.4960,1.5488,1.5030,1.4923,1.5501,1.6331,1.6928,1.6308,1.6675,1.6683,1.6120,1.6527,1.7049,1.6906,0,1.0000,1.7176,0.0366,2.0882
12,0.0240,-0.9582,0.1357,2.2005,1.7176,0.0366,1.8724,0.1289,0.1900,0.0000,1.0275,1.0000,0.0000,0.0002,0.0000,0.0000,-0.0005,0.0001,-0.0001,-0.0002,-0.0023,0.0001,-0.0004,0.0001,-0.0001,-0.0002,-0.0023,-0.0000,0.0015,-0.0001,-0.0001,0.0036,0.0000,0.0003,-0.0000,0.0015,0.0001,0.0001,0.0036,0.0000,0.0001,0.0000,0.0028,0.0001,-0.0142,-0.0009,0.0392,0.0011,-0.0012,-0.0419,-0.0047,-0.0045,0.0119,0.1163,0.0009,-0.0415,-0.0048,-0.0045,0.0111,0.1144,0.0003,0.1255,-0.0093,-0.0055,0.2871,0.0020,0.0228,-0.0002,0.1270,0.0093,0.0051,0.2878,0.0020,0.0108,0.0001,-1.0000,-1.0000,-1.0000,-1.0000,-1.0000,-1.0000,-1.0000,-1.0000,-1.0000,-1.0000,-1.0000,-1.0000,-1.0000,-1.0000,-1.0000,-1.0000,-1.0000,-1.0000,-1.0000,-1.0000,-1.0000,-1.0000,-1.0000,-1.0000,-1.0000,-1.0000,-1.0000,-1.0000,-1.0000,-1.0000,-1.0000,-1.0000,-1.0000,-1.0000,-1.0000,-1.0000,-1.0000,-1.0000,-1.0000,-1.0000,-1.0000,-1.0000,-1.0000,-1.0000,-1.0000,-1.0000,-1.0000,-1.0000,-1.0000,-1.0000,-1.0000,-1.0000,-1.0000,-1.0000,-1.0000,-1.0000,-1.0000,-1.0000,-1.0000,-1.0000,-1.0000,-1.0000,-1.0000,-1.0000,-1.0000,-1.0000,-1.0000,-1.0000,-1.0000,-1.0000,-1.0000,-1.0000,-1.0000,-1.0000,-1.0000,-1.0000,-1.0000,-1.0000,-1.0000,-1.0000,-1.0000,-1.0000,-1.0000,-1.0000,-1.0000,-1.0000,-1.0000,-1.0000,-1.0000,-1.0000,-1.0000,-1.0000,-1.0000,-1.0000,-1.0000,-1.0000,-1.0000,-1.0000,-1.0000,-1.0000,-1.0000,-1.0000,-1.0000,-1.0000,-1.0000,-1.0000,-1.0000,-1.0000,-1.0000,-1.0000,-1.0000,-1.0000,-1.0000,-1.0000,-1.0000,-1.0000,-1.0000,-1.0000,-1.0000,-1.0000,-1.0000,1.2792,1.3488,1.2686,1.2318,1.3169,1.2863,1.4499,1.5553,1.4598,1.3755,1.5768,1.3622,1.3337,1.5000,1.4350,1.3146,1.5165,1.4814,1.4128,1.4366,1.4579,1.4513,1.3949,1.4367,1.4541,1.5385,1.4513,1.5047,1.4641,1.4630,1.5080,1.5894,1.6519,1.5872,1.6255,1.6298,1.5678,1.6187,1.6687,1.6502,1.5212,1.4519,1.4781,1.4989,1.4840,1.4335,1.4856,1.4836,1.5759,1.4960,1.5488,1.5030,1.4923,1.5501,1.6331,1.6928,1.6308,1.6675,1.6683,1.6120,1.6527,1.7049,1.6906,0,1.0000,1.7176,0.0366,2.0882
13,0.0260,-0.9548,0.1358,2.2042,1.7176,0.0366,1.8528,0.1289,0.1900,0.0000,1.0274,1.0000,0.0000,0.0003,0.0000,0.0000,-0.0006,0.0000,-0.0001,-0.0002,-0.0019,0.0001,-0.0006,0.0000,-0.0001,0.0001,-0.0021,-0.0000,0.0017,-0.0001,-0.0001,0.0042,0.0000,0.0003,-0.0000,0.0017,0.0001,0.0001,0.0041,0.0000,0.0001,0.0000,0.0031,0.0012,-0.0170,0.0230,0.0413,0.0007,-0.0009,-0.0448,-0.0367,-0.0047,0.0239,0.1619,0.0003,-0.0606,-0.0346,0.0076,0.1599,0.1146,-0.0022,0.1385,-0.0012,-0.0085,0.3076,0.0021,0.0249,-0.0002,0.1325,0.0186,0.0026,0.2919,0.0020,0.0116,0.0001,-1.0000,-1.0000,-1.0000,-1.0000,-1.0000,-1.0000,-1.0000,-1.0000,-1.0000,-1.0000,-1.0000,-1.0000,-1.0000,-1.0000,-1.0000,-1.0000,-1.0000,-1.0000,-1.0000,-1.0000,-1.0000,-1.0000,-1.0000,-1.0000,-1.0000,-1.0000,-1.0000,-1.0000,-1.0000,-1.0000,-1.0000,-1.0000,-1.0000,-1.0000,-1.0000,-1.0000,-1.0000,-1.0000,-1.0000,-1.0000,-1.0000,-1.0000,-1.0000,-1.0000,-1.0000,-1.0000,-1.0000,-1.0000,-1.0000,-1.0000,-1.0000,-1.0000,-1.0000,-1.0000,-1.0000,-1.0000,-1.0000,-1.0000,-1.0000,-1.0000,-1.0000,-1.0000,-1.0000,-1.0000,-1.0000,-1.0000,-1.0000,-1.0000,-1.0000,-1.0000,-1.0000,-1.0000,-1.0000,-1.0000,-1.0000,-1.0000,-1.0000,-1.0000,-1.0000,-1.0000,-1.0000,-1.0000,-1.0000,-1.0000,-1.0000,-1.0000,-1.0000,-1.0000,-1.0000,-1.0000,-1.0000,-1.0000,-1.0000,-1.0000,-1.0000,-1.0000,-1.0000,-1.0000,-1.0000,-1.0000,-1.0000,-1.0000,-1.0000,-1.0000,-1.0000,-1.0000,-1.0000,-1.0000,-1.0000,-1.0000,-1.0000,-1.0000,-1.0000,-1.0000,-1.0000,-1.0000,-1.0000,-1.0000,-1.0000,-1.0000,-1.0000,1.2772,1.3469,1.2667,1.2299,1.3150,1.2844,1.4499,1.5549,1.4589,1.3752,1.5765,1.3613,1.3332,1.4993,1.4349,1.3140,1.5159,1.4808,1.4119,1.4357,1.4572,1.4506,1.3945,1.4362,1.4536,1.5382,1.4510,1.5045,1.4639,1.4626,1.5079,1.5894,1.6517,1.5871,1.6255,1.6296,1.5677,1.6185,1.6687,1.6502,1.5206,1.4510,1.4773,1.4982,1.4834,1.4331,1.4852,1.4831,1.5756,1.4958,1.5485,1.5029,1.4920,1.5500,1.6331,1.6926,1.6307,1.6675,1.6681,1.6120,1.6525,1.7048,1.6906,0,1.0000,1.7176,0.0366,2.0882
14,0.0280,-0.9514,0.1359,2.2078,1.7176,0.0366,1.8332,0.1289,0.1900,0.0000,1.0274,1.0000,0.0001,0.0003,0.0000,0.0000,-0.0006,-0.0001,-0.0001,-0.0001,-0.0016,0.0001,-0.0007,-0.0001,-0.0000,0.0003,-0.0015,-0.0000,0.0020,-0.0001,-0.0001,0.0048,0.0000,0.0004,-0.0000,0.0020,0.0002,0.0001,0.0048,0.0000,0.0002,0.0000,0.0034,0.0014,-0.0171,0.0333,0.0446,0.0006,-0.0010,-0.0490,-0.0508,-0.0048,0.0333,0.1918,0.0006,-0.0598,-0.0551,0.0039,0.1229,0.2761,-0.0031,0.1507,0.0024,-0.0098,0.3261,0.0022,0.0270,-0.0002,0.1416,0.0235,0.0020,0.3039,0.0021,0.0126,0.0001,-1.0000,-1.0000,-1.0000,-1.0000,-1.0000,-1.0000,-1.0000,-1.0000,-1.0000,-1.0000,-1.0000,-1.0000,-1.0000,-1.0000,-1.0000,-1.0000,-1.0000,-1.0000,-1.0000,-1.0000,-1.0000,-1.0000,-1.0000,-1.0000,-1.0000,-1.0000,-1.0000,-1.0000,-1.0000,-1.0000,-1.0000,-1.0000,-1.0000,-1.0000,-1.0000,-1.0000,-1.0000,-1.0000,-1.0000,-1.0000,-1.0000,-1.0000,-1.0000,-1.0000,-1.0000,-1.0000,-1.0000,-1.0000,-1.0000,-1.0000,-1.0000,-1.0000,-1.0000,-1.0000,-1.0000,-1.0000,-1.0000,-1.0000,-1.0000,-1.0000,-1.0000,-1.0000,-1.0000,-1.0000,-1.0000,-1.0000,-1.0000,-1.0000,-1.0000,-1.0000,-1.0000,-1.0000,-1.0000,-1.0000,-1.0000,-1.0000,-1.0000,-1.0000,-1.0000,-1.0000,-1.0000,-1.0000,-1.0000,-1.0000,-1.0000,-1.0000,-1.0000,-1.0000,-1.0000,-1.0000,-1.0000,-1.0000,-1.0000,-1.0000,-1.0000,-1.0000,-1.0000,-1.0000,-1.0000,-1.0000,-1.0000,-1.0000,-1.0000,-1.0000,-1.0000,-1.0000,-1.0000,-1.0000,-1.0000,-1.0000,-1.0000,-1.0000,-1.0000,-1.0000,-1.0000,-1.0000,-1.0000,-1.0000,-1.0000,-1.0000,-1.0000,1.2752,1.3450,1.2647,1.2281,1.3130,1.2825,1.4499,1.5544,1.4581,1.3750,1.5761,1.3603,1.3328,1.4987,1.4349,1.3134,1.5153,1.4802,1.4110,1.4349,1.4564,1.4499,1.3941,1.4357,1.4530,1.5379,1.4507,1.5042,1.4638,1.4623,1.5078,1.5895,1.6515,1.5870,1.6255,1.6294,1.5677,1.6183,1.6686,1.6501,1.5201,1.4501,1.4765,1.4975,1.4828,1.4328,1.4848,1.4825,1.5753,1.4956,1.5483,1.5028,1.4917,1.5500,1.6332,1.6925,1.6306,1.6675,1.6679,1.6120,1.6523,1.7048,1.6906,0,1.0000,1.7176,0.0366,2.0882
14,0.0280,-0.9514,0.1359,2.2078,1.7176,0.0366,1.8332,0.1289,0.1900,0.0000,1.0274,1.0000,0.0001,0.0003,0.0000,0.0000,-0.0006,-0.0001,-0.0001,-0.0001,-0.0016,0.0001,-0.0007,-0.0001,-0.0000,0.0003,-0.0015,-0.0000,0.0020,-0.0001,-0.0001,0.0048,0.0000,0.0004,-0.0000,0.0020,0.0002,0.0001,0.0048,0.0000,0.0002,0.0000,0.0034,0.0014,-0.0171,0.0333,0.0446,0.0006,-0.0010,-0.0490,-0.0508,-0.0048,0.0333,0.1918,0.0006,-0.0598,-0.0551,0.0039,0.1229,0.2761,-0.0031,0.1507,0.0024,-0.0098,0.3261,0.0022,0.0270,-0.0002,0.1416,0.0235,0.0020,0.3039,0.0021,0.0126,0.0001,-1.0000,-1.0000,-1.0000,-1.0000,-1.0000,-1.0000,-1.0000,-1.0000,-1.0000,-1.0000,-1.0000,-1.0000,-1.0000,-1.0000,-1.0000,-1.0000,-1.0000,-1.0000,-1.0000,-1.0000,-1.0000,-1.0000,-1.0000,-1.0000,-1.0000,-1.0000,-1.0000,-1.0000,-1.0000,-1.0000,-1.0000,-1.0000,-1.0000,-1.0000,-1.0000,-1.0000,-1.0000,-1.0000,-1.0000,-1.0000,-1.0000,-1.0000,-1.0000,-1.0000,-1.0000,-1.0000,-1.0000,-1.0000,-1.0000,-1.0000,-1.0000,-1.0000,-1.0000,-1.0000,-1.0000,-1.0000,-1.0000,-1.0000,-1.0000,-1.0000,-1.0000,-1.0000,-1.0000,-1.0000,-1.0000,-1.0000,-1.0000,-1.0000,-1.0000,-1.0000,-1.0000,-1.0000,-1.0000,-1.0000,-1.0000,-1.0000,-1.0000,-1.0000,-1.0000,-1.0000,-1.0000,-1.0000,-1.0000,-1.0000,-1.0000,-1.0000,-1.0000,-1.0000,-1.0000,-1.0000,-1.0000,-1.0000,-1.0000,-1.0000,-1.0000,-1.0000,-1.0000,-1.0000,-1.0000,-1.0000,-1.0000,-1.0000,-1.0000,-1.0000,-1.0000,-1.0000,-1.0000,-1.0000,-1.0000,-1.0000,-1.0000,-1.0000,-1.0000,-1.0000,-1.0000,-1.0000,-1.0000,-1.0000,-1.0000,-1.0000,-1.0000,1.2752,1.3450,1.2647,1.2281,1.3130,1.2825,1.4499,1.5544,1.4581,1.3750,1.5761,1.3603,1.3328,1.4987,1.4349,1.3134,1.5153,1.4802,1.4110,1.4349,1.4564,1.4499,1.3941,1.4357,1.4530,1.5379,1.4507,1.5042,1.4638,1.4623,1.5078,1.5895,1.6515,1.5870,1.6255,1.6294,1.5677,1.6183,1.6686,1.6501,1.5201,1.4501,1.4765,1.4975,1.4828,1.4328,1.4848,1.4825,1.5753,1.4956,1.5483,1.5028,1.4917,1.5500,1.6332,1.6925,1.6306,1.6675,1.6679,1.6120,1.6523,1.7048,1.6906,0,1.0000,1.7176,0.0366,2.0882
15,0.0300,-0.9479,0.1359,2.2115,1.7176,0.0366,1.8136,0.1289,0.1901,0.0000,1.0274,1.0000,0.0001,0.0004,0.0000,0.0000,-0.0008,-0.0002,-0.0001,-0.0000,-0.0011,0.0001,-0.0008,-0.0002,-0.0001,0.0005,-0.0011,-0.0000,0.0024,-0.0001,-0.0001,0.0055,0.0000,0.0004,-0.0000,0.0023,0.0002,0.0001,0.0054,0.0000,0.0002,0.0000,0.0037,0.0013,-0.0149,0.0316,0.0484,0.0007,-0.0012,-0.0535,-0.0495,-0.0052,0.0403,0.2082,0.0010,-0.0586,-0.0501,-0.0006,0.0800,0.2161,-0.0027,0.1622,0.0008,-0.0096,0.3428,0.0024,0.0290,-0.0002,0.1540,0.0234,0.0029,0.3226,0.0023,0.0139,0.0001,-1.0000,-1.0000,-1.0000,-1.0000,-1.0000,-1.0000,-1.0000,-1.0000,-1.0000,-1.0000,-1.0000,-1.0000,-1.0000,-1.0000,-1.0000,-1.0000,-1.0000,-1.0000,-1.0000,-1.0000,-1.0000,-1.0000,-1.0000,-1.0000,-1.0000,-1.0000,-1.0000,-1.0000,-1.0000,-1.0000,-1.0000,-1.0000,-1.0000,-1.0000,-1.0000,-1.0000,-1.0000,-1.0000,-1.0000,-1.0000,-1.0000,-1.0000,-1.0000,-1.0000,-1.0000,-1.0000,-1.0000,-1.0000,-1.0000,-1.0000,-1.0000,-1.0000,-1.0000,-1.0000,-1.0000,-1.0000,-1.0000,-1.0000,-1.0000,-1.0000,-1.0000,-1.0000,-1.0000,-1.0000,-1.0000,-1.0000,-1.0000,-1.0000,-1.0000,-1.0000,-1.0000,-1.0000,-1.0000,-1.0000,-1.0000,-1.0000,-1.0000,-1.0000,-1.0000,-1.0000,-1.0000,-1.0000,-1.0000,-1.0000,-1.0000,-1.0000,-1.0000,-1.0000,-1.0000,-1.0000,-1.0000,-1.0000,-1.0000,-1.0000,-1.0000,-1.0000,-1.0000,-1.0000,-1.0000,-1.0000,-1.0000,-1.0000,-1.0000,-1.0000,-1.0000,-1.0000,-1.0000,-1.0000,-1.0000,-1.0000,-1.0000,-1.0000,-1.0000,-1.0000,-1.0000,-1.0000,-1.0000,-1.0000,-1.0000,-1.0000,-1.0000,1.2733,1.3431,1.2628,1.2262,1.3111,1.2806,1.4499,1.5540,1.4572,1.3747,1.5758,1.3593,1.3323,1.4980,1.4348,1.3128,1.5148,1.4796,1.4100,1.4341,1.4557,1.4492,1.3937,1.4353,1.4525,1.5376,1.4504,1.5039,1.4636,1.4619,1.5077,1.5894,1.6513,1.5869,1.6254,1.6291,1.5676,1.6181,1.6685,1.6500,1.5195,1.4492,1.4758,1.4969,1.4821,1.4324,1.4844,1.4820,1.5750,1.4953,1.5481,1.5027,1.4914,1.5499,1.6332,1.6924,1.6305,1.6675,1.6677,1.6120,1.6522,1.7048,1.6905,0,1.0000,1.7176,0.0366,2.0882
16,0.0320,-0.9445,0.1360,2.2151,1.7176,0.0366,1.7939,0.1289,0.1901,0.0000,1.0274,1.0000,0.0001,0.0004,0.0000,-0.0000,-0.0009,-0.0003,-0.0001,0.0001,-0.0007,0.0001,-0.0009,-0.0003,-0.0001,0.0006,-0.0008,-0.0000,0.0027,-0.0001,-0.0001,0.0062,0.0000,0.0005,-0.0000,0.0027,0.0003,0.0001,0.0061,0.0000,0.0002,0.0000,0.0040,0.0012,-0.0128,0.0298,0.0522,0.0008,-0.0014,-0.0578,-0.0477,-0.0057,0.0459,0.2191,0.0012,-0.0579,-0.0450,-0.0047,0.0435,0.1580,-0.0023,0.1735,-0.0009,-0.0095,0.3577,0.0026,0.0311,-0.0002,0.1661,0.0232,0.0037,0.3397,0.0025,0.0153,0.0002,-1.0000,-1.0000,-1.0000,-1.0000,-1.0000,-1.0000,-1.0000,-1.0000,-1.0000,-1.0000,-1.0000,-1.0000,-1.0000,-1.0000,-1.0000,-1.0000,-1.0000,-1.0000,-1.0000,-1.0000,-1.0000,-1.0000,-1.0000,-1.0000,-1.0000,-1.0000,-1.0000,-1.0000,-1.0000,-1.0000,-1.0000,-1.0000,-1.0000,-1.0000,-1.0000,-1.0000,-1.0000,-1.0000,-1.0000,-1.0000,-1.0000,-1.0000,-1.0000,-1.0000,-1.0000,-1.0000,-1.0000,-1.0000,-1.0000,-1.0000,-1.0000,-1.0000,-1.0000,-1.0000,-1.0000,-1.0000,-1.0000,-1.0000,-1.0000,-1.0000,-1.0000,-1.0000,-1.0000,-1.0000,-1.0000,-1.0000,-1.0000,-1.0000,-1.0000,-1.0000,-1.0000,-1.0000,-1.0000,-1.0000,-1.0000,-1.0000,-1.0000,-1.0000,-1.0000,-1.0000,-1.0000,-1.0000,-1.0000,-1.0000,-1.0000,-1.0000,-1.0000,-1.0000,-1.0000,-1.0000,-1.0000,-1.0000,-1.0000,-1.0000,-1.0000,-1.0000,-1.0000,-1.0000,-1.0000,-1.0000,-1.0000,-1.0000,-1.0000,-1.0000,-1.0000,-1.0000,-1.0000,-1.0000,-1.0000,-1.0000,-1.0000,-1.0000,-1.0000,-1.0000,-1.0000,-1.0000,-1.0000,-1.0000,-1.0000,-1.0000,-1.0000,1.2713,1.3411,1.2610,1.2243,1.3092,1.2787,1.4499,1.5536,1.4564,1.3744,1.5755,1.3584,1.3318,1.4973,1.4348,1.3122,1.5142,1.4790,1.4091,1.4333,1.4550,1.4485,1.3933,1.4347,1.4519,1.5372,1.4501,1.5036,1.4634,1.4616,1.5076,1.5894,1.6511,1.5867,1.6254,1.6289,1.5676,1.6178,1.6684,1.6499,1.5189,1.4483,1.4750,1.4962,1.4815,1.4321,1.4839,1.4815,1.5747,1.4951,1.5478,1.5025,1.4911,1.5498,1.6332,1.6922,1.6304,1.6675,1.6675,1.6120,1.6519,1.7047,1.6904,0,1.0000,1.7176,0.0366,2.0882
16,0.0320,-0.9445,0.1360,2.2151,1.7176,0.0366,1.7939,0.1289,0.1901,0.0000,1.0274,1.0000,0.0001,0.0004,0.0000,-0.0000,-0.0009,-0.0003,-0.0001,0.0001,-0.0007,0.0001,-0.0009,-0.0003,-0.0001,0.0006,-0.0008,-0.0000,0.0027,-0.0001,-0.0001,0.0062,0.0000,0.0005,-0.0000,0.0027,0.0003,0.0001,0.0061,0.0000,0.0002,0.0000,0.0040,0.0012,-0.0128,0.0298,0.0522,0.0008,-0.0014,-0.0578,-0.0477,-0.0057,0.0459,0.2191,0.0012,-0.0579,-0.0450,-0.0047,0.0435,0.1580,-0.0023,0.1735,-0.0009,-0.0095,0.3577,0.0026,0.0311,-0.0002,0.1661,0.0232,0.0037,0.3397,0.0025,0.0153,0.0002,-1.0000,-1.0000,-1.0000,-1.0000,-1.0000,-1.0000,-1.0000,-1.0000,-1.0000,-1.0000,-1.0000,-1.0000,-1.0000,-1.0000,-1.0000,-1.0000,-1.0000,-1.0000,-1.0000,-1.0000,-1.0000,-1.0000,-1.0000,-1.0000,-1.0000,-1.0000,-1.0000,-1.0000,-1.0000,-1.0000,-1.0000,-1.0000,-1.0000,-1.0000,-1.0000,-1.0000,-1.0000,-1.0000,-1.0000,-1.0000,-1.0000,-1.0000,-1.0000,-1.0000,-1.0000,-1.0000,-1.0000,-1.0000,-1.0000,-1.0000,-1.0000,-1.0000,-1.0000,-1.0000,-1.0000,-1.0000,-1.0000,-1.0000,-1.0000,-1.0000,-1.0000,-1.0000,-1.0000,-1.0000,-1.0000,-1.0000,-1.0000,-1.0000,-1.0000,-1.0000,-1.0000,-1.0000,-1.0000,-1.0000,-1.0000,-1.0000,-1.0000,-1.0000,-1.0000,-1.0000,-1.0000,-1.0000,-1.0000,-1.0000,-1.0000,-1.0000,-1.0000,-1.0000,-1.0000,-1.0000,-1.0000,-1.0000,-1.0000,-1.0000,-1.0000,-1.0000,-1.0000,-1.0000,-1.0000,-1.0000,-1.0000,-1.0000,-1.0000,-1.0000,-1.0000,-1.0000,-1.0000,-1.0000,-1.0000,-1.0000,-1.0000,-1.0000,-1.0000,-1.0000,-1.0000,-1.0000,-1.0000,-1.0000,-1.0000,-1.0000,-1.0000,1.2713,1.3411,1.2610,1.2243,1.3092,1.2787,1.4499,1.5536,1.4564,1.3744,1.5755,1.3584,1.3318,1.4973,1.4348,1.3122,1.5142,1.4790,1.4091,1.4333,1.4550,1.4485,1.3933,1.4347,1.4519,1.5372,1.4501,1.5036,1.4634,1.4616,1.5076,1.5894,1.6511,1.5867,1.6254,1.6289,1.5676,1.6178,1.6684,1.6499,1.5189,1.4483,1.4750,1.4962,1.4815,1.4321,1.4839,1.4815,1.5747,1.4951,1.5478,1.5025,1.4911,1.5498,1.6332,1.6922,1.6304,1.6675,1.6675,1.6120,1.6519,1.7047,1.6904,0,1.0000,1.7176,0.0366,2.0882
17,0.0340,-0.9411,0.1361,2.2186,1.7176,0.0366,1.7743,0.1289,0.1901,0.0000,1.0273,1.0000,0.0002,0.0005,0.0000,-0.0000,-0.0010,-0.0004,-0.0001,0.0002,-0.0003,0.0001,-0.0010,-0.0004,-0.0001,0.0006,-0.0007,-0.0000,0.0031,-0.0001,-0.0002,0.0070,0.0000,0.0006,-0.0000,0.0030,0.0003,0.0001,0.0068,0.0000,0.0003,0.0000,0.0043,0.0013,-0.0116,0.0310,0.0559,0.0007,-0.0015,-0.0618,-0.0497,-0.0063,0.0505,0.2272,0.0019,-0.0564,-0.0414,-0.0095,0.0019,0.0495,-0.0023,0.1847,-0.0015,-0.0096,0.3710,0.0028,0.0312,-0.0002,0.1771,0.0238,0.0041,0.3529,0.0027,0.0165,0.0002,-1.0000,-1.0000,-1.0000,-1.0000,-1.0000,-1.0000,-1.0000,-1.0000,-1.0000,-1.0000,-1.0000,-1.0000,-1.0000,-1.0000,-1.0000,-1.0000,-1.0000,-1.0000,-1.0000,-1.0000,-1.0000,-1.0000,-1.0000,-1.0000,-1.0000,-1.0000,-1.0000,-1.0000,-1.0000,-1.0000,-1.0000,-1.0000,-1.0000,-1.0000,-1.0000,-1.0000,-1.0000,-1.0000,-1.0000,-1.0000,-1.0000,-1.0000,-1.0000,-1.0000,-1.0000,-1.0000,-1.0000,-1.0000,-1.0000,-1.0000,-1.0000,-1.0000,-1.0000,-1.0000,-1.0000,-1.0000,-1.0000,-1.0000,-1.0000,-1.0000,-1.0000,-1.0000,-1.0000,-1.0000,-1.0000,-1.0000,-1.0000,-1.0000,-1.0000,-1.0000,-1.0000,-1.0000,-1.0000,-1.0000,-1.0000,-1.0000,-1.0000,-1.0000,-1.0000,-1.0000,-1.0000,-1.0000,-1.0000,-1.0000,-1.0000,-1.0000,-1.0000,-1.0000,-1.0000,-1.0000,-1.0000,-1.0000,-1.0000,-1.0000,-1.0000,-1.0000,-1.0000,-1.0000,-1.0000,-1.0000,-1.0000,-1.0000,-1.0000,-1.0000,-1.0000,-1.0000,-1.0000,-1.0000,-1.0000,-1.0000,-1.0000,-1.0000,-1.0000,-1.0000,-1.0000,-1.0000,-1.0000,-1.0000,-1.0000,-1.0000,-1.0000,1.2694,1.3392,1.2591,1.2225,1.3073,1.2769,1.4499,1.5531,1.4555,1.3740,1.5751,1.3574,1.3313,1.4966,1.4347,1.3116,1.5136,1.4783,1.4081,1.4324,1.4543,1.4478,1.3929,1.4342,1.4514,1.5369,1.4498,1.5032,1.4632,1.4612,1.5074,1.5894,1.6509,1.5866,1.6253,1.6286,1.5675,1.6176,1.6683,1.6497,1.5184,1.4474,1.4743,1.4956,1.4808,1.4317,1.4835,1.4810,1.5744,1.4948,1.5475,1.5024,1.4907,1.5497,1.6332,1.6920,1.6303,1.6675,1.6673,1.6120,1.6517,1.7046,1.6903,0,1.0000,1.7176,0.0366,2.0882
17,0.0340,-0.9411,0.1361,2.2186,1.7176,0.0366,1.7743,0.1289,0.1901,0.0000,1.0273,1.0000,0.0002,0.0005,0.0000,-0.0000,-0.0010,-0.0004,-0.0001,0.0002,-0.0003,0.0001,-0.0010,-0.0004,-0.0001,0.0006,-0.0007,-0.0000,0.0031,-0.0001,-0.0002,0.0070,0.0000,0.0006,-0.0000,0.0030,0.0003,0.0001,0.0068,0.0000,0.0003,0.0000,0.0043,0.0013,-0.0116,0.0310,0.0559,0.0007,-0.0015,-0.0618,-0.0497,-0.0063,0.0505,0.2272,0.0019,-0.0564,-0.0414,-0.0095,0.0019,0.0495,-0.0023,0.1847,-0.0015,-0.0096,0.3710,0.0028,0.0312,-0.0002,0.1771,0.0238,0.0041,0.3529,0.0027,0.0165,0.0002,-1.0000,-1.0000,-1.0000,-1.0000,-1.0000,-1.0000,-1.0000,-1.0000,-1.0000,-1.0000,-1.0000,-1.0000,-1.0000,-1.0000,-1.0000,-1.0000,-1.0000,-1.0000,-1.0000,-1.0000,-1.0000,-1.0000,-1.0000,-1.0000,-1.0000,-1.0000,-1.0000,-1.0000,-1.0000,-1.0000,-1.0000,-1.0000,-1.0000,-1.0000,-1.0000,-1.0000,-1.0000,-1.0000,-1.0000,-1.0000,-1.0000,-1.0000,-1.0000,-1.0000,-1.0000,-1.0000,-1.0000,-1.0000,-1.0000,-1.0000,-1.0000,-1.0000,-1.0000,-1.0000,-1.0000,-1.0000,-1.0000,-1.0000,-1.0000,-1.0000,-1.0000,-1.0000,-1.0000,-1.0000,-1.0000,-1.0000,-1.0000,-1.0000,-1.0000,-1.0000,-1.0000,-1.0000,-1.0000,-1.0000,-1.0000,-1.0000,-1.0000,-1.0000,-1.0000,-1.0000,-1.0000,-1.0000,-1.0000,-1.0000,-1.0000,-1.0000,-1.0000,-1.0000,-1.0000,-1.0000,-1.0000,-1.0000,-1.0000,-1.0000,-1.0000,-1.0000,-1.0000,-1.0000,-1.0000,-1.0000,-1.0000,-1.0000,-1.0000,-1.0000,-1.0000,-1.0000,-1.0000,-1.0000,-1.0000,-1.0000,-1.0000,-1.0000,-1.0000,-1.0000,-1.0000,-1.0000,-1.0000,-1.0000,-1.0000,-1.0000,-1.0000,1.2694,1.3392,1.2591,1.2225,1.3073,1.2769,1.4499,1.5531,1.4555,1.3740,1.5751,1.3574,1.3313,1.4966,1.4347,1.3116,1.5136,1.4783,1.4081,1.4324,1.4543,1.4478,1.3929,1.4342,1.4514,1.5369,1.4498,1.5032,1.4632,1.4612,1.5074,1.5894,1.6509,1.5866,1.6253,1.6286,1.5675,1.6176,1.6683,1.6497,1.5184,1.4474,1.4743,1.4956,1.4808,1.4317,1.4835,1.4810,1.5744,1.4948,1.5475,1.5024,1.4907,1.5497,1.6332,1.6920,1.6303,1.6675,1.6673,1.6120,1.6517,1.7046,1.6903,0,1.0000,1.7176,0.0366,2.0882
18,0.0360,-0.9376,0.1362,2.2221,1.7176,0.0366,1.7547,0.1289,0.1901,0.0000,1.0273,1.0000,0.0002,0.0005,0.0000,-0.0000,-0.0011,-0.0005,-0.0001,0.0003,0.0005,0.0001,-0.0011,-0.0004,-0.0001,0.0005,-0.0008,-0.0000,0.0035,-0.0001,-0.0002,0.0077,0.0001,0.0006,-0.0000,0.0034,0.0004,0.0001,0.0075,0.0001,0.0003,0.0000,0.0045,0.0006,-0.0136,0.0178,0.0590,0.0009,-0.0022,-0.0630,-0.0393,-0.0086,0.0361,0.3549,0.0022,-0.0545,-0.0192,-0.0142,-0.0376,-0.0659,-0.0006,0.1915,-0.0068,-0.0079,0.3725,0.0030,0.0309,-0.0002,0.1883,0.0196,0.0061,0.3643,0.0030,0.0178,0.0002,-1.0000,-1.0000,-1.0000,-1.0000,-1.0000,-1.0000,-1.0000,-1.0000,-1.0000,-1.0000,-1.0000,-1.0000,-1.0000,-1.0000,-1.0000,-1.0000,-1.0000,-1.0000,-1.0000,-1.0000,-1.0000,-1.0000,-1.0000,-1.0000,-1.0000,-1.0000,-1.0000,-1.0000,-1.0000,-1.0000,-1.0000,-1.0000,-1.0000,-1.0000,-1.0000,-1.0000,-1.0000,-1.0000,-1.0000,-1.0000,-1.0000,-1.0000,-1.0000,-1.0000,-1.0000,-1.0000,-1.0000,-1.0000,-1.0000,-1.0000,-1.0000,-1.0000,-1.0000,-1.0000,-1.0000,-1.0000,-1.0000,-1.0000,-1.0000,-1.0000,-1.0000,-1.0000,-1.0000,-1.0000,-1.0000,-1.0000,-1.0000,-1.0000,-1.0000,-1.0000,-1.0000,-1.0000,-1.0000,-1.0000,-1.0000,-1.0000,-1.0000,-1.0000,-1.0000,-1.0000,-1.0000,-1.0000,-1.0000,-1.0000,-1.0000,-1.0000,-1.0000,-1.0000,-1.0000,-1.0000,-1.0000,-1.0000,-1.0000,-1.0000,-1.0000,-1.0000,-1.0000,-1.0000,-1.0000,-1.0000,-1.0000,-1.0000,-1.0000,-1.0000,-1.0000,-1.0000,-1.0000,-1.0000,-1.0000,-1.0000,-1.0000,-1.0000,-1.0000,-1.0000,-1.0000,-1.0000,-1.0000,-1.0000,-1.0000,-1.0000,-1.0000,1.2675,1.3373,1.2572,1.2206,1.3053,1.2750,1.4499,1.5527,1.4546,1.3737,1.5748,1.3565,1.3308,1.4959,1.4346,1.3110,1.5130,1.4777,1.4072,1.4316,1.4535,1.4471,1.3924,1.4337,1.4508,1.5365,1.4495,1.5029,1.4630,1.4608,1.5072,1.5893,1.6507,1.5864,1.6252,1.6284,1.5674,1.6173,1.6681,1.6496,1.5178,1.4466,1.4735,1.4949,1.4802,1.4313,1.4830,1.4805,1.5741,1.4945,1.5472,1.5022,1.4904,1.5495,1.6332,1.6918,1.6302,1.6674,1.6670,1.6119,1.6515,1.7045,1.6902,0,1.0000,1.7176,0.0366,2.0882
19,0.0380,-0.9342,0.1362,2.2256,1.7176,0.0366,1.7351,0.1289,0.1901,0.0000,1.0273,1.0000,0.0002,0.0006,0.0000,-0.0000,-0.0013,-0.0005,-0.0002,0.0003,0.0008,0.0001,-0.0012,-0.0004,-0.0001,0.0004,-0.0010,-0.0000,0.0039,-0.0002,-0.0002,0.0085,0.0001,0.0007,-0.0000,0.0038,0.0004,0.0001,0.0083,0.0001,0.0003,0.0000,0.0047,0.0003,-0.0137,0.0076,0.0625,0.0010,-0.0015,-0.0648,-0.0178,-0.0107,0.0234,0.1635,0.0019,-0.0543,-0.0042,-0.0180,-0.0643,-0.1166,0.0005,0.1999,-0.0118,-0.0068,0.3775,0.0033,0.0308,-0.0002,0.2000,0.0156,0.0076,0.3767,0.0033,0.0191,0.0002,-1.0000,-1.0000,-1.0000,-1.0000,-1.0000,-1.0000,-1.0000,-1.0000,-1.0000,-1.0000,-1.0000,-1.0000,-1.0000,-1.0000,-1.0000,-1.0000,-1.0000,-1.0000,-1.0000,-1.0000,-1.0000,-1.0000,-1.0000,-1.0000,-1.0000,-1.0000,-1.0000,-1.0000,-1.0000,-1.0000,-1.0000,-1.0000,-1.0000,-1.0000,-1.0000,-1.0000,-1.0000,-1.0000,-1.0000,-1.0000,-1.0000,-1.0000,-1.0000,-1.0000,-1.0000,-1.0000,-1.0000,-1.0000,-1.0000,-1.0000,-1.0000,-1.0000,-1.0000,-1.0000,-1.0000,-1.0000,-1.0000,-1.0000,-1.0000,-1.0000,-1.0000,-1.0000,-1.0000,-1.0000,-1.0000,-1.0000,-1.0000,-1.0000,-1.0000,-1.0000,-1.0000,-1.0000,-1.0000,-1.0000,-1.0000,-1.0000,-1.0000,-1.0000,-1.0000,-1.0000,-1.0000,-1.0000,-1.0000,-1.0000,-1.0000,-1.0000,-1.0000,-1.0000,-1.0000,-1.0000,-1.0000,-1.0000,-1.0000,-1.0000,-1.0000,-1.0000,-1.0000,-1.0000,-1.0000,-1.0000,-1.0000,-1.0000,-1.0000,-1.0000,-1.0000,-1.0000,-1.0000,-1.0000,-1.0000,-1.0000,-1.0000,-1.0000,-1.0000,-1.0000,-1.0000,-1.0000,-1.0000,-1.0000,-1.0000,-1.0000,-1.0000,1.2655,1.3354,1.2553,1.2188,1.3034,1.2732,1.4499,1.5522,1.4537,1.3734,1.5744,1.3555,1.3303,1.4952,1.4345,1.3104,1.5124,1.4771,1.4062,1.4308,1.4528,1.4464,1.3920,1.4332,1.4502,1.5361,1.4492,1.5026,1.4628,1.4604,1.5070,1.5892,1.6504,1.5862,1.6251,1.6281,1.5672,1.6170,1.6680,1.6494,1.5172,1.4457,1.4727,1.4942,1.4795,1.4309,1.4826,1.4799,1.5738,1.4942,1.5469,1.5020,1.4900,1.5494,1.6332,1.6916,1.6300,1.6673,1.6668,1.6118,1.6513,1.7044,1.6901,0,1.0000,1.7176,0.0366,2.0882
19,0.0380,-0.9342,0.1362,2.2256,1.7176,0.0366,1.7351,0.1289,0.1901,0.0000,1.0273,1.0000,0.0002,0.0006,0.0000,-0.0000,-0.0013,-0.0005,-0.0002,0.0003,0.0008,0.0001,-0.0012,-0.0004,-0.0001,0.0004,-0.0010,-0.0000,0.0039,-0.0002,-0.0002,0.0085,0.0001,0.0007,-0.0000,0.0038,0.0004,0.0001,0.0083,0.0001,0.0003,0.0000,0.0047,0.0003,-0.0137,0.0076,0.0625,0.0010,-0.0015,-0.0648,-0.0178,-0.0107,0.0234,0.1635,0.0019,-0.0543,-0.0042,-0.0180,-0.0643,-0.1166,0.0005,0.1999,-0.0118,-0.0068,0.3775,0.0033,0.0308,-0.0002,0.2000,0.0156,0.0076,0.3767,0.0033,0.0191,0.0002,-1.0000,-1.0000,-1.0000,-1.0000,-1.0000,-1.0000,-1.0000,-1.0000,-1.0000,-1.0000,-1.0000,-1.0000,-1.0000,-1.0000,-1.0000,-1.0000,-1.0000,-1.0000,-1.0000,-1.0000,-1.0000,-1.0000,-1.0000,-1.0000,-1.0000,-1.0000,-1.0000,-1.0000,-1.0000,-1.0000,-1.0000,-1.0000,-1.0000,-1.0000,-1.0000,-1.0000,-1.0000,-1.0000,-1.0000,-1.0000,-1.0000,-1.0000,-1.0000,-1.0000,-1.0000,-1.0000,-1.0000,-1.0000,-1.0000,-1.0000,-1.0000,-1.0000,-1.0000,-1.0000,-1.0000,-1.0000,-1.0000,-1.0000,-1.0000,-1.0000,-1.0000,-1.0000,-1.0000,-1.0000,-1.0000,-1.0000,-1.0000,-1.0000,-1.0000,-1.0000,-1.0000,-1.0000,-1.0000,-1.0000,-1.0000,-1.0000,-1.0000,-1.0000,-1.0000,-1.0000,-1.0000,-1.0000,-1.0000,-1.0000,-1.0000,-1.0000,-1.0000,-1.0000,-1.0000,-1.0000,-1.0000,-1.0000,-1.0000,-1.0000,-1.0000,-1.0000,-1.0000,-1.0000,-1.0000,-1.0000,-1.0000,-1.0000,-1.0000,-1.0000,-1.0000,-1.0000,-1.0000,-1.0000,-1.0000,-1.0000,-1.0000,-1.0000,-1.0000,-1.0000,-1.0000,-1.0000,-1.0000,-1.0000,-1.0000,-1.0000,-1.0000,1.2655,1.3354,1.2553,1.2188,1.3034,1.2732,1.4499,1.5522,1.4537,1.3734,1.5744,1.3555,1.3303,1.4952,1.4345,1.3104,1.5124,1.4771,1.4062,1.4308,1.4528,1.4464,1.3920,1.4332,1.4502,1.5361,1.4492,1.5026,1.4628,1.4604,1.5070,1.5892,1.6504,1.5862,1.6251,1.6281,1.5672,1.6170,1.6680,1.6494,1.5172,1.4457,1.4727,1.4942,1.4795,1.4309,1.4826,1.4799,1.5738,1.4942,1.5469,1.5020,1.4900,1.5494,1.6332,1.6916,1.6300,1.6673,1.6668,1.6118,1.6513,1.7044,1.6901,0,1.0000,1.7176,0.0366,2.0882
20,0.0400,-0.9308,0.1363,2.2290,1.7176,0.0366,1.7155,0.1289,0.1901,0.0000,1.0273,1.0000,0.0002,0.0007,0.0000,-0.0000,-0.0014,-0.0005,-0.0002,0.0003,0.0008,0.0001,-0.0014,-0.0004,-0.0002,0.0002,-0.0014,-0.0000,0.0043,-0.0002,-0.0002,0.0092,0.0001,0.0007,-0.0000,0.0042,0.0004,0.0001,0.0090,0.0001,0.0004,0.0000,0.0050,0.0001,-0.0139,-0.0028,0.0658,0.0012,-0.0009,-0.0668,0.0034,-0.0126,0.0136,-0.0141,0.0017,-0.0545,0.0108,-0.0215,-0.0866,-0.1632,0.0017,0.2079,-0.0167,-0.0058,0.3811,0.0035,0.0307,-0.0003,0.2113,0.0117,0.0090,0.3876,0.0036,0.0205,0.0002,-1.0000,-1.0000,-1.0000,-1.0000,-1.0000,-1.0000,-1.0000,-1.0000,-1.0000,-1.0000,-1.0000,-1.0000,-1.0000,-1.0000,-1.0000,-1.0000,-1.0000,-1.0000,-1.0000,-1.0000,-1.0000,-1.0000,-1.0000,-1.0000,-1.0000,-1.0000,-1.0000,-1.0000,-1.0000,-1.0000,-1.0000,-1.0000,-1.0000,-1.0000,-1.0000,-1.0000,-1.0000,-1.0000,-1.0000,-1.0000,-1.0000,-1.0000,-1.0000,-1.0000,-1.0000,-1.0000,-1.0000,-1.0000,-1.0000,-1.0000,-1.0000,-1.0000,-1.0000,-1.0000,-1.0000,-1.0000,-1.0000,-1.0000,-1.0000,-1.0000,-1.0000,-1.0000,-1.0000,-1.0000,-1.0000,-1.0000,-1.0000,-1.0000,-1.0000,-1.0000,-1.0000,-1.0000,-1.0000,-1.0000,-1.0000,-1.0000,-1.0000,-1.0000,-1.0000,-1.0000,-1.0000,-1.0000,-1.0000,-1.0000,-1.0000,-1.0000,-1.0000,-1.0000,-1.0000,-1.0000,-1.0000,-1.0000,-1.0000,-1.0000,-1.0000,-1.0000,-1.0000,-1.0000,-1.0000,-1.0000,-1.0000,-1.0000,-1.0000,-1.0000,-1.0000,-1.0000,-1.0000,-1.0000,-1.0000,-1.0000,-1.0000,-1.0000,-1.0000,-1.0000,-1.0000,-1.0000,-1.0000,-1.0000,-1.0000,-1.0000,-1.0000,1.2636,1.3336,1.2535,1.2170,1.3015,1.2713,1.4499,1.5517,1.4529,1.3731,1.5740,1.3546,1.3298,1.4945,1.4344,1.3098,1.5118,1.4764,1.4053,1.4299,1.4521,1.4457,1.3915,1.4327,1.4496,1.5358,1.4488,1.5022,1.4625,1.4600,1.5069,1.5891,1.6502,1.5860,1.6249,1.6278,1.5671,1.6168,1.6678,1.6493,1.5166,1.4448,1.4719,1.4935,1.4788,1.4305,1.4821,1.4794,1.5734,1.4939,1.5466,1.5018,1.4896,1.5492,1.6331,1.6914,1.6299,1.6672,1.6666,1.6117,1.6510,1.7043,1.6900,0,1.0000,1.7176,0.0366,2.0882
20,0.0400,-0.9308,0.1363,2.2290,1.7176,0.0366,1.7155,0.1289,0.1901,0.0000,1.0273,1.0000,0.0002,0.0007,0.0000,-0.0000,-0.0014,-0.0005,-0.0002,0.0003,0.0008,0.0001,-0.0014,-0.0004,-0.0002,0.0002,-0.0014,-0.0000,0.0043,-0.0002,-0.0002,0.0092,0.0001,0.0007,-0.0000,0.0042,0.0004,0.0001,0.0090,0.0001,0.0004,0.0000,0.0050,0.0001,-0.0139,-0.0028,0.0658,0.0012,-0.0009,-0.0668,0.0034,-0.0126,0.0136,-0.0141,0.0017,-0.0545,0.0108,-0.0215,-0.0866,-0.1632,0.0017,0.2079,-0.0167,-0.0058,0.3811,0.0035,0.0307,-0.0003,0.2113,0.0117,0.0090,0.3876,0.0036,0.0205,0.0002,-1.0000,-1.0000,-1.0000,-1.0000,-1.0000,-1.0000,-1.0000,-1.0000,-1.0000,-1.0000,-1.0000,-1.0000,-1.0000,-1.0000,-1.0000,-1.0000,-1.0000,-1.0000,-1.0000,-1.0000,-1.0000,-1.0000,-1.0000,-1.0000,-1.0000,-1.0000,-1.0000,-1.0000,-1.0000,-1.0000,-1.0000,-1.0000,-1.0000,-1.0000,-1.0000,-1.0000,-1.0000,-1.0000,-1.0000,-1.0000,-1.0000,-1.0000,-1.0000,-1.0000,-1.0000,-1.0000,-1.0000,-1.0000,-1.0000,-1.0000,-1.0000,-1.0000,-1.0000,-1.0000,-1.0000,-1.0000,-1.0000,-1.0000,-1.0000,-1.0000,-1.0000,-1.0000,-1.0000,-1.0000,-1.0000,-1.0000,-1.0000,-1.0000,-1.0000,-1.0000,-1.0000,-1.0000,-1.0000,-1.0000,-1.0000,-1.0000,-1.0000,-1.0000,-1.0000,-1.0000,-1.0000,-1.0000,-1.0000,-1.0000,-1.0000,-1.0000,-1.0000,-1.0000,-1.0000,-1.0000,-1.0000,-1.0000,-1.0000,-1.0000,-1.0000,-1.0000,-1.0000,-1.0000,-1.0000,-1.0000,-1.0000,-1.0000,-1.0000,-1.0000,-1.0000,-1.0000,-1.0000,-1.0000,-1.0000,-1.0000,-1.0000,-1.0000,-1.0000,-1.0000,-1.0000,-1.0000,-1.0000,-1.0000,-1.0000,-1.0000,-1.0000,1.2636,1.3336,1.2535,1.2170,1.3015,1.2713,1.4499,1.5517,1.4529,1.3731,1.5740,1.3546,1.3298,1.4945,1.4344,1.3098,1.5118,1.4764,1.4053,1.4299,1.4521,1.4457,1.3915,1.4327,1.4496,1.5358,1.4488,1.5022,1.4625,1.4600,1.5069,1.5891,1.6502,1.5860,1.6249,1.6278,1.5671,1.6168,1.6678,1.6493,1.5166,1.4448,1.4719,1.4935,1.4788,1.4305,1.4821,1.4794,1.5734,1.4939,1.5466,1.5018,1.4896,1.5492,1.6331,1.6914,1.6299,1.6672,1.6666,1.6117,1.6510,1.7043,1.6900,0,1.0000,1.7176,0.0366,2.0882
21,0.0420,-0.9273,0.1364,2.2324,1.7176,0.0366,1.6958,0.1289,0.1901,0.0000,1.0272,1.0000,0.0002,0.0007,0.0000,-0.0000,-0.0015,-0.0004,-0.0002,0.0003,0.0004,0.0001,-0.0015,-0.0003,-0.0002,0.0001,-0.0016,-0.0000,0.0047,-0.0003,-0.0002,0.0100,0.0001,0.0008,-0.0000,0.0047,0.0004,0.0002,0.0098,0.0001,0.0004,0.0000,0.0053,-0.0006,-0.0131,-0.0183,0.0692,0.0015,-0.0006,-0.0690,0.0305,-0.0145,0.0065,-0.1733,0.0011,-0.0606,0.0268,-0.0207,-0.0574,-0.0960,0.0033,0.2155,-0.0230,-0.0042,0.3837,0.0038,0.0307,-0.0003,0.2238,0.0064,0.0109,0.4008,0.0039,0.0220,0.0002,-1.0000,-1.0000,-1.0000,-1.0000,-1.0000,-1.0000,-1.0000,-1.0000,-1.0000,-1.0000,-1.0000,-1.0000,-1.0000,-1.0000,-1.0000,-1.0000,-1.0000,-1.0000,-1.0000,-1.0000,-1.0000,-1.0000,-1.0000,-1.0000,-1.0000,-1.0000,-1.0000,-1.0000,-1.0000,-1.0000,-1.0000,-1.0000,-1.0000,-1.0000,-1.0000,-1.0000,-1.0000,-1.0000,-1.0000,-1.0000,-1.0000,-1.0000,-1.0000,-1.0000,-1.0000,-1.0000,-1.0000,-1.0000,-1.0000,-1.0000,-1.0000,-1.0000,-1.0000,-1.0000,-1.0000,-1.0000,-1.0000,-1.0000,-1.0000,-1.0000,-1.0000,-1.0000,-1.0000,-1.0000,-1.0000,-1.0000,-1.0000,-1.0000,-1.0000,-1.0000,-1.0000,-1.0000,-1.0000,-1.0000,-1.0000,-1.0000,-1.0000,-1.0000,-1.0000,-1.0000,-1.0000,-1.0000,-1.0000,-1.0000,-1.0000,-1.0000,-1.0000,-1.0000,-1.0000,-1.0000,-1.0000,-1.0000,-1.0000,-1.0000,-1.0000,-1.0000,-1.0000,-1.0000,-1.0000,-1.0000,-1.0000,-1.0000,-1.0000,-1.0000,-1.0000,-1.0000,-1.0000,-1.0000,-1.0000,-1.0000,-1.0000,-1.0000,-1.0000,-1.0000,-1.0000,-1.0000,-1.0000,-1.0000,-1.0000,-1.0000,-1.0000,1.2617,1.3317,1.2516,1.2151,1.2997,1.2695,1.4498,1.5513,1.4520,1.3727,1.5737,1.3536,1.3294,1.4938,1.4343,1.3092,1.5111,1.4758,1.4043,1.4291,1.4513,1.4450,1.3911,1.4321,1.4490,1.5354,1.4485,1.5018,1.4623,1.4596,1.5067,1.5890,1.6499,1.5858,1.6248,1.6275,1.5670,1.6165,1.6677,1.6491,1.5160,1.4439,1.4711,1.4928,1.4782,1.4301,1.4816,1.4788,1.5731,1.4936,1.5463,1.5016,1.4893,1.5491,1.6330,1.6912,1.6297,1.6671,1.6663,1.6116,1.6507,1.7041,1.6898,0,1.0000,1.7176,0.0366,2.0882
22,0.0440,-0.9239,0.1365,2.2358,1.7176,0.0366,1.6762,0.1289,0.1901,0.0000,1.0272,1.0000,0.0001,0.0008,0.0000,-0.0000,-0.0017,-0.0003,-0.0002,0.0003,-0.0002,0.0001,-0.0016,-0.0003,-0.0003,0.0000,-0.0016,-0.0000,0.0051,-0.0003,-0.0002,0.0108,0.0001,0.0009,-0.0000,0.0051,0.0004,0.0002,0.0107,0.0001,0.0005,0.0000,0.0055,-0.0011,-0.0126,-0.0330,0.0724,0.0018,-0.0004,-0.0712,0.0559,-0.0163,0.0013,-0.3216,0.0005,-0.0660,0.0422,-0.0203,-0.0327,-0.0393,0.0048,0.2229,-0.0288,-0.0028,0.3849,0.0041,0.0306,-0.0003,0.2357,0.0015,0.0125,0.4117,0.0042,0.0235,0.0003,-1.0000,-1.0000,-1.0000,-1.0000,-1.0000,-1.0000,-1.0000,-1.0000,-1.0000,-1.0000,-1.0000,-1.0000,-1.0000,-1.0000,-1.0000,-1.0000,-1.0000,-1.0000,-1.0000,-1.0000,-1.0000,-1.0000,-1.0000,-1.0000,-1.0000,-1.0000,-1.0000,-1.0000,-1.0000,-1.0000,-1.0000,-1.0000,-1.0000,-1.0000,-1.0000,-1.0000,-1.0000,-1.0000,-1.0000,-1.0000,-1.0000,-1.0000,-1.0000,-1.0000,-1.0000,-1.0000,-1.0000,-1.0000,-1.0000,-1.0000,-1.0000,-1.0000,-1.0000,-1.0000,-1.0000,-1.0000,-1.0000,-1.0000,-1.0000,-1.0000,-1.0000,-1.0000,-1.0000,-1.0000,-1.0000,-1.0000,-1.0000,-1.0000,-1.0000,-1.0000,-1.0000,-1.0000,-1.0000,-1.0000,-1.0000,-1.0000,-1.0000,-1.0000,-1.0000,-1.0000,-1.0000,-1.0000,-1.0000,-1.0000,-1.0000,-1.0000,-1.0000,-1.0000,-1.0000,-1.0000,-1.0000,-1.0000,-1.0000,-1.0000,-1.0000,-1.0000,-1.0000,-1.0000,-1.0000,-1.0000,-1.0000,-1.0000,-1.0000,-1.0000,-1.0000,-1.0000,-1.0000,-1.0000,-1.0000,-1.0000,-1.0000,-1.0000,-1.0000,-1.0000,-1.0000,-1.0000,-1.0000,-1.0000,-1.0000,-1.0000,-1.0000,1.2598,1.3298,1.2497,1.2133,1.2978,1.2676,1.4498,1.5508,1.4511,1.3724,1.5733,1.3526,1.3288,1.4931,1.4342,1.3086,1.5105,1.4751,1.4034,1.4282,1.4506,1.4443,1.3906,1.4316,1.4484,1.5350,1.4481,1.5015,1.4621,1.4592,1.5064,1.5889,1.6497,1.5856,1.6247,1.6272,1.5668,1.6162,1.6675,1.6489,1.5154,1.4430,1.4703,1.4921,1.4775,1.4297,1.4811,1.4782,1.5727,1.4933,1.5460,1.5014,1.4888,1.5489,1.6329,1.6910,1.6295,1.6670,1.6660,1.6115,1.6505,1.7040,1.6897,0,1.0000,1.7176,0.0366,2.0882
22,0.0440,-0.9239,0.1365,2.2358,1.7176,0.0366,1.6762,0.1289,0.1901,0.0000,1.0272,1.0000,0.0001,0.0008,0.0000,-0.0000,-0.0017,-0.0003,-0.0002,0.0003,-0.0002,0.0001,-0.0016,-0.0003,-0.0003,0.0000,-0.0016,-0.0000,0.0051,-0.0003,-0.0002,0.0108,0.0001,0.0009,-0.0000,0.0051,0.0004,0.0002,0.0107,0.0001,0.0005,0.0000,0.0055,-0.0011,-0.0126,-0.0330,0.0724,0.0018,-0.0004,-0.0712,0.0559,-0.0163,0.0013,-0.3216,0.0005,-0.0660,0.0422,-0.0203,-0.0327,-0.0393,0.0048,0.2229,-0.0288,-0.0028,0.3849,0.0041,0.0306,-0.0003,0.2357,0.0015,0.0125,0.4117,0.0042,0.0235,0.0003,-1.0000,-1.0000,-1.0000,-1.0000,-1.0000,-1.0000,-1.0000,-1.0000,-1.0000,-1.0000,-1.0000,-1.0000,-1.0000,-1.0000,-1.0000,-1.0000,-1.0000,-1.0000,-1.0000,-1.0000,-1.0000,-1.0000,-1.0000,-1.0000,-1.0000,-1.0000,-1.0000,-1.0000,-1.0000,-1.0000,-1.0000,-1.0000,-1.0000,-1.0000,-1.0000,-1.0000,-1.0000,-1.0000,-1.0000,-1.0000,-1.0000,-1.0000,-1.0000,-1.0000,-1.0000,-1.0000,-1.0000,-1.0000,-1.0000,-1.0000,-1.0000,-1.0000,-1.0000,-1.0000,-1.0000,-1.0000,-1.0000,-1.0000,-1.0000,-1.0000,-1.0000,-1.0000,-1.0000,-1.0000,-1.0000,-1.0000,-1.0000,-1.0000,-1.0000,-1.0000,-1.0000,-1.0000,-1.0000,-1.0000,-1.0000,-1.0000,-1.0000,-1.0000,-1.0000,-1.0000,-1.0000,-1.0000,-1.0000,-1.0000,-1.0000,-1.0000,-1.0000,-1.0000,-1.0000,-1.0000,-1.0000,-1.0000,-1.0000,-1.0000,-1.0000,-1.0000,-1.0000,-1.0000,-1.0000,-1.0000,-1.0000,-1.0000,-1.0000,-1.0000,-1.0000,-1.0000,-1.0000,-1.0000,-1.0000,-1.0000,-1.0000,-1.0000,-1.0000,-1.0000,-1.0000,-1.0000,-1.0000,-1.0000,-1.0000,-1.0000,-1.0000,1.2598,1.3298,1.2497,1.2133,1.2978,1.2676,1.4498,1.5508,1.4511,1.3724,1.5733,1.3526,1.3288,1.4931,1.4342,1.3086,1.5105,1.4751,1.4034,1.4282,1.4506,1.4443,1.3906,1.4316,1.4484,1.5350,1.4481,1.5015,1.4621,1.4592,1.5064,1.5889,1.6497,1.5856,1.6247,1.6272,1.5668,1.6162,1.6675,1.6489,1.5154,1.4430,1.4703,1.4921,1.4775,1.4297,1.4811,1.4782,1.5727,1.4933,1.5460,1.5014,1.4888,1.5489,1.6329,1.6910,1.6295,1.6670,1.6660,1.6115,1.6505,1.7040,1.6897,0,1.0000,1.7176,0.0366,2.0882
23,0.0460,-0.9205,0.1365,2.2391,1.7176,0.0366,1.6566,0.1289,0.1901,0.0000,1.0272,1.0000,0.0001,0.0009,0.0000,-0.0000,-0.0018,-0.0003,-0.0003,0.0003,-0.0004,0.0001,-0.0018,-0.0002,-0.0003,0.0003,-0.0017,-0.0000,0.0056,-0.0004,-0.0002,0.0115,0.0001,0.0009,-0.0000,0.0056,0.0004,0.0002,0.0115,0.0001,0.0005,0.0000,0.0058,-0.0007,-0.0178,-0.0183,0.0739,0.0020,-0.0012,-0.0711,0.0258,-0.0185,-0.0039,-0.0710,0.0014,-0.0867,0.0236,-0.0071,0.1414,-0.0239,0.0028,0.2314,-0.0227,-0.0048,0.3865,0.0041,0.0306,-0.0003,0.2395,0.0079,0.0105,0.4022,0.0042,0.0241,0.0003,-1.0000,-1.0000,-1.0000,-1.0000,-1.0000,-1.0000,-1.0000,-1.0000,-1.0000,-1.0000,-1.0000,-1.0000,-1.0000,-1.0000,-1.0000,-1.0000,-1.0000,-1.0000,-1.0000,-1.0000,-1.0000,-1.0000,-1.0000,-1.0000,-1.0000,-1.0000,-1.0000,-1.0000,-1.0000,-1.0000,-1.0000,-1.0000,-1.0000,-1.0000,-1.0000,-1.0000,-1.0000,-1.0000,-1.0000,-1.0000,-1.0000,-1.0000,-1.0000,-1.0000,-1.0000,-1.0000,-1.0000,-1.0000,-1.0000,-1.0000,-1.0000,-1.0000,-1.0000,-1.0000,-1.0000,-1.0000,-1.0000,-1.0000,-1.0000,-1.0000,-1.0000,-1.0000,-1.0000,-1.0000,-1.0000,-1.0000,-1.0000,-1.0000,-1.0000,-1.0000,-1.0000,-1.0000,-1.0000,-1.0000,-1.0000,-1.0000,-1.0000,-1.0000,-1.0000,-1.0000,-1.0000,-1.0000,-1.0000,-1.0000,-1.0000,-1.0000,-1.0000,-1.0000,-1.0000,-1.0000,-1.0000,-1.0000,-1.0000,-1.0000,-1.0000,-1.0000,-1.0000,-1.0000,-1.0000,-1.0000,-1.0000,-1.0000,-1.0000,-1.0000,-1.0000,-1.0000,-1.0000,-1.0000,-1.0000,-1.0000,-1.0000,-1.0000,-1.0000,-1.0000,-1.0000,-1.0000,-1.0000,-1.0000,-1.0000,-1.0000,-1.0000,1.2579,1.3279,1.2479,1.2115,1.2959,1.2658,1.4497,1.5503,1.4502,1.3720,1.5729,1.3517,1.3283,1.4924,1.4340,1.3079,1.5099,1.4745,1.4025,1.4274,1.4498,1.4436,1.3902,1.4311,1.4478,1.5346,1.4477,1.5011,1.4618,1.4588,1.5062,1.5888,1.6494,1.5854,1.6245,1.6269,1.5667,1.6159,1.6673,1.6487,1.5147,1.4421,1.4695,1.4914,1.4768,1.4292,1.4806,1.4776,1.5723,1.4929,1.5456,1.5011,1.4884,1.5487,1.6328,1.6907,1.6293,1.6669,1.6657,1.6113,1.6502,1.7038,1.6895,0,1.0000,1.7176,0.0366,2.0882
24,0.0480,-0.9170,0.1366,2.2423,1.7176,0.0366,1.6370,0.1289,0.1901,0.0000,1.0271,1.0000,0.0001,0.0009,0.0000,-0.0000,-0.0020,-0.0002,-0.0003,0.0004,-0.0004,0.0001,-0.0020,-0.0002,-0.0003,0.0006,-0.0016,-0.0000,0.0061,-0.0004,-0.0002,0.0123,0.0001,0.0010,-0.0000,0.0061,0.0005,0.0002,0.0123,0.0001,0.0006,0.0000,0.0061,-0.0007,-0.0130,-0.0164,0.0777,0.0021,-0.0016,-0.0760,0.0212,-0.0190,0.0103,-0.0200,0.0010,-0.0886,0.0191,-0.0094,0.1264,0.0236,0.0025,0.2432,-0.0221,-0.0054,0.3985,0.0043,0.0310,-0.0003,0.2507,0.0097,0.0103,0.4125,0.0044,0.0255,0.0003,-1.0000,-1.0000,-1.0000,-1.0000,-1.0000,-1.0000,-1.0000,-1.0000,-1.0000,-1.0000,-1.0000,-1.0000,-1.0000,-1.0000,-1.0000,-1.0000,-1.0000,-1.0000,-1.0000,-1.0000,-1.0000,-1.0000,-1.0000,-1.0000,-1.0000,-1.0000,-1.0000,-1.0000,-1.0000,-1.0000,-1.0000,-1.0000,-1.0000,-1.0000,-1.0000,-1.0000,-1.0000,-1.0000,-1.0000,-1.0000,-1.0000,-1.0000,-1.0000,-1.0000,-1.0000,-1.0000,-1.0000,-1.0000,-1.0000,-1.0000,-1.0000,-1.0000,-1.0000,-1.0000,-1.0000,-1.0000,-1.0000,-1.0000,-1.0000,-1.0000,-1.0000,-1.0000,-1.0000,-1.0000,-1.0000,-1.0000,-1.0000,-1.0000,-1.0000,-1.0000,-1.0000,-1.0000,-1.0000,-1.0000,-1.0000,-1.0000,-1.0000,-1.0000,-1.0000,-1.0000,-1.0000,-1.0000,-1.0000,-1.0000,-1.0000,-1.0000,-1.0000,-1.0000,-1.0000,-1.0000,-1.0000,-1.0000,-1.0000,-1.0000,-1.0000,-1.0000,-1.0000,-1.0000,-1.0000,-1.0000,-1.0000,-1.0000,-1.0000,-1.0000,-1.0000,-1.0000,-1.0000,-1.0000,-1.0000,-1.0000,-1.0000,-1.0000,-1.0000,-1.0000,-1.0000,-1.0000,-1.0000,-1.0000,-1.0000,-1.0000,-1.0000,1.2560,1.3260,1.2460,1.2097,1.2940,1.2640,1.4497,1.5498,1.4493,1.3717,1.5725,1.3507,1.3278,1.4916,1.4339,1.3073,1.5093,1.4738,1.4015,1.4266,1.4491,1.4428,1.3897,1.4305,1.4472,1.5342,1.4474,1.5007,1.4615,1.4583,1.5060,1.5886,1.6491,1.5852,1.6244,1.6266,1.5665,1.6156,1.6671,1.6485,1.5141,1.4412,1.4687,1.4907,1.4761,1.4288,1.4801,1.4771,1.5719,1.4926,1.5452,1.5009,1.4880,1.5485,1.6327,1.6904,1.6291,1.6667,1.6654,1.6111,1.6499,1.7036,1.6893,0,1.0000,1.7176,0.0366,2.0882
24,0.0480,-0.9170,0.1366,2.2423,1.7176,0.0366,1.6370,0.1289,0.1901,0.0000,1.0271,1.0000,0.0001,0.0009,0.0000,-0.0000,-0.0020,-0.0002,-0.0003,0.0004,-0.0004,0.0001,-0.0020,-0.0002,-0.0003,0.0006,-0.0016,-0.0000,0.0061,-0.0004,-0.0002,0.0123,0.0001,0.0010,-0.0000,0.0061,0.0005,0.0002,0.0123,0.0001,0.0006,0.0000,0.0061,-0.0007,-0.0130,-0.0164,0.0777,0.0021,-0.0016,-0.0760,0.0212,-0.0190,0.0103,-0.0200,0.0010,-0.0886,0.0191,-0.0094,0.1264,0.0236,0.0025,0.2432,-0.0221,-0.0054,0.3985,0.0043,0.0310,-0.0003,0.2507,0.0097,0.0103,0.4125,0.0044,0.0255,0.0003,-1.0000,-1.0000,-1.0000,-1.0000,-1.0000,-1.0000,-1.0000,-1.0000,-1.0000,-1.0000,-1.0000,-1.0000,-1.0000,-1.0000,-1.0000,-1.0000,-1.0000,-1.0000,-1.0000,-1.0000,-1.0000,-1.0000,-1.0000,-1.0000,-1.0000,-1.0000,-1.0000,-1.0000,-1.0000,-1.0000,-1.0000,-1.0000,-1.0000,-1.0000,-1.0000,-1.0000,-1.0000,-1.0000,-1.0000,-1.0000,-1.0000,-1.0000,-1.0000,-1.0000,-1.0000,-1.0000,-1.0000,-1.0000,-1.0000,-1.0000,-1.0000,-1.0000,-1.0000,-1.0000,-1.0000,-1.0000,-1.0000,-1.0000,-1.0000,-1.0000,-1.0000,-1.0000,-1.0000,-1.0000,-1.0000,-1.0000,-1.0000,-1.0000,-1.0000,-1.0000,-1.0000,-1.0000,-1.0000,-1.0000,-1.0000,-1.0000,-1.0000,-1.0000,-1.0000,-1.0000,-1.0000,-1.0000,-1.0000,-1.0000,-1.0000,-1.0000,-1.0000,-1.0000,-1.0000,-1.0000,-1.0000,-1.0000,-1.0000,-1.0000,-1.0000,-1.0000,-1.0000,-1.0000,-1.0000,-1.0000,-1.0000,-1.0000,-1.0000,-1.0000,-1.0000,-1.0000,-1.0000,-1.0000,-1.0000,-1.0000,-1.0000,-1.0000,-1.0000,-1.0000,-1.0000,-1.0000,-1.0000,-1.0000,-1.0000,-1.0000,-1.0000,1.2560,1.3260,1.2460,1.2097,1.2940,1.2640,1.4497,1.5498,1.4493,1.3717,1.5725,1.3507,1.3278,1.4916,1.4339,1.3073,1.5093,1.4738,1.4015,1.4266,1.4491,1.4428,1.3897,1.4305,1.4472,1.5342,1.4474,1.5007,1.4615,1.4583,1.5060,1.5886,1.6491,1.5852,1.6244,1.6266,1.5665,1.6156,1.6671,1.6485,1.5141,1.4412,1.4687,1.4907,1.4761,1.4288,1.4801,1.4771,1.5719,1.4926,1.5452,1.5009,1.4880,1.5485,1.6327,1.6904,1.6291,1.6667,1.6654,1.6111,1.6499,1.7036,1.6893,0,1.0000,1.7176,0.0366,2.0882
25,0.0500,-0.9136,0.1367,2.2456,1.7176,0.0366,1.6174,0.1289,0.1902,0.0000,1.0271,1.0000,0.0001,0.0010,0.0000,-0.0000,-0.0021,-0.0002,-0.0004,0.0004,-0.0004,0.0001,-0.0021,-0.0001,-0.0003,0.0007,-0.0017,0.0000,0.0066,-0.0004,-0.0003,0.0132,0.0001,0.0011,-0.0000,0.0066,0.0005,0.0002,0.0131,0.0001,0.0006,0.0000,0.0064,-0.0004,-0.0098,-0.0107,0.0814,0.0021,-0.0019,-0.0806,0.0119,-0.0196,0.0223,0.0241,0.0010,-0.0867,0.0138,-0.0146,0.0797,-0.0155,0.0019,0.2545,-0.0204,-0.0064,0.4080,0.0045,0.0313,-0.0003,0.2602,0.0123,0.0095,0.4176,0.0046,0.0268,0.0003,-1.0000,-1.0000,-1.0000,-1.0000,-1.0000,-1.0000,-1.0000,-1.0000,-1.0000,-1.0000,-1.0000,-1.0000,-1.0000,-1.0000,-1.0000,-1.0000,-1.0000,-1.0000,-1.0000,-1.0000,-1.0000,-1.0000,-1.0000,-1.0000,-1.0000,-1.0000,-1.0000,-1.0000,-1.0000,-1.0000,-1.0000,-1.0000,-1.0000,-1.0000,-1.0000,-1.0000,-1.0000,-1.0000,-1.0000,-1.0000,-1.0000,-1.0000,-1.0000,-1.0000,-1.0000,-1.0000,-1.0000,-1.0000,-1.0000,-1.0000,-1.0000,-1.0000,-1.0000,-1.0000,-1.0000,-1.0000,-1.0000,-1.0000,-1.0000,-1.0000,-1.0000,-1.0000,-1.0000,-1.0000,-1.0000,-1.0000,-1.0000,-1.0000,-1.0000,-1.0000,-1.0000,-1.0000,-1.0000,-1.0000,-1.0000,-1.0000,-1.0000,-1.0000,-1.0000,-1.0000,-1.0000,-1.0000,-1.0000,-1.0000,-1.0000,-1.0000,-1.0000,-1.0000,-1.0000,-1.0000,-1.0000,-1.0000,-1.0000,-1.0000,-1.0000,-1.0000,-1.0000,-1.0000,-1.0000,-1.0000,-1.0000,-1.0000,-1.0000,-1.0000,-1.0000,-1.0000,-1.0000,-1.0000,-1.0000,-1.0000,-1.0000,-1.0000,-1.0000,-1.0000,-1.0000,-1.0000,-1.0000,-1.0000,-1.0000,-1.0000,-1.0000,1.2541,1.3242,1.2442,1.2079,1.2921,1.2622,1.4496,1.5493,1.4484,1.3713,1.5721,1.3497,1.3273,1.4909,1.4338,1.3067,1.5086,1.4731,1.4006,1.4257,1.4483,1.4421,1.3892,1.4299,1.4466,1.5337,1.4470,1.5003,1.4612,1.4579,1.5057,1.5885,1.6488,1.5849,1.6242,1.6263,1.5663,1.6152,1.6669,1.6483,1.5134,1.4403,1.4679,1.4900,1.4754,1.4283,1.4795,1.4765,1.5715,1.4922,1.5448,1.5006,1.4876,1.5482,1.6325,1.6902,1.6288,1.6665,1.6651,1.6110,1.6496,1.7034,1.6891,0,1.0000,1.7176,0.0366,2.0882
26,0.0520,-0.9102,0.1367,2.2488,1.7176,0.0366,1.5977,0.1289,0.1902,0.0000,1.0271,1.0000,0.0001,0.0011,0.0000,-0.0000,-0.0023,-0.0002,-0.0004,0.0005,-0.0003,0.0001,-0.0023,-0.0001,-0.0004,0.0008,-0.0018,0.0000,0.0071,-0.0005,-0.0003,0.0140,0.0001,0.0011,-0.0000,0.0072,0.0005,0.0003,0.0140,0.0001,0.0007,0.0000,0.0067,-0.0002,-0.0072,-0.0057,0.0850,0.0020,-0.0021,-0.0848,0.0039,-0.0203,0.0322,0.0604,0.0010,-0.0853,0.0094,-0.0193,0.0395,-0.0534,0.0013,0.2651,-0.0189,-0.0072,0.4150,0.0047,0.0317,-0.0003,0.2692,0.0146,0.0089,0.4209,0.0048,0.0280,0.0003,-1.0000,-1.0000,-1.0000,-1.0000,-1.0000,-1.0000,-1.0000,-1.0000,-1.0000,-1.0000,-1.0000,-1.0000,-1.0000,-1.0000,-1.0000,-1.0000,-1.0000,-1.0000,-1.0000,-1.0000,-1.0000,-1.0000,-1.0000,-1.0000,-1.0000,-1.0000,-1.0000,-1.0000,-1.0000,-1.0000,-1.0000,-1.0000,-1.0000,-1.0000,-1.0000,-1.0000,-1.0000,-1.0000,-1.0000,-1.0000,-1.0000,-1.0000,-1.0000,-1.0000,-1.0000,-1.0000,-1.0000,-1.0000,-1.0000,-1.0000,-1.0000,-1.0000,-1.0000,-1.0000,-1.0000,-1.0000,-1.0000,-1.0000,-1.0000,-1.0000,-1.0000,-1.0000,-1.0000,-1.0000,-1.0000,-1.0000,-1.0000,-1.0000,-1.0000,-1.0000,-1.0000,-1.0000,-1.0000,-1.0000,-1.0000,-1.0000,-1.0000,-1.0000,-1.0000,-1.0000,-1.0000,-1.0000,-1.0000,-1.0000,-1.0000,-1.0000,-1.0000,-1.0000,-1.0000,-1.0000,-1.0000,-1.0000,-1.0000,-1.0000,-1.0000,-1.0000,-1.0000,-1.0000,-1.0000,-1.0000,-1.0000,-1.0000,-1.0000,-1.0000,-1.0000,-1.0000,-1.0000,-1.0000,-1.0000,-1.0000,-1.0000,-1.0000,-1.0000,-1.0000,-1.0000,-1.0000,-1.0000,-1.0000,-1.0000,-1.0000,-1.0000,1.2522,1.3223,1.2424,1.2061,1.2903,1.2604,1.4495,1.5488,1.4475,1.3709,1.5716,1.3487,1.3268,1.4901,1.4336,1.3060,1.5080,1.4724,1.3996,1.4249,1.4476,1.4414,1.3887,1.4294,1.4460,1.5333,1.4466,1.4999,1.4609,1.4574,1.5055,1.5883,1.6485,1.5846,1.6239,1.6259,1.5661,1.6149,1.6666,1.6480,1.5128,1.4394,1.4671,1.4892,1.4747,1.4278,1.4790,1.4759,1.5711,1.4918,1.5445,1.5003,1.4871,1.5480,1.6324,1.6899,1.6286,1.6663,1.6648,1.6108,1.6492,1.7031,1.6888,0,1.0000,1.7176,0.0366,2.0882
26,0.0520,-0.9102,0.1367,2.2488,1.7176,0.0366,1.5977,0.1289,0.1902,0.0000,1.0271,1.0000,0.0001,0.0011,0.0000,-0.0000,-0.0023,-0.0002,-0.0004,0.0005,-0.0003,0.0001,-0.0023,-0.0001,-0.0004,0.0008,-0.0018,0.0000,0.0071,-0.0005,-0.0003,0.0140,0.0001,0.0011,-0.0000,0.0072,0.0005,0.0003,0.0140,0.0001,0.0007,0.0000,0.0067,-0.0002,-0.0072,-0.0057,0.0850,0.0020,-0.0021,-0.0848,0.0039,-0.0203,0.0322,0.0604,0.0010,-0.0853,0.0094,-0.0193,0.0395,-0.0534,0.0013,0.2651,-0.0189,-0.0072,0.4150,0.0047,0.0317,-0.0003,0.2692,0.0146,0.0089,0.4209,0.0048,0.0280,0.0003,-1.0000,-1.0000,-1.0000,-1.0000,-1.0000,-1.0000,-1.0000,-1.0000,-1.0000,-1.0000,-1.0000,-1.0000,-1.0000,-1.0000,-1.0000,-1.0000,-1.0000,-1.0000,-1.0000,-1.0000,-1.0000,-1.0000,-1.0000,-1.0000,-1.0000,-1.0000,-1.0000,-1.0000,-1.0000,-1.0000,-1.0000,-1.0000,-1.0000,-1.0000,-1.0000,-1.0000,-1.0000,-1.0000,-1.0000,-1.0000,-1.0000,-1.0000,-1.0000,-1.0000,-1.0000,-1.0000,-1.0000,-1.0000,-1.0000,-1.0000,-1.0000,-1.0000,-1.0000,-1.0000,-1.0000,-1.0000,-1.0000,-1.0000,-1.0000,-1.0000,-1.0000,-1.0000,-1.0000,-1.0000,-1.0000,-1.0000,-1.0000,-1.0000,-1.0000,-1.0000,-1.0000,-1.0000,-1.0000,-1.0000,-1.0000,-1.0000,-1.0000,-1.0000,-1.0000,-1.0000,-1.0000,-1.0000,-1.0000,-1.0000,-1.0000,-1.0000,-1.0000,-1.0000,-1.0000,-1.0000,-1.0000,-1.0000,-1.0000,-1.0000,-1.0000,-1.0000,-1.0000,-1.0000,-1.0000,-1.0000,-1.0000,-1.0000,-1.0000,-1.0000,-1.0000,-1.0000,-1.0000,-1.0000,-1.0000,-1.0000,-1.0000,-1.0000,-1.0000,-1.0000,-1.0000,-1.0000,-1.0000,-1.0000,-1.0000,-1.0000,-1.0000,1.2522,1.3223,1.2424,1.2061,1.2903,1.2604,1.4495,1.5488,1.4475,1.3709,1.5716,1.3487,1.3268,1.4901,1.4336,1.3060,1.5080,1.4724,1.3996,1.4249,1.4476,1.4414,1.3887,1.4294,1.4460,1.5333,1.4466,1.4999,1.4609,1.4574,1.5055,1.5883,1.6485,1.5846,1.6239,1.6259,1.5661,1.6149,1.6666,1.6480,1.5128,1.4394,1.4671,1.4892,1.4747,1.4278,1.4790,1.4759,1.5711,1.4918,1.5445,1.5003,1.4871,1.5480,1.6324,1.6899,1.6286,1.6663,1.6648,1.6108,1.6492,1.7031,1.6888,0,1.0000,1.7176,0.0366,2.0882
27,0.0540,-0.9067,0.1368,2.2519,1.7176,0.0366,1.5781,0.1289,0.1902,0.0000,1.0271,1.0000,0.0001,0.0012,0.0000,-0.0000,-0.0025,-0.0002,-0.0004,0.0005,0.0002,0.0001,-0.0025,-0.0001,-0.0004,0.0008,-0.0020,0.0000,0.0077,-0.0005,-0.0003,0.0148,0.0001,0.0012,-0.0000,0.0077,0.0005,0.0003,0.0148,0.0001,0.0007,0.0000,0.0069,-0.0009,-0.0082,-0.0168,0.0879,0.0021,-0.0027,-0.0861,0.0101,-0.0226,0.0228,0.2204,0.0008,-0.0834,0.0255,-0.0240,0.0024,-0.0976,0.0026,0.2710,-0.0224,-0.0059,0.4095,0.0049,0.0316,-0.0003,0.2785,0.0115,0.0101,0.4227,0.0050,0.0292,0.0003,-1.0000,-1.0000,-1.0000,-1.0000,-1.0000,-1.0000,-1.0000,-1.0000,-1.0000,-1.0000,-1.0000,-1.0000,-1.0000,-1.0000,-1.0000,-1.0000,-1.0000,-1.0000,-1.0000,-1.0000,-1.0000,-1.0000,-1.0000,-1.0000,-1.0000,-1.0000,-1.0000,-1.0000,-1.0000,-1.0000,-1.0000,-1.0000,-1.0000,-1.0000,-1.0000,-1.0000,-1.0000,-1.0000,-1.0000,-1.0000,-1.0000,-1.0000,-1.0000,-1.0000,-1.0000,-1.0000,-1.0000,-1.0000,-1.0000,-1.0000,-1.0000,-1.0000,-1.0000,-1.0000,-1.0000,-1.0000,-1.0000,-1.0000,-1.0000,-1.0000,-1.0000,-1.0000,-1.0000,-1.0000,-1.0000,-1.0000,-1.0000,-1.0000,-1.0000,-1.0000,-1.0000,-1.0000,-1.0000,-1.0000,-1.0000,-1.0000,-1.0000,-1.0000,-1.0000,-1.0000,-1.0000,-1.0000,-1.0000,-1.0000,-1.0000,-1.0000,-1.0000,-1.0000,-1.0000,-1.0000,-1.0000,-1.0000,-1.0000,-1.0000,-1.0000,-1.0000,-1.0000,-1.0000,-1.0000,-1.0000,-1.0000,-1.0000,-1.0000,-1.0000,-1.0000,-1.0000,-1.0000,-1.0000,-1.0000,-1.0000,-1.0000,-1.0000,-1.0000,-1.0000,-1.0000,-1.0000,-1.0000,-1.0000,-1.0000,-1.0000,-1.0000,1.2504,1.3205,1.2405,1.2043,1.2884,1.2586,1.4494,1.5482,1.4466,1.3706,1.5712,1.3478,1.3262,1.4894,1.4334,1.3054,1.5073,1.4717,1.3987,1.4240,1.4468,1.4406,1.3882,1.4288,1.4453,1.5328,1.4461,1.4995,1.4606,1.4569,1.5052,1.5881,1.6482,1.5843,1.6237,1.6255,1.5658,1.6145,1.6663,1.6477,1.5121,1.4384,1.4663,1.4885,1.4739,1.4273,1.4784,1.4752,1.5706,1.4914,1.5440,1.5000,1.4867,1.5477,1.6322,1.6895,1.6283,1.6661,1.6644,1.6105,1.6489,1.7029,1.6886,0,1.0000,1.7176,0.0366,2.0882
27,0.0540,-0.9067,0.1368,2.2519,1.7176,0.0366,1.5781,0.1289,0.1902,0.0000,1.0271,1.0000,0.0001,0.0012,0.0000,-0.0000,-0.0025,-0.0002,-0.0004,0.0005,0.0002,0.0001,-0.0025,-0.0001,-0.0004,0.0008,-0.0020,0.0000,0.0077,-0.0005,-0.0003,0.0148,0.0001,0.0012,-0.0000,0.0077,0.0005,0.0003,0.0148,0.0001,0.0007,0.0000,0.0069,-0.0009,-0.0082,-0.0168,0.0879,0.0021,-0.0027,-0.0861,0.0101,-0.0226,0.0228,0.2204,0.0008,-0.0834,0.0255,-0.0240,0.0024,-0.0976,0.0026,0.2710,-0.0224,-0.0059,0.4095,0.0049,0.0316,-0.0003,0.2785,0.0115,0.0101,0.4227,0.0050,0.0292,0.0003,-1.0000,-1.0000,-1.0000,-1.0000,-1.0000,-1.0000,-1.0000,-1.0000,-1.0000,-1.0000,-1.0000,-1.0000,-1.0000,-1.0000,-1.0000,-1.0000,-1.0000,-1.0000,-1.0000,-1.0000,-1.0000,-1.0000,-1.0000,-1.0000,-1.0000,-1.0000,-1.0000,-1.0000,-1.0000,-1.0000,-1.0000,-1.0000,-1.0000,-1.0000,-1.0000,-1.0000,-1.0000,-1.0000,-1.0000,-1.0000,-1.0000,-1.0000,-1.0000,-1.0000,-1.0000,-1.0000,-1.0000,-1.0000,-1.0000,-1.0000,-1.0000,-1.0000,-1.0000,-1.0000,-1.0000,-1.0000,-1.0000,-1.0000,-1.0000,-1.0000,-1.0000,-1.0000,-1.0000,-1.0000,-1.0000,-1.0000,-1.0000,-1.0000,-1.0000,-1.0000,-1.0000,-1.0000,-1.0000,-1.0000,-1.0000,-1.0000,-1.0000,-1.0000,-1.0000,-1.0000,-1.0000,-1.0000,-1.0000,-1.0000,-1.0000,-1.0000,-1.0000,-1.0000,-1.0000,-1.0000,-1.0000,-1.0000,-1.0000,-1.0000,-1.0000,-1.0000,-1.0000,-1.0000,-1.0000,-1.0000,-1.0000,-1.0000,-1.0000,-1.0000,-1.0000,-1.0000,-1.0000,-1.0000,-1.0000,-1.0000,-1.0000,-1.0000,-1.0000,-1.0000,-1.0000,-1.0000,-1.0000,-1.0000,-1.0000,-1.0000,-1.0000,1.2504,1.3205,1.2405,1.2043,1.2884,1.2586,1.4494,1.5482,1.4466,1.3706,1.5712,1.3478,1.3262,1.4894,1.4334,1.3054,1.5073,1.4717,1.3987,1.4240,1.4468,1.4406,1.3882,1.4288,1.4453,1.5328,1.4461,1.4995,1.4606,1.4569,1.5052,1.5881,1.6482,1.5843,1.6237,1.6255,1.5658,1.6145,1.6663,1.6477,1.5121,1.4384,1.4663,1.4885,1.4739,1.4273,1.4784,1.4752,1.5706,1.4914,1.5440,1.5000,1.4867,1.5477,1.6322,1.6895,1.6283,1.6661,1.6644,1.6105,1.6489,1.7029,1.6886,0,1.0000,1.7176,0.0366,2.0882
28,0.0560,-0.9033,0.1369,2.2551,1.7176,0.0366,1.5585,0.1289,0.1902,0.0000,1.0271,1.0000,0.0000,0.0013,0.0000,-0.0000,-0.0026,-0.0001,-0.0005,0.0005,0.0002,0.0001,-0.0026,-0.0000,-0.0005,0.0008,-0.0022,0.0000,0.0082,-0.0006,-0.0003,0.0156,0.0001,0.0012,-0.0000,0.0083,0.0006,0.0003,0.0157,0.0001,0.0008,0.0000,0.0072,-0.0009,-0.0085,-0.0235,0.0909,0.0023,-0.0020,-0.0878,0.0273,-0.0246,0.0147,0.0270,0.0005,-0.0821,0.0356,-0.0283,-0.0295,-0.1388,0.0031,0.2776,-0.0255,-0.0053,0.4057,0.0051,0.0317,-0.0003,0.2870,0.0088,0.0106,0.4230,0.0053,0.0303,0.0003,-1.0000,-1.0000,-1.0000,-1.0000,-1.0000,-1.0000,-1.0000,-1.0000,-1.0000,-1.0000,-1.0000,-1.0000,-1.0000,-1.0000,-1.0000,-1.0000,-1.0000,-1.0000,-1.0000,-1.0000,-1.0000,-1.0000,-1.0000,-1.0000,-1.0000,-1.0000,-1.0000,-1.0000,-1.0000,-1.0000,-1.0000,-1.0000,-1.0000,-1.0000,-1.0000,-1.0000,-1.0000,-1.0000,-1.0000,-1.0000,-1.0000,-1.0000,-1.0000,-1.0000,-1.0000,-1.0000,-1.0000,-1.0000,-1.0000,-1.0000,-1.0000,-1.0000,-1.0000,-1.0000,-1.0000,-1.0000,-1.0000,-1.0000,-1.0000,-1.0000,-1.0000,-1.0000,-1.0000,-1.0000,-1.0000,-1.0000,-1.0000,-1.0000,-1.0000,-1.0000,-1.0000,-1.0000,-1.0000,-1.0000,-1.0000,-1.0000,-1.0000,-1.0000,-1.0000,-1.0000,-1.0000,-1.0000,-1.0000,-1.0000,-1.0000,-1.0000,-1.0000,-1.0000,-1.0000,-1.0000,-1.0000,-1.0000,-1.0000,-1.0000,-1.0000,-1.0000,-1.0000,-1.0000,-1.0000,-1.0000,-1.0000,-1.0000,-1.0000,-1.0000,-1.0000,-1.0000,-1.0000,-1.0000,-1.0000,-1.0000,-1.0000,-1.0000,-1.0000,-1.0000,-1.0000,-1.0000,-1.0000,-1.0000,-1.0000,-1.0000,-1.0000,1.2485,1.3186,1.2387,1.2025,1.2865,1.2567,1.4493,1.5477,1.4457,1.3702,1.5707,1.3468,1.3257,1.4886,1.4332,1.3047,1.5066,1.4710,1.3977,1.4231,1.4460,1.4398,1.3877,1.4282,1.4447,1.5323,1.4457,1.4990,1.4603,1.4564,1.5049,1.5878,1.6478,1.5840,1.6235,1.6252,1.5656,1.6141,1.6661,1.6474,1.5115,1.4375,1.4654,1.4877,1.4732,1.4268,1.4779,1.4746,1.5702,1.4910,1.5436,1.4997,1.4862,1.5474,1.6320,1.6892,1.6280,1.6659,1.6641,1.6103,1.6485,1.7026,1.6883,0,1.0000,1.7176,0.0366,2.0882
29,0.0580,-0.8998,0.1370,2.2581,1.7176,0.0366,1.5389,0.1289,0.1902,0.0000,1.0271,1.0000,0.0000,0.0014,0.0000,-0.0000,-0.0028,-0.0000,-0.0005,0.0006,-0.0001,0.0001,-0.0028,0.0000,-0.0005,0.0007,-0.0021,0.0000,0.0088,-0.0006,-0.0003,0.0164,0.0001,0.0013,-0.0000,0.0089,0.0006,0.0003,0.0165,0.0001,0.0008,0.0000,0.0074,-0.0009,-0.0113,-0.0227,0.0933,0.0022,-0.0020,-0.0888,0.0360,-0.0267,0.0089,-0.1678,0.0002,-0.0840,0.0250,-0.0298,-0.0275,0.0581,0.0030,0.2838,-0.0250,-0.0055,0.3998,0.0052,0.0317,-0.0003,0.2928,0.0093,0.0101,0.4160,0.0054,0.0313,0.0003,-1.0000,-1.0000,-1.0000,-1.0000,-1.0000,-1.0000,-1.0000,-1.0000,-1.0000,-1.0000,-1.0000,-1.0000,-1.0000,-1.0000,-1.0000,-1.0000,-1.0000,-1.0000,-1.0000,-1.0000,-1.0000,-1.0000,-1.0000,-1.0000,-1.0000,-1.0000,-1.0000,-1.0000,-1.0000,-1.0000,-1.0000,-1.0000,-1.0000,-1.0000,-1.0000,-1.0000,-1.0000,-1.0000,-1.0000,-1.0000,-1.0000,-1.0000,-1.0000,-1.0000,-1.0000,-1.0000,-1.0000,-1.0000,-1.0000,-1.0000,-1.0000,-1.0000,-1.0000,-1.0000,-1.0000,-1.0000,-1.0000,-1.0000,-1.0000,-1.0000,-1.0000,-1.0000,-1.0000,-1.0000,-1.0000,-1.0000,-1.0000,-1.0000,-1.0000,-1.0000,-1.0000,-1.0000,-1.0000,-1.0000,-1.0000,-1.0000,-1.0000,-1.0000,-1.0000,-1.0000,-1.0000,-1.0000,-1.0000,-1.0000,-1.0000,-1.0000,-1.0000,-1.0000,-1.0000,-1.0000,-1.0000,-1.0000,-1.0000,-1.0000,-1.0000,-1.0000,-1.0000,-1.0000,-1.0000,-1.0000,-1.0000,-1.0000,-1.0000,-1.0000,-1.0000,-1.0000,-1.0000,-1.0000,-1.0000,-1.0000,-1.0000,-1.0000,-1.0000,-1.0000,-1.0000,-1.0000,-1.0000,-1.0000,-1.0000,-1.0000,-1.0000,1.2466,1.3168,1.2369,1.2007,1.2847,1.2549,1.4491,1.5471,1.4448,1.3697,1.5703,1.3458,1.3251,1.4879,1.4330,1.3041,1.5060,1.4703,1.3967,1.4222,1.4452,1.4391,1.3871,1.4276,1.4440,1.5319,1.4453,1.4985,1.4599,1.4559,1.5046,1.5876,1.6474,1.5837,1.6232,1.6248,1.5653,1.6137,1.6658,1.6471,1.5108,1.4366,1.4646,1.4870,1.4725,1.4263,1.4773,1.4740,1.5697,1.4906,1.5432,1.4993,1.4857,1.5471,1.6317,1.6889,1.6277,1.6656,1.6637,1.6100,1.6482,1.7023,1.6880,0,1.0000,1.7176,0.0366,2.0882
29,0.0580,-0.8998,0.1370,2.2581,1.7176,0.0366,1.5389,0.1289,0.1902,0.0000,1.0271,1.0000,0.0000,0.0014,0.0000,-0.0000,-0.0028,-0.0000,-0.0005,0.0006,-0.0001,0.0001,-0.0028,0.0000,-0.0005,0.0007,-0.0021,0.0000,0.0088,-0.0006,-0.0003,0.0164,0.0001,0.0013,-0.0000,0.0089,0.0006,0.0003,0.0165,0.0001,0.0008,0.0000,0.0074,-0.0009,-0.0113,-0.0227,0.0933,0.0022,-0.0020,-0.0888,0.0360,-0.0267,0.0089,-0.1678,0.0002,-0.0840,0.0250,-0.0298,-0.0275,0.0581,0.0030,0.2838,-0.0250,-0.0055,0.3998,0.0052,0.0317,-0.0003,0.2928,0.0093,0.0101,0.4160,0.0054,0.0313,0.0003,-1.0000,-1.0000,-1.0000,-1.0000,-1.0000,-1.0000,-1.0000,-1.0000,-1.0000,-1.0000,-1.0000,-1.0000,-1.0000,-1.0000,-1.0000,-1.0000,-1.0000,-1.0000,-1.0000,-1.0000,-1.0000,-1.0000,-1.0000,-1.0000,-1.0000,-1.0000,-1.0000,-1.0000,-1.0000,-1.0000,-1.0000,-1.0000,-1.0000,-1.0000,-1.0000,-1.0000,-1.0000,-1.0000,-1.0000,-1.0000,-1.0000,-1.0000,-1.0000,-1.0000,-1.0000,-1.0000,-1.0000,-1.0000,-1.0000,-1.0000,-1.0000,-1.0000,-1.0000,-1.0000,-1.0000,-1.0000,-1.0000,-1.0000,-1.0000,-1.0000,-1.0000,-1.0000,-1.0000,-1.0000,-1.0000,-1.0000,-1.0000,-1.0000,-1.0000,-1.0000,-1.0000,-1.0000,-1.0000,-1.0000,-1.0000,-1.0000,-1.0000,-1.0000,-1.0000,-1.0000,-1.0000,-1.0000,-1.0000,-1.0000,-1.0000,-1.0000,-1.0000,-1.0000,-1.0000,-1.0000,-1.0000,-1.0000,-1.0000,-1.0000,-1.0000,-1.0000,-1.0000,-1.0000,-1.0000,-1.0000,-1.0000,-1.0000,-1.0000,-1.0000,-1.0000,-1.0000,-1.0000,-1.0000,-1.0000,-1.0000,-1.0000,-1.0000,-1.0000,-1.0000,-1.0000,-1.0000,-1.0000,-1.0000,-1.0000,-1.0000,-1.0000,1.2466,1.3168,1.2369,1.2007,1.2847,1.2549,1.4491,1.5471,1.4448,1.3697,1.5703,1.3458,1.3251,1.4879,1.4330,1.3041,1.5060,1.4703,1.3967,1.4222,1.4452,1.4391,1.3871,1.4276,1.4440,1.5319,1.4453,1.4985,1.4599,1.4559,1.5046,1.5876,1.6474,1.5837,1.6232,1.6248,1.5653,1.6137,1.6658,1.6471,1.5108,1.4366,1.4646,1.4870,1.4725,1.4263,1.4773,1.4740,1.5697,1.4906,1.5432,1.4993,1.4857,1.5471,1.6317,1.6889,1.6277,1.6656,1.6637,1.6100,1.6482,1.7023,1.6880,0,1.0000,1.7176,0.0366,2.0882
30,0.0600,-0.8964,0.1370,2.2612,1.7176,0.0366,1.5193,0.1289,0.1902,0.0000,1.0270,1.0000,-0.0000,0.0015,0.0000,-0.0000,-0.0030,0.0001,-0.0006,0.0010,-0.0004,0.0001,-0.0030,0.0001,-0.0006,0.0006,-0.0016,0.0000,0.0094,-0.0007,-0.0003,0.0172,0.0002,0.0014,-0.0000,0.0095,0.0006,0.0003,0.0173,0.0002,0.0009,0.0000,0.0076,-0.0017,-0.0173,-0.0342,0.0941,0.0021,-0.0016,-0.1112,0.0496,-0.0116,0.2035,-0.1432,-0.0002,-0.0839,0.0299,-0.0314,-0.0257,0.2558,0.0044,0.2861,-0.0278,-0.0040,0.3843,0.0054,0.0313,-0.0003,0.2984,0.0063,0.0111,0.4077,0.0056,0.0322,0.0003,-1.0000,-1.0000,-1.0000,-1.0000,-1.0000,-1.0000,-1.0000,-1.0000,-1.0000,-1.0000,-1.0000,-1.0000,-1.0000,-1.0000,-1.0000,-1.0000,-1.0000,-1.0000,-1.0000,-1.0000,-1.0000,-1.0000,-1.0000,-1.0000,-1.0000,-1.0000,-1.0000,-1.0000,-1.0000,-1.0000,-1.0000,-1.0000,-1.0000,-1.0000,-1.0000,-1.0000,-1.0000,-1.0000,-1.0000,-1.0000,-1.0000,-1.0000,-1.0000,-1.0000,-1.0000,-1.0000,-1.0000,-1.0000,-1.0000,-1.0000,-1.0000,-1.0000,-1.0000,-1.0000,-1.0000,-1.0000,-1.0000,-1.0000,-1.0000,-1.0000,-1.0000,-1.0000,-1.0000,-1.0000,-1.0000,-1.0000,-1.0000,-1.0000,-1.0000,-1.0000,-1.0000,-1.0000,-1.0000,-1.0000,-1.0000,-1.0000,-1.0000,-1.0000,-1.0000,-1.0000,-1.0000,-1.0000,-1.0000,-1.0000,-1.0000,-1.0000,-1.0000,-1.0000,-1.0000,-1.0000,-1.0000,-1.0000,-1.0000,-1.0000,-1.0000,-1.0000,-1.0000,-1.0000,-1.0000,-1.0000,-1.0000,-1.0000,-1.0000,-1.0000,-1.0000,-1.0000,-1.0000,-1.0000,-1.0000,-1.0000,-1.0000,-1.0000,-1.0000,-1.0000,-1.0000,-1.0000,-1.0000,-1.0000,-1.0000,-1.0000,-1.0000,1.2447,1.3149,1.2351,1.1989,1.2828,1.2531,1.4490,1.5466,1.4439,1.3693,1.5698,1.3448,1.3246,1.4871,1.4328,1.3034,1.5053,1.4696,1.3958,1.4214,1.4444,1.4383,1.3866,1.4270,1.4434,1.5314,1.4448,1.4981,1.4596,1.4554,1.5042,1.5874,1.6471,1.5834,1.6229,1.6244,1.5650,1.6133,1.6655,1.6468,1.5101,1.4357,1.4638,1.4862,1.4717,1.4258,1.4767,1.4733,1.5692,1.4902,1.5427,1.4990,1.4852,1.5468,1.6315,1.6885,1.6274,1.6654,1.6633,1.6098,1.6478,1.7021,1.6877,0,1.0000,1.7176,0.0366,2.0882
30,0.0600,-0.8964,0.1370,2.2612,1.7176,0.0366,1.5193,0.1289,0.1902,0.0000,1.0270,1.0000,-0.0000,0.0015,0.0000,-0.0000,-0.0030,0.0001,-0.0006,0.0010,-0.0004,0.0001,-0.0030,0.0001,-0.0006,0.0006,-0.0016,0.0000,0.0094,-0.0007,-0.0003,0.0172,0.0002,0.0014,-0.0000,0.0095,0.0006,0.0003,0.0173,0.0002,0.0009,0.0000,0.0076,-0.0017,-0.0173,-0.0342,0.0941,0.0021,-0.0016,-0.1112,0.0496,-0.0116,0.2035,-0.1432,-0.0002,-0.0839,0.0299,-0.0314,-0.0257,0.2558,0.0044,0.2861,-0.0278,-0.0040,0.3843,0.0054,0.0313,-0.0003,0.2984,0.0063,0.0111,0.4077,0.0056,0.0322,0.0003,-1.0000,-1.0000,-1.0000,-1.0000,-1.0000,-1.0000,-1.0000,-1.0000,-1.0000,-1.0000,-1.0000,-1.0000,-1.0000,-1.0000,-1.0000,-1.0000,-1.0000,-1.0000,-1.0000,-1.0000,-1.0000,-1.0000,-1.0000,-1.0000,-1.0000,-1.0000,-1.0000,-1.0000,-1.0000,-1.0000,-1.0000,-1.0000,-1.0000,-1.0000,-1.0000,-1.0000,-1.0000,-1.0000,-1.0000,-1.0000,-1.0000,-1.0000,-1.0000,-1.0000,-1.0000,-1.0000,-1.0000,-1.0000,-1.0000,-1.0000,-1.0000,-1.0000,-1.0000,-1.0000,-1.0000,-1.0000,-1.0000,-1.0000,-1.0000,-1.0000,-1.0000,-1.0000,-1.0000,-1.0000,-1.0000,-1.0000,-1.0000,-1.0000,-1.0000,-1.0000,-1.0000,-1.0000,-1.0000,-1.0000,-1.0000,-1.0000,-1.0000,-1.0000,-1.0000,-1.0000,-1.0000,-1.0000,-1.0000,-1.0000,-1.0000,-1.0000,-1.0000,-1.0000,-1.0000,-1.0000,-1.0000,-1.0000,-1.0000,-1.0000,-1.0000,-1.0000,-1.0000,-1.0000,-1.0000,-1.0000,-1.0000,-1.0000,-1.0000,-1.0000,-1.0000,-1.0000,-1.0000,-1.0000,-1.0000,-1.0000,-1.0000,-1.0000,-1.0000,-1.0000,-1.0000,-1.0000,-1.0000,-1.0000,-1.0000,-1.0000,-1.0000,1.2447,1.3149,1.2351,1.1989,1.2828,1.2531,1.4490,1.5466,1.4439,1.3693,1.5698,1.3448,1.3246,1.4871,1.4328,1.3034,1.5053,1.4696,1.3958,1.4214,1.4444,1.4383,1.3866,1.4270,1.4434,1.5314,1.4448,1.4981,1.4596,1.4554,1.5042,1.5874,1.6471,1.5834,1.6229,1.6244,1.5650,1.6133,1.6655,1.6468,1.5101,1.4357,1.4638,1.4862,1.4717,1.4258,1.4767,1.4733,1.5692,1.4902,1.5427,1.4990,1.4852,1.5468,1.6315,1.6885,1.6274,1.6654,1.6633,1.6098,1.6478,1.7021,1.6877,0,1.0000,1.7176,0.0366,2.0882
31,0.0620,-0.8930,0.1371,2.2642,1.7176,0.0366,1.4996,0.1289,0.1902,0.0000,1.0270,1.0000,-0.0000,0.0016,0.0000,-0.0000,-0.0032,0.0001,-0.0006,0.0012,-0.0009,0.0001,-0.0031,0.0001,-0.0007,0.0006,-0.0008,0.0000,0.0100,-0.0007,-0.0003,0.0180,0.0002,0.0014,-0.0000,0.0101,0.0006,0.0004,0.0181,0.0002,0.0010,0.0000,0.0079,-0.0011,-0.0174,-0.0215,0.0970,0.0019,-0.0009,-0.1043,0.0389,-0.0198,0.1199,-0.2500,-0.0004,-0.0866,0.0066,-0.0327,-0.0232,0.4075,0.0028,0.2950,-0.0230,-0.0057,0.3858,0.0055,0.0316,-0.0003,0.3031,0.0113,0.0091,0.3995,0.0057,0.0330,0.0003,-1.0000,-1.0000,-1.0000,-1.0000,-1.0000,-1.0000,-1.0000,-1.0000,-1.0000,-1.0000,-1.0000,-1.0000,-1.0000,-1.0000,-1.0000,-1.0000,-1.0000,-1.0000,-1.0000,-1.0000,-1.0000,-1.0000,-1.0000,-1.0000,-1.0000,-1.0000,-1.0000,-1.0000,-1.0000,-1.0000,-1.0000,-1.0000,-1.0000,-1.0000,-1.0000,-1.0000,-1.0000,-1.0000,-1.0000,-1.0000,-1.0000,-1.0000,-1.0000,-1.0000,-1.0000,-1.0000,-1.0000,-1.0000,-1.0000,-1.0000,-1.0000,-1.0000,-1.0000,-1.0000,-1.0000,-1.0000,-1.0000,-1.0000,-1.0000,-1.0000,-1.0000,-1.0000,-1.0000,-1.0000,-1.0000,-1.0000,-1.0000,-1.0000,-1.0000,-1.0000,-1.0000,-1.0000,-1.0000,-1.0000,-1.0000,-1.0000,-1.0000,-1.0000,-1.0000,-1.0000,-1.0000,-1.0000,-1.0000,-1.0000,-1.0000,-1.0000,-1.0000,-1.0000,-1.0000,-1.0000,-1.0000,-1.0000,-1.0000,-1.0000,-1.0000,-1.0000,-1.0000,-1.0000,-1.0000,-1.0000,-1.0000,-1.0000,-1.0000,-1.0000,-1.0000,-1.0000,-1.0000,-1.0000,-1.0000,-1.0000,-1.0000,-1.0000,-1.0000,-1.0000,-1.0000,-1.0000,-1.0000,-1.0000,-1.0000,-1.0000,-1.0000,1.2429,1.3131,1.2333,1.1972,1.2810,1.2514,1.4488,1.5460,1.4429,1.3689,1.5693,1.3438,1.3240,1.4863,1.4326,1.3027,1.5046,1.4689,1.3948,1.4205,1.4436,1.4375,1.3861,1.4263,1.4427,1.5309,1.4444,1.4976,1.4592,1.4549,1.5039,1.5871,1.6467,1.5830,1.6226,1.6240,1.5647,1.6129,1.6652,1.6465,1.5094,1.4347,1.4629,1.4854,1.4710,1.4253,1.4761,1.4727,1.5688,1.4897,1.5423,1.4986,1.4847,1.5465,1.6312,1.6882,1.6271,1.6651,1.6629,1.6095,1.6474,1.7017,1.6874,0,1.0000,1.7176,0.0366,2.0882
32,0.0640,-0.8895,0.1372,2.2671,1.7176,0.0366,1.4800,0.1289,0.1903,0.0000,1.0270,1.0000,-0.0001,0.0017,0.0000,-0.0000,-0.0034,0.0002,-0.0007,0.0013,-0.0016,0.0001,-0.0033,0.0001,-0.0007,0.0006,-0.0000,0.0000,0.0106,-0.0008,-0.0003,0.0187,0.0002,0.0015,-0.0000,0.0107,0.0006,0.0004,0.0189,0.0002,0.0010,0.0000,0.0081,-0.0012,-0.0139,-0.0265,0.1004,0.0020,-0.0007,-0.0998,0.0493,-0.0267,0.0544,-0.3364,-0.0007,-0.0923,0.0135,-0.0323,0.0009,0.3866,0.0033,0.3027,-0.0249,-0.0053,0.3864,0.0057,0.0319,-0.0003,0.3121,0.0098,0.0094,0.4029,0.0060,0.0343,0.0003,-1.0000,-1.0000,-1.0000,-1.0000,-1.0000,-1.0000,-1.0000,-1.0000,-1.0000,-1.0000,-1.0000,-1.0000,-1.0000,-1.0000,-1.0000,-1.0000,-1.0000,-1.0000,-1.0000,-1.0000,-1.0000,-1.0000,-1.0000,-1.0000,-1.0000,-1.0000,-1.0000,-1.0000,-1.0000,-1.0000,-1.0000,-1.0000,-1.0000,-1.0000,-1.0000,-1.0000,-1.0000,-1.0000,-1.0000,-1.0000,-1.0000,-1.0000,-1.0000,-1.0000,-1.0000,-1.0000,-1.0000,-1.0000,-1.0000,-1.0000,-1.0000,-1.0000,-1.0000,-1.0000,-1.0000,-1.0000,-1.0000,-1.0000,-1.0000,-1.0000,-1.0000,-1.0000,-1.0000,-1.0000,-1.0000,-1.0000,-1.0000,-1.0000,-1.0000,-1.0000,-1.0000,-1.0000,-1.0000,-1.0000,-1.0000,-1.0000,-1.0000,-1.0000,-1.0000,-1.0000,-1.0000,-1.0000,-1.0000,-1.0000,-1.0000,-1.0000,-1.0000,-1.0000,-1.0000,-1.0000,-1.0000,-1.0000,-1.0000,-1.0000,-1.0000,-1.0000,-1.0000,-1.0000,-1.0000,-1.0000,-1.0000,-1.0000,-1.0000,-1.0000,-1.0000,-1.0000,-1.0000,-1.0000,-1.0000,-1.0000,-1.0000,-1.0000,-1.0000,-1.0000,-1.0000,-1.0000,-1.0000,-1.0000,-1.0000,-1.0000,-1.0000,1.2410,1.3112,1.2315,1.1954,1.2791,1.2496,1.4487,1.5454,1.4420,1.3685,1.5688,1.3428,1.3234,1.4855,1.4324,1.3020,1.5039,1.4682,1.3938,1.4196,1.4428,1.4368,1.3855,1.4257,1.4420,1.5304,1.4439,1.4971,1.4588,1.4544,1.5036,1.5868,1.6463,1.5827,1.6224,1.6235,1.5644,1.6125,1.6648,1.6462,1.5087,1.4338,1.4621,1.4847,1.4702,1.4247,1.4755,1.4720,1.5683,1.4893,1.5418,1.4983,1.4842,1.5461,1.6310,1.6878,1.6268,1.6648,1.6625,1.6092,1.6470,1.7014,1.6871,0,1.0000,1.7176,0.0366,2.0882
32,0.0640,-0.8895,0.1372,2.2671,1.7176,0.0366,1.4800,0.1289,0.1903,0.0000,1.0270,1.0000,-0.0001,0.0017,0.0000,-0.0000,-0.0034,0.0002,-0.0007,0.0013,-0.0016,0.0001,-0.0033,0.0001,-0.0007,0.0006,-0.0000,0.0000,0.0106,-0.0008,-0.0003,0.0187,0.0002,0.0015,-0.0000,0.0107,0.0006,0.0004,0.0189,0.0002,0.0010,0.0000,0.0081,-0.0012,-0.0139,-0.0265,0.1004,0.0020,-0.0007,-0.0998,0.0493,-0.0267,0.0544,-0.3364,-0.0007,-0.0923,0.0135,-0.0323,0.0009,0.3866,0.0033,0.3027,-0.0249,-0.0053,0.3864,0.0057,0.0319,-0.0003,0.3121,0.0098,0.0094,0.4029,0.0060,0.0343,0.0003,-1.0000,-1.0000,-1.0000,-1.0000,-1.0000,-1.0000,-1.0000,-1.0000,-1.0000,-1.0000,-1.0000,-1.0000,-1.0000,-1.0000,-1.0000,-1.0000,-1.0000,-1.0000,-1.0000,-1.0000,-1.0000,-1.0000,-1.0000,-1.0000,-1.0000,-1.0000,-1.0000,-1.0000,-1.0000,-1.0000,-1.0000,-1.0000,-1.0000,-1.0000,-1.0000,-1.0000,-1.0000,-1.0000,-1.0000,-1.0000,-1.0000,-1.0000,-1.0000,-1.0000,-1.0000,-1.0000,-1.0000,-1.0000,-1.0000,-1.0000,-1.0000,-1.0000,-1.0000,-1.0000,-1.0000,-1.0000,-1.0000,-1.0000,-1.0000,-1.0000,-1.0000,-1.0000,-1.0000,-1.0000,-1.0000,-1.0000,-1.0000,-1.0000,-1.0000,-1.0000,-1.0000,-1.0000,-1.0000,-1.0000,-1.0000,-1.0000,-1.0000,-1.0000,-1.0000,-1.0000,-1.0000,-1.0000,-1.0000,-1.0000,-1.0000,-1.0000,-1.0000,-1.0000,-1.0000,-1.0000,-1.0000,-1.0000,-1.0000,-1.0000,-1.0000,-1.0000,-1.0000,-1.0000,-1.0000,-1.0000,-1.0000,-1.0000,-1.0000,-1.0000,-1.0000,-1.0000,-1.0000,-1.0000,-1.0000,-1.0000,-1.0000,-1.0000,-1.0000,-1.0000,-1.0000,-1.0000,-1.0000,-1.0000,-1.0000,-1.0000,-1.0000,1.2410,1.3112,1.2315,1.1954,1.2791,1.2496,1.4487,1.5454,1.4420,1.3685,1.5688,1.3428,1.3234,1.4855,1.4324,1.3020,1.5039,1.4682,1.3938,1.4196,1.4428,1.4368,1.3855,1.4257,1.4420,1.5304,1.4439,1.4971,1.4588,1.4544,1.5036,1.5868,1.6463,1.5827,1.6224,1.6235,1.5644,1.6125,1.6648,1.6462,1.5087,1.4338,1.4621,1.4847,1.4702,1.4247,1.4755,1.4720,1.5683,1.4893,1.5418,1.4983,1.4842,1.5461,1.6310,1.6878,1.6268,1.6648,1.6625,1.6092,1.6470,1.7014,1.6871,0,1.0000,1.7176,0.0366,2.0882
33,0.0660,-0.8861,0.1373,2.2700,1.7176,0.0366,1.4604,0.1289,0.1903,0.0000,1.0269,1.0000,-0.0001,0.0018,0.0000,-0.0000,-0.0036,0.0003,-0.0007,0.0013,-0.0023,0.0001,-0.0035,0.0001,-0.0008,0.0009,0.0006,0.0000,0.0112,-0.0008,-0.0003,0.0195,0.0002,0.0016,-0.0000,0.0113,0.0007,0.0004,0.0197,0.0002,0.0011,0.0000,0.0084,0.0002,-0.0158,-0.0005,0.1020,0.0018,-0.0002,-0.0934,0.0185,-0.0337,-0.0058,-0.3697,-0.0035,-0.1130,-0.0166,-0.0190,0.1674,0.3300,0.0003,0.3119,-0.0159,-0.0085,0.3882,0.0057,0.0323,-0.0004,0.3133,0.0186,0.0058,0.3861,0.0059,0.0350,0.0003,-1.0000,-1.0000,-1.0000,-1.0000,-1.0000,-1.0000,-1.0000,-1.0000,-1.0000,-1.0000,-1.0000,-1.0000,-1.0000,-1.0000,-1.0000,-1.0000,-1.0000,-1.0000,-1.0000,-1.0000,-1.0000,-1.0000,-1.0000,-1.0000,-1.0000,-1.0000,-1.0000,-1.0000,-1.0000,-1.0000,-1.0000,-1.0000,-1.0000,-1.0000,-1.0000,-1.0000,-1.0000,-1.0000,-1.0000,-1.0000,-1.0000,-1.0000,-1.0000,-1.0000,-1.0000,-1.0000,-1.0000,-1.0000,-1.0000,-1.0000,-1.0000,-1.0000,-1.0000,-1.0000,-1.0000,-1.0000,-1.0000,-1.0000,-1.0000,-1.0000,-1.0000,-1.0000,-1.0000,-1.0000,-1.0000,-1.0000,-1.0000,-1.0000,-1.0000,-1.0000,-1.0000,-1.0000,-1.0000,-1.0000,-1.0000,-1.0000,-1.0000,-1.0000,-1.0000,-1.0000,-1.0000,-1.0000,-1.0000,-1.0000,-1.0000,-1.0000,-1.0000,-1.0000,-1.0000,-1.0000,-1.0000,-1.0000,-1.0000,-1.0000,-1.0000,-1.0000,-1.0000,-1.0000,-1.0000,-1.0000,-1.0000,-1.0000,-1.0000,-1.0000,-1.0000,-1.0000,-1.0000,-1.0000,-1.0000,-1.0000,-1.0000,-1.0000,-1.0000,-1.0000,-1.0000,-1.0000,-1.0000,-1.0000,-1.0000,-1.0000,-1.0000,1.2392,1.3094,1.2296,1.1936,1.2773,1.2478,1.4485,1.5449,1.4411,1.3680,1.5683,1.3418,1.3228,1.4847,1.4321,1.3014,1.5032,1.4674,1.3928,1.4187,1.4420,1.4360,1.3849,1.4251,1.4413,1.5298,1.4434,1.4966,1.4584,1.4538,1.5032,1.5865,1.6459,1.5823,1.6220,1.6231,1.5641,1.6121,1.6645,1.6458,1.5080,1.4329,1.4612,1.4839,1.4695,1.4242,1.4749,1.4713,1.5678,1.4888,1.5413,1.4979,1.4837,1.5458,1.6307,1.6874,1.6264,1.6645,1.6621,1.6089,1.6466,1.7011,1.6867,0,1.0000,1.7176,0.0366,2.0882
33,0.0660,-0.8861,0.1373,2.2700,1.7176,0.0366,1.4604,0.1289,0.1903,0.0000,1.0269,1.0000,-0.0001,0.0018,0.0000,-0.0000,-0.0036,0.0003,-0.0007,0.0013,-0.0023,0.0001,-0.0035,0.0001,-0.0008,0.0009,0.0006,0.0000,0.0112,-0.0008,-0.0003,0.0195,0.0002,0.0016,-0.0000,0.0113,0.0007,0.0004,0.0197,0.0002,0.0011,0.0000,0.0084,0.0002,-0.0158,-0.0005,0.1020,0.0018,-0.0002,-0.0934,0.0185,-0.0337,-0.0058,-0.3697,-0.0035,-0.1130,-0.0166,-0.0190,0.1674,0.3300,0.0003,0.3119,-0.0159,-0.0085,0.3882,0.0057,0.0323,-0.0004,0.3133,0.0186,0.0058,0.3861,0.0059,0.0350,0.0003,-1.0000,-1.0000,-1.0000,-1.0000,-1.0000,-1.0000,-1.0000,-1.0000,-1.0000,-1.0000,-1.0000,-1.0000,-1.0000,-1.0000,-1.0000,-1.0000,-1.0000,-1.0000,-1.0000,-1.0000,-1.0000,-1.0000,-1.0000,-1.0000,-1.0000,-1.0000,-1.0000,-1.0000,-1.0000,-1.0000,-1.0000,-1.0000,-1.0000,-1.0000,-1.0000,-1.0000,-1.0000,-1.0000,-1.0000,-1.0000,-1.0000,-1.0000,-1.0000,-1.0000,-1.0000,-1.0000,-1.0000,-1.0000,-1.0000,-1.0000,-1.0000,-1.0000,-1.0000,-1.0000,-1.0000,-1.0000,-1.0000,-1.0000,-1.0000,-1.0000,-1.0000,-1.0000,-1.0000,-1.0000,-1.0000,-1.0000,-1.0000,-1.0000,-1.0000,-1.0000,-1.0000,-1.0000,-1.0000,-1.0000,-1.0000,-1.0000,-1.0000,-1.0000,-1.0000,-1.0000,-1.0000,-1.0000,-1.0000,-1.0000,-1.0000,-1.0000,-1.0000,-1.0000,-1.0000,-1.0000,-1.0000,-1.0000,-1.0000,-1.0000,-1.0000,-1.0000,-1.0000,-1.0000,-1.0000,-1.0000,-1.0000,-1.0000,-1.0000,-1.0000,-1.0000,-1.0000,-1.0000,-1.0000,-1.0000,-1.0000,-1.0000,-1.0000,-1.0000,-1.0000,-1.0000,-1.0000,-1.0000,-1.0000,-1.0000,-1.0000,-1.0000,1.2392,1.3094,1.2296,1.1936,1.2773,1.2478,1.4485,1.5449,1.4411,1.3680,1.5683,1.3418,1.3228,1.4847,1.4321,1.3014,1.5032,1.4674,1.3928,1.4187,1.4420,1.4360,1.3849,1.4251,1.4413,1.5298,1.4434,1.4966,1.4584,1.4538,1.5032,1.5865,1.6459,1.5823,1.6220,1.6231,1.5641,1.6121,1.6645,1.6458,1.5080,1.4329,1.4612,1.4839,1.4695,1.4242,1.4749,1.4713,1.5678,1.4888,1.5413,1.4979,1.4837,1.5458,1.6307,1.6874,1.6264,1.6645,1.6621,1.6089,1.6466,1.7011,1.6867,0,1.0000,1.7176,0.0366,2.0882
34,0.0680,-0.8827,0.1373,2.2729,1.7176,0.0366,1.4408,0.1289,0.1903,0.0000,1.0269,1.0000,-0.0001,0.0019,0.0000,-0.0000,-0.0038,0.0003,-0.0008,0.0012,-0.0031,0.0001,-0.0038,0.0001,-0.0008,0.0012,0.0009,0.0000,0.0118,-0.0008,-0.0004,0.0203,0.0002,0.0016,-0.0000,0.0120,0.0007,0.0004,0.0204,0.0002,0.0012,0.0000,0.0086,0.0010,-0.0144,0.0087,0.1051,0.0021,-0.0006,-0.0907,0.0079,-0.0393,-0.0518,-0.3948,-0.0020,-0.1113,-0.0181,-0.0233,0.1301,0.1139,-0.0011,0.3199,-0.0135,-0.0096,0.3885,0.0059,0.0326,-0.0004,0.3184,0.0210,0.0045,0.3800,0.0060,0.0359,0.0003,-1.0000,-1.0000,-1.0000,-1.0000,-1.0000,-1.0000,-1.0000,-1.0000,-1.0000,-1.0000,-1.0000,-1.0000,-1.0000,-1.0000,-1.0000,-1.0000,-1.0000,-1.0000,-1.0000,-1.0000,-1.0000,-1.0000,-1.0000,-1.0000,-1.0000,-1.0000,-1.0000,-1.0000,-1.0000,-1.0000,-1.0000,-1.0000,-1.0000,-1.0000,-1.0000,-1.0000,-1.0000,-1.0000,-1.0000,-1.0000,-1.0000,-1.0000,-1.0000,-1.0000,-1.0000,-1.0000,-1.0000,-1.0000,-1.0000,-1.0000,-1.0000,-1.0000,-1.0000,-1.0000,-1.0000,-1.0000,-1.0000,-1.0000,-1.0000,-1.0000,-1.0000,-1.0000,-1.0000,-1.0000,-1.0000,-1.0000,-1.0000,-1.0000,-1.0000,-1.0000,-1.0000,-1.0000,-1.0000,-1.0000,-1.0000,-1.0000,-1.0000,-1.0000,-1.0000,-1.0000,-1.0000,-1.0000,-1.0000,-1.0000,-1.0000,-1.0000,-1.0000,-1.0000,-1.0000,-1.0000,-1.0000,-1.0000,-1.0000,-1.0000,-1.0000,-1.0000,-1.0000,-1.0000,-1.0000,-1.0000,-1.0000,-1.0000,-1.0000,-1.0000,-1.0000,-1.0000,-1.0000,-1.0000,-1.0000,-1.0000,-1.0000,-1.0000,-1.0000,-1.0000,-1.0000,-1.0000,-1.0000,-1.0000,-1.0000,-1.0000,-1.0000,1.2373,1.3076,1.2278,1.1918,1.2754,1.2460,1.4483,1.5443,1.4401,1.3676,1.5678,1.3408,1.3223,1.4839,1.4319,1.3007,1.5025,1.4667,1.3918,1.4178,1.4412,1.4352,1.3844,1.4244,1.4406,1.5293,1.4429,1.4961,1.4580,1.4533,1.5028,1.5862,1.6455,1.5819,1.6217,1.6227,1.5637,1.6116,1.6641,1.6455,1.5073,1.4319,1.4603,1.4831,1.4687,1.4236,1.4743,1.4707,1.5673,1.4883,1.5408,1.4975,1.4832,1.5454,1.6304,1.6870,1.6260,1.6642,1.6617,1.6086,1.6461,1.7008,1.6864,0,1.0000,1.7176,0.0366,2.0882
35,0.0700,-0.8792,0.1374,2.2758,1.7176,0.0366,1.4212,0.1289,0.1903,0.0000,1.0269,1.0000,-0.0000,0.0020,0.0000,-0.0001,-0.0040,0.0003,-0.0009,0.0010,-0.0039,0.0001,-0.0040,0.0000,-0.0009,0.0014,0.0007,0.0000,0.0125,-0.0009,-0.0004,0.0211,0.0002,0.0017,-0.0000,0.0126,0.0007,0.0004,0.0212,0.0002,0.0013,0.0000,0.0088,0.0017,-0.0130,0.0159,0.1082,0.0024,-0.0009,-0.0887,-0.0002,-0.0443,-0.0899,-0.4185,-0.0007,-0.1089,-0.0188,-0.0283,0.0863,-0.0657,-0.0022,0.3272,-0.0118,-0.0103,0.3872,0.0060,0.0329,-0.0004,0.3235,0.0227,0.0034,0.3738,0.0061,0.0368,0.0003,-1.0000,-1.0000,-1.0000,-1.0000,-1.0000,-1.0000,-1.0000,-1.0000,-1.0000,-1.0000,-1.0000,-1.0000,-1.0000,-1.0000,-1.0000,-1.0000,-1.0000,-1.0000,-1.0000,-1.0000,-1.0000,-1.0000,-1.0000,-1.0000,-1.0000,-1.0000,-1.0000,-1.0000,-1.0000,-1.0000,-1.0000,-1.0000,-1.0000,-1.0000,-1.0000,-1.0000,-1.0000,-1.0000,-1.0000,-1.0000,-1.0000,-1.0000,-1.0000,-1.0000,-1.0000,-1.0000,-1.0000,-1.0000,-1.0000,-1.0000,-1.0000,-1.0000,-1.0000,-1.0000,-1.0000,-1.0000,-1.0000,-1.0000,-1.0000,-1.0000,-1.0000,-1.0000,-1.0000,-1.0000,-1.0000,-1.0000,-1.0000,-1.0000,-1.0000,-1.0000,-1.0000,-1.0000,-1.0000,-1.0000,-1.0000,-1.0000,-1.0000,-1.0000,-1.0000,-1.0000,-1.0000,-1.0000,-1.0000,-1.0000,-1.0000,-1.0000,-1.0000,-1.0000,-1.0000,-1.0000,-1.0000,-1.0000,-1.0000,-1.0000,-1.0000,-1.0000,-1.0000,-1.0000,-1.0000,-1.0000,-1.0000,-1.0000,-1.0000,-1.0000,-1.0000,-1.0000,-1.0000,-1.0000,-1.0000,-1.0000,-1.0000,-1.0000,-1.0000,-1.0000,-1.0000,-1.0000,-1.0000,-1.0000,-1.0000,-1.0000,-1.0000,1.2355,1.3057,1.2260,1.1901,1.2736,1.2442,1.4481,1.5437,1.4392,1.3671,1.5673,1.3398,1.3216,1.4831,1.4316,1.3000,1.5017,1.4659,1.3908,1.4169,1.4403,1.4343,1.3838,1.4237,1.4399,1.5287,1.4423,1.4956,1.4576,1.4527,1.5024,1.5859,1.6450,1.5815,1.6213,1.6222,1.5634,1.6112,1.6637,1.6451,1.5065,1.4310,1.4595,1.4823,1.4679,1.4231,1.4737,1.4700,1.5667,1.4878,1.5403,1.4971,1.4826,1.5450,1.6301,1.6866,1.6257,1.6639,1.6613,1.6082,1.6457,1.7004,1.6860,0,1.0000,1.7176,0.0366,2.0882
35,0.0700,-0.8792,0.1374,2.2758,1.7176,0.0366,1.4212,0.1289,0.1903,0.0000,1.0269,1.0000,-0.0000,0.0020,0.0000,-0.0001,-0.0040,0.0003,-0.0009,0.0010,-0.0039,0.0001,-0.0040,0.0000,-0.0009,0.0014,0.0007,0.0000,0.0125,-0.0009,-0.0004,0.0211,0.0002,0.0017,-0.0000,0.0126,0.0007,0.0004,0.0212,0.0002,0.0013,0.0000,0.0088,0.0017,-0.0130,0.0159,0.1082,0.0024,-0.0009,-0.0887,-0.0002,-0.0443,-0.0899,-0.4185,-0.0007,-0.1089,-0.0188,-0.0283,0.0863,-0.0657,-0.0022,0.3272,-0.0118,-0.0103,0.3872,0.0060,0.0329,-0.0004,0.3235,0.0227,0.0034,0.3738,0.0061,0.0368,0.0003,-1.0000,-1.0000,-1.0000,-1.0000,-1.0000,-1.0000,-1.0000,-1.0000,-1.0000,-1.0000,-1.0000,-1.0000,-1.0000,-1.0000,-1.0000,-1.0000,-1.0000,-1.0000,-1.0000,-1.0000,-1.0000,-1.0000,-1.0000,-1.0000,-1.0000,-1.0000,-1.0000,-1.0000,-1.0000,-1.0000,-1.0000,-1.0000,-1.0000,-1.0000,-1.0000,-1.0000,-1.0000,-1.0000,-1.0000,-1.0000,-1.0000,-1.0000,-1.0000,-1.0000,-1.0000,-1.0000,-1.0000,-1.0000,-1.0000,-1.0000,-1.0000,-1.0000,-1.0000,-1.0000,-1.0000,-1.0000,-1.0000,-1.0000,-1.0000,-1.0000,-1.0000,-1.0000,-1.0000,-1.0000,-1.0000,-1.0000,-1.0000,-1.0000,-1.0000,-1.0000,-1.0000,-1.0000,-1.0000,-1.0000,-1.0000,-1.0000,-1.0000,-1.0000,-1.0000,-1.0000,-1.0000,-1.0000,-1.0000,-1.0000,-1.0000,-1.0000,-1.0000,-1.0000,-1.0000,-1.0000,-1.0000,-1.0000,-1.0000,-1.0000,-1.0000,-1.0000,-1.0000,-1.0000,-1.0000,-1.0000,-1.0000,-1.0000,-1.0000,-1.0000,-1.0000,-1.0000,-1.0000,-1.0000,-1.0000,-1.0000,-1.0000,-1.0000,-1.0000,-1.0000,-1.0000,-1.0000,-1.0000,-1.0000,-1.0000,-1.0000,-1.0000,1.2355,1.3057,1.2260,1.1901,1.2736,1.2442,1.4481,1.5437,1.4392,1.3671,1.5673,1.3398,1.3216,1.4831,1.4316,1.3000,1.5017,1.4659,1.3908,1.4169,1.4403,1.4343,1.3838,1.4237,1.4399,1.5287,1.4423,1.4956,1.4576,1.4527,1.5024,1.5859,1.6450,1.5815,1.6213,1.6222,1.5634,1.6112,1.6637,1.6451,1.5065,1.4310,1.4595,1.4823,1.4679,1.4231,1.4737,1.4700,1.5667,1.4878,1.5403,1.4971,1.4826,1.5450,1.6301,1.6866,1.6257,1.6639,1.6613,1.6082,1.6457,1.7004,1.6860,0,1.0000,1.7176,0.0366,2.0882
