step,time,obst_px,obst_py,obst_pz,obst_vx,obst_vy,obst_vz,obst_radius,qpos_0,qpos_1,qpos_2,qpos_3,qpos_4,qpos_5,qpos_6,qpos_7,qpos_8,qpos_9,qpos_10,qpos_11,qpos_12,qpos_13,qpos_14,qpos_15,qpos_16,qpos_17,qpos_18,qpos_19,qpos_20,qpos_21,qpos_22,qpos_23,qpos_24,qpos_25,qpos_26,qpos_27,qpos_28,qpos_29,qpos_30,qpos_31,qpos_32,qpos_33,qvel_0,qvel_1,qvel_2,qvel_3,qvel_4,qvel_5,qvel_6,qvel_7,qvel_8,qvel_9,qvel_10,qvel_11,qvel_12,qvel_13,qvel_14,qvel_15,qvel_16,qvel_17,qvel_18,qvel_19,qvel_20,qvel_21,qvel_22,qvel_23,qvel_24,qvel_25,qvel_26,qvel_27,qvel_28,qvel_29,qvel_30,qvel_31,qvel_32,cap_site_0_head_sensor_0,cap_site_1_head_sensor_1,cap_site_2_head_sensor_2,cap_site_3_head_sensor_3,cap_site_4_head_sensor_4,cap_site_5_head_sensor_5,cap_site_6_torso_sensor_0,cap_site_7_torso_sensor_1,cap_site_8_torso_sensor_2,cap_site_9_torso_sensor_3,cap_site_10_torso_sensor_4,cap_site_11_torso_sensor_5,cap_site_12_torso_sensor_6,cap_site_13_torso_sensor_7,cap_site_14_torso_sensor_8,cap_site_15_torso_sensor_9,cap_site_16_torso_sensor_10,cap_site_17_left_shoulder_roll_sensor_0,cap_site_18_left_shoulder_roll_sensor_1,cap_site_19_left_shoulder_roll_sensor_2,cap_site_20_left_shoulder_roll_sensor_3,cap_site_21_left_shoulder_roll_sensor_4,cap_site_22_left_shoulder_roll_sensor_5,cap_site_23_left_shoulder_roll_sensor_6,cap_site_24_left_shoulder_roll_sensor_7,cap_site_25_left_shoulder_yaw_sensor_0,cap_site_26_left_shoulder_yaw_sensor_1,cap_site_27_left_shoulder_yaw_sensor_2,cap_site_28_left_shoulder_yaw_sensor_3,cap_site_29_left_shoulder_yaw_sensor_4,cap_site_30_left_shoulder_yaw_sensor_5,cap_site_31_left_elbow_sensor_0,cap_site_32_left_elbow_sensor_1,cap_site_33_left_elbow_sensor_2,cap_site_34_left_elbow_sensor_3,cap_site_35_left_elbow_sensor_4,cap_site_36_left_elbow_sensor_5,cap_site_37_left_elbow_sensor_6,cap_site_38_left_elbow_sensor_7,cap_site_39_left_elbow_sensor_8,cap_site_41_right_shoulder_roll_sensor_0,cap_site_42_right_shoulder_roll_sensor_1,cap_site_43_right_shoulder_roll_sensor_2,cap_site_44_right_shoulder_roll_sensor_3,cap_site_45_right_shoulder_roll_sensor_4,cap_site_46_right_shoulder_roll_sensor_5,cap_site_47_right_shoulder_roll_sensor_6,cap_site_48_right_shoulder_roll_sensor_7,cap_site_49_right_shoulder_yaw_sensor_0,cap_site_50_right_shoulder_yaw_sensor_1,cap_site_51_right_shoulder_yaw_sensor_2,cap_site_52_right_shoulder_yaw_sensor_3,cap_site_53_right_shoulder_yaw_sensor_4,cap_site_54_right_shoulder_yaw_sensor_5,cap_site_55_right_elbow_sensor_0,cap_site_56_right_elbow_sensor_1,cap_site_57_right_elbow_sensor_2,cap_site_58_right_elbow_sensor_3,cap_site_59_right_elbow_sensor_4,cap_site_60_right_elbow_sensor_5,cap_site_61_right_elbow_sensor_6,cap_site_62_right_elbow_sensor_7,cap_site_63_right_elbow_sensor_8,tof_reading_0,tof_reading_1,tof_reading_2,tof_reading_3,tof_reading_4,tof_reading_5,tof_reading_6,tof_reading_7,tof_reading_8,tof_reading_9,tof_reading_10,tof_reading_11,tof_reading_12,tof_reading_13,tof_reading_14,tof_reading_15,tof_reading_16,tof_reading_17,tof_reading_18,tof_reading_19,tof_reading_20,tof_reading_21,tof_reading_22,tof_reading_23,tof_reading_24,tof_reading_25,tof_reading_26,tof_reading_27,tof_reading_28,tof_reading_29,tof_reading_30,tof_reading_31,tof_reading_32,tof_reading_33,tof_reading_34,tof_reading_35,tof_reading_36,tof_reading_37,tof_reading_38,tof_reading_39,tof_reading_40,tof_reading_41,tof_reading_42,tof_reading_43,tof_reading_44,tof_reading_45,tof_reading_46,tof_reading_47,tof_reading_48,tof_reading_49,tof_reading_50,tof_reading_51,tof_reading_52,tof_reading_53,tof_reading_54,tof_reading_55,tof_reading_56,tof_reading_57,dist_to_obst_0,dist_to_obst_1,dist_to_obst_2,dist_to_obst_3,dist_to_obst_4,dist_to_obst_5,dist_to_obst_6,dist_to_obst_7,dist_to_obst_8,dist_to_obst_9,dist_to_obst_10,dist_to_obst_11,dist_to_obst_12,dist_to_obst_13,dist_to_obst_14,dist_to_obst_15,dist_to_obst_16,dist_to_obst_17,dist_to_obst_18,dist_to_obst_19,dist_to_obst_20,dist_to_obst_21,dist_to_obst_22,dist_to_obst_23,dist_to_obst_24,dist_to_obst_25,dist_to_obst_26,dist_to_obst_27,dist_to_obst_28,dist_to_obst_29,dist_to_obst_30,dist_to_obst_31,dist_to_obst_32,dist_to_obst_33,dist_to_obst_34,dist_to_obst_35,dist_to_obst_36,dist_to_obst_37,dist_to_obst_38,dist_to_obst_39,dist_to_obst_40,dist_to_obst_41,dist_to_obst_42,dist_to_obst_43,dist_to_obst_44,dist_to_obst_45,dist_to_obst_46,dist_to_obst_47,dist_to_obst_48,dist_to_obst_49,dist_to_obst_50,dist_to_obst_51,dist_to_obst_52,dist_to_obst_53,dist_to_obst_54,dist_to_obst_55,dist_to_obst_56,dist_to_obst_57,dist_to_obst_58,dist_to_obst_59,dist_to_obst_60,dist_to_obst_61,dist_to_obst_62,collision,min_obst_dist,cmd_vx,cmd_vy,cmd_vz
0,0.0000,1.1415,-0.0855,1.2039,-3.8126,0.2856,-2.5528,0.0656,0.1900,0.0000,1.0280,1.0000,0.0000,0.0000,0.0000,0.0000,0.0000,0.0000,0.0000,0.0000,0.0000,0.0000,0.0000,0.0000,0.0000,0.0000,0.0000,0.0000,0.0000,0.0000,0.0000,0.0000,0.0000,0.0000,0.0000,0.0000,0.0000,0.0000,0.0000,0.0000,0.0000,0.0000,0.0000,0.0000,0.0000,0.0000,0.0000,0.0000,0.0000,0.0000,0.0000,0.0000,0.0000,0.0000,0.0000,0.0000,0.0000,0.0000,0.0000,0.0000,0.0000,0.0000,0.0000,0.0000,0.0000,0.0000,0.0000,0.0000,0.0000,0.0000,0.0000,0.0000,0.0000,0.0000,0.0000,100.0000,100.0000,100.0000,100.0000,100.0000,100.0000,100.0000,100.0000,100.0000,100.0000,100.0000,100.0000,100.0000,100.0000,100.0000,100.0000,100.0000,100.0000,100.0000,100.0000,100.0000,100.0000,100.0000,100.0000,100.0000,100.0000,100.0000,100.0000,100.0000,100.0000,100.0000,100.0000,100.0000,100.0000,100.0000,100.0000,100.0000,100.0000,100.0000,100.0000,100.0000,100.0000,100.0000,100.0000,100.0000,100.0000,100.0000,100.0000,100.0000,100.0000,100.0000,100.0000,100.0000,100.0000,100.0000,100.0000,100.0000,100.0000,100.0000,100.0000,100.0000,100.0000,100.0000,0.0000,0.0000,0.0000,0.0000,0.0000,0.0000,0.0000,0.0000,0.0000,0.0000,0.0000,0.0000,0.0000,0.0000,0.0000,0.0000,0.0000,0.0000,0.0000,0.0000,0.0000,0.0000,-1.0000,-1.0000,-1.0000,-1.0000,-1.0000,-1.0000,-1.0000,-1.0000,-1.0000,-1.0000,-1.0000,-1.0000,-1.0000,-1.0000,-1.0000,-1.0000,-1.0000,-1.0000,-1.0000,-1.0000,-1.0000,-1.0000,-1.0000,-1.0000,-1.0000,-1.0000,-1.0000,-1.0000,-1.0000,-1.0000,-1.0000,-1.0000,-1.0000,-1.0000,-1.0000,-1.0000,0.0000,0.0000,0.0000,0.0000,0.0000,0.0000,0.0000,0.0000,0.0000,0.0000,0.0000,0.0000,0.0000,0.0000,0.0000,0.0000,0.0000,0.0000,0.0000,0.0000,0.0000,0.0000,0.0000,0.0000,0.0000,0.0000,0.0000,0.0000,0.0000,0.0000,0.0000,0.0000,0.0000,0.0000,0.0000,0.0000,0.0000,0.0000,0.0000,0.0000,0.0000,0.0000,0.0000,0.0000,0.0000,0.0000,0.0000,0.0000,0.0000,0.0000,0.0000,0.0000,0.0000,0.0000,0.0000,0.0000,0.0000,0.0000,0.0000,0.0000,0.0000,0.0000,0.0000,1,0.0000,-3.8126,0.2856,-2.5528
1,0.0020,1.1338,-0.0849,1.1988,-3.8126,0.2856,-2.5724,0.0656,0.1900,0.0000,1.0280,1.0000,0.0000,-0.0000,0.0000,0.0000,-0.0000,0.0000,0.0000,0.0003,-0.0000,0.0000,-0.0000,0.0000,0.0000,0.0003,-0.0000,-0.0000,0.0000,-0.0000,-0.0000,0.0000,0.0000,0.0000,-0.0000,0.0000,0.0000,0.0000,0.0000,0.0000,0.0000,0.0000,0.0002,0.0000,-0.0127,0.0000,-0.0001,0.0004,0.0005,-0.0162,0.0007,0.0124,0.1421,-0.0144,0.0017,-0.0156,0.0008,0.0120,0.1421,-0.0143,-0.0003,0.0038,-0.0004,-0.0002,0.0118,0.0001,0.0013,-0.0000,0.0039,0.0002,0.0002,0.0118,0.0001,0.0001,0.0000,-1.0000,-1.0000,-1.0000,-1.0000,-1.0000,-1.0000,-1.0000,-1.0000,-1.0000,-1.0000,-1.0000,-1.0000,-1.0000,-1.0000,-1.0000,-1.0000,-1.0000,-1.0000,-1.0000,-1.0000,-1.0000,-1.0000,-1.0000,-1.0000,-1.0000,-1.0000,-1.0000,-1.0000,-1.0000,-1.0000,-1.0000,-1.0000,-1.0000,-1.0000,-1.0000,-1.0000,-1.0000,-1.0000,-1.0000,-1.0000,-1.0000,-1.0000,-1.0000,-1.0000,-1.0000,-1.0000,-1.0000,-1.0000,-1.0000,-1.0000,-1.0000,-1.0000,-1.0000,-1.0000,-1.0000,-1.0000,-1.0000,-1.0000,-1.0000,-1.0000,-1.0000,-1.0000,-1.0000,0.9412,0.9328,0.9256,0.9273,-1.0000,0.9857,0.9412,0.9197,-1.0000,0.9592,-1.0000,0.9665,0.9912,0.9714,0.8671,0.9333,0.9355,0.8642,0.9702,0.8667,0.8849,0.8990,-1.0000,-1.0000,-1.0000,-1.0000,-1.0000,-1.0000,-1.0000,-1.0000,-1.0000,-1.0000,-1.0000,-1.0000,-1.0000,-1.0000,-1.0000,-1.0000,-1.0000,-1.0000,-1.0000,-1.0000,-1.0000,-1.0000,-1.0000,-1.0000,-1.0000,-1.0000,-1.0000,-1.0000,-1.0000,-1.0000,-1.0000,-1.0000,-1.0000,-1.0000,-1.0000,-1.0000,1.0775,1.0075,1.0873,1.1179,1.0417,1.0670,1.0455,0.8731,0.9040,1.0464,0.8806,0.9955,1.0630,0.8844,1.0377,1.0647,0.8870,0.9575,0.9779,0.9728,0.9660,0.9594,1.0545,1.0304,0.9697,0.9587,1.0429,1.0024,1.0451,0.9944,1.0313,1.0160,0.9155,0.9794,0.9810,0.9093,1.0149,0.9062,0.9273,0.9451,0.9174,0.9412,0.9328,0.9256,0.9273,1.0214,0.9857,0.9412,0.9197,1.0023,0.9592,1.0096,0.9665,0.9912,0.9714,0.8671,0.9333,0.9355,0.8642,0.9702,0.8667,0.8849,0.8990,0,0.8642,-3.8126,0.2856,-2.5528
2,0.0040,1.1262,-0.0844,1.1936,-3.8126,0.2856,-2.5920,0.0656,0.1900,0.0000,1.0279,1.0000,0.0000,0.0000,0.0000,0.0000,-0.0001,0.0000,0.0000,0.0004,-0.0002,0.0000,-0.0001,0.0000,0.0000,0.0004,-0.0002,-0.0000,0.0000,-0.0000,-0.0000,0.0001,0.0000,0.0000,-0.0000,0.0000,0.0000,0.0000,0.0001,0.0000,0.0000,0.0000,0.0004,0.0002,-0.0177,0.0003,0.0028,0.0006,0.0008,-0.0128,0.0030,0.0072,0.0815,-0.0784,0.0021,-0.0120,0.0030,0.0066,0.0811,-0.0785,-0.0004,0.0122,-0.0014,-0.0007,0.0350,0.0002,0.0029,-0.0000,0.0124,0.0005,0.0005,0.0347,0.0002,0.0007,0.0000,-1.0000,-1.0000,-1.0000,-1.0000,-1.0000,-1.0000,-1.0000,-1.0000,-1.0000,-1.0000,-1.0000,-1.0000,-1.0000,-1.0000,-1.0000,-1.0000,-1.0000,-1.0000,-1.0000,-1.0000,-1.0000,-1.0000,-1.0000,-1.0000,-1.0000,-1.0000,-1.0000,-1.0000,-1.0000,-1.0000,-1.0000,-1.0000,-1.0000,-1.0000,-1.0000,-1.0000,-1.0000,-1.0000,-1.0000,-1.0000,-1.0000,-1.0000,-1.0000,-1.0000,-1.0000,-1.0000,-1.0000,-1.0000,-1.0000,-1.0000,-1.0000,-1.0000,-1.0000,-1.0000,-1.0000,-1.0000,-1.0000,-1.0000,-1.0000,-1.0000,-1.0000,-1.0000,-1.0000,0.9355,0.9268,0.9193,0.9209,-1.0000,0.9791,0.9345,0.9124,0.9952,0.9520,-1.0000,0.9594,0.9838,0.9635,0.8593,0.9256,0.9276,0.8565,0.9625,0.8590,0.8768,0.8910,-1.0000,-1.0000,-1.0000,-1.0000,-1.0000,-1.0000,-1.0000,-1.0000,-1.0000,-1.0000,-1.0000,-1.0000,-1.0000,-1.0000,-1.0000,-1.0000,-1.0000,-1.0000,-1.0000,-1.0000,-1.0000,-1.0000,-1.0000,-1.0000,-1.0000,-1.0000,-1.0000,-1.0000,-1.0000,-1.0000,-1.0000,-1.0000,-1.0000,-1.0000,-1.0000,-1.0000,1.0740,1.0040,1.0836,1.1141,1.0382,1.0633,1.0380,0.8658,0.8979,1.0395,0.8731,0.9899,1.0565,0.8778,1.0303,1.0585,0.8802,0.9509,0.9721,0.9668,0.9597,0.9530,1.0478,1.0238,0.9630,0.9514,1.0359,0.9953,1.0378,0.9873,1.0239,1.0082,0.9078,0.9718,0.9731,0.9017,1.0073,0.8986,0.9194,0.9373,0.9108,0.9355,0.9268,0.9193,0.9209,1.0146,0.9791,0.9345,0.9124,0.9952,0.9520,1.0023,0.9594,0.9838,0.9635,0.8593,0.9256,0.9276,0.8565,0.9625,0.8590,0.8768,0.8910,0,0.8565,-3.8126,0.2856,-2.5528
3,0.0060,1.1186,-0.0838,1.1884,-3.8126,0.2856,-2.6116,0.0656,0.1900,0.0000,1.0279,1.0000,0.0000,0.0000,0.0000,0.0000,-0.0001,0.0000,0.0000,0.0005,-0.0005,0.0000,-0.0001,0.0000,0.0000,0.0005,-0.0005,-0.0000,0.0001,-0.0000,-0.0000,0.0002,0.0000,0.0000,-0.0000,0.0001,0.0000,0.0000,0.0002,0.0000,0.0000,0.0000,0.0006,0.0005,-0.0221,0.0006,0.0058,0.0008,0.0010,-0.0102,0.0053,0.0025,0.0271,-0.1431,0.0025,-0.0091,0.0053,0.0017,0.0263,-0.1436,-0.0006,0.0211,-0.0026,-0.0012,0.0583,0.0003,0.0046,-0.0000,0.0212,0.0008,0.0008,0.0578,0.0003,0.0013,0.0000,-1.0000,-1.0000,-1.0000,-1.0000,-1.0000,-1.0000,-1.0000,-1.0000,-1.0000,-1.0000,-1.0000,-1.0000,-1.0000,-1.0000,-1.0000,-1.0000,-1.0000,-1.0000,-1.0000,-1.0000,-1.0000,-1.0000,-1.0000,-1.0000,-1.0000,-1.0000,-1.0000,-1.0000,-1.0000,-1.0000,-1.0000,-1.0000,-1.0000,-1.0000,-1.0000,-1.0000,-1.0000,-1.0000,-1.0000,-1.0000,-1.0000,-1.0000,-1.0000,-1.0000,-1.0000,-1.0000,-1.0000,-1.0000,-1.0000,-1.0000,-1.0000,-1.0000,-1.0000,-1.0000,-1.0000,-1.0000,-1.0000,-1.0000,-1.0000,-1.0000,-1.0000,-1.0000,-1.0000,0.9298,0.9208,0.9130,0.9145,-1.0000,0.9725,0.9278,0.9051,0.9883,0.9449,0.9950,0.9523,0.9763,0.9557,0.8516,0.9180,0.9197,0.8489,0.9548,0.8514,0.8688,0.8831,-1.0000,-1.0000,-1.0000,-1.0000,-1.0000,-1.0000,-1.0000,-1.0000,-1.0000,-1.0000,-1.0000,-1.0000,-1.0000,-1.0000,-1.0000,-1.0000,-1.0000,-1.0000,-1.0000,-1.0000,-1.0000,-1.0000,-1.0000,-1.0000,-1.0000,-1.0000,-1.0000,-1.0000,-1.0000,-1.0000,-1.0000,-1.0000,-1.0000,-1.0000,-1.0000,-1.0000,1.0705,1.0006,1.0800,1.1104,1.0348,1.0596,1.0305,0.8586,0.8919,1.0327,0.8656,0.9843,1.0500,0.8713,1.0230,1.0523,0.8734,0.9444,0.9664,0.9608,0.9534,0.9467,1.0410,1.0172,0.9564,0.9442,1.0289,0.9882,1.0305,0.9803,1.0165,1.0004,0.9002,0.9642,0.9653,0.8942,0.9996,0.8910,0.9114,0.9295,0.9043,0.9298,0.9208,0.9130,0.9145,1.0079,0.9725,0.9278,0.9051,0.9883,0.9449,0.9950,0.9523,0.9763,0.9557,0.8516,0.9180,0.9197,0.8489,0.9548,0.8514,0.8688,0.8831,0,0.8489,-3.8126,0.2856,-2.5528
4,0.0080,1.1110,-0.0832,1.1831,-3.8126,0.2856,-2.6313,0.0656,0.1900,0.0000,1.0278,1.0000,0.0000,0.0000,0.0000,0.0000,-0.0001,0.0000,0.0000,0.0005,-0.0009,0.0000,-0.0001,0.0000,0.0000,0.0005,-0.0009,-0.0000,0.0001,-0.0000,-0.0000,0.0004,0.0000,0.0000,-0.0000,0.0001,0.0000,0.0000,0.0004,0.0000,0.0000,0.0000,0.0007,0.0007,-0.0258,0.0009,0.0090,0.0010,0.0013,-0.0083,0.0078,-0.0019,-0.0215,-0.2081,0.0029,-0.0069,0.0077,-0.0028,-0.0228,-0.2093,-0.0007,0.0303,-0.0037,-0.0018,0.0816,0.0005,0.0064,-0.0000,0.0304,0.0010,0.0011,0.0810,0.0005,0.0019,0.0000,-1.0000,-1.0000,-1.0000,-1.0000,-1.0000,-1.0000,-1.0000,-1.0000,-1.0000,-1.0000,-1.0000,-1.0000,-1.0000,-1.0000,-1.0000,-1.0000,-1.0000,-1.0000,-1.0000,-1.0000,-1.0000,-1.0000,-1.0000,-1.0000,-1.0000,-1.0000,-1.0000,-1.0000,-1.0000,-1.0000,-1.0000,-1.0000,-1.0000,-1.0000,-1.0000,-1.0000,-1.0000,-1.0000,-1.0000,-1.0000,-1.0000,-1.0000,-1.0000,-1.0000,-1.0000,-1.0000,-1.0000,-1.0000,-1.0000,-1.0000,-1.0000,-1.0000,-1.0000,-1.0000,-1.0000,-1.0000,-1.0000,-1.0000,-1.0000,-1.0000,-1.0000,-1.0000,-1.0000,0.9242,0.9149,0.9068,0.9082,-1.0000,0.9660,0.9212,0.8978,0.9813,0.9378,0.9878,0.9453,0.9689,0.9479,0.8439,0.9104,0.9118,0.8413,0.9472,0.8437,0.8608,0.8753,-1.0000,-1.0000,-1.0000,-1.0000,-1.0000,-1.0000,-1.0000,-1.0000,-1.0000,-1.0000,-1.0000,-1.0000,-1.0000,-1.0000,-1.0000,-1.0000,-1.0000,-1.0000,-1.0000,-1.0000,-1.0000,-1.0000,-1.0000,-1.0000,-1.0000,-1.0000,-1.0000,-1.0000,-1.0000,-1.0000,-1.0000,-1.0000,-1.0000,-1.0000,-1.0000,-1.0000,1.0671,0.9973,1.0765,1.1067,1.0315,1.0560,1.0230,0.8514,0.8859,1.0259,0.8582,0.9788,1.0436,0.8648,1.0157,1.0461,0.8666,0.9379,0.9608,0.9549,0.9472,0.9404,1.0344,1.0107,0.9497,0.9370,1.0220,0.9811,1.0233,0.9733,1.0091,0.9927,0.8925,0.9567,0.9575,0.8867,0.9920,0.8835,0.9035,0.9217,0.8978,0.9242,0.9149,0.9068,0.9082,1.0012,0.9660,0.9212,0.8978,0.9813,0.9378,0.9878,0.9453,0.9689,0.9479,0.8439,0.9104,0.9118,0.8413,0.9472,0.8437,0.8608,0.8753,0,0.8413,-3.8126,0.2856,-2.5528
4,0.0080,1.1110,-0.0832,1.1831,-3.8126,0.2856,-2.6313,0.0656,0.1900,0.0000,1.0278,1.0000,0.0000,0.0000,0.0000,0.0000,-0.0001,0.0000,0.0000,0.0005,-0.0009,0.0000,-0.0001,0.0000,0.0000,0.0005,-0.0009,-0.0000,0.0001,-0.0000,-0.0000,0.0004,0.0000,0.0000,-0.0000,0.0001,0.0000,0.0000,0.0004,0.0000,0.0000,0.0000,0.0007,0.0007,-0.0258,0.0009,0.0090,0.0010,0.0013,-0.0083,0.0078,-0.0019,-0.0215,-0.2081,0.0029,-0.0069,0.0077,-0.0028,-0.0228,-0.2093,-0.0007,0.0303,-0.0037,-0.0018,0.0816,0.0005,0.0064,-0.0000,0.0304,0.0010,0.0011,0.0810,0.0005,0.0019,0.0000,-1.0000,-1.0000,-1.0000,-1.0000,-1.0000,-1.0000,-1.0000,-1.0000,-1.0000,-1.0000,-1.0000,-1.0000,-1.0000,-1.0000,-1.0000,-1.0000,-1.0000,-1.0000,-1.0000,-1.0000,-1.0000,-1.0000,-1.0000,-1.0000,-1.0000,-1.0000,-1.0000,-1.0000,-1.0000,-1.0000,-1.0000,-1.0000,-1.0000,-1.0000,-1.0000,-1.0000,-1.0000,-1.0000,-1.0000,-1.0000,-1.0000,-1.0000,-1.0000,-1.0000,-1.0000,-1.0000,-1.0000,-1.0000,-1.0000,-1.0000,-1.0000,-1.0000,-1.0000,-1.0000,-1.0000,-1.0000,-1.0000,-1.0000,-1.0000,-1.0000,-1.0000,-1.0000,-1.0000,0.9242,0.9149,0.9068,0.9082,-1.0000,0.9660,0.9212,0.8978,0.9813,0.9378,0.9878,0.9453,0.9689,0.9479,0.8439,0.9104,0.9118,0.8413,0.9472,0.8437,0.8608,0.8753,-1.0000,-1.0000,-1.0000,-1.0000,-1.0000,-1.0000,-1.0000,-1.0000,-1.0000,-1.0000,-1.0000,-1.0000,-1.0000,-1.0000,-1.0000,-1.0000,-1.0000,-1.0000,-1.0000,-1.0000,-1.0000,-1.0000,-1.0000,-1.0000,-1.0000,-1.0000,-1.0000,-1.0000,-1.0000,-1.0000,-1.0000,-1.0000,-1.0000,-1.0000,-1.0000,-1.0000,1.0671,0.9973,1.0765,1.1067,1.0315,1.0560,1.0230,0.8514,0.8859,1.0259,0.8582,0.9788,1.0436,0.8648,1.0157,1.0461,0.8666,0.9379,0.9608,0.9549,0.9472,0.9404,1.0344,1.0107,0.9497,0.9370,1.0220,0.9811,1.0233,0.9733,1.0091,0.9927,0.8925,0.9567,0.9575,0.8867,0.9920,0.8835,0.9035,0.9217,0.8978,0.9242,0.9149,0.9068,0.9082,1.0012,0.9660,0.9212,0.8978,0.9813,0.9378,0.9878,0.9453,0.9689,0.9479,0.8439,0.9104,0.9118,0.8413,0.9472,0.8437,0.8608,0.8753,0,0.8413,-3.8126,0.2856,-2.5528
5,0.0100,1.1033,-0.0826,1.1778,-3.8126,0.2856,-2.6509,0.0656,0.1900,0.0000,1.0278,1.0000,0.0000,0.0000,0.0000,0.0000,-0.0001,0.0001,0.0000,0.0003,-0.0014,0.0000,-0.0001,0.0001,0.0000,0.0003,-0.0014,-0.0000,0.0002,-0.0000,-0.0000,0.0006,0.0000,0.0000,-0.0000,0.0002,0.0000,0.0000,0.0006,0.0000,0.0000,0.0000,0.0009,0.0010,-0.0288,0.0012,0.0124,0.0012,0.0016,-0.0070,0.0102,-0.0059,-0.0648,-0.2734,0.0033,-0.0054,0.0101,-0.0070,-0.0666,-0.2753,-0.0009,0.0399,-0.0050,-0.0023,0.1049,0.0006,0.0081,-0.0001,0.0400,0.0012,0.0014,0.1041,0.0006,0.0027,0.0000,-1.0000,-1.0000,-1.0000,-1.0000,-1.0000,-1.0000,-1.0000,-1.0000,-1.0000,-1.0000,-1.0000,-1.0000,-1.0000,-1.0000,-1.0000,-1.0000,-1.0000,-1.0000,-1.0000,-1.0000,-1.0000,-1.0000,-1.0000,-1.0000,-1.0000,-1.0000,-1.0000,-1.0000,-1.0000,-1.0000,-1.0000,-1.0000,-1.0000,-1.0000,-1.0000,-1.0000,-1.0000,-1.0000,-1.0000,-1.0000,-1.0000,-1.0000,-1.0000,-1.0000,-1.0000,-1.0000,-1.0000,-1.0000,-1.0000,-1.0000,-1.0000,-1.0000,-1.0000,-1.0000,-1.0000,-1.0000,-1.0000,-1.0000,-1.0000,-1.0000,-1.0000,-1.0000,-1.0000,0.9187,0.9091,0.9007,0.9020,0.9946,0.9595,0.9146,0.8907,0.9744,0.9307,0.9806,0.9383,0.9616,0.9401,0.8362,0.9028,0.9040,0.8338,0.9396,0.8362,0.8528,0.8674,-1.0000,-1.0000,-1.0000,-1.0000,-1.0000,-1.0000,-1.0000,-1.0000,-1.0000,-1.0000,-1.0000,-1.0000,-1.0000,-1.0000,-1.0000,-1.0000,-1.0000,-1.0000,-1.0000,-1.0000,-1.0000,-1.0000,-1.0000,-1.0000,-1.0000,-1.0000,-1.0000,-1.0000,-1.0000,-1.0000,-1.0000,-1.0000,-1.0000,-1.0000,-1.0000,-1.0000,1.0638,0.9941,1.0731,1.1031,1.0282,1.0526,1.0155,0.8443,0.8799,1.0192,0.8508,0.9734,1.0372,0.8584,1.0084,1.0400,0.8599,0.9315,0.9553,0.9490,0.9411,0.9341,1.0277,1.0042,0.9432,0.9298,1.0150,0.9740,1.0161,0.9663,1.0018,0.9850,0.8850,0.9492,0.9497,0.8792,0.9845,0.8760,0.8956,0.9139,0.8914,0.9187,0.9091,0.9007,0.9020,0.9946,0.9595,0.9146,0.8907,0.9744,0.9307,0.9806,0.9383,0.9616,0.9401,0.8362,0.9028,0.9040,0.8338,0.9396,0.8362,0.8528,0.8674,0,0.8338,-3.8126,0.2856,-2.5528
6,0.0120,1.0957,-0.0821,1.1725,-3.8126,0.2856,-2.6705,0.0656,0.1900,0.0000,1.0277,1.0000,0.0000,0.0000,0.0000,0.0000,-0.0001,0.0001,0.0000,0.0001,-0.0020,0.0000,-0.0001,0.0001,0.0000,0.0001,-0.0020,-0.0000,0.0003,-0.0000,-0.0000,0.0008,0.0000,0.0001,-0.0000,0.0003,0.0000,0.0000,0.0008,0.0000,0.0000,0.0000,0.0011,0.0011,-0.0296,0.0011,0.0162,0.0012,0.0013,-0.0068,0.0111,-0.0094,-0.1002,-0.2914,0.0032,-0.0053,0.0110,-0.0104,-0.1020,-0.2930,-0.0008,0.0506,-0.0061,-0.0028,0.1305,0.0008,0.0100,-0.0001,0.0509,0.0018,0.0019,0.1298,0.0008,0.0035,0.0000,-1.0000,-1.0000,-1.0000,-1.0000,-1.0000,-1.0000,-1.0000,-1.0000,-1.0000,-1.0000,-1.0000,-1.0000,-1.0000,-1.0000,-1.0000,-1.0000,-1.0000,-1.0000,-1.0000,-1.0000,-1.0000,-1.0000,-1.0000,-1.0000,-1.0000,-1.0000,-1.0000,-1.0000,-1.0000,-1.0000,-1.0000,-1.0000,-1.0000,-1.0000,-1.0000,-1.0000,-1.0000,-1.0000,-1.0000,-1.0000,-1.0000,-1.0000,-1.0000,-1.0000,-1.0000,-1.0000,-1.0000,-1.0000,-1.0000,-1.0000,-1.0000,-1.0000,-1.0000,-1.0000,-1.0000,-1.0000,-1.0000,-1.0000,-1.0000,-1.0000,-1.0000,-1.0000,-1.0000,0.9132,0.9033,0.8946,0.8958,0.9880,0.9531,0.9081,0.8835,0.9675,0.9237,0.9734,0.9314,0.9542,0.9324,0.8286,0.8953,0.8962,0.8263,0.9320,0.8286,0.8449,0.8596,-1.0000,-1.0000,-1.0000,-1.0000,-1.0000,-1.0000,-1.0000,-1.0000,-1.0000,-1.0000,-1.0000,-1.0000,-1.0000,-1.0000,-1.0000,-1.0000,-1.0000,-1.0000,-1.0000,-1.0000,-1.0000,-1.0000,-1.0000,-1.0000,-1.0000,-1.0000,-1.0000,-1.0000,-1.0000,-1.0000,-1.0000,-1.0000,-1.0000,-1.0000,-1.0000,-1.0000,1.0606,0.9909,1.0698,1.0996,1.0251,1.0492,1.0081,0.8372,0.8740,1.0124,0.8434,0.9680,1.0308,0.8520,1.0011,1.0340,0.8532,0.9252,0.9498,0.9432,0.9350,0.9279,1.0212,0.9978,0.9367,0.9227,1.0082,0.9670,1.0090,0.9594,0.9945,0.9773,0.8774,0.9418,0.9420,0.8718,0.9769,0.8685,0.8878,0.9062,0.8850,0.9132,0.9033,0.8946,0.8958,0.9880,0.9531,0.9081,0.8835,0.9675,0.9237,0.9734,0.9314,0.9542,0.9324,0.8286,0.8953,0.8962,0.8263,0.9320,0.8286,0.8449,0.8596,0,0.8263,-3.8126,0.2856,-2.5528
6,0.0120,1.0957,-0.0821,1.1725,-3.8126,0.2856,-2.6705,0.0656,0.1900,0.0000,1.0277,1.0000,0.0000,0.0000,0.0000,0.0000,-0.0001,0.0001,0.0000,0.0001,-0.0020,0.0000,-0.0001,0.0001,0.0000,0.0001,-0.0020,-0.0000,0.0003,-0.0000,-0.0000,0.0008,0.0000,0.0001,-0.0000,0.0003,0.0000,0.0000,0.0008,0.0000,0.0000,0.0000,0.0011,0.0011,-0.0296,0.0011,0.0162,0.0012,0.0013,-0.0068,0.0111,-0.0094,-0.1002,-0.2914,0.0032,-0.0053,0.0110,-0.0104,-0.1020,-0.2930,-0.0008,0.0506,-0.0061,-0.0028,0.1305,0.0008,0.0100,-0.0001,0.0509,0.0018,0.0019,0.1298,0.0008,0.0035,0.0000,-1.0000,-1.0000,-1.0000,-1.0000,-1.0000,-1.0000,-1.0000,-1.0000,-1.0000,-1.0000,-1.0000,-1.0000,-1.0000,-1.0000,-1.0000,-1.0000,-1.0000,-1.0000,-1.0000,-1.0000,-1.0000,-1.0000,-1.0000,-1.0000,-1.0000,-1.0000,-1.0000,-1.0000,-1.0000,-1.0000,-1.0000,-1.0000,-1.0000,-1.0000,-1.0000,-1.0000,-1.0000,-1.0000,-1.0000,-1.0000,-1.0000,-1.0000,-1.0000,-1.0000,-1.0000,-1.0000,-1.0000,-1.0000,-1.0000,-1.0000,-1.0000,-1.0000,-1.0000,-1.0000,-1.0000,-1.0000,-1.0000,-1.0000,-1.0000,-1.0000,-1.0000,-1.0000,-1.0000,0.9132,0.9033,0.8946,0.8958,0.9880,0.9531,0.9081,0.8835,0.9675,0.9237,0.9734,0.9314,0.9542,0.9324,0.8286,0.8953,0.8962,0.8263,0.9320,0.8286,0.8449,0.8596,-1.0000,-1.0000,-1.0000,-1.0000,-1.0000,-1.0000,-1.0000,-1.0000,-1.0000,-1.0000,-1.0000,-1.0000,-1.0000,-1.0000,-1.0000,-1.0000,-1.0000,-1.0000,-1.0000,-1.0000,-1.0000,-1.0000,-1.0000,-1.0000,-1.0000,-1.0000,-1.0000,-1.0000,-1.0000,-1.0000,-1.0000,-1.0000,-1.0000,-1.0000,-1.0000,-1.0000,1.0606,0.9909,1.0698,1.0996,1.0251,1.0492,1.0081,0.8372,0.8740,1.0124,0.8434,0.9680,1.0308,0.8520,1.0011,1.0340,0.8532,0.9252,0.9498,0.9432,0.9350,0.9279,1.0212,0.9978,0.9367,0.9227,1.0082,0.9670,1.0090,0.9594,0.9945,0.9773,0.8774,0.9418,0.9420,0.8718,0.9769,0.8685,0.8878,0.9062,0.8850,0.9132,0.9033,0.8946,0.8958,0.9880,0.9531,0.9081,0.8835,0.9675,0.9237,0.9734,0.9314,0.9542,0.9324,0.8286,0.8953,0.8962,0.8263,0.9320,0.8286,0.8449,0.8596,0,0.8263,-3.8126,0.2856,-2.5528
7,0.0140,1.0881,-0.0815,1.1671,-3.8126,0.2856,-2.6901,0.0656,0.1900,0.0000,1.0277,1.0000,0.0000,0.0001,0.0000,0.0000,-0.0001,0.0001,-0.0000,-0.0000,-0.0024,0.0000,-0.0001,0.0001,-0.0000,-0.0000,-0.0024,-0.0000,0.0004,-0.0001,-0.0000,0.0012,0.0000,0.0001,-0.0000,0.0004,0.0000,0.0000,0.0012,0.0000,0.0000,0.0000,0.0013,0.0009,-0.0269,0.0006,0.0201,0.0012,0.0006,-0.0135,0.0076,-0.0079,-0.0753,-0.1957,0.0026,-0.0122,0.0075,-0.0087,-0.0768,-0.1971,-0.0006,0.0633,-0.0067,-0.0033,0.1608,0.0010,0.0122,-0.0001,0.0638,0.0031,0.0025,0.1604,0.0010,0.0047,0.0001,-1.0000,-1.0000,-1.0000,-1.0000,-1.0000,-1.0000,-1.0000,-1.0000,-1.0000,-1.0000,-1.0000,-1.0000,-1.0000,-1.0000,-1.0000,-1.0000,-1.0000,-1.0000,-1.0000,-1.0000,-1.0000,-1.0000,-1.0000,-1.0000,-1.0000,-1.0000,-1.0000,-1.0000,-1.0000,-1.0000,-1.0000,-1.0000,-1.0000,-1.0000,-1.0000,-1.0000,-1.0000,-1.0000,-1.0000,-1.0000,-1.0000,-1.0000,-1.0000,-1.0000,-1.0000,-1.0000,-1.0000,-1.0000,-1.0000,-1.0000,-1.0000,-1.0000,-1.0000,-1.0000,-1.0000,-1.0000,-1.0000,-1.0000,-1.0000,-1.0000,-1.0000,-1.0000,-1.0000,0.9078,0.8976,0.8886,0.8896,0.9815,0.9467,0.9017,0.8764,0.9607,0.9167,0.9663,0.9246,0.9469,0.9247,0.8210,0.8878,0.8884,0.8188,0.9244,0.8211,0.8370,0.8518,-1.0000,-1.0000,-1.0000,-1.0000,-1.0000,-1.0000,-1.0000,-1.0000,-1.0000,-1.0000,-1.0000,-1.0000,-1.0000,-1.0000,-1.0000,-1.0000,-1.0000,-1.0000,-1.0000,-1.0000,-1.0000,-1.0000,-1.0000,-1.0000,-1.0000,-1.0000,-1.0000,-1.0000,-1.0000,-1.0000,-1.0000,-1.0000,-1.0000,-1.0000,-1.0000,-1.0000,1.0575,0.9879,1.0666,1.0962,1.0220,1.0459,1.0007,0.8302,0.8682,1.0058,0.8361,0.9627,1.0246,0.8457,0.9939,1.0280,0.8466,0.9188,0.9443,0.9375,0.9290,0.9218,1.0146,0.9914,0.9302,0.9157,1.0014,0.9601,1.0019,0.9525,0.9872,0.9697,0.8699,0.9343,0.9343,0.8644,0.9694,0.8611,0.8800,0.8985,0.8787,0.9078,0.8976,0.8886,0.8896,0.9815,0.9467,0.9017,0.8764,0.9607,0.9167,0.9663,0.9246,0.9469,0.9247,0.8210,0.8878,0.8884,0.8188,0.9244,0.8211,0.8370,0.8518,0,0.8188,-3.8126,0.2856,-2.5528
7,0.0140,1.0881,-0.0815,1.1671,-3.8126,0.2856,-2.6901,0.0656,0.1900,0.0000,1.0277,1.0000,0.0000,0.0001,0.0000,0.0000,-0.0001,0.0001,-0.0000,-0.0000,-0.0024,0.0000,-0.0001,0.0001,-0.0000,-0.0000,-0.0024,-0.0000,0.0004,-0.0001,-0.0000,0.0012,0.0000,0.0001,-0.0000,0.0004,0.0000,0.0000,0.0012,0.0000,0.0000,0.0000,0.0013,0.0009,-0.0269,0.0006,0.0201,0.0012,0.0006,-0.0135,0.0076,-0.0079,-0.0753,-0.1957,0.0026,-0.0122,0.0075,-0.0087,-0.0768,-0.1971,-0.0006,0.0633,-0.0067,-0.0033,0.1608,0.0010,0.0122,-0.0001,0.0638,0.0031,0.0025,0.1604,0.0010,0.0047,0.0001,-1.0000,-1.0000,-1.0000,-1.0000,-1.0000,-1.0000,-1.0000,-1.0000,-1.0000,-1.0000,-1.0000,-1.0000,-1.0000,-1.0000,-1.0000,-1.0000,-1.0000,-1.0000,-1.0000,-1.0000,-1.0000,-1.0000,-1.0000,-1.0000,-1.0000,-1.0000,-1.0000,-1.0000,-1.0000,-1.0000,-1.0000,-1.0000,-1.0000,-1.0000,-1.0000,-1.0000,-1.0000,-1.0000,-1.0000,-1.0000,-1.0000,-1.0000,-1.0000,-1.0000,-1.0000,-1.0000,-1.0000,-1.0000,-1.0000,-1.0000,-1.0000,-1.0000,-1.0000,-1.0000,-1.0000,-1.0000,-1.0000,-1.0000,-1.0000,-1.0000,-1.0000,-1.0000,-1.0000,0.9078,0.8976,0.8886,0.8896,0.9815,0.9467,0.9017,0.8764,0.9607,0.9167,0.9663,0.9246,0.9469,0.9247,0.8210,0.8878,0.8884,0.8188,0.9244,0.8211,0.8370,0.8518,-1.0000,-1.0000,-1.0000,-1.0000,-1.0000,-1.0000,-1.0000,-1.0000,-1.0000,-1.0000,-1.0000,-1.0000,-1.0000,-1.0000,-1.0000,-1.0000,-1.0000,-1.0000,-1.0000,-1.0000,-1.0000,-1.0000,-1.0000,-1.0000,-1.0000,-1.0000,-1.0000,-1.0000,-1.0000,-1.0000,-1.0000,-1.0000,-1.0000,-1.0000,-1.0000,-1.0000,1.0575,0.9879,1.0666,1.0962,1.0220,1.0459,1.0007,0.8302,0.8682,1.0058,0.8361,0.9627,1.0246,0.8457,0.9939,1.0280,0.8466,0.9188,0.9443,0.9375,0.9290,0.9218,1.0146,0.9914,0.9302,0.9157,1.0014,0.9601,1.0019,0.9525,0.9872,0.9697,0.8699,0.9343,0.9343,0.8644,0.9694,0.8611,0.8800,0.8985,0.8787,0.9078,0.8976,0.8886,0.8896,0.9815,0.9467,0.9017,0.8764,0.9607,0.9167,0.9663,0.9246,0.9469,0.9247,0.8210,0.8878,0.8884,0.8188,0.9244,0.8211,0.8370,0.8518,0,0.8188,-3.8126,0.2856,-2.5528
8,0.0160,1.0805,-0.0809,1.1617,-3.8126,0.2856,-2.7097,0.0656,0.1900,0.0000,1.0276,1.0000,0.0000,0.0001,0.0000,0.0000,-0.0002,0.0001,-0.0000,-0.0001,-0.0026,0.0000,-0.0002,0.0001,-0.0000,-0.0001,-0.0026,-0.0000,0.0006,-0.0001,-0.0000,0.0015,0.0000,0.0001,-0.0000,0.0006,0.0000,0.0000,0.0015,0.0000,0.0000,0.0000,0.0016,0.0007,-0.0241,0.0001,0.0240,0.0011,0.0001,-0.0198,0.0044,-0.0067,-0.0528,-0.1107,0.0021,-0.0188,0.0043,-0.0072,-0.0541,-0.1121,-0.0004,0.0759,-0.0072,-0.0038,0.1895,0.0012,0.0143,-0.0001,0.0767,0.0044,0.0031,0.1894,0.0012,0.0059,0.0001,-1.0000,-1.0000,-1.0000,-1.0000,-1.0000,-1.0000,-1.0000,-1.0000,-1.0000,-1.0000,-1.0000,-1.0000,-1.0000,-1.0000,-1.0000,-1.0000,-1.0000,-1.0000,-1.0000,-1.0000,-1.0000,-1.0000,-1.0000,-1.0000,-1.0000,-1.0000,-1.0000,-1.0000,-1.0000,-1.0000,-1.0000,-1.0000,-1.0000,-1.0000,-1.0000,-1.0000,-1.0000,-1.0000,-1.0000,-1.0000,-1.0000,-1.0000,-1.0000,-1.0000,-1.0000,-1.0000,-1.0000,-1.0000,-1.0000,-1.0000,-1.0000,-1.0000,-1.0000,-1.0000,-1.0000,-1.0000,-1.0000,-1.0000,-1.0000,-1.0000,-1.0000,-1.0000,-1.0000,0.9025,0.8920,0.8827,0.8836,0.9751,0.9404,0.8953,0.8693,0.9539,0.9098,0.9592,0.9177,0.9397,0.9170,0.8134,0.8804,0.8807,0.8114,0.9169,0.8137,0.8291,0.8441,-1.0000,-1.0000,-1.0000,-1.0000,-1.0000,-1.0000,-1.0000,-1.0000,-1.0000,-1.0000,-1.0000,-1.0000,-1.0000,-1.0000,-1.0000,-1.0000,-1.0000,-1.0000,-1.0000,-1.0000,-1.0000,-1.0000,-1.0000,-1.0000,-1.0000,-1.0000,-1.0000,-1.0000,-1.0000,-1.0000,-1.0000,-1.0000,-1.0000,-1.0000,-1.0000,-1.0000,1.0545,0.9850,1.0634,1.0929,1.0191,1.0426,0.9934,0.8232,0.8625,0.9992,0.8288,0.9574,1.0183,0.8394,0.9867,1.0221,0.8401,0.9126,0.9390,0.9318,0.9230,0.9157,1.0082,0.9851,0.9238,0.9086,0.9946,0.9532,0.9948,0.9457,0.9800,0.9621,0.8625,0.9269,0.9266,0.8570,0.9620,0.8537,0.8722,0.8909,0.8724,0.9025,0.8920,0.8827,0.8836,0.9751,0.9404,0.8953,0.8693,0.9539,0.9098,0.9592,0.9177,0.9397,0.9170,0.8134,0.8804,0.8807,0.8114,0.9169,0.8137,0.8291,0.8441,0,0.8114,-3.8126,0.2856,-2.5528
9,0.0180,1.0728,-0.0804,1.1562,-3.8126,0.2856,-2.7294,0.0656,0.1900,0.0000,1.0276,1.0000,0.0000,0.0001,0.0000,0.0000,-0.0002,0.0001,-0.0000,-0.0002,-0.0027,0.0000,-0.0002,0.0001,-0.0000,-0.0002,-0.0027,-0.0000,0.0008,-0.0001,-0.0000,0.0020,0.0000,0.0002,-0.0000,0.0008,0.0000,0.0000,0.0020,0.0000,0.0001,0.0000,0.0019,0.0005,-0.0214,-0.0002,0.0278,0.0011,-0.0003,-0.0258,0.0015,-0.0058,-0.0330,-0.0374,0.0018,-0.0250,0.0014,-0.0061,-0.0341,-0.0389,-0.0002,0.0885,-0.0078,-0.0043,0.2165,0.0014,0.0164,-0.0001,0.0895,0.0057,0.0036,0.2167,0.0014,0.0071,0.0001,-1.0000,-1.0000,-1.0000,-1.0000,-1.0000,-1.0000,-1.0000,-1.0000,-1.0000,-1.0000,-1.0000,-1.0000,-1.0000,-1.0000,-1.0000,-1.0000,-1.0000,-1.0000,-1.0000,-1.0000,-1.0000,-1.0000,-1.0000,-1.0000,-1.0000,-1.0000,-1.0000,-1.0000,-1.0000,-1.0000,-1.0000,-1.0000,-1.0000,-1.0000,-1.0000,-1.0000,-1.0000,-1.0000,-1.0000,-1.0000,-1.0000,-1.0000,-1.0000,-1.0000,-1.0000,-1.0000,-1.0000,-1.0000,-1.0000,-1.0000,-1.0000,-1.0000,-1.0000,-1.0000,-1.0000,-1.0000,-1.0000,-1.0000,-1.0000,-1.0000,-1.0000,-1.0000,-1.0000,0.8973,0.8864,0.8768,0.8776,0.9687,0.9342,0.8889,0.8623,0.9472,0.9029,0.9522,0.9110,0.9325,0.9094,0.8059,0.8730,0.8730,0.8040,0.9095,0.8062,0.8213,0.8364,-1.0000,-1.0000,-1.0000,-1.0000,-1.0000,-1.0000,-1.0000,-1.0000,-1.0000,-1.0000,-1.0000,-1.0000,-1.0000,-1.0000,-1.0000,-1.0000,-1.0000,-1.0000,-1.0000,-1.0000,-1.0000,-1.0000,-1.0000,-1.0000,-1.0000,-1.0000,-1.0000,-1.0000,-1.0000,-1.0000,-1.0000,-1.0000,-1.0000,-1.0000,-1.0000,-1.0000,1.0515,0.9822,1.0604,1.0897,1.0162,1.0395,0.9860,0.8162,0.8568,0.9926,0.8215,0.9523,1.0122,0.8333,0.9795,1.0162,0.8336,0.9064,0.9337,0.9262,0.9171,0.9097,1.0017,0.9788,0.9175,0.9017,0.9878,0.9463,0.9878,0.9390,0.9728,0.9545,0.8551,0.9196,0.9190,0.8497,0.9545,0.8464,0.8645,0.8833,0.8662,0.8973,0.8864,0.8768,0.8776,0.9687,0.9342,0.8889,0.8623,0.9472,0.9029,0.9522,0.9110,0.9325,0.9094,0.8059,0.8730,0.8730,0.8040,0.9095,0.8062,0.8213,0.8364,0,0.8040,-3.8126,0.2856,-2.5528
9,0.0180,1.0728,-0.0804,1.1562,-3.8126,0.2856,-2.7294,0.0656,0.1900,0.0000,1.0276,1.0000,0.0000,0.0001,0.0000,0.0000,-0.0002,0.0001,-0.0000,-0.0002,-0.0027,0.0000,-0.0002,0.0001,-0.0000,-0.0002,-0.0027,-0.0000,0.0008,-0.0001,-0.0000,0.0020,0.0000,0.0002,-0.0000,0.0008,0.0000,0.0000,0.0020,0.0000,0.0001,0.0000,0.0019,0.0005,-0.0214,-0.0002,0.0278,0.0011,-0.0003,-0.0258,0.0015,-0.0058,-0.0330,-0.0374,0.0018,-0.0250,0.0014,-0.0061,-0.0341,-0.0389,-0.0002,0.0885,-0.0078,-0.0043,0.2165,0.0014,0.0164,-0.0001,0.0895,0.0057,0.0036,0.2167,0.0014,0.0071,0.0001,-1.0000,-1.0000,-1.0000,-1.0000,-1.0000,-1.0000,-1.0000,-1.0000,-1.0000,-1.0000,-1.0000,-1.0000,-1.0000,-1.0000,-1.0000,-1.0000,-1.0000,-1.0000,-1.0000,-1.0000,-1.0000,-1.0000,-1.0000,-1.0000,-1.0000,-1.0000,-1.0000,-1.0000,-1.0000,-1.0000,-1.0000,-1.0000,-1.0000,-1.0000,-1.0000,-1.0000,-1.0000,-1.0000,-1.0000,-1.0000,-1.0000,-1.0000,-1.0000,-1.0000,-1.0000,-1.0000,-1.0000,-1.0000,-1.0000,-1.0000,-1.0000,-1.0000,-1.0000,-1.0000,-1.0000,-1.0000,-1.0000,-1.0000,-1.0000,-1.0000,-1.0000,-1.0000,-1.0000,0.8973,0.8864,0.8768,0.8776,0.9687,0.9342,0.8889,0.8623,0.9472,0.9029,0.9522,0.9110,0.9325,0.9094,0.8059,0.8730,0.8730,0.8040,0.9095,0.8062,0.8213,0.8364,-1.0000,-1.0000,-1.0000,-1.0000,-1.0000,-1.0000,-1.0000,-1.0000,-1.0000,-1.0000,-1.0000,-1.0000,-1.0000,-1.0000,-1.0000,-1.0000,-1.0000,-1.0000,-1.0000,-1.0000,-1.0000,-1.0000,-1.0000,-1.0000,-1.0000,-1.0000,-1.0000,-1.0000,-1.0000,-1.0000,-1.0000,-1.0000,-1.0000,-1.0000,-1.0000,-1.0000,1.0515,0.9822,1.0604,1.0897,1.0162,1.0395,0.9860,0.8162,0.8568,0.9926,0.8215,0.9523,1.0122,0.8333,0.9795,1.0162,0.8336,0.9064,0.9337,0.9262,0.9171,0.9097,1.0017,0.9788,0.9175,0.9017,0.9878,0.9463,0.9878,0.9390,0.9728,0.9545,0.8551,0.9196,0.9190,0.8497,0.9545,0.8464,0.8645,0.8833,0.8662,0.8973,0.8864,0.8768,0.8776,0.9687,0.9342,0.8889,0.8623,0.9472,0.9029,0.9522,0.9110,0.9325,0.9094,0.8059,0.8730,0.8730,0.8040,0.9095,0.8062,0.8213,0.8364,0,0.8040,-3.8126,0.2856,-2.5528
10,0.0200,1.0652,-0.0798,1.1507,-3.8126,0.2856,-2.7490,0.0656,0.1900,0.0000,1.0275,1.0000,0.0000,0.0001,0.0000,0.0000,-0.0003,0.0001,-0.0000,-0.0002,-0.0027,0.0000,-0.0003,0.0001,-0.0001,-0.0002,-0.0027,-0.0000,0.0010,-0.0001,-0.0001,0.0025,0.0000,0.0002,-0.0000,0.0010,0.0001,0.0000,0.0025,0.0000,0.0001,0.0000,0.0022,0.0004,-0.0188,-0.0005,0.0317,0.0011,-0.0007,-0.0315,-0.0009,-0.0051,-0.0157,0.0243,0.0014,-0.0309,-0.0010,-0.0053,-0.0167,0.0226,-0.0000,0.1010,-0.0083,-0.0047,0.2418,0.0016,0.0185,-0.0001,0.1022,0.0069,0.0042,0.2422,0.0016,0.0083,0.0001,-1.0000,-1.0000,-1.0000,-1.0000,-1.0000,-1.0000,-1.0000,-1.0000,-1.0000,-1.0000,-1.0000,-1.0000,-1.0000,-1.0000,-1.0000,-1.0000,-1.0000,-1.0000,-1.0000,-1.0000,-1.0000,-1.0000,-1.0000,-1.0000,-1.0000,-1.0000,-1.0000,-1.0000,-1.0000,-1.0000,-1.0000,-1.0000,-1.0000,-1.0000,-1.0000,-1.0000,-1.0000,-1.0000,-1.0000,-1.0000,-1.0000,-1.0000,-1.0000,-1.0000,-1.0000,-1.0000,-1.0000,-1.0000,-1.0000,-1.0000,-1.0000,-1.0000,-1.0000,-1.0000,-1.0000,-1.0000,-1.0000,-1.0000,-1.0000,-1.0000,-1.0000,-1.0000,-1.0000,0.8921,0.8809,0.8710,0.8716,0.9623,0.9280,0.8826,0.8554,0.9405,0.8961,0.9452,0.9042,0.9253,0.9018,0.7985,0.8656,0.8653,0.7966,0.9020,0.7989,0.8135,0.8288,-1.0000,-1.0000,-1.0000,-1.0000,-1.0000,-1.0000,-1.0000,-1.0000,-1.0000,-1.0000,-1.0000,-1.0000,-1.0000,-1.0000,-1.0000,-1.0000,-1.0000,-1.0000,-1.0000,-1.0000,-1.0000,-1.0000,-1.0000,-1.0000,-1.0000,-1.0000,-1.0000,-1.0000,-1.0000,-1.0000,-1.0000,-1.0000,-1.0000,-1.0000,-1.0000,-1.0000,1.0487,0.9794,1.0574,1.0865,1.0134,1.0365,0.9787,0.8093,0.8512,0.9861,0.8143,0.9472,1.0060,0.8272,0.9724,1.0104,0.8271,0.9003,0.9285,0.9207,0.9113,0.9038,0.9954,0.9726,0.9112,0.8947,0.9812,0.9395,0.9808,0.9322,0.9656,0.9469,0.8477,0.9123,0.9114,0.8425,0.9471,0.8391,0.8567,0.8757,0.8601,0.8921,0.8809,0.8710,0.8716,0.9623,0.9280,0.8826,0.8554,0.9405,0.8961,0.9452,0.9042,0.9253,0.9018,0.7985,0.8656,0.8653,0.7966,0.9020,0.7989,0.8135,0.8288,0,0.7966,-3.8126,0.2856,-2.5528
10,0.0200,1.0652,-0.0798,1.1507,-3.8126,0.2856,-2.7490,0.0656,0.1900,0.0000,1.0275,1.0000,0.0000,0.0001,0.0000,0.0000,-0.0003,0.0001,-0.0000,-0.0002,-0.0027,0.0000,-0.0003,0.0001,-0.0001,-0.0002,-0.0027,-0.0000,0.0010,-0.0001,-0.0001,0.0025,0.0000,0.0002,-0.0000,0.0010,0.0001,0.0000,0.0025,0.0000,0.0001,0.0000,0.0022,0.0004,-0.0188,-0.0005,0.0317,0.0011,-0.0007,-0.0315,-0.0009,-0.0051,-0.0157,0.0243,0.0014,-0.0309,-0.0010,-0.0053,-0.0167,0.0226,-0.0000,0.1010,-0.0083,-0.0047,0.2418,0.0016,0.0185,-0.0001,0.1022,0.0069,0.0042,0.2422,0.0016,0.0083,0.0001,-1.0000,-1.0000,-1.0000,-1.0000,-1.0000,-1.0000,-1.0000,-1.0000,-1.0000,-1.0000,-1.0000,-1.0000,-1.0000,-1.0000,-1.0000,-1.0000,-1.0000,-1.0000,-1.0000,-1.0000,-1.0000,-1.0000,-1.0000,-1.0000,-1.0000,-1.0000,-1.0000,-1.0000,-1.0000,-1.0000,-1.0000,-1.0000,-1.0000,-1.0000,-1.0000,-1.0000,-1.0000,-1.0000,-1.0000,-1.0000,-1.0000,-1.0000,-1.0000,-1.0000,-1.0000,-1.0000,-1.0000,-1.0000,-1.0000,-1.0000,-1.0000,-1.0000,-1.0000,-1.0000,-1.0000,-1.0000,-1.0000,-1.0000,-1.0000,-1.0000,-1.0000,-1.0000,-1.0000,0.8921,0.8809,0.8710,0.8716,0.9623,0.9280,0.8826,0.8554,0.9405,0.8961,0.9452,0.9042,0.9253,0.9018,0.7985,0.8656,0.8653,0.7966,0.9020,0.7989,0.8135,0.8288,-1.0000,-1.0000,-1.0000,-1.0000,-1.0000,-1.0000,-1.0000,-1.0000,-1.0000,-1.0000,-1.0000,-1.0000,-1.0000,-1.0000,-1.0000,-1.0000,-1.0000,-1.0000,-1.0000,-1.0000,-1.0000,-1.0000,-1.0000,-1.0000,-1.0000,-1.0000,-1.0000,-1.0000,-1.0000,-1.0000,-1.0000,-1.0000,-1.0000,-1.0000,-1.0000,-1.0000,1.0487,0.9794,1.0574,1.0865,1.0134,1.0365,0.9787,0.8093,0.8512,0.9861,0.8143,0.9472,1.0060,0.8272,0.9724,1.0104,0.8271,0.9003,0.9285,0.9207,0.9113,0.9038,0.9954,0.9726,0.9112,0.8947,0.9812,0.9395,0.9808,0.9322,0.9656,0.9469,0.8477,0.9123,0.9114,0.8425,0.9471,0.8391,0.8567,0.8757,0.8601,0.8921,0.8809,0.8710,0.8716,0.9623,0.9280,0.8826,0.8554,0.9405,0.8961,0.9452,0.9042,0.9253,0.9018,0.7985,0.8656,0.8653,0.7966,0.9020,0.7989,0.8135,0.8288,0,0.7966,-3.8126,0.2856,-2.5528
11,0.0220,1.0576,-0.0792,1.1452,-3.8126,0.2856,-2.7686,0.0656,0.1900,0.0000,1.0275,1.0000,0.0000,0.0002,0.0000,0.0000,-0.0004,0.0001,-0.0001,-0.0002,-0.0025,0.0000,-0.0004,0.0001,-0.0001,-0.0003,-0.0025,-0.0000,0.0012,-0.0001,-0.0001,0.0030,0.0000,0.0002,-0.0000,0.0012,0.0001,0.0000,0.0030,0.0000,0.0001,0.0000,0.0025,0.0002,-0.0164,-0.0008,0.0354,0.0011,-0.0009,-0.0369,-0.0030,-0.0047,-0.0008,0.0752,0.0012,-0.0364,-0.0031,-0.0048,-0.0017,0.0734,0.0001,0.1133,-0.0088,-0.0051,0.2654,0.0018,0.0207,-0.0001,0.1147,0.0081,0.0046,0.2659,0.0018,0.0096,0.0001,-1.0000,-1.0000,-1.0000,-1.0000,-1.0000,-1.0000,-1.0000,-1.0000,-1.0000,-1.0000,-1.0000,-1.0000,-1.0000,-1.0000,-1.0000,-1.0000,-1.0000,-1.0000,-1.0000,-1.0000,-1.0000,-1.0000,-1.0000,-1.0000,-1.0000,-1.0000,-1.0000,-1.0000,-1.0000,-1.0000,-1.0000,-1.0000,-1.0000,-1.0000,-1.0000,-1.0000,-1.0000,-1.0000,-1.0000,-1.0000,-1.0000,-1.0000,-1.0000,-1.0000,-1.0000,-1.0000,-1.0000,-1.0000,-1.0000,-1.0000,-1.0000,-1.0000,-1.0000,-1.0000,-1.0000,-1.0000,-1.0000,-1.0000,-1.0000,-1.0000,-1.0000,-1.0000,-1.0000,0.8870,0.8755,0.8653,0.8658,0.9560,0.9218,0.8764,0.8485,0.9339,0.8893,0.9383,0.8976,0.9182,0.8943,0.7910,0.8583,0.8577,0.7894,0.8946,0.7915,0.8057,0.8211,-1.0000,-1.0000,-1.0000,-1.0000,-1.0000,-1.0000,-1.0000,-1.0000,-1.0000,-1.0000,-1.0000,-1.0000,-1.0000,-1.0000,-1.0000,-1.0000,-1.0000,-1.0000,-1.0000,-1.0000,-1.0000,-1.0000,-1.0000,-1.0000,-1.0000,-1.0000,-1.0000,-1.0000,-1.0000,-1.0000,-1.0000,-1.0000,-1.0000,-1.0000,-1.0000,-1.0000,1.0460,0.9768,1.0546,1.0835,1.0108,1.0336,0.9715,0.8025,0.8457,0.9796,0.8072,0.9422,1.0000,0.8211,0.9654,1.0047,0.8207,0.8942,0.9234,0.9153,0.9055,0.8979,0.9890,0.9664,0.9050,0.8879,0.9745,0.9328,0.9739,0.9256,0.9585,0.9394,0.8404,0.9050,0.9039,0.8353,0.9398,0.8318,0.8491,0.8681,0.8541,0.8870,0.8755,0.8653,0.8658,0.9560,0.9218,0.8764,0.8485,0.9339,0.8893,0.9383,0.8976,0.9182,0.8943,0.7910,0.8583,0.8577,0.7894,0.8946,0.7915,0.8057,0.8211,0,0.7894,-3.8126,0.2856,-2.5528
12,0.0240,1.0499,-0.0786,1.1396,-3.8126,0.2856,-2.7882,0.0656,0.1900,0.0000,1.0275,1.0000,0.0000,0.0002,0.0000,0.0000,-0.0005,0.0001,-0.0001,-0.0002,-0.0023,0.0001,-0.0004,0.0001,-0.0001,-0.0002,-0.0023,-0.0000,0.0015,-0.0001,-0.0001,0.0036,0.0000,0.0003,-0.0000,0.0015,0.0001,0.0001,0.0036,0.0000,0.0001,0.0000,0.0028,0.0001,-0.0142,-0.0009,0.0392,0.0011,-0.0012,-0.0419,-0.0047,-0.0045,0.0119,0.1163,0.0009,-0.0415,-0.0048,-0.0045,0.0111,0.1144,0.0003,0.1255,-0.0093,-0.0055,0.2871,0.0020,0.0228,-0.0002,0.1270,0.0093,0.0051,0.2878,0.0020,0.0108,0.0001,-1.0000,-1.0000,-1.0000,-1.0000,-1.0000,-1.0000,-1.0000,-1.0000,-1.0000,-1.0000,-1.0000,-1.0000,-1.0000,-1.0000,-1.0000,-1.0000,-1.0000,-1.0000,-1.0000,-1.0000,-1.0000,-1.0000,-1.0000,-1.0000,-1.0000,-1.0000,-1.0000,-1.0000,-1.0000,-1.0000,-1.0000,-1.0000,-1.0000,-1.0000,-1.0000,-1.0000,-1.0000,-1.0000,-1.0000,-1.0000,-1.0000,-1.0000,-1.0000,-1.0000,-1.0000,-1.0000,-1.0000,-1.0000,-1.0000,-1.0000,-1.0000,-1.0000,-1.0000,-1.0000,-1.0000,-1.0000,-1.0000,-1.0000,-1.0000,-1.0000,-1.0000,-1.0000,-1.0000,0.8820,0.8702,0.8596,0.8600,0.9498,0.9158,0.8703,0.8416,0.9273,0.8826,0.9314,0.8910,0.9111,0.8868,0.7837,0.8510,0.8501,0.7821,0.8873,0.7843,0.7980,0.8136,-1.0000,-1.0000,-1.0000,-1.0000,-1.0000,-1.0000,-1.0000,-1.0000,-1.0000,-1.0000,-1.0000,-1.0000,-1.0000,-1.0000,-1.0000,-1.0000,-1.0000,-1.0000,-1.0000,-1.0000,-1.0000,-1.0000,-1.0000,-1.0000,-1.0000,-1.0000,-1.0000,-1.0000,-1.0000,-1.0000,-1.0000,-1.0000,-1.0000,-1.0000,-1.0000,-1.0000,1.0433,0.9743,1.0518,1.0805,1.0082,1.0307,0.9643,0.7957,0.8403,0.9732,0.8001,0.9373,0.9940,0.8151,0.9583,0.9990,0.8144,0.8882,0.9183,0.9099,0.8998,0.8921,0.9828,0.9603,0.8989,0.8810,0.9680,0.9261,0.9670,0.9190,0.9515,0.9320,0.8331,0.8978,0.8964,0.8281,0.9325,0.8246,0.8414,0.8607,0.8481,0.8820,0.8702,0.8596,0.8600,0.9498,0.9158,0.8703,0.8416,0.9273,0.8826,0.9314,0.8910,0.9111,0.8868,0.7837,0.8510,0.8501,0.7821,0.8873,0.7843,0.7980,0.8136,0,0.7821,-3.8126,0.2856,-2.5528
12,0.0240,1.0499,-0.0786,1.1396,-3.8126,0.2856,-2.7882,0.0656,0.1900,0.0000,1.0275,1.0000,0.0000,0.0002,0.0000,0.0000,-0.0005,0.0001,-0.0001,-0.0002,-0.0023,0.0001,-0.0004,0.0001,-0.0001,-0.0002,-0.0023,-0.0000,0.0015,-0.0001,-0.0001,0.0036,0.0000,0.0003,-0.0000,0.0015,0.0001,0.0001,0.0036,0.0000,0.0001,0.0000,0.0028,0.0001,-0.0142,-0.0009,0.0392,0.0011,-0.0012,-0.0419,-0.0047,-0.0045,0.0119,0.1163,0.0009,-0.0415,-0.0048,-0.0045,0.0111,0.1144,0.0003,0.1255,-0.0093,-0.0055,0.2871,0.0020,0.0228,-0.0002,0.1270,0.0093,0.0051,0.2878,0.0020,0.0108,0.0001,-1.0000,-1.0000,-1.0000,-1.0000,-1.0000,-1.0000,-1.0000,-1.0000,-1.0000,-1.0000,-1.0000,-1.0000,-1.0000,-1.0000,-1.0000,-1.0000,-1.0000,-1.0000,-1.0000,-1.0000,-1.0000,-1.0000,-1.0000,-1.0000,-1.0000,-1.0000,-1.0000,-1.0000,-1.0000,-1.0000,-1.0000,-1.0000,-1.0000,-1.0000,-1.0000,-1.0000,-1.0000,-1.0000,-1.0000,-1.0000,-1.0000,-1.0000,-1.0000,-1.0000,-1.0000,-1.0000,-1.0000,-1.0000,-1.0000,-1.0000,-1.0000,-1.0000,-1.0000,-1.0000,-1.0000,-1.0000,-1.0000,-1.0000,-1.0000,-1.0000,-1.0000,-1.0000,-1.0000,0.8820,0.8702,0.8596,0.8600,0.9498,0.9158,0.8703,0.8416,0.9273,0.8826,0.9314,0.8910,0.9111,0.8868,0.7837,0.8510,0.8501,0.7821,0.8873,0.7843,0.7980,0.8136,-1.0000,-1.0000,-1.0000,-1.0000,-1.0000,-1.0000,-1.0000,-1.0000,-1.0000,-1.0000,-1.0000,-1.0000,-1.0000,-1.0000,-1.0000,-1.0000,-1.0000,-1.0000,-1.0000,-1.0000,-1.0000,-1.0000,-1.0000,-1.0000,-1.0000,-1.0000,-1.0000,-1.0000,-1.0000,-1.0000,-1.0000,-1.0000,-1.0000,-1.0000,-1.0000,-1.0000,1.0433,0.9743,1.0518,1.0805,1.0082,1.0307,0.9643,0.7957,0.8403,0.9732,0.8001,0.9373,0.9940,0.8151,0.9583,0.9990,0.8144,0.8882,0.9183,0.9099,0.8998,0.8921,0.9828,0.9603,0.8989,0.8810,0.9680,0.9261,0.9670,0.9190,0.9515,0.9320,0.8331,0.8978,0.8964,0.8281,0.9325,0.8246,0.8414,0.8607,0.8481,0.8820,0.8702,0.8596,0.8600,0.9498,0.9158,0.8703,0.8416,0.9273,0.8826,0.9314,0.8910,0.9111,0.8868,0.7837,0.8510,0.8501,0.7821,0.8873,0.7843,0.7980,0.8136,0,0.7821,-3.8126,0.2856,-2.5528
13,0.0260,1.0423,-0.0781,1.1340,-3.8126,0.2856,-2.8078,0.0656,0.1900,0.0000,1.0274,1.0000,0.0000,0.0003,0.0000,0.0000,-0.0006,0.0000,-0.0001,-0.0002,-0.0019,0.0001,-0.0006,0.0000,-0.0001,0.0001,-0.0021,-0.0000,0.0017,-0.0001,-0.0001,0.0042,0.0000,0.0003,-0.0000,0.0017,0.0001,0.0001,0.0041,0.0000,0.0001,0.0000,0.0031,0.0012,-0.0170,0.0230,0.0413,0.0007,-0.0009,-0.0448,-0.0367,-0.0047,0.0239,0.1619,0.0003,-0.0606,-0.0346,0.0076,0.1599,0.1146,-0.0022,0.1385,-0.0012,-0.0085,0.3076,0.0021,0.0249,-0.0002,0.1325,0.0186,0.0026,0.2919,0.0020,0.0116,0.0001,-1.0000,-1.0000,-1.0000,-1.0000,-1.0000,-1.0000,-1.0000,-1.0000,-1.0000,-1.0000,-1.0000,-1.0000,-1.0000,-1.0000,-1.0000,-1.0000,-1.0000,-1.0000,-1.0000,-1.0000,-1.0000,-1.0000,-1.0000,-1.0000,-1.0000,-1.0000,-1.0000,-1.0000,-1.0000,-1.0000,-1.0000,-1.0000,-1.0000,-1.0000,-1.0000,-1.0000,-1.0000,-1.0000,-1.0000,-1.0000,-1.0000,-1.0000,-1.0000,-1.0000,-1.0000,-1.0000,-1.0000,-1.0000,-1.0000,-1.0000,-1.0000,-1.0000,-1.0000,-1.0000,-1.0000,-1.0000,-1.0000,-1.0000,-1.0000,-1.0000,-1.0000,-1.0000,-1.0000,0.8771,0.8650,0.8540,0.8543,0.9436,0.9098,0.8642,0.8348,0.9208,0.8760,0.9246,0.8844,0.9041,0.8793,0.7763,0.8438,0.8426,0.7749,0.8800,0.7770,0.7903,0.8060,-1.0000,-1.0000,-1.0000,-1.0000,-1.0000,-1.0000,-1.0000,-1.0000,-1.0000,-1.0000,-1.0000,-1.0000,-1.0000,-1.0000,-1.0000,-1.0000,-1.0000,-1.0000,-1.0000,-1.0000,-1.0000,-1.0000,-1.0000,-1.0000,-1.0000,-1.0000,-1.0000,-1.0000,-1.0000,-1.0000,-1.0000,-1.0000,-1.0000,-1.0000,-1.0000,-1.0000,1.0408,0.9719,1.0492,1.0777,1.0058,1.0280,0.9571,0.7889,0.8350,0.9668,0.7930,0.9324,0.9881,0.8092,0.9513,0.9934,0.8082,0.8823,0.9133,0.9046,0.8942,0.8863,0.9766,0.9543,0.8928,0.8743,0.9614,0.9194,0.9601,0.9124,0.9444,0.9245,0.8258,0.8906,0.8889,0.8210,0.9252,0.8175,0.8339,0.8532,0.8422,0.8771,0.8650,0.8540,0.8543,0.9436,0.9098,0.8642,0.8348,0.9208,0.8760,0.9246,0.8844,0.9041,0.8793,0.7763,0.8438,0.8426,0.7749,0.8800,0.7770,0.7903,0.8060,0,0.7749,-3.8126,0.2856,-2.5528
14,0.0280,1.0347,-0.0775,1.1284,-3.8126,0.2856,-2.8275,0.0656,0.1900,0.0000,1.0274,1.0000,0.0001,0.0003,0.0000,0.0000,-0.0006,-0.0001,-0.0001,-0.0001,-0.0016,0.0001,-0.0007,-0.0001,-0.0000,0.0003,-0.0015,-0.0000,0.0020,-0.0001,-0.0001,0.0048,0.0000,0.0004,-0.0000,0.0020,0.0002,0.0001,0.0048,0.0000,0.0002,0.0000,0.0034,0.0014,-0.0171,0.0333,0.0446,0.0006,-0.0010,-0.0490,-0.0508,-0.0048,0.0333,0.1918,0.0006,-0.0598,-0.0551,0.0039,0.1229,0.2761,-0.0031,0.1507,0.0024,-0.0098,0.3261,0.0022,0.0270,-0.0002,0.1416,0.0235,0.0020,0.3039,0.0021,0.0126,0.0001,-1.0000,-1.0000,-1.0000,-1.0000,-1.0000,-1.0000,-1.0000,-1.0000,-1.0000,-1.0000,-1.0000,-1.0000,-1.0000,-1.0000,-1.0000,-1.0000,-1.0000,-1.0000,-1.0000,-1.0000,-1.0000,-1.0000,-1.0000,-1.0000,-1.0000,-1.0000,-1.0000,-1.0000,-1.0000,-1.0000,-1.0000,-1.0000,-1.0000,-1.0000,-1.0000,-1.0000,-1.0000,-1.0000,-1.0000,-1.0000,-1.0000,-1.0000,-1.0000,-1.0000,-1.0000,-1.0000,-1.0000,-1.0000,-1.0000,-1.0000,-1.0000,-1.0000,-1.0000,-1.0000,-1.0000,-1.0000,-1.0000,-1.0000,-1.0000,-1.0000,-1.0000,-1.0000,-1.0000,0.8723,0.8598,0.8485,0.8486,0.9375,0.9038,0.8582,0.8281,0.9144,0.8694,0.9178,0.8779,0.8971,0.8719,0.7690,0.8366,0.8351,0.7678,0.8727,0.7698,0.7827,0.7985,-1.0000,-1.0000,-1.0000,-1.0000,-1.0000,-1.0000,-1.0000,-1.0000,-1.0000,-1.0000,-1.0000,-1.0000,-1.0000,-1.0000,-1.0000,-1.0000,-1.0000,-1.0000,-1.0000,-1.0000,-1.0000,-1.0000,-1.0000,-1.0000,-1.0000,-1.0000,-1.0000,-1.0000,-1.0000,-1.0000,-1.0000,-1.0000,-1.0000,-1.0000,-1.0000,-1.0000,1.0383,0.9696,1.0466,1.0749,1.0034,1.0254,0.9500,0.7823,0.8297,0.9605,0.7860,0.9277,0.9822,0.8034,0.9444,0.9878,0.8020,0.8764,0.9084,0.8994,0.8887,0.8807,0.9704,0.9483,0.8867,0.8676,0.9550,0.9128,0.9534,0.9060,0.9375,0.9172,0.8187,0.8835,0.8815,0.8139,0.9180,0.8103,0.8263,0.8458,0.8363,0.8723,0.8598,0.8485,0.8486,0.9375,0.9038,0.8582,0.8281,0.9144,0.8694,0.9178,0.8779,0.8971,0.8719,0.7690,0.8366,0.8351,0.7678,0.8727,0.7698,0.7827,0.7985,0,0.7678,-3.8126,0.2856,-2.5528
14,0.0280,1.0347,-0.0775,1.1284,-3.8126,0.2856,-2.8275,0.0656,0.1900,0.0000,1.0274,1.0000,0.0001,0.0003,0.0000,0.0000,-0.0006,-0.0001,-0.0001,-0.0001,-0.0016,0.0001,-0.0007,-0.0001,-0.0000,0.0003,-0.0015,-0.0000,0.0020,-0.0001,-0.0001,0.0048,0.0000,0.0004,-0.0000,0.0020,0.0002,0.0001,0.0048,0.0000,0.0002,0.0000,0.0034,0.0014,-0.0171,0.0333,0.0446,0.0006,-0.0010,-0.0490,-0.0508,-0.0048,0.0333,0.1918,0.0006,-0.0598,-0.0551,0.0039,0.1229,0.2761,-0.0031,0.1507,0.0024,-0.0098,0.3261,0.0022,0.0270,-0.0002,0.1416,0.0235,0.0020,0.3039,0.0021,0.0126,0.0001,-1.0000,-1.0000,-1.0000,-1.0000,-1.0000,-1.0000,-1.0000,-1.0000,-1.0000,-1.0000,-1.0000,-1.0000,-1.0000,-1.0000,-1.0000,-1.0000,-1.0000,-1.0000,-1.0000,-1.0000,-1.0000,-1.0000,-1.0000,-1.0000,-1.0000,-1.0000,-1.0000,-1.0000,-1.0000,-1.0000,-1.0000,-1.0000,-1.0000,-1.0000,-1.0000,-1.0000,-1.0000,-1.0000,-1.0000,-1.0000,-1.0000,-1.0000,-1.0000,-1.0000,-1.0000,-1.0000,-1.0000,-1.0000,-1.0000,-1.0000,-1.0000,-1.0000,-1.0000,-1.0000,-1.0000,-1.0000,-1.0000,-1.0000,-1.0000,-1.0000,-1.0000,-1.0000,-1.0000,0.8723,0.8598,0.8485,0.8486,0.9375,0.9038,0.8582,0.8281,0.9144,0.8694,0.9178,0.8779,0.8971,0.8719,0.7690,0.8366,0.8351,0.7678,0.8727,0.7698,0.7827,0.7985,-1.0000,-1.0000,-1.0000,-1.0000,-1.0000,-1.0000,-1.0000,-1.0000,-1.0000,-1.0000,-1.0000,-1.0000,-1.0000,-1.0000,-1.0000,-1.0000,-1.0000,-1.0000,-1.0000,-1.0000,-1.0000,-1.0000,-1.0000,-1.0000,-1.0000,-1.0000,-1.0000,-1.0000,-1.0000,-1.0000,-1.0000,-1.0000,-1.0000,-1.0000,-1.0000,-1.0000,1.0383,0.9696,1.0466,1.0749,1.0034,1.0254,0.9500,0.7823,0.8297,0.9605,0.7860,0.9277,0.9822,0.8034,0.9444,0.9878,0.8020,0.8764,0.9084,0.8994,0.8887,0.8807,0.9704,0.9483,0.8867,0.8676,0.9550,0.9128,0.9534,0.9060,0.9375,0.9172,0.8187,0.8835,0.8815,0.8139,0.9180,0.8103,0.8263,0.8458,0.8363,0.8723,0.8598,0.8485,0.8486,0.9375,0.9038,0.8582,0.8281,0.9144,0.8694,0.9178,0.8779,0.8971,0.8719,0.7690,0.8366,0.8351,0.7678,0.8727,0.7698,0.7827,0.7985,0,0.7678,-3.8126,0.2856,-2.5528
15,0.0300,1.0271,-0.0769,1.1227,-3.8126,0.2856,-2.8471,0.0656,0.1901,0.0000,1.0274,1.0000,0.0001,0.0004,0.0000,0.0000,-0.0008,-0.0002,-0.0001,-0.0000,-0.0011,0.0001,-0.0008,-0.0002,-0.0001,0.0005,-0.0011,-0.0000,0.0024,-0.0001,-0.0001,0.0055,0.0000,0.0004,-0.0000,0.0023,0.0002,0.0001,0.0054,0.0000,0.0002,0.0000,0.0037,0.0013,-0.0149,0.0316,0.0484,0.0007,-0.0012,-0.0535,-0.0495,-0.0052,0.0403,0.2082,0.0010,-0.0586,-0.0501,-0.0006,0.0800,0.2161,-0.0027,0.1622,0.0008,-0.0096,0.3428,0.0024,0.0290,-0.0002,0.1540,0.0234,0.0029,0.3226,0.0023,0.0139,0.0001,-1.0000,-1.0000,-1.0000,-1.0000,-1.0000,-1.0000,-1.0000,-1.0000,-1.0000,-1.0000,-1.0000,-1.0000,-1.0000,-1.0000,-1.0000,-1.0000,-1.0000,-1.0000,-1.0000,-1.0000,-1.0000,-1.0000,-1.0000,-1.0000,-1.0000,-1.0000,-1.0000,-1.0000,-1.0000,-1.0000,-1.0000,-1.0000,-1.0000,-1.0000,-1.0000,-1.0000,-1.0000,-1.0000,-1.0000,-1.0000,-1.0000,-1.0000,-1.0000,-1.0000,-1.0000,-1.0000,-1.0000,-1.0000,-1.0000,-1.0000,-1.0000,-1.0000,-1.0000,-1.0000,-1.0000,-1.0000,-1.0000,-1.0000,-1.0000,-1.0000,-1.0000,-1.0000,-1.0000,0.8676,0.8547,0.8431,0.8431,0.9314,0.8980,0.8523,0.8214,0.9080,0.8628,0.9111,0.8715,0.8902,0.8645,0.7618,0.8295,0.8276,0.7607,0.8655,0.7627,0.7751,0.7911,-1.0000,-1.0000,-1.0000,-1.0000,-1.0000,-1.0000,-1.0000,-1.0000,-1.0000,-1.0000,-1.0000,-1.0000,-1.0000,-1.0000,-1.0000,-1.0000,-1.0000,-1.0000,-1.0000,-1.0000,-1.0000,-1.0000,-1.0000,-1.0000,-1.0000,-1.0000,-1.0000,-1.0000,-1.0000,-1.0000,-1.0000,-1.0000,-1.0000,-1.0000,-1.0000,-1.0000,1.0360,0.9674,1.0441,1.0722,1.0012,1.0228,0.9429,0.7757,0.8245,0.9543,0.7791,0.9230,0.9764,0.7977,0.9375,0.9824,0.7959,0.8707,0.9036,0.8943,0.8832,0.8751,0.9644,0.9424,0.8808,0.8609,0.9486,0.9063,0.9466,0.8995,0.9306,0.9098,0.8115,0.8764,0.8741,0.8069,0.9108,0.8033,0.8188,0.8384,0.8306,0.8676,0.8547,0.8431,0.8431,0.9314,0.8980,0.8523,0.8214,0.9080,0.8628,0.9111,0.8715,0.8902,0.8645,0.7618,0.8295,0.8276,0.7607,0.8655,0.7627,0.7751,0.7911,0,0.7607,-3.8126,0.2856,-2.5528
15,0.0300,1.0271,-0.0769,1.1227,-3.8126,0.2856,-2.8471,0.0656,0.1901,0.0000,1.0274,1.0000,0.0001,0.0004,0.0000,0.0000,-0.0008,-0.0002,-0.0001,-0.0000,-0.0011,0.0001,-0.0008,-0.0002,-0.0001,0.0005,-0.0011,-0.0000,0.0024,-0.0001,-0.0001,0.0055,0.0000,0.0004,-0.0000,0.0023,0.0002,0.0001,0.0054,0.0000,0.0002,0.0000,0.0037,0.0013,-0.0149,0.0316,0.0484,0.0007,-0.0012,-0.0535,-0.0495,-0.0052,0.0403,0.2082,0.0010,-0.0586,-0.0501,-0.0006,0.0800,0.2161,-0.0027,0.1622,0.0008,-0.0096,0.3428,0.0024,0.0290,-0.0002,0.1540,0.0234,0.0029,0.3226,0.0023,0.0139,0.0001,-1.0000,-1.0000,-1.0000,-1.0000,-1.0000,-1.0000,-1.0000,-1.0000,-1.0000,-1.0000,-1.0000,-1.0000,-1.0000,-1.0000,-1.0000,-1.0000,-1.0000,-1.0000,-1.0000,-1.0000,-1.0000,-1.0000,-1.0000,-1.0000,-1.0000,-1.0000,-1.0000,-1.0000,-1.0000,-1.0000,-1.0000,-1.0000,-1.0000,-1.0000,-1.0000,-1.0000,-1.0000,-1.0000,-1.0000,-1.0000,-1.0000,-1.0000,-1.0000,-1.0000,-1.0000,-1.0000,-1.0000,-1.0000,-1.0000,-1.0000,-1.0000,-1.0000,-1.0000,-1.0000,-1.0000,-1.0000,-1.0000,-1.0000,-1.0000,-1.0000,-1.0000,-1.0000,-1.0000,0.8676,0.8547,0.8431,0.8431,0.9314,0.8980,0.8523,0.8214,0.9080,0.8628,0.9111,0.8715,0.8902,0.8645,0.7618,0.8295,0.8276,0.7607,0.8655,0.7627,0.7751,0.7911,-1.0000,-1.0000,-1.0000,-1.0000,-1.0000,-1.0000,-1.0000,-1.0000,-1.0000,-1.0000,-1.0000,-1.0000,-1.0000,-1.0000,-1.0000,-1.0000,-1.0000,-1.0000,-1.0000,-1.0000,-1.0000,-1.0000,-1.0000,-1.0000,-1.0000,-1.0000,-1.0000,-1.0000,-1.0000,-1.0000,-1.0000,-1.0000,-1.0000,-1.0000,-1.0000,-1.0000,1.0360,0.9674,1.0441,1.0722,1.0012,1.0228,0.9429,0.7757,0.8245,0.9543,0.7791,0.9230,0.9764,0.7977,0.9375,0.9824,0.7959,0.8707,0.9036,0.8943,0.8832,0.8751,0.9644,0.9424,0.8808,0.8609,0.9486,0.9063,0.9466,0.8995,0.9306,0.9098,0.8115,0.8764,0.8741,0.8069,0.9108,0.8033,0.8188,0.8384,0.8306,0.8676,0.8547,0.8431,0.8431,0.9314,0.8980,0.8523,0.8214,0.9080,0.8628,0.9111,0.8715,0.8902,0.8645,0.7618,0.8295,0.8276,0.7607,0.8655,0.7627,0.7751,0.7911,0,0.7607,-3.8126,0.2856,-2.5528
16,0.0320,1.0194,-0.0764,1.1169,-3.8126,0.2856,-2.8667,0.0656,0.1901,0.0000,1.0274,1.0000,0.0001,0.0004,0.0000,-0.0000,-0.0009,-0.0003,-0.0001,0.0001,-0.0007,0.0001,-0.0009,-0.0003,-0.0001,0.0006,-0.0008,-0.0000,0.0027,-0.0001,-0.0001,0.0062,0.0000,0.0005,-0.0000,0.0027,0.0003,0.0001,0.0061,0.0000,0.0002,0.0000,0.0040,0.0012,-0.0128,0.0298,0.0522,0.0008,-0.0014,-0.0578,-0.0477,-0.0057,0.0459,0.2191,0.0012,-0.0579,-0.0450,-0.0047,0.0435,0.1580,-0.0023,0.1735,-0.0009,-0.0095,0.3577,0.0026,0.0311,-0.0002,0.1661,0.0232,0.0037,0.3397,0.0025,0.0153,0.0002,-1.0000,-1.0000,-1.0000,-1.0000,-1.0000,-1.0000,-1.0000,-1.0000,-1.0000,-1.0000,-1.0000,-1.0000,-1.0000,-1.0000,-1.0000,-1.0000,-1.0000,-1.0000,-1.0000,-1.0000,-1.0000,-1.0000,-1.0000,-1.0000,-1.0000,-1.0000,-1.0000,-1.0000,-1.0000,-1.0000,-1.0000,-1.0000,-1.0000,-1.0000,-1.0000,-1.0000,-1.0000,-1.0000,-1.0000,-1.0000,-1.0000,-1.0000,-1.0000,-1.0000,-1.0000,-1.0000,-1.0000,-1.0000,-1.0000,-1.0000,-1.0000,-1.0000,-1.0000,-1.0000,-1.0000,-1.0000,-1.0000,-1.0000,-1.0000,-1.0000,-1.0000,-1.0000,-1.0000,0.8629,0.8497,0.8378,0.8376,0.9255,0.8922,0.8464,0.8148,0.9017,0.8564,0.9044,0.8652,0.8833,0.8572,0.7546,0.8224,0.8202,0.7536,0.8583,0.7556,0.7675,0.7837,-1.0000,-1.0000,-1.0000,-1.0000,-1.0000,-1.0000,-1.0000,-1.0000,-1.0000,-1.0000,-1.0000,-1.0000,-1.0000,-1.0000,-1.0000,-1.0000,-1.0000,-1.0000,-1.0000,-1.0000,-1.0000,-1.0000,-1.0000,-1.0000,-1.0000,-1.0000,-1.0000,-1.0000,-1.0000,-1.0000,-1.0000,-1.0000,-1.0000,-1.0000,-1.0000,-1.0000,1.0338,0.9653,1.0418,1.0697,0.9991,1.0204,0.9358,0.7691,0.8194,0.9481,0.7722,0.9184,0.9706,0.7920,0.9307,0.9770,0.7899,0.8650,0.8989,0.8892,0.8778,0.8696,0.9584,0.9365,0.8749,0.8543,0.9422,0.8998,0.9400,0.8932,0.9237,0.9025,0.8044,0.8694,0.8667,0.7999,0.9037,0.7963,0.8114,0.8311,0.8249,0.8629,0.8497,0.8378,0.8376,0.9255,0.8922,0.8464,0.8148,0.9017,0.8564,0.9044,0.8652,0.8833,0.8572,0.7546,0.8224,0.8202,0.7536,0.8583,0.7556,0.7675,0.7837,0,0.7536,-3.8126,0.2856,-2.5528
17,0.0340,1.0118,-0.0758,1.1111,-3.8126,0.2856,-2.8863,0.0656,0.1901,0.0000,1.0273,1.0000,0.0002,0.0005,0.0000,-0.0000,-0.0010,-0.0004,-0.0001,0.0002,-0.0003,0.0001,-0.0010,-0.0004,-0.0001,0.0006,-0.0007,-0.0000,0.0031,-0.0001,-0.0002,0.0070,0.0000,0.0006,-0.0000,0.0030,0.0003,0.0001,0.0068,0.0000,0.0003,0.0000,0.0043,0.0013,-0.0116,0.0310,0.0559,0.0007,-0.0015,-0.0618,-0.0497,-0.0063,0.0505,0.2272,0.0019,-0.0564,-0.0414,-0.0095,0.0019,0.0495,-0.0023,0.1847,-0.0015,-0.0096,0.3710,0.0028,0.0312,-0.0002,0.1771,0.0238,0.0041,0.3529,0.0027,0.0165,0.0002,-1.0000,-1.0000,-1.0000,-1.0000,-1.0000,-1.0000,-1.0000,-1.0000,-1.0000,-1.0000,-1.0000,-1.0000,-1.0000,-1.0000,-1.0000,-1.0000,-1.0000,-1.0000,-1.0000,-1.0000,-1.0000,-1.0000,-1.0000,-1.0000,-1.0000,-1.0000,-1.0000,-1.0000,-1.0000,-1.0000,-1.0000,-1.0000,-1.0000,-1.0000,-1.0000,-1.0000,-1.0000,-1.0000,-1.0000,-1.0000,-1.0000,-1.0000,-1.0000,-1.0000,-1.0000,-1.0000,-1.0000,-1.0000,-1.0000,-1.0000,-1.0000,-1.0000,-1.0000,-1.0000,-1.0000,-1.0000,-1.0000,-1.0000,-1.0000,-1.0000,-1.0000,-1.0000,-1.0000,0.8584,0.8448,0.8325,0.8322,0.9196,0.8865,0.8406,0.8083,0.8954,0.8500,0.8978,0.8589,0.8765,0.8499,0.7475,0.8154,0.8129,0.7466,0.8512,0.7486,0.7600,0.7763,-1.0000,-1.0000,-1.0000,-1.0000,-1.0000,-1.0000,-1.0000,-1.0000,-1.0000,-1.0000,-1.0000,-1.0000,-1.0000,-1.0000,-1.0000,-1.0000,-1.0000,-1.0000,-1.0000,-1.0000,-1.0000,-1.0000,-1.0000,-1.0000,-1.0000,-1.0000,-1.0000,-1.0000,-1.0000,-1.0000,-1.0000,-1.0000,-1.0000,-1.0000,-1.0000,-1.0000,1.0317,0.9634,1.0395,1.0672,0.9970,1.0181,0.9288,0.7626,0.8144,0.9420,0.7653,0.9139,0.9650,0.7865,0.9239,0.9716,0.7839,0.8593,0.8943,0.8842,0.8725,0.8642,0.9524,0.9308,0.8691,0.8478,0.9360,0.8934,0.9334,0.8869,0.9169,0.8953,0.7974,0.8624,0.8594,0.7930,0.8966,0.7893,0.8040,0.8239,0.8193,0.8584,0.8448,0.8325,0.8322,0.9196,0.8865,0.8406,0.8083,0.8954,0.8500,0.8978,0.8589,0.8765,0.8499,0.7475,0.8154,0.8129,0.7466,0.8512,0.7486,0.7600,0.7763,0,0.7466,-3.8126,0.2856,-2.5528
17,0.0340,1.0118,-0.0758,1.1111,-3.8126,0.2856,-2.8863,0.0656,0.1901,0.0000,1.0273,1.0000,0.0002,0.0005,0.0000,-0.0000,-0.0010,-0.0004,-0.0001,0.0002,-0.0003,0.0001,-0.0010,-0.0004,-0.0001,0.0006,-0.0007,-0.0000,0.0031,-0.0001,-0.0002,0.0070,0.0000,0.0006,-0.0000,0.0030,0.0003,0.0001,0.0068,0.0000,0.0003,0.0000,0.0043,0.0013,-0.0116,0.0310,0.0559,0.0007,-0.0015,-0.0618,-0.0497,-0.0063,0.0505,0.2272,0.0019,-0.0564,-0.0414,-0.0095,0.0019,0.0495,-0.0023,0.1847,-0.0015,-0.0096,0.3710,0.0028,0.0312,-0.0002,0.1771,0.0238,0.0041,0.3529,0.0027,0.0165,0.0002,-1.0000,-1.0000,-1.0000,-1.0000,-1.0000,-1.0000,-1.0000,-1.0000,-1.0000,-1.0000,-1.0000,-1.0000,-1.0000,-1.0000,-1.0000,-1.0000,-1.0000,-1.0000,-1.0000,-1.0000,-1.0000,-1.0000,-1.0000,-1.0000,-1.0000,-1.0000,-1.0000,-1.0000,-1.0000,-1.0000,-1.0000,-1.0000,-1.0000,-1.0000,-1.0000,-1.0000,-1.0000,-1.0000,-1.0000,-1.0000,-1.0000,-1.0000,-1.0000,-1.0000,-1.0000,-1.0000,-1.0000,-1.0000,-1.0000,-1.0000,-1.0000,-1.0000,-1.0000,-1.0000,-1.0000,-1.0000,-1.0000,-1.0000,-1.0000,-1.0000,-1.0000,-1.0000,-1.0000,0.8584,0.8448,0.8325,0.8322,0.9196,0.8865,0.8406,0.8083,0.8954,0.8500,0.8978,0.8589,0.8765,0.8499,0.7475,0.8154,0.8129,0.7466,0.8512,0.7486,0.7600,0.7763,-1.0000,-1.0000,-1.0000,-1.0000,-1.0000,-1.0000,-1.0000,-1.0000,-1.0000,-1.0000,-1.0000,-1.0000,-1.0000,-1.0000,-1.0000,-1.0000,-1.0000,-1.0000,-1.0000,-1.0000,-1.0000,-1.0000,-1.0000,-1.0000,-1.0000,-1.0000,-1.0000,-1.0000,-1.0000,-1.0000,-1.0000,-1.0000,-1.0000,-1.0000,-1.0000,-1.0000,1.0317,0.9634,1.0395,1.0672,0.9970,1.0181,0.9288,0.7626,0.8144,0.9420,0.7653,0.9139,0.9650,0.7865,0.9239,0.9716,0.7839,0.8593,0.8943,0.8842,0.8725,0.8642,0.9524,0.9308,0.8691,0.8478,0.9360,0.8934,0.9334,0.8869,0.9169,0.8953,0.7974,0.8624,0.8594,0.7930,0.8966,0.7893,0.8040,0.8239,0.8193,0.8584,0.8448,0.8325,0.8322,0.9196,0.8865,0.8406,0.8083,0.8954,0.8500,0.8978,0.8589,0.8765,0.8499,0.7475,0.8154,0.8129,0.7466,0.8512,0.7486,0.7600,0.7763,0,0.7466,-3.8126,0.2856,-2.5528
18,0.0360,1.0042,-0.0752,1.1053,-3.8126,0.2856,-2.9059,0.0656,0.1901,0.0000,1.0273,1.0000,0.0002,0.0005,0.0000,-0.0000,-0.0011,-0.0005,-0.0001,0.0003,0.0005,0.0001,-0.0011,-0.0004,-0.0001,0.0005,-0.0008,-0.0000,0.0035,-0.0001,-0.0002,0.0077,0.0001,0.0006,-0.0000,0.0034,0.0004,0.0001,0.0075,0.0001,0.0003,0.0000,0.0045,0.0006,-0.0136,0.0178,0.0590,0.0009,-0.0022,-0.0630,-0.0393,-0.0086,0.0361,0.3549,0.0022,-0.0545,-0.0192,-0.0142,-0.0376,-0.0659,-0.0006,0.1915,-0.0068,-0.0079,0.3725,0.0030,0.0309,-0.0002,0.1883,0.0196,0.0061,0.3643,0.0030,0.0178,0.0002,-1.0000,-1.0000,-1.0000,-1.0000,-1.0000,-1.0000,-1.0000,-1.0000,-1.0000,-1.0000,-1.0000,-1.0000,-1.0000,-1.0000,-1.0000,-1.0000,-1.0000,-1.0000,-1.0000,-1.0000,-1.0000,-1.0000,-1.0000,-1.0000,-1.0000,-1.0000,-1.0000,-1.0000,-1.0000,-1.0000,-1.0000,-1.0000,-1.0000,-1.0000,-1.0000,-1.0000,-1.0000,-1.0000,-1.0000,-1.0000,-1.0000,-1.0000,-1.0000,-1.0000,-1.0000,-1.0000,-1.0000,-1.0000,-1.0000,-1.0000,-1.0000,-1.0000,-1.0000,-1.0000,-1.0000,-1.0000,-1.0000,-1.0000,-1.0000,-1.0000,-1.0000,-1.0000,-1.0000,0.8539,0.8400,0.8273,0.8269,0.9137,0.8808,0.8349,0.8018,0.8892,0.8436,0.8913,0.8527,0.8698,0.8426,0.7405,0.8084,0.8056,0.7397,0.8441,0.7417,0.7525,0.7690,-1.0000,-1.0000,-1.0000,-1.0000,-1.0000,-1.0000,-1.0000,-1.0000,-1.0000,-1.0000,-1.0000,-1.0000,-1.0000,-1.0000,-1.0000,-1.0000,-1.0000,-1.0000,-1.0000,-1.0000,-1.0000,-1.0000,-1.0000,-1.0000,-1.0000,-1.0000,-1.0000,-1.0000,-1.0000,-1.0000,-1.0000,-1.0000,-1.0000,-1.0000,-1.0000,-1.0000,1.0296,0.9615,1.0374,1.0648,0.9951,1.0159,0.9219,0.7562,0.8095,0.9359,0.7585,0.9095,0.9594,0.7810,0.9172,0.9664,0.7781,0.8538,0.8897,0.8793,0.8673,0.8588,0.9465,0.9251,0.8634,0.8413,0.9297,0.8870,0.9268,0.8806,0.9102,0.8881,0.7904,0.8555,0.8522,0.7862,0.8895,0.7824,0.7966,0.8166,0.8138,0.8539,0.8400,0.8273,0.8269,0.9137,0.8808,0.8349,0.8018,0.8892,0.8436,0.8913,0.8527,0.8698,0.8426,0.7405,0.8084,0.8056,0.7397,0.8441,0.7417,0.7525,0.7690,0,0.7397,-3.8126,0.2856,-2.5528
18,0.0360,1.0042,-0.0752,1.1053,-3.8126,0.2856,-2.9059,0.0656,0.1901,0.0000,1.0273,1.0000,0.0002,0.0005,0.0000,-0.0000,-0.0011,-0.0005,-0.0001,0.0003,0.0005,0.0001,-0.0011,-0.0004,-0.0001,0.0005,-0.0008,-0.0000,0.0035,-0.0001,-0.0002,0.0077,0.0001,0.0006,-0.0000,0.0034,0.0004,0.0001,0.0075,0.0001,0.0003,0.0000,0.0045,0.0006,-0.0136,0.0178,0.0590,0.0009,-0.0022,-0.0630,-0.0393,-0.0086,0.0361,0.3549,0.0022,-0.0545,-0.0192,-0.0142,-0.0376,-0.0659,-0.0006,0.1915,-0.0068,-0.0079,0.3725,0.0030,0.0309,-0.0002,0.1883,0.0196,0.0061,0.3643,0.0030,0.0178,0.0002,-1.0000,-1.0000,-1.0000,-1.0000,-1.0000,-1.0000,-1.0000,-1.0000,-1.0000,-1.0000,-1.0000,-1.0000,-1.0000,-1.0000,-1.0000,-1.0000,-1.0000,-1.0000,-1.0000,-1.0000,-1.0000,-1.0000,-1.0000,-1.0000,-1.0000,-1.0000,-1.0000,-1.0000,-1.0000,-1.0000,-1.0000,-1.0000,-1.0000,-1.0000,-1.0000,-1.0000,-1.0000,-1.0000,-1.0000,-1.0000,-1.0000,-1.0000,-1.0000,-1.0000,-1.0000,-1.0000,-1.0000,-1.0000,-1.0000,-1.0000,-1.0000,-1.0000,-1.0000,-1.0000,-1.0000,-1.0000,-1.0000,-1.0000,-1.0000,-1.0000,-1.0000,-1.0000,-1.0000,0.8539,0.8400,0.8273,0.8269,0.9137,0.8808,0.8349,0.8018,0.8892,0.8436,0.8913,0.8527,0.8698,0.8426,0.7405,0.8084,0.8056,0.7397,0.8441,0.7417,0.7525,0.7690,-1.0000,-1.0000,-1.0000,-1.0000,-1.0000,-1.0000,-1.0000,-1.0000,-1.0000,-1.0000,-1.0000,-1.0000,-1.0000,-1.0000,-1.0000,-1.0000,-1.0000,-1.0000,-1.0000,-1.0000,-1.0000,-1.0000,-1.0000,-1.0000,-1.0000,-1.0000,-1.0000,-1.0000,-1.0000,-1.0000,-1.0000,-1.0000,-1.0000,-1.0000,-1.0000,-1.0000,1.0296,0.9615,1.0374,1.0648,0.9951,1.0159,0.9219,0.7562,0.8095,0.9359,0.7585,0.9095,0.9594,0.7810,0.9172,0.9664,0.7781,0.8538,0.8897,0.8793,0.8673,0.8588,0.9465,0.9251,0.8634,0.8413,0.9297,0.8870,0.9268,0.8806,0.9102,0.8881,0.7904,0.8555,0.8522,0.7862,0.8895,0.7824,0.7966,0.8166,0.8138,0.8539,0.8400,0.8273,0.8269,0.9137,0.8808,0.8349,0.8018,0.8892,0.8436,0.8913,0.8527,0.8698,0.8426,0.7405,0.8084,0.8056,0.7397,0.8441,0.7417,0.7525,0.7690,0,0.7397,-3.8126,0.2856,-2.5528
19,0.0380,0.9966,-0.0746,1.0995,-3.8126,0.2856,-2.9256,0.0656,0.1901,0.0000,1.0273,1.0000,0.0002,0.0006,0.0000,-0.0000,-0.0013,-0.0005,-0.0002,0.0003,0.0008,0.0001,-0.0012,-0.0004,-0.0001,0.0004,-0.0010,-0.0000,0.0039,-0.0002,-0.0002,0.0085,0.0001,0.0007,-0.0000,0.0038,0.0004,0.0001,0.0083,0.0001,0.0003,0.0000,0.0047,0.0003,-0.0137,0.0076,0.0625,0.0010,-0.0015,-0.0648,-0.0178,-0.0107,0.0234,0.1635,0.0019,-0.0543,-0.0042,-0.0180,-0.0643,-0.1166,0.0005,0.1999,-0.0118,-0.0068,0.3775,0.0033,0.0308,-0.0002,0.2000,0.0156,0.0076,0.3767,0.0033,0.0191,0.0002,-1.0000,-1.0000,-1.0000,-1.0000,-1.0000,-1.0000,-1.0000,-1.0000,-1.0000,-1.0000,-1.0000,-1.0000,-1.0000,-1.0000,-1.0000,-1.0000,-1.0000,-1.0000,-1.0000,-1.0000,-1.0000,-1.0000,-1.0000,-1.0000,-1.0000,-1.0000,-1.0000,-1.0000,-1.0000,-1.0000,-1.0000,-1.0000,-1.0000,-1.0000,-1.0000,-1.0000,-1.0000,-1.0000,-1.0000,-1.0000,-1.0000,-1.0000,-1.0000,-1.0000,-1.0000,-1.0000,-1.0000,-1.0000,-1.0000,-1.0000,-1.0000,-1.0000,-1.0000,-1.0000,-1.0000,-1.0000,-1.0000,-1.0000,-1.0000,-1.0000,-1.0000,-1.0000,-1.0000,0.8496,0.8353,0.8223,0.8217,0.9080,0.8753,0.8293,0.7954,0.8831,0.8373,0.8848,0.8465,0.8631,0.8354,0.7334,0.8015,0.7983,0.7329,0.8371,0.7348,0.7451,0.7618,-1.0000,-1.0000,-1.0000,-1.0000,-1.0000,-1.0000,-1.0000,-1.0000,-1.0000,-1.0000,-1.0000,-1.0000,-1.0000,-1.0000,-1.0000,-1.0000,-1.0000,-1.0000,-1.0000,-1.0000,-1.0000,-1.0000,-1.0000,-1.0000,-1.0000,-1.0000,-1.0000,-1.0000,-1.0000,-1.0000,-1.0000,-1.0000,-1.0000,-1.0000,-1.0000,-1.0000,1.0277,0.9598,1.0353,1.0626,0.9933,1.0138,0.9150,0.7499,0.8047,0.9300,0.7518,0.9052,0.9539,0.7756,0.9105,0.9612,0.7723,0.8483,0.8853,0.8746,0.8622,0.8535,0.9407,0.9195,0.8577,0.8349,0.9236,0.8807,0.9203,0.8745,0.9035,0.8810,0.7835,0.8486,0.8450,0.7794,0.8826,0.7756,0.7893,0.8095,0.8083,0.8496,0.8353,0.8223,0.8217,0.9080,0.8753,0.8293,0.7954,0.8831,0.8373,0.8848,0.8465,0.8631,0.8354,0.7334,0.8015,0.7983,0.7329,0.8371,0.7348,0.7451,0.7618,0,0.7329,-3.8126,0.2856,-2.5528
20,0.0400,0.9889,-0.0741,1.0936,-3.8126,0.2856,-2.9452,0.0656,0.1901,0.0000,1.0273,1.0000,0.0002,0.0007,0.0000,-0.0000,-0.0014,-0.0005,-0.0002,0.0003,0.0008,0.0001,-0.0014,-0.0004,-0.0002,0.0002,-0.0014,-0.0000,0.0043,-0.0002,-0.0002,0.0092,0.0001,0.0007,-0.0000,0.0042,0.0004,0.0001,0.0090,0.0001,0.0004,0.0000,0.0050,0.0001,-0.0139,-0.0028,0.0658,0.0012,-0.0009,-0.0668,0.0034,-0.0126,0.0136,-0.0141,0.0017,-0.0545,0.0108,-0.0215,-0.0866,-0.1632,0.0017,0.2079,-0.0167,-0.0058,0.3811,0.0035,0.0307,-0.0003,0.2113,0.0117,0.0090,0.3876,0.0036,0.0205,0.0002,-1.0000,-1.0000,-1.0000,-1.0000,-1.0000,-1.0000,-1.0000,-1.0000,-1.0000,-1.0000,-1.0000,-1.0000,-1.0000,-1.0000,-1.0000,-1.0000,-1.0000,-1.0000,-1.0000,-1.0000,-1.0000,-1.0000,-1.0000,-1.0000,-1.0000,-1.0000,-1.0000,-1.0000,-1.0000,-1.0000,-1.0000,-1.0000,-1.0000,-1.0000,-1.0000,-1.0000,-1.0000,-1.0000,-1.0000,-1.0000,-1.0000,-1.0000,-1.0000,-1.0000,-1.0000,-1.0000,-1.0000,-1.0000,-1.0000,-1.0000,-1.0000,-1.0000,-1.0000,-1.0000,-1.0000,-1.0000,-1.0000,-1.0000,-1.0000,-1.0000,-1.0000,-1.0000,-1.0000,0.8453,0.8307,0.8173,0.8166,0.9023,0.8698,0.8238,0.7890,0.8771,0.8311,0.8784,0.8404,0.8564,0.8283,0.7265,0.7947,0.7911,0.7261,0.8302,0.7279,0.7378,0.7546,-1.0000,-1.0000,-1.0000,-1.0000,-1.0000,-1.0000,-1.0000,-1.0000,-1.0000,-1.0000,-1.0000,-1.0000,-1.0000,-1.0000,-1.0000,-1.0000,-1.0000,-1.0000,-1.0000,-1.0000,-1.0000,-1.0000,-1.0000,-1.0000,-1.0000,-1.0000,-1.0000,-1.0000,-1.0000,-1.0000,-1.0000,-1.0000,-1.0000,-1.0000,-1.0000,-1.0000,1.0259,0.9582,1.0334,1.0604,0.9916,1.0118,0.9082,0.7437,0.8000,0.9240,0.7452,0.9010,0.9484,0.7703,0.9039,0.9561,0.7666,0.8429,0.8809,0.8699,0.8571,0.8484,0.9350,0.9139,0.8522,0.8286,0.9175,0.8745,0.9139,0.8684,0.8968,0.8739,0.7766,0.8418,0.8378,0.7727,0.8756,0.7688,0.7820,0.8024,0.8030,0.8453,0.8307,0.8173,0.8166,0.9023,0.8698,0.8238,0.7890,0.8771,0.8311,0.8784,0.8404,0.8564,0.8283,0.7265,0.7947,0.7911,0.7261,0.8302,0.7279,0.7378,0.7546,0,0.7261,-3.8126,0.2856,-2.5528
20,0.0400,0.9889,-0.0741,1.0936,-3.8126,0.2856,-2.9452,0.0656,0.1901,0.0000,1.0273,1.0000,0.0002,0.0007,0.0000,-0.0000,-0.0014,-0.0005,-0.0002,0.0003,0.0008,0.0001,-0.0014,-0.0004,-0.0002,0.0002,-0.0014,-0.0000,0.0043,-0.0002,-0.0002,0.0092,0.0001,0.0007,-0.0000,0.0042,0.0004,0.0001,0.0090,0.0001,0.0004,0.0000,0.0050,0.0001,-0.0139,-0.0028,0.0658,0.0012,-0.0009,-0.0668,0.0034,-0.0126,0.0136,-0.0141,0.0017,-0.0545,0.0108,-0.0215,-0.0866,-0.1632,0.0017,0.2079,-0.0167,-0.0058,0.3811,0.0035,0.0307,-0.0003,0.2113,0.0117,0.0090,0.3876,0.0036,0.0205,0.0002,-1.0000,-1.0000,-1.0000,-1.0000,-1.0000,-1.0000,-1.0000,-1.0000,-1.0000,-1.0000,-1.0000,-1.0000,-1.0000,-1.0000,-1.0000,-1.0000,-1.0000,-1.0000,-1.0000,-1.0000,-1.0000,-1.0000,-1.0000,-1.0000,-1.0000,-1.0000,-1.0000,-1.0000,-1.0000,-1.0000,-1.0000,-1.0000,-1.0000,-1.0000,-1.0000,-1.0000,-1.0000,-1.0000,-1.0000,-1.0000,-1.0000,-1.0000,-1.0000,-1.0000,-1.0000,-1.0000,-1.0000,-1.0000,-1.0000,-1.0000,-1.0000,-1.0000,-1.0000,-1.0000,-1.0000,-1.0000,-1.0000,-1.0000,-1.0000,-1.0000,-1.0000,-1.0000,-1.0000,0.8453,0.8307,0.8173,0.8166,0.9023,0.8698,0.8238,0.7890,0.8771,0.8311,0.8784,0.8404,0.8564,0.8283,0.7265,0.7947,0.7911,0.7261,0.8302,0.7279,0.7378,0.7546,-1.0000,-1.0000,-1.0000,-1.0000,-1.0000,-1.0000,-1.0000,-1.0000,-1.0000,-1.0000,-1.0000,-1.0000,-1.0000,-1.0000,-1.0000,-1.0000,-1.0000,-1.0000,-1.0000,-1.0000,-1.0000,-1.0000,-1.0000,-1.0000,-1.0000,-1.0000,-1.0000,-1.0000,-1.0000,-1.0000,-1.0000,-1.0000,-1.0000,-1.0000,-1.0000,-1.0000,1.0259,0.9582,1.0334,1.0604,0.9916,1.0118,0.9082,0.7437,0.8000,0.9240,0.7452,0.9010,0.9484,0.7703,0.9039,0.9561,0.7666,0.8429,0.8809,0.8699,0.8571,0.8484,0.9350,0.9139,0.8522,0.8286,0.9175,0.8745,0.9139,0.8684,0.8968,0.8739,0.7766,0.8418,0.8378,0.7727,0.8756,0.7688,0.7820,0.8024,0.8030,0.8453,0.8307,0.8173,0.8166,0.9023,0.8698,0.8238,0.7890,0.8771,0.8311,0.8784,0.8404,0.8564,0.8283,0.7265,0.7947,0.7911,0.7261,0.8302,0.7279,0.7378,0.7546,0,0.7261,-3.8126,0.2856,-2.5528
21,0.0420,0.9813,-0.0735,1.0877,-3.8126,0.2856,-2.9648,0.0656,0.1901,0.0000,1.0272,1.0000,0.0002,0.0007,0.0000,-0.0000,-0.0015,-0.0004,-0.0002,0.0003,0.0004,0.0001,-0.0015,-0.0003,-0.0002,0.0001,-0.0016,-0.0000,0.0047,-0.0003,-0.0002,0.0100,0.0001,0.0008,-0.0000,0.0047,0.0004,0.0002,0.0098,0.0001,0.0004,0.0000,0.0053,-0.0006,-0.0131,-0.0183,0.0692,0.0015,-0.0006,-0.0690,0.0305,-0.0145,0.0065,-0.1733,0.0011,-0.0606,0.0268,-0.0207,-0.0574,-0.0960,0.0033,0.2155,-0.0230,-0.0042,0.3837,0.0038,0.0307,-0.0003,0.2238,0.0064,0.0109,0.4008,0.0039,0.0220,0.0002,-1.0000,-1.0000,-1.0000,-1.0000,-1.0000,-1.0000,-1.0000,-1.0000,-1.0000,-1.0000,-1.0000,-1.0000,-1.0000,-1.0000,-1.0000,-1.0000,-1.0000,-1.0000,-1.0000,-1.0000,-1.0000,-1.0000,-1.0000,-1.0000,-1.0000,-1.0000,-1.0000,-1.0000,-1.0000,-1.0000,-1.0000,-1.0000,-1.0000,-1.0000,-1.0000,-1.0000,-1.0000,-1.0000,-1.0000,-1.0000,-1.0000,-1.0000,-1.0000,-1.0000,-1.0000,-1.0000,-1.0000,-1.0000,-1.0000,-1.0000,-1.0000,-1.0000,-1.0000,-1.0000,-1.0000,-1.0000,-1.0000,-1.0000,-1.0000,-1.0000,-1.0000,-1.0000,-1.0000,0.8412,0.8262,0.8124,0.8115,0.8967,0.8644,0.8183,0.7828,0.8711,0.8250,0.8720,0.8344,0.8499,0.8212,0.7196,0.7879,0.7839,0.7194,0.8233,0.7212,0.7305,0.7475,-1.0000,-1.0000,-1.0000,-1.0000,-1.0000,-1.0000,-1.0000,-1.0000,-1.0000,-1.0000,-1.0000,-1.0000,-1.0000,-1.0000,-1.0000,-1.0000,-1.0000,-1.0000,-1.0000,-1.0000,-1.0000,-1.0000,-1.0000,-1.0000,-1.0000,-1.0000,-1.0000,-1.0000,-1.0000,-1.0000,-1.0000,-1.0000,-1.0000,-1.0000,-1.0000,-1.0000,1.0242,0.9567,1.0316,1.0583,0.9901,1.0099,0.9014,0.7375,0.7954,0.9182,0.7386,0.8969,0.9430,0.7651,0.8973,0.9511,0.7610,0.8376,0.8767,0.8653,0.8522,0.8433,0.9293,0.9085,0.8467,0.8224,0.9115,0.8684,0.9075,0.8624,0.8903,0.8668,0.7698,0.8350,0.8308,0.7660,0.8688,0.7621,0.7748,0.7953,0.7978,0.8412,0.8262,0.8124,0.8115,0.8967,0.8644,0.8183,0.7828,0.8711,0.8250,0.8720,0.8344,0.8499,0.8212,0.7196,0.7879,0.7839,0.7194,0.8233,0.7212,0.7305,0.7475,0,0.7194,-3.8126,0.2856,-2.5528
22,0.0440,0.9737,-0.0729,1.0817,-3.8126,0.2856,-2.9844,0.0656,0.1901,0.0000,1.0272,1.0000,0.0001,0.0008,0.0000,-0.0000,-0.0017,-0.0003,-0.0002,0.0003,-0.0002,0.0001,-0.0016,-0.0003,-0.0003,0.0000,-0.0016,-0.0000,0.0051,-0.0003,-0.0002,0.0108,0.0001,0.0009,-0.0000,0.0051,0.0004,0.0002,0.0107,0.0001,0.0005,0.0000,0.0055,-0.0011,-0.0126,-0.0330,0.0724,0.0018,-0.0004,-0.0712,0.0559,-0.0163,0.0013,-0.3216,0.0005,-0.0660,0.0422,-0.0203,-0.0327,-0.0393,0.0048,0.2229,-0.0288,-0.0028,0.3849,0.0041,0.0306,-0.0003,0.2357,0.0015,0.0125,0.4117,0.0042,0.0235,0.0003,-1.0000,-1.0000,-1.0000,-1.0000,-1.0000,-1.0000,-1.0000,-1.0000,-1.0000,-1.0000,-1.0000,-1.0000,-1.0000,-1.0000,-1.0000,-1.0000,-1.0000,-1.0000,-1.0000,-1.0000,-1.0000,-1.0000,-1.0000,-1.0000,-1.0000,-1.0000,-1.0000,-1.0000,-1.0000,-1.0000,-1.0000,-1.0000,-1.0000,-1.0000,-1.0000,-1.0000,-1.0000,-1.0000,-1.0000,-1.0000,-1.0000,-1.0000,-1.0000,-1.0000,-1.0000,-1.0000,-1.0000,-1.0000,-1.0000,-1.0000,-1.0000,-1.0000,-1.0000,-1.0000,-1.0000,-1.0000,-1.0000,-1.0000,-1.0000,-1.0000,-1.0000,-1.0000,-1.0000,0.8371,0.8218,0.8076,0.8066,0.8912,0.8591,0.8130,0.7766,0.8652,0.8189,0.8657,0.8285,0.8434,0.8142,0.7128,0.7812,0.7769,0.7127,0.8165,0.7145,0.7232,0.7404,-1.0000,-1.0000,-1.0000,-1.0000,-1.0000,-1.0000,-1.0000,-1.0000,-1.0000,-1.0000,-1.0000,-1.0000,-1.0000,-1.0000,-1.0000,-1.0000,-1.0000,-1.0000,-1.0000,-1.0000,-1.0000,-1.0000,-1.0000,-1.0000,-1.0000,-1.0000,-1.0000,-1.0000,-1.0000,-1.0000,-1.0000,-1.0000,-1.0000,-1.0000,-1.0000,-1.0000,1.0227,0.9553,1.0299,1.0564,0.9886,1.0082,0.8946,0.7314,0.7909,0.9124,0.7321,0.8929,0.9378,0.7600,0.8908,0.9462,0.7555,0.8324,0.8725,0.8608,0.8473,0.8383,0.9238,0.9031,0.8413,0.8162,0.9056,0.8623,0.9012,0.8564,0.8838,0.8598,0.7631,0.8283,0.8237,0.7594,0.8619,0.7555,0.7676,0.7883,0.7926,0.8371,0.8218,0.8076,0.8066,0.8912,0.8591,0.8130,0.7766,0.8652,0.8189,0.8657,0.8285,0.8434,0.8142,0.7128,0.7812,0.7769,0.7127,0.8165,0.7145,0.7232,0.7404,0,0.7127,-3.8126,0.2856,-2.5528
22,0.0440,0.9737,-0.0729,1.0817,-3.8126,0.2856,-2.9844,0.0656,0.1901,0.0000,1.0272,1.0000,0.0001,0.0008,0.0000,-0.0000,-0.0017,-0.0003,-0.0002,0.0003,-0.0002,0.0001,-0.0016,-0.0003,-0.0003,0.0000,-0.0016,-0.0000,0.0051,-0.0003,-0.0002,0.0108,0.0001,0.0009,-0.0000,0.0051,0.0004,0.0002,0.0107,0.0001,0.0005,0.0000,0.0055,-0.0011,-0.0126,-0.0330,0.0724,0.0018,-0.0004,-0.0712,0.0559,-0.0163,0.0013,-0.3216,0.0005,-0.0660,0.0422,-0.0203,-0.0327,-0.0393,0.0048,0.2229,-0.0288,-0.0028,0.3849,0.0041,0.0306,-0.0003,0.2357,0.0015,0.0125,0.4117,0.0042,0.0235,0.0003,-1.0000,-1.0000,-1.0000,-1.0000,-1.0000,-1.0000,-1.0000,-1.0000,-1.0000,-1.0000,-1.0000,-1.0000,-1.0000,-1.0000,-1.0000,-1.0000,-1.0000,-1.0000,-1.0000,-1.0000,-1.0000,-1.0000,-1.0000,-1.0000,-1.0000,-1.0000,-1.0000,-1.0000,-1.0000,-1.0000,-1.0000,-1.0000,-1.0000,-1.0000,-1.0000,-1.0000,-1.0000,-1.0000,-1.0000,-1.0000,-1.0000,-1.0000,-1.0000,-1.0000,-1.0000,-1.0000,-1.0000,-1.0000,-1.0000,-1.0000,-1.0000,-1.0000,-1.0000,-1.0000,-1.0000,-1.0000,-1.0000,-1.0000,-1.0000,-1.0000,-1.0000,-1.0000,-1.0000,0.8371,0.8218,0.8076,0.8066,0.8912,0.8591,0.8130,0.7766,0.8652,0.8189,0.8657,0.8285,0.8434,0.8142,0.7128,0.7812,0.7769,0.7127,0.8165,0.7145,0.7232,0.7404,-1.0000,-1.0000,-1.0000,-1.0000,-1.0000,-1.0000,-1.0000,-1.0000,-1.0000,-1.0000,-1.0000,-1.0000,-1.0000,-1.0000,-1.0000,-1.0000,-1.0000,-1.0000,-1.0000,-1.0000,-1.0000,-1.0000,-1.0000,-1.0000,-1.0000,-1.0000,-1.0000,-1.0000,-1.0000,-1.0000,-1.0000,-1.0000,-1.0000,-1.0000,-1.0000,-1.0000,1.0227,0.9553,1.0299,1.0564,0.9886,1.0082,0.8946,0.7314,0.7909,0.9124,0.7321,0.8929,0.9378,0.7600,0.8908,0.9462,0.7555,0.8324,0.8725,0.8608,0.8473,0.8383,0.9238,0.9031,0.8413,0.8162,0.9056,0.8623,0.9012,0.8564,0.8838,0.8598,0.7631,0.8283,0.8237,0.7594,0.8619,0.7555,0.7676,0.7883,0.7926,0.8371,0.8218,0.8076,0.8066,0.8912,0.8591,0.8130,0.7766,0.8652,0.8189,0.8657,0.8285,0.8434,0.8142,0.7128,0.7812,0.7769,0.7127,0.8165,0.7145,0.7232,0.7404,0,0.7127,-3.8126,0.2856,-2.5528
23,0.0460,0.9661,-0.0724,1.0757,-3.8126,0.2856,-3.0040,0.0656,0.1901,0.0000,1.0272,1.0000,0.0001,0.0009,0.0000,-0.0000,-0.0018,-0.0003,-0.0003,0.0003,-0.0004,0.0001,-0.0018,-0.0002,-0.0003,0.0003,-0.0017,-0.0000,0.0056,-0.0004,-0.0002,0.0115,0.0001,0.0009,-0.0000,0.0056,0.0004,0.0002,0.0115,0.0001,0.0005,0.0000,0.0058,-0.0007,-0.0178,-0.0183,0.0739,0.0020,-0.0012,-0.0711,0.0258,-0.0185,-0.0039,-0.0710,0.0014,-0.0867,0.0236,-0.0071,0.1414,-0.0239,0.0028,0.2314,-0.0227,-0.0048,0.3865,0.0041,0.0306,-0.0003,0.2395,0.0079,0.0105,0.4022,0.0042,0.0241,0.0003,-1.0000,-1.0000,-1.0000,-1.0000,-1.0000,-1.0000,-1.0000,-1.0000,-1.0000,-1.0000,-1.0000,-1.0000,-1.0000,-1.0000,-1.0000,-1.0000,-1.0000,-1.0000,-1.0000,-1.0000,-1.0000,-1.0000,-1.0000,-1.0000,-1.0000,-1.0000,-1.0000,-1.0000,-1.0000,-1.0000,-1.0000,-1.0000,-1.0000,-1.0000,-1.0000,-1.0000,-1.0000,-1.0000,-1.0000,-1.0000,-1.0000,-1.0000,-1.0000,-1.0000,-1.0000,-1.0000,-1.0000,-1.0000,-1.0000,-1.0000,-1.0000,-1.0000,-1.0000,-1.0000,-1.0000,-1.0000,-1.0000,-1.0000,-1.0000,-1.0000,-1.0000,-1.0000,-1.0000,0.8332,0.8175,0.8029,0.8018,0.8857,0.8539,0.8077,0.7705,0.8594,0.8130,0.8595,0.8227,0.8369,0.8073,0.7061,0.7745,0.7698,0.7061,0.8097,0.7079,0.7161,0.7334,-1.0000,-1.0000,-1.0000,-1.0000,-1.0000,-1.0000,-1.0000,-1.0000,-1.0000,-1.0000,-1.0000,-1.0000,-1.0000,-1.0000,-1.0000,-1.0000,-1.0000,-1.0000,-1.0000,-1.0000,-1.0000,-1.0000,-1.0000,-1.0000,-1.0000,-1.0000,-1.0000,-1.0000,-1.0000,-1.0000,-1.0000,-1.0000,-1.0000,-1.0000,-1.0000,-1.0000,1.0212,0.9540,1.0283,1.0546,0.9873,1.0065,0.8880,0.7254,0.7865,0.9068,0.7257,0.8890,0.9326,0.7550,0.8844,0.9414,0.7501,0.8273,0.8685,0.8563,0.8426,0.8334,0.9183,0.8978,0.8360,0.8101,0.8997,0.8563,0.8950,0.8506,0.8773,0.8529,0.7564,0.8217,0.8167,0.7529,0.8552,0.7489,0.7605,0.7814,0.7875,0.8332,0.8175,0.8029,0.8018,0.8857,0.8539,0.8077,0.7705,0.8594,0.8130,0.8595,0.8227,0.8369,0.8073,0.7061,0.7745,0.7698,0.7061,0.8097,0.7079,0.7161,0.7334,0,0.7061,-3.8126,0.2856,-2.5528
23,0.0460,0.9661,-0.0724,1.0757,-3.8126,0.2856,-3.0040,0.0656,0.1901,0.0000,1.0272,1.0000,0.0001,0.0009,0.0000,-0.0000,-0.0018,-0.0003,-0.0003,0.0003,-0.0004,0.0001,-0.0018,-0.0002,-0.0003,0.0003,-0.0017,-0.0000,0.0056,-0.0004,-0.0002,0.0115,0.0001,0.0009,-0.0000,0.0056,0.0004,0.0002,0.0115,0.0001,0.0005,0.0000,0.0058,-0.0007,-0.0178,-0.0183,0.0739,0.0020,-0.0012,-0.0711,0.0258,-0.0185,-0.0039,-0.0710,0.0014,-0.0867,0.0236,-0.0071,0.1414,-0.0239,0.0028,0.2314,-0.0227,-0.0048,0.3865,0.0041,0.0306,-0.0003,0.2395,0.0079,0.0105,0.4022,0.0042,0.0241,0.0003,-1.0000,-1.0000,-1.0000,-1.0000,-1.0000,-1.0000,-1.0000,-1.0000,-1.0000,-1.0000,-1.0000,-1.0000,-1.0000,-1.0000,-1.0000,-1.0000,-1.0000,-1.0000,-1.0000,-1.0000,-1.0000,-1.0000,-1.0000,-1.0000,-1.0000,-1.0000,-1.0000,-1.0000,-1.0000,-1.0000,-1.0000,-1.0000,-1.0000,-1.0000,-1.0000,-1.0000,-1.0000,-1.0000,-1.0000,-1.0000,-1.0000,-1.0000,-1.0000,-1.0000,-1.0000,-1.0000,-1.0000,-1.0000,-1.0000,-1.0000,-1.0000,-1.0000,-1.0000,-1.0000,-1.0000,-1.0000,-1.0000,-1.0000,-1.0000,-1.0000,-1.0000,-1.0000,-1.0000,0.8332,0.8175,0.8029,0.8018,0.8857,0.8539,0.8077,0.7705,0.8594,0.8130,0.8595,0.8227,0.8369,0.8073,0.7061,0.7745,0.7698,0.7061,0.8097,0.7079,0.7161,0.7334,-1.0000,-1.0000,-1.0000,-1.0000,-1.0000,-1.0000,-1.0000,-1.0000,-1.0000,-1.0000,-1.0000,-1.0000,-1.0000,-1.0000,-1.0000,-1.0000,-1.0000,-1.0000,-1.0000,-1.0000,-1.0000,-1.0000,-1.0000,-1.0000,-1.0000,-1.0000,-1.0000,-1.0000,-1.0000,-1.0000,-1.0000,-1.0000,-1.0000,-1.0000,-1.0000,-1.0000,1.0212,0.9540,1.0283,1.0546,0.9873,1.0065,0.8880,0.7254,0.7865,0.9068,0.7257,0.8890,0.9326,0.7550,0.8844,0.9414,0.7501,0.8273,0.8685,0.8563,0.8426,0.8334,0.9183,0.8978,0.8360,0.8101,0.8997,0.8563,0.8950,0.8506,0.8773,0.8529,0.7564,0.8217,0.8167,0.7529,0.8552,0.7489,0.7605,0.7814,0.7875,0.8332,0.8175,0.8029,0.8018,0.8857,0.8539,0.8077,0.7705,0.8594,0.8130,0.8595,0.8227,0.8369,0.8073,0.7061,0.7745,0.7698,0.7061,0.8097,0.7079,0.7161,0.7334,0,0.7061,-3.8126,0.2856,-2.5528
24,0.0480,0.9584,-0.0718,1.0696,-3.8126,0.2856,-3.0237,0.0656,0.1901,0.0000,1.0271,1.0000,0.0001,0.0009,0.0000,-0.0000,-0.0020,-0.0002,-0.0003,0.0004,-0.0004,0.0001,-0.0020,-0.0002,-0.0003,0.0006,-0.0016,-0.0000,0.0061,-0.0004,-0.0002,0.0123,0.0001,0.0010,-0.0000,0.0061,0.0005,0.0002,0.0123,0.0001,0.0006,0.0000,0.0061,-0.0007,-0.0130,-0.0164,0.0777,0.0021,-0.0016,-0.0760,0.0212,-0.0190,0.0103,-0.0200,0.0010,-0.0886,0.0191,-0.0094,0.1264,0.0236,0.0025,0.2432,-0.0221,-0.0054,0.3985,0.0043,0.0310,-0.0003,0.2507,0.0097,0.0103,0.4125,0.0044,0.0255,0.0003,-1.0000,-1.0000,-1.0000,-1.0000,-1.0000,-1.0000,-1.0000,-1.0000,-1.0000,-1.0000,-1.0000,-1.0000,-1.0000,-1.0000,-1.0000,-1.0000,-1.0000,-1.0000,-1.0000,-1.0000,-1.0000,-1.0000,-1.0000,-1.0000,-1.0000,-1.0000,-1.0000,-1.0000,-1.0000,-1.0000,-1.0000,-1.0000,-1.0000,-1.0000,-1.0000,-1.0000,-1.0000,-1.0000,-1.0000,-1.0000,-1.0000,-1.0000,-1.0000,-1.0000,-1.0000,-1.0000,-1.0000,-1.0000,-1.0000,-1.0000,-1.0000,-1.0000,-1.0000,-1.0000,-1.0000,-1.0000,-1.0000,-1.0000,-1.0000,-1.0000,-1.0000,-1.0000,-1.0000,0.8293,0.8132,0.7983,0.7970,0.8804,0.8487,0.8025,0.7645,0.8536,0.8071,0.8534,0.8169,0.8306,0.8004,0.6994,0.7679,0.7628,0.6996,0.8030,0.7013,0.7089,0.7265,-1.0000,-1.0000,-1.0000,-1.0000,-1.0000,-1.0000,-1.0000,-1.0000,-1.0000,-1.0000,-1.0000,-1.0000,-1.0000,-1.0000,-1.0000,-1.0000,-1.0000,-1.0000,-1.0000,-1.0000,-1.0000,-1.0000,-1.0000,-1.0000,-1.0000,-1.0000,-1.0000,-1.0000,-1.0000,-1.0000,-1.0000,-1.0000,-1.0000,-1.0000,-1.0000,-1.0000,1.0199,0.9529,1.0268,1.0529,0.9861,1.0050,0.8814,0.7195,0.7823,0.9011,0.7194,0.8852,0.9274,0.7501,0.8780,0.9366,0.7447,0.8223,0.8646,0.8520,0.8379,0.8286,0.9129,0.8926,0.8308,0.8040,0.8939,0.8504,0.8888,0.8448,0.8709,0.8460,0.7498,0.8151,0.8098,0.7464,0.8485,0.7424,0.7535,0.7745,0.7826,0.8293,0.8132,0.7983,0.7970,0.8804,0.8487,0.8025,0.7645,0.8536,0.8071,0.8534,0.8169,0.8306,0.8004,0.6994,0.7679,0.7628,0.6996,0.8030,0.7013,0.7089,0.7265,0,0.6994,-3.8126,0.2856,-2.5528
25,0.0500,0.9508,-0.0712,1.0636,-3.8126,0.2856,-3.0433,0.0656,0.1902,0.0000,1.0271,1.0000,0.0001,0.0010,0.0000,-0.0000,-0.0021,-0.0002,-0.0004,0.0004,-0.0004,0.0001,-0.0021,-0.0001,-0.0003,0.0007,-0.0017,0.0000,0.0066,-0.0004,-0.0003,0.0132,0.0001,0.0011,-0.0000,0.0066,0.0005,0.0002,0.0131,0.0001,0.0006,0.0000,0.0064,-0.0004,-0.0098,-0.0107,0.0814,0.0021,-0.0019,-0.0806,0.0119,-0.0196,0.0223,0.0241,0.0010,-0.0867,0.0138,-0.0146,0.0797,-0.0155,0.0019,0.2545,-0.0204,-0.0064,0.4080,0.0045,0.0313,-0.0003,0.2602,0.0123,0.0095,0.4176,0.0046,0.0268,0.0003,-1.0000,-1.0000,-1.0000,-1.0000,-1.0000,-1.0000,-1.0000,-1.0000,-1.0000,-1.0000,-1.0000,-1.0000,-1.0000,-1.0000,-1.0000,-1.0000,-1.0000,-1.0000,-1.0000,-1.0000,-1.0000,-1.0000,-1.0000,-1.0000,-1.0000,-1.0000,-1.0000,-1.0000,-1.0000,-1.0000,-1.0000,-1.0000,-1.0000,-1.0000,-1.0000,-1.0000,-1.0000,-1.0000,-1.0000,-1.0000,-1.0000,-1.0000,-1.0000,-1.0000,-1.0000,-1.0000,-1.0000,-1.0000,-1.0000,-1.0000,-1.0000,-1.0000,-1.0000,-1.0000,-1.0000,-1.0000,-1.0000,-1.0000,-1.0000,-1.0000,-1.0000,-1.0000,-1.0000,0.8256,0.8092,0.7939,0.7924,0.8751,0.8437,0.7974,0.7585,0.8480,0.8013,0.8473,0.8112,0.8243,0.7935,0.6928,0.7614,0.7559,0.6932,0.7964,0.6949,0.7019,0.7196,-1.0000,-1.0000,-1.0000,-1.0000,-1.0000,-1.0000,-1.0000,-1.0000,-1.0000,-1.0000,-1.0000,-1.0000,-1.0000,-1.0000,-1.0000,-1.0000,-1.0000,-1.0000,-1.0000,-1.0000,-1.0000,-1.0000,-1.0000,-1.0000,-1.0000,-1.0000,-1.0000,-1.0000,-1.0000,-1.0000,-1.0000,-1.0000,-1.0000,-1.0000,-1.0000,-1.0000,1.0186,0.9519,1.0254,1.0512,0.9850,1.0035,0.8748,0.7137,0.7781,0.8956,0.7131,0.8815,0.9224,0.7453,0.8717,0.9320,0.7395,0.8174,0.8607,0.8478,0.8333,0.8239,0.9075,0.8874,0.8257,0.7981,0.8882,0.8445,0.8827,0.8391,0.8646,0.8392,0.7433,0.8086,0.8029,0.7401,0.8419,0.7360,0.7465,0.7676,0.7777,0.8256,0.8092,0.7939,0.7924,0.8751,0.8437,0.7974,0.7585,0.8480,0.8013,0.8473,0.8112,0.8243,0.7935,0.6928,0.7614,0.7559,0.6932,0.7964,0.6949,0.7019,0.7196,0,0.6928,-3.8126,0.2856,-2.5528
25,0.0500,0.9508,-0.0712,1.0636,-3.8126,0.2856,-3.0433,0.0656,0.1902,0.0000,1.0271,1.0000,0.0001,0.0010,0.0000,-0.0000,-0.0021,-0.0002,-0.0004,0.0004,-0.0004,0.0001,-0.0021,-0.0001,-0.0003,0.0007,-0.0017,0.0000,0.0066,-0.0004,-0.0003,0.0132,0.0001,0.0011,-0.0000,0.0066,0.0005,0.0002,0.0131,0.0001,0.0006,0.0000,0.0064,-0.0004,-0.0098,-0.0107,0.0814,0.0021,-0.0019,-0.0806,0.0119,-0.0196,0.0223,0.0241,0.0010,-0.0867,0.0138,-0.0146,0.0797,-0.0155,0.0019,0.2545,-0.0204,-0.0064,0.4080,0.0045,0.0313,-0.0003,0.2602,0.0123,0.0095,0.4176,0.0046,0.0268,0.0003,-1.0000,-1.0000,-1.0000,-1.0000,-1.0000,-1.0000,-1.0000,-1.0000,-1.0000,-1.0000,-1.0000,-1.0000,-1.0000,-1.0000,-1.0000,-1.0000,-1.0000,-1.0000,-1.0000,-1.0000,-1.0000,-1.0000,-1.0000,-1.0000,-1.0000,-1.0000,-1.0000,-1.0000,-1.0000,-1.0000,-1.0000,-1.0000,-1.0000,-1.0000,-1.0000,-1.0000,-1.0000,-1.0000,-1.0000,-1.0000,-1.0000,-1.0000,-1.0000,-1.0000,-1.0000,-1.0000,-1.0000,-1.0000,-1.0000,-1.0000,-1.0000,-1.0000,-1.0000,-1.0000,-1.0000,-1.0000,-1.0000,-1.0000,-1.0000,-1.0000,-1.0000,-1.0000,-1.0000,0.8256,0.8092,0.7939,0.7924,0.8751,0.8437,0.7974,0.7585,0.8480,0.8013,0.8473,0.8112,0.8243,0.7935,0.6928,0.7614,0.7559,0.6932,0.7964,0.6949,0.7019,0.7196,-1.0000,-1.0000,-1.0000,-1.0000,-1.0000,-1.0000,-1.0000,-1.0000,-1.0000,-1.0000,-1.0000,-1.0000,-1.0000,-1.0000,-1.0000,-1.0000,-1.0000,-1.0000,-1.0000,-1.0000,-1.0000,-1.0000,-1.0000,-1.0000,-1.0000,-1.0000,-1.0000,-1.0000,-1.0000,-1.0000,-1.0000,-1.0000,-1.0000,-1.0000,-1.0000,-1.0000,1.0186,0.9519,1.0254,1.0512,0.9850,1.0035,0.8748,0.7137,0.7781,0.8956,0.7131,0.8815,0.9224,0.7453,0.8717,0.9320,0.7395,0.8174,0.8607,0.8478,0.8333,0.8239,0.9075,0.8874,0.8257,0.7981,0.8882,0.8445,0.8827,0.8391,0.8646,0.8392,0.7433,0.8086,0.8029,0.7401,0.8419,0.7360,0.7465,0.7676,0.7777,0.8256,0.8092,0.7939,0.7924,0.8751,0.8437,0.7974,0.7585,0.8480,0.8013,0.8473,0.8112,0.8243,0.7935,0.6928,0.7614,0.7559,0.6932,0.7964,0.6949,0.7019,0.7196,0,0.6928,-3.8126,0.2856,-2.5528
26,0.0520,0.9432,-0.0706,1.0574,-3.8126,0.2856,-3.0629,0.0656,0.1902,0.0000,1.0271,1.0000,0.0001,0.0011,0.0000,-0.0000,-0.0023,-0.0002,-0.0004,0.0005,-0.0003,0.0001,-0.0023,-0.0001,-0.0004,0.0008,-0.0018,0.0000,0.0071,-0.0005,-0.0003,0.0140,0.0001,0.0011,-0.0000,0.0072,0.0005,0.0003,0.0140,0.0001,0.0007,0.0000,0.0067,-0.0002,-0.0072,-0.0057,0.0850,0.0020,-0.0021,-0.0848,0.0039,-0.0203,0.0322,0.0604,0.0010,-0.0853,0.0094,-0.0193,0.0395,-0.0534,0.0013,0.2651,-0.0189,-0.0072,0.4150,0.0047,0.0317,-0.0003,0.2692,0.0146,0.0089,0.4209,0.0048,0.0280,0.0003,-1.0000,-1.0000,-1.0000,-1.0000,-1.0000,-1.0000,-1.0000,-1.0000,-1.0000,-1.0000,-1.0000,-1.0000,-1.0000,-1.0000,-1.0000,-1.0000,-1.0000,-1.0000,-1.0000,-1.0000,-1.0000,-1.0000,-1.0000,-1.0000,-1.0000,-1.0000,-1.0000,-1.0000,-1.0000,-1.0000,-1.0000,-1.0000,-1.0000,-1.0000,-1.0000,-1.0000,-1.0000,-1.0000,-1.0000,-1.0000,-1.0000,-1.0000,-1.0000,-1.0000,-1.0000,-1.0000,-1.0000,-1.0000,-1.0000,-1.0000,-1.0000,-1.0000,-1.0000,-1.0000,-1.0000,-1.0000,-1.0000,-1.0000,-1.0000,-1.0000,-1.0000,-1.0000,-1.0000,0.8220,0.8052,0.7895,0.7879,0.8699,0.8388,0.7925,0.7527,0.8424,0.7956,0.8414,0.8057,0.8181,0.7868,0.6863,0.7550,0.7491,0.6869,0.7898,0.6885,0.6949,0.7128,-1.0000,-1.0000,-1.0000,-1.0000,-1.0000,-1.0000,-1.0000,-1.0000,-1.0000,-1.0000,-1.0000,-1.0000,-1.0000,-1.0000,-1.0000,-1.0000,-1.0000,-1.0000,-1.0000,-1.0000,-1.0000,-1.0000,-1.0000,-1.0000,-1.0000,-1.0000,-1.0000,-1.0000,-1.0000,-1.0000,-1.0000,-1.0000,-1.0000,-1.0000,-1.0000,-1.0000,1.0175,0.9510,1.0242,1.0497,0.9840,1.0023,0.8683,0.7080,0.7741,0.8902,0.7070,0.8779,0.9175,0.7406,0.8655,0.9274,0.7344,0.8125,0.8570,0.8437,0.8289,0.8193,0.9023,0.8824,0.8206,0.7922,0.8825,0.8388,0.8767,0.8335,0.8584,0.8324,0.7368,0.8022,0.7961,0.7338,0.8353,0.7297,0.7396,0.7609,0.7730,0.8220,0.8052,0.7895,0.7879,0.8699,0.8388,0.7925,0.7527,0.8424,0.7956,0.8414,0.8057,0.8181,0.7868,0.6863,0.7550,0.7491,0.6869,0.7898,0.6885,0.6949,0.7128,0,0.6863,-3.8126,0.2856,-2.5528
26,0.0520,0.9432,-0.0706,1.0574,-3.8126,0.2856,-3.0629,0.0656,0.1902,0.0000,1.0271,1.0000,0.0001,0.0011,0.0000,-0.0000,-0.0023,-0.0002,-0.0004,0.0005,-0.0003,0.0001,-0.0023,-0.0001,-0.0004,0.0008,-0.0018,0.0000,0.0071,-0.0005,-0.0003,0.0140,0.0001,0.0011,-0.0000,0.0072,0.0005,0.0003,0.0140,0.0001,0.0007,0.0000,0.0067,-0.0002,-0.0072,-0.0057,0.0850,0.0020,-0.0021,-0.0848,0.0039,-0.0203,0.0322,0.0604,0.0010,-0.0853,0.0094,-0.0193,0.0395,-0.0534,0.0013,0.2651,-0.0189,-0.0072,0.4150,0.0047,0.0317,-0.0003,0.2692,0.0146,0.0089,0.4209,0.0048,0.0280,0.0003,-1.0000,-1.0000,-1.0000,-1.0000,-1.0000,-1.0000,-1.0000,-1.0000,-1.0000,-1.0000,-1.0000,-1.0000,-1.0000,-1.0000,-1.0000,-1.0000,-1.0000,-1.0000,-1.0000,-1.0000,-1.0000,-1.0000,-1.0000,-1.0000,-1.0000,-1.0000,-1.0000,-1.0000,-1.0000,-1.0000,-1.0000,-1.0000,-1.0000,-1.0000,-1.0000,-1.0000,-1.0000,-1.0000,-1.0000,-1.0000,-1.0000,-1.0000,-1.0000,-1.0000,-1.0000,-1.0000,-1.0000,-1.0000,-1.0000,-1.0000,-1.0000,-1.0000,-1.0000,-1.0000,-1.0000,-1.0000,-1.0000,-1.0000,-1.0000,-1.0000,-1.0000,-1.0000,-1.0000,0.8220,0.8052,0.7895,0.7879,0.8699,0.8388,0.7925,0.7527,0.8424,0.7956,0.8414,0.8057,0.8181,0.7868,0.6863,0.7550,0.7491,0.6869,0.7898,0.6885,0.6949,0.7128,-1.0000,-1.0000,-1.0000,-1.0000,-1.0000,-1.0000,-1.0000,-1.0000,-1.0000,-1.0000,-1.0000,-1.0000,-1.0000,-1.0000,-1.0000,-1.0000,-1.0000,-1.0000,-1.0000,-1.0000,-1.0000,-1.0000,-1.0000,-1.0000,-1.0000,-1.0000,-1.0000,-1.0000,-1.0000,-1.0000,-1.0000,-1.0000,-1.0000,-1.0000,-1.0000,-1.0000,1.0175,0.9510,1.0242,1.0497,0.9840,1.0023,0.8683,0.7080,0.7741,0.8902,0.7070,0.8779,0.9175,0.7406,0.8655,0.9274,0.7344,0.8125,0.8570,0.8437,0.8289,0.8193,0.9023,0.8824,0.8206,0.7922,0.8825,0.8388,0.8767,0.8335,0.8584,0.8324,0.7368,0.8022,0.7961,0.7338,0.8353,0.7297,0.7396,0.7609,0.7730,0.8220,0.8052,0.7895,0.7879,0.8699,0.8388,0.7925,0.7527,0.8424,0.7956,0.8414,0.8057,0.8181,0.7868,0.6863,0.7550,0.7491,0.6869,0.7898,0.6885,0.6949,0.7128,0,0.6863,-3.8126,0.2856,-2.5528
27,0.0540,0.9356,-0.0701,1.0513,-3.8126,0.2856,-3.0825,0.0656,0.1902,0.0000,1.0271,1.0000,0.0001,0.0012,0.0000,-0.0000,-0.0025,-0.0002,-0.0004,0.0005,0.0002,0.0001,-0.0025,-0.0001,-0.0004,0.0008,-0.0020,0.0000,0.0077,-0.0005,-0.0003,0.0148,0.0001,0.0012,-0.0000,0.0077,0.0005,0.0003,0.0148,0.0001,0.0007,0.0000,0.0069,-0.0009,-0.0082,-0.0168,0.0879,0.0021,-0.0027,-0.0861,0.0101,-0.0226,0.0228,0.2204,0.0008,-0.0834,0.0255,-0.0240,0.0024,-0.0976,0.0026,0.2710,-0.0224,-0.0059,0.4095,0.0049,0.0316,-0.0003,0.2785,0.0115,0.0101,0.4227,0.0050,0.0292,0.0003,-1.0000,-1.0000,-1.0000,-1.0000,-1.0000,-1.0000,-1.0000,-1.0000,-1.0000,-1.0000,-1.0000,-1.0000,-1.0000,-1.0000,-1.0000,-1.0000,-1.0000,-1.0000,-1.0000,-1.0000,-1.0000,-1.0000,-1.0000,-1.0000,-1.0000,-1.0000,-1.0000,-1.0000,-1.0000,-1.0000,-1.0000,-1.0000,-1.0000,-1.0000,-1.0000,-1.0000,-1.0000,-1.0000,-1.0000,-1.0000,-1.0000,-1.0000,-1.0000,-1.0000,-1.0000,-1.0000,-1.0000,-1.0000,-1.0000,-1.0000,-1.0000,-1.0000,-1.0000,-1.0000,-1.0000,-1.0000,-1.0000,-1.0000,-1.0000,-1.0000,-1.0000,-1.0000,-1.0000,0.8185,0.8013,0.7852,0.7835,0.8648,0.8339,0.7876,0.7469,0.8369,0.7899,0.8355,0.8002,0.8120,0.7801,0.6799,0.7486,0.7423,0.6806,0.7833,0.6822,0.6880,0.7060,-1.0000,-1.0000,-1.0000,-1.0000,-1.0000,-1.0000,-1.0000,-1.0000,-1.0000,-1.0000,-1.0000,-1.0000,-1.0000,-1.0000,-1.0000,-1.0000,-1.0000,-1.0000,-1.0000,-1.0000,-1.0000,-1.0000,-1.0000,-1.0000,-1.0000,-1.0000,-1.0000,-1.0000,-1.0000,-1.0000,-1.0000,-1.0000,-1.0000,-1.0000,-1.0000,-1.0000,1.0166,0.9503,1.0231,1.0484,0.9832,1.0011,0.8619,0.7023,0.7701,0.8848,0.7009,0.8745,0.9126,0.7360,0.8593,0.9230,0.7294,0.8078,0.8534,0.8398,0.8245,0.8149,0.8971,0.8775,0.8157,0.7865,0.8770,0.8331,0.8707,0.8280,0.8522,0.8257,0.7304,0.7959,0.7894,0.7275,0.8288,0.7234,0.7327,0.7542,0.7683,0.8185,0.8013,0.7852,0.7835,0.8648,0.8339,0.7876,0.7469,0.8369,0.7899,0.8355,0.8002,0.8120,0.7801,0.6799,0.7486,0.7423,0.6806,0.7833,0.6822,0.6880,0.7060,0,0.6799,-3.8126,0.2856,-2.5528
28,0.0560,0.9279,-0.0695,1.0451,-3.8126,0.2856,-3.1021,0.0656,0.1902,0.0000,1.0271,1.0000,0.0000,0.0013,0.0000,-0.0000,-0.0026,-0.0001,-0.0005,0.0005,0.0002,0.0001,-0.0026,-0.0000,-0.0005,0.0008,-0.0022,0.0000,0.0082,-0.0006,-0.0003,0.0156,0.0001,0.0012,-0.0000,0.0083,0.0006,0.0003,0.0157,0.0001,0.0008,0.0000,0.0072,-0.0009,-0.0085,-0.0235,0.0909,0.0023,-0.0020,-0.0878,0.0273,-0.0246,0.0147,0.0270,0.0005,-0.0821,0.0356,-0.0283,-0.0295,-0.1388,0.0031,0.2776,-0.0255,-0.0053,0.4057,0.0051,0.0317,-0.0003,0.2870,0.0088,0.0106,0.4230,0.0053,0.0303,0.0003,-1.0000,-1.0000,-1.0000,-1.0000,-1.0000,-1.0000,-1.0000,-1.0000,-1.0000,-1.0000,-1.0000,-1.0000,-1.0000,-1.0000,-1.0000,-1.0000,-1.0000,-1.0000,-1.0000,-1.0000,-1.0000,-1.0000,-1.0000,-1.0000,-1.0000,-1.0000,-1.0000,-1.0000,-1.0000,-1.0000,-1.0000,-1.0000,-1.0000,-1.0000,-1.0000,-1.0000,-1.0000,-1.0000,-1.0000,-1.0000,-1.0000,-1.0000,-1.0000,-1.0000,-1.0000,-1.0000,-1.0000,-1.0000,-1.0000,-1.0000,-1.0000,-1.0000,-1.0000,-1.0000,-1.0000,-1.0000,-1.0000,-1.0000,-1.0000,-1.0000,-1.0000,-1.0000,-1.0000,0.8152,0.7976,0.7811,0.7792,0.8598,0.8292,0.7828,0.7413,0.8315,0.7844,0.8297,0.7948,0.8059,0.7734,0.6735,0.7423,0.7356,0.6745,0.7769,0.6760,0.6811,0.6994,-1.0000,-1.0000,-1.0000,-1.0000,-1.0000,-1.0000,-1.0000,-1.0000,-1.0000,-1.0000,-1.0000,-1.0000,-1.0000,-1.0000,-1.0000,-1.0000,-1.0000,-1.0000,-1.0000,-1.0000,-1.0000,-1.0000,-1.0000,-1.0000,-1.0000,-1.0000,-1.0000,-1.0000,-1.0000,-1.0000,-1.0000,-1.0000,-1.0000,-1.0000,-1.0000,-1.0000,1.0157,0.9496,1.0220,1.0471,0.9824,1.0000,0.8556,0.6968,0.7663,0.8795,0.6949,0.8711,0.9079,0.7316,0.8533,0.9186,0.7245,0.8032,0.8499,0.8359,0.8203,0.8105,0.8921,0.8726,0.8109,0.7808,0.8715,0.8275,0.8649,0.8225,0.8461,0.8191,0.7241,0.7896,0.7827,0.7214,0.8224,0.7172,0.7259,0.7476,0.7638,0.8152,0.7976,0.7811,0.7792,0.8598,0.8292,0.7828,0.7413,0.8315,0.7844,0.8297,0.7948,0.8059,0.7734,0.6735,0.7423,0.7356,0.6745,0.7769,0.6760,0.6811,0.6994,0,0.6735,-3.8126,0.2856,-2.5528
28,0.0560,0.9279,-0.0695,1.0451,-3.8126,0.2856,-3.1021,0.0656,0.1902,0.0000,1.0271,1.0000,0.0000,0.0013,0.0000,-0.0000,-0.0026,-0.0001,-0.0005,0.0005,0.0002,0.0001,-0.0026,-0.0000,-0.0005,0.0008,-0.0022,0.0000,0.0082,-0.0006,-0.0003,0.0156,0.0001,0.0012,-0.0000,0.0083,0.0006,0.0003,0.0157,0.0001,0.0008,0.0000,0.0072,-0.0009,-0.0085,-0.0235,0.0909,0.0023,-0.0020,-0.0878,0.0273,-0.0246,0.0147,0.0270,0.0005,-0.0821,0.0356,-0.0283,-0.0295,-0.1388,0.0031,0.2776,-0.0255,-0.0053,0.4057,0.0051,0.0317,-0.0003,0.2870,0.0088,0.0106,0.4230,0.0053,0.0303,0.0003,-1.0000,-1.0000,-1.0000,-1.0000,-1.0000,-1.0000,-1.0000,-1.0000,-1.0000,-1.0000,-1.0000,-1.0000,-1.0000,-1.0000,-1.0000,-1.0000,-1.0000,-1.0000,-1.0000,-1.0000,-1.0000,-1.0000,-1.0000,-1.0000,-1.0000,-1.0000,-1.0000,-1.0000,-1.0000,-1.0000,-1.0000,-1.0000,-1.0000,-1.0000,-1.0000,-1.0000,-1.0000,-1.0000,-1.0000,-1.0000,-1.0000,-1.0000,-1.0000,-1.0000,-1.0000,-1.0000,-1.0000,-1.0000,-1.0000,-1.0000,-1.0000,-1.0000,-1.0000,-1.0000,-1.0000,-1.0000,-1.0000,-1.0000,-1.0000,-1.0000,-1.0000,-1.0000,-1.0000,0.8152,0.7976,0.7811,0.7792,0.8598,0.8292,0.7828,0.7413,0.8315,0.7844,0.8297,0.7948,0.8059,0.7734,0.6735,0.7423,0.7356,0.6745,0.7769,0.6760,0.6811,0.6994,-1.0000,-1.0000,-1.0000,-1.0000,-1.0000,-1.0000,-1.0000,-1.0000,-1.0000,-1.0000,-1.0000,-1.0000,-1.0000,-1.0000,-1.0000,-1.0000,-1.0000,-1.0000,-1.0000,-1.0000,-1.0000,-1.0000,-1.0000,-1.0000,-1.0000,-1.0000,-1.0000,-1.0000,-1.0000,-1.0000,-1.0000,-1.0000,-1.0000,-1.0000,-1.0000,-1.0000,1.0157,0.9496,1.0220,1.0471,0.9824,1.0000,0.8556,0.6968,0.7663,0.8795,0.6949,0.8711,0.9079,0.7316,0.8533,0.9186,0.7245,0.8032,0.8499,0.8359,0.8203,0.8105,0.8921,0.8726,0.8109,0.7808,0.8715,0.8275,0.8649,0.8225,0.8461,0.8191,0.7241,0.7896,0.7827,0.7214,0.8224,0.7172,0.7259,0.7476,0.7638,0.8152,0.7976,0.7811,0.7792,0.8598,0.8292,0.7828,0.7413,0.8315,0.7844,0.8297,0.7948,0.8059,0.7734,0.6735,0.7423,0.7356,0.6745,0.7769,0.6760,0.6811,0.6994,0,0.6735,-3.8126,0.2856,-2.5528
29,0.0580,0.9203,-0.0689,1.0388,-3.8126,0.2856,-3.1218,0.0656,0.1902,0.0000,1.0271,1.0000,0.0000,0.0014,0.0000,-0.0000,-0.0028,-0.0000,-0.0005,0.0006,-0.0001,0.0001,-0.0028,0.0000,-0.0005,0.0007,-0.0021,0.0000,0.0088,-0.0006,-0.0003,0.0164,0.0001,0.0013,-0.0000,0.0089,0.0006,0.0003,0.0165,0.0001,0.0008,0.0000,0.0074,-0.0009,-0.0113,-0.0227,0.0933,0.0022,-0.0020,-0.0888,0.0360,-0.0267,0.0089,-0.1678,0.0002,-0.0840,0.0250,-0.0298,-0.0275,0.0581,0.0030,0.2838,-0.0250,-0.0055,0.3998,0.0052,0.0317,-0.0003,0.2928,0.0093,0.0101,0.4160,0.0054,0.0313,0.0003,-1.0000,-1.0000,-1.0000,-1.0000,-1.0000,-1.0000,-1.0000,-1.0000,-1.0000,-1.0000,-1.0000,-1.0000,-1.0000,-1.0000,-1.0000,-1.0000,-1.0000,-1.0000,-1.0000,-1.0000,-1.0000,-1.0000,-1.0000,-1.0000,-1.0000,-1.0000,-1.0000,-1.0000,-1.0000,-1.0000,-1.0000,-1.0000,-1.0000,-1.0000,-1.0000,-1.0000,-1.0000,-1.0000,-1.0000,-1.0000,-1.0000,-1.0000,-1.0000,-1.0000,-1.0000,-1.0000,-1.0000,-1.0000,-1.0000,-1.0000,-1.0000,-1.0000,-1.0000,-1.0000,-1.0000,-1.0000,-1.0000,-1.0000,-1.0000,-1.0000,-1.0000,-1.0000,-1.0000,0.8119,0.7940,0.7771,0.7750,0.8550,0.8245,0.7782,0.7357,0.8262,0.7789,0.8239,0.7895,0.7999,0.7669,0.6673,0.7362,0.7290,0.6684,0.7706,0.6699,0.6743,0.6928,-1.0000,-1.0000,-1.0000,-1.0000,-1.0000,-1.0000,-1.0000,-1.0000,-1.0000,-1.0000,-1.0000,-1.0000,-1.0000,-1.0000,-1.0000,-1.0000,-1.0000,-1.0000,-1.0000,-1.0000,-1.0000,-1.0000,-1.0000,-1.0000,-1.0000,-1.0000,-1.0000,-1.0000,-1.0000,-1.0000,-1.0000,-1.0000,-1.0000,-1.0000,-1.0000,-1.0000,1.0150,0.9491,1.0212,1.0460,0.9818,0.9991,0.8493,0.6914,0.7627,0.8744,0.6890,0.8679,0.9032,0.7273,0.8473,0.9144,0.7197,0.7987,0.8465,0.8321,0.8161,0.8062,0.8871,0.8679,0.8062,0.7752,0.8662,0.8220,0.8591,0.8172,0.8401,0.8125,0.7179,0.7834,0.7761,0.7154,0.8160,0.7112,0.7192,0.7410,0.7594,0.8119,0.7940,0.7771,0.7750,0.8550,0.8245,0.7782,0.7357,0.8262,0.7789,0.8239,0.7895,0.7999,0.7669,0.6673,0.7362,0.7290,0.6684,0.7706,0.6699,0.6743,0.6928,0,0.6673,-3.8126,0.2856,-2.5528
30,0.0600,0.9127,-0.0684,1.0325,-3.8126,0.2856,-3.1414,0.0656,0.1902,0.0000,1.0270,1.0000,-0.0000,0.0015,0.0000,-0.0000,-0.0030,0.0001,-0.0006,0.0010,-0.0004,0.0001,-0.0030,0.0001,-0.0006,0.0006,-0.0016,0.0000,0.0094,-0.0007,-0.0003,0.0172,0.0002,0.0014,-0.0000,0.0095,0.0006,0.0003,0.0173,0.0002,0.0009,0.0000,0.0076,-0.0017,-0.0173,-0.0342,0.0941,0.0021,-0.0016,-0.1112,0.0496,-0.0116,0.2035,-0.1432,-0.0002,-0.0839,0.0299,-0.0314,-0.0257,0.2558,0.0044,0.2861,-0.0278,-0.0040,0.3843,0.0054,0.0313,-0.0003,0.2984,0.0063,0.0111,0.4077,0.0056,0.0322,0.0003,-1.0000,-1.0000,-1.0000,-1.0000,-1.0000,-1.0000,-1.0000,-1.0000,-1.0000,-1.0000,-1.0000,-1.0000,-1.0000,-1.0000,-1.0000,-1.0000,-1.0000,-1.0000,-1.0000,-1.0000,-1.0000,-1.0000,-1.0000,-1.0000,-1.0000,-1.0000,-1.0000,-1.0000,-1.0000,-1.0000,-1.0000,-1.0000,-1.0000,-1.0000,-1.0000,-1.0000,-1.0000,-1.0000,-1.0000,-1.0000,-1.0000,-1.0000,-1.0000,-1.0000,-1.0000,-1.0000,-1.0000,-1.0000,-1.0000,-1.0000,-1.0000,-1.0000,-1.0000,-1.0000,-1.0000,-1.0000,-1.0000,-1.0000,-1.0000,-1.0000,-1.0000,-1.0000,-1.0000,0.8088,0.7905,0.7732,0.7709,0.8502,0.8200,0.7736,0.7303,0.8210,0.7736,0.8183,0.7843,0.7941,0.7604,0.6611,0.7300,0.7224,0.6624,0.7643,0.6639,0.6676,0.6863,-1.0000,-1.0000,-1.0000,-1.0000,-1.0000,-1.0000,-1.0000,-1.0000,-1.0000,-1.0000,-1.0000,-1.0000,-1.0000,-1.0000,-1.0000,-1.0000,-1.0000,-1.0000,-1.0000,-1.0000,-1.0000,-1.0000,-1.0000,-1.0000,-1.0000,-1.0000,-1.0000,-1.0000,-1.0000,-1.0000,-1.0000,-1.0000,-1.0000,-1.0000,-1.0000,-1.0000,1.0143,0.9488,1.0204,1.0449,0.9814,0.9983,0.8431,0.6861,0.7591,0.8693,0.6833,0.8648,0.8986,0.7231,0.8414,0.9102,0.7150,0.7943,0.8433,0.8285,0.8121,0.8021,0.8822,0.8632,0.8016,0.7697,0.8609,0.8166,0.8534,0.8119,0.8342,0.8060,0.7118,0.7773,0.7695,0.7094,0.8098,0.7052,0.7125,0.7346,0.7551,0.8088,0.7905,0.7732,0.7709,0.8502,0.8200,0.7736,0.7303,0.8210,0.7736,0.8183,0.7843,0.7941,0.7604,0.6611,0.7300,0.7224,0.6624,0.7643,0.6639,0.6676,0.6863,0,0.6611,-3.8126,0.2856,-2.5528
30,0.0600,0.9127,-0.0684,1.0325,-3.8126,0.2856,-3.1414,0.0656,0.1902,0.0000,1.0270,1.0000,-0.0000,0.0015,0.0000,-0.0000,-0.0030,0.0001,-0.0006,0.0010,-0.0004,0.0001,-0.0030,0.0001,-0.0006,0.0006,-0.0016,0.0000,0.0094,-0.0007,-0.0003,0.0172,0.0002,0.0014,-0.0000,0.0095,0.0006,0.0003,0.0173,0.0002,0.0009,0.0000,0.0076,-0.0017,-0.0173,-0.0342,0.0941,0.0021,-0.0016,-0.1112,0.0496,-0.0116,0.2035,-0.1432,-0.0002,-0.0839,0.0299,-0.0314,-0.0257,0.2558,0.0044,0.2861,-0.0278,-0.0040,0.3843,0.0054,0.0313,-0.0003,0.2984,0.0063,0.0111,0.4077,0.0056,0.0322,0.0003,-1.0000,-1.0000,-1.0000,-1.0000,-1.0000,-1.0000,-1.0000,-1.0000,-1.0000,-1.0000,-1.0000,-1.0000,-1.0000,-1.0000,-1.0000,-1.0000,-1.0000,-1.0000,-1.0000,-1.0000,-1.0000,-1.0000,-1.0000,-1.0000,-1.0000,-1.0000,-1.0000,-1.0000,-1.0000,-1.0000,-1.0000,-1.0000,-1.0000,-1.0000,-1.0000,-1.0000,-1.0000,-1.0000,-1.0000,-1.0000,-1.0000,-1.0000,-1.0000,-1.0000,-1.0000,-1.0000,-1.0000,-1.0000,-1.0000,-1.0000,-1.0000,-1.0000,-1.0000,-1.0000,-1.0000,-1.0000,-1.0000,-1.0000,-1.0000,-1.0000,-1.0000,-1.0000,-1.0000,0.8088,0.7905,0.7732,0.7709,0.8502,0.8200,0.7736,0.7303,0.8210,0.7736,0.8183,0.7843,0.7941,0.7604,0.6611,0.7300,0.7224,0.6624,0.7643,0.6639,0.6676,0.6863,-1.0000,-1.0000,-1.0000,-1.0000,-1.0000,-1.0000,-1.0000,-1.0000,-1.0000,-1.0000,-1.0000,-1.0000,-1.0000,-1.0000,-1.0000,-1.0000,-1.0000,-1.0000,-1.0000,-1.0000,-1.0000,-1.0000,-1.0000,-1.0000,-1.0000,-1.0000,-1.0000,-1.0000,-1.0000,-1.0000,-1.0000,-1.0000,-1.0000,-1.0000,-1.0000,-1.0000,1.0143,0.9488,1.0204,1.0449,0.9814,0.9983,0.8431,0.6861,0.7591,0.8693,0.6833,0.8648,0.8986,0.7231,0.8414,0.9102,0.7150,0.7943,0.8433,0.8285,0.8121,0.8021,0.8822,0.8632,0.8016,0.7697,0.8609,0.8166,0.8534,0.8119,0.8342,0.8060,0.7118,0.7773,0.7695,0.7094,0.8098,0.7052,0.7125,0.7346,0.7551,0.8088,0.7905,0.7732,0.7709,0.8502,0.8200,0.7736,0.7303,0.8210,0.7736,0.8183,0.7843,0.7941,0.7604,0.6611,0.7300,0.7224,0.6624,0.7643,0.6639,0.6676,0.6863,0,0.6611,-3.8126,0.2856,-2.5528
31,0.0620,0.9051,-0.0678,1.0262,-3.8126,0.2856,-3.1610,0.0656,0.1902,0.0000,1.0270,1.0000,-0.0000,0.0016,0.0000,-0.0000,-0.0032,0.0001,-0.0006,0.0012,-0.0009,0.0001,-0.0031,0.0001,-0.0007,0.0006,-0.0008,0.0000,0.0100,-0.0007,-0.0003,0.0180,0.0002,0.0014,-0.0000,0.0101,0.0006,0.0004,0.0181,0.0002,0.0010,0.0000,0.0079,-0.0011,-0.0174,-0.0215,0.0970,0.0019,-0.0009,-0.1043,0.0389,-0.0198,0.1199,-0.2500,-0.0004,-0.0866,0.0066,-0.0327,-0.0232,0.4075,0.0028,0.2950,-0.0230,-0.0057,0.3858,0.0055,0.0316,-0.0003,0.3031,0.0113,0.0091,0.3995,0.0057,0.0330,0.0003,-1.0000,-1.0000,-1.0000,-1.0000,-1.0000,-1.0000,-1.0000,-1.0000,-1.0000,-1.0000,-1.0000,-1.0000,-1.0000,-1.0000,-1.0000,-1.0000,-1.0000,-1.0000,-1.0000,-1.0000,-1.0000,-1.0000,-1.0000,-1.0000,-1.0000,-1.0000,-1.0000,-1.0000,-1.0000,-1.0000,-1.0000,-1.0000,-1.0000,-1.0000,-1.0000,-1.0000,-1.0000,-1.0000,-1.0000,-1.0000,-1.0000,-1.0000,-1.0000,-1.0000,-1.0000,-1.0000,-1.0000,-1.0000,-1.0000,-1.0000,-1.0000,-1.0000,-1.0000,-1.0000,-1.0000,-1.0000,-1.0000,-1.0000,-1.0000,-1.0000,-1.0000,-1.0000,-1.0000,0.8058,0.7871,0.7694,0.7670,0.8455,0.8156,0.7692,0.7249,0.8159,0.7683,0.8127,0.7792,0.7883,0.7540,0.6550,0.7240,0.7160,0.6565,0.7581,0.6579,0.6610,0.6798,-1.0000,-1.0000,-1.0000,-1.0000,-1.0000,-1.0000,-1.0000,-1.0000,-1.0000,-1.0000,-1.0000,-1.0000,-1.0000,-1.0000,-1.0000,-1.0000,-1.0000,-1.0000,-1.0000,-1.0000,-1.0000,-1.0000,-1.0000,-1.0000,-1.0000,-1.0000,-1.0000,-1.0000,-1.0000,-1.0000,-1.0000,-1.0000,-1.0000,-1.0000,-1.0000,-1.0000,1.0138,0.9485,1.0197,1.0440,0.9810,0.9976,0.8370,0.6809,0.7557,0.8643,0.6776,0.8618,0.8942,0.7190,0.8355,0.9062,0.7105,0.7900,0.8401,0.8250,0.8082,0.7980,0.8774,0.8587,0.7970,0.7643,0.8557,0.8113,0.8478,0.8068,0.8284,0.7996,0.7057,0.7712,0.7631,0.7035,0.8036,0.6992,0.7060,0.7281,0.7509,0.8058,0.7871,0.7694,0.7670,0.8455,0.8156,0.7692,0.7249,0.8159,0.7683,0.8127,0.7792,0.7883,0.7540,0.6550,0.7240,0.7160,0.6565,0.7581,0.6579,0.6610,0.6798,0,0.6550,-3.8126,0.2856,-2.5528
31,0.0620,0.9051,-0.0678,1.0262,-3.8126,0.2856,-3.1610,0.0656,0.1902,0.0000,1.0270,1.0000,-0.0000,0.0016,0.0000,-0.0000,-0.0032,0.0001,-0.0006,0.0012,-0.0009,0.0001,-0.0031,0.0001,-0.0007,0.0006,-0.0008,0.0000,0.0100,-0.0007,-0.0003,0.0180,0.0002,0.0014,-0.0000,0.0101,0.0006,0.0004,0.0181,0.0002,0.0010,0.0000,0.0079,-0.0011,-0.0174,-0.0215,0.0970,0.0019,-0.0009,-0.1043,0.0389,-0.0198,0.1199,-0.2500,-0.0004,-0.0866,0.0066,-0.0327,-0.0232,0.4075,0.0028,0.2950,-0.0230,-0.0057,0.3858,0.0055,0.0316,-0.0003,0.3031,0.0113,0.0091,0.3995,0.0057,0.0330,0.0003,-1.0000,-1.0000,-1.0000,-1.0000,-1.0000,-1.0000,-1.0000,-1.0000,-1.0000,-1.0000,-1.0000,-1.0000,-1.0000,-1.0000,-1.0000,-1.0000,-1.0000,-1.0000,-1.0000,-1.0000,-1.0000,-1.0000,-1.0000,-1.0000,-1.0000,-1.0000,-1.0000,-1.0000,-1.0000,-1.0000,-1.0000,-1.0000,-1.0000,-1.0000,-1.0000,-1.0000,-1.0000,-1.0000,-1.0000,-1.0000,-1.0000,-1.0000,-1.0000,-1.0000,-1.0000,-1.0000,-1.0000,-1.0000,-1.0000,-1.0000,-1.0000,-1.0000,-1.0000,-1.0000,-1.0000,-1.0000,-1.0000,-1.0000,-1.0000,-1.0000,-1.0000,-1.0000,-1.0000,0.8058,0.7871,0.7694,0.7670,0.8455,0.8156,0.7692,0.7249,0.8159,0.7683,0.8127,0.7792,0.7883,0.7540,0.6550,0.7240,0.7160,0.6565,0.7581,0.6579,0.6610,0.6798,-1.0000,-1.0000,-1.0000,-1.0000,-1.0000,-1.0000,-1.0000,-1.0000,-1.0000,-1.0000,-1.0000,-1.0000,-1.0000,-1.0000,-1.0000,-1.0000,-1.0000,-1.0000,-1.0000,-1.0000,-1.0000,-1.0000,-1.0000,-1.0000,-1.0000,-1.0000,-1.0000,-1.0000,-1.0000,-1.0000,-1.0000,-1.0000,-1.0000,-1.0000,-1.0000,-1.0000,1.0138,0.9485,1.0197,1.0440,0.9810,0.9976,0.8370,0.6809,0.7557,0.8643,0.6776,0.8618,0.8942,0.7190,0.8355,0.9062,0.7105,0.7900,0.8401,0.8250,0.8082,0.7980,0.8774,0.8587,0.7970,0.7643,0.8557,0.8113,0.8478,0.8068,0.8284,0.7996,0.7057,0.7712,0.7631,0.7035,0.8036,0.6992,0.7060,0.7281,0.7509,0.8058,0.7871,0.7694,0.7670,0.8455,0.8156,0.7692,0.7249,0.8159,0.7683,0.8127,0.7792,0.7883,0.7540,0.6550,0.7240,0.7160,0.6565,0.7581,0.6579,0.6610,0.6798,0,0.6550,-3.8126,0.2856,-2.5528
32,0.0640,0.8974,-0.0672,1.0199,-3.8126,0.2856,-3.1806,0.0656,0.1903,0.0000,1.0270,1.0000,-0.0001,0.0017,0.0000,-0.0000,-0.0034,0.0002,-0.0007,0.0013,-0.0016,0.0001,-0.0033,0.0001,-0.0007,0.0006,-0.0000,0.0000,0.0106,-0.0008,-0.0003,0.0187,0.0002,0.0015,-0.0000,0.0107,0.0006,0.0004,0.0189,0.0002,0.0010,0.0000,0.0081,-0.0012,-0.0139,-0.0265,0.1004,0.0020,-0.0007,-0.0998,0.0493,-0.0267,0.0544,-0.3364,-0.0007,-0.0923,0.0135,-0.0323,0.0009,0.3866,0.0033,0.3027,-0.0249,-0.0053,0.3864,0.0057,0.0319,-0.0003,0.3121,0.0098,0.0094,0.4029,0.0060,0.0343,0.0003,-1.0000,-1.0000,-1.0000,-1.0000,-1.0000,-1.0000,-1.0000,-1.0000,-1.0000,-1.0000,-1.0000,-1.0000,-1.0000,-1.0000,-1.0000,-1.0000,-1.0000,-1.0000,-1.0000,-1.0000,-1.0000,-1.0000,-1.0000,-1.0000,-1.0000,-1.0000,-1.0000,-1.0000,-1.0000,-1.0000,-1.0000,-1.0000,-1.0000,-1.0000,-1.0000,-1.0000,-1.0000,-1.0000,-1.0000,-1.0000,-1.0000,-1.0000,-1.0000,-1.0000,-1.0000,-1.0000,-1.0000,-1.0000,-1.0000,-1.0000,-1.0000,-1.0000,-1.0000,-1.0000,-1.0000,-1.0000,-1.0000,-1.0000,-1.0000,-1.0000,-1.0000,-1.0000,-1.0000,0.8030,0.7838,0.7658,0.7632,0.8409,0.8113,0.7649,0.7196,0.8109,0.7632,0.8073,0.7742,0.7826,0.7476,0.6490,0.7181,0.7096,0.6508,0.7520,0.6521,0.6544,0.6735,-1.0000,-1.0000,-1.0000,-1.0000,-1.0000,-1.0000,-1.0000,-1.0000,-1.0000,-1.0000,-1.0000,-1.0000,-1.0000,-1.0000,-1.0000,-1.0000,-1.0000,-1.0000,-1.0000,-1.0000,-1.0000,-1.0000,-1.0000,-1.0000,-1.0000,-1.0000,-1.0000,-1.0000,-1.0000,-1.0000,-1.0000,-1.0000,-1.0000,-1.0000,-1.0000,-1.0000,1.0135,0.9484,1.0192,1.0432,0.9808,0.9970,0.8310,0.6758,0.7524,0.8594,0.6720,0.8590,0.8898,0.7150,0.8298,0.9022,0.7061,0.7858,0.8371,0.8216,0.8044,0.7941,0.8727,0.8542,0.7927,0.7589,0.8506,0.8060,0.8423,0.8017,0.8226,0.7933,0.6997,0.7653,0.7567,0.6978,0.7974,0.6934,0.6995,0.7218,0.7469,0.8030,0.7838,0.7658,0.7632,0.8409,0.8113,0.7649,0.7196,0.8109,0.7632,0.8073,0.7742,0.7826,0.7476,0.6490,0.7181,0.7096,0.6508,0.7520,0.6521,0.6544,0.6735,0,0.6490,-3.8126,0.2856,-2.5528
33,0.0660,0.8898,-0.0667,1.0135,-3.8126,0.2856,-3.2002,0.0656,0.1903,0.0000,1.0269,1.0000,-0.0001,0.0018,0.0000,-0.0000,-0.0036,0.0003,-0.0007,0.0013,-0.0023,0.0001,-0.0035,0.0001,-0.0008,0.0009,0.0006,0.0000,0.0112,-0.0008,-0.0003,0.0195,0.0002,0.0016,-0.0000,0.0113,0.0007,0.0004,0.0197,0.0002,0.0011,0.0000,0.0084,0.0002,-0.0158,-0.0005,0.1020,0.0018,-0.0002,-0.0934,0.0185,-0.0337,-0.0058,-0.3697,-0.0035,-0.1130,-0.0166,-0.0190,0.1674,0.3300,0.0003,0.3119,-0.0159,-0.0085,0.3882,0.0057,0.0323,-0.0004,0.3133,0.0186,0.0058,0.3861,0.0059,0.0350,0.0003,-1.0000,-1.0000,-1.0000,-1.0000,-1.0000,-1.0000,-1.0000,-1.0000,-1.0000,-1.0000,-1.0000,-1.0000,-1.0000,-1.0000,-1.0000,-1.0000,-1.0000,-1.0000,-1.0000,-1.0000,-1.0000,-1.0000,-1.0000,-1.0000,-1.0000,-1.0000,-1.0000,-1.0000,-1.0000,-1.0000,-1.0000,-1.0000,-1.0000,-1.0000,-1.0000,-1.0000,-1.0000,-1.0000,-1.0000,-1.0000,-1.0000,-1.0000,-1.0000,-1.0000,-1.0000,-1.0000,-1.0000,-1.0000,-1.0000,-1.0000,-1.0000,-1.0000,-1.0000,-1.0000,-1.0000,-1.0000,-1.0000,-1.0000,-1.0000,-1.0000,-1.0000,-1.0000,-1.0000,0.8003,0.7807,0.7622,0.7595,0.8364,0.8071,0.7607,0.7145,0.8060,0.7582,0.8019,0.7693,0.7770,0.7414,0.6431,0.7123,0.7032,0.6451,0.7460,0.6464,0.6480,0.6672,-1.0000,-1.0000,-1.0000,-1.0000,-1.0000,-1.0000,-1.0000,-1.0000,-1.0000,-1.0000,-1.0000,-1.0000,-1.0000,-1.0000,-1.0000,-1.0000,-1.0000,-1.0000,-1.0000,-1.0000,-1.0000,-1.0000,-1.0000,-1.0000,-1.0000,-1.0000,-1.0000,-1.0000,-1.0000,-1.0000,-1.0000,-1.0000,-1.0000,-1.0000,-1.0000,-1.0000,1.0132,0.9485,1.0188,1.0426,0.9807,0.9966,0.8251,0.6709,0.7493,0.8546,0.6665,0.8562,0.8856,0.7112,0.8241,0.8984,0.7018,0.7818,0.8342,0.8183,0.8007,0.7903,0.8681,0.8499,0.7884,0.7537,0.8456,0.8009,0.8368,0.7968,0.8169,0.7870,0.6938,0.7594,0.7504,0.6921,0.7914,0.6877,0.6930,0.7156,0.7429,0.8003,0.7807,0.7622,0.7595,0.8364,0.8071,0.7607,0.7145,0.8060,0.7582,0.8019,0.7693,0.7770,0.7414,0.6431,0.7123,0.7032,0.6451,0.7460,0.6464,0.6480,0.6672,0,0.6431,-3.8126,0.2856,-2.5528
33,0.0660,0.8898,-0.0667,1.0135,-3.8126,0.2856,-3.2002,0.0656,0.1903,0.0000,1.0269,1.0000,-0.0001,0.0018,0.0000,-0.0000,-0.0036,0.0003,-0.0007,0.0013,-0.0023,0.0001,-0.0035,0.0001,-0.0008,0.0009,0.0006,0.0000,0.0112,-0.0008,-0.0003,0.0195,0.0002,0.0016,-0.0000,0.0113,0.0007,0.0004,0.0197,0.0002,0.0011,0.0000,0.0084,0.0002,-0.0158,-0.0005,0.1020,0.0018,-0.0002,-0.0934,0.0185,-0.0337,-0.0058,-0.3697,-0.0035,-0.1130,-0.0166,-0.0190,0.1674,0.3300,0.0003,0.3119,-0.0159,-0.0085,0.3882,0.0057,0.0323,-0.0004,0.3133,0.0186,0.0058,0.3861,0.0059,0.0350,0.0003,-1.0000,-1.0000,-1.0000,-1.0000,-1.0000,-1.0000,-1.0000,-1.0000,-1.0000,-1.0000,-1.0000,-1.0000,-1.0000,-1.0000,-1.0000,-1.0000,-1.0000,-1.0000,-1.0000,-1.0000,-1.0000,-1.0000,-1.0000,-1.0000,-1.0000,-1.0000,-1.0000,-1.0000,-1.0000,-1.0000,-1.0000,-1.0000,-1.0000,-1.0000,-1.0000,-1.0000,-1.0000,-1.0000,-1.0000,-1.0000,-1.0000,-1.0000,-1.0000,-1.0000,-1.0000,-1.0000,-1.0000,-1.0000,-1.0000,-1.0000,-1.0000,-1.0000,-1.0000,-1.0000,-1.0000,-1.0000,-1.0000,-1.0000,-1.0000,-1.0000,-1.0000,-1.0000,-1.0000,0.8003,0.7807,0.7622,0.7595,0.8364,0.8071,0.7607,0.7145,0.8060,0.7582,0.8019,0.7693,0.7770,0.7414,0.6431,0.7123,0.7032,0.6451,0.7460,0.6464,0.6480,0.6672,-1.0000,-1.0000,-1.0000,-1.0000,-1.0000,-1.0000,-1.0000,-1.0000,-1.0000,-1.0000,-1.0000,-1.0000,-1.0000,-1.0000,-1.0000,-1.0000,-1.0000,-1.0000,-1.0000,-1.0000,-1.0000,-1.0000,-1.0000,-1.0000,-1.0000,-1.0000,-1.0000,-1.0000,-1.0000,-1.0000,-1.0000,-1.0000,-1.0000,-1.0000,-1.0000,-1.0000,1.0132,0.9485,1.0188,1.0426,0.9807,0.9966,0.8251,0.6709,0.7493,0.8546,0.6665,0.8562,0.8856,0.7112,0.8241,0.8984,0.7018,0.7818,0.8342,0.8183,0.8007,0.7903,0.8681,0.8499,0.7884,0.7537,0.8456,0.8009,0.8368,0.7968,0.8169,0.7870,0.6938,0.7594,0.7504,0.6921,0.7914,0.6877,0.6930,0.7156,0.7429,0.8003,0.7807,0.7622,0.7595,0.8364,0.8071,0.7607,0.7145,0.8060,0.7582,0.8019,0.7693,0.7770,0.7414,0.6431,0.7123,0.7032,0.6451,0.7460,0.6464,0.6480,0.6672,0,0.6431,-3.8126,0.2856,-2.5528
34,0.0680,0.8822,-0.0661,1.0070,-3.8126,0.2856,-3.2199,0.0656,0.1903,0.0000,1.0269,1.0000,-0.0001,0.0019,0.0000,-0.0000,-0.0038,0.0003,-0.0008,0.0012,-0.0031,0.0001,-0.0038,0.0001,-0.0008,0.0012,0.0009,0.0000,0.0118,-0.0008,-0.0004,0.0203,0.0002,0.0016,-0.0000,0.0120,0.0007,0.0004,0.0204,0.0002,0.0012,0.0000,0.0086,0.0010,-0.0144,0.0087,0.1051,0.0021,-0.0006,-0.0907,0.0079,-0.0393,-0.0518,-0.3948,-0.0020,-0.1113,-0.0181,-0.0233,0.1301,0.1139,-0.0011,0.3199,-0.0135,-0.0096,0.3885,0.0059,0.0326,-0.0004,0.3184,0.0210,0.0045,0.3800,0.0060,0.0359,0.0003,-1.0000,-1.0000,-1.0000,-1.0000,-1.0000,-1.0000,-1.0000,-1.0000,-1.0000,-1.0000,-1.0000,-1.0000,-1.0000,-1.0000,-1.0000,-1.0000,-1.0000,-1.0000,-1.0000,-1.0000,-1.0000,-1.0000,-1.0000,-1.0000,-1.0000,-1.0000,-1.0000,-1.0000,-1.0000,-1.0000,-1.0000,-1.0000,-1.0000,-1.0000,-1.0000,-1.0000,-1.0000,-1.0000,-1.0000,-1.0000,-1.0000,-1.0000,-1.0000,-1.0000,-1.0000,-1.0000,-1.0000,-1.0000,-1.0000,-1.0000,-1.0000,-1.0000,-1.0000,-1.0000,-1.0000,-1.0000,-1.0000,-1.0000,-1.0000,-1.0000,-1.0000,-1.0000,-1.0000,0.7977,0.7777,0.7588,0.7559,0.8320,0.8030,0.7566,0.7094,0.8012,0.7532,0.7967,0.7646,0.7714,0.7352,0.6373,0.7065,0.6970,0.6395,0.7401,0.6408,0.6416,0.6610,-1.0000,-1.0000,-1.0000,-1.0000,-1.0000,-1.0000,-1.0000,-1.0000,-1.0000,-1.0000,-1.0000,-1.0000,-1.0000,-1.0000,-1.0000,-1.0000,-1.0000,-1.0000,-1.0000,-1.0000,-1.0000,-1.0000,-1.0000,-1.0000,-1.0000,-1.0000,-1.0000,-1.0000,-1.0000,-1.0000,-1.0000,-1.0000,-1.0000,-1.0000,-1.0000,-1.0000,1.0131,0.9486,1.0185,1.0420,0.9808,0.9963,0.8192,0.6661,0.7463,0.8499,0.6612,0.8536,0.8814,0.7076,0.8186,0.8947,0.6976,0.7778,0.8315,0.8151,0.7972,0.7866,0.8637,0.8456,0.7842,0.7486,0.8407,0.7959,0.8315,0.7920,0.8113,0.7808,0.6881,0.7536,0.7441,0.6865,0.7854,0.6821,0.6867,0.7094,0.7391,0.7977,0.7777,0.7588,0.7559,0.8320,0.8030,0.7566,0.7094,0.8012,0.7532,0.7967,0.7646,0.7714,0.7352,0.6373,0.7065,0.6970,0.6395,0.7401,0.6408,0.6416,0.6610,0,0.6373,-3.8126,0.2856,-2.5528
35,0.0700,0.8746,-0.0655,1.0005,-3.8126,0.2856,-3.2395,0.0656,0.1903,0.0000,1.0269,1.0000,-0.0000,0.0020,0.0000,-0.0001,-0.0040,0.0003,-0.0009,0.0010,-0.0039,0.0001,-0.0040,0.0000,-0.0009,0.0014,0.0007,0.0000,0.0125,-0.0009,-0.0004,0.0211,0.0002,0.0017,-0.0000,0.0126,0.0007,0.0004,0.0212,0.0002,0.0013,0.0000,0.0088,0.0017,-0.0130,0.0159,0.1082,0.0024,-0.0009,-0.0887,-0.0002,-0.0443,-0.0899,-0.4185,-0.0007,-0.1089,-0.0188,-0.0283,0.0863,-0.0657,-0.0022,0.3272,-0.0118,-0.0103,0.3872,0.0060,0.0329,-0.0004,0.3235,0.0227,0.0034,0.3738,0.0061,0.0368,0.0003,-1.0000,-1.0000,-1.0000,-1.0000,-1.0000,-1.0000,-1.0000,-1.0000,-1.0000,-1.0000,-1.0000,-1.0000,-1.0000,-1.0000,-1.0000,-1.0000,-1.0000,-1.0000,-1.0000,-1.0000,-1.0000,-1.0000,-1.0000,-1.0000,-1.0000,-1.0000,-1.0000,-1.0000,-1.0000,-1.0000,-1.0000,-1.0000,-1.0000,-1.0000,-1.0000,-1.0000,-1.0000,-1.0000,-1.0000,-1.0000,-1.0000,-1.0000,-1.0000,-1.0000,-1.0000,-1.0000,-1.0000,-1.0000,-1.0000,-1.0000,-1.0000,-1.0000,-1.0000,-1.0000,-1.0000,-1.0000,-1.0000,-1.0000,-1.0000,-1.0000,-1.0000,-1.0000,-1.0000,0.7952,0.7749,0.7556,0.7525,0.8278,0.7990,0.7527,0.7045,0.7965,0.7484,0.7915,0.7599,0.7660,0.7291,0.6316,0.7009,0.6909,0.6341,0.7343,0.6353,0.6353,0.6550,-1.0000,-1.0000,-1.0000,-1.0000,-1.0000,-1.0000,-1.0000,-1.0000,-1.0000,-1.0000,-1.0000,-1.0000,-1.0000,-1.0000,-1.0000,-1.0000,-1.0000,-1.0000,-1.0000,-1.0000,-1.0000,-1.0000,-1.0000,-1.0000,-1.0000,-1.0000,-1.0000,-1.0000,-1.0000,-1.0000,-1.0000,-1.0000,-1.0000,-1.0000,-1.0000,-1.0000,1.0131,0.9489,1.0184,1.0416,0.9809,0.9961,0.8134,0.6614,0.7434,0.8453,0.6559,0.8511,0.8774,0.7040,0.8131,0.8911,0.6936,0.7740,0.8288,0.8121,0.7937,0.7830,0.8593,0.8415,0.7802,0.7436,0.8359,0.7909,0.8263,0.7872,0.8059,0.7747,0.6824,0.7480,0.7380,0.6811,0.7796,0.6766,0.6804,0.7034,0.7354,0.7952,0.7749,0.7556,0.7525,0.8278,0.7990,0.7527,0.7045,0.7965,0.7484,0.7915,0.7599,0.7660,0.7291,0.6316,0.7009,0.6909,0.6341,0.7343,0.6353,0.6353,0.6550,0,0.6316,-3.8126,0.2856,-2.5528
35,0.0700,0.8746,-0.0655,1.0005,-3.8126,0.2856,-3.2395,0.0656,0.1903,0.0000,1.0269,1.0000,-0.0000,0.0020,0.0000,-0.0001,-0.0040,0.0003,-0.0009,0.0010,-0.0039,0.0001,-0.0040,0.0000,-0.0009,0.0014,0.0007,0.0000,0.0125,-0.0009,-0.0004,0.0211,0.0002,0.0017,-0.0000,0.0126,0.0007,0.0004,0.0212,0.0002,0.0013,0.0000,0.0088,0.0017,-0.0130,0.0159,0.1082,0.0024,-0.0009,-0.0887,-0.0002,-0.0443,-0.0899,-0.4185,-0.0007,-0.1089,-0.0188,-0.0283,0.0863,-0.0657,-0.0022,0.3272,-0.0118,-0.0103,0.3872,0.0060,0.0329,-0.0004,0.3235,0.0227,0.0034,0.3738,0.0061,0.0368,0.0003,-1.0000,-1.0000,-1.0000,-1.0000,-1.0000,-1.0000,-1.0000,-1.0000,-1.0000,-1.0000,-1.0000,-1.0000,-1.0000,-1.0000,-1.0000,-1.0000,-1.0000,-1.0000,-1.0000,-1.0000,-1.0000,-1.0000,-1.0000,-1.0000,-1.0000,-1.0000,-1.0000,-1.0000,-1.0000,-1.0000,-1.0000,-1.0000,-1.0000,-1.0000,-1.0000,-1.0000,-1.0000,-1.0000,-1.0000,-1.0000,-1.0000,-1.0000,-1.0000,-1.0000,-1.0000,-1.0000,-1.0000,-1.0000,-1.0000,-1.0000,-1.0000,-1.0000,-1.0000,-1.0000,-1.0000,-1.0000,-1.0000,-1.0000,-1.0000,-1.0000,-1.0000,-1.0000,-1.0000,0.7952,0.7749,0.7556,0.7525,0.8278,0.7990,0.7527,0.7045,0.7965,0.7484,0.7915,0.7599,0.7660,0.7291,0.6316,0.7009,0.6909,0.6341,0.7343,0.6353,0.6353,0.6550,-1.0000,-1.0000,-1.0000,-1.0000,-1.0000,-1.0000,-1.0000,-1.0000,-1.0000,-1.0000,-1.0000,-1.0000,-1.0000,-1.0000,-1.0000,-1.0000,-1.0000,-1.0000,-1.0000,-1.0000,-1.0000,-1.0000,-1.0000,-1.0000,-1.0000,-1.0000,-1.0000,-1.0000,-1.0000,-1.0000,-1.0000,-1.0000,-1.0000,-1.0000,-1.0000,-1.0000,1.0131,0.9489,1.0184,1.0416,0.9809,0.9961,0.8134,0.6614,0.7434,0.8453,0.6559,0.8511,0.8774,0.7040,0.8131,0.8911,0.6936,0.7740,0.8288,0.8121,0.7937,0.7830,0.8593,0.8415,0.7802,0.7436,0.8359,0.7909,0.8263,0.7872,0.8059,0.7747,0.6824,0.7480,0.7380,0.6811,0.7796,0.6766,0.6804,0.7034,0.7354,0.7952,0.7749,0.7556,0.7525,0.8278,0.7990,0.7527,0.7045,0.7965,0.7484,0.7915,0.7599,0.7660,0.7291,0.6316,0.7009,0.6909,0.6341,0.7343,0.6353,0.6353,0.6550,0,0.6316,-3.8126,0.2856,-2.5528
36,0.0720,0.8669,-0.0649,0.9940,-3.8126,0.2856,-3.2591,0.0656,0.1903,0.0000,1.0268,1.0000,-0.0000,0.0021,0.0001,-0.0001,-0.0042,0.0003,-0.0010,0.0009,-0.0043,0.0001,-0.0042,0.0000,-0.0009,0.0015,0.0002,0.0000,0.0131,-0.0009,-0.0004,0.0218,0.0002,0.0018,-0.0000,0.0133,0.0008,0.0004,0.0219,0.0002,0.0013,0.0000,0.0090,0.0017,-0.0135,0.0167,0.1107,0.0026,-0.0015,-0.0924,-0.0133,-0.0446,-0.0732,-0.1707,0.0003,-0.1064,-0.0114,-0.0328,0.0488,-0.2375,-0.0024,0.3321,-0.0113,-0.0100,0.3801,0.0062,0.0331,-0.0004,0.3283,0.0229,0.0032,0.3664,0.0063,0.0377,0.0003,-1.0000,-1.0000,-1.0000,-1.0000,-1.0000,-1.0000,-1.0000,-1.0000,-1.0000,-1.0000,-1.0000,-1.0000,-1.0000,-1.0000,-1.0000,-1.0000,-1.0000,-1.0000,-1.0000,-1.0000,-1.0000,-1.0000,-1.0000,-1.0000,-1.0000,-1.0000,-1.0000,-1.0000,-1.0000,-1.0000,-1.0000,-1.0000,-1.0000,-1.0000,-1.0000,-1.0000,-1.0000,-1.0000,-1.0000,-1.0000,-1.0000,-1.0000,-1.0000,-1.0000,-1.0000,-1.0000,-1.0000,-1.0000,-1.0000,-1.0000,-1.0000,-1.0000,-1.0000,-1.0000,-1.0000,-1.0000,-1.0000,-1.0000,-1.0000,-1.0000,-1.0000,-1.0000,-1.0000,0.7929,0.7722,0.7524,0.7492,0.8236,0.7952,0.7488,0.6997,0.7919,0.7437,0.7864,0.7554,0.7607,0.7232,0.6261,0.6954,0.6848,0.6287,0.7286,0.6299,0.6291,0.6490,-1.0000,-1.0000,-1.0000,-1.0000,-1.0000,-1.0000,-1.0000,-1.0000,-1.0000,-1.0000,-1.0000,-1.0000,-1.0000,-1.0000,-1.0000,-1.0000,-1.0000,-1.0000,-1.0000,-1.0000,-1.0000,-1.0000,-1.0000,-1.0000,-1.0000,-1.0000,-1.0000,-1.0000,-1.0000,-1.0000,-1.0000,-1.0000,-1.0000,-1.0000,-1.0000,-1.0000,1.0132,0.9493,1.0184,1.0413,0.9812,0.9960,0.8078,0.6568,0.7407,0.8409,0.6508,0.8488,0.8734,0.7006,0.8077,0.8876,0.6897,0.7703,0.8263,0.8092,0.7904,0.7796,0.8550,0.8375,0.7763,0.7388,0.8312,0.7861,0.8211,0.7826,0.8005,0.7687,0.6768,0.7424,0.7319,0.6757,0.7738,0.6712,0.6743,0.6974,0.7319,0.7929,0.7722,0.7524,0.7492,0.8236,0.7952,0.7488,0.6997,0.7919,0.7437,0.7864,0.7554,0.7607,0.7232,0.6261,0.6954,0.6848,0.6287,0.7286,0.6299,0.6291,0.6490,0,0.6261,-3.8126,0.2856,-2.5528
36,0.0720,0.8669,-0.0649,0.9940,-3.8126,0.2856,-3.2591,0.0656,0.1903,0.0000,1.0268,1.0000,-0.0000,0.0021,0.0001,-0.0001,-0.0042,0.0003,-0.0010,0.0009,-0.0043,0.0001,-0.0042,0.0000,-0.0009,0.0015,0.0002,0.0000,0.0131,-0.0009,-0.0004,0.0218,0.0002,0.0018,-0.0000,0.0133,0.0008,0.0004,0.0219,0.0002,0.0013,0.0000,0.0090,0.0017,-0.0135,0.0167,0.1107,0.0026,-0.0015,-0.0924,-0.0133,-0.0446,-0.0732,-0.1707,0.0003,-0.1064,-0.0114,-0.0328,0.0488,-0.2375,-0.0024,0.3321,-0.0113,-0.0100,0.3801,0.0062,0.0331,-0.0004,0.3283,0.0229,0.0032,0.3664,0.0063,0.0377,0.0003,-1.0000,-1.0000,-1.0000,-1.0000,-1.0000,-1.0000,-1.0000,-1.0000,-1.0000,-1.0000,-1.0000,-1.0000,-1.0000,-1.0000,-1.0000,-1.0000,-1.0000,-1.0000,-1.0000,-1.0000,-1.0000,-1.0000,-1.0000,-1.0000,-1.0000,-1.0000,-1.0000,-1.0000,-1.0000,-1.0000,-1.0000,-1.0000,-1.0000,-1.0000,-1.0000,-1.0000,-1.0000,-1.0000,-1.0000,-1.0000,-1.0000,-1.0000,-1.0000,-1.0000,-1.0000,-1.0000,-1.0000,-1.0000,-1.0000,-1.0000,-1.0000,-1.0000,-1.0000,-1.0000,-1.0000,-1.0000,-1.0000,-1.0000,-1.0000,-1.0000,-1.0000,-1.0000,-1.0000,0.7929,0.7722,0.7524,0.7492,0.8236,0.7952,0.7488,0.6997,0.7919,0.7437,0.7864,0.7554,0.7607,0.7232,0.6261,0.6954,0.6848,0.6287,0.7286,0.6299,0.6291,0.6490,-1.0000,-1.0000,-1.0000,-1.0000,-1.0000,-1.0000,-1.0000,-1.0000,-1.0000,-1.0000,-1.0000,-1.0000,-1.0000,-1.0000,-1.0000,-1.0000,-1.0000,-1.0000,-1.0000,-1.0000,-1.0000,-1.0000,-1.0000,-1.0000,-1.0000,-1.0000,-1.0000,-1.0000,-1.0000,-1.0000,-1.0000,-1.0000,-1.0000,-1.0000,-1.0000,-1.0000,1.0132,0.9493,1.0184,1.0413,0.9812,0.9960,0.8078,0.6568,0.7407,0.8409,0.6508,0.8488,0.8734,0.7006,0.8077,0.8876,0.6897,0.7703,0.8263,0.8092,0.7904,0.7796,0.8550,0.8375,0.7763,0.7388,0.8312,0.7861,0.8211,0.7826,0.8005,0.7687,0.6768,0.7424,0.7319,0.6757,0.7738,0.6712,0.6743,0.6974,0.7319,0.7929,0.7722,0.7524,0.7492,0.8236,0.7952,0.7488,0.6997,0.7919,0.7437,0.7864,0.7554,0.7607,0.7232,0.6261,0.6954,0.6848,0.6287,0.7286,0.6299,0.6291,0.6490,0,0.6261,-3.8126,0.2856,-2.5528
37,0.0740,0.8593,-0.0644,0.9875,-3.8126,0.2856,-3.2787,0.0656,0.1903,0.0000,1.0268,1.0000,-0.0000,0.0022,0.0001,-0.0001,-0.0044,0.0002,-0.0011,0.0008,-0.0044,0.0001,-0.0044,-0.0000,-0.0010,0.0015,-0.0005,0.0000,0.0138,-0.0009,-0.0004,0.0226,0.0002,0.0018,-0.0000,0.0139,0.0008,0.0004,0.0226,0.0002,0.0014,0.0000,0.0092,0.0026,-0.0112,0.0311,0.1135,0.0026,-0.0018,-0.0978,-0.0355,-0.0441,-0.0442,-0.0855,0.0012,-0.1053,-0.0225,-0.0367,0.0196,-0.3775,-0.0041,0.3401,-0.0067,-0.0115,0.3816,0.0063,0.0335,-0.0004,0.3320,0.0273,0.0014,0.3584,0.0064,0.0386,0.0003,-1.0000,-1.0000,-1.0000,-1.0000,-1.0000,-1.0000,-1.0000,-1.0000,-1.0000,-1.0000,-1.0000,-1.0000,-1.0000,-1.0000,-1.0000,-1.0000,-1.0000,-1.0000,-1.0000,-1.0000,-1.0000,-1.0000,-1.0000,-1.0000,-1.0000,-1.0000,-1.0000,-1.0000,-1.0000,-1.0000,-1.0000,-1.0000,-1.0000,-1.0000,-1.0000,-1.0000,-1.0000,-1.0000,-1.0000,-1.0000,-1.0000,-1.0000,-1.0000,-1.0000,-1.0000,-1.0000,-1.0000,-1.0000,-1.0000,-1.0000,-1.0000,-1.0000,-1.0000,-1.0000,-1.0000,-1.0000,-1.0000,-1.0000,-1.0000,-1.0000,-1.0000,-1.0000,-1.0000,0.7907,0.7696,0.7494,0.7460,0.8196,0.7914,0.7451,0.6950,0.7875,0.7391,0.7815,0.7509,0.7555,0.7173,0.6206,0.6899,0.6789,0.6235,0.7230,0.6247,0.6230,0.6431,-1.0000,-1.0000,-1.0000,-1.0000,-1.0000,-1.0000,-1.0000,-1.0000,-1.0000,-1.0000,-1.0000,-1.0000,-1.0000,-1.0000,-1.0000,-1.0000,-1.0000,-1.0000,-1.0000,-1.0000,-1.0000,-1.0000,-1.0000,-1.0000,-1.0000,-1.0000,-1.0000,-1.0000,-1.0000,-1.0000,-1.0000,-1.0000,-1.0000,-1.0000,-1.0000,-1.0000,1.0135,0.9499,1.0185,1.0411,0.9817,0.9961,0.8022,0.6524,0.7381,0.8365,0.6459,0.8466,0.8696,0.6974,0.8025,0.8842,0.6859,0.7667,0.8240,0.8064,0.7873,0.7763,0.8509,0.8336,0.7725,0.7340,0.8266,0.7814,0.8161,0.7781,0.7952,0.7628,0.6713,0.7369,0.7260,0.6705,0.7681,0.6659,0.6682,0.6915,0.7285,0.7907,0.7696,0.7494,0.7460,0.8196,0.7914,0.7451,0.6950,0.7875,0.7391,0.7815,0.7509,0.7555,0.7173,0.6206,0.6899,0.6789,0.6235,0.7230,0.6247,0.6230,0.6431,0,0.6206,-3.8126,0.2856,-2.5528
38,0.0760,0.8517,-0.0638,0.9809,-3.8126,0.2856,-3.2983,0.0656,0.1904,0.0000,1.0268,1.0000,0.0000,0.0023,0.0001,-0.0001,-0.0046,0.0001,-0.0012,0.0007,-0.0045,0.0001,-0.0046,-0.0001,-0.0011,0.0014,-0.0014,0.0000,0.0145,-0.0009,-0.0005,0.0233,0.0003,0.0019,-0.0000,0.0146,0.0009,0.0004,0.0234,0.0003,0.0015,0.0000,0.0094,0.0029,-0.0081,0.0370,0.1166,0.0025,-0.0020,-0.1030,-0.0464,-0.0438,-0.0200,-0.0170,0.0015,-0.1022,-0.0260,-0.0424,-0.0296,-0.4554,-0.0046,0.3470,-0.0050,-0.0117,0.3807,0.0065,0.0339,-0.0004,0.3371,0.0289,0.0007,0.3542,0.0065,0.0396,0.0003,-1.0000,-1.0000,-1.0000,-1.0000,-1.0000,-1.0000,-1.0000,-1.0000,-1.0000,-1.0000,-1.0000,-1.0000,-1.0000,-1.0000,-1.0000,-1.0000,-1.0000,-1.0000,-1.0000,-1.0000,-1.0000,-1.0000,-1.0000,-1.0000,-1.0000,-1.0000,-1.0000,-1.0000,-1.0000,-1.0000,-1.0000,-1.0000,-1.0000,-1.0000,-1.0000,-1.0000,-1.0000,-1.0000,-1.0000,-1.0000,-1.0000,-1.0000,-1.0000,-1.0000,-1.0000,-1.0000,-1.0000,-1.0000,-1.0000,-1.0000,-1.0000,-1.0000,-1.0000,-1.0000,-1.0000,-1.0000,-1.0000,-1.0000,-1.0000,-1.0000,-1.0000,-1.0000,-1.0000,0.7887,0.7672,0.7466,0.7430,0.8157,0.7878,0.7416,0.6905,0.7831,0.7346,0.7767,0.7466,0.7504,0.7115,0.6153,0.6846,0.6730,0.6184,0.7174,0.6195,0.6170,0.6373,-1.0000,-1.0000,-1.0000,-1.0000,-1.0000,-1.0000,-1.0000,-1.0000,-1.0000,-1.0000,-1.0000,-1.0000,-1.0000,-1.0000,-1.0000,-1.0000,-1.0000,-1.0000,-1.0000,-1.0000,-1.0000,-1.0000,-1.0000,-1.0000,-1.0000,-1.0000,-1.0000,-1.0000,-1.0000,-1.0000,-1.0000,-1.0000,-1.0000,-1.0000,-1.0000,-1.0000,1.0139,0.9506,1.0187,1.0411,0.9822,0.9963,0.7967,0.6481,0.7357,0.8323,0.6410,0.8445,0.8660,0.6943,0.7973,0.8810,0.6823,0.7633,0.8217,0.8038,0.7842,0.7732,0.8469,0.8298,0.7688,0.7294,0.8221,0.7768,0.8112,0.7737,0.7900,0.7569,0.6660,0.7315,0.7201,0.6654,0.7626,0.6608,0.6623,0.6858,0.7252,0.7887,0.7672,0.7466,0.7430,0.8157,0.7878,0.7416,0.6905,0.7831,0.7346,0.7767,0.7466,0.7504,0.7115,0.6153,0.6846,0.6730,0.6184,0.7174,0.6195,0.6170,0.6373,0,0.6153,-3.8126,0.2856,-2.5528
38,0.0760,0.8517,-0.0638,0.9809,-3.8126,0.2856,-3.2983,0.0656,0.1904,0.0000,1.0268,1.0000,0.0000,0.0023,0.0001,-0.0001,-0.0046,0.0001,-0.0012,0.0007,-0.0045,0.0001,-0.0046,-0.0001,-0.0011,0.0014,-0.0014,0.0000,0.0145,-0.0009,-0.0005,0.0233,0.0003,0.0019,-0.0000,0.0146,0.0009,0.0004,0.0234,0.0003,0.0015,0.0000,0.0094,0.0029,-0.0081,0.0370,0.1166,0.0025,-0.0020,-0.1030,-0.0464,-0.0438,-0.0200,-0.0170,0.0015,-0.1022,-0.0260,-0.0424,-0.0296,-0.4554,-0.0046,0.3470,-0.0050,-0.0117,0.3807,0.0065,0.0339,-0.0004,0.3371,0.0289,0.0007,0.3542,0.0065,0.0396,0.0003,-1.0000,-1.0000,-1.0000,-1.0000,-1.0000,-1.0000,-1.0000,-1.0000,-1.0000,-1.0000,-1.0000,-1.0000,-1.0000,-1.0000,-1.0000,-1.0000,-1.0000,-1.0000,-1.0000,-1.0000,-1.0000,-1.0000,-1.0000,-1.0000,-1.0000,-1.0000,-1.0000,-1.0000,-1.0000,-1.0000,-1.0000,-1.0000,-1.0000,-1.0000,-1.0000,-1.0000,-1.0000,-1.0000,-1.0000,-1.0000,-1.0000,-1.0000,-1.0000,-1.0000,-1.0000,-1.0000,-1.0000,-1.0000,-1.0000,-1.0000,-1.0000,-1.0000,-1.0000,-1.0000,-1.0000,-1.0000,-1.0000,-1.0000,-1.0000,-1.0000,-1.0000,-1.0000,-1.0000,0.7887,0.7672,0.7466,0.7430,0.8157,0.7878,0.7416,0.6905,0.7831,0.7346,0.7767,0.7466,0.7504,0.7115,0.6153,0.6846,0.6730,0.6184,0.7174,0.6195,0.6170,0.6373,-1.0000,-1.0000,-1.0000,-1.0000,-1.0000,-1.0000,-1.0000,-1.0000,-1.0000,-1.0000,-1.0000,-1.0000,-1.0000,-1.0000,-1.0000,-1.0000,-1.0000,-1.0000,-1.0000,-1.0000,-1.0000,-1.0000,-1.0000,-1.0000,-1.0000,-1.0000,-1.0000,-1.0000,-1.0000,-1.0000,-1.0000,-1.0000,-1.0000,-1.0000,-1.0000,-1.0000,1.0139,0.9506,1.0187,1.0411,0.9822,0.9963,0.7967,0.6481,0.7357,0.8323,0.6410,0.8445,0.8660,0.6943,0.7973,0.8810,0.6823,0.7633,0.8217,0.8038,0.7842,0.7732,0.8469,0.8298,0.7688,0.7294,0.8221,0.7768,0.8112,0.7737,0.7900,0.7569,0.6660,0.7315,0.7201,0.6654,0.7626,0.6608,0.6623,0.6858,0.7252,0.7887,0.7672,0.7466,0.7430,0.8157,0.7878,0.7416,0.6905,0.7831,0.7346,0.7767,0.7466,0.7504,0.7115,0.6153,0.6846,0.6730,0.6184,0.7174,0.6195,0.6170,0.6373,0,0.6153,-3.8126,0.2856,-2.5528
39,0.0780,0.8441,-0.0632,0.9742,-3.8126,0.2856,-3.3180,0.0656,0.1904,0.0000,1.0268,1.0000,0.0001,0.0025,0.0001,-0.0001,-0.0048,-0.0000,-0.0012,0.0007,-0.0044,0.0001,-0.0048,-0.0001,-0.0012,0.0013,-0.0024,0.0000,0.0152,-0.0009,-0.0005,0.0241,0.0003,0.0020,-0.0000,0.0153,0.0010,0.0004,0.0241,0.0003,0.0016,0.0000,0.0096,0.0030,-0.0046,0.0373,0.1196,0.0023,-0.0021,-0.1077,-0.0495,-0.0437,0.0000,0.0381,0.0014,-0.0999,-0.0252,-0.0476,-0.0710,-0.4738,-0.0043,0.3527,-0.0051,-0.0112,0.3777,0.0067,0.0343,-0.0005,0.3429,0.0286,0.0008,0.3519,0.0068,0.0406,0.0003,-1.0000,-1.0000,-1.0000,-1.0000,-1.0000,-1.0000,-1.0000,-1.0000,-1.0000,-1.0000,-1.0000,-1.0000,-1.0000,-1.0000,-1.0000,-1.0000,-1.0000,-1.0000,-1.0000,-1.0000,-1.0000,-1.0000,-1.0000,-1.0000,-1.0000,-1.0000,-1.0000,-1.0000,-1.0000,-1.0000,-1.0000,-1.0000,-1.0000,-1.0000,-1.0000,-1.0000,-1.0000,-1.0000,-1.0000,-1.0000,-1.0000,-1.0000,-1.0000,-1.0000,-1.0000,-1.0000,-1.0000,-1.0000,-1.0000,-1.0000,-1.0000,-1.0000,-1.0000,-1.0000,-1.0000,-1.0000,-1.0000,-1.0000,-1.0000,-1.0000,-1.0000,-1.0000,-1.0000,0.7868,0.7649,0.7439,0.7401,0.8119,0.7844,0.7382,0.6860,0.7789,0.7303,0.7719,0.7425,0.7454,0.7058,0.6101,0.6794,0.6672,0.6135,0.7120,0.6145,0.6111,0.6317,-1.0000,-1.0000,-1.0000,-1.0000,-1.0000,-1.0000,-1.0000,-1.0000,-1.0000,-1.0000,-1.0000,-1.0000,-1.0000,-1.0000,-1.0000,-1.0000,-1.0000,-1.0000,-1.0000,-1.0000,-1.0000,-1.0000,-1.0000,-1.0000,-1.0000,-1.0000,-1.0000,-1.0000,-1.0000,-1.0000,-1.0000,-1.0000,-1.0000,-1.0000,-1.0000,-1.0000,1.0144,0.9515,1.0191,1.0411,0.9829,0.9966,0.7913,0.6439,0.7334,0.8281,0.6363,0.8426,0.8624,0.6914,0.7923,0.8778,0.6789,0.7600,0.8197,0.8013,0.7814,0.7702,0.8430,0.8262,0.7653,0.7248,0.8178,0.7724,0.8064,0.7695,0.7849,0.7512,0.6608,0.7263,0.7143,0.6604,0.7571,0.6557,0.6564,0.6801,0.7221,0.7868,0.7649,0.7439,0.7401,0.8119,0.7844,0.7382,0.6860,0.7789,0.7303,0.7719,0.7425,0.7454,0.7058,0.6101,0.6794,0.6672,0.6135,0.7120,0.6145,0.6111,0.6317,0,0.6101,-3.8126,0.2856,-2.5528
39,0.0780,0.8441,-0.0632,0.9742,-3.8126,0.2856,-3.3180,0.0656,0.1904,0.0000,1.0268,1.0000,0.0001,0.0025,0.0001,-0.0001,-0.0048,-0.0000,-0.0012,0.0007,-0.0044,0.0001,-0.0048,-0.0001,-0.0012,0.0013,-0.0024,0.0000,0.0152,-0.0009,-0.0005,0.0241,0.0003,0.0020,-0.0000,0.0153,0.0010,0.0004,0.0241,0.0003,0.0016,0.0000,0.0096,0.0030,-0.0046,0.0373,0.1196,0.0023,-0.0021,-0.1077,-0.0495,-0.0437,0.0000,0.0381,0.0014,-0.0999,-0.0252,-0.0476,-0.0710,-0.4738,-0.0043,0.3527,-0.0051,-0.0112,0.3777,0.0067,0.0343,-0.0005,0.3429,0.0286,0.0008,0.3519,0.0068,0.0406,0.0003,-1.0000,-1.0000,-1.0000,-1.0000,-1.0000,-1.0000,-1.0000,-1.0000,-1.0000,-1.0000,-1.0000,-1.0000,-1.0000,-1.0000,-1.0000,-1.0000,-1.0000,-1.0000,-1.0000,-1.0000,-1.0000,-1.0000,-1.0000,-1.0000,-1.0000,-1.0000,-1.0000,-1.0000,-1.0000,-1.0000,-1.0000,-1.0000,-1.0000,-1.0000,-1.0000,-1.0000,-1.0000,-1.0000,-1.0000,-1.0000,-1.0000,-1.0000,-1.0000,-1.0000,-1.0000,-1.0000,-1.0000,-1.0000,-1.0000,-1.0000,-1.0000,-1.0000,-1.0000,-1.0000,-1.0000,-1.0000,-1.0000,-1.0000,-1.0000,-1.0000,-1.0000,-1.0000,-1.0000,0.7868,0.7649,0.7439,0.7401,0.8119,0.7844,0.7382,0.6860,0.7789,0.7303,0.7719,0.7425,0.7454,0.7058,0.6101,0.6794,0.6672,0.6135,0.7120,0.6145,0.6111,0.6317,-1.0000,-1.0000,-1.0000,-1.0000,-1.0000,-1.0000,-1.0000,-1.0000,-1.0000,-1.0000,-1.0000,-1.0000,-1.0000,-1.0000,-1.0000,-1.0000,-1.0000,-1.0000,-1.0000,-1.0000,-1.0000,-1.0000,-1.0000,-1.0000,-1.0000,-1.0000,-1.0000,-1.0000,-1.0000,-1.0000,-1.0000,-1.0000,-1.0000,-1.0000,-1.0000,-1.0000,1.0144,0.9515,1.0191,1.0411,0.9829,0.9966,0.7913,0.6439,0.7334,0.8281,0.6363,0.8426,0.8624,0.6914,0.7923,0.8778,0.6789,0.7600,0.8197,0.8013,0.7814,0.7702,0.8430,0.8262,0.7653,0.7248,0.8178,0.7724,0.8064,0.7695,0.7849,0.7512,0.6608,0.7263,0.7143,0.6604,0.7571,0.6557,0.6564,0.6801,0.7221,0.7868,0.7649,0.7439,0.7401,0.8119,0.7844,0.7382,0.6860,0.7789,0.7303,0.7719,0.7425,0.7454,0.7058,0.6101,0.6794,0.6672,0.6135,0.7120,0.6145,0.6111,0.6317,0,0.6101,-3.8126,0.2856,-2.5528
40,0.0800,0.8364,-0.0627,0.9675,-3.8126,0.2856,-3.3376,0.0656,0.1904,0.0000,1.0268,1.0000,0.0001,0.0026,0.0001,-0.0001,-0.0050,-0.0001,-0.0013,0.0008,-0.0042,0.0001,-0.0050,-0.0002,-0.0013,0.0012,-0.0028,-0.0000,0.0159,-0.0009,-0.0005,0.0248,0.0003,0.0020,-0.0000,0.0160,0.0010,0.0004,0.0247,0.0003,0.0017,0.0000,0.0097,0.0029,-0.0029,0.0427,0.1220,0.0021,-0.0021,-0.1115,-0.0582,-0.0438,0.0174,0.0865,0.0012,-0.1032,-0.0430,-0.0482,-0.0578,-0.2344,-0.0046,0.3579,-0.0024,-0.0112,0.3730,0.0069,0.0346,-0.0005,0.3466,0.0309,0.0003,0.3445,0.0069,0.0415,0.0003,-1.0000,-1.0000,-1.0000,-1.0000,-1.0000,-1.0000,-1.0000,-1.0000,-1.0000,-1.0000,-1.0000,-1.0000,-1.0000,-1.0000,-1.0000,-1.0000,-1.0000,-1.0000,-1.0000,-1.0000,-1.0000,-1.0000,-1.0000,-1.0000,-1.0000,-1.0000,-1.0000,-1.0000,-1.0000,-1.0000,-1.0000,-1.0000,-1.0000,-1.0000,-1.0000,-1.0000,-1.0000,-1.0000,-1.0000,-1.0000,-1.0000,-1.0000,-1.0000,-1.0000,-1.0000,-1.0000,-1.0000,-1.0000,-1.0000,-1.0000,-1.0000,-1.0000,-1.0000,-1.0000,-1.0000,-1.0000,-1.0000,-1.0000,-1.0000,-1.0000,-1.0000,-1.0000,-1.0000,0.7851,0.7628,0.7414,0.7374,0.8083,0.7810,0.7349,0.6817,0.7748,0.7260,0.7673,0.7384,0.7405,0.7002,0.6050,0.6743,0.6616,0.6087,0.7067,0.6096,0.6053,0.6261,-1.0000,-1.0000,-1.0000,-1.0000,-1.0000,-1.0000,-1.0000,-1.0000,-1.0000,-1.0000,-1.0000,-1.0000,-1.0000,-1.0000,-1.0000,-1.0000,-1.0000,-1.0000,-1.0000,-1.0000,-1.0000,-1.0000,-1.0000,-1.0000,-1.0000,-1.0000,-1.0000,-1.0000,-1.0000,-1.0000,-1.0000,-1.0000,-1.0000,-1.0000,-1.0000,-1.0000,1.0151,0.9524,1.0196,1.0414,0.9838,0.9971,0.7861,0.6400,0.7313,0.8241,0.6318,0.8408,0.8590,0.6886,0.7873,0.8748,0.6756,0.7569,0.8177,0.7990,0.7786,0.7673,0.8392,0.8227,0.7619,0.7204,0.8135,0.7680,0.8017,0.7654,0.7800,0.7456,0.6556,0.7211,0.7087,0.6555,0.7517,0.6508,0.6506,0.6745,0.7191,0.7851,0.7628,0.7414,0.7374,0.8083,0.7810,0.7349,0.6817,0.7748,0.7260,0.7673,0.7384,0.7405,0.7002,0.6050,0.6743,0.6616,0.6087,0.7067,0.6096,0.6053,0.6261,0,0.6050,-3.8126,0.2856,-2.5528
41,0.0820,0.8288,-0.0621,0.9608,-3.8126,0.2856,-3.3572,0.0656,0.1904,0.0000,1.0268,1.0000,0.0002,0.0027,0.0001,-0.0001,-0.0052,-0.0003,-0.0014,0.0008,-0.0040,0.0001,-0.0052,-0.0003,-0.0014,0.0011,-0.0029,-0.0000,0.0167,-0.0009,-0.0005,0.0256,0.0003,0.0021,-0.0000,0.0167,0.0011,0.0004,0.0254,0.0003,0.0017,0.0000,0.0099,0.0028,-0.0019,0.0486,0.1242,0.0019,-0.0020,-0.1148,-0.0673,-0.0440,0.0319,0.1270,0.0011,-0.1061,-0.0605,-0.0488,-0.0464,-0.0187,-0.0049,0.3624,0.0004,-0.0112,0.3668,0.0070,0.0348,-0.0005,0.3495,0.0332,-0.0003,0.3353,0.0070,0.0422,0.0003,-1.0000,-1.0000,-1.0000,-1.0000,-1.0000,-1.0000,-1.0000,-1.0000,-1.0000,-1.0000,-1.0000,-1.0000,-1.0000,-1.0000,-1.0000,-1.0000,-1.0000,-1.0000,-1.0000,-1.0000,-1.0000,-1.0000,-1.0000,-1.0000,-1.0000,-1.0000,-1.0000,-1.0000,-1.0000,-1.0000,-1.0000,-1.0000,-1.0000,-1.0000,-1.0000,-1.0000,-1.0000,-1.0000,-1.0000,-1.0000,-1.0000,-1.0000,-1.0000,-1.0000,-1.0000,-1.0000,-1.0000,-1.0000,-1.0000,-1.0000,-1.0000,-1.0000,-1.0000,-1.0000,-1.0000,-1.0000,-1.0000,-1.0000,-1.0000,-1.0000,-1.0000,-1.0000,-1.0000,0.7835,0.7608,0.7390,0.7348,0.8048,0.7778,0.7318,0.6776,0.7708,0.7220,0.7628,0.7345,0.7358,0.6947,0.6000,0.6694,0.6560,0.6040,0.7015,0.6049,0.5996,0.6207,-1.0000,-1.0000,-1.0000,-1.0000,-1.0000,-1.0000,-1.0000,-1.0000,-1.0000,-1.0000,-1.0000,-1.0000,-1.0000,-1.0000,-1.0000,-1.0000,-1.0000,-1.0000,-1.0000,-1.0000,-1.0000,-1.0000,-1.0000,-1.0000,-1.0000,-1.0000,-1.0000,-1.0000,-1.0000,-1.0000,-1.0000,-1.0000,-1.0000,-1.0000,-1.0000,-1.0000,1.0159,0.9536,1.0202,1.0417,0.9848,0.9977,0.7809,0.6361,0.7294,0.8203,0.6273,0.8392,0.8557,0.6860,0.7825,0.8720,0.6725,0.7539,0.8159,0.7968,0.7760,0.7646,0.8355,0.8193,0.7586,0.7162,0.8094,0.7638,0.7971,0.7614,0.7751,0.7400,0.6506,0.7161,0.7031,0.6507,0.7465,0.6461,0.6450,0.6691,0.7163,0.7835,0.7608,0.7390,0.7348,0.8048,0.7778,0.7318,0.6776,0.7708,0.7220,0.7628,0.7345,0.7358,0.6947,0.6000,0.6694,0.6560,0.6040,0.7015,0.6049,0.5996,0.6207,0,0.5996,-3.8126,0.2856,-2.5528
41,0.0820,0.8288,-0.0621,0.9608,-3.8126,0.2856,-3.3572,0.0656,0.1904,0.0000,1.0268,1.0000,0.0002,0.0027,0.0001,-0.0001,-0.0052,-0.0003,-0.0014,0.0008,-0.0040,0.0001,-0.0052,-0.0003,-0.0014,0.0011,-0.0029,-0.0000,0.0167,-0.0009,-0.0005,0.0256,0.0003,0.0021,-0.0000,0.0167,0.0011,0.0004,0.0254,0.0003,0.0017,0.0000,0.0099,0.0028,-0.0019,0.0486,0.1242,0.0019,-0.0020,-0.1148,-0.0673,-0.0440,0.0319,0.1270,0.0011,-0.1061,-0.0605,-0.0488,-0.0464,-0.0187,-0.0049,0.3624,0.0004,-0.0112,0.3668,0.0070,0.0348,-0.0005,0.3495,0.0332,-0.0003,0.3353,0.0070,0.0422,0.0003,-1.0000,-1.0000,-1.0000,-1.0000,-1.0000,-1.0000,-1.0000,-1.0000,-1.0000,-1.0000,-1.0000,-1.0000,-1.0000,-1.0000,-1.0000,-1.0000,-1.0000,-1.0000,-1.0000,-1.0000,-1.0000,-1.0000,-1.0000,-1.0000,-1.0000,-1.0000,-1.0000,-1.0000,-1.0000,-1.0000,-1.0000,-1.0000,-1.0000,-1.0000,-1.0000,-1.0000,-1.0000,-1.0000,-1.0000,-1.0000,-1.0000,-1.0000,-1.0000,-1.0000,-1.0000,-1.0000,-1.0000,-1.0000,-1.0000,-1.0000,-1.0000,-1.0000,-1.0000,-1.0000,-1.0000,-1.0000,-1.0000,-1.0000,-1.0000,-1.0000,-1.0000,-1.0000,-1.0000,0.7835,0.7608,0.7390,0.7348,0.8048,0.7778,0.7318,0.6776,0.7708,0.7220,0.7628,0.7345,0.7358,0.6947,0.6000,0.6694,0.6560,0.6040,0.7015,0.6049,0.5996,0.6207,-1.0000,-1.0000,-1.0000,-1.0000,-1.0000,-1.0000,-1.0000,-1.0000,-1.0000,-1.0000,-1.0000,-1.0000,-1.0000,-1.0000,-1.0000,-1.0000,-1.0000,-1.0000,-1.0000,-1.0000,-1.0000,-1.0000,-1.0000,-1.0000,-1.0000,-1.0000,-1.0000,-1.0000,-1.0000,-1.0000,-1.0000,-1.0000,-1.0000,-1.0000,-1.0000,-1.0000,1.0159,0.9536,1.0202,1.0417,0.9848,0.9977,0.7809,0.6361,0.7294,0.8203,0.6273,0.8392,0.8557,0.6860,0.7825,0.8720,0.6725,0.7539,0.8159,0.7968,0.7760,0.7646,0.8355,0.8193,0.7586,0.7162,0.8094,0.7638,0.7971,0.7614,0.7751,0.7400,0.6506,0.7161,0.7031,0.6507,0.7465,0.6461,0.6450,0.6691,0.7163,0.7835,0.7608,0.7390,0.7348,0.8048,0.7778,0.7318,0.6776,0.7708,0.7220,0.7628,0.7345,0.7358,0.6947,0.6000,0.6694,0.6560,0.6040,0.7015,0.6049,0.5996,0.6207,0,0.5996,-3.8126,0.2856,-2.5528
42,0.0840,0.8212,-0.0615,0.9541,-3.8126,0.2856,-3.3768,0.0656,0.1904,0.0000,1.0268,1.0000,0.0002,0.0028,0.0001,-0.0001,-0.0055,-0.0004,-0.0015,0.0009,-0.0037,0.0001,-0.0055,-0.0004,-0.0015,0.0011,-0.0028,-0.0000,0.0174,-0.0009,-0.0005,0.0263,0.0003,0.0022,-0.0000,0.0174,0.0012,0.0004,0.0261,0.0003,0.0018,0.0000,0.0101,0.0023,0.0017,0.0398,0.1267,0.0017,-0.0020,-0.1181,-0.0574,-0.0444,0.0430,0.1529,0.0009,-0.1110,-0.0518,-0.0483,-0.0202,0.0342,-0.0035,0.3657,-0.0025,-0.0093,0.3592,0.0073,0.0351,-0.0005,0.3555,0.0298,0.0010,0.3352,0.0073,0.0433,0.0003,-1.0000,-1.0000,-1.0000,-1.0000,-1.0000,-1.0000,-1.0000,-1.0000,-1.0000,-1.0000,-1.0000,-1.0000,-1.0000,-1.0000,-1.0000,-1.0000,-1.0000,-1.0000,-1.0000,-1.0000,-1.0000,-1.0000,-1.0000,-1.0000,-1.0000,-1.0000,-1.0000,-1.0000,-1.0000,-1.0000,-1.0000,-1.0000,-1.0000,-1.0000,-1.0000,-1.0000,-1.0000,-1.0000,-1.0000,-1.0000,-1.0000,-1.0000,-1.0000,-1.0000,-1.0000,-1.0000,-1.0000,-1.0000,-1.0000,-1.0000,-1.0000,-1.0000,-1.0000,-1.0000,-1.0000,-1.0000,-1.0000,-1.0000,-1.0000,-1.0000,-1.0000,-1.0000,-1.0000,0.7821,0.7590,0.7367,0.7324,0.8014,0.7748,0.7288,0.6736,0.7670,0.7180,0.7585,0.7308,0.7311,0.6893,0.5952,0.6645,0.6506,0.5994,0.6964,0.6003,0.5941,0.6153,-1.0000,-1.0000,-1.0000,-1.0000,-1.0000,-1.0000,-1.0000,-1.0000,-1.0000,-1.0000,-1.0000,-1.0000,-1.0000,-1.0000,-1.0000,-1.0000,-1.0000,-1.0000,-1.0000,-1.0000,-1.0000,-1.0000,-1.0000,-1.0000,-1.0000,-1.0000,-1.0000,-1.0000,-1.0000,-1.0000,-1.0000,-1.0000,-1.0000,-1.0000,-1.0000,-1.0000,1.0168,0.9548,1.0210,1.0422,0.9859,0.9985,0.7758,0.6325,0.7276,0.8165,0.6231,0.8377,0.8525,0.6836,0.7778,0.8693,0.6695,0.7510,0.8143,0.7947,0.7736,0.7620,0.8320,0.8160,0.7555,0.7121,0.8054,0.7597,0.7926,0.7575,0.7704,0.7346,0.6458,0.7112,0.6976,0.6461,0.7413,0.6414,0.6395,0.6638,0.7136,0.7821,0.7590,0.7367,0.7324,0.8014,0.7748,0.7288,0.6736,0.7670,0.7180,0.7585,0.7308,0.7311,0.6893,0.5952,0.6645,0.6506,0.5994,0.6964,0.6003,0.5941,0.6153,0,0.5941,-3.8126,0.2856,-2.5528
42,0.0840,0.8212,-0.0615,0.9541,-3.8126,0.2856,-3.3768,0.0656,0.1904,0.0000,1.0268,1.0000,0.0002,0.0028,0.0001,-0.0001,-0.0055,-0.0004,-0.0015,0.0009,-0.0037,0.0001,-0.0055,-0.0004,-0.0015,0.0011,-0.0028,-0.0000,0.0174,-0.0009,-0.0005,0.0263,0.0003,0.0022,-0.0000,0.0174,0.0012,0.0004,0.0261,0.0003,0.0018,0.0000,0.0101,0.0023,0.0017,0.0398,0.1267,0.0017,-0.0020,-0.1181,-0.0574,-0.0444,0.0430,0.1529,0.0009,-0.1110,-0.0518,-0.0483,-0.0202,0.0342,-0.0035,0.3657,-0.0025,-0.0093,0.3592,0.0073,0.0351,-0.0005,0.3555,0.0298,0.0010,0.3352,0.0073,0.0433,0.0003,-1.0000,-1.0000,-1.0000,-1.0000,-1.0000,-1.0000,-1.0000,-1.0000,-1.0000,-1.0000,-1.0000,-1.0000,-1.0000,-1.0000,-1.0000,-1.0000,-1.0000,-1.0000,-1.0000,-1.0000,-1.0000,-1.0000,-1.0000,-1.0000,-1.0000,-1.0000,-1.0000,-1.0000,-1.0000,-1.0000,-1.0000,-1.0000,-1.0000,-1.0000,-1.0000,-1.0000,-1.0000,-1.0000,-1.0000,-1.0000,-1.0000,-1.0000,-1.0000,-1.0000,-1.0000,-1.0000,-1.0000,-1.0000,-1.0000,-1.0000,-1.0000,-1.0000,-1.0000,-1.0000,-1.0000,-1.0000,-1.0000,-1.0000,-1.0000,-1.0000,-1.0000,-1.0000,-1.0000,0.7821,0.7590,0.7367,0.7324,0.8014,0.7748,0.7288,0.6736,0.7670,0.7180,0.7585,0.7308,0.7311,0.6893,0.5952,0.6645,0.6506,0.5994,0.6964,0.6003,0.5941,0.6153,-1.0000,-1.0000,-1.0000,-1.0000,-1.0000,-1.0000,-1.0000,-1.0000,-1.0000,-1.0000,-1.0000,-1.0000,-1.0000,-1.0000,-1.0000,-1.0000,-1.0000,-1.0000,-1.0000,-1.0000,-1.0000,-1.0000,-1.0000,-1.0000,-1.0000,-1.0000,-1.0000,-1.0000,-1.0000,-1.0000,-1.0000,-1.0000,-1.0000,-1.0000,-1.0000,-1.0000,1.0168,0.9548,1.0210,1.0422,0.9859,0.9985,0.7758,0.6325,0.7276,0.8165,0.6231,0.8377,0.8525,0.6836,0.7778,0.8693,0.6695,0.7510,0.8143,0.7947,0.7736,0.7620,0.8320,0.8160,0.7555,0.7121,0.8054,0.7597,0.7926,0.7575,0.7704,0.7346,0.6458,0.7112,0.6976,0.6461,0.7413,0.6414,0.6395,0.6638,0.7136,0.7821,0.7590,0.7367,0.7324,0.8014,0.7748,0.7288,0.6736,0.7670,0.7180,0.7585,0.7308,0.7311,0.6893,0.5952,0.6645,0.6506,0.5994,0.6964,0.6003,0.5941,0.6153,0,0.5941,-3.8126,0.2856,-2.5528
43,0.0860,0.8136,-0.0609,0.9473,-3.8126,0.2856,-3.3964,0.0656,0.1905,0.0001,1.0268,1.0000,0.0002,0.0030,0.0001,-0.0001,-0.0057,-0.0005,-0.0016,0.0010,-0.0033,0.0001,-0.0057,-0.0005,-0.0016,0.0011,-0.0026,-0.0000,0.0181,-0.0009,-0.0006,0.0270,0.0003,0.0022,-0.0000,0.0181,0.0012,0.0004,0.0268,0.0003,0.0019,0.0000,0.0103,0.0017,0.0046,0.0319,0.1290,0.0015,-0.0020,-0.1210,-0.0485,-0.0448,0.0522,0.1735,0.0007,-0.1152,-0.0440,-0.0481,0.0017,0.0775,-0.0023,0.3683,-0.0049,-0.0076,0.3504,0.0075,0.0352,-0.0005,0.3605,0.0269,0.0021,0.3329,0.0076,0.0443,0.0004,-1.0000,-1.0000,-1.0000,-1.0000,-1.0000,-1.0000,-1.0000,-1.0000,-1.0000,-1.0000,-1.0000,-1.0000,-1.0000,-1.0000,-1.0000,-1.0000,-1.0000,-1.0000,-1.0000,-1.0000,-1.0000,-1.0000,-1.0000,-1.0000,-1.0000,-1.0000,-1.0000,-1.0000,-1.0000,-1.0000,-1.0000,-1.0000,-1.0000,-1.0000,-1.0000,-1.0000,-1.0000,-1.0000,-1.0000,-1.0000,-1.0000,-1.0000,-1.0000,-1.0000,-1.0000,-1.0000,-1.0000,-1.0000,-1.0000,-1.0000,-1.0000,-1.0000,-1.0000,-1.0000,-1.0000,-1.0000,-1.0000,-1.0000,-1.0000,-1.0000,-1.0000,-1.0000,-1.0000,0.7809,0.7573,0.7346,0.7302,0.7981,0.7719,0.7260,0.6697,0.7633,0.7142,0.7543,0.7272,0.7266,0.6840,0.5905,0.6598,0.6453,0.5950,0.6915,0.5959,0.5887,0.6102,-1.0000,-1.0000,-1.0000,-1.0000,-1.0000,-1.0000,-1.0000,-1.0000,-1.0000,-1.0000,-1.0000,-1.0000,-1.0000,-1.0000,-1.0000,-1.0000,-1.0000,-1.0000,-1.0000,-1.0000,-1.0000,-1.0000,-1.0000,-1.0000,-1.0000,-1.0000,-1.0000,-1.0000,-1.0000,-1.0000,-1.0000,-1.0000,-1.0000,-1.0000,-1.0000,-1.0000,1.0179,0.9563,1.0219,1.0428,0.9872,0.9994,0.7709,0.6290,0.7260,0.8129,0.6190,0.8364,0.8494,0.6813,0.7732,0.8667,0.6667,0.7483,0.8128,0.7928,0.7712,0.7596,0.8286,0.8129,0.7526,0.7081,0.8015,0.7558,0.7883,0.7538,0.7658,0.7293,0.6410,0.7064,0.6923,0.6417,0.7363,0.6369,0.6340,0.6585,0.7111,0.7809,0.7573,0.7346,0.7302,0.7981,0.7719,0.7260,0.6697,0.7633,0.7142,0.7543,0.7272,0.7266,0.6840,0.5905,0.6598,0.6453,0.5950,0.6915,0.5959,0.5887,0.6102,0,0.5887,-3.8126,0.2856,-2.5528
44,0.0880,0.8059,-0.0604,0.9405,-3.8126,0.2856,-3.4161,0.0656,0.1905,0.0001,1.0268,1.0000,0.0003,0.0031,0.0001,-0.0001,-0.0060,-0.0006,-0.0017,0.0012,-0.0029,0.0001,-0.0059,-0.0006,-0.0017,0.0011,-0.0024,-0.0000,0.0189,-0.0009,-0.0006,0.0277,0.0003,0.0023,-0.0000,0.0189,0.0013,0.0004,0.0274,0.0003,0.0020,0.0000,0.0105,0.0013,0.0069,0.0251,0.1311,0.0014,-0.0020,-0.1235,-0.0407,-0.0453,0.0597,0.1895,0.0005,-0.1188,-0.0370,-0.0480,0.0198,0.1126,-0.0012,0.3705,-0.0069,-0.0061,0.3406,0.0077,0.0354,-0.0005,0.3648,0.0242,0.0029,0.3288,0.0079,0.0431,0.0004,-1.0000,-1.0000,-1.0000,-1.0000,-1.0000,-1.0000,-1.0000,-1.0000,-1.0000,-1.0000,-1.0000,-1.0000,-1.0000,-1.0000,-1.0000,-1.0000,-1.0000,-1.0000,-1.0000,-1.0000,-1.0000,-1.0000,-1.0000,-1.0000,-1.0000,-1.0000,-1.0000,-1.0000,-1.0000,-1.0000,-1.0000,-1.0000,-1.0000,-1.0000,-1.0000,-1.0000,-1.0000,-1.0000,-1.0000,-1.0000,-1.0000,-1.0000,-1.0000,-1.0000,-1.0000,-1.0000,-1.0000,-1.0000,-1.0000,-1.0000,-1.0000,-1.0000,-1.0000,-1.0000,-1.0000,-1.0000,-1.0000,-1.0000,-1.0000,-1.0000,-1.0000,-1.0000,-1.0000,0.7798,0.7558,0.7327,0.7281,0.7950,0.7691,0.7233,0.6660,0.7597,0.7105,0.7502,0.7237,0.7222,0.6789,0.5860,0.6553,0.6401,0.5908,0.6867,0.5916,0.5834,0.6051,-1.0000,-1.0000,-1.0000,-1.0000,-1.0000,-1.0000,-1.0000,-1.0000,-1.0000,-1.0000,-1.0000,-1.0000,-1.0000,-1.0000,-1.0000,-1.0000,-1.0000,-1.0000,-1.0000,-1.0000,-1.0000,-1.0000,-1.0000,-1.0000,-1.0000,-1.0000,-1.0000,-1.0000,-1.0000,-1.0000,-1.0000,-1.0000,-1.0000,-1.0000,-1.0000,-1.0000,1.0191,0.9578,1.0230,1.0436,0.9886,1.0004,0.7661,0.6256,0.7245,0.8094,0.6150,0.8352,0.8465,0.6792,0.7688,0.8642,0.6640,0.7458,0.8115,0.7911,0.7691,0.7573,0.8253,0.8099,0.7498,0.7042,0.7978,0.7519,0.7840,0.7502,0.7613,0.7241,0.6364,0.7017,0.6871,0.6373,0.7314,0.6325,0.6287,0.6534,0.7088,0.7798,0.7558,0.7327,0.7281,0.7950,0.7691,0.7233,0.6660,0.7597,0.7105,0.7502,0.7237,0.7222,0.6789,0.5860,0.6553,0.6401,0.5908,0.6867,0.5916,0.5834,0.6051,0,0.5834,-3.8126,0.2856,-2.5528
44,0.0880,0.8059,-0.0604,0.9405,-3.8126,0.2856,-3.4161,0.0656,0.1905,0.0001,1.0268,1.0000,0.0003,0.0031,0.0001,-0.0001,-0.0060,-0.0006,-0.0017,0.0012,-0.0029,0.0001,-0.0059,-0.0006,-0.0017,0.0011,-0.0024,-0.0000,0.0189,-0.0009,-0.0006,0.0277,0.0003,0.0023,-0.0000,0.0189,0.0013,0.0004,0.0274,0.0003,0.0020,0.0000,0.0105,0.0013,0.0069,0.0251,0.1311,0.0014,-0.0020,-0.1235,-0.0407,-0.0453,0.0597,0.1895,0.0005,-0.1188,-0.0370,-0.0480,0.0198,0.1126,-0.0012,0.3705,-0.0069,-0.0061,0.3406,0.0077,0.0354,-0.0005,0.3648,0.0242,0.0029,0.3288,0.0079,0.0431,0.0004,-1.0000,-1.0000,-1.0000,-1.0000,-1.0000,-1.0000,-1.0000,-1.0000,-1.0000,-1.0000,-1.0000,-1.0000,-1.0000,-1.0000,-1.0000,-1.0000,-1.0000,-1.0000,-1.0000,-1.0000,-1.0000,-1.0000,-1.0000,-1.0000,-1.0000,-1.0000,-1.0000,-1.0000,-1.0000,-1.0000,-1.0000,-1.0000,-1.0000,-1.0000,-1.0000,-1.0000,-1.0000,-1.0000,-1.0000,-1.0000,-1.0000,-1.0000,-1.0000,-1.0000,-1.0000,-1.0000,-1.0000,-1.0000,-1.0000,-1.0000,-1.0000,-1.0000,-1.0000,-1.0000,-1.0000,-1.0000,-1.0000,-1.0000,-1.0000,-1.0000,-1.0000,-1.0000,-1.0000,0.7798,0.7558,0.7327,0.7281,0.7950,0.7691,0.7233,0.6660,0.7597,0.7105,0.7502,0.7237,0.7222,0.6789,0.5860,0.6553,0.6401,0.5908,0.6867,0.5916,0.5834,0.6051,-1.0000,-1.0000,-1.0000,-1.0000,-1.0000,-1.0000,-1.0000,-1.0000,-1.0000,-1.0000,-1.0000,-1.0000,-1.0000,-1.0000,-1.0000,-1.0000,-1.0000,-1.0000,-1.0000,-1.0000,-1.0000,-1.0000,-1.0000,-1.0000,-1.0000,-1.0000,-1.0000,-1.0000,-1.0000,-1.0000,-1.0000,-1.0000,-1.0000,-1.0000,-1.0000,-1.0000,1.0191,0.9578,1.0230,1.0436,0.9886,1.0004,0.7661,0.6256,0.7245,0.8094,0.6150,0.8352,0.8465,0.6792,0.7688,0.8642,0.6640,0.7458,0.8115,0.7911,0.7691,0.7573,0.8253,0.8099,0.7498,0.7042,0.7978,0.7519,0.7840,0.7502,0.7613,0.7241,0.6364,0.7017,0.6871,0.6373,0.7314,0.6325,0.6287,0.6534,0.7088,0.7798,0.7558,0.7327,0.7281,0.7950,0.7691,0.7233,0.6660,0.7597,0.7105,0.7502,0.7237,0.7222,0.6789,0.5860,0.6553,0.6401,0.5908,0.6867,0.5916,0.5834,0.6051,0,0.5834,-3.8126,0.2856,-2.5528
45,0.0900,0.7983,-0.0598,0.9336,-3.8126,0.2856,-3.4357,0.0656,0.1905,0.0001,1.0268,1.0000,0.0003,0.0032,0.0001,-0.0001,-0.0062,-0.0006,-0.0018,0.0013,-0.0025,0.0001,-0.0062,-0.0007,-0.0018,0.0012,-0.0021,-0.0000,0.0196,-0.0010,-0.0006,0.0283,0.0004,0.0024,-0.0000,0.0196,0.0013,0.0004,0.0281,0.0004,0.0021,0.0000,0.0107,0.0008,0.0087,0.0191,0.1330,0.0012,-0.0020,-0.1257,-0.0337,-0.0458,0.0658,0.2016,0.0004,-0.1219,-0.0308,-0.0481,0.0347,0.1405,-0.0003,0.3721,-0.0085,-0.0048,0.3300,0.0079,0.0355,-0.0005,0.3682,0.0218,0.0036,0.3231,0.0081,0.0418,0.0004,-1.0000,-1.0000,-1.0000,-1.0000,-1.0000,-1.0000,-1.0000,-1.0000,-1.0000,-1.0000,-1.0000,-1.0000,-1.0000,-1.0000,-1.0000,-1.0000,-1.0000,-1.0000,-1.0000,-1.0000,-1.0000,-1.0000,-1.0000,-1.0000,-1.0000,-1.0000,-1.0000,-1.0000,-1.0000,-1.0000,-1.0000,-1.0000,-1.0000,-1.0000,-1.0000,-1.0000,-1.0000,-1.0000,-1.0000,-1.0000,-1.0000,-1.0000,-1.0000,-1.0000,-1.0000,-1.0000,-1.0000,-1.0000,-1.0000,-1.0000,-1.0000,-1.0000,-1.0000,-1.0000,-1.0000,-1.0000,-1.0000,-1.0000,-1.0000,-1.0000,-1.0000,-1.0000,-1.0000,0.7789,0.7545,0.7310,0.7262,0.7921,0.7665,0.7208,0.6624,0.7563,0.7070,0.7462,0.7204,0.7180,0.6739,0.5816,0.6509,0.6351,0.5867,0.6820,0.5875,0.5782,0.6002,-1.0000,-1.0000,-1.0000,-1.0000,-1.0000,-1.0000,-1.0000,-1.0000,-1.0000,-1.0000,-1.0000,-1.0000,-1.0000,-1.0000,-1.0000,-1.0000,-1.0000,-1.0000,-1.0000,-1.0000,-1.0000,-1.0000,-1.0000,-1.0000,-1.0000,-1.0000,-1.0000,-1.0000,-1.0000,-1.0000,-1.0000,-1.0000,-1.0000,-1.0000,-1.0000,-1.0000,1.0204,0.9595,1.0242,1.0445,0.9902,1.0016,0.7614,0.6225,0.7233,0.8061,0.6112,0.8342,0.8438,0.6773,0.7645,0.8619,0.6616,0.7434,0.8103,0.7895,0.7671,0.7552,0.8222,0.8071,0.7471,0.7005,0.7942,0.7482,0.7799,0.7467,0.7569,0.7190,0.6320,0.6972,0.6819,0.6331,0.7266,0.6283,0.6236,0.6485,0.7066,0.7789,0.7545,0.7310,0.7262,0.7921,0.7665,0.7208,0.6624,0.7563,0.7070,0.7462,0.7204,0.7180,0.6739,0.5816,0.6509,0.6351,0.5867,0.6820,0.5875,0.5782,0.6002,0,0.5782,-3.8126,0.2856,-2.5528
46,0.0920,0.7907,-0.0592,0.9267,-3.8126,0.2856,-3.4553,0.0656,0.1905,0.0001,1.0268,1.0000,0.0003,0.0034,0.0001,-0.0001,-0.0065,-0.0007,-0.0019,0.0014,-0.0021,0.0001,-0.0064,-0.0008,-0.0018,0.0015,-0.0019,-0.0000,0.0204,-0.0010,-0.0006,0.0290,0.0004,0.0025,-0.0000,0.0203,0.0014,0.0004,0.0287,0.0004,0.0022,0.0000,0.0109,0.0018,0.0049,0.0399,0.1331,0.0015,-0.0020,-0.1257,-0.0607,-0.0467,0.0723,0.2231,0.0005,-0.1393,-0.0564,-0.0355,0.1898,0.1339,-0.0028,0.3744,-0.0008,-0.0066,0.3195,0.0080,0.0356,-0.0005,0.3646,0.0282,0.0007,0.2988,0.0081,0.0399,0.0003,-1.0000,-1.0000,-1.0000,-1.0000,-1.0000,-1.0000,-1.0000,-1.0000,-1.0000,-1.0000,-1.0000,-1.0000,-1.0000,-1.0000,-1.0000,-1.0000,-1.0000,-1.0000,-1.0000,-1.0000,-1.0000,-1.0000,-1.0000,-1.0000,-1.0000,-1.0000,-1.0000,-1.0000,-1.0000,-1.0000,-1.0000,-1.0000,-1.0000,-1.0000,-1.0000,-1.0000,-1.0000,-1.0000,-1.0000,-1.0000,-1.0000,-1.0000,-1.0000,-1.0000,-1.0000,-1.0000,-1.0000,-1.0000,-1.0000,-1.0000,-1.0000,-1.0000,-1.0000,-1.0000,-1.0000,-1.0000,-1.0000,-1.0000,-1.0000,-1.0000,-1.0000,-1.0000,-1.0000,0.7781,0.7533,0.7294,0.7244,0.7893,0.7640,0.7185,0.6590,0.7530,0.7036,0.7424,0.7172,0.7139,0.6690,0.5774,0.6466,0.6302,0.5828,0.6774,0.5835,0.5732,0.5954,-1.0000,-1.0000,-1.0000,-1.0000,-1.0000,-1.0000,-1.0000,-1.0000,-1.0000,-1.0000,-1.0000,-1.0000,-1.0000,-1.0000,-1.0000,-1.0000,-1.0000,-1.0000,-1.0000,-1.0000,-1.0000,-1.0000,-1.0000,-1.0000,-1.0000,-1.0000,-1.0000,-1.0000,-1.0000,-1.0000,-1.0000,-1.0000,-1.0000,-1.0000,-1.0000,-1.0000,1.0219,0.9614,1.0255,1.0455,0.9918,1.0029,0.7569,0.6195,0.7222,0.8029,0.6076,0.8333,0.8411,0.6755,0.7603,0.8598,0.6593,0.7411,0.8093,0.7880,0.7653,0.7532,0.8192,0.8044,0.7446,0.6969,0.7907,0.7447,0.7760,0.7435,0.7526,0.7140,0.6276,0.6928,0.6769,0.6291,0.7219,0.6243,0.6185,0.6436,0.7046,0.7781,0.7533,0.7294,0.7244,0.7893,0.7640,0.7185,0.6590,0.7530,0.7036,0.7424,0.7172,0.7139,0.6690,0.5774,0.6466,0.6302,0.5828,0.6774,0.5835,0.5732,0.5954,0,0.5732,-3.8126,0.2856,-2.5528
46,0.0920,0.7907,-0.0592,0.9267,-3.8126,0.2856,-3.4553,0.0656,0.1905,0.0001,1.0268,1.0000,0.0003,0.0034,0.0001,-0.0001,-0.0065,-0.0007,-0.0019,0.0014,-0.0021,0.0001,-0.0064,-0.0008,-0.0018,0.0015,-0.0019,-0.0000,0.0204,-0.0010,-0.0006,0.0290,0.0004,0.0025,-0.0000,0.0203,0.0014,0.0004,0.0287,0.0004,0.0022,0.0000,0.0109,0.0018,0.0049,0.0399,0.1331,0.0015,-0.0020,-0.1257,-0.0607,-0.0467,0.0723,0.2231,0.0005,-0.1393,-0.0564,-0.0355,0.1898,0.1339,-0.0028,0.3744,-0.0008,-0.0066,0.3195,0.0080,0.0356,-0.0005,0.3646,0.0282,0.0007,0.2988,0.0081,0.0399,0.0003,-1.0000,-1.0000,-1.0000,-1.0000,-1.0000,-1.0000,-1.0000,-1.0000,-1.0000,-1.0000,-1.0000,-1.0000,-1.0000,-1.0000,-1.0000,-1.0000,-1.0000,-1.0000,-1.0000,-1.0000,-1.0000,-1.0000,-1.0000,-1.0000,-1.0000,-1.0000,-1.0000,-1.0000,-1.0000,-1.0000,-1.0000,-1.0000,-1.0000,-1.0000,-1.0000,-1.0000,-1.0000,-1.0000,-1.0000,-1.0000,-1.0000,-1.0000,-1.0000,-1.0000,-1.0000,-1.0000,-1.0000,-1.0000,-1.0000,-1.0000,-1.0000,-1.0000,-1.0000,-1.0000,-1.0000,-1.0000,-1.0000,-1.0000,-1.0000,-1.0000,-1.0000,-1.0000,-1.0000,0.7781,0.7533,0.7294,0.7244,0.7893,0.7640,0.7185,0.6590,0.7530,0.7036,0.7424,0.7172,0.7139,0.6690,0.5774,0.6466,0.6302,0.5828,0.6774,0.5835,0.5732,0.5954,-1.0000,-1.0000,-1.0000,-1.0000,-1.0000,-1.0000,-1.0000,-1.0000,-1.0000,-1.0000,-1.0000,-1.0000,-1.0000,-1.0000,-1.0000,-1.0000,-1.0000,-1.0000,-1.0000,-1.0000,-1.0000,-1.0000,-1.0000,-1.0000,-1.0000,-1.0000,-1.0000,-1.0000,-1.0000,-1.0000,-1.0000,-1.0000,-1.0000,-1.0000,-1.0000,-1.0000,1.0219,0.9614,1.0255,1.0455,0.9918,1.0029,0.7569,0.6195,0.7222,0.8029,0.6076,0.8333,0.8411,0.6755,0.7603,0.8598,0.6593,0.7411,0.8093,0.7880,0.7653,0.7532,0.8192,0.8044,0.7446,0.6969,0.7907,0.7447,0.7760,0.7435,0.7526,0.7140,0.6276,0.6928,0.6769,0.6291,0.7219,0.6243,0.6185,0.6436,0.7046,0.7781,0.7533,0.7294,0.7244,0.7893,0.7640,0.7185,0.6590,0.7530,0.7036,0.7424,0.7172,0.7139,0.6690,0.5774,0.6466,0.6302,0.5828,0.6774,0.5835,0.5732,0.5954,0,0.5732,-3.8126,0.2856,-2.5528
47,0.0940,0.7831,-0.0587,0.9197,-3.8126,0.2856,-3.4749,0.0656,0.1906,0.0001,1.0269,1.0000,0.0004,0.0035,0.0001,-0.0001,-0.0067,-0.0008,-0.0020,0.0016,-0.0016,0.0001,-0.0067,-0.0009,-0.0019,0.0019,-0.0016,-0.0000,0.0211,-0.0010,-0.0006,0.0296,0.0004,0.0025,-0.0000,0.0211,0.0014,0.0004,0.0292,0.0004,0.0022,0.0000,0.0111,0.0013,0.0069,0.0313,0.1348,0.0015,-0.0021,-0.1274,-0.0500,-0.0473,0.0757,0.2263,0.0004,-0.1386,-0.0468,-0.0380,0.1708,0.1606,-0.0016,0.3749,-0.0034,-0.0048,0.3078,0.0082,0.0356,-0.0005,0.3678,0.0247,0.0018,0.2942,0.0083,0.0387,0.0004,-1.0000,-1.0000,-1.0000,-1.0000,-1.0000,-1.0000,-1.0000,-1.0000,-1.0000,-1.0000,-1.0000,-1.0000,-1.0000,-1.0000,-1.0000,-1.0000,-1.0000,-1.0000,-1.0000,-1.0000,-1.0000,-1.0000,-1.0000,-1.0000,-1.0000,-1.0000,-1.0000,-1.0000,-1.0000,-1.0000,-1.0000,-1.0000,-1.0000,-1.0000,-1.0000,-1.0000,-1.0000,-1.0000,-1.0000,-1.0000,-1.0000,-1.0000,-1.0000,-1.0000,-1.0000,-1.0000,-1.0000,-1.0000,-1.0000,-1.0000,-1.0000,-1.0000,-1.0000,-1.0000,-1.0000,-1.0000,-1.0000,-1.0000,-1.0000,-1.0000,-1.0000,-1.0000,-1.0000,0.7775,0.7523,0.7279,0.7228,0.7866,0.7617,0.7163,0.6558,0.7499,0.7004,0.7387,0.7142,0.7099,0.6642,0.5733,0.6424,0.6254,0.5791,0.6730,0.5797,0.5683,0.5908,-1.0000,-1.0000,-1.0000,-1.0000,-1.0000,-1.0000,-1.0000,-1.0000,-1.0000,-1.0000,-1.0000,-1.0000,-1.0000,-1.0000,-1.0000,-1.0000,-1.0000,-1.0000,-1.0000,-1.0000,-1.0000,-1.0000,-1.0000,-1.0000,-1.0000,-1.0000,-1.0000,-1.0000,-1.0000,-1.0000,-1.0000,-1.0000,-1.0000,-1.0000,-1.0000,-1.0000,1.0236,0.9634,1.0270,1.0466,0.9937,1.0044,0.7524,0.6167,0.7213,0.7998,0.6042,0.8326,0.8387,0.6739,0.7562,0.8577,0.6572,0.7390,0.8084,0.7868,0.7636,0.7514,0.8164,0.8018,0.7423,0.6935,0.7874,0.7413,0.7722,0.7403,0.7485,0.7091,0.6234,0.6885,0.6721,0.6252,0.7173,0.6204,0.6136,0.6389,0.7027,0.7775,0.7523,0.7279,0.7228,0.7866,0.7617,0.7163,0.6558,0.7499,0.7004,0.7387,0.7142,0.7099,0.6642,0.5733,0.6424,0.6254,0.5791,0.6730,0.5797,0.5683,0.5908,0,0.5683,-3.8126,0.2856,-2.5528
48,0.0960,0.7754,-0.0581,0.9127,-3.8126,0.2856,-3.4945,0.0656,0.1906,0.0001,1.0269,1.0000,0.0004,0.0036,0.0001,-0.0001,-0.0070,-0.0009,-0.0021,0.0017,-0.0012,0.0001,-0.0070,-0.0009,-0.0020,0.0021,-0.0013,-0.0000,0.0219,-0.0010,-0.0006,0.0302,0.0004,0.0026,-0.0000,0.0218,0.0014,0.0004,0.0298,0.0004,0.0023,0.0000,0.0112,0.0011,0.0077,0.0276,0.1364,0.0014,-0.0021,-0.1290,-0.0455,-0.0479,0.0785,0.2291,0.0005,-0.1344,-0.0396,-0.0429,0.1225,0.1076,-0.0010,0.3752,-0.0044,-0.0036,0.2956,0.0084,0.0357,-0.0005,0.3693,0.0225,0.0022,0.2856,0.0086,0.0374,0.0004,-1.0000,-1.0000,-1.0000,-1.0000,-1.0000,-1.0000,-1.0000,-1.0000,-1.0000,-1.0000,-1.0000,-1.0000,-1.0000,-1.0000,-1.0000,-1.0000,-1.0000,-1.0000,-1.0000,-1.0000,-1.0000,-1.0000,-1.0000,-1.0000,-1.0000,-1.0000,-1.0000,-1.0000,-1.0000,-1.0000,-1.0000,-1.0000,-1.0000,-1.0000,-1.0000,-1.0000,-1.0000,-1.0000,-1.0000,-1.0000,-1.0000,-1.0000,-1.0000,-1.0000,-1.0000,-1.0000,-1.0000,-1.0000,-1.0000,-1.0000,-1.0000,-1.0000,-1.0000,-1.0000,-1.0000,-1.0000,-1.0000,-1.0000,-1.0000,-1.0000,-1.0000,-1.0000,-1.0000,0.7770,0.7514,0.7267,0.7214,0.7841,0.7596,0.7143,0.6527,0.7469,0.6973,0.7351,0.7113,0.7061,0.6596,0.5694,0.6384,0.6207,0.5755,0.6687,0.5761,0.5636,0.5863,-1.0000,-1.0000,-1.0000,-1.0000,-1.0000,-1.0000,-1.0000,-1.0000,-1.0000,-1.0000,-1.0000,-1.0000,-1.0000,-1.0000,-1.0000,-1.0000,-1.0000,-1.0000,-1.0000,-1.0000,-1.0000,-1.0000,-1.0000,-1.0000,-1.0000,-1.0000,-1.0000,-1.0000,-1.0000,-1.0000,-1.0000,-1.0000,-1.0000,-1.0000,-1.0000,-1.0000,1.0253,0.9655,1.0286,1.0479,0.9956,1.0060,0.7482,0.6140,0.7205,0.7969,0.6009,0.8320,0.8363,0.6726,0.7523,0.8559,0.6552,0.7371,0.8077,0.7856,0.7620,0.7498,0.8137,0.7994,0.7401,0.6903,0.7842,0.7380,0.7685,0.7373,0.7446,0.7044,0.6194,0.6844,0.6673,0.6215,0.7129,0.6166,0.6088,0.6343,0.7010,0.7770,0.7514,0.7267,0.7214,0.7841,0.7596,0.7143,0.6527,0.7469,0.6973,0.7351,0.7113,0.7061,0.6596,0.5694,0.6384,0.6207,0.5755,0.6687,0.5761,0.5636,0.5863,0,0.5636,-3.8126,0.2856,-2.5528
48,0.0960,0.7754,-0.0581,0.9127,-3.8126,0.2856,-3.4945,0.0656,0.1906,0.0001,1.0269,1.0000,0.0004,0.0036,0.0001,-0.0001,-0.0070,-0.0009,-0.0021,0.0017,-0.0012,0.0001,-0.0070,-0.0009,-0.0020,0.0021,-0.0013,-0.0000,0.0219,-0.0010,-0.0006,0.0302,0.0004,0.0026,-0.0000,0.0218,0.0014,0.0004,0.0298,0.0004,0.0023,0.0000,0.0112,0.0011,0.0077,0.0276,0.1364,0.0014,-0.0021,-0.1290,-0.0455,-0.0479,0.0785,0.2291,0.0005,-0.1344,-0.0396,-0.0429,0.1225,0.1076,-0.0010,0.3752,-0.0044,-0.0036,0.2956,0.0084,0.0357,-0.0005,0.3693,0.0225,0.0022,0.2856,0.0086,0.0374,0.0004,-1.0000,-1.0000,-1.0000,-1.0000,-1.0000,-1.0000,-1.0000,-1.0000,-1.0000,-1.0000,-1.0000,-1.0000,-1.0000,-1.0000,-1.0000,-1.0000,-1.0000,-1.0000,-1.0000,-1.0000,-1.0000,-1.0000,-1.0000,-1.0000,-1.0000,-1.0000,-1.0000,-1.0000,-1.0000,-1.0000,-1.0000,-1.0000,-1.0000,-1.0000,-1.0000,-1.0000,-1.0000,-1.0000,-1.0000,-1.0000,-1.0000,-1.0000,-1.0000,-1.0000,-1.0000,-1.0000,-1.0000,-1.0000,-1.0000,-1.0000,-1.0000,-1.0000,-1.0000,-1.0000,-1.0000,-1.0000,-1.0000,-1.0000,-1.0000,-1.0000,-1.0000,-1.0000,-1.0000,0.7770,0.7514,0.7267,0.7214,0.7841,0.7596,0.7143,0.6527,0.7469,0.6973,0.7351,0.7113,0.7061,0.6596,0.5694,0.6384,0.6207,0.5755,0.6687,0.5761,0.5636,0.5863,-1.0000,-1.0000,-1.0000,-1.0000,-1.0000,-1.0000,-1.0000,-1.0000,-1.0000,-1.0000,-1.0000,-1.0000,-1.0000,-1.0000,-1.0000,-1.0000,-1.0000,-1.0000,-1.0000,-1.0000,-1.0000,-1.0000,-1.0000,-1.0000,-1.0000,-1.0000,-1.0000,-1.0000,-1.0000,-1.0000,-1.0000,-1.0000,-1.0000,-1.0000,-1.0000,-1.0000,1.0253,0.9655,1.0286,1.0479,0.9956,1.0060,0.7482,0.6140,0.7205,0.7969,0.6009,0.8320,0.8363,0.6726,0.7523,0.8559,0.6552,0.7371,0.8077,0.7856,0.7620,0.7498,0.8137,0.7994,0.7401,0.6903,0.7842,0.7380,0.7685,0.7373,0.7446,0.7044,0.6194,0.6844,0.6673,0.6215,0.7129,0.6166,0.6088,0.6343,0.7010,0.7770,0.7514,0.7267,0.7214,0.7841,0.7596,0.7143,0.6527,0.7469,0.6973,0.7351,0.7113,0.7061,0.6596,0.5694,0.6384,0.6207,0.5755,0.6687,0.5761,0.5636,0.5863,0,0.5636,-3.8126,0.2856,-2.5528
49,0.0980,0.7678,-0.0575,0.9057,-3.8126,0.2856,-3.5142,0.0656,0.1906,0.0001,1.0269,1.0000,0.0004,0.0038,0.0001,-0.0001,-0.0072,-0.0010,-0.0022,0.0019,-0.0007,0.0001,-0.0073,-0.0010,-0.0021,0.0023,-0.0012,-0.0000,0.0226,-0.0010,-0.0006,0.0308,0.0004,0.0027,-0.0000,0.0225,0.0015,0.0005,0.0304,0.0004,0.0024,0.0000,0.0114,0.0009,0.0083,0.0243,0.1379,0.0013,-0.0021,-0.1304,-0.0414,-0.0485,0.0806,0.2300,0.0007,-0.1307,-0.0331,-0.0474,0.0807,0.0569,-0.0004,0.3750,-0.0053,-0.0025,0.2831,0.0086,0.0356,-0.0005,0.3701,0.0205,0.0024,0.2762,0.0088,0.0361,0.0004,-1.0000,-1.0000,-1.0000,-1.0000,-1.0000,-1.0000,-1.0000,-1.0000,-1.0000,-1.0000,-1.0000,-1.0000,-1.0000,-1.0000,-1.0000,-1.0000,-1.0000,-1.0000,-1.0000,-1.0000,-1.0000,-1.0000,-1.0000,-1.0000,-1.0000,-1.0000,-1.0000,-1.0000,-1.0000,-1.0000,-1.0000,-1.0000,-1.0000,-1.0000,-1.0000,-1.0000,-1.0000,-1.0000,-1.0000,-1.0000,-1.0000,-1.0000,-1.0000,-1.0000,-1.0000,-1.0000,-1.0000,-1.0000,-1.0000,-1.0000,-1.0000,-1.0000,-1.0000,-1.0000,-1.0000,-1.0000,-1.0000,-1.0000,-1.0000,-1.0000,-1.0000,-1.0000,-1.0000,0.7768,0.7508,0.7256,0.7201,0.7817,0.7576,0.7124,0.6498,0.7440,0.6944,0.7317,0.7086,0.7024,0.6551,0.5657,0.6346,0.6162,0.5721,0.6646,0.5727,0.5590,0.5819,-1.0000,-1.0000,-1.0000,-1.0000,-1.0000,-1.0000,-1.0000,-1.0000,-1.0000,-1.0000,-1.0000,-1.0000,-1.0000,-1.0000,-1.0000,-1.0000,-1.0000,-1.0000,-1.0000,-1.0000,-1.0000,-1.0000,-1.0000,-1.0000,-1.0000,-1.0000,-1.0000,-1.0000,-1.0000,-1.0000,-1.0000,-1.0000,-1.0000,-1.0000,-1.0000,-1.0000,1.0272,0.9678,1.0303,1.0494,0.9978,1.0077,0.7440,0.6116,0.7199,0.7942,0.5979,0.8316,0.8341,0.6714,0.7485,0.8541,0.6535,0.7353,0.8071,0.7847,0.7607,0.7483,0.8111,0.7971,0.7381,0.6872,0.7812,0.7349,0.7649,0.7344,0.7407,0.6998,0.6155,0.6804,0.6627,0.6179,0.7086,0.6130,0.6042,0.6299,0.6995,0.7768,0.7508,0.7256,0.7201,0.7817,0.7576,0.7124,0.6498,0.7440,0.6944,0.7317,0.7086,0.7024,0.6551,0.5657,0.6346,0.6162,0.5721,0.6646,0.5727,0.5590,0.5819,0,0.5590,-3.8126,0.2856,-2.5528
50,0.1000,0.7602,-0.0569,0.8986,-3.8126,0.2856,-3.5338,0.0656,0.1906,0.0001,1.0269,1.0000,0.0004,0.0039,0.0001,-0.0001,-0.0075,-0.0011,-0.0023,0.0020,-0.0000,0.0001,-0.0075,-0.0010,-0.0022,0.0024,-0.0012,-0.0000,0.0234,-0.0010,-0.0006,0.0313,0.0004,0.0027,-0.0000,0.0233,0.0015,0.0005,0.0309,0.0004,0.0025,0.0000,0.0115,-0.0001,0.0058,0.0077,0.1388,0.0010,-0.0030,-0.1293,-0.0259,-0.0501,0.0657,0.3431,0.0009,-0.1267,-0.0095,-0.0517,0.0423,0.0019,0.0019,0.3711,-0.0101,0.0004,0.2609,0.0088,0.0352,-0.0004,0.3710,0.0143,0.0042,0.2663,0.0091,0.0348,0.0004,-1.0000,-1.0000,-1.0000,-1.0000,-1.0000,-1.0000,-1.0000,-1.0000,-1.0000,-1.0000,-1.0000,-1.0000,-1.0000,-1.0000,-1.0000,-1.0000,-1.0000,-1.0000,-1.0000,-1.0000,-1.0000,-1.0000,-1.0000,-1.0000,-1.0000,-1.0000,-1.0000,-1.0000,-1.0000,-1.0000,-1.0000,-1.0000,-1.0000,-1.0000,-1.0000,-1.0000,-1.0000,-1.0000,-1.0000,-1.0000,-1.0000,-1.0000,-1.0000,-1.0000,-1.0000,-1.0000,-1.0000,-1.0000,-1.0000,-1.0000,-1.0000,-1.0000,-1.0000,-1.0000,-1.0000,-1.0000,-1.0000,-1.0000,-1.0000,-1.0000,-1.0000,-1.0000,-1.0000,0.7766,0.7503,0.7247,0.7190,0.7795,0.7557,0.7108,0.6470,0.7413,0.6917,0.7285,0.7061,0.6989,0.6508,0.5621,0.6309,0.6118,0.5688,0.6606,0.5694,0.5546,0.5777,-1.0000,-1.0000,-1.0000,-1.0000,-1.0000,-1.0000,-1.0000,-1.0000,-1.0000,-1.0000,-1.0000,-1.0000,-1.0000,-1.0000,-1.0000,-1.0000,-1.0000,-1.0000,-1.0000,-1.0000,-1.0000,-1.0000,-1.0000,-1.0000,-1.0000,-1.0000,-1.0000,-1.0000,-1.0000,-1.0000,-1.0000,-1.0000,-1.0000,-1.0000,-1.0000,-1.0000,1.0293,0.9702,1.0322,1.0509,1.0000,1.0096,0.7400,0.6094,0.7196,0.7915,0.5950,0.8314,0.8321,0.6703,0.7449,0.8526,0.6519,0.7337,0.8067,0.7839,0.7595,0.7470,0.8087,0.7950,0.7362,0.6842,0.7783,0.7319,0.7615,0.7317,0.7370,0.6953,0.6118,0.6766,0.6582,0.6145,0.7045,0.6096,0.5997,0.6256,0.6982,0.7766,0.7503,0.7247,0.7190,0.7795,0.7557,0.7108,0.6470,0.7413,0.6917,0.7285,0.7061,0.6989,0.6508,0.5621,0.6309,0.6118,0.5688,0.6606,0.5694,0.5546,0.5777,0,0.5546,-3.8126,0.2856,-2.5528
50,0.1000,0.7602,-0.0569,0.8986,-3.8126,0.2856,-3.5338,0.0656,0.1906,0.0001,1.0269,1.0000,0.0004,0.0039,0.0001,-0.0001,-0.0075,-0.0011,-0.0023,0.0020,-0.0000,0.0001,-0.0075,-0.0010,-0.0022,0.0024,-0.0012,-0.0000,0.0234,-0.0010,-0.0006,0.0313,0.0004,0.0027,-0.0000,0.0233,0.0015,0.0005,0.0309,0.0004,0.0025,0.0000,0.0115,-0.0001,0.0058,0.0077,0.1388,0.0010,-0.0030,-0.1293,-0.0259,-0.0501,0.0657,0.3431,0.0009,-0.1267,-0.0095,-0.0517,0.0423,0.0019,0.0019,0.3711,-0.0101,0.0004,0.2609,0.0088,0.0352,-0.0004,0.3710,0.0143,0.0042,0.2663,0.0091,0.0348,0.0004,-1.0000,-1.0000,-1.0000,-1.0000,-1.0000,-1.0000,-1.0000,-1.0000,-1.0000,-1.0000,-1.0000,-1.0000,-1.0000,-1.0000,-1.0000,-1.0000,-1.0000,-1.0000,-1.0000,-1.0000,-1.0000,-1.0000,-1.0000,-1.0000,-1.0000,-1.0000,-1.0000,-1.0000,-1.0000,-1.0000,-1.0000,-1.0000,-1.0000,-1.0000,-1.0000,-1.0000,-1.0000,-1.0000,-1.0000,-1.0000,-1.0000,-1.0000,-1.0000,-1.0000,-1.0000,-1.0000,-1.0000,-1.0000,-1.0000,-1.0000,-1.0000,-1.0000,-1.0000,-1.0000,-1.0000,-1.0000,-1.0000,-1.0000,-1.0000,-1.0000,-1.0000,-1.0000,-1.0000,0.7766,0.7503,0.7247,0.7190,0.7795,0.7557,0.7108,0.6470,0.7413,0.6917,0.7285,0.7061,0.6989,0.6508,0.5621,0.6309,0.6118,0.5688,0.6606,0.5694,0.5546,0.5777,-1.0000,-1.0000,-1.0000,-1.0000,-1.0000,-1.0000,-1.0000,-1.0000,-1.0000,-1.0000,-1.0000,-1.0000,-1.0000,-1.0000,-1.0000,-1.0000,-1.0000,-1.0000,-1.0000,-1.0000,-1.0000,-1.0000,-1.0000,-1.0000,-1.0000,-1.0000,-1.0000,-1.0000,-1.0000,-1.0000,-1.0000,-1.0000,-1.0000,-1.0000,-1.0000,-1.0000,1.0293,0.9702,1.0322,1.0509,1.0000,1.0096,0.7400,0.6094,0.7196,0.7915,0.5950,0.8314,0.8321,0.6703,0.7449,0.8526,0.6519,0.7337,0.8067,0.7839,0.7595,0.7470,0.8087,0.7950,0.7362,0.6842,0.7783,0.7319,0.7615,0.7317,0.7370,0.6953,0.6118,0.6766,0.6582,0.6145,0.7045,0.6096,0.5997,0.6256,0.6982,0.7766,0.7503,0.7247,0.7190,0.7795,0.7557,0.7108,0.6470,0.7413,0.6917,0.7285,0.7061,0.6989,0.6508,0.5621,0.6309,0.6118,0.5688,0.6606,0.5694,0.5546,0.5777,0,0.5546,-3.8126,0.2856,-2.5528
51,0.1020,0.7526,-0.0564,0.8915,-3.8126,0.2856,-3.5534,0.0656,0.1906,0.0001,1.0269,1.0000,0.0004,0.0040,0.0001,-0.0001,-0.0078,-0.0011,-0.0024,0.0021,0.0005,0.0001,-0.0078,-0.0010,-0.0023,0.0024,-0.0013,-0.0000,0.0241,-0.0010,-0.0006,0.0318,0.0005,0.0028,-0.0000,0.0240,0.0015,0.0005,0.0314,0.0005,0.0025,0.0000,0.0116,-0.0002,0.0060,0.0049,0.1401,0.0009,-0.0025,-0.1286,-0.0193,-0.0520,0.0505,0.2750,0.0010,-0.1239,-0.0038,-0.0553,0.0109,-0.0442,0.0023,0.3700,-0.0108,0.0012,0.2483,0.0089,0.0351,-0.0004,0.3707,0.0122,0.0042,0.2559,0.0093,0.0334,0.0004,-1.0000,-1.0000,-1.0000,-1.0000,-1.0000,-1.0000,-1.0000,-1.0000,-1.0000,-1.0000,-1.0000,-1.0000,-1.0000,-1.0000,-1.0000,-1.0000,-1.0000,-1.0000,-1.0000,-1.0000,-1.0000,-1.0000,-1.0000,-1.0000,-1.0000,-1.0000,-1.0000,-1.0000,-1.0000,-1.0000,-1.0000,-1.0000,-1.0000,-1.0000,-1.0000,-1.0000,-1.0000,-1.0000,-1.0000,-1.0000,-1.0000,-1.0000,-1.0000,-1.0000,-1.0000,-1.0000,-1.0000,-1.0000,-1.0000,-1.0000,-1.0000,-1.0000,-1.0000,-1.0000,-1.0000,-1.0000,-1.0000,-1.0000,-1.0000,-1.0000,-1.0000,-1.0000,-1.0000,0.7767,0.7499,0.7239,0.7181,0.7774,0.7540,0.7093,0.6444,0.7388,0.6891,0.7254,0.7037,0.6955,0.6466,0.5587,0.6274,0.6076,0.5658,0.6567,0.5663,0.5503,0.5737,-1.0000,-1.0000,-1.0000,-1.0000,-1.0000,-1.0000,-1.0000,-1.0000,-1.0000,-1.0000,-1.0000,-1.0000,-1.0000,-1.0000,-1.0000,-1.0000,-1.0000,-1.0000,-1.0000,-1.0000,-1.0000,-1.0000,-1.0000,-1.0000,-1.0000,-1.0000,-1.0000,-1.0000,-1.0000,-1.0000,-1.0000,-1.0000,-1.0000,-1.0000,-1.0000,-1.0000,1.0314,0.9728,1.0342,1.0526,1.0024,1.0116,0.7361,0.6073,0.7193,0.7891,0.5923,0.8313,0.8302,0.6695,0.7414,0.8511,0.6506,0.7323,0.8065,0.7833,0.7584,0.7458,0.8064,0.7930,0.7345,0.6814,0.7755,0.7291,0.7582,0.7292,0.7334,0.6910,0.6082,0.6729,0.6539,0.6113,0.7005,0.6063,0.5953,0.6214,0.6970,0.7767,0.7499,0.7239,0.7181,0.7774,0.7540,0.7093,0.6444,0.7388,0.6891,0.7254,0.7037,0.6955,0.6466,0.5587,0.6274,0.6076,0.5658,0.6567,0.5663,0.5503,0.5737,0,0.5503,-3.8126,0.2856,-2.5528
51,0.1020,0.7526,-0.0564,0.8915,-3.8126,0.2856,-3.5534,0.0656,0.1906,0.0001,1.0269,1.0000,0.0004,0.0040,0.0001,-0.0001,-0.0078,-0.0011,-0.0024,0.0021,0.0005,0.0001,-0.0078,-0.0010,-0.0023,0.0024,-0.0013,-0.0000,0.0241,-0.0010,-0.0006,0.0318,0.0005,0.0028,-0.0000,0.0240,0.0015,0.0005,0.0314,0.0005,0.0025,0.0000,0.0116,-0.0002,0.0060,0.0049,0.1401,0.0009,-0.0025,-0.1286,-0.0193,-0.0520,0.0505,0.2750,0.0010,-0.1239,-0.0038,-0.0553,0.0109,-0.0442,0.0023,0.3700,-0.0108,0.0012,0.2483,0.0089,0.0351,-0.0004,0.3707,0.0122,0.0042,0.2559,0.0093,0.0334,0.0004,-1.0000,-1.0000,-1.0000,-1.0000,-1.0000,-1.0000,-1.0000,-1.0000,-1.0000,-1.0000,-1.0000,-1.0000,-1.0000,-1.0000,-1.0000,-1.0000,-1.0000,-1.0000,-1.0000,-1.0000,-1.0000,-1.0000,-1.0000,-1.0000,-1.0000,-1.0000,-1.0000,-1.0000,-1.0000,-1.0000,-1.0000,-1.0000,-1.0000,-1.0000,-1.0000,-1.0000,-1.0000,-1.0000,-1.0000,-1.0000,-1.0000,-1.0000,-1.0000,-1.0000,-1.0000,-1.0000,-1.0000,-1.0000,-1.0000,-1.0000,-1.0000,-1.0000,-1.0000,-1.0000,-1.0000,-1.0000,-1.0000,-1.0000,-1.0000,-1.0000,-1.0000,-1.0000,-1.0000,0.7767,0.7499,0.7239,0.7181,0.7774,0.7540,0.7093,0.6444,0.7388,0.6891,0.7254,0.7037,0.6955,0.6466,0.5587,0.6274,0.6076,0.5658,0.6567,0.5663,0.5503,0.5737,-1.0000,-1.0000,-1.0000,-1.0000,-1.0000,-1.0000,-1.0000,-1.0000,-1.0000,-1.0000,-1.0000,-1.0000,-1.0000,-1.0000,-1.0000,-1.0000,-1.0000,-1.0000,-1.0000,-1.0000,-1.0000,-1.0000,-1.0000,-1.0000,-1.0000,-1.0000,-1.0000,-1.0000,-1.0000,-1.0000,-1.0000,-1.0000,-1.0000,-1.0000,-1.0000,-1.0000,1.0314,0.9728,1.0342,1.0526,1.0024,1.0116,0.7361,0.6073,0.7193,0.7891,0.5923,0.8313,0.8302,0.6695,0.7414,0.8511,0.6506,0.7323,0.8065,0.7833,0.7584,0.7458,0.8064,0.7930,0.7345,0.6814,0.7755,0.7291,0.7582,0.7292,0.7334,0.6910,0.6082,0.6729,0.6539,0.6113,0.7005,0.6063,0.5953,0.6214,0.6970,0.7767,0.7499,0.7239,0.7181,0.7774,0.7540,0.7093,0.6444,0.7388,0.6891,0.7254,0.7037,0.6955,0.6466,0.5587,0.6274,0.6076,0.5658,0.6567,0.5663,0.5503,0.5737,0,0.5503,-3.8126,0.2856,-2.5528
52,0.1040,0.7449,-0.0558,0.8844,-3.8126,0.2856,-3.5730,0.0656,0.1907,0.0001,1.0269,1.0000,0.0004,0.0042,0.0001,-0.0001,-0.0080,-0.0011,-0.0025,0.0022,0.0007,0.0001,-0.0080,-0.0010,-0.0024,0.0024,-0.0015,-0.0000,0.0248,-0.0011,-0.0006,0.0322,0.0005,0.0029,-0.0000,0.0248,0.0016,0.0005,0.0319,0.0005,0.0026,0.0000,0.0117,-0.0004,0.0044,-0.0052,0.1410,0.0009,-0.0014,-0.1283,0.0013,-0.0532,0.0405,0.1007,0.0010,-0.1208,0.0108,-0.0589,-0.0178,-0.0921,0.0035,0.3667,-0.0142,0.0030,0.2302,0.0091,0.0348,-0.0004,0.3702,0.0073,0.0049,0.2451,0.0095,0.0321,0.0004,-1.0000,-1.0000,-1.0000,-1.0000,-1.0000,-1.0000,-1.0000,-1.0000,-1.0000,-1.0000,-1.0000,-1.0000,-1.0000,-1.0000,-1.0000,-1.0000,-1.0000,-1.0000,-1.0000,-1.0000,-1.0000,-1.0000,-1.0000,-1.0000,-1.0000,-1.0000,-1.0000,-1.0000,-1.0000,-1.0000,-1.0000,-1.0000,-1.0000,-1.0000,-1.0000,-1.0000,-1.0000,-1.0000,-1.0000,-1.0000,-1.0000,-1.0000,-1.0000,-1.0000,-1.0000,-1.0000,-1.0000,-1.0000,-1.0000,-1.0000,-1.0000,-1.0000,-1.0000,-1.0000,-1.0000,-1.0000,-1.0000,-1.0000,-1.0000,-1.0000,-1.0000,-1.0000,-1.0000,0.7769,0.7498,0.7234,0.7174,0.7755,0.7525,0.7079,0.6420,0.7364,0.6867,0.7224,0.7015,0.6923,0.6425,0.5555,0.6241,0.6036,0.5629,0.6530,0.5634,0.5462,0.5699,-1.0000,-1.0000,-1.0000,-1.0000,-1.0000,-1.0000,-1.0000,-1.0000,-1.0000,-1.0000,-1.0000,-1.0000,-1.0000,-1.0000,-1.0000,-1.0000,-1.0000,-1.0000,-1.0000,-1.0000,-1.0000,-1.0000,-1.0000,-1.0000,-1.0000,-1.0000,-1.0000,-1.0000,-1.0000,-1.0000,-1.0000,-1.0000,-1.0000,-1.0000,-1.0000,-1.0000,1.0337,0.9755,1.0364,1.0545,1.0049,1.0138,0.7324,0.6055,0.7193,0.7868,0.5898,0.8314,0.8285,0.6689,0.7381,0.8499,0.6494,0.7310,0.8064,0.7828,0.7576,0.7449,0.8043,0.7912,0.7330,0.6788,0.7729,0.7264,0.7551,0.7268,0.7300,0.6867,0.6048,0.6693,0.6497,0.6082,0.6966,0.6032,0.5911,0.6174,0.6960,0.7769,0.7498,0.7234,0.7174,0.7755,0.7525,0.7079,0.6420,0.7364,0.6867,0.7224,0.7015,0.6923,0.6425,0.5555,0.6241,0.6036,0.5629,0.6530,0.5634,0.5462,0.5699,0,0.5462,-3.8126,0.2856,-2.5528
52,0.1040,0.7449,-0.0558,0.8844,-3.8126,0.2856,-3.5730,0.0656,0.1907,0.0001,1.0269,1.0000,0.0004,0.0042,0.0001,-0.0001,-0.0080,-0.0011,-0.0025,0.0022,0.0007,0.0001,-0.0080,-0.0010,-0.0024,0.0024,-0.0015,-0.0000,0.0248,-0.0011,-0.0006,0.0322,0.0005,0.0029,-0.0000,0.0248,0.0016,0.0005,0.0319,0.0005,0.0026,0.0000,0.0117,-0.0004,0.0044,-0.0052,0.1410,0.0009,-0.0014,-0.1283,0.0013,-0.0532,0.0405,0.1007,0.0010,-0.1208,0.0108,-0.0589,-0.0178,-0.0921,0.0035,0.3667,-0.0142,0.0030,0.2302,0.0091,0.0348,-0.0004,0.3702,0.0073,0.0049,0.2451,0.0095,0.0321,0.0004,-1.0000,-1.0000,-1.0000,-1.0000,-1.0000,-1.0000,-1.0000,-1.0000,-1.0000,-1.0000,-1.0000,-1.0000,-1.0000,-1.0000,-1.0000,-1.0000,-1.0000,-1.0000,-1.0000,-1.0000,-1.0000,-1.0000,-1.0000,-1.0000,-1.0000,-1.0000,-1.0000,-1.0000,-1.0000,-1.0000,-1.0000,-1.0000,-1.0000,-1.0000,-1.0000,-1.0000,-1.0000,-1.0000,-1.0000,-1.0000,-1.0000,-1.0000,-1.0000,-1.0000,-1.0000,-1.0000,-1.0000,-1.0000,-1.0000,-1.0000,-1.0000,-1.0000,-1.0000,-1.0000,-1.0000,-1.0000,-1.0000,-1.0000,-1.0000,-1.0000,-1.0000,-1.0000,-1.0000,0.7769,0.7498,0.7234,0.7174,0.7755,0.7525,0.7079,0.6420,0.7364,0.6867,0.7224,0.7015,0.6923,0.6425,0.5555,0.6241,0.6036,0.5629,0.6530,0.5634,0.5462,0.5699,-1.0000,-1.0000,-1.0000,-1.0000,-1.0000,-1.0000,-1.0000,-1.0000,-1.0000,-1.0000,-1.0000,-1.0000,-1.0000,-1.0000,-1.0000,-1.0000,-1.0000,-1.0000,-1.0000,-1.0000,-1.0000,-1.0000,-1.0000,-1.0000,-1.0000,-1.0000,-1.0000,-1.0000,-1.0000,-1.0000,-1.0000,-1.0000,-1.0000,-1.0000,-1.0000,-1.0000,1.0337,0.9755,1.0364,1.0545,1.0049,1.0138,0.7324,0.6055,0.7193,0.7868,0.5898,0.8314,0.8285,0.6689,0.7381,0.8499,0.6494,0.7310,0.8064,0.7828,0.7576,0.7449,0.8043,0.7912,0.7330,0.6788,0.7729,0.7264,0.7551,0.7268,0.7300,0.6867,0.6048,0.6693,0.6497,0.6082,0.6966,0.6032,0.5911,0.6174,0.6960,0.7769,0.7498,0.7234,0.7174,0.7755,0.7525,0.7079,0.6420,0.7364,0.6867,0.7224,0.7015,0.6923,0.6425,0.5555,0.6241,0.6036,0.5629,0.6530,0.5634,0.5462,0.5699,0,0.5462,-3.8126,0.2856,-2.5528
53,0.1060,0.7373,-0.0552,0.8772,-3.8126,0.2856,-3.5926,0.0656,0.1907,0.0001,1.0269,1.0000,0.0004,0.0043,0.0001,-0.0001,-0.0083,-0.0011,-0.0026,0.0023,0.0006,0.0001,-0.0082,-0.0010,-0.0026,0.0023,-0.0018,-0.0000,0.0256,-0.0011,-0.0006,0.0327,0.0005,0.0029,-0.0000,0.0255,0.0016,0.0005,0.0324,0.0005,0.0027,0.0000,0.0117,-0.0007,0.0026,-0.0152,0.1417,0.0008,-0.0005,-0.1280,0.0214,-0.0542,0.0326,-0.0617,0.0009,-0.1181,0.0253,-0.0622,-0.0430,-0.1378,0.0047,0.3630,-0.0176,0.0046,0.2122,0.0093,0.0345,-0.0004,0.3692,0.0025,0.0055,0.2340,0.0097,0.0308,0.0004,-1.0000,-1.0000,-1.0000,-1.0000,-1.0000,-1.0000,-1.0000,-1.0000,-1.0000,-1.0000,-1.0000,-1.0000,-1.0000,-1.0000,-1.0000,-1.0000,-1.0000,-1.0000,-1.0000,-1.0000,-1.0000,-1.0000,-1.0000,-1.0000,-1.0000,-1.0000,-1.0000,-1.0000,-1.0000,-1.0000,-1.0000,-1.0000,-1.0000,-1.0000,-1.0000,-1.0000,-1.0000,-1.0000,-1.0000,-1.0000,-1.0000,-1.0000,-1.0000,-1.0000,-1.0000,-1.0000,-1.0000,-1.0000,-1.0000,-1.0000,-1.0000,-1.0000,-1.0000,-1.0000,-1.0000,-1.0000,-1.0000,-1.0000,-1.0000,-1.0000,-1.0000,-1.0000,-1.0000,0.7773,0.7498,0.7230,0.7168,0.7737,0.7512,0.7068,0.6398,0.7342,0.6844,0.7197,0.6994,0.6892,0.6386,0.5525,0.6209,0.5997,0.5603,0.6495,0.5607,0.5423,0.5662,-1.0000,-1.0000,-1.0000,-1.0000,-1.0000,-1.0000,-1.0000,-1.0000,-1.0000,-1.0000,-1.0000,-1.0000,-1.0000,-1.0000,-1.0000,-1.0000,-1.0000,-1.0000,-1.0000,-1.0000,-1.0000,-1.0000,-1.0000,-1.0000,-1.0000,-1.0000,-1.0000,-1.0000,-1.0000,-1.0000,-1.0000,-1.0000,-1.0000,-1.0000,-1.0000,-1.0000,1.0362,0.9783,1.0387,1.0564,1.0076,1.0161,0.7288,0.6038,0.7195,0.7846,0.5874,0.8317,0.8269,0.6684,0.7349,0.8487,0.6484,0.7299,0.8065,0.7825,0.7569,0.7441,0.8023,0.7895,0.7316,0.6763,0.7704,0.7239,0.7521,0.7246,0.7267,0.6827,0.6016,0.6659,0.6456,0.6053,0.6928,0.6003,0.5871,0.6136,0.6952,0.7773,0.7498,0.7230,0.7168,0.7737,0.7512,0.7068,0.6398,0.7342,0.6844,0.7197,0.6994,0.6892,0.6386,0.5525,0.6209,0.5997,0.5603,0.6495,0.5607,0.5423,0.5662,0,0.5423,-3.8126,0.2856,-2.5528
54,0.1080,0.7297,-0.0547,0.8700,-3.8126,0.2856,-3.6123,0.0656,0.1907,0.0001,1.0269,1.0000,0.0004,0.0045,0.0001,-0.0001,-0.0085,-0.0010,-0.0027,0.0023,0.0002,0.0001,-0.0085,-0.0009,-0.0027,0.0022,-0.0016,-0.0000,0.0263,-0.0011,-0.0006,0.0330,0.0005,0.0030,-0.0000,0.0262,0.0016,0.0005,0.0328,0.0005,0.0027,0.0000,0.0118,-0.0008,-0.0013,-0.0175,0.1418,0.0009,0.0004,-0.1271,0.0323,-0.0552,0.0258,-0.2266,0.0006,-0.1187,0.0186,-0.0623,-0.0343,0.0589,0.0048,0.3588,-0.0173,0.0053,0.1936,0.0094,0.0341,-0.0004,0.3656,0.0010,0.0051,0.2166,0.0099,0.0292,0.0004,-1.0000,-1.0000,-1.0000,-1.0000,-1.0000,-1.0000,-1.0000,-1.0000,-1.0000,-1.0000,-1.0000,-1.0000,-1.0000,-1.0000,-1.0000,-1.0000,-1.0000,-1.0000,-1.0000,-1.0000,-1.0000,-1.0000,-1.0000,-1.0000,-1.0000,-1.0000,-1.0000,-1.0000,-1.0000,-1.0000,-1.0000,-1.0000,-1.0000,-1.0000,-1.0000,-1.0000,-1.0000,-1.0000,-1.0000,-1.0000,-1.0000,-1.0000,-1.0000,-1.0000,-1.0000,-1.0000,-1.0000,-1.0000,-1.0000,-1.0000,-1.0000,-1.0000,-1.0000,-1.0000,-1.0000,-1.0000,-1.0000,-1.0000,-1.0000,-1.0000,-1.0000,-1.0000,-1.0000,0.7779,0.7500,0.7228,0.7164,0.7722,0.7500,0.7058,0.6378,0.7322,0.6823,0.7170,0.6976,0.6863,0.6349,0.5497,0.6179,0.5959,0.5578,0.6461,0.5582,0.5386,0.5627,-1.0000,-1.0000,-1.0000,-1.0000,-1.0000,-1.0000,-1.0000,-1.0000,-1.0000,-1.0000,-1.0000,-1.0000,-1.0000,-1.0000,-1.0000,-1.0000,-1.0000,-1.0000,-1.0000,-1.0000,-1.0000,-1.0000,-1.0000,-1.0000,-1.0000,-1.0000,-1.0000,-1.0000,-1.0000,-1.0000,-1.0000,-1.0000,-1.0000,-1.0000,-1.0000,-1.0000,1.0388,0.9813,1.0411,1.0586,1.0104,1.0185,0.7254,0.6023,0.7198,0.7826,0.5853,0.8321,0.8254,0.6682,0.7319,0.8478,0.6476,0.7289,0.8068,0.7823,0.7563,0.7434,0.8005,0.7880,0.7304,0.6740,0.7681,0.7215,0.7492,0.7225,0.7236,0.6787,0.5985,0.6627,0.6417,0.6026,0.6892,0.5976,0.5832,0.6099,0.6946,0.7779,0.7500,0.7228,0.7164,0.7722,0.7500,0.7058,0.6378,0.7322,0.6823,0.7170,0.6976,0.6863,0.6349,0.5497,0.6179,0.5959,0.5578,0.6461,0.5582,0.5386,0.5627,0,0.5386,-3.8126,0.2856,-2.5528
54,0.1080,0.7297,-0.0547,0.8700,-3.8126,0.2856,-3.6123,0.0656,0.1907,0.0001,1.0269,1.0000,0.0004,0.0045,0.0001,-0.0001,-0.0085,-0.0010,-0.0027,0.0023,0.0002,0.0001,-0.0085,-0.0009,-0.0027,0.0022,-0.0016,-0.0000,0.0263,-0.0011,-0.0006,0.0330,0.0005,0.0030,-0.0000,0.0262,0.0016,0.0005,0.0328,0.0005,0.0027,0.0000,0.0118,-0.0008,-0.0013,-0.0175,0.1418,0.0009,0.0004,-0.1271,0.0323,-0.0552,0.0258,-0.2266,0.0006,-0.1187,0.0186,-0.0623,-0.0343,0.0589,0.0048,0.3588,-0.0173,0.0053,0.1936,0.0094,0.0341,-0.0004,0.3656,0.0010,0.0051,0.2166,0.0099,0.0292,0.0004,-1.0000,-1.0000,-1.0000,-1.0000,-1.0000,-1.0000,-1.0000,-1.0000,-1.0000,-1.0000,-1.0000,-1.0000,-1.0000,-1.0000,-1.0000,-1.0000,-1.0000,-1.0000,-1.0000,-1.0000,-1.0000,-1.0000,-1.0000,-1.0000,-1.0000,-1.0000,-1.0000,-1.0000,-1.0000,-1.0000,-1.0000,-1.0000,-1.0000,-1.0000,-1.0000,-1.0000,-1.0000,-1.0000,-1.0000,-1.0000,-1.0000,-1.0000,-1.0000,-1.0000,-1.0000,-1.0000,-1.0000,-1.0000,-1.0000,-1.0000,-1.0000,-1.0000,-1.0000,-1.0000,-1.0000,-1.0000,-1.0000,-1.0000,-1.0000,-1.0000,-1.0000,-1.0000,-1.0000,0.7779,0.7500,0.7228,0.7164,0.7722,0.7500,0.7058,0.6378,0.7322,0.6823,0.7170,0.6976,0.6863,0.6349,0.5497,0.6179,0.5959,0.5578,0.6461,0.5582,0.5386,0.5627,-1.0000,-1.0000,-1.0000,-1.0000,-1.0000,-1.0000,-1.0000,-1.0000,-1.0000,-1.0000,-1.0000,-1.0000,-1.0000,-1.0000,-1.0000,-1.0000,-1.0000,-1.0000,-1.0000,-1.0000,-1.0000,-1.0000,-1.0000,-1.0000,-1.0000,-1.0000,-1.0000,-1.0000,-1.0000,-1.0000,-1.0000,-1.0000,-1.0000,-1.0000,-1.0000,-1.0000,1.0388,0.9813,1.0411,1.0586,1.0104,1.0185,0.7254,0.6023,0.7198,0.7826,0.5853,0.8321,0.8254,0.6682,0.7319,0.8478,0.6476,0.7289,0.8068,0.7823,0.7563,0.7434,0.8005,0.7880,0.7304,0.6740,0.7681,0.7215,0.7492,0.7225,0.7236,0.6787,0.5985,0.6627,0.6417,0.6026,0.6892,0.5976,0.5832,0.6099,0.6946,0.7779,0.7500,0.7228,0.7164,0.7722,0.7500,0.7058,0.6378,0.7322,0.6823,0.7170,0.6976,0.6863,0.6349,0.5497,0.6179,0.5959,0.5578,0.6461,0.5582,0.5386,0.5627,0,0.5386,-3.8126,0.2856,-2.5528
55,0.1100,0.7221,-0.0541,0.8627,-3.8126,0.2856,-3.6319,0.0656,0.1907,0.0001,1.0269,1.0000,0.0004,0.0046,0.0001,-0.0001,-0.0088,-0.0009,-0.0028,0.0023,-0.0004,0.0001,-0.0087,-0.0009,-0.0028,0.0022,-0.0015,0.0000,0.0270,-0.0012,-0.0006,0.0334,0.0005,0.0031,-0.0000,0.0270,0.0016,0.0005,0.0332,0.0005,0.0028,0.0000,0.0119,-0.0010,0.0005,-0.0224,0.1431,0.0008,0.0002,-0.1242,0.0401,-0.0588,-0.0070,-0.2588,0.0003,-0.1223,0.0231,-0.0613,-0.0098,0.0909,0.0053,0.3567,-0.0181,0.0061,0.1841,0.0096,0.0339,-0.0004,0.3647,-0.0013,0.0050,0.2099,0.0101,0.0280,0.0004,-1.0000,-1.0000,-1.0000,-1.0000,-1.0000,-1.0000,-1.0000,-1.0000,-1.0000,-1.0000,-1.0000,-1.0000,-1.0000,-1.0000,-1.0000,-1.0000,-1.0000,-1.0000,-1.0000,-1.0000,-1.0000,-1.0000,-1.0000,-1.0000,-1.0000,-1.0000,-1.0000,-1.0000,-1.0000,-1.0000,-1.0000,-1.0000,-1.0000,-1.0000,-1.0000,-1.0000,-1.0000,-1.0000,-1.0000,-1.0000,-1.0000,-1.0000,-1.0000,-1.0000,-1.0000,-1.0000,-1.0000,-1.0000,-1.0000,-1.0000,-1.0000,-1.0000,-1.0000,-1.0000,-1.0000,-1.0000,-1.0000,-1.0000,-1.0000,-1.0000,-1.0000,-1.0000,-1.0000,0.7786,0.7503,0.7227,0.7162,0.7707,0.7490,0.7050,0.6359,0.7303,0.6804,0.7146,0.6959,0.6835,0.6313,0.5471,0.6151,0.5924,0.5555,0.6429,0.5559,0.5350,0.5594,-1.0000,-1.0000,-1.0000,-1.0000,-1.0000,-1.0000,-1.0000,-1.0000,-1.0000,-1.0000,-1.0000,-1.0000,-1.0000,-1.0000,-1.0000,-1.0000,-1.0000,-1.0000,-1.0000,-1.0000,-1.0000,-1.0000,-1.0000,-1.0000,-1.0000,-1.0000,-1.0000,-1.0000,-1.0000,-1.0000,-1.0000,-1.0000,-1.0000,-1.0000,-1.0000,-1.0000,1.0415,0.9844,1.0436,1.0608,1.0133,1.0210,0.7221,0.6011,0.7203,0.7808,0.5834,0.8326,0.8242,0.6681,0.7290,0.8470,0.6470,0.7282,0.8072,0.7824,0.7559,0.7430,0.7989,0.7867,0.7294,0.6719,0.7659,0.7193,0.7465,0.7206,0.7206,0.6749,0.5956,0.6596,0.6379,0.6000,0.6858,0.5951,0.5794,0.6063,0.6942,0.7786,0.7503,0.7227,0.7162,0.7707,0.7490,0.7050,0.6359,0.7303,0.6804,0.7146,0.6959,0.6835,0.6313,0.5471,0.6151,0.5924,0.5555,0.6429,0.5559,0.5350,0.5594,0,0.5350,-3.8126,0.2856,-2.5528
56,0.1120,0.7144,-0.0535,0.8554,-3.8126,0.2856,-3.6515,0.0656,0.1908,0.0001,1.0269,1.0000,0.0003,0.0048,0.0001,-0.0001,-0.0090,-0.0008,-0.0029,0.0023,-0.0007,0.0001,-0.0090,-0.0008,-0.0029,0.0022,-0.0012,0.0000,0.0277,-0.0012,-0.0006,0.0338,0.0006,0.0032,-0.0000,0.0277,0.0016,0.0005,0.0336,0.0006,0.0028,0.0000,0.0120,-0.0011,0.0030,-0.0214,0.1442,0.0009,-0.0002,-0.1266,0.0355,-0.0586,0.0094,-0.1837,0.0000,-0.1253,0.0207,-0.0605,0.0100,0.1157,0.0050,0.3552,-0.0166,0.0061,0.1778,0.0098,0.0339,-0.0004,0.3628,-0.0011,0.0042,0.2023,0.0102,0.0268,0.0004,-1.0000,-1.0000,-1.0000,-1.0000,-1.0000,-1.0000,-1.0000,-1.0000,-1.0000,-1.0000,-1.0000,-1.0000,-1.0000,-1.0000,-1.0000,-1.0000,-1.0000,-1.0000,-1.0000,-1.0000,-1.0000,-1.0000,-1.0000,-1.0000,-1.0000,-1.0000,-1.0000,-1.0000,-1.0000,-1.0000,-1.0000,-1.0000,-1.0000,-1.0000,-1.0000,-1.0000,-1.0000,-1.0000,-1.0000,-1.0000,-1.0000,-1.0000,-1.0000,-1.0000,-1.0000,-1.0000,-1.0000,-1.0000,-1.0000,-1.0000,-1.0000,-1.0000,-1.0000,-1.0000,-1.0000,-1.0000,-1.0000,-1.0000,-1.0000,-1.0000,-1.0000,-1.0000,-1.0000,0.7796,0.7509,0.7229,0.7162,0.7695,0.7481,0.7044,0.6342,0.7285,0.6787,0.7123,0.6944,0.6810,0.6279,0.5446,0.6124,0.5890,0.5535,0.6399,0.5538,0.5317,0.5562,-1.0000,-1.0000,-1.0000,-1.0000,-1.0000,-1.0000,-1.0000,-1.0000,-1.0000,-1.0000,-1.0000,-1.0000,-1.0000,-1.0000,-1.0000,-1.0000,-1.0000,-1.0000,-1.0000,-1.0000,-1.0000,-1.0000,-1.0000,-1.0000,-1.0000,-1.0000,-1.0000,-1.0000,-1.0000,-1.0000,-1.0000,-1.0000,-1.0000,-1.0000,-1.0000,-1.0000,1.0443,0.9877,1.0463,1.0632,1.0164,1.0237,0.7190,0.6001,0.7210,0.7791,0.5817,0.8334,0.8230,0.6682,0.7263,0.8463,0.6466,0.7276,0.8078,0.7825,0.7557,0.7427,0.7973,0.7855,0.7286,0.6700,0.7639,0.7173,0.7440,0.7189,0.7178,0.6713,0.5929,0.6567,0.6343,0.5977,0.6825,0.5927,0.5759,0.6030,0.6939,0.7796,0.7509,0.7229,0.7162,0.7695,0.7481,0.7044,0.6342,0.7285,0.6787,0.7123,0.6944,0.6810,0.6279,0.5446,0.6124,0.5890,0.5535,0.6399,0.5538,0.5317,0.5562,0,0.5317,-3.8126,0.2856,-2.5528
56,0.1120,0.7144,-0.0535,0.8554,-3.8126,0.2856,-3.6515,0.0656,0.1908,0.0001,1.0269,1.0000,0.0003,0.0048,0.0001,-0.0001,-0.0090,-0.0008,-0.0029,0.0023,-0.0007,0.0001,-0.0090,-0.0008,-0.0029,0.0022,-0.0012,0.0000,0.0277,-0.0012,-0.0006,0.0338,0.0006,0.0032,-0.0000,0.0277,0.0016,0.0005,0.0336,0.0006,0.0028,0.0000,0.0120,-0.0011,0.0030,-0.0214,0.1442,0.0009,-0.0002,-0.1266,0.0355,-0.0586,0.0094,-0.1837,0.0000,-0.1253,0.0207,-0.0605,0.0100,0.1157,0.0050,0.3552,-0.0166,0.0061,0.1778,0.0098,0.0339,-0.0004,0.3628,-0.0011,0.0042,0.2023,0.0102,0.0268,0.0004,-1.0000,-1.0000,-1.0000,-1.0000,-1.0000,-1.0000,-1.0000,-1.0000,-1.0000,-1.0000,-1.0000,-1.0000,-1.0000,-1.0000,-1.0000,-1.0000,-1.0000,-1.0000,-1.0000,-1.0000,-1.0000,-1.0000,-1.0000,-1.0000,-1.0000,-1.0000,-1.0000,-1.0000,-1.0000,-1.0000,-1.0000,-1.0000,-1.0000,-1.0000,-1.0000,-1.0000,-1.0000,-1.0000,-1.0000,-1.0000,-1.0000,-1.0000,-1.0000,-1.0000,-1.0000,-1.0000,-1.0000,-1.0000,-1.0000,-1.0000,-1.0000,-1.0000,-1.0000,-1.0000,-1.0000,-1.0000,-1.0000,-1.0000,-1.0000,-1.0000,-1.0000,-1.0000,-1.0000,0.7796,0.7509,0.7229,0.7162,0.7695,0.7481,0.7044,0.6342,0.7285,0.6787,0.7123,0.6944,0.6810,0.6279,0.5446,0.6124,0.5890,0.5535,0.6399,0.5538,0.5317,0.5562,-1.0000,-1.0000,-1.0000,-1.0000,-1.0000,-1.0000,-1.0000,-1.0000,-1.0000,-1.0000,-1.0000,-1.0000,-1.0000,-1.0000,-1.0000,-1.0000,-1.0000,-1.0000,-1.0000,-1.0000,-1.0000,-1.0000,-1.0000,-1.0000,-1.0000,-1.0000,-1.0000,-1.0000,-1.0000,-1.0000,-1.0000,-1.0000,-1.0000,-1.0000,-1.0000,-1.0000,1.0443,0.9877,1.0463,1.0632,1.0164,1.0237,0.7190,0.6001,0.7210,0.7791,0.5817,0.8334,0.8230,0.6682,0.7263,0.8463,0.6466,0.7276,0.8078,0.7825,0.7557,0.7427,0.7973,0.7855,0.7286,0.6700,0.7639,0.7173,0.7440,0.7189,0.7178,0.6713,0.5929,0.6567,0.6343,0.5977,0.6825,0.5927,0.5759,0.6030,0.6939,0.7796,0.7509,0.7229,0.7162,0.7695,0.7481,0.7044,0.6342,0.7285,0.6787,0.7123,0.6944,0.6810,0.6279,0.5446,0.6124,0.5890,0.5535,0.6399,0.5538,0.5317,0.5562,0,0.5317,-3.8126,0.2856,-2.5528
57,0.1140,0.7068,-0.0529,0.8481,-3.8126,0.2856,-3.6711,0.0656,0.1908,0.0001,1.0269,1.0000,0.0003,0.0049,0.0001,-0.0001,-0.0093,-0.0008,-0.0030,0.0024,-0.0010,0.0001,-0.0092,-0.0008,-0.0030,0.0023,-0.0010,0.0000,0.0284,-0.0012,-0.0005,0.0341,0.0006,0.0032,-0.0000,0.0284,0.0016,0.0005,0.0340,0.0006,0.0029,0.0000,0.0121,-0.0011,0.0050,-0.0204,0.1450,0.0010,-0.0005,-0.1287,0.0313,-0.0584,0.0233,-0.1193,-0.0002,-0.1278,0.0186,-0.0598,0.0264,0.1355,0.0047,0.3531,-0.0150,0.0062,0.1706,0.0099,0.0338,-0.0004,0.3604,-0.0011,0.0033,0.1937,0.0104,0.0256,0.0004,-1.0000,-1.0000,-1.0000,-1.0000,-1.0000,-1.0000,-1.0000,-1.0000,-1.0000,-1.0000,-1.0000,-1.0000,-1.0000,-1.0000,-1.0000,-1.0000,-1.0000,-1.0000,-1.0000,-1.0000,-1.0000,-1.0000,-1.0000,-1.0000,-1.0000,-1.0000,-1.0000,-1.0000,-1.0000,-1.0000,-1.0000,-1.0000,-1.0000,-1.0000,-1.0000,-1.0000,-1.0000,-1.0000,-1.0000,-1.0000,-1.0000,-1.0000,-1.0000,-1.0000,-1.0000,-1.0000,-1.0000,-1.0000,-1.0000,-1.0000,-1.0000,-1.0000,-1.0000,-1.0000,-1.0000,-1.0000,-1.0000,-1.0000,-1.0000,-1.0000,-1.0000,-1.0000,-1.0000,0.7806,0.7516,0.7232,0.7164,0.7684,0.7474,0.7039,0.6327,0.7270,0.6771,0.7101,0.6930,0.6786,0.6246,0.5424,0.6100,0.5858,0.5516,0.6370,0.5519,0.5285,0.5533,-1.0000,-1.0000,-1.0000,-1.0000,-1.0000,-1.0000,-1.0000,-1.0000,-1.0000,-1.0000,-1.0000,-1.0000,-1.0000,-1.0000,-1.0000,-1.0000,-1.0000,-1.0000,-1.0000,-1.0000,-1.0000,-1.0000,-1.0000,-1.0000,-1.0000,-1.0000,-1.0000,-1.0000,-1.0000,-1.0000,-1.0000,-1.0000,-1.0000,-1.0000,-1.0000,-1.0000,1.0473,0.9911,1.0492,1.0657,1.0196,1.0266,0.7160,0.5992,0.7219,0.7776,0.5802,0.8343,0.8221,0.6686,0.7238,0.8458,0.6464,0.7272,0.8086,0.7829,0.7557,0.7426,0.7960,0.7845,0.7279,0.6682,0.7621,0.7154,0.7416,0.7174,0.7151,0.6678,0.5904,0.6539,0.6309,0.5955,0.6794,0.5905,0.5725,0.5998,0.6938,0.7806,0.7516,0.7232,0.7164,0.7684,0.7474,0.7039,0.6327,0.7270,0.6771,0.7101,0.6930,0.6786,0.6246,0.5424,0.6100,0.5858,0.5516,0.6370,0.5519,0.5285,0.5533,0,0.5285,-3.8126,0.2856,-2.5528
57,0.1140,0.7068,-0.0529,0.8481,-3.8126,0.2856,-3.6711,0.0656,0.1908,0.0001,1.0269,1.0000,0.0003,0.0049,0.0001,-0.0001,-0.0093,-0.0008,-0.0030,0.0024,-0.0010,0.0001,-0.0092,-0.0008,-0.0030,0.0023,-0.0010,0.0000,0.0284,-0.0012,-0.0005,0.0341,0.0006,0.0032,-0.0000,0.0284,0.0016,0.0005,0.0340,0.0006,0.0029,0.0000,0.0121,-0.0011,0.0050,-0.0204,0.1450,0.0010,-0.0005,-0.1287,0.0313,-0.0584,0.0233,-0.1193,-0.0002,-0.1278,0.0186,-0.0598,0.0264,0.1355,0.0047,0.3531,-0.0150,0.0062,0.1706,0.0099,0.0338,-0.0004,0.3604,-0.0011,0.0033,0.1937,0.0104,0.0256,0.0004,-1.0000,-1.0000,-1.0000,-1.0000,-1.0000,-1.0000,-1.0000,-1.0000,-1.0000,-1.0000,-1.0000,-1.0000,-1.0000,-1.0000,-1.0000,-1.0000,-1.0000,-1.0000,-1.0000,-1.0000,-1.0000,-1.0000,-1.0000,-1.0000,-1.0000,-1.0000,-1.0000,-1.0000,-1.0000,-1.0000,-1.0000,-1.0000,-1.0000,-1.0000,-1.0000,-1.0000,-1.0000,-1.0000,-1.0000,-1.0000,-1.0000,-1.0000,-1.0000,-1.0000,-1.0000,-1.0000,-1.0000,-1.0000,-1.0000,-1.0000,-1.0000,-1.0000,-1.0000,-1.0000,-1.0000,-1.0000,-1.0000,-1.0000,-1.0000,-1.0000,-1.0000,-1.0000,-1.0000,0.7806,0.7516,0.7232,0.7164,0.7684,0.7474,0.7039,0.6327,0.7270,0.6771,0.7101,0.6930,0.6786,0.6246,0.5424,0.6100,0.5858,0.5516,0.6370,0.5519,0.5285,0.5533,-1.0000,-1.0000,-1.0000,-1.0000,-1.0000,-1.0000,-1.0000,-1.0000,-1.0000,-1.0000,-1.0000,-1.0000,-1.0000,-1.0000,-1.0000,-1.0000,-1.0000,-1.0000,-1.0000,-1.0000,-1.0000,-1.0000,-1.0000,-1.0000,-1.0000,-1.0000,-1.0000,-1.0000,-1.0000,-1.0000,-1.0000,-1.0000,-1.0000,-1.0000,-1.0000,-1.0000,1.0473,0.9911,1.0492,1.0657,1.0196,1.0266,0.7160,0.5992,0.7219,0.7776,0.5802,0.8343,0.8221,0.6686,0.7238,0.8458,0.6464,0.7272,0.8086,0.7829,0.7557,0.7426,0.7960,0.7845,0.7279,0.6682,0.7621,0.7154,0.7416,0.7174,0.7151,0.6678,0.5904,0.6539,0.6309,0.5955,0.6794,0.5905,0.5725,0.5998,0.6938,0.7806,0.7516,0.7232,0.7164,0.7684,0.7474,0.7039,0.6327,0.7270,0.6771,0.7101,0.6930,0.6786,0.6246,0.5424,0.6100,0.5858,0.5516,0.6370,0.5519,0.5285,0.5533,0,0.5285,-3.8126,0.2856,-2.5528
58,0.1160,0.6992,-0.0524,0.8407,-3.8126,0.2856,-3.6907,0.0656,0.1908,0.0001,1.0269,1.0000,0.0003,0.0050,0.0001,-0.0001,-0.0096,-0.0007,-0.0031,0.0028,-0.0012,0.0001,-0.0095,-0.0008,-0.0031,0.0027,-0.0007,0.0000,0.0291,-0.0013,-0.0005,0.0344,0.0006,0.0033,-0.0000,0.0291,0.0016,0.0005,0.0343,0.0006,0.0029,0.0000,0.0122,-0.0011,-0.0056,-0.0202,0.1417,0.0011,-0.0004,-0.1459,0.0301,-0.0427,0.2092,-0.0961,-0.0001,-0.1446,0.0192,-0.0443,0.2088,0.1208,0.0044,0.3447,-0.0135,0.0066,0.1430,0.0100,0.0329,-0.0004,0.3517,-0.0020,0.0023,0.1653,0.0104,0.0237,0.0004,-1.0000,-1.0000,-1.0000,-1.0000,-1.0000,-1.0000,-1.0000,-1.0000,-1.0000,-1.0000,-1.0000,-1.0000,-1.0000,-1.0000,-1.0000,-1.0000,-1.0000,-1.0000,-1.0000,-1.0000,-1.0000,-1.0000,-1.0000,-1.0000,-1.0000,-1.0000,-1.0000,-1.0000,-1.0000,-1.0000,-1.0000,-1.0000,-1.0000,-1.0000,-1.0000,-1.0000,-1.0000,-1.0000,-1.0000,-1.0000,-1.0000,-1.0000,-1.0000,-1.0000,-1.0000,-1.0000,-1.0000,-1.0000,-1.0000,-1.0000,-1.0000,-1.0000,-1.0000,-1.0000,-1.0000,-1.0000,-1.0000,-1.0000,-1.0000,-1.0000,-1.0000,-1.0000,-1.0000,0.7819,0.7525,0.7237,0.7167,0.7675,0.7470,0.7037,0.6315,0.7256,0.6758,0.7082,0.6919,0.6763,0.6216,0.5404,0.6077,0.5828,0.5500,0.6343,0.5502,0.5255,0.5505,-1.0000,-1.0000,-1.0000,-1.0000,-1.0000,-1.0000,-1.0000,-1.0000,-1.0000,-1.0000,-1.0000,-1.0000,-1.0000,-1.0000,-1.0000,-1.0000,-1.0000,-1.0000,-1.0000,-1.0000,-1.0000,-1.0000,-1.0000,-1.0000,-1.0000,-1.0000,-1.0000,-1.0000,-1.0000,-1.0000,-1.0000,-1.0000,-1.0000,-1.0000,-1.0000,-1.0000,1.0504,0.9946,1.0521,1.0683,1.0230,1.0296,0.7133,0.5986,0.7230,0.7763,0.5790,0.8354,0.8213,0.6691,0.7215,0.8455,0.6464,0.7270,0.8095,0.7835,0.7559,0.7426,0.7948,0.7836,0.7274,0.6666,0.7604,0.7137,0.7394,0.7160,0.7126,0.6645,0.5881,0.6513,0.6276,0.5935,0.6764,0.5886,0.5693,0.5968,0.6940,0.7819,0.7525,0.7237,0.7167,0.7675,0.7470,0.7037,0.6315,0.7256,0.6758,0.7082,0.6919,0.6763,0.6216,0.5404,0.6077,0.5828,0.5500,0.6343,0.5502,0.5255,0.5505,0,0.5255,-3.8126,0.2856,-2.5528
59,0.1180,0.6916,-0.0518,0.8333,-3.8126,0.2856,-3.7104,0.0656,0.1908,0.0001,1.0269,1.0000,0.0003,0.0052,0.0001,-0.0001,-0.0099,-0.0007,-0.0032,0.0031,-0.0014,0.0001,-0.0098,-0.0007,-0.0032,0.0030,-0.0006,0.0000,0.0298,-0.0013,-0.0005,0.0347,0.0006,0.0034,-0.0000,0.0298,0.0015,0.0005,0.0347,0.0006,0.0030,0.0000,0.0123,-0.0010,-0.0037,-0.0199,0.1427,0.0012,-0.0006,-0.1395,0.0312,-0.0484,0.1446,-0.1294,0.0001,-0.1395,0.0210,-0.0490,0.1546,0.0718,0.0041,0.3418,-0.0127,0.0067,0.1361,0.0101,0.0328,-0.0004,0.3486,-0.0027,0.0015,0.1575,0.0106,0.0225,0.0004,-1.0000,-1.0000,-1.0000,-1.0000,-1.0000,-1.0000,-1.0000,-1.0000,-1.0000,-1.0000,-1.0000,-1.0000,-1.0000,-1.0000,-1.0000,-1.0000,-1.0000,-1.0000,-1.0000,-1.0000,-1.0000,-1.0000,-1.0000,-1.0000,-1.0000,-1.0000,-1.0000,-1.0000,-1.0000,-1.0000,-1.0000,-1.0000,-1.0000,-1.0000,-1.0000,-1.0000,-1.0000,-1.0000,-1.0000,-1.0000,-1.0000,-1.0000,-1.0000,-1.0000,-1.0000,-1.0000,-1.0000,-1.0000,-1.0000,-1.0000,-1.0000,-1.0000,-1.0000,-1.0000,-1.0000,-1.0000,-1.0000,-1.0000,-1.0000,-1.0000,-1.0000,-1.0000,-1.0000,0.7833,0.7536,0.7244,0.7173,0.7667,0.7466,0.7036,0.6304,0.7244,0.6746,0.7064,0.6909,0.6743,0.6187,0.5386,0.6056,0.5799,0.5485,0.6318,0.5487,0.5228,0.5480,-1.0000,-1.0000,-1.0000,-1.0000,-1.0000,-1.0000,-1.0000,-1.0000,-1.0000,-1.0000,-1.0000,-1.0000,-1.0000,-1.0000,-1.0000,-1.0000,-1.0000,-1.0000,-1.0000,-1.0000,-1.0000,-1.0000,-1.0000,-1.0000,-1.0000,-1.0000,-1.0000,-1.0000,-1.0000,-1.0000,-1.0000,-1.0000,-1.0000,-1.0000,-1.0000,-1.0000,1.0537,0.9983,1.0552,1.0711,1.0265,1.0327,0.7107,0.5982,0.7242,0.7751,0.5779,0.8366,0.8207,0.6698,0.7193,0.8454,0.6466,0.7269,0.8106,0.7842,0.7562,0.7429,0.7938,0.7829,0.7271,0.6652,0.7589,0.7122,0.7374,0.7148,0.7103,0.6613,0.5859,0.6489,0.6245,0.5918,0.6736,0.5868,0.5663,0.5939,0.6943,0.7833,0.7536,0.7244,0.7173,0.7667,0.7466,0.7036,0.6304,0.7244,0.6746,0.7064,0.6909,0.6743,0.6187,0.5386,0.6056,0.5799,0.5485,0.6318,0.5487,0.5228,0.5480,0,0.5228,-3.8126,0.2856,-2.5528
59,0.1180,0.6916,-0.0518,0.8333,-3.8126,0.2856,-3.7104,0.0656,0.1908,0.0001,1.0269,1.0000,0.0003,0.0052,0.0001,-0.0001,-0.0099,-0.0007,-0.0032,0.0031,-0.0014,0.0001,-0.0098,-0.0007,-0.0032,0.0030,-0.0006,0.0000,0.0298,-0.0013,-0.0005,0.0347,0.0006,0.0034,-0.0000,0.0298,0.0015,0.0005,0.0347,0.0006,0.0030,0.0000,0.0123,-0.0010,-0.0037,-0.0199,0.1427,0.0012,-0.0006,-0.1395,0.0312,-0.0484,0.1446,-0.1294,0.0001,-0.1395,0.0210,-0.0490,0.1546,0.0718,0.0041,0.3418,-0.0127,0.0067,0.1361,0.0101,0.0328,-0.0004,0.3486,-0.0027,0.0015,0.1575,0.0106,0.0225,0.0004,-1.0000,-1.0000,-1.0000,-1.0000,-1.0000,-1.0000,-1.0000,-1.0000,-1.0000,-1.0000,-1.0000,-1.0000,-1.0000,-1.0000,-1.0000,-1.0000,-1.0000,-1.0000,-1.0000,-1.0000,-1.0000,-1.0000,-1.0000,-1.0000,-1.0000,-1.0000,-1.0000,-1.0000,-1.0000,-1.0000,-1.0000,-1.0000,-1.0000,-1.0000,-1.0000,-1.0000,-1.0000,-1.0000,-1.0000,-1.0000,-1.0000,-1.0000,-1.0000,-1.0000,-1.0000,-1.0000,-1.0000,-1.0000,-1.0000,-1.0000,-1.0000,-1.0000,-1.0000,-1.0000,-1.0000,-1.0000,-1.0000,-1.0000,-1.0000,-1.0000,-1.0000,-1.0000,-1.0000,0.7833,0.7536,0.7244,0.7173,0.7667,0.7466,0.7036,0.6304,0.7244,0.6746,0.7064,0.6909,0.6743,0.6187,0.5386,0.6056,0.5799,0.5485,0.6318,0.5487,0.5228,0.5480,-1.0000,-1.0000,-1.0000,-1.0000,-1.0000,-1.0000,-1.0000,-1.0000,-1.0000,-1.0000,-1.0000,-1.0000,-1.0000,-1.0000,-1.0000,-1.0000,-1.0000,-1.0000,-1.0000,-1.0000,-1.0000,-1.0000,-1.0000,-1.0000,-1.0000,-1.0000,-1.0000,-1.0000,-1.0000,-1.0000,-1.0000,-1.0000,-1.0000,-1.0000,-1.0000,-1.0000,1.0537,0.9983,1.0552,1.0711,1.0265,1.0327,0.7107,0.5982,0.7242,0.7751,0.5779,0.8366,0.8207,0.6698,0.7193,0.8454,0.6466,0.7269,0.8106,0.7842,0.7562,0.7429,0.7938,0.7829,0.7271,0.6652,0.7589,0.7122,0.7374,0.7148,0.7103,0.6613,0.5859,0.6489,0.6245,0.5918,0.6736,0.5868,0.5663,0.5939,0.6943,0.7833,0.7536,0.7244,0.7173,0.7667,0.7466,0.7036,0.6304,0.7244,0.6746,0.7064,0.6909,0.6743,0.6187,0.5386,0.6056,0.5799,0.5485,0.6318,0.5487,0.5228,0.5480,0,0.5228,-3.8126,0.2856,-2.5528
60,0.1200,0.6839,-0.0512,0.8258,-3.8126,0.2856,-3.7300,0.0656,0.1909,0.0000,1.0269,1.0000,0.0003,0.0053,0.0001,-0.0001,-0.0101,-0.0006,-0.0033,0.0033,-0.0017,0.0001,-0.0101,-0.0007,-0.0033,0.0032,-0.0005,0.0000,0.0305,-0.0013,-0.0005,0.0349,0.0006,0.0034,-0.0000,0.0305,0.0015,0.0005,0.0350,0.0006,0.0030,0.0000,0.0124,-0.0008,-0.0022,-0.0195,0.1435,0.0013,-0.0007,-0.1340,0.0321,-0.0533,0.0894,-0.1623,0.0001,-0.1349,0.0226,-0.0531,0.1072,0.0232,0.0038,0.3384,-0.0118,0.0068,0.1287,0.0103,0.0325,-0.0004,0.3449,-0.0035,0.0007,0.1491,0.0108,0.0213,0.0004,-1.0000,-1.0000,-1.0000,-1.0000,-1.0000,-1.0000,-1.0000,-1.0000,-1.0000,-1.0000,-1.0000,-1.0000,-1.0000,-1.0000,-1.0000,-1.0000,-1.0000,-1.0000,-1.0000,-1.0000,-1.0000,-1.0000,-1.0000,-1.0000,-1.0000,-1.0000,-1.0000,-1.0000,-1.0000,-1.0000,-1.0000,-1.0000,-1.0000,-1.0000,-1.0000,-1.0000,-1.0000,-1.0000,-1.0000,-1.0000,-1.0000,-1.0000,-1.0000,-1.0000,-1.0000,-1.0000,-1.0000,-1.0000,-1.0000,-1.0000,-1.0000,-1.0000,-1.0000,-1.0000,-1.0000,-1.0000,-1.0000,-1.0000,-1.0000,-1.0000,-1.0000,-1.0000,-1.0000,0.7849,0.7548,0.7253,0.7180,0.7662,0.7465,0.7038,0.6295,0.7234,0.6736,0.7048,0.6901,0.6724,0.6159,0.5370,0.6037,0.5773,0.5473,0.6295,0.5475,0.5202,0.5456,-1.0000,-1.0000,-1.0000,-1.0000,-1.0000,-1.0000,-1.0000,-1.0000,-1.0000,-1.0000,-1.0000,-1.0000,-1.0000,-1.0000,-1.0000,-1.0000,-1.0000,-1.0000,-1.0000,-1.0000,-1.0000,-1.0000,-1.0000,-1.0000,-1.0000,-1.0000,-1.0000,-1.0000,-1.0000,-1.0000,-1.0000,-1.0000,-1.0000,-1.0000,-1.0000,-1.0000,1.0571,1.0021,1.0585,1.0740,1.0301,1.0359,0.7082,0.5980,0.7257,0.7741,0.5771,0.8380,0.8202,0.6707,0.7172,0.8454,0.6470,0.7270,0.8119,0.7850,0.7567,0.7433,0.7930,0.7824,0.7270,0.6640,0.7575,0.7108,0.7355,0.7138,0.7081,0.6583,0.5840,0.6467,0.6215,0.5902,0.6710,0.5852,0.5635,0.5912,0.6948,0.7849,0.7548,0.7253,0.7180,0.7662,0.7465,0.7038,0.6295,0.7234,0.6736,0.7048,0.6901,0.6724,0.6159,0.5370,0.6037,0.5773,0.5473,0.6295,0.5475,0.5202,0.5456,0,0.5202,-3.8126,0.2856,-2.5528
60,0.1200,0.6839,-0.0512,0.8258,-3.8126,0.2856,-3.7300,0.0656,0.1909,0.0000,1.0269,1.0000,0.0003,0.0053,0.0001,-0.0001,-0.0101,-0.0006,-0.0033,0.0033,-0.0017,0.0001,-0.0101,-0.0007,-0.0033,0.0032,-0.0005,0.0000,0.0305,-0.0013,-0.0005,0.0349,0.0006,0.0034,-0.0000,0.0305,0.0015,0.0005,0.0350,0.0006,0.0030,0.0000,0.0124,-0.0008,-0.0022,-0.0195,0.1435,0.0013,-0.0007,-0.1340,0.0321,-0.0533,0.0894,-0.1623,0.0001,-0.1349,0.0226,-0.0531,0.1072,0.0232,0.0038,0.3384,-0.0118,0.0068,0.1287,0.0103,0.0325,-0.0004,0.3449,-0.0035,0.0007,0.1491,0.0108,0.0213,0.0004,-1.0000,-1.0000,-1.0000,-1.0000,-1.0000,-1.0000,-1.0000,-1.0000,-1.0000,-1.0000,-1.0000,-1.0000,-1.0000,-1.0000,-1.0000,-1.0000,-1.0000,-1.0000,-1.0000,-1.0000,-1.0000,-1.0000,-1.0000,-1.0000,-1.0000,-1.0000,-1.0000,-1.0000,-1.0000,-1.0000,-1.0000,-1.0000,-1.0000,-1.0000,-1.0000,-1.0000,-1.0000,-1.0000,-1.0000,-1.0000,-1.0000,-1.0000,-1.0000,-1.0000,-1.0000,-1.0000,-1.0000,-1.0000,-1.0000,-1.0000,-1.0000,-1.0000,-1.0000,-1.0000,-1.0000,-1.0000,-1.0000,-1.0000,-1.0000,-1.0000,-1.0000,-1.0000,-1.0000,0.7849,0.7548,0.7253,0.7180,0.7662,0.7465,0.7038,0.6295,0.7234,0.6736,0.7048,0.6901,0.6724,0.6159,0.5370,0.6037,0.5773,0.5473,0.6295,0.5475,0.5202,0.5456,-1.0000,-1.0000,-1.0000,-1.0000,-1.0000,-1.0000,-1.0000,-1.0000,-1.0000,-1.0000,-1.0000,-1.0000,-1.0000,-1.0000,-1.0000,-1.0000,-1.0000,-1.0000,-1.0000,-1.0000,-1.0000,-1.0000,-1.0000,-1.0000,-1.0000,-1.0000,-1.0000,-1.0000,-1.0000,-1.0000,-1.0000,-1.0000,-1.0000,-1.0000,-1.0000,-1.0000,1.0571,1.0021,1.0585,1.0740,1.0301,1.0359,0.7082,0.5980,0.7257,0.7741,0.5771,0.8380,0.8202,0.6707,0.7172,0.8454,0.6470,0.7270,0.8119,0.7850,0.7567,0.7433,0.7930,0.7824,0.7270,0.6640,0.7575,0.7108,0.7355,0.7138,0.7081,0.6583,0.5840,0.6467,0.6215,0.5902,0.6710,0.5852,0.5635,0.5912,0.6948,0.7849,0.7548,0.7253,0.7180,0.7662,0.7465,0.7038,0.6295,0.7234,0.6736,0.7048,0.6901,0.6724,0.6159,0.5370,0.6037,0.5773,0.5473,0.6295,0.5475,0.5202,0.5456,0,0.5202,-3.8126,0.2856,-2.5528
61,0.1220,0.6763,-0.0507,0.8183,-3.8126,0.2856,-3.7496,0.0656,0.1909,0.0000,1.0269,1.0000,0.0002,0.0055,0.0001,-0.0001,-0.0104,-0.0005,-0.0034,0.0034,-0.0021,0.0001,-0.0103,-0.0006,-0.0034,0.0033,-0.0007,0.0001,0.0311,-0.0013,-0.0005,0.0352,0.0007,0.0035,-0.0000,0.0312,0.0015,0.0005,0.0352,0.0007,0.0030,0.0000,0.0124,-0.0005,-0.0017,-0.0158,0.1441,0.0015,-0.0008,-0.1290,0.0290,-0.0578,0.0413,-0.1952,0.0006,-0.1297,0.0224,-0.0574,0.0579,-0.0726,0.0030,0.3346,-0.0100,0.0065,0.1210,0.0104,0.0323,-0.0004,0.3400,-0.0034,-0.0006,0.1381,0.0109,0.0200,0.0004,-1.0000,-1.0000,-1.0000,-1.0000,-1.0000,-1.0000,-1.0000,-1.0000,-1.0000,-1.0000,-1.0000,-1.0000,-1.0000,-1.0000,-1.0000,-1.0000,-1.0000,-1.0000,-1.0000,-1.0000,-1.0000,-1.0000,-1.0000,-1.0000,-1.0000,-1.0000,-1.0000,-1.0000,-1.0000,-1.0000,-1.0000,-1.0000,-1.0000,-1.0000,-1.0000,-1.0000,-1.0000,-1.0000,-1.0000,-1.0000,-1.0000,-1.0000,-1.0000,-1.0000,-1.0000,-1.0000,-1.0000,-1.0000,-1.0000,-1.0000,-1.0000,-1.0000,-1.0000,-1.0000,-1.0000,-1.0000,-1.0000,-1.0000,-1.0000,-1.0000,-1.0000,-1.0000,-1.0000,0.7867,0.7563,0.7263,0.7189,0.7657,0.7465,0.7041,0.6288,0.7225,0.6728,0.7033,0.6895,0.6707,0.6134,0.5357,0.6020,0.5748,0.5463,0.6273,0.5465,0.5179,0.5435,-1.0000,-1.0000,-1.0000,-1.0000,-1.0000,-1.0000,-1.0000,-1.0000,-1.0000,-1.0000,-1.0000,-1.0000,-1.0000,-1.0000,-1.0000,-1.0000,-1.0000,-1.0000,-1.0000,-1.0000,-1.0000,-1.0000,-1.0000,-1.0000,-1.0000,-1.0000,-1.0000,-1.0000,-1.0000,-1.0000,-1.0000,-1.0000,-1.0000,-1.0000,-1.0000,-1.0000,1.0606,1.0061,1.0618,1.0771,1.0338,1.0393,0.7059,0.5981,0.7273,0.7733,0.5765,0.8395,0.8199,0.6719,0.7154,0.8455,0.6477,0.7273,0.8133,0.7861,0.7574,0.7439,0.7923,0.7820,0.7270,0.6630,0.7563,0.7097,0.7338,0.7129,0.7061,0.6554,0.5822,0.6447,0.6188,0.5888,0.6685,0.5839,0.5608,0.5888,0.6954,0.7867,0.7563,0.7263,0.7189,0.7657,0.7465,0.7041,0.6288,0.7225,0.6728,0.7033,0.6895,0.6707,0.6134,0.5357,0.6020,0.5748,0.5463,0.6273,0.5465,0.5179,0.5435,0,0.5179,-3.8126,0.2856,-2.5528
62,0.1240,0.6687,-0.0501,0.8108,-3.8126,0.2856,-3.7692,0.0656,0.1909,0.0000,1.0269,1.0000,0.0002,0.0056,0.0001,-0.0001,-0.0106,-0.0005,-0.0036,0.0034,-0.0026,0.0001,-0.0106,-0.0006,-0.0036,0.0034,-0.0010,0.0001,0.0318,-0.0013,-0.0005,0.0354,0.0007,0.0035,-0.0000,0.0318,0.0015,0.0005,0.0355,0.0007,0.0031,0.0000,0.0124,-0.0001,-0.0014,-0.0122,0.1447,0.0017,-0.0009,-0.1246,0.0258,-0.0617,0.0002,-0.2272,0.0009,-0.1252,0.0220,-0.0612,0.0151,-0.1627,0.0022,0.3303,-0.0083,0.0062,0.1131,0.0105,0.0320,-0.0004,0.3347,-0.0034,-0.0018,0.1269,0.0110,0.0187,0.0003,-1.0000,-1.0000,-1.0000,-1.0000,-1.0000,-1.0000,-1.0000,-1.0000,-1.0000,-1.0000,-1.0000,-1.0000,-1.0000,-1.0000,-1.0000,-1.0000,-1.0000,-1.0000,-1.0000,-1.0000,-1.0000,-1.0000,-1.0000,-1.0000,-1.0000,-1.0000,-1.0000,-1.0000,-1.0000,-1.0000,-1.0000,-1.0000,-1.0000,-1.0000,-1.0000,-1.0000,-1.0000,-1.0000,-1.0000,-1.0000,-1.0000,-1.0000,-1.0000,-1.0000,-1.0000,-1.0000,-1.0000,-1.0000,-1.0000,-1.0000,-1.0000,-1.0000,-1.0000,-1.0000,-1.0000,-1.0000,-1.0000,-1.0000,-1.0000,-1.0000,-1.0000,-1.0000,-1.0000,0.7887,0.7579,0.7276,0.7200,0.7655,0.7467,0.7046,0.6283,0.7219,0.6721,0.7021,0.6891,0.6692,0.6110,0.5345,0.6005,0.5725,0.5456,0.6254,0.5457,0.5157,0.5416,-1.0000,-1.0000,-1.0000,-1.0000,-1.0000,-1.0000,-1.0000,-1.0000,-1.0000,-1.0000,-1.0000,-1.0000,-1.0000,-1.0000,-1.0000,-1.0000,-1.0000,-1.0000,-1.0000,-1.0000,-1.0000,-1.0000,-1.0000,-1.0000,-1.0000,-1.0000,-1.0000,-1.0000,-1.0000,-1.0000,-1.0000,-1.0000,-1.0000,-1.0000,-1.0000,-1.0000,1.0643,1.0102,1.0653,1.0803,1.0377,1.0428,0.7039,0.5983,0.7291,0.7726,0.5761,0.8413,0.8198,0.6732,0.7138,0.8459,0.6485,0.7278,0.8149,0.7873,0.7582,0.7447,0.7918,0.7818,0.7272,0.6621,0.7553,0.7087,0.7322,0.7123,0.7043,0.6528,0.5807,0.6428,0.6162,0.5876,0.6662,0.5827,0.5584,0.5865,0.6963,0.7887,0.7579,0.7276,0.7200,0.7655,0.7467,0.7046,0.6283,0.7219,0.6721,0.7021,0.6891,0.6692,0.6110,0.5345,0.6005,0.5725,0.5456,0.6254,0.5457,0.5157,0.5416,0,0.5157,-3.8126,0.2856,-2.5528
62,0.1240,0.6687,-0.0501,0.8108,-3.8126,0.2856,-3.7692,0.0656,0.1909,0.0000,1.0269,1.0000,0.0002,0.0056,0.0001,-0.0001,-0.0106,-0.0005,-0.0036,0.0034,-0.0026,0.0001,-0.0106,-0.0006,-0.0036,0.0034,-0.0010,0.0001,0.0318,-0.0013,-0.0005,0.0354,0.0007,0.0035,-0.0000,0.0318,0.0015,0.0005,0.0355,0.0007,0.0031,0.0000,0.0124,-0.0001,-0.0014,-0.0122,0.1447,0.0017,-0.0009,-0.1246,0.0258,-0.0617,0.0002,-0.2272,0.0009,-0.1252,0.0220,-0.0612,0.0151,-0.1627,0.0022,0.3303,-0.0083,0.0062,0.1131,0.0105,0.0320,-0.0004,0.3347,-0.0034,-0.0018,0.1269,0.0110,0.0187,0.0003,-1.0000,-1.0000,-1.0000,-1.0000,-1.0000,-1.0000,-1.0000,-1.0000,-1.0000,-1.0000,-1.0000,-1.0000,-1.0000,-1.0000,-1.0000,-1.0000,-1.0000,-1.0000,-1.0000,-1.0000,-1.0000,-1.0000,-1.0000,-1.0000,-1.0000,-1.0000,-1.0000,-1.0000,-1.0000,-1.0000,-1.0000,-1.0000,-1.0000,-1.0000,-1.0000,-1.0000,-1.0000,-1.0000,-1.0000,-1.0000,-1.0000,-1.0000,-1.0000,-1.0000,-1.0000,-1.0000,-1.0000,-1.0000,-1.0000,-1.0000,-1.0000,-1.0000,-1.0000,-1.0000,-1.0000,-1.0000,-1.0000,-1.0000,-1.0000,-1.0000,-1.0000,-1.0000,-1.0000,0.7887,0.7579,0.7276,0.7200,0.7655,0.7467,0.7046,0.6283,0.7219,0.6721,0.7021,0.6891,0.6692,0.6110,0.5345,0.6005,0.5725,0.5456,0.6254,0.5457,0.5157,0.5416,-1.0000,-1.0000,-1.0000,-1.0000,-1.0000,-1.0000,-1.0000,-1.0000,-1.0000,-1.0000,-1.0000,-1.0000,-1.0000,-1.0000,-1.0000,-1.0000,-1.0000,-1.0000,-1.0000,-1.0000,-1.0000,-1.0000,-1.0000,-1.0000,-1.0000,-1.0000,-1.0000,-1.0000,-1.0000,-1.0000,-1.0000,-1.0000,-1.0000,-1.0000,-1.0000,-1.0000,1.0643,1.0102,1.0653,1.0803,1.0377,1.0428,0.7039,0.5983,0.7291,0.7726,0.5761,0.8413,0.8198,0.6732,0.7138,0.8459,0.6485,0.7278,0.8149,0.7873,0.7582,0.7447,0.7918,0.7818,0.7272,0.6621,0.7553,0.7087,0.7322,0.7123,0.7043,0.6528,0.5807,0.6428,0.6162,0.5876,0.6662,0.5827,0.5584,0.5865,0.6963,0.7887,0.7579,0.7276,0.7200,0.7655,0.7467,0.7046,0.6283,0.7219,0.6721,0.7021,0.6891,0.6692,0.6110,0.5345,0.6005,0.5725,0.5456,0.6254,0.5457,0.5157,0.5416,0,0.5157,-3.8126,0.2856,-2.5528
63,0.1260,0.6611,-0.0495,0.8032,-3.8126,0.2856,-3.7888,0.0656,0.1909,0.0000,1.0269,1.0000,0.0002,0.0058,0.0001,-0.0001,-0.0109,-0.0004,-0.0037,0.0033,-0.0031,0.0001,-0.0108,-0.0005,-0.0037,0.0033,-0.0014,0.0001,0.0324,-0.0014,-0.0005,0.0356,0.0007,0.0036,-0.0000,0.0325,0.0015,0.0005,0.0357,0.0007,0.0031,0.0000,0.0124,0.0001,-0.0005,-0.0121,0.1452,0.0018,-0.0009,-0.1209,0.0270,-0.0651,-0.0341,-0.2573,0.0007,-0.1218,0.0236,-0.0644,-0.0179,-0.1996,0.0020,0.3255,-0.0076,0.0064,0.1050,0.0106,0.0316,-0.0004,0.3296,-0.0045,-0.0025,0.1182,0.0111,0.0175,0.0003,-1.0000,-1.0000,-1.0000,-1.0000,-1.0000,-1.0000,-1.0000,-1.0000,-1.0000,-1.0000,-1.0000,-1.0000,-1.0000,-1.0000,-1.0000,-1.0000,-1.0000,-1.0000,-1.0000,-1.0000,-1.0000,-1.0000,-1.0000,-1.0000,-1.0000,-1.0000,-1.0000,-1.0000,-1.0000,-1.0000,-1.0000,-1.0000,-1.0000,-1.0000,-1.0000,-1.0000,-1.0000,-1.0000,-1.0000,-1.0000,-1.0000,-1.0000,-1.0000,-1.0000,-1.0000,-1.0000,-1.0000,-1.0000,-1.0000,-1.0000,-1.0000,-1.0000,-1.0000,-1.0000,-1.0000,-1.0000,-1.0000,-1.0000,-1.0000,-1.0000,-1.0000,-1.0000,-1.0000,0.7908,0.7597,0.7290,0.7213,0.7655,0.7471,0.7053,0.6280,0.7214,0.6717,0.7010,0.6889,0.6679,0.6089,0.5336,0.5992,0.5705,0.5450,0.6236,0.5451,0.5138,0.5398,-1.0000,-1.0000,-1.0000,-1.0000,-1.0000,-1.0000,-1.0000,-1.0000,-1.0000,-1.0000,-1.0000,-1.0000,-1.0000,-1.0000,-1.0000,-1.0000,-1.0000,-1.0000,-1.0000,-1.0000,-1.0000,-1.0000,-1.0000,-1.0000,-1.0000,-1.0000,-1.0000,-1.0000,-1.0000,-1.0000,-1.0000,-1.0000,-1.0000,-1.0000,-1.0000,-1.0000,1.0681,1.0144,1.0690,1.0836,1.0418,1.0465,0.7020,0.5988,0.7311,0.7722,0.5759,0.8432,0.8199,0.6747,0.7123,0.8464,0.6495,0.7285,0.8167,0.7887,0.7593,0.7457,0.7914,0.7818,0.7277,0.6615,0.7545,0.7079,0.7309,0.7118,0.7026,0.6503,0.5793,0.6411,0.6138,0.5867,0.6641,0.5818,0.5562,0.5844,0.6974,0.7908,0.7597,0.7290,0.7213,0.7655,0.7471,0.7053,0.6280,0.7214,0.6717,0.7010,0.6889,0.6679,0.6089,0.5336,0.5992,0.5705,0.5450,0.6236,0.5451,0.5138,0.5398,0,0.5138,-3.8126,0.2856,-2.5528
63,0.1260,0.6611,-0.0495,0.8032,-3.8126,0.2856,-3.7888,0.0656,0.1909,0.0000,1.0269,1.0000,0.0002,0.0058,0.0001,-0.0001,-0.0109,-0.0004,-0.0037,0.0033,-0.0031,0.0001,-0.0108,-0.0005,-0.0037,0.0033,-0.0014,0.0001,0.0324,-0.0014,-0.0005,0.0356,0.0007,0.0036,-0.0000,0.0325,0.0015,0.0005,0.0357,0.0007,0.0031,0.0000,0.0124,0.0001,-0.0005,-0.0121,0.1452,0.0018,-0.0009,-0.1209,0.0270,-0.0651,-0.0341,-0.2573,0.0007,-0.1218,0.0236,-0.0644,-0.0179,-0.1996,0.0020,0.3255,-0.0076,0.0064,0.1050,0.0106,0.0316,-0.0004,0.3296,-0.0045,-0.0025,0.1182,0.0111,0.0175,0.0003,-1.0000,-1.0000,-1.0000,-1.0000,-1.0000,-1.0000,-1.0000,-1.0000,-1.0000,-1.0000,-1.0000,-1.0000,-1.0000,-1.0000,-1.0000,-1.0000,-1.0000,-1.0000,-1.0000,-1.0000,-1.0000,-1.0000,-1.0000,-1.0000,-1.0000,-1.0000,-1.0000,-1.0000,-1.0000,-1.0000,-1.0000,-1.0000,-1.0000,-1.0000,-1.0000,-1.0000,-1.0000,-1.0000,-1.0000,-1.0000,-1.0000,-1.0000,-1.0000,-1.0000,-1.0000,-1.0000,-1.0000,-1.0000,-1.0000,-1.0000,-1.0000,-1.0000,-1.0000,-1.0000,-1.0000,-1.0000,-1.0000,-1.0000,-1.0000,-1.0000,-1.0000,-1.0000,-1.0000,0.7908,0.7597,0.7290,0.7213,0.7655,0.7471,0.7053,0.6280,0.7214,0.6717,0.7010,0.6889,0.6679,0.6089,0.5336,0.5992,0.5705,0.5450,0.6236,0.5451,0.5138,0.5398,-1.0000,-1.0000,-1.0000,-1.0000,-1.0000,-1.0000,-1.0000,-1.0000,-1.0000,-1.0000,-1.0000,-1.0000,-1.0000,-1.0000,-1.0000,-1.0000,-1.0000,-1.0000,-1.0000,-1.0000,-1.0000,-1.0000,-1.0000,-1.0000,-1.0000,-1.0000,-1.0000,-1.0000,-1.0000,-1.0000,-1.0000,-1.0000,-1.0000,-1.0000,-1.0000,-1.0000,1.0681,1.0144,1.0690,1.0836,1.0418,1.0465,0.7020,0.5988,0.7311,0.7722,0.5759,0.8432,0.8199,0.6747,0.7123,0.8464,0.6495,0.7285,0.8167,0.7887,0.7593,0.7457,0.7914,0.7818,0.7277,0.6615,0.7545,0.7079,0.7309,0.7118,0.7026,0.6503,0.5793,0.6411,0.6138,0.5867,0.6641,0.5818,0.5562,0.5844,0.6974,0.7908,0.7597,0.7290,0.7213,0.7655,0.7471,0.7053,0.6280,0.7214,0.6717,0.7010,0.6889,0.6679,0.6089,0.5336,0.5992,0.5705,0.5450,0.6236,0.5451,0.5138,0.5398,0,0.5138,-3.8126,0.2856,-2.5528
64,0.1280,0.6534,-0.0489,0.7956,-3.8126,0.2856,-3.8085,0.0656,0.1910,0.0000,1.0269,1.0000,0.0002,0.0059,0.0001,-0.0001,-0.0111,-0.0004,-0.0038,0.0032,-0.0032,0.0001,-0.0111,-0.0005,-0.0038,0.0032,-0.0019,0.0001,0.0331,-0.0014,-0.0005,0.0358,0.0007,0.0037,-0.0000,0.0332,0.0015,0.0005,0.0359,0.0007,0.0032,0.0000,0.0124,-0.0004,-0.0013,-0.0195,0.1452,0.0015,-0.0013,-0.1214,0.0267,-0.0648,-0.0277,-0.0570,0.0006,-0.1182,0.0349,-0.0673,-0.0468,-0.2366,0.0029,0.3186,-0.0085,0.0076,0.0917,0.0108,0.0311,-0.0003,0.3245,-0.0073,-0.0023,0.1096,0.0113,0.0163,0.0003,-1.0000,-1.0000,-1.0000,-1.0000,-1.0000,-1.0000,-1.0000,-1.0000,-1.0000,-1.0000,-1.0000,-1.0000,-1.0000,-1.0000,-1.0000,-1.0000,-1.0000,-1.0000,-1.0000,-1.0000,-1.0000,-1.0000,-1.0000,-1.0000,-1.0000,-1.0000,-1.0000,-1.0000,-1.0000,-1.0000,-1.0000,-1.0000,-1.0000,-1.0000,-1.0000,-1.0000,-1.0000,-1.0000,-1.0000,-1.0000,-1.0000,-1.0000,-1.0000,-1.0000,-1.0000,-1.0000,-1.0000,-1.0000,-1.0000,-1.0000,-1.0000,-1.0000,-1.0000,-1.0000,-1.0000,-1.0000,-1.0000,-1.0000,-1.0000,-1.0000,-1.0000,-1.0000,-1.0000,0.7931,0.7616,0.7306,0.7228,0.7656,0.7477,0.7062,0.6279,0.7211,0.6715,0.7001,0.6889,0.6667,0.6069,0.5329,0.5982,0.5686,0.5447,0.6221,0.5447,0.5121,0.5383,-1.0000,-1.0000,-1.0000,-1.0000,-1.0000,-1.0000,-1.0000,-1.0000,-1.0000,-1.0000,-1.0000,-1.0000,-1.0000,-1.0000,-1.0000,-1.0000,-1.0000,-1.0000,-1.0000,-1.0000,-1.0000,-1.0000,-1.0000,-1.0000,-1.0000,-1.0000,-1.0000,-1.0000,-1.0000,-1.0000,-1.0000,-1.0000,-1.0000,-1.0000,-1.0000,-1.0000,1.0720,1.0187,1.0728,1.0870,1.0459,1.0503,0.7002,0.5995,0.7333,0.7719,0.5760,0.8453,0.8201,0.6765,0.7110,0.8470,0.6508,0.7293,0.8186,0.7903,0.7605,0.7468,0.7913,0.7820,0.7283,0.6610,0.7538,0.7072,0.7297,0.7116,0.7012,0.6480,0.5782,0.6397,0.6116,0.5859,0.6622,0.5810,0.5541,0.5826,0.6986,0.7931,0.7616,0.7306,0.7228,0.7656,0.7477,0.7062,0.6279,0.7211,0.6715,0.7001,0.6889,0.6667,0.6069,0.5329,0.5982,0.5686,0.5447,0.6221,0.5447,0.5121,0.5383,0,0.5121,-3.8126,0.2856,-2.5528
65,0.1300,0.6458,-0.0484,0.7879,-3.8126,0.2856,-3.8281,0.0656,0.1910,0.0000,1.0269,1.0000,0.0002,0.0060,0.0001,-0.0001,-0.0114,-0.0003,-0.0040,0.0032,-0.0029,0.0001,-0.0113,-0.0004,-0.0040,0.0031,-0.0019,0.0001,0.0337,-0.0014,-0.0004,0.0359,0.0007,0.0037,-0.0000,0.0338,0.0015,0.0005,0.0361,0.0008,0.0032,0.0000,0.0124,-0.0010,-0.0042,-0.0207,0.1445,0.0015,-0.0017,-0.1210,0.0189,-0.0647,-0.0221,0.1411,0.0001,-0.1184,0.0271,-0.0666,-0.0375,-0.0336,0.0029,0.3112,-0.0063,0.0081,0.0777,0.0109,0.0304,-0.0003,0.3173,-0.0071,-0.0028,0.0956,0.0114,0.0149,0.0003,-1.0000,-1.0000,-1.0000,-1.0000,-1.0000,-1.0000,-1.0000,-1.0000,-1.0000,-1.0000,-1.0000,-1.0000,-1.0000,-1.0000,-1.0000,-1.0000,-1.0000,-1.0000,-1.0000,-1.0000,-1.0000,-1.0000,-1.0000,-1.0000,-1.0000,-1.0000,-1.0000,-1.0000,-1.0000,-1.0000,-1.0000,-1.0000,-1.0000,-1.0000,-1.0000,-1.0000,-1.0000,-1.0000,-1.0000,-1.0000,-1.0000,-1.0000,-1.0000,-1.0000,-1.0000,-1.0000,-1.0000,-1.0000,-1.0000,-1.0000,-1.0000,-1.0000,-1.0000,-1.0000,-1.0000,-1.0000,-1.0000,-1.0000,-1.0000,-1.0000,-1.0000,-1.0000,-1.0000,0.7956,0.7638,0.7324,0.7244,0.7659,0.7484,0.7072,0.6280,0.7210,0.6714,0.6994,0.6890,0.6658,0.6051,0.5325,0.5973,0.5670,0.5446,0.6207,0.5446,0.5107,0.5371,-1.0000,-1.0000,-1.0000,-1.0000,-1.0000,-1.0000,-1.0000,-1.0000,-1.0000,-1.0000,-1.0000,-1.0000,-1.0000,-1.0000,-1.0000,-1.0000,-1.0000,-1.0000,-1.0000,-1.0000,-1.0000,-1.0000,-1.0000,-1.0000,-1.0000,-1.0000,-1.0000,-1.0000,-1.0000,-1.0000,-1.0000,-1.0000,-1.0000,-1.0000,-1.0000,-1.0000,1.0760,1.0232,1.0767,1.0906,1.0502,1.0542,0.6987,0.6004,0.7357,0.7718,0.5763,0.8475,0.8205,0.6784,0.7099,0.8479,0.6522,0.7304,0.8208,0.7920,0.7619,0.7482,0.7913,0.7823,0.7291,0.6608,0.7533,0.7068,0.7287,0.7115,0.6999,0.6459,0.5773,0.6384,0.6096,0.5854,0.6605,0.5805,0.5523,0.5809,0.7001,0.7956,0.7638,0.7324,0.7244,0.7659,0.7484,0.7072,0.6280,0.7210,0.6714,0.6994,0.6890,0.6658,0.6051,0.5325,0.5973,0.5670,0.5446,0.6207,0.5446,0.5107,0.5371,0,0.5107,-3.8126,0.2856,-2.5528
65,0.1300,0.6458,-0.0484,0.7879,-3.8126,0.2856,-3.8281,0.0656,0.1910,0.0000,1.0269,1.0000,0.0002,0.0060,0.0001,-0.0001,-0.0114,-0.0003,-0.0040,0.0032,-0.0029,0.0001,-0.0113,-0.0004,-0.0040,0.0031,-0.0019,0.0001,0.0337,-0.0014,-0.0004,0.0359,0.0007,0.0037,-0.0000,0.0338,0.0015,0.0005,0.0361,0.0008,0.0032,0.0000,0.0124,-0.0010,-0.0042,-0.0207,0.1445,0.0015,-0.0017,-0.1210,0.0189,-0.0647,-0.0221,0.1411,0.0001,-0.1184,0.0271,-0.0666,-0.0375,-0.0336,0.0029,0.3112,-0.0063,0.0081,0.0777,0.0109,0.0304,-0.0003,0.3173,-0.0071,-0.0028,0.0956,0.0114,0.0149,0.0003,-1.0000,-1.0000,-1.0000,-1.0000,-1.0000,-1.0000,-1.0000,-1.0000,-1.0000,-1.0000,-1.0000,-1.0000,-1.0000,-1.0000,-1.0000,-1.0000,-1.0000,-1.0000,-1.0000,-1.0000,-1.0000,-1.0000,-1.0000,-1.0000,-1.0000,-1.0000,-1.0000,-1.0000,-1.0000,-1.0000,-1.0000,-1.0000,-1.0000,-1.0000,-1.0000,-1.0000,-1.0000,-1.0000,-1.0000,-1.0000,-1.0000,-1.0000,-1.0000,-1.0000,-1.0000,-1.0000,-1.0000,-1.0000,-1.0000,-1.0000,-1.0000,-1.0000,-1.0000,-1.0000,-1.0000,-1.0000,-1.0000,-1.0000,-1.0000,-1.0000,-1.0000,-1.0000,-1.0000,0.7956,0.7638,0.7324,0.7244,0.7659,0.7484,0.7072,0.6280,0.7210,0.6714,0.6994,0.6890,0.6658,0.6051,0.5325,0.5973,0.5670,0.5446,0.6207,0.5446,0.5107,0.5371,-1.0000,-1.0000,-1.0000,-1.0000,-1.0000,-1.0000,-1.0000,-1.0000,-1.0000,-1.0000,-1.0000,-1.0000,-1.0000,-1.0000,-1.0000,-1.0000,-1.0000,-1.0000,-1.0000,-1.0000,-1.0000,-1.0000,-1.0000,-1.0000,-1.0000,-1.0000,-1.0000,-1.0000,-1.0000,-1.0000,-1.0000,-1.0000,-1.0000,-1.0000,-1.0000,-1.0000,1.0760,1.0232,1.0767,1.0906,1.0502,1.0542,0.6987,0.6004,0.7357,0.7718,0.5763,0.8475,0.8205,0.6784,0.7099,0.8479,0.6522,0.7304,0.8208,0.7920,0.7619,0.7482,0.7913,0.7823,0.7291,0.6608,0.7533,0.7068,0.7287,0.7115,0.6999,0.6459,0.5773,0.6384,0.6096,0.5854,0.6605,0.5805,0.5523,0.5809,0.7001,0.7956,0.7638,0.7324,0.7244,0.7659,0.7484,0.7072,0.6280,0.7210,0.6714,0.6994,0.6890,0.6658,0.6051,0.5325,0.5973,0.5670,0.5446,0.6207,0.5446,0.5107,0.5371,0,0.5107,-3.8126,0.2856,-2.5528
66,0.1320,0.6382,-0.0478,0.7802,-3.8126,0.2856,-3.8477,0.0656,0.1910,0.0000,1.0269,1.0000,0.0002,0.0062,0.0001,-0.0001,-0.0116,-0.0003,-0.0041,0.0032,-0.0026,0.0001,-0.0115,-0.0004,-0.0041,0.0031,-0.0019,0.0001,0.0343,-0.0014,-0.0004,0.0361,0.0008,0.0038,-0.0000,0.0344,0.0015,0.0005,0.0363,0.0008,0.0032,0.0000,0.0125,-0.0010,-0.0008,-0.0193,0.1449,0.0015,-0.0018,-0.1236,0.0160,-0.0635,0.0006,0.1660,-0.0003,-0.1212,0.0233,-0.0651,-0.0140,0.0123,0.0025,0.3066,-0.0044,0.0081,0.0755,0.0110,0.0302,-0.0003,0.3122,-0.0069,-0.0037,0.0916,0.0116,0.0139,0.0003,-1.0000,-1.0000,-1.0000,-1.0000,-1.0000,-1.0000,-1.0000,-1.0000,-1.0000,-1.0000,-1.0000,-1.0000,-1.0000,-1.0000,-1.0000,-1.0000,-1.0000,-1.0000,-1.0000,-1.0000,-1.0000,-1.0000,-1.0000,-1.0000,-1.0000,-1.0000,-1.0000,-1.0000,-1.0000,-1.0000,-1.0000,-1.0000,-1.0000,-1.0000,-1.0000,-1.0000,-1.0000,-1.0000,-1.0000,-1.0000,-1.0000,-1.0000,-1.0000,-1.0000,-1.0000,-1.0000,-1.0000,-1.0000,-1.0000,-1.0000,-1.0000,-1.0000,-1.0000,-1.0000,-1.0000,-1.0000,-1.0000,-1.0000,-1.0000,-1.0000,-1.0000,-1.0000,-1.0000,0.7983,0.7661,0.7344,0.7263,0.7664,0.7494,0.7085,0.6284,0.7210,0.6716,0.6989,0.6894,0.6651,0.6036,0.5323,0.5966,0.5655,0.5448,0.6195,0.5448,0.5095,0.5360,-1.0000,-1.0000,-1.0000,-1.0000,-1.0000,-1.0000,-1.0000,-1.0000,-1.0000,-1.0000,-1.0000,-1.0000,-1.0000,-1.0000,-1.0000,-1.0000,-1.0000,-1.0000,-1.0000,-1.0000,-1.0000,-1.0000,-1.0000,-1.0000,-1.0000,-1.0000,-1.0000,-1.0000,-1.0000,-1.0000,-1.0000,-1.0000,-1.0000,-1.0000,-1.0000,-1.0000,1.0802,1.0279,1.0807,1.0944,1.0547,1.0583,0.6974,0.6016,0.7382,0.7718,0.5768,0.8499,0.8210,0.6805,0.7090,0.8489,0.6539,0.7316,0.8230,0.7940,0.7635,0.7497,0.7914,0.7828,0.7301,0.6607,0.7530,0.7065,0.7278,0.7116,0.6988,0.6439,0.5766,0.6373,0.6077,0.5851,0.6589,0.5803,0.5507,0.5794,0.7017,0.7983,0.7661,0.7344,0.7263,0.7664,0.7494,0.7085,0.6284,0.7210,0.6716,0.6989,0.6894,0.6651,0.6036,0.5323,0.5966,0.5655,0.5448,0.6195,0.5448,0.5095,0.5360,0,0.5095,-3.8126,0.2856,-2.5528
66,0.1320,0.6382,-0.0478,0.7802,-3.8126,0.2856,-3.8477,0.0656,0.1910,0.0000,1.0269,1.0000,0.0002,0.0062,0.0001,-0.0001,-0.0116,-0.0003,-0.0041,0.0032,-0.0026,0.0001,-0.0115,-0.0004,-0.0041,0.0031,-0.0019,0.0001,0.0343,-0.0014,-0.0004,0.0361,0.0008,0.0038,-0.0000,0.0344,0.0015,0.0005,0.0363,0.0008,0.0032,0.0000,0.0125,-0.0010,-0.0008,-0.0193,0.1449,0.0015,-0.0018,-0.1236,0.0160,-0.0635,0.0006,0.1660,-0.0003,-0.1212,0.0233,-0.0651,-0.0140,0.0123,0.0025,0.3066,-0.0044,0.0081,0.0755,0.0110,0.0302,-0.0003,0.3122,-0.0069,-0.0037,0.0916,0.0116,0.0139,0.0003,-1.0000,-1.0000,-1.0000,-1.0000,-1.0000,-1.0000,-1.0000,-1.0000,-1.0000,-1.0000,-1.0000,-1.0000,-1.0000,-1.0000,-1.0000,-1.0000,-1.0000,-1.0000,-1.0000,-1.0000,-1.0000,-1.0000,-1.0000,-1.0000,-1.0000,-1.0000,-1.0000,-1.0000,-1.0000,-1.0000,-1.0000,-1.0000,-1.0000,-1.0000,-1.0000,-1.0000,-1.0000,-1.0000,-1.0000,-1.0000,-1.0000,-1.0000,-1.0000,-1.0000,-1.0000,-1.0000,-1.0000,-1.0000,-1.0000,-1.0000,-1.0000,-1.0000,-1.0000,-1.0000,-1.0000,-1.0000,-1.0000,-1.0000,-1.0000,-1.0000,-1.0000,-1.0000,-1.0000,0.7983,0.7661,0.7344,0.7263,0.7664,0.7494,0.7085,0.6284,0.7210,0.6716,0.6989,0.6894,0.6651,0.6036,0.5323,0.5966,0.5655,0.5448,0.6195,0.5448,0.5095,0.5360,-1.0000,-1.0000,-1.0000,-1.0000,-1.0000,-1.0000,-1.0000,-1.0000,-1.0000,-1.0000,-1.0000,-1.0000,-1.0000,-1.0000,-1.0000,-1.0000,-1.0000,-1.0000,-1.0000,-1.0000,-1.0000,-1.0000,-1.0000,-1.0000,-1.0000,-1.0000,-1.0000,-1.0000,-1.0000,-1.0000,-1.0000,-1.0000,-1.0000,-1.0000,-1.0000,-1.0000,1.0802,1.0279,1.0807,1.0944,1.0547,1.0583,0.6974,0.6016,0.7382,0.7718,0.5768,0.8499,0.8210,0.6805,0.7090,0.8489,0.6539,0.7316,0.8230,0.7940,0.7635,0.7497,0.7914,0.7828,0.7301,0.6607,0.7530,0.7065,0.7278,0.7116,0.6988,0.6439,0.5766,0.6373,0.6077,0.5851,0.6589,0.5803,0.5507,0.5794,0.7017,0.7983,0.7661,0.7344,0.7263,0.7664,0.7494,0.7085,0.6284,0.7210,0.6716,0.6989,0.6894,0.6651,0.6036,0.5323,0.5966,0.5655,0.5448,0.6195,0.5448,0.5095,0.5360,0,0.5095,-3.8126,0.2856,-2.5528
67,0.1340,0.6306,-0.0472,0.7725,-3.8126,0.2856,-3.8673,0.0656,0.1910,0.0000,1.0269,1.0000,0.0001,0.0063,0.0001,-0.0001,-0.0119,-0.0003,-0.0042,0.0032,-0.0022,0.0001,-0.0118,-0.0003,-0.0042,0.0031,-0.0018,0.0001,0.0349,-0.0014,-0.0004,0.0362,0.0008,0.0039,-0.0000,0.0350,0.0015,0.0005,0.0365,0.0008,0.0032,0.0000,0.0125,-0.0010,0.0019,-0.0179,0.1450,0.0016,-0.0019,-0.1255,0.0134,-0.0625,0.0193,0.1852,-0.0006,-0.1235,0.0198,-0.0638,0.0057,0.0504,0.0022,0.3014,-0.0026,0.0080,0.0722,0.0111,0.0299,-0.0003,0.3064,-0.0068,-0.0045,0.0865,0.0117,0.0128,0.0003,-1.0000,-1.0000,-1.0000,-1.0000,-1.0000,-1.0000,-1.0000,-1.0000,-1.0000,-1.0000,-1.0000,-1.0000,-1.0000,-1.0000,-1.0000,-1.0000,-1.0000,-1.0000,-1.0000,-1.0000,-1.0000,-1.0000,-1.0000,-1.0000,-1.0000,-1.0000,-1.0000,-1.0000,-1.0000,-1.0000,-1.0000,-1.0000,-1.0000,-1.0000,-1.0000,-1.0000,-1.0000,-1.0000,-1.0000,-1.0000,-1.0000,-1.0000,-1.0000,-1.0000,-1.0000,-1.0000,-1.0000,-1.0000,-1.0000,-1.0000,-1.0000,-1.0000,-1.0000,-1.0000,-1.0000,-1.0000,-1.0000,-1.0000,-1.0000,-1.0000,-1.0000,-1.0000,-1.0000,0.8011,0.7686,0.7366,0.7283,0.7671,0.7505,0.7100,0.6289,0.7213,0.6720,0.6986,0.6900,0.6645,0.6022,0.5323,0.5962,0.5643,0.5452,0.6186,0.5451,0.5085,0.5352,-1.0000,-1.0000,-1.0000,-1.0000,-1.0000,-1.0000,-1.0000,-1.0000,-1.0000,-1.0000,-1.0000,-1.0000,-1.0000,-1.0000,-1.0000,-1.0000,-1.0000,-1.0000,-1.0000,-1.0000,-1.0000,-1.0000,-1.0000,-1.0000,-1.0000,-1.0000,-1.0000,-1.0000,-1.0000,-1.0000,-1.0000,-1.0000,-1.0000,-1.0000,-1.0000,-1.0000,1.0846,1.0326,1.0849,1.0982,1.0592,1.0625,0.6962,0.6030,0.7410,0.7721,0.5776,0.8525,0.8218,0.6829,0.7083,0.8500,0.6557,0.7330,0.8255,0.7961,0.7652,0.7514,0.7918,0.7835,0.7312,0.6608,0.7529,0.7065,0.7272,0.7118,0.6979,0.6422,0.5761,0.6364,0.6061,0.5850,0.6576,0.5802,0.5494,0.5782,0.7036,0.8011,0.7686,0.7366,0.7283,0.7671,0.7505,0.7100,0.6289,0.7213,0.6720,0.6986,0.6900,0.6645,0.6022,0.5323,0.5962,0.5643,0.5452,0.6186,0.5451,0.5085,0.5352,0,0.5085,-3.8126,0.2856,-2.5528
68,0.1360,0.6229,-0.0467,0.7647,-3.8126,0.2856,-3.8869,0.0656,0.1911,0.0000,1.0269,1.0000,0.0001,0.0065,0.0001,-0.0001,-0.0121,-0.0003,-0.0043,0.0033,-0.0018,0.0001,-0.0120,-0.0003,-0.0043,0.0032,-0.0017,0.0001,0.0355,-0.0014,-0.0004,0.0364,0.0008,0.0039,-0.0000,0.0356,0.0014,0.0005,0.0367,0.0008,0.0033,0.0000,0.0126,-0.0010,0.0041,-0.0166,0.1450,0.0016,-0.0020,-0.1270,0.0111,-0.0616,0.0346,0.1996,-0.0008,-0.1252,0.0168,-0.0626,0.0220,0.0819,0.0018,0.2957,-0.0008,0.0080,0.0681,0.0113,0.0295,-0.0003,0.3002,-0.0068,-0.0053,0.0808,0.0118,0.0117,0.0003,-1.0000,-1.0000,-1.0000,-1.0000,-1.0000,-1.0000,-1.0000,-1.0000,-1.0000,-1.0000,-1.0000,-1.0000,-1.0000,-1.0000,-1.0000,-1.0000,-1.0000,-1.0000,-1.0000,-1.0000,-1.0000,-1.0000,-1.0000,-1.0000,-1.0000,-1.0000,-1.0000,-1.0000,-1.0000,-1.0000,-1.0000,-1.0000,-1.0000,-1.0000,-1.0000,-1.0000,-1.0000,-1.0000,-1.0000,-1.0000,-1.0000,-1.0000,-1.0000,-1.0000,-1.0000,-1.0000,-1.0000,-1.0000,-1.0000,-1.0000,-1.0000,-1.0000,-1.0000,-1.0000,-1.0000,-1.0000,-1.0000,-1.0000,-1.0000,-1.0000,-1.0000,-1.0000,-1.0000,0.8041,0.7713,0.7390,0.7305,0.7679,0.7518,0.7116,0.6297,0.7218,0.6725,0.6985,0.6907,0.6642,0.6010,0.5325,0.5960,0.5633,0.5458,0.6178,0.5457,0.5078,0.5346,-1.0000,-1.0000,-1.0000,-1.0000,-1.0000,-1.0000,-1.0000,-1.0000,-1.0000,-1.0000,-1.0000,-1.0000,-1.0000,-1.0000,-1.0000,-1.0000,-1.0000,-1.0000,-1.0000,-1.0000,-1.0000,-1.0000,-1.0000,-1.0000,-1.0000,-1.0000,-1.0000,-1.0000,-1.0000,-1.0000,-1.0000,-1.0000,-1.0000,-1.0000,-1.0000,-1.0000,1.0890,1.0375,1.0892,1.1022,1.0639,1.0668,0.6953,0.6046,0.7439,0.7725,0.5786,0.8552,0.8227,0.6854,0.7078,0.8514,0.6578,0.7347,0.8281,0.7984,0.7672,0.7533,0.7923,0.7844,0.7326,0.6612,0.7530,0.7066,0.7267,0.7123,0.6971,0.6406,0.5758,0.6357,0.6047,0.5851,0.6564,0.5803,0.5482,0.5771,0.7056,0.8041,0.7713,0.7390,0.7305,0.7679,0.7518,0.7116,0.6297,0.7218,0.6725,0.6985,0.6907,0.6642,0.6010,0.5325,0.5960,0.5633,0.5458,0.6178,0.5457,0.5078,0.5346,0,0.5078,-3.8126,0.2856,-2.5528
68,0.1360,0.6229,-0.0467,0.7647,-3.8126,0.2856,-3.8869,0.0656,0.1911,0.0000,1.0269,1.0000,0.0001,0.0065,0.0001,-0.0001,-0.0121,-0.0003,-0.0043,0.0033,-0.0018,0.0001,-0.0120,-0.0003,-0.0043,0.0032,-0.0017,0.0001,0.0355,-0.0014,-0.0004,0.0364,0.0008,0.0039,-0.0000,0.0356,0.0014,0.0005,0.0367,0.0008,0.0033,0.0000,0.0126,-0.0010,0.0041,-0.0166,0.1450,0.0016,-0.0020,-0.1270,0.0111,-0.0616,0.0346,0.1996,-0.0008,-0.1252,0.0168,-0.0626,0.0220,0.0819,0.0018,0.2957,-0.0008,0.0080,0.0681,0.0113,0.0295,-0.0003,0.3002,-0.0068,-0.0053,0.0808,0.0118,0.0117,0.0003,-1.0000,-1.0000,-1.0000,-1.0000,-1.0000,-1.0000,-1.0000,-1.0000,-1.0000,-1.0000,-1.0000,-1.0000,-1.0000,-1.0000,-1.0000,-1.0000,-1.0000,-1.0000,-1.0000,-1.0000,-1.0000,-1.0000,-1.0000,-1.0000,-1.0000,-1.0000,-1.0000,-1.0000,-1.0000,-1.0000,-1.0000,-1.0000,-1.0000,-1.0000,-1.0000,-1.0000,-1.0000,-1.0000,-1.0000,-1.0000,-1.0000,-1.0000,-1.0000,-1.0000,-1.0000,-1.0000,-1.0000,-1.0000,-1.0000,-1.0000,-1.0000,-1.0000,-1.0000,-1.0000,-1.0000,-1.0000,-1.0000,-1.0000,-1.0000,-1.0000,-1.0000,-1.0000,-1.0000,0.8041,0.7713,0.7390,0.7305,0.7679,0.7518,0.7116,0.6297,0.7218,0.6725,0.6985,0.6907,0.6642,0.6010,0.5325,0.5960,0.5633,0.5458,0.6178,0.5457,0.5078,0.5346,-1.0000,-1.0000,-1.0000,-1.0000,-1.0000,-1.0000,-1.0000,-1.0000,-1.0000,-1.0000,-1.0000,-1.0000,-1.0000,-1.0000,-1.0000,-1.0000,-1.0000,-1.0000,-1.0000,-1.0000,-1.0000,-1.0000,-1.0000,-1.0000,-1.0000,-1.0000,-1.0000,-1.0000,-1.0000,-1.0000,-1.0000,-1.0000,-1.0000,-1.0000,-1.0000,-1.0000,1.0890,1.0375,1.0892,1.1022,1.0639,1.0668,0.6953,0.6046,0.7439,0.7725,0.5786,0.8552,0.8227,0.6854,0.7078,0.8514,0.6578,0.7347,0.8281,0.7984,0.7672,0.7533,0.7923,0.7844,0.7326,0.6612,0.7530,0.7066,0.7267,0.7123,0.6971,0.6406,0.5758,0.6357,0.6047,0.5851,0.6564,0.5803,0.5482,0.5771,0.7056,0.8041,0.7713,0.7390,0.7305,0.7679,0.7518,0.7116,0.6297,0.7218,0.6725,0.6985,0.6907,0.6642,0.6010,0.5325,0.5960,0.5633,0.5458,0.6178,0.5457,0.5078,0.5346,0,0.5078,-3.8126,0.2856,-2.5528
69,0.1380,0.6153,-0.0461,0.7569,-3.8126,0.2856,-3.9066,0.0656,0.1911,0.0000,1.0269,1.0000,0.0001,0.0066,0.0001,-0.0002,-0.0124,-0.0003,-0.0045,0.0034,-0.0014,0.0001,-0.0123,-0.0003,-0.0044,0.0035,-0.0015,0.0001,0.0361,-0.0014,-0.0004,0.0365,0.0008,0.0040,-0.0000,0.0362,0.0014,0.0005,0.0368,0.0009,0.0033,0.0000,0.0126,0.0002,0.0012,0.0082,0.1432,0.0025,-0.0025,-0.1261,-0.0209,-0.0613,0.0485,0.2215,-0.0011,-0.1400,-0.0141,-0.0492,0.1645,0.0817,-0.0021,0.2905,0.0089,0.0051,0.0642,0.0112,0.0291,-0.0003,0.2884,0.0008,-0.0093,0.0586,0.0117,0.0101,0.0003,-1.0000,-1.0000,-1.0000,-1.0000,-1.0000,-1.0000,-1.0000,-1.0000,-1.0000,-1.0000,-1.0000,-1.0000,-1.0000,-1.0000,-1.0000,-1.0000,-1.0000,-1.0000,-1.0000,-1.0000,-1.0000,-1.0000,-1.0000,-1.0000,-1.0000,-1.0000,-1.0000,-1.0000,-1.0000,-1.0000,-1.0000,-1.0000,-1.0000,-1.0000,-1.0000,-1.0000,-1.0000,-1.0000,-1.0000,-1.0000,-1.0000,-1.0000,-1.0000,-1.0000,-1.0000,-1.0000,-1.0000,-1.0000,-1.0000,-1.0000,-1.0000,-1.0000,-1.0000,-1.0000,-1.0000,-1.0000,-1.0000,-1.0000,-1.0000,-1.0000,-1.0000,-1.0000,-1.0000,0.8073,0.7742,0.7415,0.7330,0.7690,0.7533,0.7135,0.6307,0.7224,0.6733,0.6986,0.6917,0.6640,0.6001,0.5331,0.5960,0.5626,0.5467,0.6173,0.5466,0.5073,0.5343,-1.0000,-1.0000,-1.0000,-1.0000,-1.0000,-1.0000,-1.0000,-1.0000,-1.0000,-1.0000,-1.0000,-1.0000,-1.0000,-1.0000,-1.0000,-1.0000,-1.0000,-1.0000,-1.0000,-1.0000,-1.0000,-1.0000,-1.0000,-1.0000,-1.0000,-1.0000,-1.0000,-1.0000,-1.0000,-1.0000,-1.0000,-1.0000,-1.0000,-1.0000,-1.0000,-1.0000,1.0936,1.0426,1.0936,1.1063,1.0688,1.0713,0.6945,0.6064,0.7471,0.7732,0.5799,0.8581,0.8238,0.6881,0.7075,0.8529,0.6601,0.7365,0.8309,0.8008,0.7693,0.7554,0.7931,0.7854,0.7342,0.6617,0.7532,0.7069,0.7265,0.7130,0.6966,0.6393,0.5758,0.6352,0.6035,0.5855,0.6554,0.5807,0.5473,0.5763,0.7079,0.8073,0.7742,0.7415,0.7330,0.7690,0.7533,0.7135,0.6307,0.7224,0.6733,0.6986,0.6917,0.6640,0.6001,0.5331,0.5960,0.5626,0.5467,0.6173,0.5466,0.5073,0.5343,0,0.5073,-3.8126,0.2856,-2.5528
69,0.1380,0.6153,-0.0461,0.7569,-3.8126,0.2856,-3.9066,0.0656,0.1911,0.0000,1.0269,1.0000,0.0001,0.0066,0.0001,-0.0002,-0.0124,-0.0003,-0.0045,0.0034,-0.0014,0.0001,-0.0123,-0.0003,-0.0044,0.0035,-0.0015,0.0001,0.0361,-0.0014,-0.0004,0.0365,0.0008,0.0040,-0.0000,0.0362,0.0014,0.0005,0.0368,0.0009,0.0033,0.0000,0.0126,0.0002,0.0012,0.0082,0.1432,0.0025,-0.0025,-0.1261,-0.0209,-0.0613,0.0485,0.2215,-0.0011,-0.1400,-0.0141,-0.0492,0.1645,0.0817,-0.0021,0.2905,0.0089,0.0051,0.0642,0.0112,0.0291,-0.0003,0.2884,0.0008,-0.0093,0.0586,0.0117,0.0101,0.0003,-1.0000,-1.0000,-1.0000,-1.0000,-1.0000,-1.0000,-1.0000,-1.0000,-1.0000,-1.0000,-1.0000,-1.0000,-1.0000,-1.0000,-1.0000,-1.0000,-1.0000,-1.0000,-1.0000,-1.0000,-1.0000,-1.0000,-1.0000,-1.0000,-1.0000,-1.0000,-1.0000,-1.0000,-1.0000,-1.0000,-1.0000,-1.0000,-1.0000,-1.0000,-1.0000,-1.0000,-1.0000,-1.0000,-1.0000,-1.0000,-1.0000,-1.0000,-1.0000,-1.0000,-1.0000,-1.0000,-1.0000,-1.0000,-1.0000,-1.0000,-1.0000,-1.0000,-1.0000,-1.0000,-1.0000,-1.0000,-1.0000,-1.0000,-1.0000,-1.0000,-1.0000,-1.0000,-1.0000,0.8073,0.7742,0.7415,0.7330,0.7690,0.7533,0.7135,0.6307,0.7224,0.6733,0.6986,0.6917,0.6640,0.6001,0.5331,0.5960,0.5626,0.5467,0.6173,0.5466,0.5073,0.5343,-1.0000,-1.0000,-1.0000,-1.0000,-1.0000,-1.0000,-1.0000,-1.0000,-1.0000,-1.0000,-1.0000,-1.0000,-1.0000,-1.0000,-1.0000,-1.0000,-1.0000,-1.0000,-1.0000,-1.0000,-1.0000,-1.0000,-1.0000,-1.0000,-1.0000,-1.0000,-1.0000,-1.0000,-1.0000,-1.0000,-1.0000,-1.0000,-1.0000,-1.0000,-1.0000,-1.0000,1.0936,1.0426,1.0936,1.1063,1.0688,1.0713,0.6945,0.6064,0.7471,0.7732,0.5799,0.8581,0.8238,0.6881,0.7075,0.8529,0.6601,0.7365,0.8309,0.8008,0.7693,0.7554,0.7931,0.7854,0.7342,0.6617,0.7532,0.7069,0.7265,0.7130,0.6966,0.6393,0.5758,0.6352,0.6035,0.5855,0.6554,0.5807,0.5473,0.5763,0.7079,0.8073,0.7742,0.7415,0.7330,0.7690,0.7533,0.7135,0.6307,0.7224,0.6733,0.6986,0.6917,0.6640,0.6001,0.5331,0.5960,0.5626,0.5467,0.6173,0.5466,0.5073,0.5343,0,0.5073,-3.8126,0.2856,-2.5528
70,0.1400,0.6077,-0.0455,0.7490,-3.8126,0.2856,-3.9262,0.0656,0.1911,0.0000,1.0269,1.0000,0.0001,0.0068,0.0001,-0.0002,-0.0126,-0.0004,-0.0046,0.0035,-0.0009,0.0001,-0.0126,-0.0004,-0.0045,0.0038,-0.0010,0.0001,0.0367,-0.0014,-0.0004,0.0366,0.0009,0.0040,-0.0000,0.0368,0.0015,0.0004,0.0369,0.0009,0.0033,0.0000,0.0127,0.0005,0.0006,0.0201,0.1425,0.0029,-0.0027,-0.1263,-0.0360,-0.0607,0.0590,0.2330,-0.0016,-0.1359,-0.0363,-0.0509,0.1321,0.2378,-0.0038,0.2844,0.0145,0.0040,0.0593,0.0113,0.0287,-0.0003,0.2792,0.0045,-0.0112,0.0452,0.0117,0.0087,0.0002,-1.0000,-1.0000,-1.0000,-1.0000,-1.0000,-1.0000,-1.0000,-1.0000,-1.0000,-1.0000,-1.0000,-1.0000,-1.0000,-1.0000,-1.0000,-1.0000,-1.0000,-1.0000,-1.0000,-1.0000,-1.0000,-1.0000,-1.0000,-1.0000,-1.0000,-1.0000,-1.0000,-1.0000,-1.0000,-1.0000,-1.0000,-1.0000,-1.0000,-1.0000,-1.0000,-1.0000,-1.0000,-1.0000,-1.0000,-1.0000,-1.0000,-1.0000,-1.0000,-1.0000,-1.0000,-1.0000,-1.0000,-1.0000,-1.0000,-1.0000,-1.0000,-1.0000,-1.0000,-1.0000,-1.0000,-1.0000,-1.0000,-1.0000,-1.0000,-1.0000,-1.0000,-1.0000,-1.0000,0.8106,0.7773,0.7443,0.7356,0.7702,0.7550,0.7156,0.6318,0.7232,0.6742,0.6988,0.6929,0.6641,0.5994,0.5338,0.5962,0.5620,0.5478,0.6169,0.5476,0.5070,0.5342,-1.0000,-1.0000,-1.0000,-1.0000,-1.0000,-1.0000,-1.0000,-1.0000,-1.0000,-1.0000,-1.0000,-1.0000,-1.0000,-1.0000,-1.0000,-1.0000,-1.0000,-1.0000,-1.0000,-1.0000,-1.0000,-1.0000,-1.0000,-1.0000,-1.0000,-1.0000,-1.0000,-1.0000,-1.0000,-1.0000,-1.0000,-1.0000,-1.0000,-1.0000,-1.0000,-1.0000,1.0983,1.0477,1.0982,1.1106,1.0737,1.0759,0.6940,0.6085,0.7504,0.7740,0.5813,0.8612,0.8251,0.6911,0.7074,0.8546,0.6626,0.7384,0.8339,0.8034,0.7716,0.7576,0.7940,0.7866,0.7359,0.6625,0.7536,0.7074,0.7264,0.7139,0.6963,0.6381,0.5760,0.6350,0.6025,0.5861,0.6547,0.5813,0.5466,0.5757,0.7103,0.8106,0.7773,0.7443,0.7356,0.7702,0.7550,0.7156,0.6318,0.7232,0.6742,0.6988,0.6929,0.6641,0.5994,0.5338,0.5962,0.5620,0.5478,0.6169,0.5476,0.5070,0.5342,0,0.5070,-3.8126,0.2856,-2.5528
71,0.1420,0.6001,-0.0449,0.7412,-3.8126,0.2856,-3.9458,0.0656,0.1911,0.0000,1.0269,1.0000,0.0001,0.0069,0.0001,-0.0002,-0.0129,-0.0004,-0.0047,0.0039,-0.0005,0.0001,-0.0128,-0.0004,-0.0047,0.0039,-0.0007,0.0001,0.0372,-0.0013,-0.0004,0.0367,0.0009,0.0041,-0.0000,0.0373,0.0014,0.0004,0.0369,0.0009,0.0033,0.0000,0.0127,-0.0007,-0.0028,-0.0040,0.1406,0.0015,-0.0038,-0.1406,-0.0046,-0.0474,0.1993,0.1994,-0.0008,-0.1288,-0.0028,-0.0548,0.0908,0.1645,0.0000,0.2723,0.0073,0.0079,0.0377,0.0115,0.0276,-0.0003,0.2731,-0.0048,-0.0084,0.0409,0.0120,0.0077,0.0003,-1.0000,-1.0000,-1.0000,-1.0000,-1.0000,-1.0000,-1.0000,-1.0000,-1.0000,-1.0000,-1.0000,-1.0000,-1.0000,-1.0000,-1.0000,-1.0000,-1.0000,-1.0000,-1.0000,-1.0000,-1.0000,-1.0000,-1.0000,-1.0000,-1.0000,-1.0000,-1.0000,-1.0000,-1.0000,-1.0000,-1.0000,-1.0000,-1.0000,-1.0000,-1.0000,-1.0000,-1.0000,-1.0000,-1.0000,-1.0000,-1.0000,-1.0000,-1.0000,-1.0000,-1.0000,-1.0000,-1.0000,-1.0000,-1.0000,-1.0000,-1.0000,-1.0000,-1.0000,-1.0000,-1.0000,-1.0000,-1.0000,-1.0000,-1.0000,-1.0000,-1.0000,-1.0000,-1.0000,0.8142,0.7805,0.7472,0.7384,0.7716,0.7568,0.7178,0.6332,0.7242,0.6754,0.6993,0.6942,0.6643,0.5988,0.5348,0.5966,0.5617,0.5491,0.6168,0.5490,0.5070,0.5343,-1.0000,-1.0000,-1.0000,-1.0000,-1.0000,-1.0000,-1.0000,-1.0000,-1.0000,-1.0000,-1.0000,-1.0000,-1.0000,-1.0000,-1.0000,-1.0000,-1.0000,-1.0000,-1.0000,-1.0000,-1.0000,-1.0000,-1.0000,-1.0000,-1.0000,-1.0000,-1.0000,-1.0000,-1.0000,-1.0000,-1.0000,-1.0000,-1.0000,-1.0000,-1.0000,-1.0000,1.1032,1.0530,1.1029,1.1150,1.0788,1.0806,0.6936,0.6108,0.7539,0.7750,0.5830,0.8645,0.8266,0.6942,0.7074,0.8565,0.6653,0.7406,0.8371,0.8063,0.7741,0.7601,0.7950,0.7880,0.7378,0.6635,0.7543,0.7081,0.7265,0.7149,0.6961,0.6372,0.5764,0.6349,0.6017,0.5869,0.6541,0.5822,0.5461,0.5753,0.7129,0.8142,0.7805,0.7472,0.7384,0.7716,0.7568,0.7178,0.6332,0.7242,0.6754,0.6993,0.6942,0.6643,0.5988,0.5348,0.5966,0.5617,0.5491,0.6168,0.5490,0.5070,0.5343,0,0.5070,-3.8126,0.2856,-2.5528
71,0.1420,0.6001,-0.0449,0.7412,-3.8126,0.2856,-3.9458,0.0656,0.1911,0.0000,1.0269,1.0000,0.0001,0.0069,0.0001,-0.0002,-0.0129,-0.0004,-0.0047,0.0039,-0.0005,0.0001,-0.0128,-0.0004,-0.0047,0.0039,-0.0007,0.0001,0.0372,-0.0013,-0.0004,0.0367,0.0009,0.0041,-0.0000,0.0373,0.0014,0.0004,0.0369,0.0009,0.0033,0.0000,0.0127,-0.0007,-0.0028,-0.0040,0.1406,0.0015,-0.0038,-0.1406,-0.0046,-0.0474,0.1993,0.1994,-0.0008,-0.1288,-0.0028,-0.0548,0.0908,0.1645,0.0000,0.2723,0.0073,0.0079,0.0377,0.0115,0.0276,-0.0003,0.2731,-0.0048,-0.0084,0.0409,0.0120,0.0077,0.0003,-1.0000,-1.0000,-1.0000,-1.0000,-1.0000,-1.0000,-1.0000,-1.0000,-1.0000,-1.0000,-1.0000,-1.0000,-1.0000,-1.0000,-1.0000,-1.0000,-1.0000,-1.0000,-1.0000,-1.0000,-1.0000,-1.0000,-1.0000,-1.0000,-1.0000,-1.0000,-1.0000,-1.0000,-1.0000,-1.0000,-1.0000,-1.0000,-1.0000,-1.0000,-1.0000,-1.0000,-1.0000,-1.0000,-1.0000,-1.0000,-1.0000,-1.0000,-1.0000,-1.0000,-1.0000,-1.0000,-1.0000,-1.0000,-1.0000,-1.0000,-1.0000,-1.0000,-1.0000,-1.0000,-1.0000,-1.0000,-1.0000,-1.0000,-1.0000,-1.0000,-1.0000,-1.0000,-1.0000,0.8142,0.7805,0.7472,0.7384,0.7716,0.7568,0.7178,0.6332,0.7242,0.6754,0.6993,0.6942,0.6643,0.5988,0.5348,0.5966,0.5617,0.5491,0.6168,0.5490,0.5070,0.5343,-1.0000,-1.0000,-1.0000,-1.0000,-1.0000,-1.0000,-1.0000,-1.0000,-1.0000,-1.0000,-1.0000,-1.0000,-1.0000,-1.0000,-1.0000,-1.0000,-1.0000,-1.0000,-1.0000,-1.0000,-1.0000,-1.0000,-1.0000,-1.0000,-1.0000,-1.0000,-1.0000,-1.0000,-1.0000,-1.0000,-1.0000,-1.0000,-1.0000,-1.0000,-1.0000,-1.0000,1.1032,1.0530,1.1029,1.1150,1.0788,1.0806,0.6936,0.6108,0.7539,0.7750,0.5830,0.8645,0.8266,0.6942,0.7074,0.8565,0.6653,0.7406,0.8371,0.8063,0.7741,0.7601,0.7950,0.7880,0.7378,0.6635,0.7543,0.7081,0.7265,0.7149,0.6961,0.6372,0.5764,0.6349,0.6017,0.5869,0.6541,0.5822,0.5461,0.5753,0.7129,0.8142,0.7805,0.7472,0.7384,0.7716,0.7568,0.7178,0.6332,0.7242,0.6754,0.6993,0.6942,0.6643,0.5988,0.5348,0.5966,0.5617,0.5491,0.6168,0.5490,0.5070,0.5343,0,0.5070,-3.8126,0.2856,-2.5528
72,0.1440,0.5924,-0.0444,0.7332,-3.8126,0.2856,-3.9654,0.0656,0.1912,0.0000,1.0269,1.0000,0.0001,0.0070,0.0001,-0.0002,-0.0132,-0.0004,-0.0048,0.0042,-0.0002,0.0001,-0.0131,-0.0004,-0.0048,0.0041,-0.0005,0.0001,0.0377,-0.0013,-0.0003,0.0368,0.0009,0.0041,-0.0000,0.0378,0.0014,0.0004,0.0370,0.0009,0.0033,0.0000,0.0128,-0.0006,-0.0012,-0.0042,0.1403,0.0015,-0.0030,-0.1350,-0.0018,-0.0509,0.1499,0.1436,-0.0005,-0.1248,0.0000,-0.0574,0.0583,0.1066,-0.0000,0.2651,0.0080,0.0082,0.0331,0.0116,0.0271,-0.0003,0.2658,-0.0060,-0.0088,0.0360,0.0121,0.0066,0.0002,-1.0000,-1.0000,-1.0000,-1.0000,-1.0000,-1.0000,-1.0000,-1.0000,-1.0000,-1.0000,-1.0000,-1.0000,-1.0000,-1.0000,-1.0000,-1.0000,-1.0000,-1.0000,-1.0000,-1.0000,-1.0000,-1.0000,-1.0000,-1.0000,-1.0000,-1.0000,-1.0000,-1.0000,-1.0000,-1.0000,-1.0000,-1.0000,-1.0000,-1.0000,-1.0000,-1.0000,-1.0000,-1.0000,-1.0000,-1.0000,-1.0000,-1.0000,-1.0000,-1.0000,-1.0000,-1.0000,-1.0000,-1.0000,-1.0000,-1.0000,-1.0000,-1.0000,-1.0000,-1.0000,-1.0000,-1.0000,-1.0000,-1.0000,-1.0000,-1.0000,-1.0000,-1.0000,-1.0000,0.8178,0.7839,0.7503,0.7413,0.7732,0.7589,0.7202,0.6348,0.7255,0.6767,0.6999,0.6958,0.6648,0.5985,0.5360,0.5972,0.5616,0.5507,0.6169,0.5505,0.5073,0.5346,-1.0000,-1.0000,-1.0000,-1.0000,-1.0000,-1.0000,-1.0000,-1.0000,-1.0000,-1.0000,-1.0000,-1.0000,-1.0000,-1.0000,-1.0000,-1.0000,-1.0000,-1.0000,-1.0000,-1.0000,-1.0000,-1.0000,-1.0000,-1.0000,-1.0000,-1.0000,-1.0000,-1.0000,-1.0000,-1.0000,-1.0000,-1.0000,-1.0000,-1.0000,-1.0000,-1.0000,1.1081,1.0584,1.1077,1.1195,1.0840,1.0855,0.6935,0.6133,0.7575,0.7762,0.5850,0.8679,0.8282,0.6975,0.7077,0.8585,0.6682,0.7430,0.8404,0.8092,0.7767,0.7627,0.7963,0.7896,0.7400,0.6646,0.7550,0.7090,0.7268,0.7162,0.6962,0.6364,0.5770,0.6351,0.6012,0.5879,0.6537,0.5833,0.5459,0.5752,0.7157,0.8178,0.7839,0.7503,0.7413,0.7732,0.7589,0.7202,0.6348,0.7255,0.6767,0.6999,0.6958,0.6648,0.5985,0.5360,0.5972,0.5616,0.5507,0.6169,0.5505,0.5073,0.5346,0,0.5073,-3.8126,0.2856,-2.5528
72,0.1440,0.5924,-0.0444,0.7332,-3.8126,0.2856,-3.9654,0.0656,0.1912,0.0000,1.0269,1.0000,0.0001,0.0070,0.0001,-0.0002,-0.0132,-0.0004,-0.0048,0.0042,-0.0002,0.0001,-0.0131,-0.0004,-0.0048,0.0041,-0.0005,0.0001,0.0377,-0.0013,-0.0003,0.0368,0.0009,0.0041,-0.0000,0.0378,0.0014,0.0004,0.0370,0.0009,0.0033,0.0000,0.0128,-0.0006,-0.0012,-0.0042,0.1403,0.0015,-0.0030,-0.1350,-0.0018,-0.0509,0.1499,0.1436,-0.0005,-0.1248,0.0000,-0.0574,0.0583,0.1066,-0.0000,0.2651,0.0080,0.0082,0.0331,0.0116,0.0271,-0.0003,0.2658,-0.0060,-0.0088,0.0360,0.0121,0.0066,0.0002,-1.0000,-1.0000,-1.0000,-1.0000,-1.0000,-1.0000,-1.0000,-1.0000,-1.0000,-1.0000,-1.0000,-1.0000,-1.0000,-1.0000,-1.0000,-1.0000,-1.0000,-1.0000,-1.0000,-1.0000,-1.0000,-1.0000,-1.0000,-1.0000,-1.0000,-1.0000,-1.0000,-1.0000,-1.0000,-1.0000,-1.0000,-1.0000,-1.0000,-1.0000,-1.0000,-1.0000,-1.0000,-1.0000,-1.0000,-1.0000,-1.0000,-1.0000,-1.0000,-1.0000,-1.0000,-1.0000,-1.0000,-1.0000,-1.0000,-1.0000,-1.0000,-1.0000,-1.0000,-1.0000,-1.0000,-1.0000,-1.0000,-1.0000,-1.0000,-1.0000,-1.0000,-1.0000,-1.0000,0.8178,0.7839,0.7503,0.7413,0.7732,0.7589,0.7202,0.6348,0.7255,0.6767,0.6999,0.6958,0.6648,0.5985,0.5360,0.5972,0.5616,0.5507,0.6169,0.5505,0.5073,0.5346,-1.0000,-1.0000,-1.0000,-1.0000,-1.0000,-1.0000,-1.0000,-1.0000,-1.0000,-1.0000,-1.0000,-1.0000,-1.0000,-1.0000,-1.0000,-1.0000,-1.0000,-1.0000,-1.0000,-1.0000,-1.0000,-1.0000,-1.0000,-1.0000,-1.0000,-1.0000,-1.0000,-1.0000,-1.0000,-1.0000,-1.0000,-1.0000,-1.0000,-1.0000,-1.0000,-1.0000,1.1081,1.0584,1.1077,1.1195,1.0840,1.0855,0.6935,0.6133,0.7575,0.7762,0.5850,0.8679,0.8282,0.6975,0.7077,0.8585,0.6682,0.7430,0.8404,0.8092,0.7767,0.7627,0.7963,0.7896,0.7400,0.6646,0.7550,0.7090,0.7268,0.7162,0.6962,0.6364,0.5770,0.6351,0.6012,0.5879,0.6537,0.5833,0.5459,0.5752,0.7157,0.8178,0.7839,0.7503,0.7413,0.7732,0.7589,0.7202,0.6348,0.7255,0.6767,0.6999,0.6958,0.6648,0.5985,0.5360,0.5972,0.5616,0.5507,0.6169,0.5505,0.5073,0.5346,0,0.5073,-3.8126,0.2856,-2.5528
73,0.1460,0.5848,-0.0438,0.7253,-3.8126,0.2856,-3.9850,0.0656,0.1912,0.0000,1.0269,1.0000,0.0001,0.0072,0.0001,-0.0002,-0.0134,-0.0004,-0.0049,0.0044,-0.0002,0.0001,-0.0133,-0.0004,-0.0049,0.0041,-0.0005,0.0001,0.0382,-0.0013,-0.0003,0.0368,0.0009,0.0042,-0.0000,0.0384,0.0014,0.0004,0.0371,0.0010,0.0033,0.0000,0.0128,-0.0003,-0.0012,-0.0039,0.1398,0.0015,-0.0020,-0.1286,0.0027,-0.0548,0.0954,0.0374,0.0002,-0.1197,0.0045,-0.0604,0.0196,-0.0009,-0.0002,0.2571,0.0084,0.0084,0.0263,0.0117,0.0265,-0.0002,0.2576,-0.0074,-0.0094,0.0286,0.0122,0.0055,0.0002,-1.0000,-1.0000,-1.0000,-1.0000,-1.0000,-1.0000,-1.0000,-1.0000,-1.0000,-1.0000,-1.0000,-1.0000,-1.0000,-1.0000,-1.0000,-1.0000,-1.0000,-1.0000,-1.0000,-1.0000,-1.0000,-1.0000,-1.0000,-1.0000,-1.0000,-1.0000,-1.0000,-1.0000,-1.0000,-1.0000,-1.0000,-1.0000,-1.0000,-1.0000,-1.0000,-1.0000,-1.0000,-1.0000,-1.0000,-1.0000,-1.0000,-1.0000,-1.0000,-1.0000,-1.0000,-1.0000,-1.0000,-1.0000,-1.0000,-1.0000,-1.0000,-1.0000,-1.0000,-1.0000,-1.0000,-1.0000,-1.0000,-1.0000,-1.0000,-1.0000,-1.0000,-1.0000,-1.0000,0.8217,0.7874,0.7535,0.7445,0.7750,0.7611,0.7229,0.6366,0.7269,0.6783,0.7008,0.6975,0.6654,0.5984,0.5375,0.5981,0.5617,0.5525,0.6172,0.5523,0.5078,0.5353,-1.0000,-1.0000,-1.0000,-1.0000,-1.0000,-1.0000,-1.0000,-1.0000,-1.0000,-1.0000,-1.0000,-1.0000,-1.0000,-1.0000,-1.0000,-1.0000,-1.0000,-1.0000,-1.0000,-1.0000,-1.0000,-1.0000,-1.0000,-1.0000,-1.0000,-1.0000,-1.0000,-1.0000,-1.0000,-1.0000,-1.0000,-1.0000,-1.0000,-1.0000,-1.0000,-1.0000,1.1132,1.0639,1.1127,1.1242,1.0894,1.0905,0.6935,0.6160,0.7614,0.7775,0.5872,0.8714,0.8300,0.7010,0.7082,0.8607,0.6713,0.7455,0.8438,0.8124,0.7796,0.7655,0.7977,0.7914,0.7423,0.6660,0.7560,0.7101,0.7273,0.7177,0.6964,0.6359,0.5779,0.6354,0.6008,0.5891,0.6536,0.5846,0.5459,0.5753,0.7187,0.8217,0.7874,0.7535,0.7445,0.7750,0.7611,0.7229,0.6366,0.7269,0.6783,0.7008,0.6975,0.6654,0.5984,0.5375,0.5981,0.5617,0.5525,0.6172,0.5523,0.5078,0.5353,0,0.5078,-3.8126,0.2856,-2.5528
74,0.1480,0.5772,-0.0432,0.7172,-3.8126,0.2856,-4.0047,0.0656,0.1912,0.0000,1.0269,1.0000,0.0001,0.0073,0.0001,-0.0002,-0.0137,-0.0004,-0.0050,0.0045,-0.0003,0.0001,-0.0136,-0.0004,-0.0050,0.0041,-0.0006,0.0001,0.0387,-0.0013,-0.0003,0.0369,0.0009,0.0042,-0.0000,0.0389,0.0014,0.0004,0.0371,0.0010,0.0033,0.0000,0.0128,-0.0003,-0.0008,-0.0068,0.1393,0.0014,-0.0011,-0.1230,0.0108,-0.0580,0.0488,-0.0608,0.0002,-0.1159,0.0105,-0.0627,-0.0075,-0.0526,0.0000,0.2487,0.0079,0.0090,0.0194,0.0118,0.0258,-0.0002,0.2497,-0.0097,-0.0095,0.0235,0.0124,0.0045,0.0002,-1.0000,-1.0000,-1.0000,-1.0000,-1.0000,-1.0000,-1.0000,-1.0000,-1.0000,-1.0000,-1.0000,-1.0000,-1.0000,-1.0000,-1.0000,-1.0000,-1.0000,-1.0000,-1.0000,-1.0000,-1.0000,-1.0000,-1.0000,-1.0000,-1.0000,-1.0000,-1.0000,-1.0000,-1.0000,-1.0000,-1.0000,-1.0000,-1.0000,-1.0000,-1.0000,-1.0000,-1.0000,-1.0000,-1.0000,-1.0000,-1.0000,-1.0000,-1.0000,-1.0000,-1.0000,-1.0000,-1.0000,-1.0000,-1.0000,-1.0000,-1.0000,-1.0000,-1.0000,-1.0000,-1.0000,-1.0000,-1.0000,-1.0000,-1.0000,-1.0000,-1.0000,-1.0000,-1.0000,0.8257,0.7912,0.7570,0.7479,0.7769,0.7635,0.7257,0.6387,0.7285,0.6801,0.7018,0.6995,0.6663,0.5986,0.5392,0.5992,0.5621,0.5546,0.6177,0.5543,0.5086,0.5361,-1.0000,-1.0000,-1.0000,-1.0000,-1.0000,-1.0000,-1.0000,-1.0000,-1.0000,-1.0000,-1.0000,-1.0000,-1.0000,-1.0000,-1.0000,-1.0000,-1.0000,-1.0000,-1.0000,-1.0000,-1.0000,-1.0000,-1.0000,-1.0000,-1.0000,-1.0000,-1.0000,-1.0000,-1.0000,-1.0000,-1.0000,-1.0000,-1.0000,-1.0000,-1.0000,-1.0000,1.1185,1.0696,1.1178,1.1289,1.0948,1.0956,0.6938,0.6189,0.7654,0.7791,0.5896,0.8751,0.8320,0.7047,0.7089,0.8631,0.6746,0.7483,0.8475,0.8157,0.7826,0.7685,0.7993,0.7933,0.7448,0.6676,0.7572,0.7114,0.7280,0.7193,0.6968,0.6355,0.5790,0.6360,0.6007,0.5906,0.6536,0.5861,0.5462,0.5756,0.7219,0.8257,0.7912,0.7570,0.7479,0.7769,0.7635,0.7257,0.6387,0.7285,0.6801,0.7018,0.6995,0.6663,0.5986,0.5392,0.5992,0.5621,0.5546,0.6177,0.5543,0.5086,0.5361,0,0.5086,-3.8126,0.2856,-2.5528
74,0.1480,0.5772,-0.0432,0.7172,-3.8126,0.2856,-4.0047,0.0656,0.1912,0.0000,1.0269,1.0000,0.0001,0.0073,0.0001,-0.0002,-0.0137,-0.0004,-0.0050,0.0045,-0.0003,0.0001,-0.0136,-0.0004,-0.0050,0.0041,-0.0006,0.0001,0.0387,-0.0013,-0.0003,0.0369,0.0009,0.0042,-0.0000,0.0389,0.0014,0.0004,0.0371,0.0010,0.0033,0.0000,0.0128,-0.0003,-0.0008,-0.0068,0.1393,0.0014,-0.0011,-0.1230,0.0108,-0.0580,0.0488,-0.0608,0.0002,-0.1159,0.0105,-0.0627,-0.0075,-0.0526,0.0000,0.2487,0.0079,0.0090,0.0194,0.0118,0.0258,-0.0002,0.2497,-0.0097,-0.0095,0.0235,0.0124,0.0045,0.0002,-1.0000,-1.0000,-1.0000,-1.0000,-1.0000,-1.0000,-1.0000,-1.0000,-1.0000,-1.0000,-1.0000,-1.0000,-1.0000,-1.0000,-1.0000,-1.0000,-1.0000,-1.0000,-1.0000,-1.0000,-1.0000,-1.0000,-1.0000,-1.0000,-1.0000,-1.0000,-1.0000,-1.0000,-1.0000,-1.0000,-1.0000,-1.0000,-1.0000,-1.0000,-1.0000,-1.0000,-1.0000,-1.0000,-1.0000,-1.0000,-1.0000,-1.0000,-1.0000,-1.0000,-1.0000,-1.0000,-1.0000,-1.0000,-1.0000,-1.0000,-1.0000,-1.0000,-1.0000,-1.0000,-1.0000,-1.0000,-1.0000,-1.0000,-1.0000,-1.0000,-1.0000,-1.0000,-1.0000,0.8257,0.7912,0.7570,0.7479,0.7769,0.7635,0.7257,0.6387,0.7285,0.6801,0.7018,0.6995,0.6663,0.5986,0.5392,0.5992,0.5621,0.5546,0.6177,0.5543,0.5086,0.5361,-1.0000,-1.0000,-1.0000,-1.0000,-1.0000,-1.0000,-1.0000,-1.0000,-1.0000,-1.0000,-1.0000,-1.0000,-1.0000,-1.0000,-1.0000,-1.0000,-1.0000,-1.0000,-1.0000,-1.0000,-1.0000,-1.0000,-1.0000,-1.0000,-1.0000,-1.0000,-1.0000,-1.0000,-1.0000,-1.0000,-1.0000,-1.0000,-1.0000,-1.0000,-1.0000,-1.0000,1.1185,1.0696,1.1178,1.1289,1.0948,1.0956,0.6938,0.6189,0.7654,0.7791,0.5896,0.8751,0.8320,0.7047,0.7089,0.8631,0.6746,0.7483,0.8475,0.8157,0.7826,0.7685,0.7993,0.7933,0.7448,0.6676,0.7572,0.7114,0.7280,0.7193,0.6968,0.6355,0.5790,0.6360,0.6007,0.5906,0.6536,0.5861,0.5462,0.5756,0.7219,0.8257,0.7912,0.7570,0.7479,0.7769,0.7635,0.7257,0.6387,0.7285,0.6801,0.7018,0.6995,0.6663,0.5986,0.5392,0.5992,0.5621,0.5546,0.6177,0.5543,0.5086,0.5361,0,0.5086,-3.8126,0.2856,-2.5528
75,0.1500,0.5696,-0.0427,0.7092,-3.8126,0.2856,-4.0243,0.0656,0.1912,0.0000,1.0269,1.0000,0.0001,0.0075,0.0001,-0.0002,-0.0139,-0.0003,-0.0051,0.0045,-0.0006,0.0001,-0.0138,-0.0003,-0.0051,0.0040,-0.0008,0.0001,0.0392,-0.0013,-0.0003,0.0369,0.0010,0.0043,-0.0000,0.0393,0.0014,0.0004,0.0372,0.0010,0.0034,0.0000,0.0128,-0.0002,-0.0005,-0.0097,0.1387,0.0013,-0.0004,-0.1179,0.0187,-0.0609,0.0082,-0.1529,0.0003,-0.1125,0.0162,-0.0646,-0.0311,-0.0998,0.0003,0.2399,0.0075,0.0096,0.0126,0.0120,0.0251,-0.0002,0.2416,-0.0120,-0.0096,0.0182,0.0125,0.0034,0.0002,-1.0000,-1.0000,-1.0000,-1.0000,-1.0000,-1.0000,-1.0000,-1.0000,-1.0000,-1.0000,-1.0000,-1.0000,-1.0000,-1.0000,-1.0000,-1.0000,-1.0000,-1.0000,-1.0000,-1.0000,-1.0000,-1.0000,-1.0000,-1.0000,-1.0000,-1.0000,-1.0000,-1.0000,-1.0000,-1.0000,-1.0000,-1.0000,-1.0000,-1.0000,-1.0000,-1.0000,-1.0000,-1.0000,-1.0000,-1.0000,-1.0000,-1.0000,-1.0000,-1.0000,-1.0000,-1.0000,-1.0000,-1.0000,-1.0000,-1.0000,-1.0000,-1.0000,-1.0000,-1.0000,-1.0000,-1.0000,-1.0000,-1.0000,-1.0000,-1.0000,-1.0000,-1.0000,-1.0000,0.8299,0.7951,0.7606,0.7514,0.7790,0.7661,0.7287,0.6409,0.7302,0.6820,0.7031,0.7017,0.6673,0.5989,0.5411,0.6005,0.5627,0.5569,0.6185,0.5566,0.5096,0.5372,-1.0000,-1.0000,-1.0000,-1.0000,-1.0000,-1.0000,-1.0000,-1.0000,-1.0000,-1.0000,-1.0000,-1.0000,-1.0000,-1.0000,-1.0000,-1.0000,-1.0000,-1.0000,-1.0000,-1.0000,-1.0000,-1.0000,-1.0000,-1.0000,-1.0000,-1.0000,-1.0000,-1.0000,-1.0000,-1.0000,-1.0000,-1.0000,-1.0000,-1.0000,-1.0000,-1.0000,1.1238,1.0754,1.1230,1.1338,1.1004,1.1009,0.6943,0.6221,0.7696,0.7808,0.5922,0.8790,0.8341,0.7086,0.7098,0.8657,0.6781,0.7512,0.8513,0.8192,0.7858,0.7717,0.8011,0.7954,0.7475,0.6694,0.7585,0.7129,0.7288,0.7212,0.6975,0.6354,0.5803,0.6368,0.6008,0.5923,0.6538,0.5878,0.5467,0.5761,0.7252,0.8299,0.7951,0.7606,0.7514,0.7790,0.7661,0.7287,0.6409,0.7302,0.6820,0.7031,0.7017,0.6673,0.5989,0.5411,0.6005,0.5627,0.5569,0.6185,0.5566,0.5096,0.5372,0,0.5096,-3.8126,0.2856,-2.5528
75,0.1500,0.5696,-0.0427,0.7092,-3.8126,0.2856,-4.0243,0.0656,0.1912,0.0000,1.0269,1.0000,0.0001,0.0075,0.0001,-0.0002,-0.0139,-0.0003,-0.0051,0.0045,-0.0006,0.0001,-0.0138,-0.0003,-0.0051,0.0040,-0.0008,0.0001,0.0392,-0.0013,-0.0003,0.0369,0.0010,0.0043,-0.0000,0.0393,0.0014,0.0004,0.0372,0.0010,0.0034,0.0000,0.0128,-0.0002,-0.0005,-0.0097,0.1387,0.0013,-0.0004,-0.1179,0.0187,-0.0609,0.0082,-0.1529,0.0003,-0.1125,0.0162,-0.0646,-0.0311,-0.0998,0.0003,0.2399,0.0075,0.0096,0.0126,0.0120,0.0251,-0.0002,0.2416,-0.0120,-0.0096,0.0182,0.0125,0.0034,0.0002,-1.0000,-1.0000,-1.0000,-1.0000,-1.0000,-1.0000,-1.0000,-1.0000,-1.0000,-1.0000,-1.0000,-1.0000,-1.0000,-1.0000,-1.0000,-1.0000,-1.0000,-1.0000,-1.0000,-1.0000,-1.0000,-1.0000,-1.0000,-1.0000,-1.0000,-1.0000,-1.0000,-1.0000,-1.0000,-1.0000,-1.0000,-1.0000,-1.0000,-1.0000,-1.0000,-1.0000,-1.0000,-1.0000,-1.0000,-1.0000,-1.0000,-1.0000,-1.0000,-1.0000,-1.0000,-1.0000,-1.0000,-1.0000,-1.0000,-1.0000,-1.0000,-1.0000,-1.0000,-1.0000,-1.0000,-1.0000,-1.0000,-1.0000,-1.0000,-1.0000,-1.0000,-1.0000,-1.0000,0.8299,0.7951,0.7606,0.7514,0.7790,0.7661,0.7287,0.6409,0.7302,0.6820,0.7031,0.7017,0.6673,0.5989,0.5411,0.6005,0.5627,0.5569,0.6185,0.5566,0.5096,0.5372,-1.0000,-1.0000,-1.0000,-1.0000,-1.0000,-1.0000,-1.0000,-1.0000,-1.0000,-1.0000,-1.0000,-1.0000,-1.0000,-1.0000,-1.0000,-1.0000,-1.0000,-1.0000,-1.0000,-1.0000,-1.0000,-1.0000,-1.0000,-1.0000,-1.0000,-1.0000,-1.0000,-1.0000,-1.0000,-1.0000,-1.0000,-1.0000,-1.0000,-1.0000,-1.0000,-1.0000,1.1238,1.0754,1.1230,1.1338,1.1004,1.1009,0.6943,0.6221,0.7696,0.7808,0.5922,0.8790,0.8341,0.7086,0.7098,0.8657,0.6781,0.7512,0.8513,0.8192,0.7858,0.7717,0.8011,0.7954,0.7475,0.6694,0.7585,0.7129,0.7288,0.7212,0.6975,0.6354,0.5803,0.6368,0.6008,0.5923,0.6538,0.5878,0.5467,0.5761,0.7252,0.8299,0.7951,0.7606,0.7514,0.7790,0.7661,0.7287,0.6409,0.7302,0.6820,0.7031,0.7017,0.6673,0.5989,0.5411,0.6005,0.5627,0.5569,0.6185,0.5566,0.5096,0.5372,0,0.5096,-3.8126,0.2856,-2.5528
76,0.1520,0.5619,-0.0421,0.7011,-3.8126,0.2856,-4.0439,0.0656,0.1913,0.0000,1.0269,1.0000,0.0001,0.0076,0.0001,-0.0002,-0.0141,-0.0003,-0.0053,0.0045,-0.0011,0.0001,-0.0140,-0.0003,-0.0053,0.0040,-0.0006,0.0001,0.0397,-0.0013,-0.0003,0.0369,0.0010,0.0043,-0.0000,0.0398,0.0014,0.0003,0.0372,0.0010,0.0034,0.0000,0.0127,-0.0000,-0.0024,-0.0039,0.1374,0.0015,0.0002,-0.1121,0.0163,-0.0640,-0.0305,-0.2473,-0.0004,-0.1121,0.0003,-0.0634,-0.0256,0.0818,-0.0007,0.2311,0.0107,0.0092,0.0054,0.0120,0.0244,-0.0002,0.2312,-0.0107,-0.0108,0.0065,0.0126,0.0021,0.0002,-1.0000,-1.0000,-1.0000,-1.0000,-1.0000,-1.0000,-1.0000,-1.0000,-1.0000,-1.0000,-1.0000,-1.0000,-1.0000,-1.0000,-1.0000,-1.0000,-1.0000,-1.0000,-1.0000,-1.0000,-1.0000,-1.0000,-1.0000,-1.0000,-1.0000,-1.0000,-1.0000,-1.0000,-1.0000,-1.0000,-1.0000,-1.0000,-1.0000,-1.0000,-1.0000,-1.0000,-1.0000,-1.0000,-1.0000,-1.0000,-1.0000,-1.0000,-1.0000,-1.0000,-1.0000,-1.0000,-1.0000,-1.0000,-1.0000,-1.0000,-1.0000,-1.0000,-1.0000,-1.0000,-1.0000,-1.0000,-1.0000,-1.0000,-1.0000,-1.0000,-1.0000,-1.0000,-1.0000,0.8342,0.7992,0.7645,0.7551,0.7814,0.7689,0.7319,0.6434,0.7322,0.6842,0.7045,0.7040,0.6686,0.5995,0.5433,0.6020,0.5635,0.5594,0.6194,0.5591,0.5109,0.5386,-1.0000,-1.0000,-1.0000,-1.0000,-1.0000,-1.0000,-1.0000,-1.0000,-1.0000,-1.0000,-1.0000,-1.0000,-1.0000,-1.0000,-1.0000,-1.0000,-1.0000,-1.0000,-1.0000,-1.0000,-1.0000,-1.0000,-1.0000,-1.0000,-1.0000,-1.0000,-1.0000,-1.0000,-1.0000,-1.0000,-1.0000,-1.0000,-1.0000,-1.0000,-1.0000,-1.0000,1.1293,1.0813,1.1283,1.1389,1.1061,1.1062,0.6949,0.6255,0.7740,0.7828,0.5951,0.8831,0.8365,0.7127,0.7109,0.8684,0.6818,0.7543,0.8552,0.8229,0.7892,0.7750,0.8031,0.7977,0.7503,0.6713,0.7601,0.7146,0.7299,0.7232,0.6983,0.6355,0.5819,0.6378,0.6011,0.5942,0.6543,0.5898,0.5474,0.5769,0.7288,0.8342,0.7992,0.7645,0.7551,0.7814,0.7689,0.7319,0.6434,0.7322,0.6842,0.7045,0.7040,0.6686,0.5995,0.5433,0.6020,0.5635,0.5594,0.6194,0.5591,0.5109,0.5386,0,0.5109,-3.8126,0.2856,-2.5528
76,0.1520,0.5619,-0.0421,0.7011,-3.8126,0.2856,-4.0439,0.0656,0.1913,0.0000,1.0269,1.0000,0.0001,0.0076,0.0001,-0.0002,-0.0141,-0.0003,-0.0053,0.0045,-0.0011,0.0001,-0.0140,-0.0003,-0.0053,0.0040,-0.0006,0.0001,0.0397,-0.0013,-0.0003,0.0369,0.0010,0.0043,-0.0000,0.0398,0.0014,0.0003,0.0372,0.0010,0.0034,0.0000,0.0127,-0.0000,-0.0024,-0.0039,0.1374,0.0015,0.0002,-0.1121,0.0163,-0.0640,-0.0305,-0.2473,-0.0004,-0.1121,0.0003,-0.0634,-0.0256,0.0818,-0.0007,0.2311,0.0107,0.0092,0.0054,0.0120,0.0244,-0.0002,0.2312,-0.0107,-0.0108,0.0065,0.0126,0.0021,0.0002,-1.0000,-1.0000,-1.0000,-1.0000,-1.0000,-1.0000,-1.0000,-1.0000,-1.0000,-1.0000,-1.0000,-1.0000,-1.0000,-1.0000,-1.0000,-1.0000,-1.0000,-1.0000,-1.0000,-1.0000,-1.0000,-1.0000,-1.0000,-1.0000,-1.0000,-1.0000,-1.0000,-1.0000,-1.0000,-1.0000,-1.0000,-1.0000,-1.0000,-1.0000,-1.0000,-1.0000,-1.0000,-1.0000,-1.0000,-1.0000,-1.0000,-1.0000,-1.0000,-1.0000,-1.0000,-1.0000,-1.0000,-1.0000,-1.0000,-1.0000,-1.0000,-1.0000,-1.0000,-1.0000,-1.0000,-1.0000,-1.0000,-1.0000,-1.0000,-1.0000,-1.0000,-1.0000,-1.0000,0.8342,0.7992,0.7645,0.7551,0.7814,0.7689,0.7319,0.6434,0.7322,0.6842,0.7045,0.7040,0.6686,0.5995,0.5433,0.6020,0.5635,0.5594,0.6194,0.5591,0.5109,0.5386,-1.0000,-1.0000,-1.0000,-1.0000,-1.0000,-1.0000,-1.0000,-1.0000,-1.0000,-1.0000,-1.0000,-1.0000,-1.0000,-1.0000,-1.0000,-1.0000,-1.0000,-1.0000,-1.0000,-1.0000,-1.0000,-1.0000,-1.0000,-1.0000,-1.0000,-1.0000,-1.0000,-1.0000,-1.0000,-1.0000,-1.0000,-1.0000,-1.0000,-1.0000,-1.0000,-1.0000,1.1293,1.0813,1.1283,1.1389,1.1061,1.1062,0.6949,0.6255,0.7740,0.7828,0.5951,0.8831,0.8365,0.7127,0.7109,0.8684,0.6818,0.7543,0.8552,0.8229,0.7892,0.7750,0.8031,0.7977,0.7503,0.6713,0.7601,0.7146,0.7299,0.7232,0.6983,0.6355,0.5819,0.6378,0.6011,0.5942,0.6543,0.5898,0.5474,0.5769,0.7288,0.8342,0.7992,0.7645,0.7551,0.7814,0.7689,0.7319,0.6434,0.7322,0.6842,0.7045,0.7040,0.6686,0.5995,0.5433,0.6020,0.5635,0.5594,0.6194,0.5591,0.5109,0.5386,0,0.5109,-3.8126,0.2856,-2.5528
77,0.1540,0.5543,-0.0415,0.6930,-3.8126,0.2856,-4.0635,0.0656,0.1913,0.0000,1.0269,1.0000,0.0001,0.0077,0.0001,-0.0002,-0.0143,-0.0003,-0.0054,0.0043,-0.0017,0.0001,-0.0143,-0.0004,-0.0054,0.0043,-0.0005,0.0001,0.0401,-0.0012,-0.0003,0.0369,0.0010,0.0044,-0.0000,0.0402,0.0013,0.0003,0.0371,0.0011,0.0034,0.0000,0.0128,0.0011,-0.0059,0.0167,0.1351,0.0026,-0.0001,-0.1051,-0.0075,-0.0673,-0.0647,-0.2859,-0.0009,-0.1294,-0.0253,-0.0475,0.1432,0.0781,-0.0042,0.2233,0.0184,0.0068,0.0017,0.0120,0.0237,-0.0002,0.2180,-0.0050,-0.0141,-0.0122,0.0124,0.0006,0.0001,-1.0000,-1.0000,-1.0000,-1.0000,-1.0000,-1.0000,-1.0000,-1.0000,-1.0000,-1.0000,-1.0000,-1.0000,-1.0000,-1.0000,-1.0000,-1.0000,-1.0000,-1.0000,-1.0000,-1.0000,-1.0000,-1.0000,-1.0000,-1.0000,-1.0000,-1.0000,-1.0000,-1.0000,-1.0000,-1.0000,-1.0000,-1.0000,-1.0000,-1.0000,-1.0000,-1.0000,-1.0000,-1.0000,-1.0000,-1.0000,-1.0000,-1.0000,-1.0000,-1.0000,-1.0000,-1.0000,-1.0000,-1.0000,-1.0000,-1.0000,-1.0000,-1.0000,-1.0000,-1.0000,-1.0000,-1.0000,-1.0000,-1.0000,-1.0000,-1.0000,-1.0000,-1.0000,-1.0000,0.8388,0.8035,0.7685,0.7590,0.7839,0.7718,0.7353,0.6460,0.7344,0.6866,0.7062,0.7066,0.6701,0.6003,0.5457,0.6038,0.5646,0.5622,0.6206,0.5619,0.5124,0.5401,-1.0000,-1.0000,-1.0000,-1.0000,-1.0000,-1.0000,-1.0000,-1.0000,-1.0000,-1.0000,-1.0000,-1.0000,-1.0000,-1.0000,-1.0000,-1.0000,-1.0000,-1.0000,-1.0000,-1.0000,-1.0000,-1.0000,-1.0000,-1.0000,-1.0000,-1.0000,-1.0000,-1.0000,-1.0000,-1.0000,-1.0000,-1.0000,-1.0000,-1.0000,-1.0000,-1.0000,1.1349,1.0873,1.1338,1.1440,1.1120,1.1117,0.6958,0.6291,0.7785,0.7849,0.5982,0.8873,0.8390,0.7170,0.7121,0.8713,0.6857,0.7575,0.8594,0.8267,0.7927,0.7786,0.8052,0.8002,0.7534,0.6735,0.7618,0.7164,0.7312,0.7254,0.6993,0.6357,0.5836,0.6390,0.6016,0.5964,0.6550,0.5920,0.5484,0.5779,0.7325,0.8388,0.8035,0.7685,0.7590,0.7839,0.7718,0.7353,0.6460,0.7344,0.6866,0.7062,0.7066,0.6701,0.6003,0.5457,0.6038,0.5646,0.5622,0.6206,0.5619,0.5124,0.5401,0,0.5124,-3.8126,0.2856,-2.5528
78,0.1560,0.5467,-0.0409,0.6848,-3.8126,0.2856,-4.0831,0.0656,0.1913,0.0000,1.0269,1.0000,0.0001,0.0079,0.0001,-0.0002,-0.0146,-0.0003,-0.0055,0.0042,-0.0018,0.0001,-0.0145,-0.0004,-0.0055,0.0045,-0.0004,0.0001,0.0406,-0.0012,-0.0002,0.0369,0.0010,0.0044,-0.0000,0.0407,0.0013,0.0003,0.0371,0.0011,0.0034,0.0000,0.0128,0.0004,-0.0055,0.0053,0.1342,0.0022,-0.0007,-0.1056,-0.0025,-0.0658,-0.0527,-0.0889,-0.0007,-0.1230,-0.0081,-0.0514,0.0949,0.0213,-0.0024,0.2128,0.0159,0.0088,-0.0072,0.0121,0.0229,-0.0002,0.2105,-0.0093,-0.0127,-0.0127,0.0126,-0.0003,0.0001,-1.0000,-1.0000,-1.0000,-1.0000,-1.0000,-1.0000,-1.0000,-1.0000,-1.0000,-1.0000,-1.0000,-1.0000,-1.0000,-1.0000,-1.0000,-1.0000,-1.0000,-1.0000,-1.0000,-1.0000,-1.0000,-1.0000,-1.0000,-1.0000,-1.0000,-1.0000,-1.0000,-1.0000,-1.0000,-1.0000,-1.0000,-1.0000,-1.0000,-1.0000,-1.0000,-1.0000,-1.0000,-1.0000,-1.0000,-1.0000,-1.0000,-1.0000,-1.0000,-1.0000,-1.0000,-1.0000,-1.0000,-1.0000,-1.0000,-1.0000,-1.0000,-1.0000,-1.0000,-1.0000,-1.0000,-1.0000,-1.0000,-1.0000,-1.0000,-1.0000,-1.0000,-1.0000,-1.0000,0.8434,0.8079,0.7726,0.7630,0.7865,0.7750,0.7388,0.6489,0.7367,0.6891,0.7080,0.7093,0.6718,0.6013,0.5484,0.6058,0.5659,0.5651,0.6220,0.5648,0.5142,0.5420,-1.0000,-1.0000,-1.0000,-1.0000,-1.0000,-1.0000,-1.0000,-1.0000,-1.0000,-1.0000,-1.0000,-1.0000,-1.0000,-1.0000,-1.0000,-1.0000,-1.0000,-1.0000,-1.0000,-1.0000,-1.0000,-1.0000,-1.0000,-1.0000,-1.0000,-1.0000,-1.0000,-1.0000,-1.0000,-1.0000,-1.0000,-1.0000,-1.0000,-1.0000,-1.0000,-1.0000,1.1406,1.0935,1.1394,1.1493,1.1179,1.1173,0.6969,0.6329,0.7832,0.7872,0.6015,0.8916,0.8416,0.7214,0.7136,0.8743,0.6898,0.7610,0.8636,0.8307,0.7965,0.7823,0.8075,0.8028,0.7566,0.6759,0.7637,0.7185,0.7326,0.7278,0.7006,0.6362,0.5857,0.6404,0.6023,0.5988,0.6558,0.5944,0.5496,0.5791,0.7364,0.8434,0.8079,0.7726,0.7630,0.7865,0.7750,0.7388,0.6489,0.7367,0.6891,0.7080,0.7093,0.6718,0.6013,0.5484,0.6058,0.5659,0.5651,0.6220,0.5648,0.5142,0.5420,0,0.5142,-3.8126,0.2856,-2.5528
78,0.1560,0.5467,-0.0409,0.6848,-3.8126,0.2856,-4.0831,0.0656,0.1913,0.0000,1.0269,1.0000,0.0001,0.0079,0.0001,-0.0002,-0.0146,-0.0003,-0.0055,0.0042,-0.0018,0.0001,-0.0145,-0.0004,-0.0055,0.0045,-0.0004,0.0001,0.0406,-0.0012,-0.0002,0.0369,0.0010,0.0044,-0.0000,0.0407,0.0013,0.0003,0.0371,0.0011,0.0034,0.0000,0.0128,0.0004,-0.0055,0.0053,0.1342,0.0022,-0.0007,-0.1056,-0.0025,-0.0658,-0.0527,-0.0889,-0.0007,-0.1230,-0.0081,-0.0514,0.0949,0.0213,-0.0024,0.2128,0.0159,0.0088,-0.0072,0.0121,0.0229,-0.0002,0.2105,-0.0093,-0.0127,-0.0127,0.0126,-0.0003,0.0001,-1.0000,-1.0000,-1.0000,-1.0000,-1.0000,-1.0000,-1.0000,-1.0000,-1.0000,-1.0000,-1.0000,-1.0000,-1.0000,-1.0000,-1.0000,-1.0000,-1.0000,-1.0000,-1.0000,-1.0000,-1.0000,-1.0000,-1.0000,-1.0000,-1.0000,-1.0000,-1.0000,-1.0000,-1.0000,-1.0000,-1.0000,-1.0000,-1.0000,-1.0000,-1.0000,-1.0000,-1.0000,-1.0000,-1.0000,-1.0000,-1.0000,-1.0000,-1.0000,-1.0000,-1.0000,-1.0000,-1.0000,-1.0000,-1.0000,-1.0000,-1.0000,-1.0000,-1.0000,-1.0000,-1.0000,-1.0000,-1.0000,-1.0000,-1.0000,-1.0000,-1.0000,-1.0000,-1.0000,0.8434,0.8079,0.7726,0.7630,0.7865,0.7750,0.7388,0.6489,0.7367,0.6891,0.7080,0.7093,0.6718,0.6013,0.5484,0.6058,0.5659,0.5651,0.6220,0.5648,0.5142,0.5420,-1.0000,-1.0000,-1.0000,-1.0000,-1.0000,-1.0000,-1.0000,-1.0000,-1.0000,-1.0000,-1.0000,-1.0000,-1.0000,-1.0000,-1.0000,-1.0000,-1.0000,-1.0000,-1.0000,-1.0000,-1.0000,-1.0000,-1.0000,-1.0000,-1.0000,-1.0000,-1.0000,-1.0000,-1.0000,-1.0000,-1.0000,-1.0000,-1.0000,-1.0000,-1.0000,-1.0000,1.1406,1.0935,1.1394,1.1493,1.1179,1.1173,0.6969,0.6329,0.7832,0.7872,0.6015,0.8916,0.8416,0.7214,0.7136,0.8743,0.6898,0.7610,0.8636,0.8307,0.7965,0.7823,0.8075,0.8028,0.7566,0.6759,0.7637,0.7185,0.7326,0.7278,0.7006,0.6362,0.5857,0.6404,0.6023,0.5988,0.6558,0.5944,0.5496,0.5791,0.7364,0.8434,0.8079,0.7726,0.7630,0.7865,0.7750,0.7388,0.6489,0.7367,0.6891,0.7080,0.7093,0.6718,0.6013,0.5484,0.6058,0.5659,0.5651,0.6220,0.5648,0.5142,0.5420,0,0.5142,-3.8126,0.2856,-2.5528
79,0.1580,0.5391,-0.0404,0.6766,-3.8126,0.2856,-4.1028,0.0656,0.1913,0.0000,1.0269,1.0000,0.0001,0.0080,0.0001,-0.0002,-0.0148,-0.0003,-0.0056,0.0042,-0.0019,0.0001,-0.0147,-0.0004,-0.0056,0.0046,-0.0005,0.0001,0.0410,-0.0012,-0.0002,0.0369,0.0011,0.0045,-0.0000,0.0411,0.0013,0.0003,0.0371,0.0011,0.0034,0.0000,0.0128,0.0005,-0.0027,0.0080,0.1337,0.0022,-0.0010,-0.1078,-0.0086,-0.0639,-0.0268,-0.0326,-0.0007,-0.1180,-0.0091,-0.0544,0.0547,-0.0276,-0.0029,0.2050,0.0176,0.0087,-0.0064,0.0123,0.0223,-0.0002,0.2019,-0.0092,-0.0133,-0.0139,0.0127,-0.0012,0.0001,-1.0000,-1.0000,-1.0000,-1.0000,-1.0000,-1.0000,-1.0000,-1.0000,-1.0000,-1.0000,-1.0000,-1.0000,-1.0000,-1.0000,-1.0000,-1.0000,-1.0000,-1.0000,-1.0000,-1.0000,-1.0000,-1.0000,-1.0000,-1.0000,-1.0000,-1.0000,-1.0000,-1.0000,-1.0000,-1.0000,-1.0000,-1.0000,-1.0000,-1.0000,-1.0000,-1.0000,-1.0000,-1.0000,-1.0000,-1.0000,-1.0000,-1.0000,-1.0000,-1.0000,-1.0000,-1.0000,-1.0000,-1.0000,-1.0000,-1.0000,-1.0000,-1.0000,-1.0000,-1.0000,-1.0000,-1.0000,-1.0000,-1.0000,-1.0000,-1.0000,-1.0000,-1.0000,-1.0000,0.8483,0.8125,0.7770,0.7673,0.7894,0.7783,0.7426,0.6520,0.7393,0.6919,0.7100,0.7122,0.6737,0.6026,0.5513,0.6080,0.5675,0.5684,0.6236,0.5680,0.5163,0.5440,-1.0000,-1.0000,-1.0000,-1.0000,-1.0000,-1.0000,-1.0000,-1.0000,-1.0000,-1.0000,-1.0000,-1.0000,-1.0000,-1.0000,-1.0000,-1.0000,-1.0000,-1.0000,-1.0000,-1.0000,-1.0000,-1.0000,-1.0000,-1.0000,-1.0000,-1.0000,-1.0000,-1.0000,-1.0000,-1.0000,-1.0000,-1.0000,-1.0000,-1.0000,-1.0000,-1.0000,1.1464,1.0998,1.1451,1.1547,1.1240,1.1231,0.6982,0.6369,0.7881,0.7897,0.6050,0.8962,0.8445,0.7261,0.7153,0.8775,0.6941,0.7646,0.8681,0.8348,0.8003,0.7861,0.8100,0.8057,0.7601,0.6785,0.7658,0.7208,0.7342,0.7305,0.7020,0.6370,0.5879,0.6420,0.6033,0.6014,0.6569,0.5971,0.5510,0.5805,0.7405,0.8483,0.8125,0.7770,0.7673,0.7894,0.7783,0.7426,0.6520,0.7393,0.6919,0.7100,0.7122,0.6737,0.6026,0.5513,0.6080,0.5675,0.5684,0.6236,0.5680,0.5163,0.5440,0,0.5163,-3.8126,0.2856,-2.5528
80,0.1600,0.5314,-0.0398,0.6684,-3.8126,0.2856,-4.1224,0.0656,0.1914,0.0000,1.0269,1.0000,0.0002,0.0081,0.0001,-0.0002,-0.0150,-0.0004,-0.0058,0.0042,-0.0019,0.0001,-0.0150,-0.0004,-0.0057,0.0046,-0.0006,0.0000,0.0414,-0.0011,-0.0002,0.0369,0.0011,0.0045,-0.0000,0.0414,0.0013,0.0002,0.0371,0.0011,0.0034,0.0000,0.0128,0.0006,-0.0004,0.0103,0.1330,0.0022,-0.0012,-0.1094,-0.0137,-0.0621,-0.0051,0.0147,-0.0006,-0.1133,-0.0097,-0.0570,0.0196,-0.0740,-0.0032,0.1968,0.0190,0.0087,-0.0066,0.0124,0.0217,-0.0002,0.1931,-0.0093,-0.0137,-0.0157,0.0128,-0.0021,0.0001,-1.0000,-1.0000,-1.0000,-1.0000,-1.0000,-1.0000,-1.0000,-1.0000,-1.0000,-1.0000,-1.0000,-1.0000,-1.0000,-1.0000,-1.0000,-1.0000,-1.0000,-1.0000,-1.0000,-1.0000,-1.0000,-1.0000,-1.0000,-1.0000,-1.0000,-1.0000,-1.0000,-1.0000,-1.0000,-1.0000,-1.0000,-1.0000,-1.0000,-1.0000,-1.0000,-1.0000,-1.0000,-1.0000,-1.0000,-1.0000,-1.0000,-1.0000,-1.0000,-1.0000,-1.0000,-1.0000,-1.0000,-1.0000,-1.0000,-1.0000,-1.0000,-1.0000,-1.0000,-1.0000,-1.0000,-1.0000,-1.0000,-1.0000,-1.0000,-1.0000,-1.0000,-1.0000,-1.0000,0.8532,0.8172,0.7815,0.7717,0.7924,0.7818,0.7465,0.6552,0.7420,0.6948,0.7123,0.7154,0.6758,0.6040,0.5545,0.6104,0.5692,0.5718,0.6254,0.5715,0.5186,0.5463,-1.0000,-1.0000,-1.0000,-1.0000,-1.0000,-1.0000,-1.0000,-1.0000,-1.0000,-1.0000,-1.0000,-1.0000,-1.0000,-1.0000,-1.0000,-1.0000,-1.0000,-1.0000,-1.0000,-1.0000,-1.0000,-1.0000,-1.0000,-1.0000,-1.0000,-1.0000,-1.0000,-1.0000,-1.0000,-1.0000,-1.0000,-1.0000,-1.0000,-1.0000,-1.0000,-1.0000,1.1524,1.1061,1.1509,1.1602,1.1302,1.1290,0.6997,0.6411,0.7931,0.7924,0.6088,0.9008,0.8475,0.7309,0.7172,0.8809,0.6986,0.7685,0.8727,0.8392,0.8044,0.7902,0.8127,0.8087,0.7637,0.6813,0.7681,0.7232,0.7361,0.7333,0.7036,0.6379,0.5904,0.6439,0.6045,0.6042,0.6582,0.6000,0.5527,0.5822,0.7448,0.8532,0.8172,0.7815,0.7717,0.7924,0.7818,0.7465,0.6552,0.7420,0.6948,0.7123,0.7154,0.6758,0.6040,0.5545,0.6104,0.5692,0.5718,0.6254,0.5715,0.5186,0.5463,0,0.5186,-3.8126,0.2856,-2.5528
80,0.1600,0.5314,-0.0398,0.6684,-3.8126,0.2856,-4.1224,0.0656,0.1914,0.0000,1.0269,1.0000,0.0002,0.0081,0.0001,-0.0002,-0.0150,-0.0004,-0.0058,0.0042,-0.0019,0.0001,-0.0150,-0.0004,-0.0057,0.0046,-0.0006,0.0000,0.0414,-0.0011,-0.0002,0.0369,0.0011,0.0045,-0.0000,0.0414,0.0013,0.0002,0.0371,0.0011,0.0034,0.0000,0.0128,0.0006,-0.0004,0.0103,0.1330,0.0022,-0.0012,-0.1094,-0.0137,-0.0621,-0.0051,0.0147,-0.0006,-0.1133,-0.0097,-0.0570,0.0196,-0.0740,-0.0032,0.1968,0.0190,0.0087,-0.0066,0.0124,0.0217,-0.0002,0.1931,-0.0093,-0.0137,-0.0157,0.0128,-0.0021,0.0001,-1.0000,-1.0000,-1.0000,-1.0000,-1.0000,-1.0000,-1.0000,-1.0000,-1.0000,-1.0000,-1.0000,-1.0000,-1.0000,-1.0000,-1.0000,-1.0000,-1.0000,-1.0000,-1.0000,-1.0000,-1.0000,-1.0000,-1.0000,-1.0000,-1.0000,-1.0000,-1.0000,-1.0000,-1.0000,-1.0000,-1.0000,-1.0000,-1.0000,-1.0000,-1.0000,-1.0000,-1.0000,-1.0000,-1.0000,-1.0000,-1.0000,-1.0000,-1.0000,-1.0000,-1.0000,-1.0000,-1.0000,-1.0000,-1.0000,-1.0000,-1.0000,-1.0000,-1.0000,-1.0000,-1.0000,-1.0000,-1.0000,-1.0000,-1.0000,-1.0000,-1.0000,-1.0000,-1.0000,0.8532,0.8172,0.7815,0.7717,0.7924,0.7818,0.7465,0.6552,0.7420,0.6948,0.7123,0.7154,0.6758,0.6040,0.5545,0.6104,0.5692,0.5718,0.6254,0.5715,0.5186,0.5463,-1.0000,-1.0000,-1.0000,-1.0000,-1.0000,-1.0000,-1.0000,-1.0000,-1.0000,-1.0000,-1.0000,-1.0000,-1.0000,-1.0000,-1.0000,-1.0000,-1.0000,-1.0000,-1.0000,-1.0000,-1.0000,-1.0000,-1.0000,-1.0000,-1.0000,-1.0000,-1.0000,-1.0000,-1.0000,-1.0000,-1.0000,-1.0000,-1.0000,-1.0000,-1.0000,-1.0000,1.1524,1.1061,1.1509,1.1602,1.1302,1.1290,0.6997,0.6411,0.7931,0.7924,0.6088,0.9008,0.8475,0.7309,0.7172,0.8809,0.6986,0.7685,0.8727,0.8392,0.8044,0.7902,0.8127,0.8087,0.7637,0.6813,0.7681,0.7232,0.7361,0.7333,0.7036,0.6379,0.5904,0.6439,0.6045,0.6042,0.6582,0.6000,0.5527,0.5822,0.7448,0.8532,0.8172,0.7815,0.7717,0.7924,0.7818,0.7465,0.6552,0.7420,0.6948,0.7123,0.7154,0.6758,0.6040,0.5545,0.6104,0.5692,0.5718,0.6254,0.5715,0.5186,0.5463,0,0.5186,-3.8126,0.2856,-2.5528
81,0.1620,0.5238,-0.0392,0.6601,-3.8126,0.2856,-4.1420,0.0656,0.1914,0.0000,1.0269,1.0000,0.0001,0.0083,0.0001,-0.0002,-0.0152,-0.0003,-0.0059,0.0045,-0.0018,0.0001,-0.0152,-0.0004,-0.0058,0.0046,-0.0009,0.0000,0.0417,-0.0011,-0.0002,0.0368,0.0011,0.0046,-0.0000,0.0418,0.0013,0.0002,0.0370,0.0012,0.0033,0.0000,0.0128,-0.0004,-0.0036,-0.0121,0.1305,0.0009,-0.0004,-0.1253,0.0141,-0.0468,0.1508,0.0172,-0.0001,-0.1061,0.0209,-0.0603,-0.0148,-0.1289,0.0004,0.1832,0.0123,0.0121,-0.0244,0.0125,0.0205,-0.0001,0.1849,-0.0179,-0.0110,-0.0175,0.0131,-0.0030,0.0001,-1.0000,-1.0000,-1.0000,-1.0000,-1.0000,-1.0000,-1.0000,-1.0000,-1.0000,-1.0000,-1.0000,-1.0000,-1.0000,-1.0000,-1.0000,-1.0000,-1.0000,-1.0000,-1.0000,-1.0000,-1.0000,-1.0000,-1.0000,-1.0000,-1.0000,-1.0000,-1.0000,-1.0000,-1.0000,-1.0000,-1.0000,-1.0000,-1.0000,-1.0000,-1.0000,-1.0000,-1.0000,-1.0000,-1.0000,-1.0000,-1.0000,-1.0000,-1.0000,-1.0000,-1.0000,-1.0000,-1.0000,-1.0000,-1.0000,-1.0000,-1.0000,-1.0000,-1.0000,-1.0000,-1.0000,-1.0000,-1.0000,-1.0000,-1.0000,-1.0000,-1.0000,-1.0000,-1.0000,0.8584,0.8222,0.7862,0.7763,0.7957,0.7854,0.7506,0.6587,0.7449,0.6980,0.7147,0.7187,0.6781,0.6057,0.5578,0.6131,0.5713,0.5755,0.6274,0.5751,0.5211,0.5489,-1.0000,-1.0000,-1.0000,-1.0000,-1.0000,-1.0000,-1.0000,-1.0000,-1.0000,-1.0000,-1.0000,-1.0000,-1.0000,-1.0000,-1.0000,-1.0000,-1.0000,-1.0000,-1.0000,-1.0000,-1.0000,-1.0000,-1.0000,-1.0000,-1.0000,-1.0000,-1.0000,-1.0000,-1.0000,-1.0000,-1.0000,-1.0000,-1.0000,-1.0000,-1.0000,-1.0000,1.1585,1.1127,1.1568,1.1659,1.1365,1.1349,0.7014,0.6455,0.7984,0.7952,0.6128,0.9057,0.8507,0.7359,0.7193,0.8845,0.7033,0.7725,0.8775,0.8437,0.8087,0.7944,0.8156,0.8119,0.7675,0.6843,0.7706,0.7259,0.7381,0.7363,0.7055,0.6391,0.5931,0.6459,0.6060,0.6073,0.6597,0.6031,0.5547,0.5842,0.7493,0.8584,0.8222,0.7862,0.7763,0.7957,0.7854,0.7506,0.6587,0.7449,0.6980,0.7147,0.7187,0.6781,0.6057,0.5578,0.6131,0.5713,0.5755,0.6274,0.5751,0.5211,0.5489,0,0.5211,-3.8126,0.2856,-2.5528
81,0.1620,0.5238,-0.0392,0.6601,-3.8126,0.2856,-4.1420,0.0656,0.1914,0.0000,1.0269,1.0000,0.0001,0.0083,0.0001,-0.0002,-0.0152,-0.0003,-0.0059,0.0045,-0.0018,0.0001,-0.0152,-0.0004,-0.0058,0.0046,-0.0009,0.0000,0.0417,-0.0011,-0.0002,0.0368,0.0011,0.0046,-0.0000,0.0418,0.0013,0.0002,0.0370,0.0012,0.0033,0.0000,0.0128,-0.0004,-0.0036,-0.0121,0.1305,0.0009,-0.0004,-0.1253,0.0141,-0.0468,0.1508,0.0172,-0.0001,-0.1061,0.0209,-0.0603,-0.0148,-0.1289,0.0004,0.1832,0.0123,0.0121,-0.0244,0.0125,0.0205,-0.0001,0.1849,-0.0179,-0.0110,-0.0175,0.0131,-0.0030,0.0001,-1.0000,-1.0000,-1.0000,-1.0000,-1.0000,-1.0000,-1.0000,-1.0000,-1.0000,-1.0000,-1.0000,-1.0000,-1.0000,-1.0000,-1.0000,-1.0000,-1.0000,-1.0000,-1.0000,-1.0000,-1.0000,-1.0000,-1.0000,-1.0000,-1.0000,-1.0000,-1.0000,-1.0000,-1.0000,-1.0000,-1.0000,-1.0000,-1.0000,-1.0000,-1.0000,-1.0000,-1.0000,-1.0000,-1.0000,-1.0000,-1.0000,-1.0000,-1.0000,-1.0000,-1.0000,-1.0000,-1.0000,-1.0000,-1.0000,-1.0000,-1.0000,-1.0000,-1.0000,-1.0000,-1.0000,-1.0000,-1.0000,-1.0000,-1.0000,-1.0000,-1.0000,-1.0000,-1.0000,0.8584,0.8222,0.7862,0.7763,0.7957,0.7854,0.7506,0.6587,0.7449,0.6980,0.7147,0.7187,0.6781,0.6057,0.5578,0.6131,0.5713,0.5755,0.6274,0.5751,0.5211,0.5489,-1.0000,-1.0000,-1.0000,-1.0000,-1.0000,-1.0000,-1.0000,-1.0000,-1.0000,-1.0000,-1.0000,-1.0000,-1.0000,-1.0000,-1.0000,-1.0000,-1.0000,-1.0000,-1.0000,-1.0000,-1.0000,-1.0000,-1.0000,-1.0000,-1.0000,-1.0000,-1.0000,-1.0000,-1.0000,-1.0000,-1.0000,-1.0000,-1.0000,-1.0000,-1.0000,-1.0000,1.1585,1.1127,1.1568,1.1659,1.1365,1.1349,0.7014,0.6455,0.7984,0.7952,0.6128,0.9057,0.8507,0.7359,0.7193,0.8845,0.7033,0.7725,0.8775,0.8437,0.8087,0.7944,0.8156,0.8119,0.7675,0.6843,0.7706,0.7259,0.7381,0.7363,0.7055,0.6391,0.5931,0.6459,0.6060,0.6073,0.6597,0.6031,0.5547,0.5842,0.7493,0.8584,0.8222,0.7862,0.7763,0.7957,0.7854,0.7506,0.6587,0.7449,0.6980,0.7147,0.7187,0.6781,0.6057,0.5578,0.6131,0.5713,0.5755,0.6274,0.5751,0.5211,0.5489,0,0.5211,-3.8126,0.2856,-2.5528
82,0.1640,0.5162,-0.0387,0.6518,-3.8126,0.2856,-4.1616,0.0656,0.1914,0.0000,1.0269,1.0000,0.0001,0.0084,0.0001,-0.0002,-0.0155,-0.0003,-0.0060,0.0047,-0.0017,0.0001,-0.0154,-0.0004,-0.0059,0.0045,-0.0012,0.0000,0.0421,-0.0011,-0.0002,0.0368,0.0011,0.0046,-0.0000,0.0422,0.0012,0.0002,0.0370,0.0012,0.0033,0.0000,0.0128,-0.0002,-0.0012,-0.0069,0.1297,0.0009,-0.0004,-0.1231,0.0054,-0.0475,0.1376,0.0607,0.0001,-0.1025,0.0163,-0.0620,-0.0401,-0.1672,-0.0003,0.1752,0.0149,0.0115,-0.0225,0.0126,0.0199,-0.0001,0.1755,-0.0168,-0.0120,-0.0198,0.0132,-0.0038,0.0001,-1.0000,-1.0000,-1.0000,-1.0000,-1.0000,-1.0000,-1.0000,-1.0000,-1.0000,-1.0000,-1.0000,-1.0000,-1.0000,-1.0000,-1.0000,-1.0000,-1.0000,-1.0000,-1.0000,-1.0000,-1.0000,-1.0000,-1.0000,-1.0000,-1.0000,-1.0000,-1.0000,-1.0000,-1.0000,-1.0000,-1.0000,-1.0000,-1.0000,-1.0000,-1.0000,-1.0000,-1.0000,-1.0000,-1.0000,-1.0000,-1.0000,-1.0000,-1.0000,-1.0000,-1.0000,-1.0000,-1.0000,-1.0000,-1.0000,-1.0000,-1.0000,-1.0000,-1.0000,-1.0000,-1.0000,-1.0000,-1.0000,-1.0000,-1.0000,-1.0000,-1.0000,-1.0000,-1.0000,0.8637,0.8272,0.7910,0.7811,0.7991,0.7893,0.7549,0.6624,0.7481,0.7014,0.7173,0.7222,0.6806,0.6077,0.5615,0.6160,0.5735,0.5794,0.6297,0.5790,0.5239,0.5517,-1.0000,-1.0000,-1.0000,-1.0000,-1.0000,-1.0000,-1.0000,-1.0000,-1.0000,-1.0000,-1.0000,-1.0000,-1.0000,-1.0000,-1.0000,-1.0000,-1.0000,-1.0000,-1.0000,-1.0000,-1.0000,-1.0000,-1.0000,-1.0000,-1.0000,-1.0000,-1.0000,-1.0000,-1.0000,-1.0000,-1.0000,-1.0000,-1.0000,-1.0000,-1.0000,-1.0000,1.1647,1.1193,1.1629,1.1716,1.1429,1.1411,0.7033,0.6501,0.8037,0.7983,0.6170,0.9107,0.8541,0.7411,0.7217,0.8882,0.7081,0.7767,0.8824,0.8483,0.8131,0.7988,0.8186,0.8152,0.7714,0.6875,0.7732,0.7287,0.7403,0.7395,0.7075,0.6404,0.5960,0.6482,0.6076,0.6105,0.6614,0.6064,0.5569,0.5863,0.7539,0.8637,0.8272,0.7910,0.7811,0.7991,0.7893,0.7549,0.6624,0.7481,0.7014,0.7173,0.7222,0.6806,0.6077,0.5615,0.6160,0.5735,0.5794,0.6297,0.5790,0.5239,0.5517,0,0.5239,-3.8126,0.2856,-2.5528
83,0.1660,0.5086,-0.0381,0.6434,-3.8126,0.2856,-4.1812,0.0656,0.1914,0.0000,1.0268,1.0000,0.0001,0.0085,0.0001,-0.0002,-0.0157,-0.0003,-0.0061,0.0049,-0.0013,0.0001,-0.0156,-0.0003,-0.0061,0.0045,-0.0014,0.0001,0.0424,-0.0010,-0.0001,0.0367,0.0012,0.0046,-0.0000,0.0425,0.0012,0.0002,0.0369,0.0012,0.0033,0.0000,0.0129,-0.0012,-0.0011,-0.0225,0.1283,-0.0000,-0.0004,-0.1188,0.0175,-0.0484,0.1086,0.2172,0.0003,-0.1033,0.0330,-0.0604,-0.0172,-0.1023,0.0021,0.1636,0.0114,0.0138,-0.0319,0.0128,0.0188,-0.0001,0.1676,-0.0219,-0.0102,-0.0185,0.0134,-0.0046,0.0001,-1.0000,-1.0000,-1.0000,-1.0000,-1.0000,-1.0000,-1.0000,-1.0000,-1.0000,-1.0000,-1.0000,-1.0000,-1.0000,-1.0000,-1.0000,-1.0000,-1.0000,-1.0000,-1.0000,-1.0000,-1.0000,-1.0000,-1.0000,-1.0000,-1.0000,-1.0000,-1.0000,-1.0000,-1.0000,-1.0000,-1.0000,-1.0000,-1.0000,-1.0000,-1.0000,-1.0000,-1.0000,-1.0000,-1.0000,-1.0000,-1.0000,-1.0000,-1.0000,-1.0000,-1.0000,-1.0000,-1.0000,-1.0000,-1.0000,-1.0000,-1.0000,-1.0000,-1.0000,-1.0000,-1.0000,-1.0000,-1.0000,-1.0000,-1.0000,-1.0000,-1.0000,-1.0000,-1.0000,0.8692,0.8325,0.7961,0.7860,0.8026,0.7933,0.7594,0.6663,0.7514,0.7049,0.7202,0.7260,0.6833,0.6098,0.5653,0.6191,0.5760,0.5835,0.6322,0.5831,0.5270,0.5548,-1.0000,-1.0000,-1.0000,-1.0000,-1.0000,-1.0000,-1.0000,-1.0000,-1.0000,-1.0000,-1.0000,-1.0000,-1.0000,-1.0000,-1.0000,-1.0000,-1.0000,-1.0000,-1.0000,-1.0000,-1.0000,-1.0000,-1.0000,-1.0000,-1.0000,-1.0000,-1.0000,-1.0000,-1.0000,-1.0000,-1.0000,-1.0000,-1.0000,-1.0000,-1.0000,-1.0000,1.1710,1.1260,1.1691,1.1775,1.1495,1.1473,0.7055,0.6550,0.8093,0.8015,0.6214,0.9158,0.8577,0.7464,0.7242,0.8921,0.7132,0.7810,0.8875,0.8531,0.8176,0.8034,0.8219,0.8188,0.7756,0.6909,0.7761,0.7318,0.7428,0.7429,0.7097,0.6420,0.5991,0.6507,0.6095,0.6140,0.6633,0.6100,0.5593,0.5887,0.7587,0.8692,0.8325,0.7961,0.7860,0.8026,0.7933,0.7594,0.6663,0.7514,0.7049,0.7202,0.7260,0.6833,0.6098,0.5653,0.6191,0.5760,0.5835,0.6322,0.5831,0.5270,0.5548,0,0.5270,-3.8126,0.2856,-2.5528
83,0.1660,0.5086,-0.0381,0.6434,-3.8126,0.2856,-4.1812,0.0656,0.1914,0.0000,1.0268,1.0000,0.0001,0.0085,0.0001,-0.0002,-0.0157,-0.0003,-0.0061,0.0049,-0.0013,0.0001,-0.0156,-0.0003,-0.0061,0.0045,-0.0014,0.0001,0.0424,-0.0010,-0.0001,0.0367,0.0012,0.0046,-0.0000,0.0425,0.0012,0.0002,0.0369,0.0012,0.0033,0.0000,0.0129,-0.0012,-0.0011,-0.0225,0.1283,-0.0000,-0.0004,-0.1188,0.0175,-0.0484,0.1086,0.2172,0.0003,-0.1033,0.0330,-0.0604,-0.0172,-0.1023,0.0021,0.1636,0.0114,0.0138,-0.0319,0.0128,0.0188,-0.0001,0.1676,-0.0219,-0.0102,-0.0185,0.0134,-0.0046,0.0001,-1.0000,-1.0000,-1.0000,-1.0000,-1.0000,-1.0000,-1.0000,-1.0000,-1.0000,-1.0000,-1.0000,-1.0000,-1.0000,-1.0000,-1.0000,-1.0000,-1.0000,-1.0000,-1.0000,-1.0000,-1.0000,-1.0000,-1.0000,-1.0000,-1.0000,-1.0000,-1.0000,-1.0000,-1.0000,-1.0000,-1.0000,-1.0000,-1.0000,-1.0000,-1.0000,-1.0000,-1.0000,-1.0000,-1.0000,-1.0000,-1.0000,-1.0000,-1.0000,-1.0000,-1.0000,-1.0000,-1.0000,-1.0000,-1.0000,-1.0000,-1.0000,-1.0000,-1.0000,-1.0000,-1.0000,-1.0000,-1.0000,-1.0000,-1.0000,-1.0000,-1.0000,-1.0000,-1.0000,0.8692,0.8325,0.7961,0.7860,0.8026,0.7933,0.7594,0.6663,0.7514,0.7049,0.7202,0.7260,0.6833,0.6098,0.5653,0.6191,0.5760,0.5835,0.6322,0.5831,0.5270,0.5548,-1.0000,-1.0000,-1.0000,-1.0000,-1.0000,-1.0000,-1.0000,-1.0000,-1.0000,-1.0000,-1.0000,-1.0000,-1.0000,-1.0000,-1.0000,-1.0000,-1.0000,-1.0000,-1.0000,-1.0000,-1.0000,-1.0000,-1.0000,-1.0000,-1.0000,-1.0000,-1.0000,-1.0000,-1.0000,-1.0000,-1.0000,-1.0000,-1.0000,-1.0000,-1.0000,-1.0000,1.1710,1.1260,1.1691,1.1775,1.1495,1.1473,0.7055,0.6550,0.8093,0.8015,0.6214,0.9158,0.8577,0.7464,0.7242,0.8921,0.7132,0.7810,0.8875,0.8531,0.8176,0.8034,0.8219,0.8188,0.7756,0.6909,0.7761,0.7318,0.7428,0.7429,0.7097,0.6420,0.5991,0.6507,0.6095,0.6140,0.6633,0.6100,0.5593,0.5887,0.7587,0.8692,0.8325,0.7961,0.7860,0.8026,0.7933,0.7594,0.6663,0.7514,0.7049,0.7202,0.7260,0.6833,0.6098,0.5653,0.6191,0.5760,0.5835,0.6322,0.5831,0.5270,0.5548,0,0.5270,-3.8126,0.2856,-2.5528
84,0.1680,0.5009,-0.0375,0.6350,-3.8126,0.2856,-4.2009,0.0656,0.1915,0.0000,1.0269,1.0000,0.0001,0.0087,0.0001,-0.0002,-0.0160,-0.0002,-0.0062,0.0051,-0.0010,0.0001,-0.0158,-0.0002,-0.0062,0.0045,-0.0015,0.0001,0.0427,-0.0010,-0.0001,0.0366,0.0012,0.0047,-0.0000,0.0428,0.0011,0.0001,0.0369,0.0012,0.0033,0.0000,0.0129,-0.0013,0.0011,-0.0241,0.1273,-0.0001,0.0002,-0.1140,0.0224,-0.0507,0.0735,0.1559,0.0001,-0.1044,0.0324,-0.0587,0.0009,-0.0481,0.0022,0.1545,0.0118,0.0140,-0.0322,0.0129,0.0181,-0.0001,0.1587,-0.0229,-0.0104,-0.0184,0.0135,-0.0054,0.0001,-1.0000,-1.0000,-1.0000,-1.0000,-1.0000,-1.0000,-1.0000,-1.0000,-1.0000,-1.0000,-1.0000,-1.0000,-1.0000,-1.0000,-1.0000,-1.0000,-1.0000,-1.0000,-1.0000,-1.0000,-1.0000,-1.0000,-1.0000,-1.0000,-1.0000,-1.0000,-1.0000,-1.0000,-1.0000,-1.0000,-1.0000,-1.0000,-1.0000,-1.0000,-1.0000,-1.0000,-1.0000,-1.0000,-1.0000,-1.0000,-1.0000,-1.0000,-1.0000,-1.0000,-1.0000,-1.0000,-1.0000,-1.0000,-1.0000,-1.0000,-1.0000,-1.0000,-1.0000,-1.0000,-1.0000,-1.0000,-1.0000,-1.0000,-1.0000,-1.0000,-1.0000,-1.0000,-1.0000,0.8748,0.8379,0.8013,0.7911,0.8064,0.7975,0.7641,0.6704,0.7549,0.7087,0.7232,0.7299,0.6862,0.6122,0.5694,0.6224,0.5788,0.5879,0.6349,0.5875,0.5303,0.5581,-1.0000,-1.0000,-1.0000,-1.0000,-1.0000,-1.0000,-1.0000,-1.0000,-1.0000,-1.0000,-1.0000,-1.0000,-1.0000,-1.0000,-1.0000,-1.0000,-1.0000,-1.0000,-1.0000,-1.0000,-1.0000,-1.0000,-1.0000,-1.0000,-1.0000,-1.0000,-1.0000,-1.0000,-1.0000,-1.0000,-1.0000,-1.0000,-1.0000,-1.0000,-1.0000,-1.0000,1.1774,1.1329,1.1754,1.1836,1.1561,1.1536,0.7078,0.6600,0.8150,0.8049,0.6260,0.9211,0.8614,0.7520,0.7269,0.8962,0.7184,0.7855,0.8927,0.8581,0.8224,0.8082,0.8252,0.8225,0.7799,0.6945,0.7791,0.7350,0.7454,0.7464,0.7122,0.6438,0.6025,0.6534,0.6116,0.6177,0.6655,0.6137,0.5620,0.5913,0.7637,0.8748,0.8379,0.8013,0.7911,0.8064,0.7975,0.7641,0.6704,0.7549,0.7087,0.7232,0.7299,0.6862,0.6122,0.5694,0.6224,0.5788,0.5879,0.6349,0.5875,0.5303,0.5581,0,0.5303,-3.8126,0.2856,-2.5528
85,0.1700,0.4933,-0.0370,0.6266,-3.8126,0.2856,-4.2205,0.0656,0.1915,0.0000,1.0268,1.0000,0.0001,0.0088,0.0001,-0.0002,-0.0162,-0.0002,-0.0063,0.0052,-0.0008,0.0001,-0.0160,-0.0002,-0.0063,0.0048,-0.0016,0.0001,0.0430,-0.0010,-0.0001,0.0366,0.0012,0.0047,-0.0000,0.0431,0.0011,0.0001,0.0368,0.0013,0.0033,0.0000,0.0130,-0.0001,-0.0022,-0.0013,0.1244,0.0013,-0.0000,-0.1064,-0.0031,-0.0539,0.0361,0.0910,0.0004,-0.1193,0.0030,-0.0436,0.1523,-0.0298,-0.0019,0.1460,0.0203,0.0110,-0.0328,0.0128,0.0174,-0.0001,0.1445,-0.0162,-0.0139,-0.0360,0.0134,-0.0067,0.0000,-1.0000,-1.0000,-1.0000,-1.0000,-1.0000,-1.0000,-1.0000,-1.0000,-1.0000,-1.0000,-1.0000,-1.0000,-1.0000,-1.0000,-1.0000,-1.0000,-1.0000,-1.0000,-1.0000,-1.0000,-1.0000,-1.0000,-1.0000,-1.0000,-1.0000,-1.0000,-1.0000,-1.0000,-1.0000,-1.0000,-1.0000,-1.0000,-1.0000,-1.0000,-1.0000,-1.0000,-1.0000,-1.0000,-1.0000,-1.0000,-1.0000,-1.0000,-1.0000,-1.0000,-1.0000,-1.0000,-1.0000,-1.0000,-1.0000,-1.0000,-1.0000,-1.0000,-1.0000,-1.0000,-1.0000,-1.0000,-1.0000,-1.0000,-1.0000,-1.0000,-1.0000,-1.0000,-1.0000,0.8805,0.8435,0.8066,0.7964,0.8104,0.8019,0.7689,0.6748,0.7586,0.7126,0.7265,0.7340,0.6894,0.6148,0.5737,0.6259,0.5817,0.5925,0.6379,0.5921,0.5339,0.5616,-1.0000,-1.0000,-1.0000,-1.0000,-1.0000,-1.0000,-1.0000,-1.0000,-1.0000,-1.0000,-1.0000,-1.0000,-1.0000,-1.0000,-1.0000,-1.0000,-1.0000,-1.0000,-1.0000,-1.0000,-1.0000,-1.0000,-1.0000,-1.0000,-1.0000,-1.0000,-1.0000,-1.0000,-1.0000,-1.0000,-1.0000,-1.0000,-1.0000,-1.0000,-1.0000,-1.0000,1.1840,1.1399,1.1818,1.1897,1.1629,1.1601,0.7103,0.6652,0.8208,0.8085,0.6308,0.9265,0.8653,0.7576,0.7298,0.9004,0.7238,0.7902,0.8981,0.8632,0.8273,0.8131,0.8288,0.8263,0.7844,0.6983,0.7823,0.7384,0.7482,0.7502,0.7148,0.6458,0.6061,0.6563,0.6139,0.6216,0.6678,0.6177,0.5649,0.5942,0.7689,0.8805,0.8435,0.8066,0.7964,0.8104,0.8019,0.7689,0.6748,0.7586,0.7126,0.7265,0.7340,0.6894,0.6148,0.5737,0.6259,0.5817,0.5925,0.6379,0.5921,0.5339,0.5616,0,0.5339,-3.8126,0.2856,-2.5528
85,0.1700,0.4933,-0.0370,0.6266,-3.8126,0.2856,-4.2205,0.0656,0.1915,0.0000,1.0268,1.0000,0.0001,0.0088,0.0001,-0.0002,-0.0162,-0.0002,-0.0063,0.0052,-0.0008,0.0001,-0.0160,-0.0002,-0.0063,0.0048,-0.0016,0.0001,0.0430,-0.0010,-0.0001,0.0366,0.0012,0.0047,-0.0000,0.0431,0.0011,0.0001,0.0368,0.0013,0.0033,0.0000,0.0130,-0.0001,-0.0022,-0.0013,0.1244,0.0013,-0.0000,-0.1064,-0.0031,-0.0539,0.0361,0.0910,0.0004,-0.1193,0.0030,-0.0436,0.1523,-0.0298,-0.0019,0.1460,0.0203,0.0110,-0.0328,0.0128,0.0174,-0.0001,0.1445,-0.0162,-0.0139,-0.0360,0.0134,-0.0067,0.0000,-1.0000,-1.0000,-1.0000,-1.0000,-1.0000,-1.0000,-1.0000,-1.0000,-1.0000,-1.0000,-1.0000,-1.0000,-1.0000,-1.0000,-1.0000,-1.0000,-1.0000,-1.0000,-1.0000,-1.0000,-1.0000,-1.0000,-1.0000,-1.0000,-1.0000,-1.0000,-1.0000,-1.0000,-1.0000,-1.0000,-1.0000,-1.0000,-1.0000,-1.0000,-1.0000,-1.0000,-1.0000,-1.0000,-1.0000,-1.0000,-1.0000,-1.0000,-1.0000,-1.0000,-1.0000,-1.0000,-1.0000,-1.0000,-1.0000,-1.0000,-1.0000,-1.0000,-1.0000,-1.0000,-1.0000,-1.0000,-1.0000,-1.0000,-1.0000,-1.0000,-1.0000,-1.0000,-1.0000,0.8805,0.8435,0.8066,0.7964,0.8104,0.8019,0.7689,0.6748,0.7586,0.7126,0.7265,0.7340,0.6894,0.6148,0.5737,0.6259,0.5817,0.5925,0.6379,0.5921,0.5339,0.5616,-1.0000,-1.0000,-1.0000,-1.0000,-1.0000,-1.0000,-1.0000,-1.0000,-1.0000,-1.0000,-1.0000,-1.0000,-1.0000,-1.0000,-1.0000,-1.0000,-1.0000,-1.0000,-1.0000,-1.0000,-1.0000,-1.0000,-1.0000,-1.0000,-1.0000,-1.0000,-1.0000,-1.0000,-1.0000,-1.0000,-1.0000,-1.0000,-1.0000,-1.0000,-1.0000,-1.0000,1.1840,1.1399,1.1818,1.1897,1.1629,1.1601,0.7103,0.6652,0.8208,0.8085,0.6308,0.9265,0.8653,0.7576,0.7298,0.9004,0.7238,0.7902,0.8981,0.8632,0.8273,0.8131,0.8288,0.8263,0.7844,0.6983,0.7823,0.7384,0.7482,0.7502,0.7148,0.6458,0.6061,0.6563,0.6139,0.6216,0.6678,0.6177,0.5649,0.5942,0.7689,0.8805,0.8435,0.8066,0.7964,0.8104,0.8019,0.7689,0.6748,0.7586,0.7126,0.7265,0.7340,0.6894,0.6148,0.5737,0.6259,0.5817,0.5925,0.6379,0.5921,0.5339,0.5616,0,0.5339,-3.8126,0.2856,-2.5528
86,0.1720,0.4857,-0.0364,0.6181,-3.8126,0.2856,-4.2401,0.0656,0.1915,0.0000,1.0268,1.0000,0.0001,0.0089,0.0001,-0.0002,-0.0164,-0.0003,-0.0064,0.0052,-0.0007,0.0001,-0.0163,-0.0003,-0.0064,0.0050,-0.0013,0.0000,0.0433,-0.0009,-0.0001,0.0365,0.0012,0.0047,-0.0000,0.0434,0.0011,0.0001,0.0368,0.0013,0.0033,0.0000,0.0130,0.0002,-0.0029,0.0079,0.1228,0.0019,0.0000,-0.1011,-0.0115,-0.0561,0.0053,0.0308,-0.0002,-0.1147,-0.0169,-0.0446,0.1203,0.1462,-0.0034,0.1369,0.0245,0.0100,-0.0338,0.0129,0.0166,-0.0001,0.1331,-0.0135,-0.0153,-0.0438,0.0133,-0.0078,0.0000,-1.0000,-1.0000,-1.0000,-1.0000,-1.0000,-1.0000,-1.0000,-1.0000,-1.0000,-1.0000,-1.0000,-1.0000,-1.0000,-1.0000,-1.0000,-1.0000,-1.0000,-1.0000,-1.0000,-1.0000,-1.0000,-1.0000,-1.0000,-1.0000,-1.0000,-1.0000,-1.0000,-1.0000,-1.0000,-1.0000,-1.0000,-1.0000,-1.0000,-1.0000,-1.0000,-1.0000,-1.0000,-1.0000,-1.0000,-1.0000,-1.0000,-1.0000,-1.0000,-1.0000,-1.0000,-1.0000,-1.0000,-1.0000,-1.0000,-1.0000,-1.0000,-1.0000,-1.0000,-1.0000,-1.0000,-1.0000,-1.0000,-1.0000,-1.0000,-1.0000,-1.0000,-1.0000,-1.0000,0.8864,0.8492,0.8121,0.8018,0.8145,0.8065,0.7740,0.6793,0.7624,0.7168,0.7299,0.7383,0.6927,0.6177,0.5782,0.6297,0.5849,0.5972,0.6410,0.5968,0.5377,0.5654,-1.0000,-1.0000,-1.0000,-1.0000,-1.0000,-1.0000,-1.0000,-1.0000,-1.0000,-1.0000,-1.0000,-1.0000,-1.0000,-1.0000,-1.0000,-1.0000,-1.0000,-1.0000,-1.0000,-1.0000,-1.0000,-1.0000,-1.0000,-1.0000,-1.0000,-1.0000,-1.0000,-1.0000,-1.0000,-1.0000,-1.0000,-1.0000,-1.0000,-1.0000,-1.0000,-1.0000,1.1906,1.1470,1.1884,1.1959,1.1698,1.1667,0.7131,0.6706,0.8268,0.8123,0.6359,0.9321,0.8694,0.7635,0.7329,0.9048,0.7294,0.7951,0.9036,0.8685,0.8324,0.8182,0.8325,0.8304,0.7891,0.7023,0.7857,0.7420,0.7512,0.7542,0.7176,0.6481,0.6099,0.6594,0.6165,0.6258,0.6704,0.6219,0.5680,0.5972,0.7742,0.8864,0.8492,0.8121,0.8018,0.8145,0.8065,0.7740,0.6793,0.7624,0.7168,0.7299,0.7383,0.6927,0.6177,0.5782,0.6297,0.5849,0.5972,0.6410,0.5968,0.5377,0.5654,0,0.5377,-3.8126,0.2856,-2.5528
86,0.1720,0.4857,-0.0364,0.6181,-3.8126,0.2856,-4.2401,0.0656,0.1915,0.0000,1.0268,1.0000,0.0001,0.0089,0.0001,-0.0002,-0.0164,-0.0003,-0.0064,0.0052,-0.0007,0.0001,-0.0163,-0.0003,-0.0064,0.0050,-0.0013,0.0000,0.0433,-0.0009,-0.0001,0.0365,0.0012,0.0047,-0.0000,0.0434,0.0011,0.0001,0.0368,0.0013,0.0033,0.0000,0.0130,0.0002,-0.0029,0.0079,0.1228,0.0019,0.0000,-0.1011,-0.0115,-0.0561,0.0053,0.0308,-0.0002,-0.1147,-0.0169,-0.0446,0.1203,0.1462,-0.0034,0.1369,0.0245,0.0100,-0.0338,0.0129,0.0166,-0.0001,0.1331,-0.0135,-0.0153,-0.0438,0.0133,-0.0078,0.0000,-1.0000,-1.0000,-1.0000,-1.0000,-1.0000,-1.0000,-1.0000,-1.0000,-1.0000,-1.0000,-1.0000,-1.0000,-1.0000,-1.0000,-1.0000,-1.0000,-1.0000,-1.0000,-1.0000,-1.0000,-1.0000,-1.0000,-1.0000,-1.0000,-1.0000,-1.0000,-1.0000,-1.0000,-1.0000,-1.0000,-1.0000,-1.0000,-1.0000,-1.0000,-1.0000,-1.0000,-1.0000,-1.0000,-1.0000,-1.0000,-1.0000,-1.0000,-1.0000,-1.0000,-1.0000,-1.0000,-1.0000,-1.0000,-1.0000,-1.0000,-1.0000,-1.0000,-1.0000,-1.0000,-1.0000,-1.0000,-1.0000,-1.0000,-1.0000,-1.0000,-1.0000,-1.0000,-1.0000,0.8864,0.8492,0.8121,0.8018,0.8145,0.8065,0.7740,0.6793,0.7624,0.7168,0.7299,0.7383,0.6927,0.6177,0.5782,0.6297,0.5849,0.5972,0.6410,0.5968,0.5377,0.5654,-1.0000,-1.0000,-1.0000,-1.0000,-1.0000,-1.0000,-1.0000,-1.0000,-1.0000,-1.0000,-1.0000,-1.0000,-1.0000,-1.0000,-1.0000,-1.0000,-1.0000,-1.0000,-1.0000,-1.0000,-1.0000,-1.0000,-1.0000,-1.0000,-1.0000,-1.0000,-1.0000,-1.0000,-1.0000,-1.0000,-1.0000,-1.0000,-1.0000,-1.0000,-1.0000,-1.0000,1.1906,1.1470,1.1884,1.1959,1.1698,1.1667,0.7131,0.6706,0.8268,0.8123,0.6359,0.9321,0.8694,0.7635,0.7329,0.9048,0.7294,0.7951,0.9036,0.8685,0.8324,0.8182,0.8325,0.8304,0.7891,0.7023,0.7857,0.7420,0.7512,0.7542,0.7176,0.6481,0.6099,0.6594,0.6165,0.6258,0.6704,0.6219,0.5680,0.5972,0.7742,0.8864,0.8492,0.8121,0.8018,0.8145,0.8065,0.7740,0.6793,0.7624,0.7168,0.7299,0.7383,0.6927,0.6177,0.5782,0.6297,0.5849,0.5972,0.6410,0.5968,0.5377,0.5654,0,0.5377,-3.8126,0.2856,-2.5528
87,0.1740,0.4781,-0.0358,0.6096,-3.8126,0.2856,-4.2597,0.0656,0.1915,0.0000,1.0268,1.0000,0.0001,0.0090,0.0001,-0.0002,-0.0166,-0.0003,-0.0065,0.0051,-0.0008,0.0001,-0.0165,-0.0003,-0.0064,0.0052,-0.0011,0.0000,0.0435,-0.0009,-0.0000,0.0364,0.0013,0.0048,-0.0000,0.0436,0.0010,0.0001,0.0367,0.0013,0.0033,0.0000,0.0130,0.0002,-0.0013,0.0060,0.1218,0.0018,0.0002,-0.0974,-0.0067,-0.0575,-0.0185,-0.0206,-0.0002,-0.1090,-0.0119,-0.0475,0.0785,0.0898,-0.0032,0.1273,0.0241,0.0105,-0.0349,0.0130,0.0158,-0.0000,0.1239,-0.0151,-0.0151,-0.0435,0.0135,-0.0086,0.0000,-1.0000,-1.0000,-1.0000,-1.0000,-1.0000,-1.0000,-1.0000,-1.0000,-1.0000,-1.0000,-1.0000,-1.0000,-1.0000,-1.0000,-1.0000,-1.0000,-1.0000,-1.0000,-1.0000,-1.0000,-1.0000,-1.0000,-1.0000,-1.0000,-1.0000,-1.0000,-1.0000,-1.0000,-1.0000,-1.0000,-1.0000,-1.0000,-1.0000,-1.0000,-1.0000,-1.0000,-1.0000,-1.0000,-1.0000,-1.0000,-1.0000,-1.0000,-1.0000,-1.0000,-1.0000,-1.0000,-1.0000,-1.0000,-1.0000,-1.0000,-1.0000,-1.0000,-1.0000,-1.0000,-1.0000,-1.0000,-1.0000,-1.0000,-1.0000,-1.0000,-1.0000,-1.0000,-1.0000,0.8925,0.8550,0.8178,0.8074,0.8187,0.8112,0.7791,0.6839,0.7665,0.7211,0.7335,0.7427,0.6962,0.6207,0.5830,0.6336,0.5884,0.6022,0.6444,0.6018,0.5418,0.5693,-1.0000,-1.0000,-1.0000,-1.0000,-1.0000,-1.0000,-1.0000,-1.0000,-1.0000,-1.0000,-1.0000,-1.0000,-1.0000,-1.0000,-1.0000,-1.0000,-1.0000,-1.0000,-1.0000,-1.0000,-1.0000,-1.0000,-1.0000,-1.0000,-1.0000,-1.0000,-1.0000,-1.0000,-1.0000,-1.0000,-1.0000,-1.0000,-1.0000,-1.0000,-1.0000,-1.0000,1.1974,1.1542,1.1950,1.2023,1.1768,1.1734,0.7161,0.6762,0.8330,0.8162,0.6411,0.9378,0.8736,0.7695,0.7363,0.9093,0.7351,0.8002,0.9093,0.8740,0.8376,0.8234,0.8365,0.8346,0.7940,0.7065,0.7893,0.7458,0.7543,0.7583,0.7206,0.6505,0.6139,0.6628,0.6193,0.6301,0.6731,0.6263,0.5714,0.6005,0.7797,0.8925,0.8550,0.8178,0.8074,0.8187,0.8112,0.7791,0.6839,0.7665,0.7211,0.7335,0.7427,0.6962,0.6207,0.5830,0.6336,0.5884,0.6022,0.6444,0.6018,0.5418,0.5693,0,0.5418,-3.8126,0.2856,-2.5528
88,0.1760,0.4704,-0.0352,0.6010,-3.8126,0.2856,-4.2793,0.0656,0.1916,0.0000,1.0268,1.0000,0.0001,0.0091,0.0001,-0.0002,-0.0167,-0.0003,-0.0066,0.0051,-0.0009,0.0001,-0.0167,-0.0003,-0.0065,0.0052,-0.0010,0.0000,0.0438,-0.0008,-0.0000,0.0364,0.0013,0.0048,-0.0000,0.0438,0.0010,0.0000,0.0366,0.0013,0.0033,0.0000,0.0130,0.0003,0.0000,0.0042,0.1206,0.0017,0.0003,-0.0939,-0.0023,-0.0586,-0.0396,-0.0689,-0.0002,-0.1037,-0.0074,-0.0499,0.0420,0.0365,-0.0029,0.1176,0.0238,0.0109,-0.0363,0.0131,0.0150,-0.0000,0.1145,-0.0167,-0.0149,-0.0436,0.0136,-0.0093,-0.0000,-1.0000,-1.0000,-1.0000,-1.0000,-1.0000,-1.0000,-1.0000,-1.0000,-1.0000,-1.0000,-1.0000,-1.0000,-1.0000,-1.0000,-1.0000,-1.0000,-1.0000,-1.0000,-1.0000,-1.0000,-1.0000,-1.0000,-1.0000,-1.0000,-1.0000,-1.0000,-1.0000,-1.0000,-1.0000,-1.0000,-1.0000,-1.0000,-1.0000,-1.0000,-1.0000,-1.0000,-1.0000,-1.0000,-1.0000,-1.0000,-1.0000,-1.0000,-1.0000,-1.0000,-1.0000,-1.0000,-1.0000,-1.0000,-1.0000,-1.0000,-1.0000,-1.0000,-1.0000,-1.0000,-1.0000,-1.0000,-1.0000,-1.0000,-1.0000,-1.0000,-1.0000,-1.0000,-1.0000,0.8987,0.8611,0.8236,0.8132,0.8232,0.8161,0.7845,0.6888,0.7707,0.7256,0.7373,0.7474,0.6999,0.6240,0.5879,0.6378,0.5920,0.6074,0.6479,0.6070,0.5460,0.5736,-1.0000,-1.0000,-1.0000,-1.0000,-1.0000,-1.0000,-1.0000,-1.0000,-1.0000,-1.0000,-1.0000,-1.0000,-1.0000,-1.0000,-1.0000,-1.0000,-1.0000,-1.0000,-1.0000,-1.0000,-1.0000,-1.0000,-1.0000,-1.0000,-1.0000,-1.0000,-1.0000,-1.0000,-1.0000,-1.0000,-1.0000,-1.0000,-1.0000,-1.0000,-1.0000,-1.0000,1.2043,1.1615,1.2018,1.2088,1.1839,1.1802,0.7192,0.6820,0.8393,0.8204,0.6466,0.9437,0.8780,0.7757,0.7398,0.9140,0.7411,0.8054,0.9151,0.8796,0.8430,0.8288,0.8405,0.8390,0.7990,0.7109,0.7930,0.7498,0.7577,0.7626,0.7239,0.6532,0.6182,0.6663,0.6223,0.6347,0.6761,0.6310,0.5750,0.6041,0.7854,0.8987,0.8611,0.8236,0.8132,0.8232,0.8161,0.7845,0.6888,0.7707,0.7256,0.7373,0.7474,0.6999,0.6240,0.5879,0.6378,0.5920,0.6074,0.6479,0.6070,0.5460,0.5736,0,0.5460,-3.8126,0.2856,-2.5528
88,0.1760,0.4704,-0.0352,0.6010,-3.8126,0.2856,-4.2793,0.0656,0.1916,0.0000,1.0268,1.0000,0.0001,0.0091,0.0001,-0.0002,-0.0167,-0.0003,-0.0066,0.0051,-0.0009,0.0001,-0.0167,-0.0003,-0.0065,0.0052,-0.0010,0.0000,0.0438,-0.0008,-0.0000,0.0364,0.0013,0.0048,-0.0000,0.0438,0.0010,0.0000,0.0366,0.0013,0.0033,0.0000,0.0130,0.0003,0.0000,0.0042,0.1206,0.0017,0.0003,-0.0939,-0.0023,-0.0586,-0.0396,-0.0689,-0.0002,-0.1037,-0.0074,-0.0499,0.0420,0.0365,-0.0029,0.1176,0.0238,0.0109,-0.0363,0.0131,0.0150,-0.0000,0.1145,-0.0167,-0.0149,-0.0436,0.0136,-0.0093,-0.0000,-1.0000,-1.0000,-1.0000,-1.0000,-1.0000,-1.0000,-1.0000,-1.0000,-1.0000,-1.0000,-1.0000,-1.0000,-1.0000,-1.0000,-1.0000,-1.0000,-1.0000,-1.0000,-1.0000,-1.0000,-1.0000,-1.0000,-1.0000,-1.0000,-1.0000,-1.0000,-1.0000,-1.0000,-1.0000,-1.0000,-1.0000,-1.0000,-1.0000,-1.0000,-1.0000,-1.0000,-1.0000,-1.0000,-1.0000,-1.0000,-1.0000,-1.0000,-1.0000,-1.0000,-1.0000,-1.0000,-1.0000,-1.0000,-1.0000,-1.0000,-1.0000,-1.0000,-1.0000,-1.0000,-1.0000,-1.0000,-1.0000,-1.0000,-1.0000,-1.0000,-1.0000,-1.0000,-1.0000,0.8987,0.8611,0.8236,0.8132,0.8232,0.8161,0.7845,0.6888,0.7707,0.7256,0.7373,0.7474,0.6999,0.6240,0.5879,0.6378,0.5920,0.6074,0.6479,0.6070,0.5460,0.5736,-1.0000,-1.0000,-1.0000,-1.0000,-1.0000,-1.0000,-1.0000,-1.0000,-1.0000,-1.0000,-1.0000,-1.0000,-1.0000,-1.0000,-1.0000,-1.0000,-1.0000,-1.0000,-1.0000,-1.0000,-1.0000,-1.0000,-1.0000,-1.0000,-1.0000,-1.0000,-1.0000,-1.0000,-1.0000,-1.0000,-1.0000,-1.0000,-1.0000,-1.0000,-1.0000,-1.0000,1.2043,1.1615,1.2018,1.2088,1.1839,1.1802,0.7192,0.6820,0.8393,0.8204,0.6466,0.9437,0.8780,0.7757,0.7398,0.9140,0.7411,0.8054,0.9151,0.8796,0.8430,0.8288,0.8405,0.8390,0.7990,0.7109,0.7930,0.7498,0.7577,0.7626,0.7239,0.6532,0.6182,0.6663,0.6223,0.6347,0.6761,0.6310,0.5750,0.6041,0.7854,0.8987,0.8611,0.8236,0.8132,0.8232,0.8161,0.7845,0.6888,0.7707,0.7256,0.7373,0.7474,0.6999,0.6240,0.5879,0.6378,0.5920,0.6074,0.6479,0.6070,0.5460,0.5736,0,0.5460,-3.8126,0.2856,-2.5528
89,0.1780,0.4628,-0.0347,0.5924,-3.8126,0.2856,-4.2990,0.0656,0.1916,0.0000,1.0268,1.0000,0.0001,0.0093,0.0001,-0.0002,-0.0169,-0.0003,-0.0067,0.0050,-0.0009,0.0001,-0.0169,-0.0003,-0.0067,0.0053,-0.0011,0.0000,0.0440,-0.0008,0.0000,0.0363,0.0013,0.0048,-0.0000,0.0441,0.0010,-0.0000,0.0365,0.0014,0.0032,0.0000,0.0131,0.0004,0.0020,0.0071,0.1194,0.0017,0.0000,-0.0949,-0.0081,-0.0567,-0.0181,-0.0199,-0.0002,-0.0990,-0.0086,-0.0518,0.0109,-0.0116,-0.0033,0.1086,0.0253,0.0107,-0.0348,0.0132,0.0143,-0.0000,0.1048,-0.0164,-0.0153,-0.0441,0.0136,-0.0101,-0.0000,-1.0000,-1.0000,-1.0000,-1.0000,-1.0000,-1.0000,-1.0000,-1.0000,-1.0000,-1.0000,-1.0000,-1.0000,-1.0000,-1.0000,-1.0000,-1.0000,-1.0000,-1.0000,-1.0000,-1.0000,-1.0000,-1.0000,-1.0000,-1.0000,-1.0000,-1.0000,-1.0000,-1.0000,-1.0000,-1.0000,-1.0000,-1.0000,-1.0000,-1.0000,-1.0000,-1.0000,-1.0000,-1.0000,-1.0000,-1.0000,-1.0000,-1.0000,-1.0000,-1.0000,-1.0000,-1.0000,-1.0000,-1.0000,-1.0000,-1.0000,-1.0000,-1.0000,-1.0000,-1.0000,-1.0000,-1.0000,-1.0000,-1.0000,-1.0000,-1.0000,-1.0000,-1.0000,-1.0000,0.9050,0.8672,0.8296,0.8191,0.8278,0.8211,0.7900,0.6939,0.7751,0.7303,0.7413,0.7522,0.7039,0.6275,0.5931,0.6422,0.5959,0.6128,0.6517,0.6124,0.5506,0.5780,-1.0000,-1.0000,-1.0000,-1.0000,-1.0000,-1.0000,-1.0000,-1.0000,-1.0000,-1.0000,-1.0000,-1.0000,-1.0000,-1.0000,-1.0000,-1.0000,-1.0000,-1.0000,-1.0000,-1.0000,-1.0000,-1.0000,-1.0000,-1.0000,-1.0000,-1.0000,-1.0000,-1.0000,-1.0000,-1.0000,-1.0000,-1.0000,-1.0000,-1.0000,-1.0000,-1.0000,1.2113,1.1689,1.2087,1.2154,1.1911,1.1871,0.7226,0.6880,0.8458,0.8247,0.6522,0.9497,0.8826,0.7821,0.7435,0.9189,0.7472,0.8107,0.9211,0.8853,0.8486,0.8344,0.8448,0.8436,0.8042,0.7155,0.7970,0.7540,0.7613,0.7671,0.7273,0.6561,0.6226,0.6701,0.6255,0.6394,0.6793,0.6358,0.5789,0.6078,0.7912,0.9050,0.8672,0.8296,0.8191,0.8278,0.8211,0.7900,0.6939,0.7751,0.7303,0.7413,0.7522,0.7039,0.6275,0.5931,0.6422,0.5959,0.6128,0.6517,0.6124,0.5506,0.5780,0,0.5506,-3.8126,0.2856,-2.5528
89,0.1780,0.4628,-0.0347,0.5924,-3.8126,0.2856,-4.2990,0.0656,0.1916,0.0000,1.0268,1.0000,0.0001,0.0093,0.0001,-0.0002,-0.0169,-0.0003,-0.0067,0.0050,-0.0009,0.0001,-0.0169,-0.0003,-0.0067,0.0053,-0.0011,0.0000,0.0440,-0.0008,0.0000,0.0363,0.0013,0.0048,-0.0000,0.0441,0.0010,-0.0000,0.0365,0.0014,0.0032,0.0000,0.0131,0.0004,0.0020,0.0071,0.1194,0.0017,0.0000,-0.0949,-0.0081,-0.0567,-0.0181,-0.0199,-0.0002,-0.0990,-0.0086,-0.0518,0.0109,-0.0116,-0.0033,0.1086,0.0253,0.0107,-0.0348,0.0132,0.0143,-0.0000,0.1048,-0.0164,-0.0153,-0.0441,0.0136,-0.0101,-0.0000,-1.0000,-1.0000,-1.0000,-1.0000,-1.0000,-1.0000,-1.0000,-1.0000,-1.0000,-1.0000,-1.0000,-1.0000,-1.0000,-1.0000,-1.0000,-1.0000,-1.0000,-1.0000,-1.0000,-1.0000,-1.0000,-1.0000,-1.0000,-1.0000,-1.0000,-1.0000,-1.0000,-1.0000,-1.0000,-1.0000,-1.0000,-1.0000,-1.0000,-1.0000,-1.0000,-1.0000,-1.0000,-1.0000,-1.0000,-1.0000,-1.0000,-1.0000,-1.0000,-1.0000,-1.0000,-1.0000,-1.0000,-1.0000,-1.0000,-1.0000,-1.0000,-1.0000,-1.0000,-1.0000,-1.0000,-1.0000,-1.0000,-1.0000,-1.0000,-1.0000,-1.0000,-1.0000,-1.0000,0.9050,0.8672,0.8296,0.8191,0.8278,0.8211,0.7900,0.6939,0.7751,0.7303,0.7413,0.7522,0.7039,0.6275,0.5931,0.6422,0.5959,0.6128,0.6517,0.6124,0.5506,0.5780,-1.0000,-1.0000,-1.0000,-1.0000,-1.0000,-1.0000,-1.0000,-1.0000,-1.0000,-1.0000,-1.0000,-1.0000,-1.0000,-1.0000,-1.0000,-1.0000,-1.0000,-1.0000,-1.0000,-1.0000,-1.0000,-1.0000,-1.0000,-1.0000,-1.0000,-1.0000,-1.0000,-1.0000,-1.0000,-1.0000,-1.0000,-1.0000,-1.0000,-1.0000,-1.0000,-1.0000,1.2113,1.1689,1.2087,1.2154,1.1911,1.1871,0.7226,0.6880,0.8458,0.8247,0.6522,0.9497,0.8826,0.7821,0.7435,0.9189,0.7472,0.8107,0.9211,0.8853,0.8486,0.8344,0.8448,0.8436,0.8042,0.7155,0.7970,0.7540,0.7613,0.7671,0.7273,0.6561,0.6226,0.6701,0.6255,0.6394,0.6793,0.6358,0.5789,0.6078,0.7912,0.9050,0.8672,0.8296,0.8191,0.8278,0.8211,0.7900,0.6939,0.7751,0.7303,0.7413,0.7522,0.7039,0.6275,0.5931,0.6422,0.5959,0.6128,0.6517,0.6124,0.5506,0.5780,0,0.5506,-3.8126,0.2856,-2.5528
90,0.1800,0.4552,-0.0341,0.5838,-3.8126,0.2856,-4.3186,0.0656,0.1916,0.0000,1.0268,1.0000,0.0001,0.0094,0.0001,-0.0002,-0.0171,-0.0003,-0.0068,0.0050,-0.0009,0.0001,-0.0171,-0.0003,-0.0068,0.0052,-0.0012,0.0000,0.0442,-0.0007,0.0000,0.0362,0.0013,0.0049,-0.0000,0.0442,0.0009,-0.0000,0.0364,0.0014,0.0032,0.0000,0.0131,0.0005,0.0035,0.0095,0.1181,0.0017,-0.0002,-0.0956,-0.0131,-0.0548,-0.0003,0.0212,-0.0002,-0.0946,-0.0094,-0.0535,-0.0164,-0.0573,-0.0036,0.0994,0.0266,0.0106,-0.0341,0.0132,0.0135,-0.0000,0.0950,-0.0163,-0.0156,-0.0450,0.0137,-0.0108,-0.0001,-1.0000,-1.0000,-1.0000,-1.0000,-1.0000,-1.0000,-1.0000,-1.0000,-1.0000,-1.0000,-1.0000,-1.0000,-1.0000,-1.0000,-1.0000,-1.0000,-1.0000,-1.0000,-1.0000,-1.0000,-1.0000,-1.0000,-1.0000,-1.0000,-1.0000,-1.0000,-1.0000,-1.0000,-1.0000,-1.0000,-1.0000,-1.0000,-1.0000,-1.0000,-1.0000,-1.0000,-1.0000,-1.0000,-1.0000,-1.0000,-1.0000,-1.0000,-1.0000,-1.0000,-1.0000,-1.0000,-1.0000,-1.0000,-1.0000,-1.0000,-1.0000,-1.0000,-1.0000,-1.0000,-1.0000,-1.0000,-1.0000,-1.0000,-1.0000,-1.0000,-1.0000,-1.0000,-1.0000,0.9115,0.8736,0.8358,0.8252,0.8326,0.8263,0.7957,0.6991,0.7797,0.7352,0.7454,0.7572,0.7080,0.6312,0.5985,0.6467,0.6000,0.6184,0.6557,0.6180,0.5553,0.5827,-1.0000,-1.0000,-1.0000,-1.0000,-1.0000,-1.0000,-1.0000,-1.0000,-1.0000,-1.0000,-1.0000,-1.0000,-1.0000,-1.0000,-1.0000,-1.0000,-1.0000,-1.0000,-1.0000,-1.0000,-1.0000,-1.0000,-1.0000,-1.0000,-1.0000,-1.0000,-1.0000,-1.0000,-1.0000,-1.0000,-1.0000,-1.0000,-1.0000,-1.0000,-1.0000,-1.0000,1.2184,1.1764,1.2157,1.2221,1.1985,1.1942,0.7262,0.6941,0.8524,0.8292,0.6580,0.9559,0.8873,0.7886,0.7474,0.9239,0.7534,0.8163,0.9272,0.8912,0.8543,0.8401,0.8492,0.8483,0.8096,0.7202,0.8011,0.7583,0.7651,0.7718,0.7309,0.6592,0.6273,0.6740,0.6290,0.6444,0.6827,0.6408,0.5830,0.6118,0.7972,0.9115,0.8736,0.8358,0.8252,0.8326,0.8263,0.7957,0.6991,0.7797,0.7352,0.7454,0.7572,0.7080,0.6312,0.5985,0.6467,0.6000,0.6184,0.6557,0.6180,0.5553,0.5827,0,0.5553,-3.8126,0.2856,-2.5528
91,0.1820,0.4476,-0.0335,0.5751,-3.8126,0.2856,-4.3382,0.0656,0.1916,0.0000,1.0268,1.0000,0.0001,0.0095,0.0001,-0.0002,-0.0173,-0.0003,-0.0069,0.0053,-0.0009,0.0001,-0.0173,-0.0003,-0.0069,0.0051,-0.0014,0.0000,0.0444,-0.0007,0.0001,0.0361,0.0014,0.0049,-0.0000,0.0444,0.0009,-0.0001,0.0363,0.0014,0.0032,0.0000,0.0132,-0.0005,-0.0003,-0.0121,0.1150,0.0001,0.0004,-0.1101,0.0139,-0.0395,0.1488,0.0194,0.0005,-0.0876,0.0202,-0.0560,-0.0446,-0.1126,0.0002,0.0851,0.0199,0.0138,-0.0504,0.0134,0.0122,0.0000,0.0859,-0.0244,-0.0127,-0.0458,0.0139,-0.0115,-0.0000,-1.0000,-1.0000,-1.0000,-1.0000,-1.0000,-1.0000,-1.0000,-1.0000,-1.0000,-1.0000,-1.0000,-1.0000,-1.0000,-1.0000,-1.0000,-1.0000,-1.0000,-1.0000,-1.0000,-1.0000,-1.0000,-1.0000,-1.0000,-1.0000,-1.0000,-1.0000,-1.0000,-1.0000,-1.0000,-1.0000,-1.0000,-1.0000,-1.0000,-1.0000,-1.0000,-1.0000,-1.0000,-1.0000,-1.0000,-1.0000,-1.0000,-1.0000,-1.0000,-1.0000,-1.0000,-1.0000,-1.0000,-1.0000,-1.0000,-1.0000,-1.0000,-1.0000,-1.0000,-1.0000,-1.0000,-1.0000,-1.0000,-1.0000,-1.0000,-1.0000,-1.0000,-1.0000,-1.0000,0.9182,0.8800,0.8421,0.8314,0.8376,0.8317,0.8015,0.7046,0.7844,0.7402,0.7498,0.7624,0.7123,0.6351,0.6041,0.6515,0.6043,0.6242,0.6599,0.6238,0.5603,0.5876,-1.0000,-1.0000,-1.0000,-1.0000,-1.0000,-1.0000,-1.0000,-1.0000,-1.0000,-1.0000,-1.0000,-1.0000,-1.0000,-1.0000,-1.0000,-1.0000,-1.0000,-1.0000,-1.0000,-1.0000,-1.0000,-1.0000,-1.0000,-1.0000,-1.0000,-1.0000,-1.0000,-1.0000,-1.0000,-1.0000,-1.0000,-1.0000,-1.0000,-1.0000,-1.0000,-1.0000,1.2256,1.1840,1.2228,1.2290,1.2059,1.2013,0.7300,0.7005,0.8592,0.8338,0.6640,0.9622,0.8922,0.7952,0.7515,0.9291,0.7599,0.8220,0.9335,0.8973,0.8602,0.8460,0.8538,0.8532,0.8151,0.7252,0.8054,0.7629,0.7690,0.7767,0.7348,0.6625,0.6322,0.6782,0.6326,0.6495,0.6863,0.6461,0.5873,0.6160,0.8034,0.9182,0.8800,0.8421,0.8314,0.8376,0.8317,0.8015,0.7046,0.7844,0.7402,0.7498,0.7624,0.7123,0.6351,0.6041,0.6515,0.6043,0.6242,0.6599,0.6238,0.5603,0.5876,0,0.5603,-3.8126,0.2856,-2.5528
91,0.1820,0.4476,-0.0335,0.5751,-3.8126,0.2856,-4.3382,0.0656,0.1916,0.0000,1.0268,1.0000,0.0001,0.0095,0.0001,-0.0002,-0.0173,-0.0003,-0.0069,0.0053,-0.0009,0.0001,-0.0173,-0.0003,-0.0069,0.0051,-0.0014,0.0000,0.0444,-0.0007,0.0001,0.0361,0.0014,0.0049,-0.0000,0.0444,0.0009,-0.0001,0.0363,0.0014,0.0032,0.0000,0.0132,-0.0005,-0.0003,-0.0121,0.1150,0.0001,0.0004,-0.1101,0.0139,-0.0395,0.1488,0.0194,0.0005,-0.0876,0.0202,-0.0560,-0.0446,-0.1126,0.0002,0.0851,0.0199,0.0138,-0.0504,0.0134,0.0122,0.0000,0.0859,-0.0244,-0.0127,-0.0458,0.0139,-0.0115,-0.0000,-1.0000,-1.0000,-1.0000,-1.0000,-1.0000,-1.0000,-1.0000,-1.0000,-1.0000,-1.0000,-1.0000,-1.0000,-1.0000,-1.0000,-1.0000,-1.0000,-1.0000,-1.0000,-1.0000,-1.0000,-1.0000,-1.0000,-1.0000,-1.0000,-1.0000,-1.0000,-1.0000,-1.0000,-1.0000,-1.0000,-1.0000,-1.0000,-1.0000,-1.0000,-1.0000,-1.0000,-1.0000,-1.0000,-1.0000,-1.0000,-1.0000,-1.0000,-1.0000,-1.0000,-1.0000,-1.0000,-1.0000,-1.0000,-1.0000,-1.0000,-1.0000,-1.0000,-1.0000,-1.0000,-1.0000,-1.0000,-1.0000,-1.0000,-1.0000,-1.0000,-1.0000,-1.0000,-1.0000,0.9182,0.8800,0.8421,0.8314,0.8376,0.8317,0.8015,0.7046,0.7844,0.7402,0.7498,0.7624,0.7123,0.6351,0.6041,0.6515,0.6043,0.6242,0.6599,0.6238,0.5603,0.5876,-1.0000,-1.0000,-1.0000,-1.0000,-1.0000,-1.0000,-1.0000,-1.0000,-1.0000,-1.0000,-1.0000,-1.0000,-1.0000,-1.0000,-1.0000,-1.0000,-1.0000,-1.0000,-1.0000,-1.0000,-1.0000,-1.0000,-1.0000,-1.0000,-1.0000,-1.0000,-1.0000,-1.0000,-1.0000,-1.0000,-1.0000,-1.0000,-1.0000,-1.0000,-1.0000,-1.0000,1.2256,1.1840,1.2228,1.2290,1.2059,1.2013,0.7300,0.7005,0.8592,0.8338,0.6640,0.9622,0.8922,0.7952,0.7515,0.9291,0.7599,0.8220,0.9335,0.8973,0.8602,0.8460,0.8538,0.8532,0.8151,0.7252,0.8054,0.7629,0.7690,0.7767,0.7348,0.6625,0.6322,0.6782,0.6326,0.6495,0.6863,0.6461,0.5873,0.6160,0.8034,0.9182,0.8800,0.8421,0.8314,0.8376,0.8317,0.8015,0.7046,0.7844,0.7402,0.7498,0.7624,0.7123,0.6351,0.6041,0.6515,0.6043,0.6242,0.6599,0.6238,0.5603,0.5876,0,0.5603,-3.8126,0.2856,-2.5528
92,0.1840,0.4399,-0.0330,0.5664,-3.8126,0.2856,-4.3578,0.0656,0.1917,0.0000,1.0268,1.0000,0.0001,0.0096,0.0001,-0.0002,-0.0176,-0.0003,-0.0070,0.0056,-0.0005,0.0001,-0.0174,-0.0003,-0.0070,0.0051,-0.0012,0.0000,0.0445,-0.0006,0.0001,0.0360,0.0014,0.0049,-0.0000,0.0446,0.0008,-0.0001,0.0362,0.0015,0.0032,0.0000,0.0132,-0.0010,-0.0037,-0.0137,0.1124,-0.0001,0.0005,-0.1042,0.0074,-0.0406,0.1160,0.2038,0.0001,-0.0859,0.0135,-0.0542,-0.0386,0.0781,0.0005,0.0735,0.0214,0.0142,-0.0586,0.0134,0.0110,0.0001,0.0746,-0.0242,-0.0126,-0.0532,0.0140,-0.0125,-0.0001,-1.0000,-1.0000,-1.0000,-1.0000,-1.0000,-1.0000,-1.0000,-1.0000,-1.0000,-1.0000,-1.0000,-1.0000,-1.0000,-1.0000,-1.0000,-1.0000,-1.0000,-1.0000,-1.0000,-1.0000,-1.0000,-1.0000,-1.0000,-1.0000,-1.0000,-1.0000,-1.0000,-1.0000,-1.0000,-1.0000,-1.0000,-1.0000,-1.0000,-1.0000,-1.0000,-1.0000,-1.0000,-1.0000,-1.0000,-1.0000,-1.0000,-1.0000,-1.0000,-1.0000,-1.0000,-1.0000,-1.0000,-1.0000,-1.0000,-1.0000,-1.0000,-1.0000,-1.0000,-1.0000,-1.0000,-1.0000,-1.0000,-1.0000,-1.0000,-1.0000,-1.0000,-1.0000,-1.0000,0.9249,0.8866,0.8485,0.8378,0.8427,0.8373,0.8076,0.7102,0.7894,0.7455,0.7544,0.7678,0.7168,0.6393,0.6099,0.6565,0.6089,0.6302,0.6643,0.6298,0.5655,0.5927,-1.0000,-1.0000,-1.0000,-1.0000,-1.0000,-1.0000,-1.0000,-1.0000,-1.0000,-1.0000,-1.0000,-1.0000,-1.0000,-1.0000,-1.0000,-1.0000,-1.0000,-1.0000,-1.0000,-1.0000,-1.0000,-1.0000,-1.0000,-1.0000,-1.0000,-1.0000,-1.0000,-1.0000,-1.0000,-1.0000,-1.0000,-1.0000,-1.0000,-1.0000,-1.0000,-1.0000,1.2330,1.1918,1.2300,1.2359,1.2135,1.2086,0.7339,0.7069,0.8661,0.8387,0.6702,0.9686,0.8972,0.8020,0.7558,0.9344,0.7664,0.8279,0.9399,0.9035,0.8662,0.8520,0.8586,0.8582,0.8208,0.7303,0.8099,0.7676,0.7731,0.7817,0.7388,0.6661,0.6373,0.6826,0.6365,0.6549,0.6901,0.6515,0.5918,0.6204,0.8097,0.9249,0.8866,0.8485,0.8378,0.8427,0.8373,0.8076,0.7102,0.7894,0.7455,0.7544,0.7678,0.7168,0.6393,0.6099,0.6565,0.6089,0.6302,0.6643,0.6298,0.5655,0.5927,0,0.5655,-3.8126,0.2856,-2.5528
92,0.1840,0.4399,-0.0330,0.5664,-3.8126,0.2856,-4.3578,0.0656,0.1917,0.0000,1.0268,1.0000,0.0001,0.0096,0.0001,-0.0002,-0.0176,-0.0003,-0.0070,0.0056,-0.0005,0.0001,-0.0174,-0.0003,-0.0070,0.0051,-0.0012,0.0000,0.0445,-0.0006,0.0001,0.0360,0.0014,0.0049,-0.0000,0.0446,0.0008,-0.0001,0.0362,0.0015,0.0032,0.0000,0.0132,-0.0010,-0.0037,-0.0137,0.1124,-0.0001,0.0005,-0.1042,0.0074,-0.0406,0.1160,0.2038,0.0001,-0.0859,0.0135,-0.0542,-0.0386,0.0781,0.0005,0.0735,0.0214,0.0142,-0.0586,0.0134,0.0110,0.0001,0.0746,-0.0242,-0.0126,-0.0532,0.0140,-0.0125,-0.0001,-1.0000,-1.0000,-1.0000,-1.0000,-1.0000,-1.0000,-1.0000,-1.0000,-1.0000,-1.0000,-1.0000,-1.0000,-1.0000,-1.0000,-1.0000,-1.0000,-1.0000,-1.0000,-1.0000,-1.0000,-1.0000,-1.0000,-1.0000,-1.0000,-1.0000,-1.0000,-1.0000,-1.0000,-1.0000,-1.0000,-1.0000,-1.0000,-1.0000,-1.0000,-1.0000,-1.0000,-1.0000,-1.0000,-1.0000,-1.0000,-1.0000,-1.0000,-1.0000,-1.0000,-1.0000,-1.0000,-1.0000,-1.0000,-1.0000,-1.0000,-1.0000,-1.0000,-1.0000,-1.0000,-1.0000,-1.0000,-1.0000,-1.0000,-1.0000,-1.0000,-1.0000,-1.0000,-1.0000,0.9249,0.8866,0.8485,0.8378,0.8427,0.8373,0.8076,0.7102,0.7894,0.7455,0.7544,0.7678,0.7168,0.6393,0.6099,0.6565,0.6089,0.6302,0.6643,0.6298,0.5655,0.5927,-1.0000,-1.0000,-1.0000,-1.0000,-1.0000,-1.0000,-1.0000,-1.0000,-1.0000,-1.0000,-1.0000,-1.0000,-1.0000,-1.0000,-1.0000,-1.0000,-1.0000,-1.0000,-1.0000,-1.0000,-1.0000,-1.0000,-1.0000,-1.0000,-1.0000,-1.0000,-1.0000,-1.0000,-1.0000,-1.0000,-1.0000,-1.0000,-1.0000,-1.0000,-1.0000,-1.0000,1.2330,1.1918,1.2300,1.2359,1.2135,1.2086,0.7339,0.7069,0.8661,0.8387,0.6702,0.9686,0.8972,0.8020,0.7558,0.9344,0.7664,0.8279,0.9399,0.9035,0.8662,0.8520,0.8586,0.8582,0.8208,0.7303,0.8099,0.7676,0.7731,0.7817,0.7388,0.6661,0.6373,0.6826,0.6365,0.6549,0.6901,0.6515,0.5918,0.6204,0.8097,0.9249,0.8866,0.8485,0.8378,0.8427,0.8373,0.8076,0.7102,0.7894,0.7455,0.7544,0.7678,0.7168,0.6393,0.6099,0.6565,0.6089,0.6302,0.6643,0.6298,0.5655,0.5927,0,0.5655,-3.8126,0.2856,-2.5528
93,0.1860,0.4323,-0.0324,0.5576,-3.8126,0.2856,-4.3774,0.0656,0.1917,0.0000,1.0268,1.0000,0.0001,0.0097,0.0001,-0.0002,-0.0178,-0.0003,-0.0071,0.0057,-0.0002,0.0001,-0.0176,-0.0002,-0.0071,0.0050,-0.0010,0.0000,0.0446,-0.0006,0.0001,0.0359,0.0014,0.0049,-0.0000,0.0447,0.0008,-0.0001,0.0361,0.0015,0.0031,0.0000,0.0133,-0.0012,-0.0011,-0.0162,0.1112,-0.0004,0.0011,-0.0988,0.0135,-0.0429,0.0779,0.1415,0.0000,-0.0871,0.0152,-0.0521,-0.0160,0.1055,0.0008,0.0642,0.0211,0.0144,-0.0565,0.0136,0.0102,0.0001,0.0658,-0.0254,-0.0124,-0.0498,0.0141,-0.0130,-0.0001,-1.0000,-1.0000,-1.0000,-1.0000,-1.0000,-1.0000,-1.0000,-1.0000,-1.0000,-1.0000,-1.0000,-1.0000,-1.0000,-1.0000,-1.0000,-1.0000,-1.0000,-1.0000,-1.0000,-1.0000,-1.0000,-1.0000,-1.0000,-1.0000,-1.0000,-1.0000,-1.0000,-1.0000,-1.0000,-1.0000,-1.0000,-1.0000,-1.0000,-1.0000,-1.0000,-1.0000,-1.0000,-1.0000,-1.0000,-1.0000,-1.0000,-1.0000,-1.0000,-1.0000,-1.0000,-1.0000,-1.0000,-1.0000,-1.0000,-1.0000,-1.0000,-1.0000,-1.0000,-1.0000,-1.0000,-1.0000,-1.0000,-1.0000,-1.0000,-1.0000,-1.0000,-1.0000,-1.0000,0.9318,0.8934,0.8551,0.8444,0.8480,0.8430,0.8137,0.7160,0.7945,0.7509,0.7591,0.7733,0.7215,0.6436,0.6158,0.6617,0.6136,0.6364,0.6689,0.6360,0.5709,0.5980,-1.0000,-1.0000,-1.0000,-1.0000,-1.0000,-1.0000,-1.0000,-1.0000,-1.0000,-1.0000,-1.0000,-1.0000,-1.0000,-1.0000,-1.0000,-1.0000,-1.0000,-1.0000,-1.0000,-1.0000,-1.0000,-1.0000,-1.0000,-1.0000,-1.0000,-1.0000,-1.0000,-1.0000,-1.0000,-1.0000,-1.0000,-1.0000,-1.0000,-1.0000,-1.0000,-1.0000,1.2404,1.1996,1.2373,1.2429,1.2211,1.2160,0.7381,0.7136,0.8731,0.8437,0.6766,0.9752,0.9024,0.8090,0.7603,0.9398,0.7732,0.8339,0.9464,0.9098,0.8723,0.8582,0.8635,0.8634,0.8266,0.7356,0.8145,0.7725,0.7774,0.7869,0.7430,0.6698,0.6426,0.6871,0.6406,0.6604,0.6941,0.6571,0.5966,0.6251,0.8161,0.9318,0.8934,0.8551,0.8444,0.8480,0.8430,0.8137,0.7160,0.7945,0.7509,0.7591,0.7733,0.7215,0.6436,0.6158,0.6617,0.6136,0.6364,0.6689,0.6360,0.5709,0.5980,0,0.5709,-3.8126,0.2856,-2.5528
93,0.1860,0.4323,-0.0324,0.5576,-3.8126,0.2856,-4.3774,0.0656,0.1917,0.0000,1.0268,1.0000,0.0001,0.0097,0.0001,-0.0002,-0.0178,-0.0003,-0.0071,0.0057,-0.0002,0.0001,-0.0176,-0.0002,-0.0071,0.0050,-0.0010,0.0000,0.0446,-0.0006,0.0001,0.0359,0.0014,0.0049,-0.0000,0.0447,0.0008,-0.0001,0.0361,0.0015,0.0031,0.0000,0.0133,-0.0012,-0.0011,-0.0162,0.1112,-0.0004,0.0011,-0.0988,0.0135,-0.0429,0.0779,0.1415,0.0000,-0.0871,0.0152,-0.0521,-0.0160,0.1055,0.0008,0.0642,0.0211,0.0144,-0.0565,0.0136,0.0102,0.0001,0.0658,-0.0254,-0.0124,-0.0498,0.0141,-0.0130,-0.0001,-1.0000,-1.0000,-1.0000,-1.0000,-1.0000,-1.0000,-1.0000,-1.0000,-1.0000,-1.0000,-1.0000,-1.0000,-1.0000,-1.0000,-1.0000,-1.0000,-1.0000,-1.0000,-1.0000,-1.0000,-1.0000,-1.0000,-1.0000,-1.0000,-1.0000,-1.0000,-1.0000,-1.0000,-1.0000,-1.0000,-1.0000,-1.0000,-1.0000,-1.0000,-1.0000,-1.0000,-1.0000,-1.0000,-1.0000,-1.0000,-1.0000,-1.0000,-1.0000,-1.0000,-1.0000,-1.0000,-1.0000,-1.0000,-1.0000,-1.0000,-1.0000,-1.0000,-1.0000,-1.0000,-1.0000,-1.0000,-1.0000,-1.0000,-1.0000,-1.0000,-1.0000,-1.0000,-1.0000,0.9318,0.8934,0.8551,0.8444,0.8480,0.8430,0.8137,0.7160,0.7945,0.7509,0.7591,0.7733,0.7215,0.6436,0.6158,0.6617,0.6136,0.6364,0.6689,0.6360,0.5709,0.5980,-1.0000,-1.0000,-1.0000,-1.0000,-1.0000,-1.0000,-1.0000,-1.0000,-1.0000,-1.0000,-1.0000,-1.0000,-1.0000,-1.0000,-1.0000,-1.0000,-1.0000,-1.0000,-1.0000,-1.0000,-1.0000,-1.0000,-1.0000,-1.0000,-1.0000,-1.0000,-1.0000,-1.0000,-1.0000,-1.0000,-1.0000,-1.0000,-1.0000,-1.0000,-1.0000,-1.0000,1.2404,1.1996,1.2373,1.2429,1.2211,1.2160,0.7381,0.7136,0.8731,0.8437,0.6766,0.9752,0.9024,0.8090,0.7603,0.9398,0.7732,0.8339,0.9464,0.9098,0.8723,0.8582,0.8635,0.8634,0.8266,0.7356,0.8145,0.7725,0.7774,0.7869,0.7430,0.6698,0.6426,0.6871,0.6406,0.6604,0.6941,0.6571,0.5966,0.6251,0.8161,0.9318,0.8934,0.8551,0.8444,0.8480,0.8430,0.8137,0.7160,0.7945,0.7509,0.7591,0.7733,0.7215,0.6436,0.6158,0.6617,0.6136,0.6364,0.6689,0.6360,0.5709,0.5980,0,0.5709,-3.8126,0.2856,-2.5528
94,0.1880,0.4247,-0.0318,0.5488,-3.8126,0.2856,-4.3971,0.0656,0.1917,0.0000,1.0268,1.0000,0.0001,0.0098,0.0001,-0.0002,-0.0179,-0.0003,-0.0072,0.0058,-0.0001,0.0001,-0.0178,-0.0003,-0.0072,0.0053,-0.0008,0.0000,0.0447,-0.0005,0.0001,0.0358,0.0015,0.0049,-0.0000,0.0448,0.0008,-0.0001,0.0360,0.0015,0.0031,0.0000,0.0134,0.0000,-0.0051,0.0037,0.1078,0.0009,0.0015,-0.0892,-0.0057,-0.0468,0.0271,0.0160,-0.0010,-0.1030,-0.0096,-0.0356,0.1471,0.0991,-0.0027,0.0550,0.0280,0.0117,-0.0572,0.0135,0.0094,0.0001,0.0517,-0.0198,-0.0153,-0.0651,0.0139,-0.0142,-0.0001,-1.0000,-1.0000,-1.0000,-1.0000,-1.0000,-1.0000,-1.0000,-1.0000,-1.0000,-1.0000,-1.0000,-1.0000,-1.0000,-1.0000,-1.0000,-1.0000,-1.0000,-1.0000,-1.0000,-1.0000,-1.0000,-1.0000,-1.0000,-1.0000,-1.0000,-1.0000,-1.0000,-1.0000,-1.0000,-1.0000,-1.0000,-1.0000,-1.0000,-1.0000,-1.0000,-1.0000,-1.0000,-1.0000,-1.0000,-1.0000,-1.0000,-1.0000,-1.0000,-1.0000,-1.0000,-1.0000,-1.0000,-1.0000,-1.0000,-1.0000,-1.0000,-1.0000,-1.0000,-1.0000,-1.0000,-1.0000,-1.0000,-1.0000,-1.0000,-1.0000,-1.0000,-1.0000,-1.0000,0.9389,0.9003,0.8619,0.8511,0.8534,0.8488,0.8200,0.7220,0.7998,0.7565,0.7640,0.7790,0.7264,0.6482,0.6220,0.6671,0.6186,0.6428,0.6737,0.6423,0.5766,0.6035,-1.0000,-1.0000,-1.0000,-1.0000,-1.0000,-1.0000,-1.0000,-1.0000,-1.0000,-1.0000,-1.0000,-1.0000,-1.0000,-1.0000,-1.0000,-1.0000,-1.0000,-1.0000,-1.0000,-1.0000,-1.0000,-1.0000,-1.0000,-1.0000,-1.0000,-1.0000,-1.0000,-1.0000,-1.0000,-1.0000,-1.0000,-1.0000,-1.0000,-1.0000,-1.0000,-1.0000,1.2479,1.2075,1.2447,1.2501,1.2289,1.2234,0.7424,0.7204,0.8803,0.8488,0.6831,0.9819,0.9078,0.8161,0.7650,0.9455,0.7801,0.8400,0.9531,0.9163,0.8786,0.8645,0.8686,0.8688,0.8326,0.7411,0.8193,0.7775,0.7819,0.7923,0.7473,0.6737,0.6480,0.6919,0.6449,0.6662,0.6983,0.6629,0.6016,0.6299,0.8228,0.9389,0.9003,0.8619,0.8511,0.8534,0.8488,0.8200,0.7220,0.7998,0.7565,0.7640,0.7790,0.7264,0.6482,0.6220,0.6671,0.6186,0.6428,0.6737,0.6423,0.5766,0.6035,0,0.5766,-3.8126,0.2856,-2.5528
95,0.1900,0.4171,-0.0312,0.5400,-3.8126,0.2856,-4.4167,0.0656,0.1918,0.0000,1.0268,1.0000,0.0001,0.0099,0.0001,-0.0002,-0.0181,-0.0003,-0.0073,0.0057,-0.0003,0.0001,-0.0180,-0.0003,-0.0072,0.0056,-0.0003,0.0000,0.0448,-0.0005,0.0002,0.0357,0.0015,0.0050,-0.0000,0.0449,0.0007,-0.0002,0.0358,0.0015,0.0031,0.0000,0.0134,0.0002,-0.0063,0.0106,0.1057,0.0015,0.0018,-0.0824,-0.0088,-0.0495,-0.0144,-0.0947,-0.0014,-0.0978,-0.0265,-0.0365,0.1141,0.2708,-0.0040,0.0454,0.0309,0.0109,-0.0581,0.0135,0.0085,0.0001,0.0404,-0.0178,-0.0161,-0.0709,0.0139,-0.0151,-0.0001,-1.0000,-1.0000,-1.0000,-1.0000,-1.0000,-1.0000,-1.0000,-1.0000,-1.0000,-1.0000,-1.0000,-1.0000,-1.0000,-1.0000,-1.0000,-1.0000,-1.0000,-1.0000,-1.0000,-1.0000,-1.0000,-1.0000,-1.0000,-1.0000,-1.0000,-1.0000,-1.0000,-1.0000,-1.0000,-1.0000,-1.0000,-1.0000,-1.0000,-1.0000,-1.0000,-1.0000,-1.0000,-1.0000,-1.0000,-1.0000,-1.0000,-1.0000,-1.0000,-1.0000,-1.0000,-1.0000,-1.0000,-1.0000,-1.0000,-1.0000,-1.0000,-1.0000,-1.0000,-1.0000,-1.0000,-1.0000,-1.0000,-1.0000,-1.0000,-1.0000,-1.0000,-1.0000,-1.0000,0.9460,0.9073,0.8688,0.8579,0.8590,0.8548,0.8265,0.7281,0.8052,0.7623,0.7691,0.7849,0.7315,0.6529,0.6284,0.6727,0.6238,0.6493,0.6787,0.6489,0.5824,0.6092,-1.0000,-1.0000,-1.0000,-1.0000,-1.0000,-1.0000,-1.0000,-1.0000,-1.0000,-1.0000,-1.0000,-1.0000,-1.0000,-1.0000,-1.0000,-1.0000,-1.0000,-1.0000,-1.0000,-1.0000,-1.0000,-1.0000,-1.0000,-1.0000,-1.0000,-1.0000,-1.0000,-1.0000,-1.0000,-1.0000,-1.0000,-1.0000,-1.0000,-1.0000,-1.0000,-1.0000,1.2556,1.2156,1.2522,1.2573,1.2367,1.2310,0.7470,0.7274,0.8876,0.8542,0.6898,0.9887,0.9133,0.8233,0.7698,0.9512,0.7871,0.8463,0.9599,0.9229,0.8851,0.8710,0.8738,0.8743,0.8388,0.7468,0.8243,0.7828,0.7866,0.7978,0.7519,0.6779,0.6537,0.6968,0.6494,0.6721,0.7027,0.6689,0.6067,0.6349,0.8295,0.9460,0.9073,0.8688,0.8579,0.8590,0.8548,0.8265,0.7281,0.8052,0.7623,0.7691,0.7849,0.7315,0.6529,0.6284,0.6727,0.6238,0.6493,0.6787,0.6489,0.5824,0.6092,0,0.5824,-3.8126,0.2856,-2.5528
95,0.1900,0.4171,-0.0312,0.5400,-3.8126,0.2856,-4.4167,0.0656,0.1918,0.0000,1.0268,1.0000,0.0001,0.0099,0.0001,-0.0002,-0.0181,-0.0003,-0.0073,0.0057,-0.0003,0.0001,-0.0180,-0.0003,-0.0072,0.0056,-0.0003,0.0000,0.0448,-0.0005,0.0002,0.0357,0.0015,0.0050,-0.0000,0.0449,0.0007,-0.0002,0.0358,0.0015,0.0031,0.0000,0.0134,0.0002,-0.0063,0.0106,0.1057,0.0015,0.0018,-0.0824,-0.0088,-0.0495,-0.0144,-0.0947,-0.0014,-0.0978,-0.0265,-0.0365,0.1141,0.2708,-0.0040,0.0454,0.0309,0.0109,-0.0581,0.0135,0.0085,0.0001,0.0404,-0.0178,-0.0161,-0.0709,0.0139,-0.0151,-0.0001,-1.0000,-1.0000,-1.0000,-1.0000,-1.0000,-1.0000,-1.0000,-1.0000,-1.0000,-1.0000,-1.0000,-1.0000,-1.0000,-1.0000,-1.0000,-1.0000,-1.0000,-1.0000,-1.0000,-1.0000,-1.0000,-1.0000,-1.0000,-1.0000,-1.0000,-1.0000,-1.0000,-1.0000,-1.0000,-1.0000,-1.0000,-1.0000,-1.0000,-1.0000,-1.0000,-1.0000,-1.0000,-1.0000,-1.0000,-1.0000,-1.0000,-1.0000,-1.0000,-1.0000,-1.0000,-1.0000,-1.0000,-1.0000,-1.0000,-1.0000,-1.0000,-1.0000,-1.0000,-1.0000,-1.0000,-1.0000,-1.0000,-1.0000,-1.0000,-1.0000,-1.0000,-1.0000,-1.0000,0.9460,0.9073,0.8688,0.8579,0.8590,0.8548,0.8265,0.7281,0.8052,0.7623,0.7691,0.7849,0.7315,0.6529,0.6284,0.6727,0.6238,0.6493,0.6787,0.6489,0.5824,0.6092,-1.0000,-1.0000,-1.0000,-1.0000,-1.0000,-1.0000,-1.0000,-1.0000,-1.0000,-1.0000,-1.0000,-1.0000,-1.0000,-1.0000,-1.0000,-1.0000,-1.0000,-1.0000,-1.0000,-1.0000,-1.0000,-1.0000,-1.0000,-1.0000,-1.0000,-1.0000,-1.0000,-1.0000,-1.0000,-1.0000,-1.0000,-1.0000,-1.0000,-1.0000,-1.0000,-1.0000,1.2556,1.2156,1.2522,1.2573,1.2367,1.2310,0.7470,0.7274,0.8876,0.8542,0.6898,0.9887,0.9133,0.8233,0.7698,0.9512,0.7871,0.8463,0.9599,0.9229,0.8851,0.8710,0.8738,0.8743,0.8388,0.7468,0.8243,0.7828,0.7866,0.7978,0.7519,0.6779,0.6537,0.6968,0.6494,0.6721,0.7027,0.6689,0.6067,0.6349,0.8295,0.9460,0.9073,0.8688,0.8579,0.8590,0.8548,0.8265,0.7281,0.8052,0.7623,0.7691,0.7849,0.7315,0.6529,0.6284,0.6727,0.6238,0.6493,0.6787,0.6489,0.5824,0.6092,0,0.5824,-3.8126,0.2856,-2.5528
96,0.1920,0.4094,-0.0307,0.5311,-3.8126,0.2856,-4.4363,0.0656,0.1918,0.0000,1.0268,0.9999,0.0001,0.0100,0.0001,-0.0002,-0.0183,-0.0003,-0.0074,0.0056,-0.0007,0.0001,-0.0182,-0.0004,-0.0073,0.0057,0.0001,0.0000,0.0449,-0.0004,0.0002,0.0355,0.0015,0.0050,-0.0000,0.0449,0.0007,-0.0002,0.0357,0.0016,0.0030,0.0000,0.0135,0.0001,-0.0048,0.0045,0.1044,0.0012,0.0022,-0.0776,0.0031,-0.0511,-0.0465,-0.1876,-0.0010,-0.0921,-0.0157,-0.0392,0.0761,0.1987,-0.0030,0.0353,0.0287,0.0118,-0.0588,0.0136,0.0076,0.0001,0.0318,-0.0209,-0.0152,-0.0670,0.0140,-0.0156,-0.0002,-1.0000,-1.0000,-1.0000,-1.0000,-1.0000,-1.0000,-1.0000,-1.0000,-1.0000,-1.0000,-1.0000,-1.0000,-1.0000,-1.0000,-1.0000,-1.0000,-1.0000,-1.0000,-1.0000,-1.0000,-1.0000,-1.0000,-1.0000,-1.0000,-1.0000,-1.0000,-1.0000,-1.0000,-1.0000,-1.0000,-1.0000,-1.0000,-1.0000,-1.0000,-1.0000,-1.0000,-1.0000,-1.0000,-1.0000,-1.0000,-1.0000,-1.0000,-1.0000,-1.0000,-1.0000,-1.0000,-1.0000,-1.0000,-1.0000,-1.0000,-1.0000,-1.0000,-1.0000,-1.0000,-1.0000,-1.0000,-1.0000,-1.0000,-1.0000,-1.0000,-1.0000,-1.0000,-1.0000,0.9533,0.9144,0.8758,0.8648,0.8648,0.8610,0.8331,0.7344,0.8108,0.7682,0.7744,0.7909,0.7367,0.6579,0.6349,0.6784,0.6292,0.6561,0.6839,0.6556,0.5885,0.6152,-1.0000,-1.0000,-1.0000,-1.0000,-1.0000,-1.0000,-1.0000,-1.0000,-1.0000,-1.0000,-1.0000,-1.0000,-1.0000,-1.0000,-1.0000,-1.0000,-1.0000,-1.0000,-1.0000,-1.0000,-1.0000,-1.0000,-1.0000,-1.0000,-1.0000,-1.0000,-1.0000,-1.0000,-1.0000,-1.0000,-1.0000,-1.0000,-1.0000,-1.0000,-1.0000,-1.0000,1.2633,1.2237,1.2598,1.2647,1.2447,1.2387,0.7517,0.7345,0.8950,0.8596,0.6967,0.9956,0.9190,0.8307,0.7748,0.9571,0.7943,0.8528,0.9668,0.9297,0.8917,0.8777,0.8792,0.8800,0.8451,0.7526,0.8294,0.7882,0.7914,0.8035,0.7566,0.6822,0.6596,0.7020,0.6542,0.6782,0.7073,0.6751,0.6121,0.6402,0.8364,0.9533,0.9144,0.8758,0.8648,0.8648,0.8610,0.8331,0.7344,0.8108,0.7682,0.7744,0.7909,0.7367,0.6579,0.6349,0.6784,0.6292,0.6561,0.6839,0.6556,0.5885,0.6152,0,0.5885,-3.8126,0.2856,-2.5528
97,0.1940,0.4018,-0.0301,0.5222,-3.8126,0.2856,-4.4559,0.0656,0.1918,0.0000,1.0268,0.9999,0.0001,0.0101,0.0001,-0.0002,-0.0184,-0.0003,-0.0075,0.0055,-0.0012,0.0001,-0.0184,-0.0004,-0.0074,0.0058,0.0003,-0.0000,0.0450,-0.0004,0.0002,0.0354,0.0015,0.0050,-0.0000,0.0450,0.0006,-0.0002,0.0356,0.0016,0.0030,0.0000,0.0135,0.0004,-0.0034,0.0053,0.1031,0.0013,0.0021,-0.0733,0.0039,-0.0526,-0.0723,-0.2265,-0.0003,-0.0857,-0.0113,-0.0422,0.0320,0.0804,-0.0032,0.0261,0.0286,0.0118,-0.0573,0.0137,0.0067,0.0001,0.0224,-0.0216,-0.0152,-0.0660,0.0141,-0.0162,-0.0002,-1.0000,-1.0000,-1.0000,-1.0000,-1.0000,-1.0000,-1.0000,-1.0000,-1.0000,-1.0000,-1.0000,-1.0000,-1.0000,-1.0000,-1.0000,-1.0000,-1.0000,-1.0000,-1.0000,-1.0000,-1.0000,-1.0000,-1.0000,-1.0000,-1.0000,-1.0000,-1.0000,-1.0000,-1.0000,-1.0000,-1.0000,-1.0000,-1.0000,-1.0000,-1.0000,-1.0000,-1.0000,-1.0000,-1.0000,-1.0000,-1.0000,-1.0000,-1.0000,-1.0000,-1.0000,-1.0000,-1.0000,-1.0000,-1.0000,-1.0000,-1.0000,-1.0000,-1.0000,-1.0000,-1.0000,-1.0000,-1.0000,-1.0000,-1.0000,-1.0000,-1.0000,-1.0000,-1.0000,0.9607,0.9217,0.8829,0.8719,0.8707,0.8673,0.8399,0.7409,0.8166,0.7743,0.7798,0.7971,0.7421,0.6630,0.6416,0.6843,0.6347,0.6629,0.6892,0.6625,0.5947,0.6213,-1.0000,-1.0000,-1.0000,-1.0000,-1.0000,-1.0000,-1.0000,-1.0000,-1.0000,-1.0000,-1.0000,-1.0000,-1.0000,-1.0000,-1.0000,-1.0000,-1.0000,-1.0000,-1.0000,-1.0000,-1.0000,-1.0000,-1.0000,-1.0000,-1.0000,-1.0000,-1.0000,-1.0000,-1.0000,-1.0000,-1.0000,-1.0000,-1.0000,-1.0000,-1.0000,-1.0000,1.2711,1.2319,1.2676,1.2722,1.2527,1.2465,0.7566,0.7418,0.9026,0.8653,0.7038,1.0027,0.9248,0.8382,0.7800,0.9632,0.8016,0.8594,0.9739,0.9366,0.8984,0.8844,0.8848,0.8858,0.8515,0.7586,0.8347,0.7938,0.7964,0.8094,0.7616,0.6868,0.6656,0.7073,0.6591,0.6845,0.7121,0.6814,0.6177,0.6456,0.8434,0.9607,0.9217,0.8829,0.8719,0.8707,0.8673,0.8399,0.7409,0.8166,0.7743,0.7798,0.7971,0.7421,0.6630,0.6416,0.6843,0.6347,0.6629,0.6892,0.6625,0.5947,0.6213,0,0.5947,-3.8126,0.2856,-2.5528
97,0.1940,0.4018,-0.0301,0.5222,-3.8126,0.2856,-4.4559,0.0656,0.1918,0.0000,1.0268,0.9999,0.0001,0.0101,0.0001,-0.0002,-0.0184,-0.0003,-0.0075,0.0055,-0.0012,0.0001,-0.0184,-0.0004,-0.0074,0.0058,0.0003,-0.0000,0.0450,-0.0004,0.0002,0.0354,0.0015,0.0050,-0.0000,0.0450,0.0006,-0.0002,0.0356,0.0016,0.0030,0.0000,0.0135,0.0004,-0.0034,0.0053,0.1031,0.0013,0.0021,-0.0733,0.0039,-0.0526,-0.0723,-0.2265,-0.0003,-0.0857,-0.0113,-0.0422,0.0320,0.0804,-0.0032,0.0261,0.0286,0.0118,-0.0573,0.0137,0.0067,0.0001,0.0224,-0.0216,-0.0152,-0.0660,0.0141,-0.0162,-0.0002,-1.0000,-1.0000,-1.0000,-1.0000,-1.0000,-1.0000,-1.0000,-1.0000,-1.0000,-1.0000,-1.0000,-1.0000,-1.0000,-1.0000,-1.0000,-1.0000,-1.0000,-1.0000,-1.0000,-1.0000,-1.0000,-1.0000,-1.0000,-1.0000,-1.0000,-1.0000,-1.0000,-1.0000,-1.0000,-1.0000,-1.0000,-1.0000,-1.0000,-1.0000,-1.0000,-1.0000,-1.0000,-1.0000,-1.0000,-1.0000,-1.0000,-1.0000,-1.0000,-1.0000,-1.0000,-1.0000,-1.0000,-1.0000,-1.0000,-1.0000,-1.0000,-1.0000,-1.0000,-1.0000,-1.0000,-1.0000,-1.0000,-1.0000,-1.0000,-1.0000,-1.0000,-1.0000,-1.0000,0.9607,0.9217,0.8829,0.8719,0.8707,0.8673,0.8399,0.7409,0.8166,0.7743,0.7798,0.7971,0.7421,0.6630,0.6416,0.6843,0.6347,0.6629,0.6892,0.6625,0.5947,0.6213,-1.0000,-1.0000,-1.0000,-1.0000,-1.0000,-1.0000,-1.0000,-1.0000,-1.0000,-1.0000,-1.0000,-1.0000,-1.0000,-1.0000,-1.0000,-1.0000,-1.0000,-1.0000,-1.0000,-1.0000,-1.0000,-1.0000,-1.0000,-1.0000,-1.0000,-1.0000,-1.0000,-1.0000,-1.0000,-1.0000,-1.0000,-1.0000,-1.0000,-1.0000,-1.0000,-1.0000,1.2711,1.2319,1.2676,1.2722,1.2527,1.2465,0.7566,0.7418,0.9026,0.8653,0.7038,1.0027,0.9248,0.8382,0.7800,0.9632,0.8016,0.8594,0.9739,0.9366,0.8984,0.8844,0.8848,0.8858,0.8515,0.7586,0.8347,0.7938,0.7964,0.8094,0.7616,0.6868,0.6656,0.7073,0.6591,0.6845,0.7121,0.6814,0.6177,0.6456,0.8434,0.9607,0.9217,0.8829,0.8719,0.8707,0.8673,0.8399,0.7409,0.8166,0.7743,0.7798,0.7971,0.7421,0.6630,0.6416,0.6843,0.6347,0.6629,0.6892,0.6625,0.5947,0.6213,0,0.5947,-3.8126,0.2856,-2.5528
98,0.1960,0.3942,-0.0295,0.5132,-3.8126,0.2856,-4.4755,0.0656,0.1918,0.0000,1.0268,0.9999,0.0001,0.0102,0.0001,-0.0002,-0.0185,-0.0003,-0.0076,0.0054,-0.0015,0.0001,-0.0185,-0.0004,-0.0075,0.0058,0.0001,-0.0000,0.0450,-0.0003,0.0002,0.0353,0.0016,0.0050,-0.0000,0.0450,0.0006,-0.0003,0.0354,0.0016,0.0030,0.0000,0.0136,0.0011,-0.0023,0.0170,0.1015,0.0021,0.0011,-0.0742,-0.0145,-0.0506,-0.0462,-0.1477,0.0005,-0.0814,-0.0185,-0.0428,0.0072,-0.0775,-0.0052,0.0181,0.0324,0.0102,-0.0522,0.0137,0.0060,0.0001,0.0116,-0.0185,-0.0166,-0.0691,0.0141,-0.0169,-0.0002,-1.0000,-1.0000,-1.0000,-1.0000,-1.0000,-1.0000,-1.0000,-1.0000,-1.0000,-1.0000,-1.0000,-1.0000,-1.0000,-1.0000,-1.0000,-1.0000,-1.0000,-1.0000,-1.0000,-1.0000,-1.0000,-1.0000,-1.0000,-1.0000,-1.0000,-1.0000,-1.0000,-1.0000,-1.0000,-1.0000,-1.0000,-1.0000,-1.0000,-1.0000,-1.0000,-1.0000,-1.0000,-1.0000,-1.0000,-1.0000,-1.0000,-1.0000,-1.0000,-1.0000,-1.0000,-1.0000,-1.0000,-1.0000,-1.0000,-1.0000,-1.0000,-1.0000,-1.0000,-1.0000,-1.0000,-1.0000,-1.0000,-1.0000,-1.0000,-1.0000,-1.0000,-1.0000,-1.0000,0.9682,0.9291,0.8902,0.8792,0.8767,0.8737,0.8468,0.7476,0.8225,0.7805,0.7854,0.8035,0.7477,0.6684,0.6486,0.6905,0.6405,0.6700,0.6948,0.6695,0.6012,0.6276,-1.0000,-1.0000,-1.0000,-1.0000,-1.0000,-1.0000,-1.0000,-1.0000,-1.0000,-1.0000,-1.0000,-1.0000,-1.0000,-1.0000,-1.0000,-1.0000,-1.0000,-1.0000,-1.0000,-1.0000,-1.0000,-1.0000,-1.0000,-1.0000,-1.0000,-1.0000,-1.0000,-1.0000,-1.0000,-1.0000,-1.0000,-1.0000,-1.0000,-1.0000,-1.0000,-1.0000,1.2791,1.2403,1.2754,1.2798,1.2609,1.2544,0.7618,0.7493,0.9102,0.8711,0.7110,1.0099,0.9308,0.8458,0.7854,0.9694,0.8091,0.8662,0.9811,0.9436,0.9053,0.8913,0.8905,0.8918,0.8582,0.7648,0.8402,0.7995,0.8016,0.8154,0.7667,0.6915,0.6718,0.7128,0.6642,0.6910,0.7171,0.6880,0.6236,0.6513,0.8506,0.9682,0.9291,0.8902,0.8792,0.8767,0.8737,0.8468,0.7476,0.8225,0.7805,0.7854,0.8035,0.7477,0.6684,0.6486,0.6905,0.6405,0.6700,0.6948,0.6695,0.6012,0.6276,0,0.6012,-3.8126,0.2856,-2.5528
98,0.1960,0.3942,-0.0295,0.5132,-3.8126,0.2856,-4.4755,0.0656,0.1918,0.0000,1.0268,0.9999,0.0001,0.0102,0.0001,-0.0002,-0.0185,-0.0003,-0.0076,0.0054,-0.0015,0.0001,-0.0185,-0.0004,-0.0075,0.0058,0.0001,-0.0000,0.0450,-0.0003,0.0002,0.0353,0.0016,0.0050,-0.0000,0.0450,0.0006,-0.0003,0.0354,0.0016,0.0030,0.0000,0.0136,0.0011,-0.0023,0.0170,0.1015,0.0021,0.0011,-0.0742,-0.0145,-0.0506,-0.0462,-0.1477,0.0005,-0.0814,-0.0185,-0.0428,0.0072,-0.0775,-0.0052,0.0181,0.0324,0.0102,-0.0522,0.0137,0.0060,0.0001,0.0116,-0.0185,-0.0166,-0.0691,0.0141,-0.0169,-0.0002,-1.0000,-1.0000,-1.0000,-1.0000,-1.0000,-1.0000,-1.0000,-1.0000,-1.0000,-1.0000,-1.0000,-1.0000,-1.0000,-1.0000,-1.0000,-1.0000,-1.0000,-1.0000,-1.0000,-1.0000,-1.0000,-1.0000,-1.0000,-1.0000,-1.0000,-1.0000,-1.0000,-1.0000,-1.0000,-1.0000,-1.0000,-1.0000,-1.0000,-1.0000,-1.0000,-1.0000,-1.0000,-1.0000,-1.0000,-1.0000,-1.0000,-1.0000,-1.0000,-1.0000,-1.0000,-1.0000,-1.0000,-1.0000,-1.0000,-1.0000,-1.0000,-1.0000,-1.0000,-1.0000,-1.0000,-1.0000,-1.0000,-1.0000,-1.0000,-1.0000,-1.0000,-1.0000,-1.0000,0.9682,0.9291,0.8902,0.8792,0.8767,0.8737,0.8468,0.7476,0.8225,0.7805,0.7854,0.8035,0.7477,0.6684,0.6486,0.6905,0.6405,0.6700,0.6948,0.6695,0.6012,0.6276,-1.0000,-1.0000,-1.0000,-1.0000,-1.0000,-1.0000,-1.0000,-1.0000,-1.0000,-1.0000,-1.0000,-1.0000,-1.0000,-1.0000,-1.0000,-1.0000,-1.0000,-1.0000,-1.0000,-1.0000,-1.0000,-1.0000,-1.0000,-1.0000,-1.0000,-1.0000,-1.0000,-1.0000,-1.0000,-1.0000,-1.0000,-1.0000,-1.0000,-1.0000,-1.0000,-1.0000,1.2791,1.2403,1.2754,1.2798,1.2609,1.2544,0.7618,0.7493,0.9102,0.8711,0.7110,1.0099,0.9308,0.8458,0.7854,0.9694,0.8091,0.8662,0.9811,0.9436,0.9053,0.8913,0.8905,0.8918,0.8582,0.7648,0.8402,0.7995,0.8016,0.8154,0.7667,0.6915,0.6718,0.7128,0.6642,0.6910,0.7171,0.6880,0.6236,0.6513,0.8506,0.9682,0.9291,0.8902,0.8792,0.8767,0.8737,0.8468,0.7476,0.8225,0.7805,0.7854,0.8035,0.7477,0.6684,0.6486,0.6905,0.6405,0.6700,0.6948,0.6695,0.6012,0.6276,0,0.6012,-3.8126,0.2856,-2.5528
99,0.1980,0.3866,-0.0290,0.5043,-3.8126,0.2856,-4.4952,0.0656,0.1919,0.0000,1.0268,0.9999,0.0001,0.0103,0.0001,-0.0002,-0.0187,-0.0003,-0.0076,0.0056,-0.0017,0.0001,-0.0187,-0.0004,-0.0076,0.0057,-0.0003,-0.0000,0.0450,-0.0003,0.0003,0.0352,0.0016,0.0050,-0.0000,0.0450,0.0005,-0.0003,0.0353,0.0016,0.0029,0.0000,0.0137,0.0002,-0.0060,-0.0027,0.0981,0.0007,0.0029,-0.0907,0.0089,-0.0335,0.1194,-0.1215,0.0015,-0.0721,0.0118,-0.0466,-0.0370,-0.1964,-0.0017,0.0045,0.0258,0.0130,-0.0660,0.0139,0.0047,0.0002,0.0028,-0.0260,-0.0138,-0.0684,0.0143,-0.0175,-0.0002,-1.0000,-1.0000,-1.0000,-1.0000,-1.0000,-1.0000,-1.0000,-1.0000,-1.0000,-1.0000,-1.0000,-1.0000,-1.0000,-1.0000,-1.0000,-1.0000,-1.0000,-1.0000,-1.0000,-1.0000,-1.0000,-1.0000,-1.0000,-1.0000,-1.0000,-1.0000,-1.0000,-1.0000,-1.0000,-1.0000,-1.0000,-1.0000,-1.0000,-1.0000,-1.0000,-1.0000,-1.0000,-1.0000,-1.0000,-1.0000,-1.0000,-1.0000,-1.0000,-1.0000,-1.0000,-1.0000,-1.0000,-1.0000,-1.0000,-1.0000,-1.0000,-1.0000,-1.0000,-1.0000,-1.0000,-1.0000,-1.0000,-1.0000,-1.0000,-1.0000,-1.0000,-1.0000,-1.0000,0.9759,0.9367,0.8976,0.8865,0.8829,0.8803,0.8539,0.7544,0.8286,0.7869,0.7912,0.8100,0.7535,0.6739,0.6556,0.6967,0.6465,0.6773,0.7005,0.6768,0.6078,0.6341,-1.0000,-1.0000,-1.0000,-1.0000,-1.0000,-1.0000,-1.0000,-1.0000,-1.0000,-1.0000,-1.0000,-1.0000,-1.0000,-1.0000,-1.0000,-1.0000,-1.0000,-1.0000,-1.0000,-1.0000,-1.0000,-1.0000,-1.0000,-1.0000,-1.0000,-1.0000,-1.0000,-1.0000,-1.0000,-1.0000,-1.0000,-1.0000,-1.0000,-1.0000,-1.0000,-1.0000,1.2871,1.2487,1.2833,1.2874,1.2691,1.2623,0.7671,0.7569,0.9181,0.8771,0.7184,1.0173,0.9369,0.8536,0.7910,0.9757,0.8167,0.8731,0.9884,0.9508,0.9124,0.8984,0.8964,0.8980,0.8649,0.7711,0.8459,0.8055,0.8070,0.8216,0.7720,0.6965,0.6783,0.7185,0.6696,0.6976,0.7223,0.6947,0.6296,0.6571,0.8579,0.9759,0.9367,0.8976,0.8865,0.8829,0.8803,0.8539,0.7544,0.8286,0.7869,0.7912,0.8100,0.7535,0.6739,0.6556,0.6967,0.6465,0.6773,0.7005,0.6768,0.6078,0.6341,0,0.6078,-3.8126,0.2856,-2.5528
100,0.2000,0.3789,-0.0284,0.4952,-3.8126,0.2856,-4.5148,0.0656,0.1919,0.0000,1.0268,0.9999,0.0001,0.0104,0.0001,-0.0002,-0.0189,-0.0003,-0.0077,0.0059,-0.0018,0.0001,-0.0188,-0.0004,-0.0077,0.0056,-0.0007,-0.0000,0.0450,-0.0002,0.0003,0.0351,0.0016,0.0050,-0.0000,0.0450,0.0005,-0.0003,0.0352,0.0017,0.0029,0.0000,0.0138,0.0005,-0.0029,0.0019,0.0969,0.0007,0.0025,-0.0881,-0.0000,-0.0341,0.1078,-0.0571,0.0013,-0.0678,0.0080,-0.0483,-0.0652,-0.2342,-0.0022,-0.0032,0.0274,0.0123,-0.0596,0.0139,0.0040,0.0002,-0.0061,-0.0246,-0.0142,-0.0652,0.0143,-0.0180,-0.0002,-1.0000,-1.0000,-1.0000,-1.0000,-1.0000,-1.0000,-1.0000,-1.0000,-1.0000,-1.0000,-1.0000,-1.0000,-1.0000,-1.0000,-1.0000,-1.0000,-1.0000,-1.0000,-1.0000,-1.0000,-1.0000,-1.0000,-1.0000,-1.0000,-1.0000,-1.0000,-1.0000,-1.0000,-1.0000,-1.0000,-1.0000,-1.0000,-1.0000,-1.0000,-1.0000,-1.0000,-1.0000,-1.0000,-1.0000,-1.0000,-1.0000,-1.0000,-1.0000,-1.0000,-1.0000,-1.0000,-1.0000,-1.0000,-1.0000,-1.0000,-1.0000,-1.0000,-1.0000,-1.0000,-1.0000,-1.0000,-1.0000,-1.0000,-1.0000,-1.0000,-1.0000,-1.0000,-1.0000,0.9837,0.9443,0.9052,0.8941,0.8893,0.8871,0.8611,0.7613,0.8348,0.7935,0.7971,0.8167,0.7595,0.6797,0.6629,0.7032,0.6526,0.6847,0.7065,0.6842,0.6147,0.6408,-1.0000,-1.0000,-1.0000,-1.0000,-1.0000,-1.0000,-1.0000,-1.0000,-1.0000,-1.0000,-1.0000,-1.0000,-1.0000,-1.0000,-1.0000,-1.0000,-1.0000,-1.0000,-1.0000,-1.0000,-1.0000,-1.0000,-1.0000,-1.0000,-1.0000,-1.0000,-1.0000,-1.0000,-1.0000,-1.0000,-1.0000,-1.0000,-1.0000,-1.0000,-1.0000,-1.0000,1.2952,1.2572,1.2914,1.2952,1.2775,1.2704,0.7725,0.7646,0.9260,0.8832,0.7259,1.0247,0.9432,0.8615,0.7967,0.9822,0.8245,0.8802,0.9959,0.9580,0.9195,0.9056,0.9024,0.9042,0.8718,0.7776,0.8516,0.8115,0.8125,0.8280,0.7775,0.7016,0.6849,0.7244,0.6751,0.7044,0.7276,0.7015,0.6358,0.6632,0.8654,0.9837,0.9443,0.9052,0.8941,0.8893,0.8871,0.8611,0.7613,0.8348,0.7935,0.7971,0.8167,0.7595,0.6797,0.6629,0.7032,0.6526,0.6847,0.7065,0.6842,0.6147,0.6408,0,0.6147,-3.8126,0.2856,-2.5528
100,0.2000,0.3789,-0.0284,0.4952,-3.8126,0.2856,-4.5148,0.0656,0.1919,0.0000,1.0268,0.9999,0.0001,0.0104,0.0001,-0.0002,-0.0189,-0.0003,-0.0077,0.0059,-0.0018,0.0001,-0.0188,-0.0004,-0.0077,0.0056,-0.0007,-0.0000,0.0450,-0.0002,0.0003,0.0351,0.0016,0.0050,-0.0000,0.0450,0.0005,-0.0003,0.0352,0.0017,0.0029,0.0000,0.0138,0.0005,-0.0029,0.0019,0.0969,0.0007,0.0025,-0.0881,-0.0000,-0.0341,0.1078,-0.0571,0.0013,-0.0678,0.0080,-0.0483,-0.0652,-0.2342,-0.0022,-0.0032,0.0274,0.0123,-0.0596,0.0139,0.0040,0.0002,-0.0061,-0.0246,-0.0142,-0.0652,0.0143,-0.0180,-0.0002,-1.0000,-1.0000,-1.0000,-1.0000,-1.0000,-1.0000,-1.0000,-1.0000,-1.0000,-1.0000,-1.0000,-1.0000,-1.0000,-1.0000,-1.0000,-1.0000,-1.0000,-1.0000,-1.0000,-1.0000,-1.0000,-1.0000,-1.0000,-1.0000,-1.0000,-1.0000,-1.0000,-1.0000,-1.0000,-1.0000,-1.0000,-1.0000,-1.0000,-1.0000,-1.0000,-1.0000,-1.0000,-1.0000,-1.0000,-1.0000,-1.0000,-1.0000,-1.0000,-1.0000,-1.0000,-1.0000,-1.0000,-1.0000,-1.0000,-1.0000,-1.0000,-1.0000,-1.0000,-1.0000,-1.0000,-1.0000,-1.0000,-1.0000,-1.0000,-1.0000,-1.0000,-1.0000,-1.0000,0.9837,0.9443,0.9052,0.8941,0.8893,0.8871,0.8611,0.7613,0.8348,0.7935,0.7971,0.8167,0.7595,0.6797,0.6629,0.7032,0.6526,0.6847,0.7065,0.6842,0.6147,0.6408,-1.0000,-1.0000,-1.0000,-1.0000,-1.0000,-1.0000,-1.0000,-1.0000,-1.0000,-1.0000,-1.0000,-1.0000,-1.0000,-1.0000,-1.0000,-1.0000,-1.0000,-1.0000,-1.0000,-1.0000,-1.0000,-1.0000,-1.0000,-1.0000,-1.0000,-1.0000,-1.0000,-1.0000,-1.0000,-1.0000,-1.0000,-1.0000,-1.0000,-1.0000,-1.0000,-1.0000,1.2952,1.2572,1.2914,1.2952,1.2775,1.2704,0.7725,0.7646,0.9260,0.8832,0.7259,1.0247,0.9432,0.8615,0.7967,0.9822,0.8245,0.8802,0.9959,0.9580,0.9195,0.9056,0.9024,0.9042,0.8718,0.7776,0.8516,0.8115,0.8125,0.8280,0.7775,0.7016,0.6849,0.7244,0.6751,0.7044,0.7276,0.7015,0.6358,0.6632,0.8654,0.9837,0.9443,0.9052,0.8941,0.8893,0.8871,0.8611,0.7613,0.8348,0.7935,0.7971,0.8167,0.7595,0.6797,0.6629,0.7032,0.6526,0.6847,0.7065,0.6842,0.6147,0.6408,0,0.6147,-3.8126,0.2856,-2.5528
101,0.2020,0.3713,-0.0278,0.4862,-3.8126,0.2856,-4.5344,0.0656,0.1919,0.0000,1.0268,0.9999,0.0001,0.0105,0.0001,-0.0001,-0.0191,-0.0003,-0.0078,0.0060,-0.0016,0.0001,-0.0189,-0.0003,-0.0078,0.0055,-0.0011,-0.0000,0.0450,-0.0002,0.0003,0.0349,0.0016,0.0050,-0.0000,0.0450,0.0004,-0.0004,0.0350,0.0017,0.0029,0.0000,0.0139,-0.0006,-0.0021,-0.0141,0.0951,-0.0005,0.0025,-0.0837,0.0119,-0.0344,0.0812,0.1132,0.0014,-0.0683,0.0248,-0.0465,-0.0409,-0.1593,0.0006,-0.0143,0.0231,0.0145,-0.0643,0.0141,0.0029,0.0002,-0.0133,-0.0294,-0.0118,-0.0585,0.0145,-0.0183,-0.0002,-1.0000,-1.0000,-1.0000,-1.0000,-1.0000,-1.0000,-1.0000,-1.0000,-1.0000,-1.0000,-1.0000,-1.0000,-1.0000,-1.0000,-1.0000,-1.0000,-1.0000,-1.0000,-1.0000,-1.0000,-1.0000,-1.0000,-1.0000,-1.0000,-1.0000,-1.0000,-1.0000,-1.0000,-1.0000,-1.0000,-1.0000,-1.0000,-1.0000,-1.0000,-1.0000,-1.0000,-1.0000,-1.0000,-1.0000,-1.0000,-1.0000,-1.0000,-1.0000,-1.0000,-1.0000,-1.0000,-1.0000,-1.0000,-1.0000,-1.0000,-1.0000,-1.0000,-1.0000,-1.0000,-1.0000,-1.0000,-1.0000,-1.0000,-1.0000,-1.0000,-1.0000,-1.0000,-1.0000,0.9916,0.9521,0.9129,0.9017,0.8958,0.8939,0.8684,0.7684,0.8412,0.8002,0.8032,0.8235,0.7656,0.6856,0.6703,0.7099,0.6590,0.6922,0.7126,0.6917,0.6217,0.6477,-1.0000,-1.0000,-1.0000,-1.0000,-1.0000,-1.0000,-1.0000,-1.0000,-1.0000,-1.0000,-1.0000,-1.0000,-1.0000,-1.0000,-1.0000,-1.0000,-1.0000,-1.0000,-1.0000,-1.0000,-1.0000,-1.0000,-1.0000,-1.0000,-1.0000,-1.0000,-1.0000,-1.0000,-1.0000,-1.0000,-1.0000,-1.0000,-1.0000,-1.0000,-1.0000,-1.0000,1.3035,1.2658,1.2995,1.3031,1.2859,1.2786,0.7782,0.7725,0.9341,0.8895,0.7336,1.0323,0.9496,0.8696,0.8027,0.9888,0.8323,0.8874,1.0035,0.9655,0.9268,0.9129,0.9085,0.9107,0.8789,0.7843,0.8576,0.8178,0.8182,0.8345,0.7831,0.7070,0.6916,0.7304,0.6808,0.7114,0.7332,0.7086,0.6422,0.6694,0.8730,0.9916,0.9521,0.9129,0.9017,0.8958,0.8939,0.8684,0.7684,0.8412,0.8002,0.8032,0.8235,0.7656,0.6856,0.6703,0.7099,0.6590,0.6922,0.7126,0.6917,0.6217,0.6477,0,0.6217,-3.8126,0.2856,-2.5528
101,0.2020,0.3713,-0.0278,0.4862,-3.8126,0.2856,-4.5344,0.0656,0.1919,0.0000,1.0268,0.9999,0.0001,0.0105,0.0001,-0.0001,-0.0191,-0.0003,-0.0078,0.0060,-0.0016,0.0001,-0.0189,-0.0003,-0.0078,0.0055,-0.0011,-0.0000,0.0450,-0.0002,0.0003,0.0349,0.0016,0.0050,-0.0000,0.0450,0.0004,-0.0004,0.0350,0.0017,0.0029,0.0000,0.0139,-0.0006,-0.0021,-0.0141,0.0951,-0.0005,0.0025,-0.0837,0.0119,-0.0344,0.0812,0.1132,0.0014,-0.0683,0.0248,-0.0465,-0.0409,-0.1593,0.0006,-0.0143,0.0231,0.0145,-0.0643,0.0141,0.0029,0.0002,-0.0133,-0.0294,-0.0118,-0.0585,0.0145,-0.0183,-0.0002,-1.0000,-1.0000,-1.0000,-1.0000,-1.0000,-1.0000,-1.0000,-1.0000,-1.0000,-1.0000,-1.0000,-1.0000,-1.0000,-1.0000,-1.0000,-1.0000,-1.0000,-1.0000,-1.0000,-1.0000,-1.0000,-1.0000,-1.0000,-1.0000,-1.0000,-1.0000,-1.0000,-1.0000,-1.0000,-1.0000,-1.0000,-1.0000,-1.0000,-1.0000,-1.0000,-1.0000,-1.0000,-1.0000,-1.0000,-1.0000,-1.0000,-1.0000,-1.0000,-1.0000,-1.0000,-1.0000,-1.0000,-1.0000,-1.0000,-1.0000,-1.0000,-1.0000,-1.0000,-1.0000,-1.0000,-1.0000,-1.0000,-1.0000,-1.0000,-1.0000,-1.0000,-1.0000,-1.0000,0.9916,0.9521,0.9129,0.9017,0.8958,0.8939,0.8684,0.7684,0.8412,0.8002,0.8032,0.8235,0.7656,0.6856,0.6703,0.7099,0.6590,0.6922,0.7126,0.6917,0.6217,0.6477,-1.0000,-1.0000,-1.0000,-1.0000,-1.0000,-1.0000,-1.0000,-1.0000,-1.0000,-1.0000,-1.0000,-1.0000,-1.0000,-1.0000,-1.0000,-1.0000,-1.0000,-1.0000,-1.0000,-1.0000,-1.0000,-1.0000,-1.0000,-1.0000,-1.0000,-1.0000,-1.0000,-1.0000,-1.0000,-1.0000,-1.0000,-1.0000,-1.0000,-1.0000,-1.0000,-1.0000,1.3035,1.2658,1.2995,1.3031,1.2859,1.2786,0.7782,0.7725,0.9341,0.8895,0.7336,1.0323,0.9496,0.8696,0.8027,0.9888,0.8323,0.8874,1.0035,0.9655,0.9268,0.9129,0.9085,0.9107,0.8789,0.7843,0.8576,0.8178,0.8182,0.8345,0.7831,0.7070,0.6916,0.7304,0.6808,0.7114,0.7332,0.7086,0.6422,0.6694,0.8730,0.9916,0.9521,0.9129,0.9017,0.8958,0.8939,0.8684,0.7684,0.8412,0.8002,0.8032,0.8235,0.7656,0.6856,0.6703,0.7099,0.6590,0.6922,0.7126,0.6917,0.6217,0.6477,0,0.6217,-3.8126,0.2856,-2.5528
102,0.2040,0.3637,-0.0272,0.4771,-3.8126,0.2856,-4.5540,0.0656,0.1919,0.0000,1.0268,0.9999,0.0001,0.0106,0.0001,-0.0001,-0.0192,-0.0002,-0.0079,0.0061,-0.0015,0.0001,-0.0191,-0.0003,-0.0078,0.0055,-0.0013,-0.0000,0.0449,-0.0001,0.0003,0.0348,0.0017,0.0050,-0.0000,0.0449,0.0004,-0.0004,0.0349,0.0017,0.0028,0.0000,0.0140,-0.0008,0.0005,-0.0172,0.0937,-0.0008,0.0028,-0.0780,0.0184,-0.0367,0.0431,0.0595,0.0011,-0.0690,0.0258,-0.0446,-0.0215,-0.0965,0.0011,-0.0229,0.0222,0.0146,-0.0612,0.0142,0.0021,0.0002,-0.0212,-0.0305,-0.0113,-0.0535,0.0146,-0.0186,-0.0002,-1.0000,-1.0000,-1.0000,-1.0000,-1.0000,-1.0000,-1.0000,-1.0000,-1.0000,-1.0000,-1.0000,-1.0000,-1.0000,-1.0000,-1.0000,-1.0000,-1.0000,-1.0000,-1.0000,-1.0000,-1.0000,-1.0000,-1.0000,-1.0000,-1.0000,-1.0000,-1.0000,-1.0000,-1.0000,-1.0000,-1.0000,-1.0000,-1.0000,-1.0000,-1.0000,-1.0000,-1.0000,-1.0000,-1.0000,-1.0000,-1.0000,-1.0000,-1.0000,-1.0000,-1.0000,-1.0000,-1.0000,-1.0000,-1.0000,-1.0000,-1.0000,-1.0000,-1.0000,-1.0000,-1.0000,-1.0000,-1.0000,-1.0000,-1.0000,-1.0000,-1.0000,-1.0000,-1.0000,0.9996,0.9600,0.9207,0.9095,0.9025,0.9010,0.8759,0.7757,0.8478,0.8071,0.8095,0.8305,0.7719,0.6918,0.6779,0.7167,0.6656,0.7000,0.7189,0.6995,0.6289,0.6547,-1.0000,-1.0000,-1.0000,-1.0000,-1.0000,-1.0000,-1.0000,-1.0000,-1.0000,-1.0000,-1.0000,-1.0000,-1.0000,-1.0000,-1.0000,-1.0000,-1.0000,-1.0000,-1.0000,-1.0000,-1.0000,-1.0000,-1.0000,-1.0000,-1.0000,-1.0000,-1.0000,-1.0000,-1.0000,-1.0000,-1.0000,-1.0000,-1.0000,-1.0000,-1.0000,-1.0000,1.3118,1.2745,1.3077,1.3111,1.2944,1.2869,0.7840,0.7805,0.9423,0.8959,0.7414,1.0400,0.9561,0.8778,0.8087,0.9956,0.8404,0.8947,1.0111,0.9730,0.9342,0.9204,0.9149,0.9172,0.8861,0.7911,0.8637,0.8242,0.8241,0.8412,0.7889,0.7125,0.6986,0.7367,0.6868,0.7185,0.7389,0.7158,0.6488,0.6758,0.8808,0.9996,0.9600,0.9207,0.9095,0.9025,0.9010,0.8759,0.7757,0.8478,0.8071,0.8095,0.8305,0.7719,0.6918,0.6779,0.7167,0.6656,0.7000,0.7189,0.6995,0.6289,0.6547,0,0.6289,-3.8126,0.2856,-2.5528
103,0.2060,0.3561,-0.0267,0.4679,-3.8126,0.2856,-4.5736,0.0656,0.1920,0.0000,1.0268,0.9999,0.0001,0.0107,0.0001,-0.0001,-0.0194,-0.0002,-0.0079,0.0061,-0.0015,0.0001,-0.0193,-0.0003,-0.0079,0.0057,-0.0014,-0.0000,0.0449,-0.0000,0.0004,0.0347,0.0017,0.0050,-0.0000,0.0449,0.0003,-0.0004,0.0348,0.0018,0.0028,0.0000,0.0142,0.0004,-0.0026,0.0051,0.0904,0.0010,0.0022,-0.0695,-0.0068,-0.0400,0.0031,0.0014,0.0012,-0.0843,-0.0032,-0.0283,0.1356,-0.0715,-0.0030,-0.0307,0.0298,0.0114,-0.0584,0.0141,0.0014,0.0002,-0.0343,-0.0235,-0.0144,-0.0671,0.0144,-0.0196,-0.0003,-1.0000,-1.0000,-1.0000,-1.0000,-1.0000,-1.0000,-1.0000,-1.0000,-1.0000,-1.0000,-1.0000,-1.0000,-1.0000,-1.0000,-1.0000,-1.0000,-1.0000,-1.0000,-1.0000,-1.0000,-1.0000,-1.0000,-1.0000,-1.0000,-1.0000,-1.0000,-1.0000,-1.0000,-1.0000,-1.0000,-1.0000,-1.0000,-1.0000,-1.0000,-1.0000,-1.0000,-1.0000,-1.0000,-1.0000,-1.0000,-1.0000,-1.0000,-1.0000,-1.0000,-1.0000,-1.0000,-1.0000,-1.0000,-1.0000,-1.0000,-1.0000,-1.0000,-1.0000,-1.0000,-1.0000,-1.0000,-1.0000,-1.0000,-1.0000,-1.0000,-1.0000,-1.0000,-1.0000,-1.0000,0.9681,0.9287,0.9174,0.9093,0.9082,0.8836,0.7832,0.8545,0.8142,0.8159,0.8376,0.7784,0.6981,0.6857,0.7237,0.6723,0.7078,0.7254,0.7074,0.6363,0.6620,-1.0000,-1.0000,-1.0000,-1.0000,-1.0000,-1.0000,-1.0000,-1.0000,-1.0000,-1.0000,-1.0000,-1.0000,-1.0000,-1.0000,-1.0000,-1.0000,-1.0000,-1.0000,-1.0000,-1.0000,-1.0000,-1.0000,-1.0000,-1.0000,-1.0000,-1.0000,-1.0000,-1.0000,-1.0000,-1.0000,-1.0000,-1.0000,-1.0000,-1.0000,-1.0000,-1.0000,1.3202,1.2833,1.3161,1.3192,1.3031,1.2953,0.7900,0.7887,0.9506,0.9025,0.7494,1.0478,0.9628,0.8861,0.8150,1.0025,0.8485,0.9021,1.0190,0.9807,0.9418,0.9280,0.9213,0.9240,0.8934,0.7981,0.8700,0.8307,0.8301,0.8480,0.7949,0.7182,0.7057,0.7431,0.6928,0.7258,0.7448,0.7232,0.6555,0.6824,0.8886,1.0078,0.9681,0.9287,0.9174,0.9093,0.9082,0.8836,0.7832,0.8545,0.8142,0.8159,0.8376,0.7784,0.6981,0.6857,0.7237,0.6723,0.7078,0.7254,0.7074,0.6363,0.6620,0,0.6363,-3.8126,0.2856,-2.5528
103,0.2060,0.3561,-0.0267,0.4679,-3.8126,0.2856,-4.5736,0.0656,0.1920,0.0000,1.0268,0.9999,0.0001,0.0107,0.0001,-0.0001,-0.0194,-0.0002,-0.0079,0.0061,-0.0015,0.0001,-0.0193,-0.0003,-0.0079,0.0057,-0.0014,-0.0000,0.0449,-0.0000,0.0004,0.0347,0.0017,0.0050,-0.0000,0.0449,0.0003,-0.0004,0.0348,0.0018,0.0028,0.0000,0.0142,0.0004,-0.0026,0.0051,0.0904,0.0010,0.0022,-0.0695,-0.0068,-0.0400,0.0031,0.0014,0.0012,-0.0843,-0.0032,-0.0283,0.1356,-0.0715,-0.0030,-0.0307,0.0298,0.0114,-0.0584,0.0141,0.0014,0.0002,-0.0343,-0.0235,-0.0144,-0.0671,0.0144,-0.0196,-0.0003,-1.0000,-1.0000,-1.0000,-1.0000,-1.0000,-1.0000,-1.0000,-1.0000,-1.0000,-1.0000,-1.0000,-1.0000,-1.0000,-1.0000,-1.0000,-1.0000,-1.0000,-1.0000,-1.0000,-1.0000,-1.0000,-1.0000,-1.0000,-1.0000,-1.0000,-1.0000,-1.0000,-1.0000,-1.0000,-1.0000,-1.0000,-1.0000,-1.0000,-1.0000,-1.0000,-1.0000,-1.0000,-1.0000,-1.0000,-1.0000,-1.0000,-1.0000,-1.0000,-1.0000,-1.0000,-1.0000,-1.0000,-1.0000,-1.0000,-1.0000,-1.0000,-1.0000,-1.0000,-1.0000,-1.0000,-1.0000,-1.0000,-1.0000,-1.0000,-1.0000,-1.0000,-1.0000,-1.0000,-1.0000,0.9681,0.9287,0.9174,0.9093,0.9082,0.8836,0.7832,0.8545,0.8142,0.8159,0.8376,0.7784,0.6981,0.6857,0.7237,0.6723,0.7078,0.7254,0.7074,0.6363,0.6620,-1.0000,-1.0000,-1.0000,-1.0000,-1.0000,-1.0000,-1.0000,-1.0000,-1.0000,-1.0000,-1.0000,-1.0000,-1.0000,-1.0000,-1.0000,-1.0000,-1.0000,-1.0000,-1.0000,-1.0000,-1.0000,-1.0000,-1.0000,-1.0000,-1.0000,-1.0000,-1.0000,-1.0000,-1.0000,-1.0000,-1.0000,-1.0000,-1.0000,-1.0000,-1.0000,-1.0000,1.3202,1.2833,1.3161,1.3192,1.3031,1.2953,0.7900,0.7887,0.9506,0.9025,0.7494,1.0478,0.9628,0.8861,0.8150,1.0025,0.8485,0.9021,1.0190,0.9807,0.9418,0.9280,0.9213,0.9240,0.8934,0.7981,0.8700,0.8307,0.8301,0.8480,0.7949,0.7182,0.7057,0.7431,0.6928,0.7258,0.7448,0.7232,0.6555,0.6824,0.8886,1.0078,0.9681,0.9287,0.9174,0.9093,0.9082,0.8836,0.7832,0.8545,0.8142,0.8159,0.8376,0.7784,0.6981,0.6857,0.7237,0.6723,0.7078,0.7254,0.7074,0.6363,0.6620,0,0.6363,-3.8126,0.2856,-2.5528
104,0.2080,0.3484,-0.0261,0.4587,-3.8126,0.2856,-4.5933,0.0656,0.1920,0.0000,1.0268,0.9999,0.0001,0.0108,0.0001,-0.0001,-0.0195,-0.0003,-0.0080,0.0061,-0.0016,0.0001,-0.0194,-0.0003,-0.0080,0.0059,-0.0012,-0.0000,0.0448,0.0000,0.0004,0.0346,0.0017,0.0050,-0.0000,0.0448,0.0003,-0.0004,0.0347,0.0018,0.0028,0.0000,0.0143,0.0007,-0.0030,0.0132,0.0884,0.0016,0.0019,-0.0636,-0.0142,-0.0421,-0.0288,-0.0508,0.0004,-0.0792,-0.0222,-0.0289,0.1033,0.1141,-0.0044,-0.0389,0.0330,0.0103,-0.0564,0.0141,0.0006,0.0002,-0.0444,-0.0206,-0.0152,-0.0706,0.0144,-0.0202,-0.0003,-1.0000,-1.0000,-1.0000,-1.0000,-1.0000,-1.0000,-1.0000,-1.0000,-1.0000,-1.0000,-1.0000,-1.0000,-1.0000,-1.0000,-1.0000,-1.0000,-1.0000,-1.0000,-1.0000,-1.0000,-1.0000,-1.0000,-1.0000,-1.0000,-1.0000,-1.0000,-1.0000,-1.0000,-1.0000,-1.0000,-1.0000,-1.0000,-1.0000,-1.0000,-1.0000,-1.0000,-1.0000,-1.0000,-1.0000,-1.0000,-1.0000,-1.0000,-1.0000,-1.0000,-1.0000,-1.0000,-1.0000,-1.0000,-1.0000,-1.0000,-1.0000,-1.0000,-1.0000,-1.0000,-1.0000,-1.0000,-1.0000,-1.0000,-1.0000,-1.0000,-1.0000,-1.0000,-1.0000,-1.0000,0.9763,0.9367,0.9254,0.9162,0.9155,0.8913,0.7907,0.8614,0.8214,0.8225,0.8449,0.7850,0.7046,0.6936,0.7308,0.6792,0.7159,0.7320,0.7154,0.6439,0.6694,-1.0000,-1.0000,-1.0000,-1.0000,-1.0000,-1.0000,-1.0000,-1.0000,-1.0000,-1.0000,-1.0000,-1.0000,-1.0000,-1.0000,-1.0000,-1.0000,-1.0000,-1.0000,-1.0000,-1.0000,-1.0000,-1.0000,-1.0000,-1.0000,-1.0000,-1.0000,-1.0000,-1.0000,-1.0000,-1.0000,-1.0000,-1.0000,-1.0000,-1.0000,-1.0000,-1.0000,1.3288,1.2922,1.3245,1.3274,1.3118,1.3038,0.7962,0.7970,0.9590,0.9092,0.7575,1.0558,0.9697,0.8945,0.8214,1.0095,0.8568,0.9097,1.0269,0.9885,0.9495,0.9357,0.9279,0.9308,0.9009,0.8052,0.8764,0.8375,0.8363,0.8550,0.8010,0.7241,0.7130,0.7496,0.6991,0.7333,0.7508,0.7307,0.6625,0.6892,0.8966,1.0160,0.9763,0.9367,0.9254,0.9162,0.9155,0.8913,0.7907,0.8614,0.8214,0.8225,0.8449,0.7850,0.7046,0.6936,0.7308,0.6792,0.7159,0.7320,0.7154,0.6439,0.6694,0,0.6439,-3.8126,0.2856,-2.5528
104,0.2080,0.3484,-0.0261,0.4587,-3.8126,0.2856,-4.5933,0.0656,0.1920,0.0000,1.0268,0.9999,0.0001,0.0108,0.0001,-0.0001,-0.0195,-0.0003,-0.0080,0.0061,-0.0016,0.0001,-0.0194,-0.0003,-0.0080,0.0059,-0.0012,-0.0000,0.0448,0.0000,0.0004,0.0346,0.0017,0.0050,-0.0000,0.0448,0.0003,-0.0004,0.0347,0.0018,0.0028,0.0000,0.0143,0.0007,-0.0030,0.0132,0.0884,0.0016,0.0019,-0.0636,-0.0142,-0.0421,-0.0288,-0.0508,0.0004,-0.0792,-0.0222,-0.0289,0.1033,0.1141,-0.0044,-0.0389,0.0330,0.0103,-0.0564,0.0141,0.0006,0.0002,-0.0444,-0.0206,-0.0152,-0.0706,0.0144,-0.0202,-0.0003,-1.0000,-1.0000,-1.0000,-1.0000,-1.0000,-1.0000,-1.0000,-1.0000,-1.0000,-1.0000,-1.0000,-1.0000,-1.0000,-1.0000,-1.0000,-1.0000,-1.0000,-1.0000,-1.0000,-1.0000,-1.0000,-1.0000,-1.0000,-1.0000,-1.0000,-1.0000,-1.0000,-1.0000,-1.0000,-1.0000,-1.0000,-1.0000,-1.0000,-1.0000,-1.0000,-1.0000,-1.0000,-1.0000,-1.0000,-1.0000,-1.0000,-1.0000,-1.0000,-1.0000,-1.0000,-1.0000,-1.0000,-1.0000,-1.0000,-1.0000,-1.0000,-1.0000,-1.0000,-1.0000,-1.0000,-1.0000,-1.0000,-1.0000,-1.0000,-1.0000,-1.0000,-1.0000,-1.0000,-1.0000,0.9763,0.9367,0.9254,0.9162,0.9155,0.8913,0.7907,0.8614,0.8214,0.8225,0.8449,0.7850,0.7046,0.6936,0.7308,0.6792,0.7159,0.7320,0.7154,0.6439,0.6694,-1.0000,-1.0000,-1.0000,-1.0000,-1.0000,-1.0000,-1.0000,-1.0000,-1.0000,-1.0000,-1.0000,-1.0000,-1.0000,-1.0000,-1.0000,-1.0000,-1.0000,-1.0000,-1.0000,-1.0000,-1.0000,-1.0000,-1.0000,-1.0000,-1.0000,-1.0000,-1.0000,-1.0000,-1.0000,-1.0000,-1.0000,-1.0000,-1.0000,-1.0000,-1.0000,-1.0000,1.3288,1.2922,1.3245,1.3274,1.3118,1.3038,0.7962,0.7970,0.9590,0.9092,0.7575,1.0558,0.9697,0.8945,0.8214,1.0095,0.8568,0.9097,1.0269,0.9885,0.9495,0.9357,0.9279,0.9308,0.9009,0.8052,0.8764,0.8375,0.8363,0.8550,0.8010,0.7241,0.7130,0.7496,0.6991,0.7333,0.7508,0.7307,0.6625,0.6892,0.8966,1.0160,0.9763,0.9367,0.9254,0.9162,0.9155,0.8913,0.7907,0.8614,0.8214,0.8225,0.8449,0.7850,0.7046,0.6936,0.7308,0.6792,0.7159,0.7320,0.7154,0.6439,0.6694,0,0.6439,-3.8126,0.2856,-2.5528
105,0.2100,0.3408,-0.0255,0.4495,-3.8126,0.2856,-4.6129,0.0656,0.1920,0.0000,1.0268,0.9999,0.0001,0.0109,0.0001,-0.0001,-0.0196,-0.0003,-0.0081,0.0060,-0.0013,0.0001,-0.0196,-0.0003,-0.0080,0.0061,-0.0011,-0.0000,0.0447,0.0001,0.0004,0.0345,0.0018,0.0050,-0.0000,0.0447,0.0002,-0.0005,0.0345,0.0018,0.0027,0.0000,0.0144,-0.0001,-0.0031,0.0005,0.0865,0.0008,0.0016,-0.0619,-0.0065,-0.0405,-0.0296,0.1213,0.0005,-0.0720,-0.0032,-0.0322,0.0582,0.0542,-0.0022,-0.0493,0.0291,0.0121,-0.0613,0.0142,-0.0005,0.0002,-0.0517,-0.0246,-0.0131,-0.0661,0.0145,-0.0205,-0.0003,-1.0000,-1.0000,-1.0000,-1.0000,-1.0000,-1.0000,-1.0000,-1.0000,-1.0000,-1.0000,-1.0000,-1.0000,-1.0000,-1.0000,-1.0000,-1.0000,-1.0000,-1.0000,-1.0000,-1.0000,-1.0000,-1.0000,-1.0000,-1.0000,-1.0000,-1.0000,-1.0000,-1.0000,-1.0000,-1.0000,-1.0000,-1.0000,-1.0000,-1.0000,-1.0000,-1.0000,-1.0000,-1.0000,-1.0000,-1.0000,-1.0000,-1.0000,-1.0000,-1.0000,-1.0000,-1.0000,-1.0000,-1.0000,-1.0000,-1.0000,-1.0000,-1.0000,-1.0000,-1.0000,-1.0000,-1.0000,-1.0000,-1.0000,-1.0000,-1.0000,-1.0000,-1.0000,-1.0000,-1.0000,0.9845,0.9449,0.9336,0.9233,0.9229,0.8992,0.7985,0.8684,0.8287,0.8293,0.8523,0.7918,0.7112,0.7016,0.7382,0.6863,0.7240,0.7388,0.7236,0.6516,0.6769,-1.0000,-1.0000,-1.0000,-1.0000,-1.0000,-1.0000,-1.0000,-1.0000,-1.0000,-1.0000,-1.0000,-1.0000,-1.0000,-1.0000,-1.0000,-1.0000,-1.0000,-1.0000,-1.0000,-1.0000,-1.0000,-1.0000,-1.0000,-1.0000,-1.0000,-1.0000,-1.0000,-1.0000,-1.0000,-1.0000,-1.0000,-1.0000,-1.0000,-1.0000,-1.0000,-1.0000,1.3374,1.3012,1.3330,1.3357,1.3206,1.3123,0.8026,0.8054,0.9675,0.9161,0.7658,1.0638,0.9766,0.9030,0.8280,1.0167,0.8652,0.9175,1.0350,0.9964,0.9573,0.9436,0.9347,0.9378,0.9085,0.8125,0.8830,0.8443,0.8426,0.8621,0.8074,0.7302,0.7204,0.7564,0.7056,0.7409,0.7571,0.7384,0.6696,0.6961,0.9047,1.0244,0.9845,0.9449,0.9336,0.9233,0.9229,0.8992,0.7985,0.8684,0.8287,0.8293,0.8523,0.7918,0.7112,0.7016,0.7382,0.6863,0.7240,0.7388,0.7236,0.6516,0.6769,0,0.6516,-3.8126,0.2856,-2.5528
106,0.2120,0.3332,-0.0250,0.4402,-3.8126,0.2856,-4.6325,0.0656,0.1921,0.0000,1.0267,0.9999,0.0001,0.0110,0.0001,-0.0001,-0.0197,-0.0003,-0.0082,0.0059,-0.0008,0.0001,-0.0197,-0.0003,-0.0081,0.0061,-0.0011,-0.0000,0.0446,0.0001,0.0004,0.0343,0.0018,0.0050,-0.0000,0.0446,0.0002,-0.0005,0.0344,0.0019,0.0027,0.0000,0.0145,-0.0009,-0.0036,-0.0121,0.0845,-0.0001,0.0012,-0.0601,0.0017,-0.0387,-0.0301,0.2797,0.0008,-0.0653,0.0154,-0.0350,0.0188,-0.0027,0.0000,-0.0597,0.0254,0.0137,-0.0666,0.0143,-0.0016,0.0003,-0.0590,-0.0285,-0.0111,-0.0623,0.0147,-0.0208,-0.0003,-1.0000,-1.0000,-1.0000,-1.0000,-1.0000,-1.0000,-1.0000,-1.0000,-1.0000,-1.0000,-1.0000,-1.0000,-1.0000,-1.0000,-1.0000,-1.0000,-1.0000,-1.0000,-1.0000,-1.0000,-1.0000,-1.0000,-1.0000,-1.0000,-1.0000,-1.0000,-1.0000,-1.0000,-1.0000,-1.0000,-1.0000,-1.0000,-1.0000,-1.0000,-1.0000,-1.0000,-1.0000,-1.0000,-1.0000,-1.0000,-1.0000,-1.0000,-1.0000,-1.0000,-1.0000,-1.0000,-1.0000,-1.0000,-1.0000,-1.0000,-1.0000,-1.0000,-1.0000,-1.0000,-1.0000,-1.0000,-1.0000,-1.0000,-1.0000,-1.0000,-1.0000,-1.0000,-1.0000,-1.0000,0.9929,0.9532,0.9419,0.9305,0.9305,0.9072,0.8063,0.8755,0.8362,0.8362,0.8598,0.7987,0.7180,0.7098,0.7456,0.6935,0.7324,0.7458,0.7319,0.6595,0.6847,-1.0000,-1.0000,-1.0000,-1.0000,-1.0000,-1.0000,-1.0000,-1.0000,-1.0000,-1.0000,-1.0000,-1.0000,-1.0000,-1.0000,-1.0000,-1.0000,-1.0000,-1.0000,-1.0000,-1.0000,-1.0000,-1.0000,-1.0000,-1.0000,-1.0000,-1.0000,-1.0000,-1.0000,-1.0000,-1.0000,-1.0000,-1.0000,-1.0000,-1.0000,-1.0000,-1.0000,1.3461,1.3103,1.3416,1.3440,1.3295,1.3210,0.8091,0.8140,0.9762,0.9231,0.7742,1.0720,0.9838,0.9117,0.8347,1.0240,0.8738,0.9253,1.0431,1.0044,0.9652,0.9515,0.9416,0.9450,0.9162,0.8199,0.8897,0.8513,0.8492,0.8693,0.8138,0.7364,0.7280,0.7633,0.7123,0.7487,0.7635,0.7463,0.6769,0.7032,0.9130,1.0329,0.9929,0.9532,0.9419,0.9305,0.9305,0.9072,0.8063,0.8755,0.8362,0.8362,0.8598,0.7987,0.7180,0.7098,0.7456,0.6935,0.7324,0.7458,0.7319,0.6595,0.6847,0,0.6595,-3.8126,0.2856,-2.5528
106,0.2120,0.3332,-0.0250,0.4402,-3.8126,0.2856,-4.6325,0.0656,0.1921,0.0000,1.0267,0.9999,0.0001,0.0110,0.0001,-0.0001,-0.0197,-0.0003,-0.0082,0.0059,-0.0008,0.0001,-0.0197,-0.0003,-0.0081,0.0061,-0.0011,-0.0000,0.0446,0.0001,0.0004,0.0343,0.0018,0.0050,-0.0000,0.0446,0.0002,-0.0005,0.0344,0.0019,0.0027,0.0000,0.0145,-0.0009,-0.0036,-0.0121,0.0845,-0.0001,0.0012,-0.0601,0.0017,-0.0387,-0.0301,0.2797,0.0008,-0.0653,0.0154,-0.0350,0.0188,-0.0027,0.0000,-0.0597,0.0254,0.0137,-0.0666,0.0143,-0.0016,0.0003,-0.0590,-0.0285,-0.0111,-0.0623,0.0147,-0.0208,-0.0003,-1.0000,-1.0000,-1.0000,-1.0000,-1.0000,-1.0000,-1.0000,-1.0000,-1.0000,-1.0000,-1.0000,-1.0000,-1.0000,-1.0000,-1.0000,-1.0000,-1.0000,-1.0000,-1.0000,-1.0000,-1.0000,-1.0000,-1.0000,-1.0000,-1.0000,-1.0000,-1.0000,-1.0000,-1.0000,-1.0000,-1.0000,-1.0000,-1.0000,-1.0000,-1.0000,-1.0000,-1.0000,-1.0000,-1.0000,-1.0000,-1.0000,-1.0000,-1.0000,-1.0000,-1.0000,-1.0000,-1.0000,-1.0000,-1.0000,-1.0000,-1.0000,-1.0000,-1.0000,-1.0000,-1.0000,-1.0000,-1.0000,-1.0000,-1.0000,-1.0000,-1.0000,-1.0000,-1.0000,-1.0000,0.9929,0.9532,0.9419,0.9305,0.9305,0.9072,0.8063,0.8755,0.8362,0.8362,0.8598,0.7987,0.7180,0.7098,0.7456,0.6935,0.7324,0.7458,0.7319,0.6595,0.6847,-1.0000,-1.0000,-1.0000,-1.0000,-1.0000,-1.0000,-1.0000,-1.0000,-1.0000,-1.0000,-1.0000,-1.0000,-1.0000,-1.0000,-1.0000,-1.0000,-1.0000,-1.0000,-1.0000,-1.0000,-1.0000,-1.0000,-1.0000,-1.0000,-1.0000,-1.0000,-1.0000,-1.0000,-1.0000,-1.0000,-1.0000,-1.0000,-1.0000,-1.0000,-1.0000,-1.0000,1.3461,1.3103,1.3416,1.3440,1.3295,1.3210,0.8091,0.8140,0.9762,0.9231,0.7742,1.0720,0.9838,0.9117,0.8347,1.0240,0.8738,0.9253,1.0431,1.0044,0.9652,0.9515,0.9416,0.9450,0.9162,0.8199,0.8897,0.8513,0.8492,0.8693,0.8138,0.7364,0.7280,0.7633,0.7123,0.7487,0.7635,0.7463,0.6769,0.7032,0.9130,1.0329,0.9929,0.9532,0.9419,0.9305,0.9305,0.9072,0.8063,0.8755,0.8362,0.8362,0.8598,0.7987,0.7180,0.7098,0.7456,0.6935,0.7324,0.7458,0.7319,0.6595,0.6847,0,0.6595,-3.8126,0.2856,-2.5528
107,0.2140,0.3256,-0.0244,0.4309,-3.8126,0.2856,-4.6521,0.0656,0.1921,0.0000,1.0267,0.9999,0.0001,0.0111,0.0001,-0.0001,-0.0199,-0.0003,-0.0083,0.0059,-0.0002,0.0001,-0.0198,-0.0003,-0.0082,0.0061,-0.0012,-0.0000,0.0444,0.0002,0.0005,0.0342,0.0018,0.0050,-0.0000,0.0444,0.0001,-0.0005,0.0343,0.0019,0.0026,0.0000,0.0147,-0.0007,-0.0008,-0.0072,0.0831,0.0002,0.0009,-0.0607,-0.0045,-0.0370,-0.0100,0.2784,0.0006,-0.0604,0.0115,-0.0367,-0.0130,-0.0483,-0.0008,-0.0666,0.0269,0.0127,-0.0598,0.0144,-0.0022,0.0003,-0.0670,-0.0268,-0.0116,-0.0592,0.0147,-0.0212,-0.0003,-1.0000,-1.0000,-1.0000,-1.0000,-1.0000,-1.0000,-1.0000,-1.0000,-1.0000,-1.0000,-1.0000,-1.0000,-1.0000,-1.0000,-1.0000,-1.0000,-1.0000,-1.0000,-1.0000,-1.0000,-1.0000,-1.0000,-1.0000,-1.0000,-1.0000,-1.0000,-1.0000,-1.0000,-1.0000,-1.0000,-1.0000,-1.0000,-1.0000,-1.0000,-1.0000,-1.0000,-1.0000,-1.0000,-1.0000,-1.0000,-1.0000,-1.0000,-1.0000,-1.0000,-1.0000,-1.0000,-1.0000,-1.0000,-1.0000,-1.0000,-1.0000,-1.0000,-1.0000,-1.0000,-1.0000,-1.0000,-1.0000,-1.0000,-1.0000,-1.0000,-1.0000,-1.0000,-1.0000,-1.0000,-1.0000,0.9616,0.9503,0.9379,0.9382,0.9154,0.8143,0.8828,0.8438,0.8432,0.8675,0.8058,0.7251,0.7182,0.7533,0.7009,0.7408,0.7529,0.7404,0.6676,0.6926,-1.0000,-1.0000,-1.0000,-1.0000,-1.0000,-1.0000,-1.0000,-1.0000,-1.0000,-1.0000,-1.0000,-1.0000,-1.0000,-1.0000,-1.0000,-1.0000,-1.0000,-1.0000,-1.0000,-1.0000,-1.0000,-1.0000,-1.0000,-1.0000,-1.0000,-1.0000,-1.0000,-1.0000,-1.0000,-1.0000,-1.0000,-1.0000,-1.0000,-1.0000,-1.0000,-1.0000,1.3549,1.3194,1.3503,1.3525,1.3385,1.3298,0.8157,0.8227,0.9850,0.9303,0.7827,1.0803,0.9910,0.9205,0.8416,1.0314,0.8824,0.9333,1.0514,1.0126,0.9733,0.9596,0.9486,0.9522,0.9241,0.8275,0.8966,0.8585,0.8558,0.8767,0.8205,0.7429,0.7358,0.7704,0.7191,0.7566,0.7701,0.7542,0.6844,0.7105,0.9214,1.0415,1.0014,0.9616,0.9503,0.9379,0.9382,0.9154,0.8143,0.8828,0.8438,0.8432,0.8675,0.8058,0.7251,0.7182,0.7533,0.7009,0.7408,0.7529,0.7404,0.6676,0.6926,0,0.6676,-3.8126,0.2856,-2.5528
108,0.2160,0.3179,-0.0238,0.4216,-3.8126,0.2856,-4.6717,0.0656,0.1921,0.0000,1.0267,0.9999,0.0001,0.0111,0.0001,-0.0001,-0.0200,-0.0002,-0.0083,0.0062,0.0003,0.0001,-0.0199,-0.0002,-0.0083,0.0060,-0.0014,-0.0000,0.0443,0.0002,0.0005,0.0341,0.0018,0.0050,-0.0000,0.0443,0.0001,-0.0005,0.0342,0.0019,0.0026,0.0000,0.0149,-0.0016,-0.0039,-0.0286,0.0798,-0.0019,-0.0004,-0.0763,0.0239,-0.0203,0.1514,0.2354,0.0016,-0.0527,0.0408,-0.0394,-0.0452,-0.1044,0.0034,-0.0787,0.0197,0.0154,-0.0721,0.0145,-0.0035,0.0003,-0.0741,-0.0342,-0.0086,-0.0565,0.0149,-0.0214,-0.0003,-1.0000,-1.0000,-1.0000,-1.0000,-1.0000,-1.0000,-1.0000,-1.0000,-1.0000,-1.0000,-1.0000,-1.0000,-1.0000,-1.0000,-1.0000,-1.0000,-1.0000,-1.0000,-1.0000,-1.0000,-1.0000,-1.0000,-1.0000,-1.0000,-1.0000,-1.0000,-1.0000,-1.0000,-1.0000,-1.0000,-1.0000,-1.0000,-1.0000,-1.0000,-1.0000,-1.0000,-1.0000,-1.0000,-1.0000,-1.0000,-1.0000,-1.0000,-1.0000,-1.0000,-1.0000,-1.0000,-1.0000,-1.0000,-1.0000,-1.0000,-1.0000,-1.0000,-1.0000,-1.0000,-1.0000,-1.0000,-1.0000,-1.0000,-1.0000,-1.0000,-1.0000,-1.0000,-1.0000,-1.0000,-1.0000,0.9702,0.9588,0.9454,0.9460,0.9236,0.8225,0.8903,0.8516,0.8504,0.8753,0.8131,0.7322,0.7267,0.7610,0.7085,0.7494,0.7602,0.7490,0.6758,0.7006,-1.0000,-1.0000,-1.0000,-1.0000,-1.0000,-1.0000,-1.0000,-1.0000,-1.0000,-1.0000,-1.0000,-1.0000,-1.0000,-1.0000,-1.0000,-1.0000,-1.0000,-1.0000,-1.0000,-1.0000,-1.0000,-1.0000,-1.0000,-1.0000,-1.0000,-1.0000,-1.0000,-1.0000,-1.0000,-1.0000,-1.0000,-1.0000,-1.0000,-1.0000,-1.0000,-1.0000,1.3638,1.3287,1.3591,1.3611,1.3476,1.3386,0.8226,0.8315,0.9938,0.9376,0.7914,1.0887,0.9984,0.9293,0.8486,1.0389,0.8912,0.9414,1.0598,1.0209,0.9815,0.9678,0.9558,0.9596,0.9321,0.8352,0.9036,0.8658,0.8626,0.8843,0.8273,0.7495,0.7437,0.7776,0.7261,0.7647,0.7769,0.7624,0.6920,0.7180,0.9299,1.0502,1.0101,0.9702,0.9588,0.9454,0.9460,0.9236,0.8225,0.8903,0.8516,0.8504,0.8753,0.8131,0.7322,0.7267,0.7610,0.7085,0.7494,0.7602,0.7490,0.6758,0.7006,0,0.6758,-3.8126,0.2856,-2.5528
108,0.2160,0.3179,-0.0238,0.4216,-3.8126,0.2856,-4.6717,0.0656,0.1921,0.0000,1.0267,0.9999,0.0001,0.0111,0.0001,-0.0001,-0.0200,-0.0002,-0.0083,0.0062,0.0003,0.0001,-0.0199,-0.0002,-0.0083,0.0060,-0.0014,-0.0000,0.0443,0.0002,0.0005,0.0341,0.0018,0.0050,-0.0000,0.0443,0.0001,-0.0005,0.0342,0.0019,0.0026,0.0000,0.0149,-0.0016,-0.0039,-0.0286,0.0798,-0.0019,-0.0004,-0.0763,0.0239,-0.0203,0.1514,0.2354,0.0016,-0.0527,0.0408,-0.0394,-0.0452,-0.1044,0.0034,-0.0787,0.0197,0.0154,-0.0721,0.0145,-0.0035,0.0003,-0.0741,-0.0342,-0.0086,-0.0565,0.0149,-0.0214,-0.0003,-1.0000,-1.0000,-1.0000,-1.0000,-1.0000,-1.0000,-1.0000,-1.0000,-1.0000,-1.0000,-1.0000,-1.0000,-1.0000,-1.0000,-1.0000,-1.0000,-1.0000,-1.0000,-1.0000,-1.0000,-1.0000,-1.0000,-1.0000,-1.0000,-1.0000,-1.0000,-1.0000,-1.0000,-1.0000,-1.0000,-1.0000,-1.0000,-1.0000,-1.0000,-1.0000,-1.0000,-1.0000,-1.0000,-1.0000,-1.0000,-1.0000,-1.0000,-1.0000,-1.0000,-1.0000,-1.0000,-1.0000,-1.0000,-1.0000,-1.0000,-1.0000,-1.0000,-1.0000,-1.0000,-1.0000,-1.0000,-1.0000,-1.0000,-1.0000,-1.0000,-1.0000,-1.0000,-1.0000,-1.0000,-1.0000,0.9702,0.9588,0.9454,0.9460,0.9236,0.8225,0.8903,0.8516,0.8504,0.8753,0.8131,0.7322,0.7267,0.7610,0.7085,0.7494,0.7602,0.7490,0.6758,0.7006,-1.0000,-1.0000,-1.0000,-1.0000,-1.0000,-1.0000,-1.0000,-1.0000,-1.0000,-1.0000,-1.0000,-1.0000,-1.0000,-1.0000,-1.0000,-1.0000,-1.0000,-1.0000,-1.0000,-1.0000,-1.0000,-1.0000,-1.0000,-1.0000,-1.0000,-1.0000,-1.0000,-1.0000,-1.0000,-1.0000,-1.0000,-1.0000,-1.0000,-1.0000,-1.0000,-1.0000,1.3638,1.3287,1.3591,1.3611,1.3476,1.3386,0.8226,0.8315,0.9938,0.9376,0.7914,1.0887,0.9984,0.9293,0.8486,1.0389,0.8912,0.9414,1.0598,1.0209,0.9815,0.9678,0.9558,0.9596,0.9321,0.8352,0.9036,0.8658,0.8626,0.8843,0.8273,0.7495,0.7437,0.7776,0.7261,0.7647,0.7769,0.7624,0.6920,0.7180,0.9299,1.0502,1.0101,0.9702,0.9588,0.9454,0.9460,0.9236,0.8225,0.8903,0.8516,0.8504,0.8753,0.8131,0.7322,0.7267,0.7610,0.7085,0.7494,0.7602,0.7490,0.6758,0.7006,0,0.6758,-3.8126,0.2856,-2.5528
109,0.2180,0.3103,-0.0232,0.4122,-3.8126,0.2856,-4.6914,0.0656,0.1922,0.0000,1.0267,0.9999,0.0000,0.0112,0.0001,-0.0001,-0.0202,-0.0002,-0.0083,0.0064,0.0003,0.0001,-0.0200,-0.0001,-0.0083,0.0059,-0.0012,-0.0000,0.0441,0.0003,0.0005,0.0339,0.0019,0.0050,-0.0000,0.0441,-0.0000,-0.0005,0.0340,0.0019,0.0025,0.0000,0.0150,-0.0014,-0.0057,-0.0239,0.0774,-0.0015,0.0015,-0.0683,0.0275,-0.0231,0.0987,0.0365,0.0008,-0.0507,0.0256,-0.0376,-0.0432,0.0859,0.0024,-0.0869,0.0214,0.0143,-0.0726,0.0145,-0.0044,0.0003,-0.0835,-0.0325,-0.0092,-0.0610,0.0149,-0.0220,-0.0003,-1.0000,-1.0000,-1.0000,-1.0000,-1.0000,-1.0000,-1.0000,-1.0000,-1.0000,-1.0000,-1.0000,-1.0000,-1.0000,-1.0000,-1.0000,-1.0000,-1.0000,-1.0000,-1.0000,-1.0000,-1.0000,-1.0000,-1.0000,-1.0000,-1.0000,-1.0000,-1.0000,-1.0000,-1.0000,-1.0000,-1.0000,-1.0000,-1.0000,-1.0000,-1.0000,-1.0000,-1.0000,-1.0000,-1.0000,-1.0000,-1.0000,-1.0000,-1.0000,-1.0000,-1.0000,-1.0000,-1.0000,-1.0000,-1.0000,-1.0000,-1.0000,-1.0000,-1.0000,-1.0000,-1.0000,-1.0000,-1.0000,-1.0000,-1.0000,-1.0000,-1.0000,-1.0000,-1.0000,-1.0000,-1.0000,0.9789,0.9674,0.9530,0.9540,0.9320,0.8308,0.8979,0.8595,0.8578,0.8833,0.8205,0.7396,0.7353,0.7690,0.7163,0.7582,0.7677,0.7577,0.6841,0.7088,-1.0000,-1.0000,-1.0000,-1.0000,-1.0000,-1.0000,-1.0000,-1.0000,-1.0000,-1.0000,-1.0000,-1.0000,-1.0000,-1.0000,-1.0000,-1.0000,-1.0000,-1.0000,-1.0000,-1.0000,-1.0000,-1.0000,-1.0000,-1.0000,-1.0000,-1.0000,-1.0000,-1.0000,-1.0000,-1.0000,-1.0000,-1.0000,-1.0000,-1.0000,-1.0000,-1.0000,1.3728,1.3380,1.3680,1.3698,1.3568,1.3476,0.8296,0.8404,1.0028,0.9450,0.8002,1.0972,1.0059,0.9383,0.8558,1.0466,0.9001,0.9497,1.0683,1.0293,0.9898,0.9762,0.9631,0.9672,0.9402,0.8431,0.9107,0.8732,0.8696,0.8919,0.8342,0.7562,0.7517,0.7850,0.7332,0.7729,0.7838,0.7706,0.6998,0.7256,0.9385,1.0590,1.0188,0.9789,0.9674,0.9530,0.9540,0.9320,0.8308,0.8979,0.8595,0.8578,0.8833,0.8205,0.7396,0.7353,0.7690,0.7163,0.7582,0.7677,0.7577,0.6841,0.7088,0,0.6841,-3.8126,0.2856,-2.5528
109,0.2180,0.3103,-0.0232,0.4122,-3.8126,0.2856,-4.6914,0.0656,0.1922,0.0000,1.0267,0.9999,0.0000,0.0112,0.0001,-0.0001,-0.0202,-0.0002,-0.0083,0.0064,0.0003,0.0001,-0.0200,-0.0001,-0.0083,0.0059,-0.0012,-0.0000,0.0441,0.0003,0.0005,0.0339,0.0019,0.0050,-0.0000,0.0441,-0.0000,-0.0005,0.0340,0.0019,0.0025,0.0000,0.0150,-0.0014,-0.0057,-0.0239,0.0774,-0.0015,0.0015,-0.0683,0.0275,-0.0231,0.0987,0.0365,0.0008,-0.0507,0.0256,-0.0376,-0.0432,0.0859,0.0024,-0.0869,0.0214,0.0143,-0.0726,0.0145,-0.0044,0.0003,-0.0835,-0.0325,-0.0092,-0.0610,0.0149,-0.0220,-0.0003,-1.0000,-1.0000,-1.0000,-1.0000,-1.0000,-1.0000,-1.0000,-1.0000,-1.0000,-1.0000,-1.0000,-1.0000,-1.0000,-1.0000,-1.0000,-1.0000,-1.0000,-1.0000,-1.0000,-1.0000,-1.0000,-1.0000,-1.0000,-1.0000,-1.0000,-1.0000,-1.0000,-1.0000,-1.0000,-1.0000,-1.0000,-1.0000,-1.0000,-1.0000,-1.0000,-1.0000,-1.0000,-1.0000,-1.0000,-1.0000,-1.0000,-1.0000,-1.0000,-1.0000,-1.0000,-1.0000,-1.0000,-1.0000,-1.0000,-1.0000,-1.0000,-1.0000,-1.0000,-1.0000,-1.0000,-1.0000,-1.0000,-1.0000,-1.0000,-1.0000,-1.0000,-1.0000,-1.0000,-1.0000,-1.0000,0.9789,0.9674,0.9530,0.9540,0.9320,0.8308,0.8979,0.8595,0.8578,0.8833,0.8205,0.7396,0.7353,0.7690,0.7163,0.7582,0.7677,0.7577,0.6841,0.7088,-1.0000,-1.0000,-1.0000,-1.0000,-1.0000,-1.0000,-1.0000,-1.0000,-1.0000,-1.0000,-1.0000,-1.0000,-1.0000,-1.0000,-1.0000,-1.0000,-1.0000,-1.0000,-1.0000,-1.0000,-1.0000,-1.0000,-1.0000,-1.0000,-1.0000,-1.0000,-1.0000,-1.0000,-1.0000,-1.0000,-1.0000,-1.0000,-1.0000,-1.0000,-1.0000,-1.0000,1.3728,1.3380,1.3680,1.3698,1.3568,1.3476,0.8296,0.8404,1.0028,0.9450,0.8002,1.0972,1.0059,0.9383,0.8558,1.0466,0.9001,0.9497,1.0683,1.0293,0.9898,0.9762,0.9631,0.9672,0.9402,0.8431,0.9107,0.8732,0.8696,0.8919,0.8342,0.7562,0.7517,0.7850,0.7332,0.7729,0.7838,0.7706,0.6998,0.7256,0.9385,1.0590,1.0188,0.9789,0.9674,0.9530,0.9540,0.9320,0.8308,0.8979,0.8595,0.8578,0.8833,0.8205,0.7396,0.7353,0.7690,0.7163,0.7582,0.7677,0.7577,0.6841,0.7088,0,0.6841,-3.8126,0.2856,-2.5528
110,0.2200,0.3027,-0.0227,0.4028,-3.8126,0.2856,-4.7110,0.0656,0.1922,0.0000,1.0267,0.9999,0.0000,0.0113,0.0001,-0.0001,-0.0203,-0.0001,-0.0084,0.0065,0.0001,0.0001,-0.0201,-0.0001,-0.0084,0.0058,-0.0010,-0.0000,0.0439,0.0003,0.0005,0.0338,0.0019,0.0050,-0.0000,0.0439,-0.0001,-0.0006,0.0339,0.0020,0.0025,0.0000,0.0152,-0.0017,-0.0041,-0.0338,0.0757,-0.0021,0.0032,-0.0623,0.0476,-0.0247,0.0567,-0.1284,0.0008,-0.0509,0.0364,-0.0359,-0.0226,0.1137,0.0039,-0.0953,0.0176,0.0151,-0.0727,0.0146,-0.0053,0.0004,-0.0896,-0.0359,-0.0078,-0.0546,0.0150,-0.0221,-0.0003,-1.0000,-1.0000,-1.0000,-1.0000,-1.0000,-1.0000,-1.0000,-1.0000,-1.0000,-1.0000,-1.0000,-1.0000,-1.0000,-1.0000,-1.0000,-1.0000,-1.0000,-1.0000,-1.0000,-1.0000,-1.0000,-1.0000,-1.0000,-1.0000,-1.0000,-1.0000,-1.0000,-1.0000,-1.0000,-1.0000,-1.0000,-1.0000,-1.0000,-1.0000,-1.0000,-1.0000,-1.0000,-1.0000,-1.0000,-1.0000,-1.0000,-1.0000,-1.0000,-1.0000,-1.0000,-1.0000,-1.0000,-1.0000,-1.0000,-1.0000,-1.0000,-1.0000,-1.0000,-1.0000,-1.0000,-1.0000,-1.0000,-1.0000,-1.0000,-1.0000,-1.0000,-1.0000,-1.0000,-1.0000,-1.0000,0.9876,0.9762,0.9608,0.9621,0.9405,0.8392,0.9056,0.8675,0.8653,0.8914,0.8280,0.7471,0.7441,0.7770,0.7242,0.7670,0.7753,0.7666,0.6927,0.7172,-1.0000,-1.0000,-1.0000,-1.0000,-1.0000,-1.0000,-1.0000,-1.0000,-1.0000,-1.0000,-1.0000,-1.0000,-1.0000,-1.0000,-1.0000,-1.0000,-1.0000,-1.0000,-1.0000,-1.0000,-1.0000,-1.0000,-1.0000,-1.0000,-1.0000,-1.0000,-1.0000,-1.0000,-1.0000,-1.0000,-1.0000,-1.0000,-1.0000,-1.0000,-1.0000,-1.0000,1.3818,1.3474,1.3770,1.3785,1.3660,1.3566,0.8367,0.8494,1.0119,0.9526,0.8091,1.1058,1.0135,0.9474,0.8632,1.0544,0.9090,0.9580,1.0769,1.0378,0.9982,0.9846,0.9705,0.9748,0.9484,0.8511,0.9180,0.8808,0.8767,0.8997,0.8413,0.7632,0.7599,0.7925,0.7405,0.7812,0.7908,0.7790,0.7078,0.7333,0.9472,1.0679,1.0276,0.9876,0.9762,0.9608,0.9621,0.9405,0.8392,0.9056,0.8675,0.8653,0.8914,0.8280,0.7471,0.7441,0.7770,0.7242,0.7670,0.7753,0.7666,0.6927,0.7172,0,0.6927,-3.8126,0.2856,-2.5528
112,0.2240,0.2874,-0.0215,0.3838,-3.8126,0.2856,-4.7502,0.0656,0.1922,0.0000,1.0267,0.9999,-0.0001,0.0114,0.0001,-0.0001,-0.0205,0.0001,-0.0085,0.0065,-0.0012,0.0001,-0.0203,0.0001,-0.0085,0.0061,-0.0005,-0.0000,0.0435,0.0004,0.0006,0.0335,0.0020,0.0050,-0.0000,0.0435,-0.0002,-0.0006,0.0337,0.0020,0.0024,0.0000,0.0157,-0.0006,-0.0067,-0.0212,0.0704,-0.0008,0.0044,-0.0458,0.0439,-0.0310,-0.0382,-0.3837,-0.0013,-0.0661,0.0196,-0.0175,0.1496,0.1231,0.0009,-0.1099,0.0211,0.0122,-0.0702,0.0146,-0.0069,0.0004,-0.1075,-0.0320,-0.0097,-0.0631,0.0149,-0.0230,-0.0004,-1.0000,-1.0000,-1.0000,-1.0000,-1.0000,-1.0000,-1.0000,-1.0000,-1.0000,-1.0000,-1.0000,-1.0000,-1.0000,-1.0000,-1.0000,-1.0000,-1.0000,-1.0000,-1.0000,-1.0000,-1.0000,-1.0000,-1.0000,-1.0000,-1.0000,-1.0000,-1.0000,-1.0000,-1.0000,-1.0000,-1.0000,-1.0000,-1.0000,-1.0000,-1.0000,-1.0000,-1.0000,-1.0000,-1.0000,-1.0000,-1.0000,-1.0000,-1.0000,-1.0000,-1.0000,-1.0000,-1.0000,-1.0000,-1.0000,-1.0000,-1.0000,-1.0000,-1.0000,-1.0000,-1.0000,-1.0000,-1.0000,-1.0000,-1.0000,-1.0000,-1.0000,-1.0000,-1.0000,-1.0000,-1.0000,-1.0000,0.9940,0.9767,0.9786,0.9579,0.8564,0.9214,0.8840,0.8807,0.9080,0.8436,0.7626,0.7621,0.7936,0.7405,0.7852,0.7910,0.7847,0.7102,0.7344,-1.0000,-1.0000,-1.0000,-1.0000,-1.0000,-1.0000,-1.0000,-1.0000,-1.0000,-1.0000,-1.0000,-1.0000,-1.0000,-1.0000,-1.0000,-1.0000,-1.0000,-1.0000,-1.0000,-1.0000,-1.0000,-1.0000,-1.0000,-1.0000,-1.0000,-1.0000,-1.0000,-1.0000,-1.0000,-1.0000,-1.0000,-1.0000,-1.0000,-1.0000,-1.0000,-1.0000,1.4002,1.3665,1.3952,1.3963,1.3848,1.3749,0.8514,0.8679,1.0303,0.9681,0.8273,1.1233,1.0291,0.9660,0.8783,1.0703,0.9274,0.9751,1.0945,1.0551,1.0153,1.0019,0.9857,0.9905,0.9653,0.8674,0.9330,0.8964,0.8913,0.9157,0.8559,0.7775,0.7767,0.8079,0.7556,0.7983,0.8054,0.7963,0.7241,0.7493,0.9650,1.0861,1.0457,1.0055,0.9940,0.9767,0.9786,0.9579,0.8564,0.9214,0.8840,0.8807,0.9080,0.8436,0.7626,0.7621,0.7936,0.7405,0.7852,0.7910,0.7847,0.7102,0.7344,0,0.7102,-3.8126,0.2856,-2.5528
113,0.2260,0.2798,-0.0210,0.3743,-3.8126,0.2856,-4.7698,0.0656,0.1923,0.0000,1.0267,0.9999,-0.0001,0.0115,0.0001,-0.0001,-0.0206,0.0002,-0.0086,0.0063,-0.0021,0.0001,-0.0205,0.0001,-0.0085,0.0063,-0.0003,-0.0000,0.0432,0.0004,0.0006,0.0334,0.0020,0.0050,-0.0000,0.0433,-0.0003,-0.0006,0.0336,0.0021,0.0024,0.0000,0.0159,-0.0004,-0.0041,-0.0193,0.0694,-0.0004,0.0040,-0.0396,0.0428,-0.0343,-0.0806,-0.4091,-0.0012,-0.0594,0.0195,-0.0206,0.0988,0.0718,0.0003,-0.1159,0.0212,0.0114,-0.0642,0.0147,-0.0076,0.0004,-0.1140,-0.0312,-0.0099,-0.0590,0.0150,-0.0232,-0.0004,-1.0000,-1.0000,-1.0000,-1.0000,-1.0000,-1.0000,-1.0000,-1.0000,-1.0000,-1.0000,-1.0000,-1.0000,-1.0000,-1.0000,-1.0000,-1.0000,-1.0000,-1.0000,-1.0000,-1.0000,-1.0000,-1.0000,-1.0000,-1.0000,-1.0000,-1.0000,-1.0000,-1.0000,-1.0000,-1.0000,-1.0000,-1.0000,-1.0000,-1.0000,-1.0000,-1.0000,-1.0000,-1.0000,-1.0000,-1.0000,-1.0000,-1.0000,-1.0000,-1.0000,-1.0000,-1.0000,-1.0000,-1.0000,-1.0000,-1.0000,-1.0000,-1.0000,-1.0000,-1.0000,-1.0000,-1.0000,-1.0000,-1.0000,-1.0000,-1.0000,-1.0000,-1.0000,-1.0000,-1.0000,-1.0000,-1.0000,-1.0000,0.9848,0.9871,0.9668,0.8652,0.9295,0.8925,0.8886,0.9165,0.8516,0.7705,0.7712,0.8021,0.7488,0.7944,0.7991,0.7940,0.7191,0.7432,-1.0000,-1.0000,-1.0000,-1.0000,-1.0000,-1.0000,-1.0000,-1.0000,-1.0000,-1.0000,-1.0000,-1.0000,-1.0000,-1.0000,-1.0000,-1.0000,-1.0000,-1.0000,-1.0000,-1.0000,-1.0000,-1.0000,-1.0000,-1.0000,-1.0000,-1.0000,-1.0000,-1.0000,-1.0000,-1.0000,-1.0000,-1.0000,-1.0000,-1.0000,-1.0000,-1.0000,1.4095,1.3762,1.4044,1.4053,1.3943,1.3842,0.8590,0.8772,1.0397,0.9761,0.8365,1.1322,1.0371,0.9754,0.8860,1.0784,0.9367,0.9838,1.1034,1.0639,1.0241,1.0107,0.9935,0.9985,0.9738,0.8758,0.9407,0.9043,0.8988,0.9239,0.8634,0.7849,0.7853,0.8159,0.7634,0.8071,0.8129,0.8051,0.7325,0.7575,0.9741,1.0953,1.0548,1.0146,1.0031,0.9848,0.9871,0.9668,0.8652,0.9295,0.8925,0.8886,0.9165,0.8516,0.7705,0.7712,0.8021,0.7488,0.7944,0.7991,0.7940,0.7191,0.7432,0,0.7191,-3.8126,0.2856,-2.5528
113,0.2260,0.2798,-0.0210,0.3743,-3.8126,0.2856,-4.7698,0.0656,0.1923,0.0000,1.0267,0.9999,-0.0001,0.0115,0.0001,-0.0001,-0.0206,0.0002,-0.0086,0.0063,-0.0021,0.0001,-0.0205,0.0001,-0.0085,0.0063,-0.0003,-0.0000,0.0432,0.0004,0.0006,0.0334,0.0020,0.0050,-0.0000,0.0433,-0.0003,-0.0006,0.0336,0.0021,0.0024,0.0000,0.0159,-0.0004,-0.0041,-0.0193,0.0694,-0.0004,0.0040,-0.0396,0.0428,-0.0343,-0.0806,-0.4091,-0.0012,-0.0594,0.0195,-0.0206,0.0988,0.0718,0.0003,-0.1159,0.0212,0.0114,-0.0642,0.0147,-0.0076,0.0004,-0.1140,-0.0312,-0.0099,-0.0590,0.0150,-0.0232,-0.0004,-1.0000,-1.0000,-1.0000,-1.0000,-1.0000,-1.0000,-1.0000,-1.0000,-1.0000,-1.0000,-1.0000,-1.0000,-1.0000,-1.0000,-1.0000,-1.0000,-1.0000,-1.0000,-1.0000,-1.0000,-1.0000,-1.0000,-1.0000,-1.0000,-1.0000,-1.0000,-1.0000,-1.0000,-1.0000,-1.0000,-1.0000,-1.0000,-1.0000,-1.0000,-1.0000,-1.0000,-1.0000,-1.0000,-1.0000,-1.0000,-1.0000,-1.0000,-1.0000,-1.0000,-1.0000,-1.0000,-1.0000,-1.0000,-1.0000,-1.0000,-1.0000,-1.0000,-1.0000,-1.0000,-1.0000,-1.0000,-1.0000,-1.0000,-1.0000,-1.0000,-1.0000,-1.0000,-1.0000,-1.0000,-1.0000,-1.0000,-1.0000,0.9848,0.9871,0.9668,0.8652,0.9295,0.8925,0.8886,0.9165,0.8516,0.7705,0.7712,0.8021,0.7488,0.7944,0.7991,0.7940,0.7191,0.7432,-1.0000,-1.0000,-1.0000,-1.0000,-1.0000,-1.0000,-1.0000,-1.0000,-1.0000,-1.0000,-1.0000,-1.0000,-1.0000,-1.0000,-1.0000,-1.0000,-1.0000,-1.0000,-1.0000,-1.0000,-1.0000,-1.0000,-1.0000,-1.0000,-1.0000,-1.0000,-1.0000,-1.0000,-1.0000,-1.0000,-1.0000,-1.0000,-1.0000,-1.0000,-1.0000,-1.0000,1.4095,1.3762,1.4044,1.4053,1.3943,1.3842,0.8590,0.8772,1.0397,0.9761,0.8365,1.1322,1.0371,0.9754,0.8860,1.0784,0.9367,0.9838,1.1034,1.0639,1.0241,1.0107,0.9935,0.9985,0.9738,0.8758,0.9407,0.9043,0.8988,0.9239,0.8634,0.7849,0.7853,0.8159,0.7634,0.8071,0.8129,0.8051,0.7325,0.7575,0.9741,1.0953,1.0548,1.0146,1.0031,0.9848,0.9871,0.9668,0.8652,0.9295,0.8925,0.8886,0.9165,0.8516,0.7705,0.7712,0.8021,0.7488,0.7944,0.7991,0.7940,0.7191,0.7432,0,0.7191,-3.8126,0.2856,-2.5528
114,0.2280,0.2722,-0.0204,0.3647,-3.8126,0.2856,-4.7895,0.0656,0.1923,0.0000,1.0267,0.9999,-0.0001,0.0116,0.0001,-0.0001,-0.0206,0.0003,-0.0086,0.0061,-0.0029,0.0001,-0.0206,0.0001,-0.0086,0.0064,-0.0004,-0.0000,0.0430,0.0005,0.0006,0.0332,0.0020,0.0049,-0.0000,0.0431,-0.0003,-0.0006,0.0335,0.0021,0.0023,0.0000,0.0160,0.0001,-0.0026,-0.0144,0.0681,0.0001,0.0036,-0.0338,0.0379,-0.0371,-0.1171,-0.4337,-0.0007,-0.0521,0.0180,-0.0238,0.0446,-0.0291,-0.0009,-0.1218,0.0221,0.0102,-0.0592,0.0147,-0.0082,0.0004,-0.1210,-0.0298,-0.0104,-0.0580,0.0149,-0.0234,-0.0004,-1.0000,-1.0000,-1.0000,-1.0000,-1.0000,-1.0000,-1.0000,-1.0000,-1.0000,-1.0000,-1.0000,-1.0000,-1.0000,-1.0000,-1.0000,-1.0000,-1.0000,-1.0000,-1.0000,-1.0000,-1.0000,-1.0000,-1.0000,-1.0000,-1.0000,-1.0000,-1.0000,-1.0000,-1.0000,-1.0000,-1.0000,-1.0000,-1.0000,-1.0000,-1.0000,-1.0000,-1.0000,-1.0000,-1.0000,-1.0000,-1.0000,-1.0000,-1.0000,-1.0000,-1.0000,-1.0000,-1.0000,-1.0000,-1.0000,-1.0000,-1.0000,-1.0000,-1.0000,-1.0000,-1.0000,-1.0000,-1.0000,-1.0000,-1.0000,-1.0000,-1.0000,-1.0000,-1.0000,-1.0000,-1.0000,-1.0000,-1.0000,0.9930,0.9957,0.9757,0.8741,0.9377,0.9010,0.8966,0.9251,0.8597,0.7787,0.7805,0.8108,0.7573,0.8038,0.8073,0.8033,0.7282,0.7521,-1.0000,-1.0000,-1.0000,-1.0000,-1.0000,-1.0000,-1.0000,-1.0000,-1.0000,-1.0000,-1.0000,-1.0000,-1.0000,-1.0000,-1.0000,-1.0000,-1.0000,-1.0000,-1.0000,-1.0000,-1.0000,-1.0000,-1.0000,-1.0000,-1.0000,-1.0000,-1.0000,-1.0000,-1.0000,-1.0000,-1.0000,-1.0000,-1.0000,-1.0000,-1.0000,-1.0000,1.4189,1.3859,1.4138,1.4144,1.4039,1.3936,0.8667,0.8867,1.0492,0.9841,0.8459,1.1412,1.0452,0.9849,0.8939,1.0867,0.9461,0.9926,1.1124,1.0728,1.0329,1.0196,1.0015,1.0067,0.9826,0.8843,0.9485,0.9125,0.9065,0.9323,0.8711,0.7925,0.7940,0.8240,0.7713,0.8160,0.8206,0.8140,0.7411,0.7659,0.9832,1.1046,1.0641,1.0238,1.0123,0.9930,0.9957,0.9757,0.8741,0.9377,0.9010,0.8966,0.9251,0.8597,0.7787,0.7805,0.8108,0.7573,0.8038,0.8073,0.8033,0.7282,0.7521,0,0.7282,-3.8126,0.2856,-2.5528
114,0.2280,0.2722,-0.0204,0.3647,-3.8126,0.2856,-4.7895,0.0656,0.1923,0.0000,1.0267,0.9999,-0.0001,0.0116,0.0001,-0.0001,-0.0206,0.0003,-0.0086,0.0061,-0.0029,0.0001,-0.0206,0.0001,-0.0086,0.0064,-0.0004,-0.0000,0.0430,0.0005,0.0006,0.0332,0.0020,0.0049,-0.0000,0.0431,-0.0003,-0.0006,0.0335,0.0021,0.0023,0.0000,0.0160,0.0001,-0.0026,-0.0144,0.0681,0.0001,0.0036,-0.0338,0.0379,-0.0371,-0.1171,-0.4337,-0.0007,-0.0521,0.0180,-0.0238,0.0446,-0.0291,-0.0009,-0.1218,0.0221,0.0102,-0.0592,0.0147,-0.0082,0.0004,-0.1210,-0.0298,-0.0104,-0.0580,0.0149,-0.0234,-0.0004,-1.0000,-1.0000,-1.0000,-1.0000,-1.0000,-1.0000,-1.0000,-1.0000,-1.0000,-1.0000,-1.0000,-1.0000,-1.0000,-1.0000,-1.0000,-1.0000,-1.0000,-1.0000,-1.0000,-1.0000,-1.0000,-1.0000,-1.0000,-1.0000,-1.0000,-1.0000,-1.0000,-1.0000,-1.0000,-1.0000,-1.0000,-1.0000,-1.0000,-1.0000,-1.0000,-1.0000,-1.0000,-1.0000,-1.0000,-1.0000,-1.0000,-1.0000,-1.0000,-1.0000,-1.0000,-1.0000,-1.0000,-1.0000,-1.0000,-1.0000,-1.0000,-1.0000,-1.0000,-1.0000,-1.0000,-1.0000,-1.0000,-1.0000,-1.0000,-1.0000,-1.0000,-1.0000,-1.0000,-1.0000,-1.0000,-1.0000,-1.0000,0.9930,0.9957,0.9757,0.8741,0.9377,0.9010,0.8966,0.9251,0.8597,0.7787,0.7805,0.8108,0.7573,0.8038,0.8073,0.8033,0.7282,0.7521,-1.0000,-1.0000,-1.0000,-1.0000,-1.0000,-1.0000,-1.0000,-1.0000,-1.0000,-1.0000,-1.0000,-1.0000,-1.0000,-1.0000,-1.0000,-1.0000,-1.0000,-1.0000,-1.0000,-1.0000,-1.0000,-1.0000,-1.0000,-1.0000,-1.0000,-1.0000,-1.0000,-1.0000,-1.0000,-1.0000,-1.0000,-1.0000,-1.0000,-1.0000,-1.0000,-1.0000,1.4189,1.3859,1.4138,1.4144,1.4039,1.3936,0.8667,0.8867,1.0492,0.9841,0.8459,1.1412,1.0452,0.9849,0.8939,1.0867,0.9461,0.9926,1.1124,1.0728,1.0329,1.0196,1.0015,1.0067,0.9826,0.8843,0.9485,0.9125,0.9065,0.9323,0.8711,0.7925,0.7940,0.8240,0.7713,0.8160,0.8206,0.8140,0.7411,0.7659,0.9832,1.1046,1.0641,1.0238,1.0123,0.9930,0.9957,0.9757,0.8741,0.9377,0.9010,0.8966,0.9251,0.8597,0.7787,0.7805,0.8108,0.7573,0.8038,0.8073,0.8033,0.7282,0.7521,0,0.7282,-3.8126,0.2856,-2.5528
115,0.2300,0.2646,-0.0198,0.3551,-3.8126,0.2856,-4.8091,0.0656,0.1923,0.0000,1.0267,0.9999,-0.0001,0.0116,0.0001,-0.0001,-0.0207,0.0003,-0.0087,0.0059,-0.0036,0.0001,-0.0207,0.0002,-0.0086,0.0064,-0.0006,-0.0000,0.0428,0.0005,0.0007,0.0331,0.0021,0.0049,-0.0000,0.0428,-0.0004,-0.0007,0.0334,0.0021,0.0023,0.0000,0.0162,0.0007,-0.0000,-0.0035,0.0669,0.0010,0.0025,-0.0352,0.0187,-0.0353,-0.0882,-0.3172,-0.0005,-0.0458,0.0085,-0.0261,-0.0006,-0.1169,-0.0029,-0.1263,0.0253,0.0082,-0.0502,0.0147,-0.0087,0.0004,-0.1282,-0.0257,-0.0116,-0.0572,0.0149,-0.0237,-0.0005,-1.0000,-1.0000,-1.0000,-1.0000,-1.0000,-1.0000,-1.0000,-1.0000,-1.0000,-1.0000,-1.0000,-1.0000,-1.0000,-1.0000,-1.0000,-1.0000,-1.0000,-1.0000,-1.0000,-1.0000,-1.0000,-1.0000,-1.0000,-1.0000,-1.0000,-1.0000,-1.0000,-1.0000,-1.0000,-1.0000,-1.0000,-1.0000,-1.0000,-1.0000,-1.0000,-1.0000,-1.0000,-1.0000,-1.0000,-1.0000,-1.0000,-1.0000,-1.0000,-1.0000,-1.0000,-1.0000,-1.0000,-1.0000,-1.0000,-1.0000,-1.0000,-1.0000,-1.0000,-1.0000,-1.0000,-1.0000,-1.0000,-1.0000,-1.0000,-1.0000,-1.0000,-1.0000,-1.0000,-1.0000,-1.0000,-1.0000,-1.0000,-1.0000,-1.0000,0.9848,0.8831,0.9461,0.9097,0.9048,0.9338,0.8679,0.7869,0.7899,0.8195,0.7660,0.8133,0.8156,0.8128,0.7374,0.7611,-1.0000,-1.0000,-1.0000,-1.0000,-1.0000,-1.0000,-1.0000,-1.0000,-1.0000,-1.0000,-1.0000,-1.0000,-1.0000,-1.0000,-1.0000,-1.0000,-1.0000,-1.0000,-1.0000,-1.0000,-1.0000,-1.0000,-1.0000,-1.0000,-1.0000,-1.0000,-1.0000,-1.0000,-1.0000,-1.0000,-1.0000,-1.0000,-1.0000,-1.0000,-1.0000,-1.0000,1.4284,1.3957,1.4232,1.4236,1.4135,1.4030,0.8746,0.8963,1.0588,0.9924,0.8554,1.1503,1.0535,0.9945,0.9020,1.0951,0.9557,1.0015,1.1215,1.0819,1.0419,1.0286,1.0095,1.0149,0.9914,0.8930,0.9565,0.9207,0.9143,0.9407,0.8789,0.8002,0.8029,0.8323,0.7794,0.8250,0.8285,0.8231,0.7498,0.7744,0.9925,1.1140,1.0734,1.0331,1.0215,1.0014,1.0043,0.9848,0.8831,0.9461,0.9097,0.9048,0.9338,0.8679,0.7869,0.7899,0.8195,0.7660,0.8133,0.8156,0.8128,0.7374,0.7611,0,0.7374,-3.8126,0.2856,-2.5528
116,0.2320,0.2569,-0.0192,0.3454,-3.8126,0.2856,-4.8287,0.0656,0.1924,0.0000,1.0267,0.9999,-0.0001,0.0117,0.0001,-0.0001,-0.0208,0.0003,-0.0088,0.0058,-0.0040,0.0001,-0.0207,0.0002,-0.0087,0.0063,-0.0010,-0.0000,0.0425,0.0006,0.0007,0.0331,0.0021,0.0049,-0.0000,0.0425,-0.0004,-0.0007,0.0333,0.0021,0.0022,0.0000,0.0164,0.0012,0.0020,0.0062,0.0656,0.0017,0.0017,-0.0361,0.0017,-0.0335,-0.0638,-0.2172,-0.0004,-0.0401,0.0003,-0.0281,-0.0401,-0.1997,-0.0046,-0.1309,0.0280,0.0066,-0.0431,0.0147,-0.0092,0.0004,-0.1352,-0.0222,-0.0125,-0.0570,0.0148,-0.0239,-0.0005,-1.0000,-1.0000,-1.0000,-1.0000,-1.0000,-1.0000,-1.0000,-1.0000,-1.0000,-1.0000,-1.0000,-1.0000,-1.0000,-1.0000,-1.0000,-1.0000,-1.0000,-1.0000,-1.0000,-1.0000,-1.0000,-1.0000,-1.0000,-1.0000,-1.0000,-1.0000,-1.0000,-1.0000,-1.0000,-1.0000,-1.0000,-1.0000,-1.0000,-1.0000,-1.0000,-1.0000,-1.0000,-1.0000,-1.0000,-1.0000,-1.0000,-1.0000,-1.0000,-1.0000,-1.0000,-1.0000,-1.0000,-1.0000,-1.0000,-1.0000,-1.0000,-1.0000,-1.0000,-1.0000,-1.0000,-1.0000,-1.0000,-1.0000,-1.0000,-1.0000,-1.0000,-1.0000,-1.0000,-1.0000,-1.0000,-1.0000,-1.0000,-1.0000,-1.0000,0.9940,0.8923,0.9546,0.9185,0.9131,0.9426,0.8763,0.7953,0.7995,0.8284,0.7747,0.8229,0.8241,0.8224,0.7468,0.7703,-1.0000,-1.0000,-1.0000,-1.0000,-1.0000,-1.0000,-1.0000,-1.0000,-1.0000,-1.0000,-1.0000,-1.0000,-1.0000,-1.0000,-1.0000,-1.0000,-1.0000,-1.0000,-1.0000,-1.0000,-1.0000,-1.0000,-1.0000,-1.0000,-1.0000,-1.0000,-1.0000,-1.0000,-1.0000,-1.0000,-1.0000,-1.0000,-1.0000,-1.0000,-1.0000,-1.0000,1.4380,1.4057,1.4327,1.4329,1.4233,1.4126,0.8826,0.9061,1.0685,1.0007,0.8650,1.1596,1.0619,1.0043,0.9102,1.1036,0.9653,1.0106,1.1308,1.0910,1.0510,1.0377,1.0177,1.0234,1.0003,0.9017,0.9646,0.9291,0.9223,0.9493,0.8869,0.8081,0.8119,0.8407,0.7877,0.8341,0.8364,0.8323,0.7586,0.7830,1.0019,1.1236,1.0829,1.0426,1.0309,1.0099,1.0131,0.9940,0.8923,0.9546,0.9185,0.9131,0.9426,0.8763,0.7953,0.7995,0.8284,0.7747,0.8229,0.8241,0.8224,0.7468,0.7703,0,0.7468,-3.8126,0.2856,-2.5528
116,0.2320,0.2569,-0.0192,0.3454,-3.8126,0.2856,-4.8287,0.0656,0.1924,0.0000,1.0267,0.9999,-0.0001,0.0117,0.0001,-0.0001,-0.0208,0.0003,-0.0088,0.0058,-0.0040,0.0001,-0.0207,0.0002,-0.0087,0.0063,-0.0010,-0.0000,0.0425,0.0006,0.0007,0.0331,0.0021,0.0049,-0.0000,0.0425,-0.0004,-0.0007,0.0333,0.0021,0.0022,0.0000,0.0164,0.0012,0.0020,0.0062,0.0656,0.0017,0.0017,-0.0361,0.0017,-0.0335,-0.0638,-0.2172,-0.0004,-0.0401,0.0003,-0.0281,-0.0401,-0.1997,-0.0046,-0.1309,0.0280,0.0066,-0.0431,0.0147,-0.0092,0.0004,-0.1352,-0.0222,-0.0125,-0.0570,0.0148,-0.0239,-0.0005,-1.0000,-1.0000,-1.0000,-1.0000,-1.0000,-1.0000,-1.0000,-1.0000,-1.0000,-1.0000,-1.0000,-1.0000,-1.0000,-1.0000,-1.0000,-1.0000,-1.0000,-1.0000,-1.0000,-1.0000,-1.0000,-1.0000,-1.0000,-1.0000,-1.0000,-1.0000,-1.0000,-1.0000,-1.0000,-1.0000,-1.0000,-1.0000,-1.0000,-1.0000,-1.0000,-1.0000,-1.0000,-1.0000,-1.0000,-1.0000,-1.0000,-1.0000,-1.0000,-1.0000,-1.0000,-1.0000,-1.0000,-1.0000,-1.0000,-1.0000,-1.0000,-1.0000,-1.0000,-1.0000,-1.0000,-1.0000,-1.0000,-1.0000,-1.0000,-1.0000,-1.0000,-1.0000,-1.0000,-1.0000,-1.0000,-1.0000,-1.0000,-1.0000,-1.0000,0.9940,0.8923,0.9546,0.9185,0.9131,0.9426,0.8763,0.7953,0.7995,0.8284,0.7747,0.8229,0.8241,0.8224,0.7468,0.7703,-1.0000,-1.0000,-1.0000,-1.0000,-1.0000,-1.0000,-1.0000,-1.0000,-1.0000,-1.0000,-1.0000,-1.0000,-1.0000,-1.0000,-1.0000,-1.0000,-1.0000,-1.0000,-1.0000,-1.0000,-1.0000,-1.0000,-1.0000,-1.0000,-1.0000,-1.0000,-1.0000,-1.0000,-1.0000,-1.0000,-1.0000,-1.0000,-1.0000,-1.0000,-1.0000,-1.0000,1.4380,1.4057,1.4327,1.4329,1.4233,1.4126,0.8826,0.9061,1.0685,1.0007,0.8650,1.1596,1.0619,1.0043,0.9102,1.1036,0.9653,1.0106,1.1308,1.0910,1.0510,1.0377,1.0177,1.0234,1.0003,0.9017,0.9646,0.9291,0.9223,0.9493,0.8869,0.8081,0.8119,0.8407,0.7877,0.8341,0.8364,0.8323,0.7586,0.7830,1.0019,1.1236,1.0829,1.0426,1.0309,1.0099,1.0131,0.9940,0.8923,0.9546,0.9185,0.9131,0.9426,0.8763,0.7953,0.7995,0.8284,0.7747,0.8229,0.8241,0.8224,0.7468,0.7703,0,0.7468,-3.8126,0.2856,-2.5528
117,0.2340,0.2493,-0.0187,0.3357,-3.8126,0.2856,-4.8483,0.0656,0.1924,0.0000,1.0267,0.9999,-0.0001,0.0118,0.0001,-0.0001,-0.0208,0.0003,-0.0088,0.0057,-0.0043,0.0001,-0.0208,0.0001,-0.0088,0.0062,-0.0015,-0.0000,0.0422,0.0006,0.0007,0.0330,0.0021,0.0049,-0.0000,0.0422,-0.0005,-0.0007,0.0331,0.0022,0.0022,0.0000,0.0166,0.0015,0.0042,0.0112,0.0643,0.0019,0.0012,-0.0368,-0.0085,-0.0316,-0.0435,-0.1336,-0.0006,-0.0351,-0.0042,-0.0298,-0.0714,-0.2313,-0.0052,-0.1358,0.0292,0.0056,-0.0375,0.0147,-0.0097,0.0004,-0.1413,-0.0201,-0.0126,-0.0547,0.0148,-0.0240,-0.0005,-1.0000,-1.0000,-1.0000,-1.0000,-1.0000,-1.0000,-1.0000,-1.0000,-1.0000,-1.0000,-1.0000,-1.0000,-1.0000,-1.0000,-1.0000,-1.0000,-1.0000,-1.0000,-1.0000,-1.0000,-1.0000,-1.0000,-1.0000,-1.0000,-1.0000,-1.0000,-1.0000,-1.0000,-1.0000,-1.0000,-1.0000,-1.0000,-1.0000,-1.0000,-1.0000,-1.0000,-1.0000,-1.0000,-1.0000,-1.0000,-1.0000,-1.0000,-1.0000,-1.0000,-1.0000,-1.0000,-1.0000,-1.0000,-1.0000,-1.0000,-1.0000,-1.0000,-1.0000,-1.0000,-1.0000,-1.0000,-1.0000,-1.0000,-1.0000,-1.0000,-1.0000,-1.0000,-1.0000,-1.0000,-1.0000,-1.0000,-1.0000,-1.0000,-1.0000,-1.0000,0.9016,0.9632,0.9274,0.9215,0.9516,0.8848,0.8038,0.8091,0.8374,0.7837,0.8326,0.8327,0.8321,0.7562,0.7796,-1.0000,-1.0000,-1.0000,-1.0000,-1.0000,-1.0000,-1.0000,-1.0000,-1.0000,-1.0000,-1.0000,-1.0000,-1.0000,-1.0000,-1.0000,-1.0000,-1.0000,-1.0000,-1.0000,-1.0000,-1.0000,-1.0000,-1.0000,-1.0000,-1.0000,-1.0000,-1.0000,-1.0000,-1.0000,-1.0000,-1.0000,-1.0000,-1.0000,-1.0000,-1.0000,-1.0000,1.4477,1.4156,1.4423,1.4423,1.4331,1.4222,0.8908,0.9159,1.0782,1.0092,0.8747,1.1689,1.0704,1.0141,0.9185,1.1122,0.9751,1.0197,1.1401,1.1003,1.0602,1.0470,1.0260,1.0319,1.0094,0.9107,0.9728,0.9376,0.9303,0.9580,0.8950,0.8161,0.8211,0.8492,0.7961,0.8434,0.8446,0.8416,0.7676,0.7918,1.0114,1.1332,1.0924,1.0521,1.0404,1.0185,1.0220,1.0033,0.9016,0.9632,0.9274,0.9215,0.9516,0.8848,0.8038,0.8091,0.8374,0.7837,0.8326,0.8327,0.8321,0.7562,0.7796,0,0.7562,-3.8126,0.2856,-2.5528
117,0.2340,0.2493,-0.0187,0.3357,-3.8126,0.2856,-4.8483,0.0656,0.1924,0.0000,1.0267,0.9999,-0.0001,0.0118,0.0001,-0.0001,-0.0208,0.0003,-0.0088,0.0057,-0.0043,0.0001,-0.0208,0.0001,-0.0088,0.0062,-0.0015,-0.0000,0.0422,0.0006,0.0007,0.0330,0.0021,0.0049,-0.0000,0.0422,-0.0005,-0.0007,0.0331,0.0022,0.0022,0.0000,0.0166,0.0015,0.0042,0.0112,0.0643,0.0019,0.0012,-0.0368,-0.0085,-0.0316,-0.0435,-0.1336,-0.0006,-0.0351,-0.0042,-0.0298,-0.0714,-0.2313,-0.0052,-0.1358,0.0292,0.0056,-0.0375,0.0147,-0.0097,0.0004,-0.1413,-0.0201,-0.0126,-0.0547,0.0148,-0.0240,-0.0005,-1.0000,-1.0000,-1.0000,-1.0000,-1.0000,-1.0000,-1.0000,-1.0000,-1.0000,-1.0000,-1.0000,-1.0000,-1.0000,-1.0000,-1.0000,-1.0000,-1.0000,-1.0000,-1.0000,-1.0000,-1.0000,-1.0000,-1.0000,-1.0000,-1.0000,-1.0000,-1.0000,-1.0000,-1.0000,-1.0000,-1.0000,-1.0000,-1.0000,-1.0000,-1.0000,-1.0000,-1.0000,-1.0000,-1.0000,-1.0000,-1.0000,-1.0000,-1.0000,-1.0000,-1.0000,-1.0000,-1.0000,-1.0000,-1.0000,-1.0000,-1.0000,-1.0000,-1.0000,-1.0000,-1.0000,-1.0000,-1.0000,-1.0000,-1.0000,-1.0000,-1.0000,-1.0000,-1.0000,-1.0000,-1.0000,-1.0000,-1.0000,-1.0000,-1.0000,-1.0000,0.9016,0.9632,0.9274,0.9215,0.9516,0.8848,0.8038,0.8091,0.8374,0.7837,0.8326,0.8327,0.8321,0.7562,0.7796,-1.0000,-1.0000,-1.0000,-1.0000,-1.0000,-1.0000,-1.0000,-1.0000,-1.0000,-1.0000,-1.0000,-1.0000,-1.0000,-1.0000,-1.0000,-1.0000,-1.0000,-1.0000,-1.0000,-1.0000,-1.0000,-1.0000,-1.0000,-1.0000,-1.0000,-1.0000,-1.0000,-1.0000,-1.0000,-1.0000,-1.0000,-1.0000,-1.0000,-1.0000,-1.0000,-1.0000,1.4477,1.4156,1.4423,1.4423,1.4331,1.4222,0.8908,0.9159,1.0782,1.0092,0.8747,1.1689,1.0704,1.0141,0.9185,1.1122,0.9751,1.0197,1.1401,1.1003,1.0602,1.0470,1.0260,1.0319,1.0094,0.9107,0.9728,0.9376,0.9303,0.9580,0.8950,0.8161,0.8211,0.8492,0.7961,0.8434,0.8446,0.8416,0.7676,0.7918,1.0114,1.1332,1.0924,1.0521,1.0404,1.0185,1.0220,1.0033,0.9016,0.9632,0.9274,0.9215,0.9516,0.8848,0.8038,0.8091,0.8374,0.7837,0.8326,0.8327,0.8321,0.7562,0.7796,0,0.7562,-3.8126,0.2856,-2.5528
118,0.2360,0.2417,-0.0181,0.3260,-3.8126,0.2856,-4.8679,0.0656,0.1924,0.0000,1.0267,0.9999,-0.0001,0.0118,0.0001,-0.0001,-0.0209,0.0003,-0.0089,0.0057,-0.0044,0.0001,-0.0209,0.0001,-0.0088,0.0060,-0.0020,-0.0000,0.0419,0.0007,0.0007,0.0329,0.0021,0.0049,-0.0000,0.0420,-0.0005,-0.0007,0.0330,0.0022,0.0021,0.0000,0.0169,0.0017,0.0059,0.0153,0.0629,0.0019,0.0009,-0.0371,-0.0171,-0.0297,-0.0266,-0.0626,-0.0008,-0.0306,-0.0077,-0.0312,-0.0985,-0.2615,-0.0056,-0.1408,0.0300,0.0049,-0.0332,0.0148,-0.0102,0.0004,-0.1472,-0.0184,-0.0126,-0.0530,0.0148,-0.0242,-0.0005,-1.0000,-1.0000,-1.0000,-1.0000,-1.0000,-1.0000,-1.0000,-1.0000,-1.0000,-1.0000,-1.0000,-1.0000,-1.0000,-1.0000,-1.0000,-1.0000,-1.0000,-1.0000,-1.0000,-1.0000,-1.0000,-1.0000,-1.0000,-1.0000,-1.0000,-1.0000,-1.0000,-1.0000,-1.0000,-1.0000,-1.0000,-1.0000,-1.0000,-1.0000,-1.0000,-1.0000,-1.0000,-1.0000,-1.0000,-1.0000,-1.0000,-1.0000,-1.0000,-1.0000,-1.0000,-1.0000,-1.0000,-1.0000,-1.0000,-1.0000,-1.0000,-1.0000,-1.0000,-1.0000,-1.0000,-1.0000,-1.0000,-1.0000,-1.0000,-1.0000,-1.0000,-1.0000,-1.0000,-1.0000,-1.0000,-1.0000,-1.0000,-1.0000,-1.0000,-1.0000,0.9109,0.9719,0.9365,0.9301,0.9607,0.8935,0.8125,0.8189,0.8466,0.7927,0.8424,0.8415,0.8420,0.7658,0.7890,-1.0000,-1.0000,-1.0000,-1.0000,-1.0000,-1.0000,-1.0000,-1.0000,-1.0000,-1.0000,-1.0000,-1.0000,-1.0000,-1.0000,-1.0000,-1.0000,-1.0000,-1.0000,-1.0000,-1.0000,-1.0000,-1.0000,-1.0000,-1.0000,-1.0000,-1.0000,-1.0000,-1.0000,-1.0000,-1.0000,-1.0000,-1.0000,-1.0000,-1.0000,-1.0000,-1.0000,1.4574,1.4257,1.4519,1.4518,1.4431,1.4319,0.8991,0.9258,1.0881,1.0178,0.8846,1.1783,1.0790,1.0240,0.9269,1.1209,0.9849,1.0290,1.1496,1.1096,1.0695,1.0563,1.0345,1.0405,1.0186,0.9197,0.9812,0.9463,0.9386,0.9668,0.9033,0.8243,0.8304,0.8579,0.8046,0.8528,0.8529,0.8510,0.7768,0.8008,1.0210,1.1429,1.1021,1.0617,1.0500,1.0272,1.0311,1.0127,0.9109,0.9719,0.9365,0.9301,0.9607,0.8935,0.8125,0.8189,0.8466,0.7927,0.8424,0.8415,0.8420,0.7658,0.7890,0,0.7658,-3.8126,0.2856,-2.5528
119,0.2380,0.2341,-0.0175,0.3162,-3.8126,0.2856,-4.8876,0.0656,0.1925,0.0000,1.0267,0.9999,-0.0001,0.0119,0.0001,-0.0001,-0.0210,0.0003,-0.0090,0.0056,-0.0044,0.0001,-0.0209,0.0001,-0.0089,0.0058,-0.0023,-0.0001,0.0416,0.0007,0.0007,0.0329,0.0022,0.0048,-0.0000,0.0417,-0.0005,-0.0008,0.0329,0.0022,0.0021,0.0000,0.0171,0.0015,0.0083,0.0131,0.0615,0.0016,0.0009,-0.0371,-0.0170,-0.0278,-0.0130,-0.0054,-0.0010,-0.0316,-0.0086,-0.0289,-0.0740,-0.1810,-0.0050,-0.1460,0.0290,0.0050,-0.0302,0.0148,-0.0108,0.0004,-0.1518,-0.0184,-0.0117,-0.0478,0.0149,-0.0241,-0.0005,-1.0000,-1.0000,-1.0000,-1.0000,-1.0000,-1.0000,-1.0000,-1.0000,-1.0000,-1.0000,-1.0000,-1.0000,-1.0000,-1.0000,-1.0000,-1.0000,-1.0000,-1.0000,-1.0000,-1.0000,-1.0000,-1.0000,-1.0000,-1.0000,-1.0000,-1.0000,-1.0000,-1.0000,-1.0000,-1.0000,-1.0000,-1.0000,-1.0000,-1.0000,-1.0000,-1.0000,-1.0000,-1.0000,-1.0000,-1.0000,-1.0000,-1.0000,-1.0000,-1.0000,-1.0000,-1.0000,-1.0000,-1.0000,-1.0000,-1.0000,-1.0000,-1.0000,-1.0000,-1.0000,-1.0000,-1.0000,-1.0000,-1.0000,-1.0000,-1.0000,-1.0000,-1.0000,-1.0000,-1.0000,-1.0000,-1.0000,-1.0000,-1.0000,-1.0000,-1.0000,0.9204,0.9807,0.9456,0.9388,0.9699,0.9022,0.8213,0.8288,0.8558,0.8019,0.8523,0.8503,0.8519,0.7756,0.7986,-1.0000,-1.0000,-1.0000,-1.0000,-1.0000,-1.0000,-1.0000,-1.0000,-1.0000,-1.0000,-1.0000,-1.0000,-1.0000,-1.0000,-1.0000,-1.0000,-1.0000,-1.0000,-1.0000,-1.0000,-1.0000,-1.0000,-1.0000,-1.0000,-1.0000,-1.0000,-1.0000,-1.0000,-1.0000,-1.0000,-1.0000,-1.0000,-1.0000,-1.0000,-1.0000,-1.0000,1.4673,1.4359,1.4617,1.4613,1.4531,1.4418,0.9076,0.9358,1.0981,1.0265,0.8945,1.1878,1.0877,1.0340,0.9355,1.1297,0.9949,1.0384,1.1591,1.1191,1.0789,1.0658,1.0431,1.0493,1.0279,0.9288,0.9896,0.9551,0.9469,0.9758,0.9117,0.8327,0.8398,0.8667,0.8133,0.8623,0.8613,0.8606,0.7860,0.8099,1.0307,1.1527,1.1119,1.0714,1.0597,1.0361,1.0402,1.0223,0.9204,0.9807,0.9456,0.9388,0.9699,0.9022,0.8213,0.8288,0.8558,0.8019,0.8523,0.8503,0.8519,0.7756,0.7986,0,0.7756,-3.8126,0.2856,-2.5528
119,0.2380,0.2341,-0.0175,0.3162,-3.8126,0.2856,-4.8876,0.0656,0.1925,0.0000,1.0267,0.9999,-0.0001,0.0119,0.0001,-0.0001,-0.0210,0.0003,-0.0090,0.0056,-0.0044,0.0001,-0.0209,0.0001,-0.0089,0.0058,-0.0023,-0.0001,0.0416,0.0007,0.0007,0.0329,0.0022,0.0048,-0.0000,0.0417,-0.0005,-0.0008,0.0329,0.0022,0.0021,0.0000,0.0171,0.0015,0.0083,0.0131,0.0615,0.0016,0.0009,-0.0371,-0.0170,-0.0278,-0.0130,-0.0054,-0.0010,-0.0316,-0.0086,-0.0289,-0.0740,-0.1810,-0.0050,-0.1460,0.0290,0.0050,-0.0302,0.0148,-0.0108,0.0004,-0.1518,-0.0184,-0.0117,-0.0478,0.0149,-0.0241,-0.0005,-1.0000,-1.0000,-1.0000,-1.0000,-1.0000,-1.0000,-1.0000,-1.0000,-1.0000,-1.0000,-1.0000,-1.0000,-1.0000,-1.0000,-1.0000,-1.0000,-1.0000,-1.0000,-1.0000,-1.0000,-1.0000,-1.0000,-1.0000,-1.0000,-1.0000,-1.0000,-1.0000,-1.0000,-1.0000,-1.0000,-1.0000,-1.0000,-1.0000,-1.0000,-1.0000,-1.0000,-1.0000,-1.0000,-1.0000,-1.0000,-1.0000,-1.0000,-1.0000,-1.0000,-1.0000,-1.0000,-1.0000,-1.0000,-1.0000,-1.0000,-1.0000,-1.0000,-1.0000,-1.0000,-1.0000,-1.0000,-1.0000,-1.0000,-1.0000,-1.0000,-1.0000,-1.0000,-1.0000,-1.0000,-1.0000,-1.0000,-1.0000,-1.0000,-1.0000,-1.0000,0.9204,0.9807,0.9456,0.9388,0.9699,0.9022,0.8213,0.8288,0.8558,0.8019,0.8523,0.8503,0.8519,0.7756,0.7986,-1.0000,-1.0000,-1.0000,-1.0000,-1.0000,-1.0000,-1.0000,-1.0000,-1.0000,-1.0000,-1.0000,-1.0000,-1.0000,-1.0000,-1.0000,-1.0000,-1.0000,-1.0000,-1.0000,-1.0000,-1.0000,-1.0000,-1.0000,-1.0000,-1.0000,-1.0000,-1.0000,-1.0000,-1.0000,-1.0000,-1.0000,-1.0000,-1.0000,-1.0000,-1.0000,-1.0000,1.4673,1.4359,1.4617,1.4613,1.4531,1.4418,0.9076,0.9358,1.0981,1.0265,0.8945,1.1878,1.0877,1.0340,0.9355,1.1297,0.9949,1.0384,1.1591,1.1191,1.0789,1.0658,1.0431,1.0493,1.0279,0.9288,0.9896,0.9551,0.9469,0.9758,0.9117,0.8327,0.8398,0.8667,0.8133,0.8623,0.8613,0.8606,0.7860,0.8099,1.0307,1.1527,1.1119,1.0714,1.0597,1.0361,1.0402,1.0223,0.9204,0.9807,0.9456,0.9388,0.9699,0.9022,0.8213,0.8288,0.8558,0.8019,0.8523,0.8503,0.8519,0.7756,0.7986,0,0.7756,-3.8126,0.2856,-2.5528
120,0.2400,0.2264,-0.0170,0.3064,-3.8126,0.2856,-4.9072,0.0656,0.1925,0.0000,1.0267,0.9999,-0.0000,0.0120,0.0001,-0.0001,-0.0211,0.0002,-0.0090,0.0056,-0.0043,0.0001,-0.0210,0.0001,-0.0089,0.0057,-0.0026,-0.0001,0.0413,0.0008,0.0007,0.0328,0.0022,0.0048,-0.0000,0.0413,-0.0006,-0.0008,0.0329,0.0023,0.0020,0.0000,0.0174,0.0012,0.0101,0.0111,0.0600,0.0013,0.0009,-0.0368,-0.0167,-0.0258,-0.0019,0.0428,-0.0012,-0.0322,-0.0093,-0.0268,-0.0535,-0.1121,-0.0043,-0.1511,0.0280,0.0051,-0.0281,0.0149,-0.0114,0.0004,-0.1563,-0.0183,-0.0108,-0.0438,0.0150,-0.0241,-0.0005,-1.0000,-1.0000,-1.0000,-1.0000,-1.0000,-1.0000,-1.0000,-1.0000,-1.0000,-1.0000,-1.0000,-1.0000,-1.0000,-1.0000,-1.0000,-1.0000,-1.0000,-1.0000,-1.0000,-1.0000,-1.0000,-1.0000,-1.0000,-1.0000,-1.0000,-1.0000,-1.0000,-1.0000,-1.0000,-1.0000,-1.0000,-1.0000,-1.0000,-1.0000,-1.0000,-1.0000,-1.0000,-1.0000,-1.0000,-1.0000,-1.0000,-1.0000,-1.0000,-1.0000,-1.0000,-1.0000,-1.0000,-1.0000,-1.0000,-1.0000,-1.0000,-1.0000,-1.0000,-1.0000,-1.0000,-1.0000,-1.0000,-1.0000,-1.0000,-1.0000,-1.0000,-1.0000,-1.0000,-1.0000,-1.0000,-1.0000,-1.0000,-1.0000,-1.0000,-1.0000,0.9301,0.9897,0.9549,0.9476,0.9792,0.9111,0.8303,0.8387,0.8652,0.8112,0.8624,0.8593,0.8619,0.7854,0.8083,-1.0000,-1.0000,-1.0000,-1.0000,-1.0000,-1.0000,-1.0000,-1.0000,-1.0000,-1.0000,-1.0000,-1.0000,-1.0000,-1.0000,-1.0000,-1.0000,-1.0000,-1.0000,-1.0000,-1.0000,-1.0000,-1.0000,-1.0000,-1.0000,-1.0000,-1.0000,-1.0000,-1.0000,-1.0000,-1.0000,-1.0000,-1.0000,-1.0000,-1.0000,-1.0000,-1.0000,1.4772,1.4461,1.4715,1.4710,1.4632,1.4517,0.9161,0.9459,1.1081,1.0353,0.9045,1.1974,1.0965,1.0441,0.9442,1.1387,1.0049,1.0479,1.1688,1.1287,1.0885,1.0753,1.0518,1.0582,1.0373,0.9381,0.9983,0.9640,0.9554,0.9849,0.9202,0.8412,0.8493,0.8756,0.8221,0.8719,0.8699,0.8703,0.7954,0.8191,1.0405,1.1626,1.1217,1.0812,1.0695,1.0450,1.0494,1.0319,0.9301,0.9897,0.9549,0.9476,0.9792,0.9111,0.8303,0.8387,0.8652,0.8112,0.8624,0.8593,0.8619,0.7854,0.8083,0,0.7854,-3.8126,0.2856,-2.5528
120,0.2400,0.2264,-0.0170,0.3064,-3.8126,0.2856,-4.9072,0.0656,0.1925,0.0000,1.0267,0.9999,-0.0000,0.0120,0.0001,-0.0001,-0.0211,0.0002,-0.0090,0.0056,-0.0043,0.0001,-0.0210,0.0001,-0.0089,0.0057,-0.0026,-0.0001,0.0413,0.0008,0.0007,0.0328,0.0022,0.0048,-0.0000,0.0413,-0.0006,-0.0008,0.0329,0.0023,0.0020,0.0000,0.0174,0.0012,0.0101,0.0111,0.0600,0.0013,0.0009,-0.0368,-0.0167,-0.0258,-0.0019,0.0428,-0.0012,-0.0322,-0.0093,-0.0268,-0.0535,-0.1121,-0.0043,-0.1511,0.0280,0.0051,-0.0281,0.0149,-0.0114,0.0004,-0.1563,-0.0183,-0.0108,-0.0438,0.0150,-0.0241,-0.0005,-1.0000,-1.0000,-1.0000,-1.0000,-1.0000,-1.0000,-1.0000,-1.0000,-1.0000,-1.0000,-1.0000,-1.0000,-1.0000,-1.0000,-1.0000,-1.0000,-1.0000,-1.0000,-1.0000,-1.0000,-1.0000,-1.0000,-1.0000,-1.0000,-1.0000,-1.0000,-1.0000,-1.0000,-1.0000,-1.0000,-1.0000,-1.0000,-1.0000,-1.0000,-1.0000,-1.0000,-1.0000,-1.0000,-1.0000,-1.0000,-1.0000,-1.0000,-1.0000,-1.0000,-1.0000,-1.0000,-1.0000,-1.0000,-1.0000,-1.0000,-1.0000,-1.0000,-1.0000,-1.0000,-1.0000,-1.0000,-1.0000,-1.0000,-1.0000,-1.0000,-1.0000,-1.0000,-1.0000,-1.0000,-1.0000,-1.0000,-1.0000,-1.0000,-1.0000,-1.0000,0.9301,0.9897,0.9549,0.9476,0.9792,0.9111,0.8303,0.8387,0.8652,0.8112,0.8624,0.8593,0.8619,0.7854,0.8083,-1.0000,-1.0000,-1.0000,-1.0000,-1.0000,-1.0000,-1.0000,-1.0000,-1.0000,-1.0000,-1.0000,-1.0000,-1.0000,-1.0000,-1.0000,-1.0000,-1.0000,-1.0000,-1.0000,-1.0000,-1.0000,-1.0000,-1.0000,-1.0000,-1.0000,-1.0000,-1.0000,-1.0000,-1.0000,-1.0000,-1.0000,-1.0000,-1.0000,-1.0000,-1.0000,-1.0000,1.4772,1.4461,1.4715,1.4710,1.4632,1.4517,0.9161,0.9459,1.1081,1.0353,0.9045,1.1974,1.0965,1.0441,0.9442,1.1387,1.0049,1.0479,1.1688,1.1287,1.0885,1.0753,1.0518,1.0582,1.0373,0.9381,0.9983,0.9640,0.9554,0.9849,0.9202,0.8412,0.8493,0.8756,0.8221,0.8719,0.8699,0.8703,0.7954,0.8191,1.0405,1.1626,1.1217,1.0812,1.0695,1.0450,1.0494,1.0319,0.9301,0.9897,0.9549,0.9476,0.9792,0.9111,0.8303,0.8387,0.8652,0.8112,0.8624,0.8593,0.8619,0.7854,0.8083,0,0.7854,-3.8126,0.2856,-2.5528
121,0.2420,0.2188,-0.0164,0.2965,-3.8126,0.2856,-4.9268,0.0656,0.1925,0.0000,1.0268,0.9999,-0.0000,0.0120,0.0001,-0.0001,-0.0211,0.0002,-0.0091,0.0056,-0.0042,0.0001,-0.0211,0.0001,-0.0090,0.0057,-0.0027,-0.0001,0.0410,0.0008,0.0007,0.0327,0.0022,0.0048,-0.0000,0.0410,-0.0006,-0.0008,0.0328,0.0023,0.0020,0.0000,0.0177,0.0010,0.0115,0.0094,0.0584,0.0010,0.0009,-0.0362,-0.0164,-0.0240,0.0072,0.0830,-0.0013,-0.0323,-0.0098,-0.0247,-0.0363,-0.0534,-0.0038,-0.1561,0.0270,0.0051,-0.0268,0.0150,-0.0120,0.0004,-0.1608,-0.0181,-0.0099,-0.0408,0.0150,-0.0241,-0.0005,-1.0000,-1.0000,-1.0000,-1.0000,-1.0000,-1.0000,-1.0000,-1.0000,-1.0000,-1.0000,-1.0000,-1.0000,-1.0000,-1.0000,-1.0000,-1.0000,-1.0000,-1.0000,-1.0000,-1.0000,-1.0000,-1.0000,-1.0000,-1.0000,-1.0000,-1.0000,-1.0000,-1.0000,-1.0000,-1.0000,-1.0000,-1.0000,-1.0000,-1.0000,-1.0000,-1.0000,-1.0000,-1.0000,-1.0000,-1.0000,-1.0000,-1.0000,-1.0000,-1.0000,-1.0000,-1.0000,-1.0000,-1.0000,-1.0000,-1.0000,-1.0000,-1.0000,-1.0000,-1.0000,-1.0000,-1.0000,-1.0000,-1.0000,-1.0000,-1.0000,-1.0000,-1.0000,-1.0000,-1.0000,-1.0000,-1.0000,-1.0000,-1.0000,-1.0000,-1.0000,0.9398,0.9988,0.9643,0.9565,0.9886,0.9202,0.8393,0.8488,0.8747,0.8206,0.8725,0.8685,0.8721,0.7953,0.8181,-1.0000,-1.0000,-1.0000,-1.0000,-1.0000,-1.0000,-1.0000,-1.0000,-1.0000,-1.0000,-1.0000,-1.0000,-1.0000,-1.0000,-1.0000,-1.0000,-1.0000,-1.0000,-1.0000,-1.0000,-1.0000,-1.0000,-1.0000,-1.0000,-1.0000,-1.0000,-1.0000,-1.0000,-1.0000,-1.0000,-1.0000,-1.0000,-1.0000,-1.0000,-1.0000,-1.0000,1.4872,1.4564,1.4815,1.4807,1.4733,1.4616,0.9248,0.9562,1.1183,1.0442,0.9147,1.2072,1.1055,1.0543,0.9531,1.1477,1.0151,1.0575,1.1785,1.1383,1.0981,1.0850,1.0606,1.0672,1.0468,0.9475,1.0070,0.9730,0.9641,0.9941,0.9289,0.8498,0.8589,0.8847,0.8311,0.8816,0.8786,0.8801,0.8050,0.8284,1.0504,1.1726,1.1317,1.0911,1.0794,1.0541,1.0588,1.0416,0.9398,0.9988,0.9643,0.9565,0.9886,0.9202,0.8393,0.8488,0.8747,0.8206,0.8725,0.8685,0.8721,0.7953,0.8181,0,0.7953,-3.8126,0.2856,-2.5528
122,0.2440,0.2112,-0.0158,0.2867,-3.8126,0.2856,-4.9464,0.0656,0.1926,0.0000,1.0268,0.9999,-0.0000,0.0121,0.0001,-0.0001,-0.0212,0.0002,-0.0091,0.0057,-0.0039,0.0001,-0.0211,0.0001,-0.0090,0.0056,-0.0027,-0.0001,0.0407,0.0009,0.0007,0.0327,0.0023,0.0048,-0.0000,0.0407,-0.0007,-0.0008,0.0327,0.0023,0.0019,0.0000,0.0179,0.0008,0.0125,0.0079,0.0567,0.0007,0.0009,-0.0353,-0.0161,-0.0221,0.0144,0.1163,-0.0013,-0.0321,-0.0102,-0.0227,-0.0221,-0.0036,-0.0033,-0.1610,0.0261,0.0051,-0.0262,0.0150,-0.0125,0.0004,-0.1652,-0.0178,-0.0091,-0.0386,0.0150,-0.0241,-0.0006,-1.0000,-1.0000,-1.0000,-1.0000,-1.0000,-1.0000,-1.0000,-1.0000,-1.0000,-1.0000,-1.0000,-1.0000,-1.0000,-1.0000,-1.0000,-1.0000,-1.0000,-1.0000,-1.0000,-1.0000,-1.0000,-1.0000,-1.0000,-1.0000,-1.0000,-1.0000,-1.0000,-1.0000,-1.0000,-1.0000,-1.0000,-1.0000,-1.0000,-1.0000,-1.0000,-1.0000,-1.0000,-1.0000,-1.0000,-1.0000,-1.0000,-1.0000,-1.0000,-1.0000,-1.0000,-1.0000,-1.0000,-1.0000,-1.0000,-1.0000,-1.0000,-1.0000,-1.0000,-1.0000,-1.0000,-1.0000,-1.0000,-1.0000,-1.0000,-1.0000,-1.0000,-1.0000,-1.0000,-1.0000,-1.0000,-1.0000,-1.0000,-1.0000,-1.0000,-1.0000,0.9496,-1.0000,0.9738,0.9656,0.9981,0.9293,0.8486,0.8590,0.8843,0.8302,0.8828,0.8777,0.8824,0.8054,0.8280,-1.0000,-1.0000,-1.0000,-1.0000,-1.0000,-1.0000,-1.0000,-1.0000,-1.0000,-1.0000,-1.0000,-1.0000,-1.0000,-1.0000,-1.0000,-1.0000,-1.0000,-1.0000,-1.0000,-1.0000,-1.0000,-1.0000,-1.0000,-1.0000,-1.0000,-1.0000,-1.0000,-1.0000,-1.0000,-1.0000,-1.0000,-1.0000,-1.0000,-1.0000,-1.0000,-1.0000,1.4973,1.4668,1.4915,1.4905,1.4836,1.4717,0.9337,0.9665,1.1285,1.0533,0.9249,1.2170,1.1145,1.0646,0.9620,1.1569,1.0253,1.0672,1.1884,1.1481,1.1078,1.0948,1.0695,1.0763,1.0564,0.9570,1.0159,0.9821,0.9728,1.0034,0.9376,0.8586,0.8687,0.8939,0.8402,0.8915,0.8874,0.8900,0.8146,0.8379,1.0604,1.1826,1.1417,1.1011,1.0894,1.0633,1.0682,1.0515,0.9496,1.0080,0.9738,0.9656,0.9981,0.9293,0.8486,0.8590,0.8843,0.8302,0.8828,0.8777,0.8824,0.8054,0.8280,0,0.8054,-3.8126,0.2856,-2.5528
122,0.2440,0.2112,-0.0158,0.2867,-3.8126,0.2856,-4.9464,0.0656,0.1926,0.0000,1.0268,0.9999,-0.0000,0.0121,0.0001,-0.0001,-0.0212,0.0002,-0.0091,0.0057,-0.0039,0.0001,-0.0211,0.0001,-0.0090,0.0056,-0.0027,-0.0001,0.0407,0.0009,0.0007,0.0327,0.0023,0.0048,-0.0000,0.0407,-0.0007,-0.0008,0.0327,0.0023,0.0019,0.0000,0.0179,0.0008,0.0125,0.0079,0.0567,0.0007,0.0009,-0.0353,-0.0161,-0.0221,0.0144,0.1163,-0.0013,-0.0321,-0.0102,-0.0227,-0.0221,-0.0036,-0.0033,-0.1610,0.0261,0.0051,-0.0262,0.0150,-0.0125,0.0004,-0.1652,-0.0178,-0.0091,-0.0386,0.0150,-0.0241,-0.0006,-1.0000,-1.0000,-1.0000,-1.0000,-1.0000,-1.0000,-1.0000,-1.0000,-1.0000,-1.0000,-1.0000,-1.0000,-1.0000,-1.0000,-1.0000,-1.0000,-1.0000,-1.0000,-1.0000,-1.0000,-1.0000,-1.0000,-1.0000,-1.0000,-1.0000,-1.0000,-1.0000,-1.0000,-1.0000,-1.0000,-1.0000,-1.0000,-1.0000,-1.0000,-1.0000,-1.0000,-1.0000,-1.0000,-1.0000,-1.0000,-1.0000,-1.0000,-1.0000,-1.0000,-1.0000,-1.0000,-1.0000,-1.0000,-1.0000,-1.0000,-1.0000,-1.0000,-1.0000,-1.0000,-1.0000,-1.0000,-1.0000,-1.0000,-1.0000,-1.0000,-1.0000,-1.0000,-1.0000,-1.0000,-1.0000,-1.0000,-1.0000,-1.0000,-1.0000,-1.0000,0.9496,-1.0000,0.9738,0.9656,0.9981,0.9293,0.8486,0.8590,0.8843,0.8302,0.8828,0.8777,0.8824,0.8054,0.8280,-1.0000,-1.0000,-1.0000,-1.0000,-1.0000,-1.0000,-1.0000,-1.0000,-1.0000,-1.0000,-1.0000,-1.0000,-1.0000,-1.0000,-1.0000,-1.0000,-1.0000,-1.0000,-1.0000,-1.0000,-1.0000,-1.0000,-1.0000,-1.0000,-1.0000,-1.0000,-1.0000,-1.0000,-1.0000,-1.0000,-1.0000,-1.0000,-1.0000,-1.0000,-1.0000,-1.0000,1.4973,1.4668,1.4915,1.4905,1.4836,1.4717,0.9337,0.9665,1.1285,1.0533,0.9249,1.2170,1.1145,1.0646,0.9620,1.1569,1.0253,1.0672,1.1884,1.1481,1.1078,1.0948,1.0695,1.0763,1.0564,0.9570,1.0159,0.9821,0.9728,1.0034,0.9376,0.8586,0.8687,0.8939,0.8402,0.8915,0.8874,0.8900,0.8146,0.8379,1.0604,1.1826,1.1417,1.1011,1.0894,1.0633,1.0682,1.0515,0.9496,1.0080,0.9738,0.9656,0.9981,0.9293,0.8486,0.8590,0.8843,0.8302,0.8828,0.8777,0.8824,0.8054,0.8280,0,0.8054,-3.8126,0.2856,-2.5528
123,0.2460,0.2036,-0.0152,0.2767,-3.8126,0.2856,-4.9660,0.0656,0.1926,0.0000,1.0268,0.9999,0.0000,0.0121,0.0002,-0.0001,-0.0213,0.0001,-0.0091,0.0057,-0.0036,0.0001,-0.0212,-0.0000,-0.0090,0.0059,-0.0027,-0.0001,0.0404,0.0010,0.0007,0.0326,0.0023,0.0047,-0.0000,0.0403,-0.0007,-0.0008,0.0326,0.0024,0.0019,0.0000,0.0183,0.0019,0.0086,0.0298,0.0532,0.0024,-0.0002,-0.0320,-0.0453,-0.0212,0.0219,0.1547,-0.0014,-0.0452,-0.0383,-0.0075,0.1166,0.0127,-0.0071,-0.1648,0.0331,0.0020,-0.0252,0.0149,-0.0131,0.0004,-0.1743,-0.0101,-0.0115,-0.0529,0.0148,-0.0247,-0.0006,-1.0000,-1.0000,-1.0000,-1.0000,-1.0000,-1.0000,-1.0000,-1.0000,-1.0000,-1.0000,-1.0000,-1.0000,-1.0000,-1.0000,-1.0000,-1.0000,-1.0000,-1.0000,-1.0000,-1.0000,-1.0000,-1.0000,-1.0000,-1.0000,-1.0000,-1.0000,-1.0000,-1.0000,-1.0000,-1.0000,-1.0000,-1.0000,-1.0000,-1.0000,-1.0000,-1.0000,-1.0000,-1.0000,-1.0000,-1.0000,-1.0000,-1.0000,-1.0000,-1.0000,-1.0000,-1.0000,-1.0000,-1.0000,-1.0000,-1.0000,-1.0000,-1.0000,-1.0000,-1.0000,-1.0000,-1.0000,-1.0000,-1.0000,-1.0000,-1.0000,-1.0000,-1.0000,-1.0000,-1.0000,-1.0000,-1.0000,-1.0000,-1.0000,-1.0000,-1.0000,0.9595,-1.0000,0.9834,0.9748,-1.0000,0.9386,0.8579,0.8694,0.8941,0.8398,0.8931,0.8871,0.8927,0.8156,0.8380,-1.0000,-1.0000,-1.0000,-1.0000,-1.0000,-1.0000,-1.0000,-1.0000,-1.0000,-1.0000,-1.0000,-1.0000,-1.0000,-1.0000,-1.0000,-1.0000,-1.0000,-1.0000,-1.0000,-1.0000,-1.0000,-1.0000,-1.0000,-1.0000,-1.0000,-1.0000,-1.0000,-1.0000,-1.0000,-1.0000,-1.0000,-1.0000,-1.0000,-1.0000,-1.0000,-1.0000,1.5074,1.4773,1.5015,1.5004,1.4939,1.4818,0.9426,0.9769,1.1389,1.0625,0.9353,1.2269,1.1237,1.0750,0.9711,1.1662,1.0356,1.0770,1.1983,1.1580,1.1176,1.1046,1.0785,1.0855,1.0661,0.9666,1.0248,0.9914,0.9817,1.0128,0.9466,0.8674,0.8786,0.9032,0.8494,0.9015,0.8964,0.9000,0.8244,0.8474,1.0705,1.1928,1.1518,1.1112,1.0995,1.0726,1.0778,1.0614,0.9595,1.0173,0.9834,0.9748,1.0078,0.9386,0.8579,0.8694,0.8941,0.8398,0.8931,0.8871,0.8927,0.8156,0.8380,0,0.8156,-3.8126,0.2856,-2.5528
123,0.2460,0.2036,-0.0152,0.2767,-3.8126,0.2856,-4.9660,0.0656,0.1926,0.0000,1.0268,0.9999,0.0000,0.0121,0.0002,-0.0001,-0.0213,0.0001,-0.0091,0.0057,-0.0036,0.0001,-0.0212,-0.0000,-0.0090,0.0059,-0.0027,-0.0001,0.0404,0.0010,0.0007,0.0326,0.0023,0.0047,-0.0000,0.0403,-0.0007,-0.0008,0.0326,0.0024,0.0019,0.0000,0.0183,0.0019,0.0086,0.0298,0.0532,0.0024,-0.0002,-0.0320,-0.0453,-0.0212,0.0219,0.1547,-0.0014,-0.0452,-0.0383,-0.0075,0.1166,0.0127,-0.0071,-0.1648,0.0331,0.0020,-0.0252,0.0149,-0.0131,0.0004,-0.1743,-0.0101,-0.0115,-0.0529,0.0148,-0.0247,-0.0006,-1.0000,-1.0000,-1.0000,-1.0000,-1.0000,-1.0000,-1.0000,-1.0000,-1.0000,-1.0000,-1.0000,-1.0000,-1.0000,-1.0000,-1.0000,-1.0000,-1.0000,-1.0000,-1.0000,-1.0000,-1.0000,-1.0000,-1.0000,-1.0000,-1.0000,-1.0000,-1.0000,-1.0000,-1.0000,-1.0000,-1.0000,-1.0000,-1.0000,-1.0000,-1.0000,-1.0000,-1.0000,-1.0000,-1.0000,-1.0000,-1.0000,-1.0000,-1.0000,-1.0000,-1.0000,-1.0000,-1.0000,-1.0000,-1.0000,-1.0000,-1.0000,-1.0000,-1.0000,-1.0000,-1.0000,-1.0000,-1.0000,-1.0000,-1.0000,-1.0000,-1.0000,-1.0000,-1.0000,-1.0000,-1.0000,-1.0000,-1.0000,-1.0000,-1.0000,-1.0000,0.9595,-1.0000,0.9834,0.9748,-1.0000,0.9386,0.8579,0.8694,0.8941,0.8398,0.8931,0.8871,0.8927,0.8156,0.8380,-1.0000,-1.0000,-1.0000,-1.0000,-1.0000,-1.0000,-1.0000,-1.0000,-1.0000,-1.0000,-1.0000,-1.0000,-1.0000,-1.0000,-1.0000,-1.0000,-1.0000,-1.0000,-1.0000,-1.0000,-1.0000,-1.0000,-1.0000,-1.0000,-1.0000,-1.0000,-1.0000,-1.0000,-1.0000,-1.0000,-1.0000,-1.0000,-1.0000,-1.0000,-1.0000,-1.0000,1.5074,1.4773,1.5015,1.5004,1.4939,1.4818,0.9426,0.9769,1.1389,1.0625,0.9353,1.2269,1.1237,1.0750,0.9711,1.1662,1.0356,1.0770,1.1983,1.1580,1.1176,1.1046,1.0785,1.0855,1.0661,0.9666,1.0248,0.9914,0.9817,1.0128,0.9466,0.8674,0.8786,0.9032,0.8494,0.9015,0.8964,0.9000,0.8244,0.8474,1.0705,1.1928,1.1518,1.1112,1.0995,1.0726,1.0778,1.0614,0.9595,1.0173,0.9834,0.9748,1.0078,0.9386,0.8579,0.8694,0.8941,0.8398,0.8931,0.8871,0.8927,0.8156,0.8380,0,0.8156,-3.8126,0.2856,-2.5528
124,0.2480,0.1959,-0.0147,0.2667,-3.8126,0.2856,-4.9857,0.0656,0.1927,0.0000,1.0268,0.9999,0.0000,0.0122,0.0002,-0.0001,-0.0213,-0.0000,-0.0092,0.0058,-0.0033,0.0001,-0.0213,-0.0001,-0.0091,0.0061,-0.0025,-0.0001,0.0400,0.0010,0.0007,0.0326,0.0023,0.0047,-0.0000,0.0400,-0.0007,-0.0009,0.0325,0.0024,0.0018,0.0000,0.0186,0.0015,0.0099,0.0250,0.0516,0.0020,-0.0001,-0.0309,-0.0401,-0.0194,0.0257,0.1742,-0.0014,-0.0416,-0.0343,-0.0080,0.1005,0.0566,-0.0059,-0.1695,0.0308,0.0026,-0.0254,0.0150,-0.0136,0.0004,-0.1776,-0.0110,-0.0100,-0.0487,0.0149,-0.0225,-0.0006,-1.0000,-1.0000,-1.0000,-1.0000,-1.0000,-1.0000,-1.0000,-1.0000,-1.0000,-1.0000,-1.0000,-1.0000,-1.0000,-1.0000,-1.0000,-1.0000,-1.0000,-1.0000,-1.0000,-1.0000,-1.0000,-1.0000,-1.0000,-1.0000,-1.0000,-1.0000,-1.0000,-1.0000,-1.0000,-1.0000,-1.0000,-1.0000,-1.0000,-1.0000,-1.0000,-1.0000,-1.0000,-1.0000,-1.0000,-1.0000,-1.0000,-1.0000,-1.0000,-1.0000,-1.0000,-1.0000,-1.0000,-1.0000,-1.0000,-1.0000,-1.0000,-1.0000,-1.0000,-1.0000,-1.0000,-1.0000,-1.0000,-1.0000,-1.0000,-1.0000,-1.0000,-1.0000,-1.0000,-1.0000,-1.0000,-1.0000,-1.0000,-1.0000,-1.0000,-1.0000,0.9696,-1.0000,0.9931,0.9840,-1.0000,0.9479,0.8673,0.8797,0.9039,0.8496,0.9036,0.8966,0.9032,0.8259,0.8481,-1.0000,-1.0000,-1.0000,-1.0000,-1.0000,-1.0000,-1.0000,-1.0000,-1.0000,-1.0000,-1.0000,-1.0000,-1.0000,-1.0000,-1.0000,-1.0000,-1.0000,-1.0000,-1.0000,-1.0000,-1.0000,-1.0000,-1.0000,-1.0000,-1.0000,-1.0000,-1.0000,-1.0000,-1.0000,-1.0000,-1.0000,-1.0000,-1.0000,-1.0000,-1.0000,-1.0000,1.5177,1.4878,1.5117,1.5104,1.5043,1.4920,0.9517,0.9874,1.1493,1.0717,0.9457,1.2368,1.1330,1.0855,0.9803,1.1755,1.0460,1.0869,1.2083,1.1679,1.1275,1.1146,1.0876,1.0948,1.0759,0.9763,1.0339,1.0007,0.9907,1.0223,0.9556,0.8765,0.8885,0.9127,0.8588,0.9115,0.9054,0.9101,0.8342,0.8571,1.0806,1.2031,1.1620,1.1214,1.1097,1.0820,1.0874,1.0714,0.9696,1.0267,0.9931,0.9840,1.0175,0.9479,0.8673,0.8797,0.9039,0.8496,0.9036,0.8966,0.9032,0.8259,0.8481,0,0.8259,-3.8126,0.2856,-2.5528
125,0.2500,0.1883,-0.0141,0.2567,-3.8126,0.2856,-5.0053,0.0656,0.1927,0.0000,1.0268,0.9999,0.0001,0.0122,0.0002,-0.0001,-0.0214,-0.0001,-0.0092,0.0058,-0.0029,0.0001,-0.0214,-0.0002,-0.0091,0.0062,-0.0021,-0.0001,0.0397,0.0011,0.0007,0.0325,0.0024,0.0047,-0.0000,0.0396,-0.0007,-0.0009,0.0324,0.0024,0.0018,0.0000,0.0189,0.0017,0.0081,0.0343,0.0493,0.0025,-0.0004,-0.0288,-0.0525,-0.0181,0.0296,0.1961,-0.0023,-0.0364,-0.0531,-0.0081,0.0698,0.2116,-0.0072,-0.1734,0.0337,0.0014,-0.0258,0.0149,-0.0142,0.0004,-0.1836,-0.0070,-0.0104,-0.0547,0.0148,-0.0207,-0.0006,-1.0000,-1.0000,-1.0000,-1.0000,-1.0000,-1.0000,-1.0000,-1.0000,-1.0000,-1.0000,-1.0000,-1.0000,-1.0000,-1.0000,-1.0000,-1.0000,-1.0000,-1.0000,-1.0000,-1.0000,-1.0000,-1.0000,-1.0000,-1.0000,-1.0000,-1.0000,-1.0000,-1.0000,-1.0000,-1.0000,-1.0000,-1.0000,-1.0000,-1.0000,-1.0000,-1.0000,-1.0000,-1.0000,-1.0000,-1.0000,-1.0000,-1.0000,-1.0000,-1.0000,-1.0000,-1.0000,-1.0000,-1.0000,-1.0000,-1.0000,-1.0000,-1.0000,-1.0000,-1.0000,-1.0000,-1.0000,-1.0000,-1.0000,-1.0000,-1.0000,-1.0000,-1.0000,-1.0000,-1.0000,-1.0000,-1.0000,-1.0000,-1.0000,-1.0000,-1.0000,0.9797,-1.0000,-1.0000,0.9934,-1.0000,0.9574,0.8769,0.8902,0.9138,0.8595,0.9141,0.9062,0.9137,0.8363,0.8584,-1.0000,-1.0000,-1.0000,-1.0000,-1.0000,-1.0000,-1.0000,-1.0000,-1.0000,-1.0000,-1.0000,-1.0000,-1.0000,-1.0000,-1.0000,-1.0000,-1.0000,-1.0000,-1.0000,-1.0000,-1.0000,-1.0000,-1.0000,-1.0000,-1.0000,-1.0000,-1.0000,-1.0000,-1.0000,-1.0000,-1.0000,-1.0000,-1.0000,-1.0000,-1.0000,-1.0000,1.5280,1.4984,1.5219,1.5205,1.5147,1.5023,0.9609,0.9980,1.1598,1.0811,0.9562,1.2469,1.1423,1.0960,0.9896,1.1850,1.0565,1.0969,1.2184,1.1779,1.1375,1.1246,1.0969,1.1043,1.0858,0.9862,1.0431,1.0102,0.9998,1.0319,0.9647,0.8856,0.8986,0.9222,0.8683,0.9217,0.9146,0.9203,0.8442,0.8669,1.0909,1.2134,1.1723,1.1317,1.1200,1.0915,1.0972,1.0815,0.9797,1.0362,1.0029,0.9934,1.0273,0.9574,0.8769,0.8902,0.9138,0.8595,0.9141,0.9062,0.9137,0.8363,0.8584,0,0.8363,-3.8126,0.2856,-2.5528
125,0.2500,0.1883,-0.0141,0.2567,-3.8126,0.2856,-5.0053,0.0656,0.1927,0.0000,1.0268,0.9999,0.0001,0.0122,0.0002,-0.0001,-0.0214,-0.0001,-0.0092,0.0058,-0.0029,0.0001,-0.0214,-0.0002,-0.0091,0.0062,-0.0021,-0.0001,0.0397,0.0011,0.0007,0.0325,0.0024,0.0047,-0.0000,0.0396,-0.0007,-0.0009,0.0324,0.0024,0.0018,0.0000,0.0189,0.0017,0.0081,0.0343,0.0493,0.0025,-0.0004,-0.0288,-0.0525,-0.0181,0.0296,0.1961,-0.0023,-0.0364,-0.0531,-0.0081,0.0698,0.2116,-0.0072,-0.1734,0.0337,0.0014,-0.0258,0.0149,-0.0142,0.0004,-0.1836,-0.0070,-0.0104,-0.0547,0.0148,-0.0207,-0.0006,-1.0000,-1.0000,-1.0000,-1.0000,-1.0000,-1.0000,-1.0000,-1.0000,-1.0000,-1.0000,-1.0000,-1.0000,-1.0000,-1.0000,-1.0000,-1.0000,-1.0000,-1.0000,-1.0000,-1.0000,-1.0000,-1.0000,-1.0000,-1.0000,-1.0000,-1.0000,-1.0000,-1.0000,-1.0000,-1.0000,-1.0000,-1.0000,-1.0000,-1.0000,-1.0000,-1.0000,-1.0000,-1.0000,-1.0000,-1.0000,-1.0000,-1.0000,-1.0000,-1.0000,-1.0000,-1.0000,-1.0000,-1.0000,-1.0000,-1.0000,-1.0000,-1.0000,-1.0000,-1.0000,-1.0000,-1.0000,-1.0000,-1.0000,-1.0000,-1.0000,-1.0000,-1.0000,-1.0000,-1.0000,-1.0000,-1.0000,-1.0000,-1.0000,-1.0000,-1.0000,0.9797,-1.0000,-1.0000,0.9934,-1.0000,0.9574,0.8769,0.8902,0.9138,0.8595,0.9141,0.9062,0.9137,0.8363,0.8584,-1.0000,-1.0000,-1.0000,-1.0000,-1.0000,-1.0000,-1.0000,-1.0000,-1.0000,-1.0000,-1.0000,-1.0000,-1.0000,-1.0000,-1.0000,-1.0000,-1.0000,-1.0000,-1.0000,-1.0000,-1.0000,-1.0000,-1.0000,-1.0000,-1.0000,-1.0000,-1.0000,-1.0000,-1.0000,-1.0000,-1.0000,-1.0000,-1.0000,-1.0000,-1.0000,-1.0000,1.5280,1.4984,1.5219,1.5205,1.5147,1.5023,0.9609,0.9980,1.1598,1.0811,0.9562,1.2469,1.1423,1.0960,0.9896,1.1850,1.0565,1.0969,1.2184,1.1779,1.1375,1.1246,1.0969,1.1043,1.0858,0.9862,1.0431,1.0102,0.9998,1.0319,0.9647,0.8856,0.8986,0.9222,0.8683,0.9217,0.9146,0.9203,0.8442,0.8669,1.0909,1.2134,1.1723,1.1317,1.1200,1.0915,1.0972,1.0815,0.9797,1.0362,1.0029,0.9934,1.0273,0.9574,0.8769,0.8902,0.9138,0.8595,0.9141,0.9062,0.9137,0.8363,0.8584,0,0.8363,-3.8126,0.2856,-2.5528
126,0.2520,0.1807,-0.0135,0.2467,-3.8126,0.2856,-5.0249,0.0656,0.1927,0.0001,1.0269,0.9999,0.0001,0.0123,0.0002,-0.0001,-0.0214,-0.0002,-0.0093,0.0059,-0.0024,0.0001,-0.0214,-0.0003,-0.0091,0.0063,-0.0014,-0.0001,0.0393,0.0012,0.0007,0.0325,0.0024,0.0047,-0.0000,0.0392,-0.0007,-0.0009,0.0323,0.0024,0.0018,0.0000,0.0192,0.0019,0.0062,0.0436,0.0470,0.0030,-0.0007,-0.0266,-0.0647,-0.0168,0.0324,0.2137,-0.0030,-0.0316,-0.0715,-0.0079,0.0440,0.3552,-0.0084,-0.1771,0.0366,0.0002,-0.0263,0.0149,-0.0147,0.0004,-0.1894,-0.0029,-0.0108,-0.0608,0.0147,-0.0189,-0.0006,-1.0000,-1.0000,-1.0000,-1.0000,-1.0000,-1.0000,-1.0000,-1.0000,-1.0000,-1.0000,-1.0000,-1.0000,-1.0000,-1.0000,-1.0000,-1.0000,-1.0000,-1.0000,-1.0000,-1.0000,-1.0000,-1.0000,-1.0000,-1.0000,-1.0000,-1.0000,-1.0000,-1.0000,-1.0000,-1.0000,-1.0000,-1.0000,-1.0000,-1.0000,-1.0000,-1.0000,-1.0000,-1.0000,-1.0000,-1.0000,-1.0000,-1.0000,-1.0000,-1.0000,-1.0000,-1.0000,-1.0000,-1.0000,-1.0000,-1.0000,-1.0000,-1.0000,-1.0000,-1.0000,-1.0000,-1.0000,-1.0000,-1.0000,-1.0000,-1.0000,-1.0000,-1.0000,-1.0000,-1.0000,-1.0000,-1.0000,-1.0000,-1.0000,-1.0000,-1.0000,0.9899,-1.0000,-1.0000,-1.0000,-1.0000,0.9670,0.8865,0.9008,0.9239,0.8695,0.9247,0.9159,0.9243,0.8467,0.8687,-1.0000,-1.0000,-1.0000,-1.0000,-1.0000,-1.0000,-1.0000,-1.0000,-1.0000,-1.0000,-1.0000,-1.0000,-1.0000,-1.0000,-1.0000,-1.0000,-1.0000,-1.0000,-1.0000,-1.0000,-1.0000,-1.0000,-1.0000,-1.0000,-1.0000,-1.0000,-1.0000,-1.0000,-1.0000,-1.0000,-1.0000,-1.0000,-1.0000,-1.0000,-1.0000,-1.0000,1.5384,1.5091,1.5322,1.5306,1.5253,1.5127,0.9702,1.0086,1.1703,1.0906,0.9668,1.2570,1.1518,1.1067,0.9990,1.1945,1.0671,1.1070,1.2286,1.1881,1.1476,1.1348,1.1062,1.1138,1.0959,0.9961,1.0524,1.0198,1.0090,1.0416,0.9740,0.8949,0.9088,0.9319,0.8779,0.9320,0.9240,0.9307,0.8543,0.8769,1.1013,1.2238,1.1827,1.1420,1.1303,1.1010,1.1070,1.0917,0.9899,1.0458,1.0128,1.0029,1.0373,0.9670,0.8865,0.9008,0.9239,0.8695,0.9247,0.9159,0.9243,0.8467,0.8687,0,0.8467,-3.8126,0.2856,-2.5528
126,0.2520,0.1807,-0.0135,0.2467,-3.8126,0.2856,-5.0249,0.0656,0.1927,0.0001,1.0269,0.9999,0.0001,0.0123,0.0002,-0.0001,-0.0214,-0.0002,-0.0093,0.0059,-0.0024,0.0001,-0.0214,-0.0003,-0.0091,0.0063,-0.0014,-0.0001,0.0393,0.0012,0.0007,0.0325,0.0024,0.0047,-0.0000,0.0392,-0.0007,-0.0009,0.0323,0.0024,0.0018,0.0000,0.0192,0.0019,0.0062,0.0436,0.0470,0.0030,-0.0007,-0.0266,-0.0647,-0.0168,0.0324,0.2137,-0.0030,-0.0316,-0.0715,-0.0079,0.0440,0.3552,-0.0084,-0.1771,0.0366,0.0002,-0.0263,0.0149,-0.0147,0.0004,-0.1894,-0.0029,-0.0108,-0.0608,0.0147,-0.0189,-0.0006,-1.0000,-1.0000,-1.0000,-1.0000,-1.0000,-1.0000,-1.0000,-1.0000,-1.0000,-1.0000,-1.0000,-1.0000,-1.0000,-1.0000,-1.0000,-1.0000,-1.0000,-1.0000,-1.0000,-1.0000,-1.0000,-1.0000,-1.0000,-1.0000,-1.0000,-1.0000,-1.0000,-1.0000,-1.0000,-1.0000,-1.0000,-1.0000,-1.0000,-1.0000,-1.0000,-1.0000,-1.0000,-1.0000,-1.0000,-1.0000,-1.0000,-1.0000,-1.0000,-1.0000,-1.0000,-1.0000,-1.0000,-1.0000,-1.0000,-1.0000,-1.0000,-1.0000,-1.0000,-1.0000,-1.0000,-1.0000,-1.0000,-1.0000,-1.0000,-1.0000,-1.0000,-1.0000,-1.0000,-1.0000,-1.0000,-1.0000,-1.0000,-1.0000,-1.0000,-1.0000,0.9899,-1.0000,-1.0000,-1.0000,-1.0000,0.9670,0.8865,0.9008,0.9239,0.8695,0.9247,0.9159,0.9243,0.8467,0.8687,-1.0000,-1.0000,-1.0000,-1.0000,-1.0000,-1.0000,-1.0000,-1.0000,-1.0000,-1.0000,-1.0000,-1.0000,-1.0000,-1.0000,-1.0000,-1.0000,-1.0000,-1.0000,-1.0000,-1.0000,-1.0000,-1.0000,-1.0000,-1.0000,-1.0000,-1.0000,-1.0000,-1.0000,-1.0000,-1.0000,-1.0000,-1.0000,-1.0000,-1.0000,-1.0000,-1.0000,1.5384,1.5091,1.5322,1.5306,1.5253,1.5127,0.9702,1.0086,1.1703,1.0906,0.9668,1.2570,1.1518,1.1067,0.9990,1.1945,1.0671,1.1070,1.2286,1.1881,1.1476,1.1348,1.1062,1.1138,1.0959,0.9961,1.0524,1.0198,1.0090,1.0416,0.9740,0.8949,0.9088,0.9319,0.8779,0.9320,0.9240,0.9307,0.8543,0.8769,1.1013,1.2238,1.1827,1.1420,1.1303,1.1010,1.1070,1.0917,0.9899,1.0458,1.0128,1.0029,1.0373,0.9670,0.8865,0.9008,0.9239,0.8695,0.9247,0.9159,0.9243,0.8467,0.8687,0,0.8467,-3.8126,0.2856,-2.5528
127,0.2540,0.1731,-0.0130,0.2366,-3.8126,0.2856,-5.0445,0.0656,0.1928,0.0001,1.0269,0.9999,0.0001,0.0123,0.0002,-0.0001,-0.0215,-0.0004,-0.0093,0.0060,-0.0020,0.0001,-0.0215,-0.0005,-0.0091,0.0063,-0.0008,-0.0001,0.0390,0.0012,0.0008,0.0324,0.0024,0.0046,-0.0000,0.0389,-0.0007,-0.0009,0.0321,0.0025,0.0017,0.0000,0.0196,0.0017,0.0069,0.0396,0.0455,0.0024,-0.0005,-0.0253,-0.0601,-0.0151,0.0331,0.2208,-0.0025,-0.0265,-0.0631,-0.0097,0.0161,0.2831,-0.0071,-0.1811,0.0340,0.0009,-0.0273,0.0149,-0.0153,0.0004,-0.1922,-0.0040,-0.0092,-0.0574,0.0148,-0.0168,-0.0006,-1.0000,-1.0000,-1.0000,-1.0000,-1.0000,-1.0000,-1.0000,-1.0000,-1.0000,-1.0000,-1.0000,-1.0000,-1.0000,-1.0000,-1.0000,-1.0000,-1.0000,-1.0000,-1.0000,-1.0000,-1.0000,-1.0000,-1.0000,-1.0000,-1.0000,-1.0000,-1.0000,-1.0000,-1.0000,-1.0000,-1.0000,-1.0000,-1.0000,-1.0000,-1.0000,-1.0000,-1.0000,-1.0000,-1.0000,-1.0000,-1.0000,-1.0000,-1.0000,-1.0000,-1.0000,-1.0000,-1.0000,-1.0000,-1.0000,-1.0000,-1.0000,-1.0000,-1.0000,-1.0000,-1.0000,-1.0000,-1.0000,-1.0000,-1.0000,-1.0000,-1.0000,-1.0000,-1.0000,-1.0000,-1.0000,-1.0000,-1.0000,-1.0000,-1.0000,-1.0000,-1.0000,-1.0000,-1.0000,-1.0000,-1.0000,0.9767,0.8963,0.9115,0.9340,0.8796,0.9354,0.9257,0.9350,0.8573,0.8791,-1.0000,-1.0000,-1.0000,-1.0000,-1.0000,-1.0000,-1.0000,-1.0000,-1.0000,-1.0000,-1.0000,-1.0000,-1.0000,-1.0000,-1.0000,-1.0000,-1.0000,-1.0000,-1.0000,-1.0000,-1.0000,-1.0000,-1.0000,-1.0000,-1.0000,-1.0000,-1.0000,-1.0000,-1.0000,-1.0000,-1.0000,-1.0000,-1.0000,-1.0000,-1.0000,-1.0000,1.5488,1.5198,1.5426,1.5408,1.5359,1.5231,0.9796,1.0194,1.1810,1.1002,0.9775,1.2673,1.1614,1.1174,1.0085,1.2042,1.0778,1.1171,1.2389,1.1983,1.1578,1.1450,1.1157,1.1234,1.1059,1.0061,1.0618,1.0295,1.0183,1.0515,0.9834,0.9043,0.9191,0.9416,0.8876,0.9423,0.9334,0.9411,0.8646,0.8869,1.1117,1.2343,1.1931,1.1525,1.1407,1.1107,1.1169,1.1020,1.0002,1.0555,1.0228,1.0125,1.0473,0.9767,0.8963,0.9115,0.9340,0.8796,0.9354,0.9257,0.9350,0.8573,0.8791,0,0.8573,-3.8126,0.2856,-2.5528
127,0.2540,0.1731,-0.0130,0.2366,-3.8126,0.2856,-5.0445,0.0656,0.1928,0.0001,1.0269,0.9999,0.0001,0.0123,0.0002,-0.0001,-0.0215,-0.0004,-0.0093,0.0060,-0.0020,0.0001,-0.0215,-0.0005,-0.0091,0.0063,-0.0008,-0.0001,0.0390,0.0012,0.0008,0.0324,0.0024,0.0046,-0.0000,0.0389,-0.0007,-0.0009,0.0321,0.0025,0.0017,0.0000,0.0196,0.0017,0.0069,0.0396,0.0455,0.0024,-0.0005,-0.0253,-0.0601,-0.0151,0.0331,0.2208,-0.0025,-0.0265,-0.0631,-0.0097,0.0161,0.2831,-0.0071,-0.1811,0.0340,0.0009,-0.0273,0.0149,-0.0153,0.0004,-0.1922,-0.0040,-0.0092,-0.0574,0.0148,-0.0168,-0.0006,-1.0000,-1.0000,-1.0000,-1.0000,-1.0000,-1.0000,-1.0000,-1.0000,-1.0000,-1.0000,-1.0000,-1.0000,-1.0000,-1.0000,-1.0000,-1.0000,-1.0000,-1.0000,-1.0000,-1.0000,-1.0000,-1.0000,-1.0000,-1.0000,-1.0000,-1.0000,-1.0000,-1.0000,-1.0000,-1.0000,-1.0000,-1.0000,-1.0000,-1.0000,-1.0000,-1.0000,-1.0000,-1.0000,-1.0000,-1.0000,-1.0000,-1.0000,-1.0000,-1.0000,-1.0000,-1.0000,-1.0000,-1.0000,-1.0000,-1.0000,-1.0000,-1.0000,-1.0000,-1.0000,-1.0000,-1.0000,-1.0000,-1.0000,-1.0000,-1.0000,-1.0000,-1.0000,-1.0000,-1.0000,-1.0000,-1.0000,-1.0000,-1.0000,-1.0000,-1.0000,-1.0000,-1.0000,-1.0000,-1.0000,-1.0000,0.9767,0.8963,0.9115,0.9340,0.8796,0.9354,0.9257,0.9350,0.8573,0.8791,-1.0000,-1.0000,-1.0000,-1.0000,-1.0000,-1.0000,-1.0000,-1.0000,-1.0000,-1.0000,-1.0000,-1.0000,-1.0000,-1.0000,-1.0000,-1.0000,-1.0000,-1.0000,-1.0000,-1.0000,-1.0000,-1.0000,-1.0000,-1.0000,-1.0000,-1.0000,-1.0000,-1.0000,-1.0000,-1.0000,-1.0000,-1.0000,-1.0000,-1.0000,-1.0000,-1.0000,1.5488,1.5198,1.5426,1.5408,1.5359,1.5231,0.9796,1.0194,1.1810,1.1002,0.9775,1.2673,1.1614,1.1174,1.0085,1.2042,1.0778,1.1171,1.2389,1.1983,1.1578,1.1450,1.1157,1.1234,1.1059,1.0061,1.0618,1.0295,1.0183,1.0515,0.9834,0.9043,0.9191,0.9416,0.8876,0.9423,0.9334,0.9411,0.8646,0.8869,1.1117,1.2343,1.1931,1.1525,1.1407,1.1107,1.1169,1.1020,1.0002,1.0555,1.0228,1.0125,1.0473,0.9767,0.8963,0.9115,0.9340,0.8796,0.9354,0.9257,0.9350,0.8573,0.8791,0,0.8573,-3.8126,0.2856,-2.5528
128,0.2560,0.1654,-0.0124,0.2265,-3.8126,0.2856,-5.0641,0.0656,0.1928,0.0001,1.0269,0.9999,0.0002,0.0124,0.0002,-0.0001,-0.0215,-0.0005,-0.0093,0.0060,-0.0016,0.0001,-0.0215,-0.0006,-0.0091,0.0063,-0.0004,-0.0002,0.0386,0.0013,0.0008,0.0324,0.0024,0.0046,-0.0000,0.0385,-0.0007,-0.0009,0.0320,0.0025,0.0017,0.0000,0.0199,0.0015,0.0074,0.0360,0.0439,0.0019,-0.0002,-0.0239,-0.0558,-0.0134,0.0331,0.2252,-0.0019,-0.0216,-0.0553,-0.0113,-0.0096,0.2139,-0.0059,-0.1850,0.0316,0.0014,-0.0285,0.0150,-0.0158,0.0004,-0.1949,-0.0050,-0.0078,-0.0547,0.0148,-0.0148,-0.0006,-1.0000,-1.0000,-1.0000,-1.0000,-1.0000,-1.0000,-1.0000,-1.0000,-1.0000,-1.0000,-1.0000,-1.0000,-1.0000,-1.0000,-1.0000,-1.0000,-1.0000,-1.0000,-1.0000,-1.0000,-1.0000,-1.0000,-1.0000,-1.0000,-1.0000,-1.0000,-1.0000,-1.0000,-1.0000,-1.0000,-1.0000,-1.0000,-1.0000,-1.0000,-1.0000,-1.0000,-1.0000,-1.0000,-1.0000,-1.0000,-1.0000,-1.0000,-1.0000,-1.0000,-1.0000,-1.0000,-1.0000,-1.0000,-1.0000,-1.0000,-1.0000,-1.0000,-1.0000,-1.0000,-1.0000,-1.0000,-1.0000,-1.0000,-1.0000,-1.0000,-1.0000,-1.0000,-1.0000,-1.0000,-1.0000,-1.0000,-1.0000,-1.0000,-1.0000,-1.0000,-1.0000,-1.0000,-1.0000,-1.0000,-1.0000,0.9865,0.9062,0.9222,0.9442,0.8898,0.9462,0.9356,0.9459,0.8680,0.8896,-1.0000,-1.0000,-1.0000,-1.0000,-1.0000,-1.0000,-1.0000,-1.0000,-1.0000,-1.0000,-1.0000,-1.0000,-1.0000,-1.0000,-1.0000,-1.0000,-1.0000,-1.0000,-1.0000,-1.0000,-1.0000,-1.0000,-1.0000,-1.0000,-1.0000,-1.0000,-1.0000,-1.0000,-1.0000,-1.0000,-1.0000,-1.0000,-1.0000,-1.0000,-1.0000,-1.0000,1.5593,1.5306,1.5531,1.5511,1.5465,1.5336,0.9891,1.0302,1.1917,1.1098,0.9883,1.2776,1.1710,1.1282,1.0181,1.2139,1.0885,1.1274,1.2492,1.2086,1.1681,1.1553,1.1252,1.1332,1.1161,1.0162,1.0713,1.0393,1.0277,1.0614,0.9929,0.9138,0.9295,0.9515,0.8974,0.9528,0.9430,0.9516,0.8749,0.8971,1.1222,1.2448,1.2037,1.1630,1.1512,1.1205,1.1269,1.1124,1.0106,1.0653,1.0329,1.0222,1.0574,0.9865,0.9062,0.9222,0.9442,0.8898,0.9462,0.9356,0.9459,0.8680,0.8896,0,0.8680,-3.8126,0.2856,-2.5528
129,0.2580,0.1578,-0.0118,0.2163,-3.8126,0.2856,-5.0838,0.0656,0.1929,0.0001,1.0269,0.9999,0.0002,0.0124,0.0002,-0.0001,-0.0216,-0.0006,-0.0093,0.0061,-0.0011,0.0001,-0.0216,-0.0007,-0.0092,0.0062,-0.0002,-0.0002,0.0382,0.0014,0.0008,0.0323,0.0025,0.0046,-0.0000,0.0381,-0.0007,-0.0009,0.0319,0.0025,0.0017,0.0000,0.0202,0.0015,0.0072,0.0356,0.0422,0.0017,-0.0001,-0.0224,-0.0555,-0.0118,0.0328,0.2288,-0.0010,-0.0157,-0.0495,-0.0134,-0.0428,0.1008,-0.0054,-0.1885,0.0301,0.0014,-0.0298,0.0150,-0.0163,0.0005,-0.1980,-0.0050,-0.0069,-0.0544,0.0148,-0.0129,-0.0006,-1.0000,-1.0000,-1.0000,-1.0000,-1.0000,-1.0000,-1.0000,-1.0000,-1.0000,-1.0000,-1.0000,-1.0000,-1.0000,-1.0000,-1.0000,-1.0000,-1.0000,-1.0000,-1.0000,-1.0000,-1.0000,-1.0000,-1.0000,-1.0000,-1.0000,-1.0000,-1.0000,-1.0000,-1.0000,-1.0000,-1.0000,-1.0000,-1.0000,-1.0000,-1.0000,-1.0000,-1.0000,-1.0000,-1.0000,-1.0000,-1.0000,-1.0000,-1.0000,-1.0000,-1.0000,-1.0000,-1.0000,-1.0000,-1.0000,-1.0000,-1.0000,-1.0000,-1.0000,-1.0000,-1.0000,-1.0000,-1.0000,-1.0000,-1.0000,-1.0000,-1.0000,-1.0000,-1.0000,-1.0000,-1.0000,-1.0000,-1.0000,-1.0000,-1.0000,-1.0000,-1.0000,-1.0000,-1.0000,-1.0000,-1.0000,0.9964,0.9162,0.9331,0.9546,0.9001,0.9571,0.9456,0.9568,0.8787,0.9002,-1.0000,-1.0000,-1.0000,-1.0000,-1.0000,-1.0000,-1.0000,-1.0000,-1.0000,-1.0000,-1.0000,-1.0000,-1.0000,-1.0000,-1.0000,-1.0000,-1.0000,-1.0000,-1.0000,-1.0000,-1.0000,-1.0000,-1.0000,-1.0000,-1.0000,-1.0000,-1.0000,-1.0000,-1.0000,-1.0000,-1.0000,-1.0000,-1.0000,-1.0000,-1.0000,-1.0000,1.5699,1.5415,1.5636,1.5614,1.5573,1.5442,0.9988,1.0411,1.2025,1.1196,0.9992,1.2880,1.1808,1.1390,1.0279,1.2237,1.0994,1.1378,1.2596,1.2190,1.1784,1.1657,1.1349,1.1430,1.1264,1.0265,1.0810,1.0492,1.0373,1.0714,1.0025,0.9234,0.9400,0.9615,0.9073,0.9634,0.9527,0.9622,0.8853,0.9073,1.1328,1.2555,1.2143,1.1736,1.1618,1.1304,1.1371,1.1228,1.0211,1.0752,1.0431,1.0320,1.0676,0.9964,0.9162,0.9331,0.9546,0.9001,0.9571,0.9456,0.9568,0.8787,0.9002,0,0.8787,-3.8126,0.2856,-2.5528
129,0.2580,0.1578,-0.0118,0.2163,-3.8126,0.2856,-5.0838,0.0656,0.1929,0.0001,1.0269,0.9999,0.0002,0.0124,0.0002,-0.0001,-0.0216,-0.0006,-0.0093,0.0061,-0.0011,0.0001,-0.0216,-0.0007,-0.0092,0.0062,-0.0002,-0.0002,0.0382,0.0014,0.0008,0.0323,0.0025,0.0046,-0.0000,0.0381,-0.0007,-0.0009,0.0319,0.0025,0.0017,0.0000,0.0202,0.0015,0.0072,0.0356,0.0422,0.0017,-0.0001,-0.0224,-0.0555,-0.0118,0.0328,0.2288,-0.0010,-0.0157,-0.0495,-0.0134,-0.0428,0.1008,-0.0054,-0.1885,0.0301,0.0014,-0.0298,0.0150,-0.0163,0.0005,-0.1980,-0.0050,-0.0069,-0.0544,0.0148,-0.0129,-0.0006,-1.0000,-1.0000,-1.0000,-1.0000,-1.0000,-1.0000,-1.0000,-1.0000,-1.0000,-1.0000,-1.0000,-1.0000,-1.0000,-1.0000,-1.0000,-1.0000,-1.0000,-1.0000,-1.0000,-1.0000,-1.0000,-1.0000,-1.0000,-1.0000,-1.0000,-1.0000,-1.0000,-1.0000,-1.0000,-1.0000,-1.0000,-1.0000,-1.0000,-1.0000,-1.0000,-1.0000,-1.0000,-1.0000,-1.0000,-1.0000,-1.0000,-1.0000,-1.0000,-1.0000,-1.0000,-1.0000,-1.0000,-1.0000,-1.0000,-1.0000,-1.0000,-1.0000,-1.0000,-1.0000,-1.0000,-1.0000,-1.0000,-1.0000,-1.0000,-1.0000,-1.0000,-1.0000,-1.0000,-1.0000,-1.0000,-1.0000,-1.0000,-1.0000,-1.0000,-1.0000,-1.0000,-1.0000,-1.0000,-1.0000,-1.0000,0.9964,0.9162,0.9331,0.9546,0.9001,0.9571,0.9456,0.9568,0.8787,0.9002,-1.0000,-1.0000,-1.0000,-1.0000,-1.0000,-1.0000,-1.0000,-1.0000,-1.0000,-1.0000,-1.0000,-1.0000,-1.0000,-1.0000,-1.0000,-1.0000,-1.0000,-1.0000,-1.0000,-1.0000,-1.0000,-1.0000,-1.0000,-1.0000,-1.0000,-1.0000,-1.0000,-1.0000,-1.0000,-1.0000,-1.0000,-1.0000,-1.0000,-1.0000,-1.0000,-1.0000,1.5699,1.5415,1.5636,1.5614,1.5573,1.5442,0.9988,1.0411,1.2025,1.1196,0.9992,1.2880,1.1808,1.1390,1.0279,1.2237,1.0994,1.1378,1.2596,1.2190,1.1784,1.1657,1.1349,1.1430,1.1264,1.0265,1.0810,1.0492,1.0373,1.0714,1.0025,0.9234,0.9400,0.9615,0.9073,0.9634,0.9527,0.9622,0.8853,0.9073,1.1328,1.2555,1.2143,1.1736,1.1618,1.1304,1.1371,1.1228,1.0211,1.0752,1.0431,1.0320,1.0676,0.9964,0.9162,0.9331,0.9546,0.9001,0.9571,0.9456,0.9568,0.8787,0.9002,0,0.8787,-3.8126,0.2856,-2.5528
130,0.2600,0.1502,-0.0112,0.2061,-3.8126,0.2856,-5.1034,0.0656,0.1929,0.0001,1.0269,0.9999,0.0003,0.0124,0.0002,-0.0001,-0.0216,-0.0007,-0.0094,0.0062,-0.0006,0.0001,-0.0216,-0.0008,-0.0092,0.0061,-0.0002,-0.0002,0.0378,0.0014,0.0008,0.0323,0.0025,0.0045,-0.0000,0.0377,-0.0008,-0.0010,0.0318,0.0026,0.0016,0.0000,0.0206,0.0016,0.0069,0.0354,0.0406,0.0014,0.0001,-0.0207,-0.0555,-0.0104,0.0321,0.2304,-0.0001,-0.0103,-0.0443,-0.0151,-0.0725,-0.0049,-0.0048,-0.1917,0.0286,0.0014,-0.0312,0.0151,-0.0168,0.0005,-0.2009,-0.0050,-0.0060,-0.0544,0.0149,-0.0111,-0.0007,-1.0000,-1.0000,-1.0000,-1.0000,-1.0000,-1.0000,-1.0000,-1.0000,-1.0000,-1.0000,-1.0000,-1.0000,-1.0000,-1.0000,-1.0000,-1.0000,-1.0000,-1.0000,-1.0000,-1.0000,-1.0000,-1.0000,-1.0000,-1.0000,-1.0000,-1.0000,-1.0000,-1.0000,-1.0000,-1.0000,-1.0000,-1.0000,-1.0000,-1.0000,-1.0000,-1.0000,-1.0000,-1.0000,-1.0000,-1.0000,-1.0000,-1.0000,-1.0000,-1.0000,-1.0000,-1.0000,-1.0000,-1.0000,-1.0000,-1.0000,-1.0000,-1.0000,-1.0000,-1.0000,-1.0000,-1.0000,-1.0000,-1.0000,-1.0000,-1.0000,-1.0000,-1.0000,-1.0000,-1.0000,-1.0000,-1.0000,-1.0000,-1.0000,-1.0000,-1.0000,-1.0000,-1.0000,-1.0000,-1.0000,-1.0000,-1.0000,0.9263,0.9440,0.9650,0.9105,0.9681,0.9557,0.9677,0.8896,0.9109,-1.0000,-1.0000,-1.0000,-1.0000,-1.0000,-1.0000,-1.0000,-1.0000,-1.0000,-1.0000,-1.0000,-1.0000,-1.0000,-1.0000,-1.0000,-1.0000,-1.0000,-1.0000,-1.0000,-1.0000,-1.0000,-1.0000,-1.0000,-1.0000,-1.0000,-1.0000,-1.0000,-1.0000,-1.0000,-1.0000,-1.0000,-1.0000,-1.0000,-1.0000,-1.0000,-1.0000,1.5806,1.5524,1.5742,1.5718,1.5681,1.5548,1.0085,1.0521,1.2134,1.1295,1.0101,1.2984,1.1907,1.1500,1.0377,1.2337,1.1103,1.1482,1.2702,1.2294,1.1889,1.1762,1.1446,1.1529,1.1368,1.0368,1.0907,1.0592,1.0469,1.0815,1.0122,0.9332,0.9506,0.9716,0.9174,0.9740,0.9624,0.9729,0.8958,0.9177,1.1435,1.2662,1.2250,1.1843,1.1725,1.1403,1.1473,1.1334,1.0317,1.0852,1.0534,1.0419,1.0779,1.0064,0.9263,0.9440,0.9650,0.9105,0.9681,0.9557,0.9677,0.8896,0.9109,0,0.8896,-3.8126,0.2856,-2.5528
130,0.2600,0.1502,-0.0112,0.2061,-3.8126,0.2856,-5.1034,0.0656,0.1929,0.0001,1.0269,0.9999,0.0003,0.0124,0.0002,-0.0001,-0.0216,-0.0007,-0.0094,0.0062,-0.0006,0.0001,-0.0216,-0.0008,-0.0092,0.0061,-0.0002,-0.0002,0.0378,0.0014,0.0008,0.0323,0.0025,0.0045,-0.0000,0.0377,-0.0008,-0.0010,0.0318,0.0026,0.0016,0.0000,0.0206,0.0016,0.0069,0.0354,0.0406,0.0014,0.0001,-0.0207,-0.0555,-0.0104,0.0321,0.2304,-0.0001,-0.0103,-0.0443,-0.0151,-0.0725,-0.0049,-0.0048,-0.1917,0.0286,0.0014,-0.0312,0.0151,-0.0168,0.0005,-0.2009,-0.0050,-0.0060,-0.0544,0.0149,-0.0111,-0.0007,-1.0000,-1.0000,-1.0000,-1.0000,-1.0000,-1.0000,-1.0000,-1.0000,-1.0000,-1.0000,-1.0000,-1.0000,-1.0000,-1.0000,-1.0000,-1.0000,-1.0000,-1.0000,-1.0000,-1.0000,-1.0000,-1.0000,-1.0000,-1.0000,-1.0000,-1.0000,-1.0000,-1.0000,-1.0000,-1.0000,-1.0000,-1.0000,-1.0000,-1.0000,-1.0000,-1.0000,-1.0000,-1.0000,-1.0000,-1.0000,-1.0000,-1.0000,-1.0000,-1.0000,-1.0000,-1.0000,-1.0000,-1.0000,-1.0000,-1.0000,-1.0000,-1.0000,-1.0000,-1.0000,-1.0000,-1.0000,-1.0000,-1.0000,-1.0000,-1.0000,-1.0000,-1.0000,-1.0000,-1.0000,-1.0000,-1.0000,-1.0000,-1.0000,-1.0000,-1.0000,-1.0000,-1.0000,-1.0000,-1.0000,-1.0000,-1.0000,0.9263,0.9440,0.9650,0.9105,0.9681,0.9557,0.9677,0.8896,0.9109,-1.0000,-1.0000,-1.0000,-1.0000,-1.0000,-1.0000,-1.0000,-1.0000,-1.0000,-1.0000,-1.0000,-1.0000,-1.0000,-1.0000,-1.0000,-1.0000,-1.0000,-1.0000,-1.0000,-1.0000,-1.0000,-1.0000,-1.0000,-1.0000,-1.0000,-1.0000,-1.0000,-1.0000,-1.0000,-1.0000,-1.0000,-1.0000,-1.0000,-1.0000,-1.0000,-1.0000,1.5806,1.5524,1.5742,1.5718,1.5681,1.5548,1.0085,1.0521,1.2134,1.1295,1.0101,1.2984,1.1907,1.1500,1.0377,1.2337,1.1103,1.1482,1.2702,1.2294,1.1889,1.1762,1.1446,1.1529,1.1368,1.0368,1.0907,1.0592,1.0469,1.0815,1.0122,0.9332,0.9506,0.9716,0.9174,0.9740,0.9624,0.9729,0.8958,0.9177,1.1435,1.2662,1.2250,1.1843,1.1725,1.1403,1.1473,1.1334,1.0317,1.0852,1.0534,1.0419,1.0779,1.0064,0.9263,0.9440,0.9650,0.9105,0.9681,0.9557,0.9677,0.8896,0.9109,0,0.8896,-3.8126,0.2856,-2.5528
131,0.2620,0.1426,-0.0107,0.1959,-3.8126,0.2856,-5.1230,0.0656,0.1929,0.0001,1.0269,0.9999,0.0003,0.0125,0.0002,-0.0001,-0.0217,-0.0008,-0.0094,0.0062,0.0000,0.0001,-0.0216,-0.0008,-0.0092,0.0059,-0.0004,-0.0002,0.0375,0.0015,0.0008,0.0322,0.0025,0.0045,-0.0000,0.0373,-0.0008,-0.0010,0.0317,0.0026,0.0016,0.0000,0.0209,0.0006,0.0042,0.0188,0.0385,-0.0002,-0.0003,-0.0171,-0.0399,-0.0087,0.0138,0.3409,0.0007,-0.0049,-0.0204,-0.0170,-0.0950,-0.0636,-0.0012,-0.1977,0.0223,0.0037,-0.0422,0.0152,-0.0176,0.0005,-0.2025,-0.0099,-0.0029,-0.0523,0.0150,-0.0092,-0.0006,-1.0000,-1.0000,-1.0000,-1.0000,-1.0000,-1.0000,-1.0000,-1.0000,-1.0000,-1.0000,-1.0000,-1.0000,-1.0000,-1.0000,-1.0000,-1.0000,-1.0000,-1.0000,-1.0000,-1.0000,-1.0000,-1.0000,-1.0000,-1.0000,-1.0000,-1.0000,-1.0000,-1.0000,-1.0000,-1.0000,-1.0000,-1.0000,-1.0000,-1.0000,-1.0000,-1.0000,-1.0000,-1.0000,-1.0000,-1.0000,-1.0000,-1.0000,-1.0000,-1.0000,-1.0000,-1.0000,-1.0000,-1.0000,-1.0000,-1.0000,-1.0000,-1.0000,-1.0000,-1.0000,-1.0000,-1.0000,-1.0000,-1.0000,-1.0000,-1.0000,-1.0000,-1.0000,-1.0000,-1.0000,-1.0000,-1.0000,-1.0000,-1.0000,-1.0000,-1.0000,-1.0000,-1.0000,-1.0000,-1.0000,-1.0000,-1.0000,0.9365,0.9551,0.9755,0.9210,0.9792,0.9659,0.9788,0.9006,0.9217,-1.0000,-1.0000,-1.0000,-1.0000,-1.0000,-1.0000,-1.0000,-1.0000,-1.0000,-1.0000,-1.0000,-1.0000,-1.0000,-1.0000,-1.0000,-1.0000,-1.0000,-1.0000,-1.0000,-1.0000,-1.0000,-1.0000,-1.0000,-1.0000,-1.0000,-1.0000,-1.0000,-1.0000,-1.0000,-1.0000,-1.0000,-1.0000,-1.0000,-1.0000,-1.0000,-1.0000,1.5913,1.5634,1.5849,1.5823,1.5790,1.5656,1.0184,1.0632,1.2244,1.1395,1.0212,1.3090,1.2006,1.1610,1.0477,1.2437,1.1213,1.1587,1.2808,1.2400,1.1994,1.1868,1.1545,1.1629,1.1472,1.0472,1.1005,1.0692,1.0567,1.0918,1.0220,0.9430,0.9613,0.9818,0.9275,0.9848,0.9723,0.9837,0.9064,0.9281,1.1543,1.2770,1.2358,1.1950,1.1833,1.1504,1.1575,1.1440,1.0423,1.0953,1.0637,1.0519,1.0883,1.0165,0.9365,0.9551,0.9755,0.9210,0.9792,0.9659,0.9788,0.9006,0.9217,0,0.9006,-3.8126,0.2856,-2.5528
132,0.2640,0.1349,-0.0101,0.1856,-3.8126,0.2856,-5.1426,0.0656,0.1930,0.0001,1.0269,0.9999,0.0003,0.0125,0.0002,-0.0001,-0.0217,-0.0009,-0.0094,0.0061,0.0005,0.0001,-0.0216,-0.0009,-0.0093,0.0057,-0.0001,-0.0002,0.0371,0.0015,0.0008,0.0321,0.0026,0.0045,-0.0000,0.0368,-0.0008,-0.0010,0.0316,0.0026,0.0016,0.0000,0.0213,0.0007,0.0017,0.0227,0.0364,0.0000,0.0010,-0.0113,-0.0389,-0.0099,-0.0185,0.2215,-0.0002,-0.0035,-0.0337,-0.0149,-0.0886,0.1141,-0.0016,-0.2008,0.0229,0.0030,-0.0452,0.0151,-0.0182,0.0005,-0.2063,-0.0079,-0.0028,-0.0572,0.0149,-0.0075,-0.0007,-1.0000,-1.0000,-1.0000,-1.0000,-1.0000,-1.0000,-1.0000,-1.0000,-1.0000,-1.0000,-1.0000,-1.0000,-1.0000,-1.0000,-1.0000,-1.0000,-1.0000,-1.0000,-1.0000,-1.0000,-1.0000,-1.0000,-1.0000,-1.0000,-1.0000,-1.0000,-1.0000,-1.0000,-1.0000,-1.0000,-1.0000,-1.0000,-1.0000,-1.0000,-1.0000,-1.0000,-1.0000,-1.0000,-1.0000,-1.0000,-1.0000,-1.0000,-1.0000,-1.0000,-1.0000,-1.0000,-1.0000,-1.0000,-1.0000,-1.0000,-1.0000,-1.0000,-1.0000,-1.0000,-1.0000,-1.0000,-1.0000,-1.0000,-1.0000,-1.0000,-1.0000,-1.0000,-1.0000,-1.0000,-1.0000,-1.0000,-1.0000,-1.0000,-1.0000,-1.0000,-1.0000,-1.0000,-1.0000,-1.0000,-1.0000,-1.0000,0.9468,0.9662,0.9862,0.9316,0.9903,0.9763,0.9899,0.9116,0.9326,-1.0000,-1.0000,-1.0000,-1.0000,-1.0000,-1.0000,-1.0000,-1.0000,-1.0000,-1.0000,-1.0000,-1.0000,-1.0000,-1.0000,-1.0000,-1.0000,-1.0000,-1.0000,-1.0000,-1.0000,-1.0000,-1.0000,-1.0000,-1.0000,-1.0000,-1.0000,-1.0000,-1.0000,-1.0000,-1.0000,-1.0000,-1.0000,-1.0000,-1.0000,-1.0000,-1.0000,1.6021,1.5745,1.5956,1.5929,1.5899,1.5763,1.0283,1.0743,1.2354,1.1496,1.0323,1.3196,1.2107,1.1721,1.0577,1.2538,1.1323,1.1693,1.2914,1.2506,1.2100,1.1974,1.1644,1.1730,1.1578,1.0577,1.1104,1.0794,1.0665,1.1021,1.0319,0.9530,0.9721,0.9921,0.9378,0.9956,0.9823,0.9946,0.9172,0.9387,1.1651,1.2879,1.2466,1.2059,1.1941,1.1605,1.1679,1.1547,1.0531,1.1055,1.0742,1.0620,1.0988,1.0267,0.9468,0.9662,0.9862,0.9316,0.9903,0.9763,0.9899,0.9116,0.9326,0,0.9116,-3.8126,0.2856,-2.5528
132,0.2640,0.1349,-0.0101,0.1856,-3.8126,0.2856,-5.1426,0.0656,0.1930,0.0001,1.0269,0.9999,0.0003,0.0125,0.0002,-0.0001,-0.0217,-0.0009,-0.0094,0.0061,0.0005,0.0001,-0.0216,-0.0009,-0.0093,0.0057,-0.0001,-0.0002,0.0371,0.0015,0.0008,0.0321,0.0026,0.0045,-0.0000,0.0368,-0.0008,-0.0010,0.0316,0.0026,0.0016,0.0000,0.0213,0.0007,0.0017,0.0227,0.0364,0.0000,0.0010,-0.0113,-0.0389,-0.0099,-0.0185,0.2215,-0.0002,-0.0035,-0.0337,-0.0149,-0.0886,0.1141,-0.0016,-0.2008,0.0229,0.0030,-0.0452,0.0151,-0.0182,0.0005,-0.2063,-0.0079,-0.0028,-0.0572,0.0149,-0.0075,-0.0007,-1.0000,-1.0000,-1.0000,-1.0000,-1.0000,-1.0000,-1.0000,-1.0000,-1.0000,-1.0000,-1.0000,-1.0000,-1.0000,-1.0000,-1.0000,-1.0000,-1.0000,-1.0000,-1.0000,-1.0000,-1.0000,-1.0000,-1.0000,-1.0000,-1.0000,-1.0000,-1.0000,-1.0000,-1.0000,-1.0000,-1.0000,-1.0000,-1.0000,-1.0000,-1.0000,-1.0000,-1.0000,-1.0000,-1.0000,-1.0000,-1.0000,-1.0000,-1.0000,-1.0000,-1.0000,-1.0000,-1.0000,-1.0000,-1.0000,-1.0000,-1.0000,-1.0000,-1.0000,-1.0000,-1.0000,-1.0000,-1.0000,-1.0000,-1.0000,-1.0000,-1.0000,-1.0000,-1.0000,-1.0000,-1.0000,-1.0000,-1.0000,-1.0000,-1.0000,-1.0000,-1.0000,-1.0000,-1.0000,-1.0000,-1.0000,-1.0000,0.9468,0.9662,0.9862,0.9316,0.9903,0.9763,0.9899,0.9116,0.9326,-1.0000,-1.0000,-1.0000,-1.0000,-1.0000,-1.0000,-1.0000,-1.0000,-1.0000,-1.0000,-1.0000,-1.0000,-1.0000,-1.0000,-1.0000,-1.0000,-1.0000,-1.0000,-1.0000,-1.0000,-1.0000,-1.0000,-1.0000,-1.0000,-1.0000,-1.0000,-1.0000,-1.0000,-1.0000,-1.0000,-1.0000,-1.0000,-1.0000,-1.0000,-1.0000,-1.0000,1.6021,1.5745,1.5956,1.5929,1.5899,1.5763,1.0283,1.0743,1.2354,1.1496,1.0323,1.3196,1.2107,1.1721,1.0577,1.2538,1.1323,1.1693,1.2914,1.2506,1.2100,1.1974,1.1644,1.1730,1.1578,1.0577,1.1104,1.0794,1.0665,1.1021,1.0319,0.9530,0.9721,0.9921,0.9378,0.9956,0.9823,0.9946,0.9172,0.9387,1.1651,1.2879,1.2466,1.2059,1.1941,1.1605,1.1679,1.1547,1.0531,1.1055,1.0742,1.0620,1.0988,1.0267,0.9468,0.9662,0.9862,0.9316,0.9903,0.9763,0.9899,0.9116,0.9326,0,0.9116,-3.8126,0.2856,-2.5528
133,0.2660,0.1273,-0.0095,0.1752,-3.8126,0.2856,-5.1622,0.0656,0.1930,0.0001,1.0269,0.9999,0.0003,0.0126,0.0002,-0.0001,-0.0217,-0.0009,-0.0094,0.0061,0.0005,0.0001,-0.0216,-0.0010,-0.0092,0.0059,0.0001,-0.0002,0.0366,0.0016,0.0008,0.0320,0.0026,0.0044,-0.0000,0.0364,-0.0008,-0.0010,0.0315,0.0027,0.0016,0.0000,0.0217,0.0014,-0.0050,0.0322,0.0322,0.0009,0.0024,-0.0056,-0.0418,-0.0090,-0.0300,0.0252,-0.0012,-0.0210,-0.0453,0.0036,0.0979,0.1032,-0.0033,-0.2047,0.0245,0.0017,-0.0528,0.0150,-0.0189,0.0005,-0.2124,-0.0051,-0.0035,-0.0706,0.0148,-0.0063,-0.0007,-1.0000,-1.0000,-1.0000,-1.0000,-1.0000,-1.0000,-1.0000,-1.0000,-1.0000,-1.0000,-1.0000,-1.0000,-1.0000,-1.0000,-1.0000,-1.0000,-1.0000,-1.0000,-1.0000,-1.0000,-1.0000,-1.0000,-1.0000,-1.0000,-1.0000,-1.0000,-1.0000,-1.0000,-1.0000,-1.0000,-1.0000,-1.0000,-1.0000,-1.0000,-1.0000,-1.0000,-1.0000,-1.0000,-1.0000,-1.0000,-1.0000,-1.0000,-1.0000,-1.0000,-1.0000,-1.0000,-1.0000,-1.0000,-1.0000,-1.0000,-1.0000,-1.0000,-1.0000,-1.0000,-1.0000,-1.0000,-1.0000,-1.0000,-1.0000,-1.0000,-1.0000,-1.0000,-1.0000,-1.0000,-1.0000,-1.0000,-1.0000,-1.0000,-1.0000,-1.0000,-1.0000,-1.0000,-1.0000,-1.0000,-1.0000,-1.0000,0.9572,0.9774,0.9969,0.9423,-1.0000,0.9867,-1.0000,0.9227,0.9436,-1.0000,-1.0000,-1.0000,-1.0000,-1.0000,-1.0000,-1.0000,-1.0000,-1.0000,-1.0000,-1.0000,-1.0000,-1.0000,-1.0000,-1.0000,-1.0000,-1.0000,-1.0000,-1.0000,-1.0000,-1.0000,-1.0000,-1.0000,-1.0000,-1.0000,-1.0000,-1.0000,-1.0000,-1.0000,-1.0000,-1.0000,-1.0000,-1.0000,-1.0000,-1.0000,-1.0000,1.6130,1.5856,1.6064,1.6035,1.6009,1.5872,1.0384,1.0855,1.2465,1.1597,1.0434,1.3303,1.2208,1.1833,1.0678,1.2640,1.1435,1.1800,1.3022,1.2613,1.2207,1.2081,1.1745,1.1832,1.1684,1.0683,1.1204,1.0897,1.0765,1.1124,1.0419,0.9631,0.9829,1.0025,0.9481,1.0065,0.9924,1.0055,0.9280,0.9493,1.1760,1.2988,1.2575,1.2168,1.2050,1.1708,1.1784,1.1655,1.0639,1.1157,1.0848,1.0722,1.1094,1.0370,0.9572,0.9774,0.9969,0.9423,1.0015,0.9867,1.0012,0.9227,0.9436,0,0.9227,-3.8126,0.2856,-2.5528
133,0.2660,0.1273,-0.0095,0.1752,-3.8126,0.2856,-5.1622,0.0656,0.1930,0.0001,1.0269,0.9999,0.0003,0.0126,0.0002,-0.0001,-0.0217,-0.0009,-0.0094,0.0061,0.0005,0.0001,-0.0216,-0.0010,-0.0092,0.0059,0.0001,-0.0002,0.0366,0.0016,0.0008,0.0320,0.0026,0.0044,-0.0000,0.0364,-0.0008,-0.0010,0.0315,0.0027,0.0016,0.0000,0.0217,0.0014,-0.0050,0.0322,0.0322,0.0009,0.0024,-0.0056,-0.0418,-0.0090,-0.0300,0.0252,-0.0012,-0.0210,-0.0453,0.0036,0.0979,0.1032,-0.0033,-0.2047,0.0245,0.0017,-0.0528,0.0150,-0.0189,0.0005,-0.2124,-0.0051,-0.0035,-0.0706,0.0148,-0.0063,-0.0007,-1.0000,-1.0000,-1.0000,-1.0000,-1.0000,-1.0000,-1.0000,-1.0000,-1.0000,-1.0000,-1.0000,-1.0000,-1.0000,-1.0000,-1.0000,-1.0000,-1.0000,-1.0000,-1.0000,-1.0000,-1.0000,-1.0000,-1.0000,-1.0000,-1.0000,-1.0000,-1.0000,-1.0000,-1.0000,-1.0000,-1.0000,-1.0000,-1.0000,-1.0000,-1.0000,-1.0000,-1.0000,-1.0000,-1.0000,-1.0000,-1.0000,-1.0000,-1.0000,-1.0000,-1.0000,-1.0000,-1.0000,-1.0000,-1.0000,-1.0000,-1.0000,-1.0000,-1.0000,-1.0000,-1.0000,-1.0000,-1.0000,-1.0000,-1.0000,-1.0000,-1.0000,-1.0000,-1.0000,-1.0000,-1.0000,-1.0000,-1.0000,-1.0000,-1.0000,-1.0000,-1.0000,-1.0000,-1.0000,-1.0000,-1.0000,-1.0000,0.9572,0.9774,0.9969,0.9423,-1.0000,0.9867,-1.0000,0.9227,0.9436,-1.0000,-1.0000,-1.0000,-1.0000,-1.0000,-1.0000,-1.0000,-1.0000,-1.0000,-1.0000,-1.0000,-1.0000,-1.0000,-1.0000,-1.0000,-1.0000,-1.0000,-1.0000,-1.0000,-1.0000,-1.0000,-1.0000,-1.0000,-1.0000,-1.0000,-1.0000,-1.0000,-1.0000,-1.0000,-1.0000,-1.0000,-1.0000,-1.0000,-1.0000,-1.0000,-1.0000,1.6130,1.5856,1.6064,1.6035,1.6009,1.5872,1.0384,1.0855,1.2465,1.1597,1.0434,1.3303,1.2208,1.1833,1.0678,1.2640,1.1435,1.1800,1.3022,1.2613,1.2207,1.2081,1.1745,1.1832,1.1684,1.0683,1.1204,1.0897,1.0765,1.1124,1.0419,0.9631,0.9829,1.0025,0.9481,1.0065,0.9924,1.0055,0.9280,0.9493,1.1760,1.2988,1.2575,1.2168,1.2050,1.1708,1.1784,1.1655,1.0639,1.1157,1.0848,1.0722,1.1094,1.0370,0.9572,0.9774,0.9969,0.9423,1.0015,0.9867,1.0012,0.9227,0.9436,0,0.9227,-3.8126,0.2856,-2.5528
134,0.2680,0.1197,-0.0090,0.1649,-3.8126,0.2856,-5.1819,0.0656,0.1931,0.0001,1.0269,0.9999,0.0003,0.0126,0.0002,-0.0001,-0.0217,-0.0010,-0.0094,0.0060,0.0003,0.0001,-0.0217,-0.0010,-0.0092,0.0060,0.0000,-0.0002,0.0362,0.0016,0.0008,0.0319,0.0026,0.0044,-0.0000,0.0360,-0.0008,-0.0010,0.0313,0.0027,0.0016,0.0000,0.0221,0.0011,-0.0062,0.0200,0.0306,0.0001,0.0039,-0.0037,-0.0193,-0.0070,-0.0376,-0.1296,-0.0001,-0.0115,-0.0245,-0.0017,0.0348,-0.0203,-0.0009,-0.2088,0.0183,0.0032,-0.0589,0.0151,-0.0195,0.0005,-0.2131,-0.0097,-0.0011,-0.0668,0.0149,-0.0045,-0.0007,-1.0000,-1.0000,-1.0000,-1.0000,-1.0000,-1.0000,-1.0000,-1.0000,-1.0000,-1.0000,-1.0000,-1.0000,-1.0000,-1.0000,-1.0000,-1.0000,-1.0000,-1.0000,-1.0000,-1.0000,-1.0000,-1.0000,-1.0000,-1.0000,-1.0000,-1.0000,-1.0000,-1.0000,-1.0000,-1.0000,-1.0000,-1.0000,-1.0000,-1.0000,-1.0000,-1.0000,-1.0000,-1.0000,-1.0000,-1.0000,-1.0000,-1.0000,-1.0000,-1.0000,-1.0000,-1.0000,-1.0000,-1.0000,-1.0000,-1.0000,-1.0000,-1.0000,-1.0000,-1.0000,-1.0000,-1.0000,-1.0000,-1.0000,-1.0000,-1.0000,-1.0000,-1.0000,-1.0000,-1.0000,-1.0000,-1.0000,-1.0000,-1.0000,-1.0000,-1.0000,-1.0000,-1.0000,-1.0000,-1.0000,-1.0000,-1.0000,0.9677,0.9886,-1.0000,0.9531,-1.0000,0.9972,-1.0000,0.9339,0.9547,-1.0000,-1.0000,-1.0000,-1.0000,-1.0000,-1.0000,-1.0000,-1.0000,-1.0000,-1.0000,-1.0000,-1.0000,-1.0000,-1.0000,-1.0000,-1.0000,-1.0000,-1.0000,-1.0000,-1.0000,-1.0000,-1.0000,-1.0000,-1.0000,-1.0000,-1.0000,-1.0000,-1.0000,-1.0000,-1.0000,-1.0000,-1.0000,-1.0000,-1.0000,-1.0000,-1.0000,1.6239,1.5968,1.6172,1.6142,1.6120,1.5981,1.0485,1.0968,1.2577,1.1699,1.0547,1.3411,1.2310,1.1945,1.0780,1.2742,1.1546,1.1908,1.3130,1.2721,1.2315,1.2189,1.1846,1.1935,1.1791,1.0789,1.1305,1.1000,1.0865,1.1229,1.0520,0.9732,0.9939,1.0129,0.9586,1.0175,1.0026,1.0166,0.9388,0.9600,1.1870,1.3098,1.2685,1.2278,1.2160,1.1811,1.1889,1.1764,1.0749,1.1261,1.0954,1.0825,1.1200,1.0473,0.9677,0.9886,1.0077,0.9531,1.0128,0.9972,1.0125,0.9339,0.9547,0,0.9339,-3.8126,0.2856,-2.5528
135,0.2700,0.1121,-0.0084,0.1545,-3.8126,0.2856,-5.2015,0.0656,0.1931,0.0001,1.0269,0.9999,0.0004,0.0126,0.0002,-0.0000,-0.0217,-0.0010,-0.0094,0.0059,-0.0002,0.0001,-0.0217,-0.0010,-0.0093,0.0059,-0.0002,-0.0002,0.0358,0.0016,0.0008,0.0317,0.0027,0.0043,-0.0000,0.0356,-0.0008,-0.0010,0.0312,0.0027,0.0016,0.0000,0.0224,0.0009,-0.0071,0.0101,0.0291,-0.0005,0.0049,-0.0005,-0.0009,-0.0064,-0.0561,-0.2628,0.0008,-0.0031,-0.0070,-0.0061,-0.0195,-0.1341,0.0010,-0.2122,0.0129,0.0041,-0.0636,0.0152,-0.0201,0.0005,-0.2138,-0.0133,0.0008,-0.0636,0.0150,-0.0028,-0.0007,-1.0000,-1.0000,-1.0000,-1.0000,-1.0000,-1.0000,-1.0000,-1.0000,-1.0000,-1.0000,-1.0000,-1.0000,-1.0000,-1.0000,-1.0000,-1.0000,-1.0000,-1.0000,-1.0000,-1.0000,-1.0000,-1.0000,-1.0000,-1.0000,-1.0000,-1.0000,-1.0000,-1.0000,-1.0000,-1.0000,-1.0000,-1.0000,-1.0000,-1.0000,-1.0000,-1.0000,-1.0000,-1.0000,-1.0000,-1.0000,-1.0000,-1.0000,-1.0000,-1.0000,-1.0000,-1.0000,-1.0000,-1.0000,-1.0000,-1.0000,-1.0000,-1.0000,-1.0000,-1.0000,-1.0000,-1.0000,-1.0000,-1.0000,-1.0000,-1.0000,-1.0000,-1.0000,-1.0000,-1.0000,-1.0000,-1.0000,-1.0000,-1.0000,-1.0000,-1.0000,-1.0000,-1.0000,-1.0000,-1.0000,-1.0000,-1.0000,0.9782,1.0000,-1.0000,0.9639,-1.0000,-1.0000,-1.0000,0.9452,0.9658,-1.0000,-1.0000,-1.0000,-1.0000,-1.0000,-1.0000,-1.0000,-1.0000,-1.0000,-1.0000,-1.0000,-1.0000,-1.0000,-1.0000,-1.0000,-1.0000,-1.0000,-1.0000,-1.0000,-1.0000,-1.0000,-1.0000,-1.0000,-1.0000,-1.0000,-1.0000,-1.0000,-1.0000,-1.0000,-1.0000,-1.0000,-1.0000,-1.0000,-1.0000,-1.0000,-1.0000,1.6349,1.6080,1.6282,1.6250,1.6231,1.6091,1.0587,1.1081,1.2689,1.1803,1.0660,1.3519,1.2413,1.2058,1.0883,1.2846,1.1659,1.2016,1.3239,1.2829,1.2423,1.2298,1.1948,1.2038,1.1899,1.0897,1.1407,1.1105,1.0967,1.1335,1.0622,0.9835,1.0049,1.0235,0.9691,1.0286,1.0128,1.0277,0.9498,0.9708,1.1981,1.3209,1.2796,1.2388,1.2270,1.1915,1.1995,1.1873,1.0858,1.1365,1.1061,1.0929,1.1308,1.0578,0.9782,1.0000,1.0185,0.9639,1.0242,1.0078,1.0238,0.9452,0.9658,0,0.9452,-3.8126,0.2856,-2.5528
135,0.2700,0.1121,-0.0084,0.1545,-3.8126,0.2856,-5.2015,0.0656,0.1931,0.0001,1.0269,0.9999,0.0004,0.0126,0.0002,-0.0000,-0.0217,-0.0010,-0.0094,0.0059,-0.0002,0.0001,-0.0217,-0.0010,-0.0093,0.0059,-0.0002,-0.0002,0.0358,0.0016,0.0008,0.0317,0.0027,0.0043,-0.0000,0.0356,-0.0008,-0.0010,0.0312,0.0027,0.0016,0.0000,0.0224,0.0009,-0.0071,0.0101,0.0291,-0.0005,0.0049,-0.0005,-0.0009,-0.0064,-0.0561,-0.2628,0.0008,-0.0031,-0.0070,-0.0061,-0.0195,-0.1341,0.0010,-0.2122,0.0129,0.0041,-0.0636,0.0152,-0.0201,0.0005,-0.2138,-0.0133,0.0008,-0.0636,0.0150,-0.0028,-0.0007,-1.0000,-1.0000,-1.0000,-1.0000,-1.0000,-1.0000,-1.0000,-1.0000,-1.0000,-1.0000,-1.0000,-1.0000,-1.0000,-1.0000,-1.0000,-1.0000,-1.0000,-1.0000,-1.0000,-1.0000,-1.0000,-1.0000,-1.0000,-1.0000,-1.0000,-1.0000,-1.0000,-1.0000,-1.0000,-1.0000,-1.0000,-1.0000,-1.0000,-1.0000,-1.0000,-1.0000,-1.0000,-1.0000,-1.0000,-1.0000,-1.0000,-1.0000,-1.0000,-1.0000,-1.0000,-1.0000,-1.0000,-1.0000,-1.0000,-1.0000,-1.0000,-1.0000,-1.0000,-1.0000,-1.0000,-1.0000,-1.0000,-1.0000,-1.0000,-1.0000,-1.0000,-1.0000,-1.0000,-1.0000,-1.0000,-1.0000,-1.0000,-1.0000,-1.0000,-1.0000,-1.0000,-1.0000,-1.0000,-1.0000,-1.0000,-1.0000,0.9782,1.0000,-1.0000,0.9639,-1.0000,-1.0000,-1.0000,0.9452,0.9658,-1.0000,-1.0000,-1.0000,-1.0000,-1.0000,-1.0000,-1.0000,-1.0000,-1.0000,-1.0000,-1.0000,-1.0000,-1.0000,-1.0000,-1.0000,-1.0000,-1.0000,-1.0000,-1.0000,-1.0000,-1.0000,-1.0000,-1.0000,-1.0000,-1.0000,-1.0000,-1.0000,-1.0000,-1.0000,-1.0000,-1.0000,-1.0000,-1.0000,-1.0000,-1.0000,-1.0000,1.6349,1.6080,1.6282,1.6250,1.6231,1.6091,1.0587,1.1081,1.2689,1.1803,1.0660,1.3519,1.2413,1.2058,1.0883,1.2846,1.1659,1.2016,1.3239,1.2829,1.2423,1.2298,1.1948,1.2038,1.1899,1.0897,1.1407,1.1105,1.0967,1.1335,1.0622,0.9835,1.0049,1.0235,0.9691,1.0286,1.0128,1.0277,0.9498,0.9708,1.1981,1.3209,1.2796,1.2388,1.2270,1.1915,1.1995,1.1873,1.0858,1.1365,1.1061,1.0929,1.1308,1.0578,0.9782,1.0000,1.0185,0.9639,1.0242,1.0078,1.0238,0.9452,0.9658,0,0.9452,-3.8126,0.2856,-2.5528
136,0.2720,0.1044,-0.0078,0.1440,-3.8126,0.2856,-5.2211,0.0656,0.1932,0.0001,1.0269,0.9999,0.0004,0.0126,0.0002,-0.0000,-0.0217,-0.0010,-0.0094,0.0058,-0.0006,0.0001,-0.0217,-0.0010,-0.0093,0.0058,-0.0006,-0.0002,0.0354,0.0016,0.0008,0.0316,0.0027,0.0043,-0.0000,0.0351,-0.0009,-0.0010,0.0311,0.0027,0.0016,0.0000,0.0228,0.0010,-0.0042,0.0112,0.0285,-0.0005,0.0044,-0.0007,-0.0058,-0.0054,-0.0438,-0.1858,0.0007,0.0022,-0.0062,-0.0089,-0.0572,-0.1754,0.0011,-0.2125,0.0120,0.0036,-0.0579,0.0152,-0.0203,0.0005,-0.2141,-0.0122,0.0012,-0.0582,0.0150,-0.0010,-0.0007,-1.0000,-1.0000,-1.0000,-1.0000,-1.0000,-1.0000,-1.0000,-1.0000,-1.0000,-1.0000,-1.0000,-1.0000,-1.0000,-1.0000,-1.0000,-1.0000,-1.0000,-1.0000,-1.0000,-1.0000,-1.0000,-1.0000,-1.0000,-1.0000,-1.0000,-1.0000,-1.0000,-1.0000,-1.0000,-1.0000,-1.0000,-1.0000,-1.0000,-1.0000,-1.0000,-1.0000,-1.0000,-1.0000,-1.0000,-1.0000,-1.0000,-1.0000,-1.0000,-1.0000,-1.0000,-1.0000,-1.0000,-1.0000,-1.0000,-1.0000,-1.0000,-1.0000,-1.0000,-1.0000,-1.0000,-1.0000,-1.0000,-1.0000,-1.0000,-1.0000,-1.0000,-1.0000,-1.0000,-1.0000,-1.0000,-1.0000,-1.0000,-1.0000,-1.0000,-1.0000,-1.0000,-1.0000,-1.0000,-1.0000,-1.0000,-1.0000,0.9889,-1.0000,-1.0000,0.9749,-1.0000,-1.0000,-1.0000,0.9566,0.9771,-1.0000,-1.0000,-1.0000,-1.0000,-1.0000,-1.0000,-1.0000,-1.0000,-1.0000,-1.0000,-1.0000,-1.0000,-1.0000,-1.0000,-1.0000,-1.0000,-1.0000,-1.0000,-1.0000,-1.0000,-1.0000,-1.0000,-1.0000,-1.0000,-1.0000,-1.0000,-1.0000,-1.0000,-1.0000,-1.0000,-1.0000,-1.0000,-1.0000,-1.0000,-1.0000,-1.0000,1.6459,1.6194,1.6391,1.6358,1.6343,1.6201,1.0691,1.1196,1.2802,1.1907,1.0774,1.3628,1.2516,1.2171,1.0987,1.2950,1.1772,1.2125,1.3348,1.2939,1.2532,1.2407,1.2050,1.2143,1.2007,1.1005,1.1510,1.1210,1.1069,1.1441,1.0725,0.9938,1.0160,1.0341,0.9797,1.0397,1.0232,1.0389,0.9609,0.9817,1.2092,1.3320,1.2907,1.2499,1.2382,1.2020,1.2102,1.1983,1.0969,1.1471,1.1169,1.1033,1.1416,1.0684,0.9889,1.0114,1.0295,0.9749,1.0356,1.0185,1.0353,0.9566,0.9771,0,0.9566,-3.8126,0.2856,-2.5528
137,0.2740,0.0968,-0.0073,0.1335,-3.8126,0.2856,-5.2407,0.0656,0.1932,0.0001,1.0269,0.9999,0.0004,0.0127,0.0002,-0.0000,-0.0217,-0.0010,-0.0095,0.0057,-0.0009,0.0001,-0.0217,-0.0010,-0.0093,0.0056,-0.0010,-0.0002,0.0349,0.0017,0.0008,0.0315,0.0027,0.0043,-0.0000,0.0347,-0.0009,-0.0010,0.0310,0.0028,0.0016,0.0000,0.0232,0.0010,-0.0019,0.0119,0.0278,-0.0005,0.0040,-0.0007,-0.0098,-0.0043,-0.0335,-0.1198,0.0006,0.0070,-0.0052,-0.0112,-0.0894,-0.2127,0.0012,-0.2128,0.0110,0.0031,-0.0534,0.0153,-0.0205,0.0005,-0.2144,-0.0112,0.0017,-0.0536,0.0151,0.0007,-0.0007,-1.0000,-1.0000,-1.0000,-1.0000,-1.0000,-1.0000,-1.0000,-1.0000,-1.0000,-1.0000,-1.0000,-1.0000,-1.0000,-1.0000,-1.0000,-1.0000,-1.0000,-1.0000,-1.0000,-1.0000,-1.0000,-1.0000,-1.0000,-1.0000,-1.0000,-1.0000,-1.0000,-1.0000,-1.0000,-1.0000,-1.0000,-1.0000,-1.0000,-1.0000,-1.0000,-1.0000,-1.0000,-1.0000,-1.0000,-1.0000,-1.0000,-1.0000,-1.0000,-1.0000,-1.0000,-1.0000,-1.0000,-1.0000,-1.0000,-1.0000,-1.0000,-1.0000,-1.0000,-1.0000,-1.0000,-1.0000,-1.0000,-1.0000,-1.0000,-1.0000,-1.0000,-1.0000,-1.0000,-1.0000,-1.0000,-1.0000,-1.0000,-1.0000,-1.0000,-1.0000,-1.0000,-1.0000,-1.0000,-1.0000,-1.0000,-1.0000,0.9997,-1.0000,-1.0000,0.9859,-1.0000,-1.0000,-1.0000,0.9680,0.9884,-1.0000,-1.0000,-1.0000,-1.0000,-1.0000,-1.0000,-1.0000,-1.0000,-1.0000,-1.0000,-1.0000,-1.0000,-1.0000,-1.0000,-1.0000,-1.0000,-1.0000,-1.0000,-1.0000,-1.0000,-1.0000,-1.0000,-1.0000,-1.0000,-1.0000,-1.0000,-1.0000,-1.0000,-1.0000,-1.0000,-1.0000,-1.0000,-1.0000,-1.0000,-1.0000,-1.0000,1.6570,1.6307,1.6502,1.6467,1.6456,1.6312,1.0795,1.1310,1.2915,1.2012,1.0889,1.3738,1.2621,1.2286,1.1092,1.3055,1.1887,1.2235,1.3459,1.3049,1.2642,1.2518,1.2154,1.2248,1.2116,1.1114,1.1614,1.1316,1.1172,1.1548,1.0828,1.0042,1.0271,1.0449,0.9904,1.0510,1.0337,1.0501,0.9720,0.9927,1.2204,1.3433,1.3019,1.2611,1.2494,1.2126,1.2210,1.2094,1.1081,1.1577,1.1278,1.1139,1.1525,1.0790,0.9997,1.0229,1.0405,0.9859,1.0472,1.0293,1.0468,0.9680,0.9884,0,0.9680,-3.8126,0.2856,-2.5528
137,0.2740,0.0968,-0.0073,0.1335,-3.8126,0.2856,-5.2407,0.0656,0.1932,0.0001,1.0269,0.9999,0.0004,0.0127,0.0002,-0.0000,-0.0217,-0.0010,-0.0095,0.0057,-0.0009,0.0001,-0.0217,-0.0010,-0.0093,0.0056,-0.0010,-0.0002,0.0349,0.0017,0.0008,0.0315,0.0027,0.0043,-0.0000,0.0347,-0.0009,-0.0010,0.0310,0.0028,0.0016,0.0000,0.0232,0.0010,-0.0019,0.0119,0.0278,-0.0005,0.0040,-0.0007,-0.0098,-0.0043,-0.0335,-0.1198,0.0006,0.0070,-0.0052,-0.0112,-0.0894,-0.2127,0.0012,-0.2128,0.0110,0.0031,-0.0534,0.0153,-0.0205,0.0005,-0.2144,-0.0112,0.0017,-0.0536,0.0151,0.0007,-0.0007,-1.0000,-1.0000,-1.0000,-1.0000,-1.0000,-1.0000,-1.0000,-1.0000,-1.0000,-1.0000,-1.0000,-1.0000,-1.0000,-1.0000,-1.0000,-1.0000,-1.0000,-1.0000,-1.0000,-1.0000,-1.0000,-1.0000,-1.0000,-1.0000,-1.0000,-1.0000,-1.0000,-1.0000,-1.0000,-1.0000,-1.0000,-1.0000,-1.0000,-1.0000,-1.0000,-1.0000,-1.0000,-1.0000,-1.0000,-1.0000,-1.0000,-1.0000,-1.0000,-1.0000,-1.0000,-1.0000,-1.0000,-1.0000,-1.0000,-1.0000,-1.0000,-1.0000,-1.0000,-1.0000,-1.0000,-1.0000,-1.0000,-1.0000,-1.0000,-1.0000,-1.0000,-1.0000,-1.0000,-1.0000,-1.0000,-1.0000,-1.0000,-1.0000,-1.0000,-1.0000,-1.0000,-1.0000,-1.0000,-1.0000,-1.0000,-1.0000,0.9997,-1.0000,-1.0000,0.9859,-1.0000,-1.0000,-1.0000,0.9680,0.9884,-1.0000,-1.0000,-1.0000,-1.0000,-1.0000,-1.0000,-1.0000,-1.0000,-1.0000,-1.0000,-1.0000,-1.0000,-1.0000,-1.0000,-1.0000,-1.0000,-1.0000,-1.0000,-1.0000,-1.0000,-1.0000,-1.0000,-1.0000,-1.0000,-1.0000,-1.0000,-1.0000,-1.0000,-1.0000,-1.0000,-1.0000,-1.0000,-1.0000,-1.0000,-1.0000,-1.0000,1.6570,1.6307,1.6502,1.6467,1.6456,1.6312,1.0795,1.1310,1.2915,1.2012,1.0889,1.3738,1.2621,1.2286,1.1092,1.3055,1.1887,1.2235,1.3459,1.3049,1.2642,1.2518,1.2154,1.2248,1.2116,1.1114,1.1614,1.1316,1.1172,1.1548,1.0828,1.0042,1.0271,1.0449,0.9904,1.0510,1.0337,1.0501,0.9720,0.9927,1.2204,1.3433,1.3019,1.2611,1.2494,1.2126,1.2210,1.2094,1.1081,1.1577,1.1278,1.1139,1.1525,1.0790,0.9997,1.0229,1.0405,0.9859,1.0472,1.0293,1.0468,0.9680,0.9884,0,0.9680,-3.8126,0.2856,-2.5528
138,0.2760,0.0892,-0.0067,0.1230,-3.8126,0.2856,-5.2603,0.0656,0.1932,0.0001,1.0269,0.9999,0.0004,0.0127,0.0002,-0.0000,-0.0217,-0.0011,-0.0095,0.0057,-0.0010,0.0001,-0.0216,-0.0011,-0.0093,0.0055,-0.0010,-0.0002,0.0345,0.0017,0.0008,0.0314,0.0027,0.0042,-0.0000,0.0343,-0.0009,-0.0010,0.0309,0.0028,0.0016,0.0000,0.0236,0.0011,-0.0016,0.0203,0.0264,0.0000,0.0033,0.0002,-0.0227,-0.0036,-0.0243,-0.0596,-0.0003,0.0078,-0.0247,-0.0094,-0.0851,-0.0173,-0.0000,-0.2127,0.0134,0.0016,-0.0496,0.0152,-0.0207,0.0005,-0.2162,-0.0069,0.0013,-0.0552,0.0150,0.0022,-0.0007,-1.0000,-1.0000,-1.0000,-1.0000,-1.0000,-1.0000,-1.0000,-1.0000,-1.0000,-1.0000,-1.0000,-1.0000,-1.0000,-1.0000,-1.0000,-1.0000,-1.0000,-1.0000,-1.0000,-1.0000,-1.0000,-1.0000,-1.0000,-1.0000,-1.0000,-1.0000,-1.0000,-1.0000,-1.0000,-1.0000,-1.0000,-1.0000,-1.0000,-1.0000,-1.0000,-1.0000,-1.0000,-1.0000,-1.0000,-1.0000,-1.0000,-1.0000,-1.0000,-1.0000,-1.0000,-1.0000,-1.0000,-1.0000,-1.0000,-1.0000,-1.0000,-1.0000,-1.0000,-1.0000,-1.0000,-1.0000,-1.0000,-1.0000,-1.0000,-1.0000,-1.0000,-1.0000,-1.0000,-1.0000,-1.0000,-1.0000,-1.0000,-1.0000,-1.0000,-1.0000,-1.0000,-1.0000,-1.0000,-1.0000,-1.0000,-1.0000,-1.0000,-1.0000,-1.0000,0.9971,-1.0000,-1.0000,-1.0000,0.9796,0.9998,-1.0000,-1.0000,-1.0000,-1.0000,-1.0000,-1.0000,-1.0000,-1.0000,-1.0000,-1.0000,-1.0000,-1.0000,-1.0000,-1.0000,-1.0000,-1.0000,-1.0000,-1.0000,-1.0000,-1.0000,-1.0000,-1.0000,-1.0000,-1.0000,-1.0000,-1.0000,-1.0000,-1.0000,-1.0000,-1.0000,-1.0000,-1.0000,-1.0000,-1.0000,-1.0000,-1.0000,1.6682,1.6422,1.6613,1.6577,1.6569,1.6424,1.0900,1.1426,1.3030,1.2118,1.1004,1.3849,1.2727,1.2401,1.1198,1.3161,1.2001,1.2346,1.3570,1.3159,1.2752,1.2629,1.2259,1.2354,1.2226,1.1224,1.1718,1.1423,1.1276,1.1656,1.0933,1.0148,1.0384,1.0557,1.0013,1.0623,1.0442,1.0615,0.9833,1.0038,1.2317,1.3546,1.3132,1.2724,1.2607,1.2232,1.2319,1.2206,1.1193,1.1684,1.1388,1.1245,1.1635,1.0898,1.0106,1.0345,1.0517,0.9971,1.0588,1.0402,1.0584,0.9796,0.9998,0,0.9796,-3.8126,0.2856,-2.5528
138,0.2760,0.0892,-0.0067,0.1230,-3.8126,0.2856,-5.2603,0.0656,0.1932,0.0001,1.0269,0.9999,0.0004,0.0127,0.0002,-0.0000,-0.0217,-0.0011,-0.0095,0.0057,-0.0010,0.0001,-0.0216,-0.0011,-0.0093,0.0055,-0.0010,-0.0002,0.0345,0.0017,0.0008,0.0314,0.0027,0.0042,-0.0000,0.0343,-0.0009,-0.0010,0.0309,0.0028,0.0016,0.0000,0.0236,0.0011,-0.0016,0.0203,0.0264,0.0000,0.0033,0.0002,-0.0227,-0.0036,-0.0243,-0.0596,-0.0003,0.0078,-0.0247,-0.0094,-0.0851,-0.0173,-0.0000,-0.2127,0.0134,0.0016,-0.0496,0.0152,-0.0207,0.0005,-0.2162,-0.0069,0.0013,-0.0552,0.0150,0.0022,-0.0007,-1.0000,-1.0000,-1.0000,-1.0000,-1.0000,-1.0000,-1.0000,-1.0000,-1.0000,-1.0000,-1.0000,-1.0000,-1.0000,-1.0000,-1.0000,-1.0000,-1.0000,-1.0000,-1.0000,-1.0000,-1.0000,-1.0000,-1.0000,-1.0000,-1.0000,-1.0000,-1.0000,-1.0000,-1.0000,-1.0000,-1.0000,-1.0000,-1.0000,-1.0000,-1.0000,-1.0000,-1.0000,-1.0000,-1.0000,-1.0000,-1.0000,-1.0000,-1.0000,-1.0000,-1.0000,-1.0000,-1.0000,-1.0000,-1.0000,-1.0000,-1.0000,-1.0000,-1.0000,-1.0000,-1.0000,-1.0000,-1.0000,-1.0000,-1.0000,-1.0000,-1.0000,-1.0000,-1.0000,-1.0000,-1.0000,-1.0000,-1.0000,-1.0000,-1.0000,-1.0000,-1.0000,-1.0000,-1.0000,-1.0000,-1.0000,-1.0000,-1.0000,-1.0000,-1.0000,0.9971,-1.0000,-1.0000,-1.0000,0.9796,0.9998,-1.0000,-1.0000,-1.0000,-1.0000,-1.0000,-1.0000,-1.0000,-1.0000,-1.0000,-1.0000,-1.0000,-1.0000,-1.0000,-1.0000,-1.0000,-1.0000,-1.0000,-1.0000,-1.0000,-1.0000,-1.0000,-1.0000,-1.0000,-1.0000,-1.0000,-1.0000,-1.0000,-1.0000,-1.0000,-1.0000,-1.0000,-1.0000,-1.0000,-1.0000,-1.0000,-1.0000,1.6682,1.6422,1.6613,1.6577,1.6569,1.6424,1.0900,1.1426,1.3030,1.2118,1.1004,1.3849,1.2727,1.2401,1.1198,1.3161,1.2001,1.2346,1.3570,1.3159,1.2752,1.2629,1.2259,1.2354,1.2226,1.1224,1.1718,1.1423,1.1276,1.1656,1.0933,1.0148,1.0384,1.0557,1.0013,1.0623,1.0442,1.0615,0.9833,1.0038,1.2317,1.3546,1.3132,1.2724,1.2607,1.2232,1.2319,1.2206,1.1193,1.1684,1.1388,1.1245,1.1635,1.0898,1.0106,1.0345,1.0517,0.9971,1.0588,1.0402,1.0584,0.9796,0.9998,0,0.9796,-3.8126,0.2856,-2.5528
139,0.2780,0.0816,-0.0061,0.1125,-3.8126,0.2856,-5.2800,0.0656,0.1933,0.0001,1.0269,0.9999,0.0004,0.0127,0.0002,-0.0000,-0.0217,-0.0011,-0.0095,0.0057,-0.0010,0.0001,-0.0216,-0.0011,-0.0093,0.0053,-0.0010,-0.0002,0.0341,0.0017,0.0008,0.0313,0.0028,0.0042,-0.0000,0.0338,-0.0009,-0.0010,0.0308,0.0028,0.0016,-0.0000,0.0241,0.0007,0.0012,0.0141,0.0257,-0.0005,0.0033,0.0005,-0.0169,-0.0024,-0.0179,-0.0155,-0.0003,0.0068,-0.0190,-0.0080,-0.0641,0.0268,0.0014,-0.2131,0.0103,0.0021,-0.0468,0.0153,-0.0209,0.0005,-0.2148,-0.0079,0.0028,-0.0473,0.0151,0.0040,-0.0007,-1.0000,-1.0000,-1.0000,-1.0000,-1.0000,-1.0000,-1.0000,-1.0000,-1.0000,-1.0000,-1.0000,-1.0000,-1.0000,-1.0000,-1.0000,-1.0000,-1.0000,-1.0000,-1.0000,-1.0000,-1.0000,-1.0000,-1.0000,-1.0000,-1.0000,-1.0000,-1.0000,-1.0000,-1.0000,-1.0000,-1.0000,-1.0000,-1.0000,-1.0000,-1.0000,-1.0000,-1.0000,-1.0000,-1.0000,-1.0000,-1.0000,-1.0000,-1.0000,-1.0000,-1.0000,-1.0000,-1.0000,-1.0000,-1.0000,-1.0000,-1.0000,-1.0000,-1.0000,-1.0000,-1.0000,-1.0000,-1.0000,-1.0000,-1.0000,-1.0000,-1.0000,-1.0000,-1.0000,-1.0000,-1.0000,-1.0000,-1.0000,-1.0000,-1.0000,-1.0000,-1.0000,-1.0000,-1.0000,-1.0000,-1.0000,-1.0000,-1.0000,-1.0000,-1.0000,-1.0000,-1.0000,-1.0000,-1.0000,0.9912,-1.0000,-1.0000,-1.0000,-1.0000,-1.0000,-1.0000,-1.0000,-1.0000,-1.0000,-1.0000,-1.0000,-1.0000,-1.0000,-1.0000,-1.0000,-1.0000,-1.0000,-1.0000,-1.0000,-1.0000,-1.0000,-1.0000,-1.0000,-1.0000,-1.0000,-1.0000,-1.0000,-1.0000,-1.0000,-1.0000,-1.0000,-1.0000,-1.0000,-1.0000,-1.0000,-1.0000,-1.0000,1.6795,1.6537,1.6725,1.6688,1.6683,1.6537,1.1006,1.1543,1.3145,1.2224,1.1120,1.3960,1.2833,1.2517,1.1305,1.3268,1.2117,1.2458,1.3682,1.3271,1.2864,1.2741,1.2364,1.2461,1.2337,1.1335,1.1824,1.1531,1.1381,1.1765,1.1039,1.0254,1.0498,1.0666,1.0122,1.0737,1.0549,1.0729,0.9946,1.0150,1.2431,1.3659,1.3246,1.2838,1.2720,1.2340,1.2429,1.2318,1.1306,1.1792,1.1498,1.1353,1.1745,1.1006,1.0215,1.0461,1.0629,1.0083,1.0704,1.0511,1.0701,0.9912,1.0113,0,0.9912,-3.8126,0.2856,-2.5528
140,0.2800,0.0739,-0.0055,0.1019,-3.8126,0.2856,-5.2996,0.0656,0.1933,0.0001,1.0269,0.9999,0.0005,0.0127,0.0002,-0.0000,-0.0217,-0.0012,-0.0095,0.0056,-0.0009,0.0001,-0.0216,-0.0012,-0.0093,0.0055,-0.0009,-0.0002,0.0337,0.0017,0.0008,0.0312,0.0028,0.0041,-0.0000,0.0334,-0.0009,-0.0010,0.0307,0.0029,0.0016,-0.0000,0.0245,0.0017,-0.0017,0.0354,0.0229,0.0013,0.0021,0.0037,-0.0458,-0.0022,-0.0108,0.0349,-0.0009,-0.0094,-0.0457,0.0088,0.0984,0.0336,-0.0024,-0.2123,0.0165,-0.0009,-0.0438,0.0152,-0.0210,0.0005,-0.2191,0.0000,0.0005,-0.0587,0.0148,0.0050,-0.0007,-1.0000,-1.0000,-1.0000,-1.0000,-1.0000,-1.0000,-1.0000,-1.0000,-1.0000,-1.0000,-1.0000,-1.0000,-1.0000,-1.0000,-1.0000,-1.0000,-1.0000,-1.0000,-1.0000,-1.0000,-1.0000,-1.0000,-1.0000,-1.0000,-1.0000,-1.0000,-1.0000,-1.0000,-1.0000,-1.0000,-1.0000,-1.0000,-1.0000,-1.0000,-1.0000,-1.0000,-1.0000,-1.0000,-1.0000,-1.0000,-1.0000,-1.0000,-1.0000,-1.0000,-1.0000,-1.0000,-1.0000,-1.0000,-1.0000,-1.0000,-1.0000,-1.0000,-1.0000,-1.0000,-1.0000,-1.0000,-1.0000,-1.0000,-1.0000,-1.0000,-1.0000,-1.0000,-1.0000,-1.0000,-1.0000,-1.0000,-1.0000,-1.0000,-1.0000,-1.0000,-1.0000,-1.0000,-1.0000,-1.0000,-1.0000,-1.0000,-1.0000,-1.0000,-1.0000,-1.0000,-1.0000,-1.0000,-1.0000,-1.0000,-1.0000,-1.0000,-1.0000,-1.0000,-1.0000,-1.0000,-1.0000,-1.0000,-1.0000,-1.0000,-1.0000,-1.0000,-1.0000,-1.0000,-1.0000,-1.0000,-1.0000,-1.0000,-1.0000,-1.0000,-1.0000,-1.0000,-1.0000,-1.0000,-1.0000,-1.0000,-1.0000,-1.0000,-1.0000,-1.0000,-1.0000,-1.0000,-1.0000,-1.0000,-1.0000,-1.0000,-1.0000,1.6908,1.6653,1.6838,1.6799,1.6797,1.6650,1.1113,1.1660,1.3261,1.2332,1.1237,1.4073,1.2940,1.2633,1.1413,1.3376,1.2233,1.2570,1.3794,1.3383,1.2976,1.2853,1.2471,1.2569,1.2449,1.1447,1.1930,1.1640,1.1487,1.1875,1.1146,1.0362,1.0612,1.0776,1.0232,1.0852,1.0657,1.0845,1.0060,1.0263,1.2545,1.3774,1.3360,1.2952,1.2834,1.2448,1.2539,1.2432,1.1421,1.1901,1.1610,1.1461,1.1857,1.1115,1.0326,1.0579,1.0742,1.0196,1.0822,1.0622,1.0819,1.0029,1.0228,0,1.0000,-3.8126,0.2856,-2.5528
140,0.2800,0.0739,-0.0055,0.1019,-3.8126,0.2856,-5.2996,0.0656,0.1933,0.0001,1.0269,0.9999,0.0005,0.0127,0.0002,-0.0000,-0.0217,-0.0012,-0.0095,0.0056,-0.0009,0.0001,-0.0216,-0.0012,-0.0093,0.0055,-0.0009,-0.0002,0.0337,0.0017,0.0008,0.0312,0.0028,0.0041,-0.0000,0.0334,-0.0009,-0.0010,0.0307,0.0029,0.0016,-0.0000,0.0245,0.0017,-0.0017,0.0354,0.0229,0.0013,0.0021,0.0037,-0.0458,-0.0022,-0.0108,0.0349,-0.0009,-0.0094,-0.0457,0.0088,0.0984,0.0336,-0.0024,-0.2123,0.0165,-0.0009,-0.0438,0.0152,-0.0210,0.0005,-0.2191,0.0000,0.0005,-0.0587,0.0148,0.0050,-0.0007,-1.0000,-1.0000,-1.0000,-1.0000,-1.0000,-1.0000,-1.0000,-1.0000,-1.0000,-1.0000,-1.0000,-1.0000,-1.0000,-1.0000,-1.0000,-1.0000,-1.0000,-1.0000,-1.0000,-1.0000,-1.0000,-1.0000,-1.0000,-1.0000,-1.0000,-1.0000,-1.0000,-1.0000,-1.0000,-1.0000,-1.0000,-1.0000,-1.0000,-1.0000,-1.0000,-1.0000,-1.0000,-1.0000,-1.0000,-1.0000,-1.0000,-1.0000,-1.0000,-1.0000,-1.0000,-1.0000,-1.0000,-1.0000,-1.0000,-1.0000,-1.0000,-1.0000,-1.0000,-1.0000,-1.0000,-1.0000,-1.0000,-1.0000,-1.0000,-1.0000,-1.0000,-1.0000,-1.0000,-1.0000,-1.0000,-1.0000,-1.0000,-1.0000,-1.0000,-1.0000,-1.0000,-1.0000,-1.0000,-1.0000,-1.0000,-1.0000,-1.0000,-1.0000,-1.0000,-1.0000,-1.0000,-1.0000,-1.0000,-1.0000,-1.0000,-1.0000,-1.0000,-1.0000,-1.0000,-1.0000,-1.0000,-1.0000,-1.0000,-1.0000,-1.0000,-1.0000,-1.0000,-1.0000,-1.0000,-1.0000,-1.0000,-1.0000,-1.0000,-1.0000,-1.0000,-1.0000,-1.0000,-1.0000,-1.0000,-1.0000,-1.0000,-1.0000,-1.0000,-1.0000,-1.0000,-1.0000,-1.0000,-1.0000,-1.0000,-1.0000,-1.0000,1.6908,1.6653,1.6838,1.6799,1.6797,1.6650,1.1113,1.1660,1.3261,1.2332,1.1237,1.4073,1.2940,1.2633,1.1413,1.3376,1.2233,1.2570,1.3794,1.3383,1.2976,1.2853,1.2471,1.2569,1.2449,1.1447,1.1930,1.1640,1.1487,1.1875,1.1146,1.0362,1.0612,1.0776,1.0232,1.0852,1.0657,1.0845,1.0060,1.0263,1.2545,1.3774,1.3360,1.2952,1.2834,1.2448,1.2539,1.2432,1.1421,1.1901,1.1610,1.1461,1.1857,1.1115,1.0326,1.0579,1.0742,1.0196,1.0822,1.0622,1.0819,1.0029,1.0228,0,1.0000,-3.8126,0.2856,-2.5528
141,0.2820,0.0663,-0.0050,0.0912,-3.8126,0.2856,-5.3192,0.0656,0.1934,0.0001,1.0269,0.9999,0.0005,0.0128,0.0002,-0.0000,-0.0217,-0.0013,-0.0095,0.0056,-0.0008,0.0001,-0.0217,-0.0014,-0.0093,0.0057,-0.0005,-0.0002,0.0332,0.0018,0.0008,0.0311,0.0028,0.0041,-0.0000,0.0330,-0.0009,-0.0010,0.0305,0.0029,0.0016,-0.0000,0.0250,0.0017,-0.0020,0.0422,0.0215,0.0018,0.0015,0.0050,-0.0557,-0.0014,-0.0060,0.0712,-0.0014,-0.0043,-0.0627,0.0077,0.0643,0.2132,-0.0033,-0.2119,0.0182,-0.0019,-0.0419,0.0152,-0.0212,0.0005,-0.2201,0.0036,0.0004,-0.0605,0.0148,0.0063,-0.0007,-1.0000,-1.0000,-1.0000,-1.0000,-1.0000,-1.0000,-1.0000,-1.0000,-1.0000,-1.0000,-1.0000,-1.0000,-1.0000,-1.0000,-1.0000,-1.0000,-1.0000,-1.0000,-1.0000,-1.0000,-1.0000,-1.0000,-1.0000,-1.0000,-1.0000,-1.0000,-1.0000,-1.0000,-1.0000,-1.0000,-1.0000,-1.0000,-1.0000,-1.0000,-1.0000,-1.0000,-1.0000,-1.0000,-1.0000,-1.0000,-1.0000,-1.0000,-1.0000,-1.0000,-1.0000,-1.0000,-1.0000,-1.0000,-1.0000,-1.0000,-1.0000,-1.0000,-1.0000,-1.0000,-1.0000,-1.0000,-1.0000,-1.0000,-1.0000,-1.0000,-1.0000,-1.0000,-1.0000,-1.0000,-1.0000,-1.0000,-1.0000,-1.0000,-1.0000,-1.0000,-1.0000,-1.0000,-1.0000,-1.0000,-1.0000,-1.0000,-1.0000,-1.0000,-1.0000,-1.0000,-1.0000,-1.0000,-1.0000,-1.0000,-1.0000,-1.0000,-1.0000,-1.0000,-1.0000,-1.0000,-1.0000,-1.0000,-1.0000,-1.0000,-1.0000,-1.0000,-1.0000,-1.0000,-1.0000,-1.0000,-1.0000,-1.0000,-1.0000,-1.0000,-1.0000,-1.0000,-1.0000,-1.0000,-1.0000,-1.0000,-1.0000,-1.0000,-1.0000,-1.0000,-1.0000,-1.0000,-1.0000,-1.0000,-1.0000,-1.0000,-1.0000,1.7022,1.6769,1.6951,1.6911,1.6913,1.6764,1.1221,1.1777,1.3377,1.2441,1.1355,1.4185,1.3048,1.2750,1.1521,1.3484,1.2350,1.2683,1.3908,1.3496,1.3089,1.2967,1.2578,1.2677,1.2562,1.1559,1.2038,1.1750,1.1594,1.1986,1.1253,1.0470,1.0727,1.0887,1.0343,1.0967,1.0765,1.0961,1.0175,1.0376,1.2661,1.3889,1.3475,1.3067,1.2949,1.2557,1.2650,1.2546,1.1535,1.2011,1.1722,1.1570,1.1969,1.1225,1.0437,1.0697,1.0856,1.0310,1.0940,1.0733,1.0937,1.0146,1.0345,0,1.0000,-3.8126,0.2856,-2.5528
142,0.2840,0.0587,-0.0044,0.0806,-3.8126,0.2856,-5.3388,0.0656,0.1934,0.0001,1.0269,0.9999,0.0005,0.0128,0.0002,-0.0000,-0.0217,-0.0014,-0.0095,0.0056,-0.0006,0.0001,-0.0217,-0.0015,-0.0093,0.0057,-0.0002,-0.0002,0.0328,0.0018,0.0008,0.0311,0.0029,0.0041,-0.0000,0.0325,-0.0009,-0.0010,0.0304,0.0029,0.0016,-0.0000,0.0255,0.0014,0.0000,0.0363,0.0208,0.0013,0.0015,0.0055,-0.0494,-0.0001,-0.0034,0.0951,-0.0011,0.0017,-0.0522,0.0043,0.0228,0.1483,-0.0018,-0.2119,0.0146,-0.0013,-0.0407,0.0152,-0.0214,0.0005,-0.2182,0.0022,0.0020,-0.0538,0.0149,0.0078,-0.0007,-1.0000,-1.0000,-1.0000,-1.0000,-1.0000,-1.0000,-1.0000,-1.0000,-1.0000,-1.0000,-1.0000,-1.0000,-1.0000,-1.0000,-1.0000,-1.0000,-1.0000,-1.0000,-1.0000,-1.0000,-1.0000,-1.0000,-1.0000,-1.0000,-1.0000,-1.0000,-1.0000,-1.0000,-1.0000,-1.0000,-1.0000,-1.0000,-1.0000,-1.0000,-1.0000,-1.0000,-1.0000,-1.0000,-1.0000,-1.0000,-1.0000,-1.0000,-1.0000,-1.0000,-1.0000,-1.0000,-1.0000,-1.0000,-1.0000,-1.0000,-1.0000,-1.0000,-1.0000,-1.0000,-1.0000,-1.0000,-1.0000,-1.0000,-1.0000,-1.0000,-1.0000,-1.0000,-1.0000,-1.0000,-1.0000,-1.0000,-1.0000,-1.0000,-1.0000,-1.0000,-1.0000,-1.0000,-1.0000,-1.0000,-1.0000,-1.0000,-1.0000,-1.0000,-1.0000,-1.0000,-1.0000,-1.0000,-1.0000,-1.0000,-1.0000,-1.0000,-1.0000,-1.0000,-1.0000,-1.0000,-1.0000,-1.0000,-1.0000,-1.0000,-1.0000,-1.0000,-1.0000,-1.0000,-1.0000,-1.0000,-1.0000,-1.0000,-1.0000,-1.0000,-1.0000,-1.0000,-1.0000,-1.0000,-1.0000,-1.0000,-1.0000,-1.0000,-1.0000,-1.0000,-1.0000,-1.0000,-1.0000,-1.0000,-1.0000,-1.0000,-1.0000,1.7137,1.6886,1.7065,1.7023,1.7028,1.6878,1.1330,1.1896,1.3494,1.2550,1.1473,1.4299,1.3157,1.2868,1.1631,1.3594,1.2468,1.2797,1.4022,1.3610,1.3203,1.3081,1.2686,1.2787,1.2675,1.1673,1.2146,1.1860,1.1702,1.2098,1.1362,1.0580,1.0843,1.0999,1.0455,1.1084,1.0875,1.1077,1.0291,1.0490,1.2776,1.4004,1.3590,1.3183,1.3065,1.2667,1.2762,1.2660,1.1651,1.2121,1.1835,1.1680,1.2082,1.1336,1.0549,1.0815,1.0970,1.0425,1.1059,1.0845,1.1056,1.0265,1.0462,0,1.0000,-3.8126,0.2856,-2.5528
142,0.2840,0.0587,-0.0044,0.0806,-3.8126,0.2856,-5.3388,0.0656,0.1934,0.0001,1.0269,0.9999,0.0005,0.0128,0.0002,-0.0000,-0.0217,-0.0014,-0.0095,0.0056,-0.0006,0.0001,-0.0217,-0.0015,-0.0093,0.0057,-0.0002,-0.0002,0.0328,0.0018,0.0008,0.0311,0.0029,0.0041,-0.0000,0.0325,-0.0009,-0.0010,0.0304,0.0029,0.0016,-0.0000,0.0255,0.0014,0.0000,0.0363,0.0208,0.0013,0.0015,0.0055,-0.0494,-0.0001,-0.0034,0.0951,-0.0011,0.0017,-0.0522,0.0043,0.0228,0.1483,-0.0018,-0.2119,0.0146,-0.0013,-0.0407,0.0152,-0.0214,0.0005,-0.2182,0.0022,0.0020,-0.0538,0.0149,0.0078,-0.0007,-1.0000,-1.0000,-1.0000,-1.0000,-1.0000,-1.0000,-1.0000,-1.0000,-1.0000,-1.0000,-1.0000,-1.0000,-1.0000,-1.0000,-1.0000,-1.0000,-1.0000,-1.0000,-1.0000,-1.0000,-1.0000,-1.0000,-1.0000,-1.0000,-1.0000,-1.0000,-1.0000,-1.0000,-1.0000,-1.0000,-1.0000,-1.0000,-1.0000,-1.0000,-1.0000,-1.0000,-1.0000,-1.0000,-1.0000,-1.0000,-1.0000,-1.0000,-1.0000,-1.0000,-1.0000,-1.0000,-1.0000,-1.0000,-1.0000,-1.0000,-1.0000,-1.0000,-1.0000,-1.0000,-1.0000,-1.0000,-1.0000,-1.0000,-1.0000,-1.0000,-1.0000,-1.0000,-1.0000,-1.0000,-1.0000,-1.0000,-1.0000,-1.0000,-1.0000,-1.0000,-1.0000,-1.0000,-1.0000,-1.0000,-1.0000,-1.0000,-1.0000,-1.0000,-1.0000,-1.0000,-1.0000,-1.0000,-1.0000,-1.0000,-1.0000,-1.0000,-1.0000,-1.0000,-1.0000,-1.0000,-1.0000,-1.0000,-1.0000,-1.0000,-1.0000,-1.0000,-1.0000,-1.0000,-1.0000,-1.0000,-1.0000,-1.0000,-1.0000,-1.0000,-1.0000,-1.0000,-1.0000,-1.0000,-1.0000,-1.0000,-1.0000,-1.0000,-1.0000,-1.0000,-1.0000,-1.0000,-1.0000,-1.0000,-1.0000,-1.0000,-1.0000,1.7137,1.6886,1.7065,1.7023,1.7028,1.6878,1.1330,1.1896,1.3494,1.2550,1.1473,1.4299,1.3157,1.2868,1.1631,1.3594,1.2468,1.2797,1.4022,1.3610,1.3203,1.3081,1.2686,1.2787,1.2675,1.1673,1.2146,1.1860,1.1702,1.2098,1.1362,1.0580,1.0843,1.0999,1.0455,1.1084,1.0875,1.1077,1.0291,1.0490,1.2776,1.4004,1.3590,1.3183,1.3065,1.2667,1.2762,1.2660,1.1651,1.2121,1.1835,1.1680,1.2082,1.1336,1.0549,1.0815,1.0970,1.0425,1.1059,1.0845,1.1056,1.0265,1.0462,0,1.0000,-3.8126,0.2856,-2.5528
143,0.2860,0.0511,-0.0038,0.0698,-3.8126,0.2856,-5.3584,0.0656,0.1935,0.0001,1.0269,0.9999,0.0006,0.0128,0.0002,-0.0000,-0.0217,-0.0015,-0.0095,0.0056,-0.0001,0.0001,-0.0216,-0.0015,-0.0093,0.0057,-0.0002,-0.0002,0.0324,0.0018,0.0008,0.0310,0.0029,0.0040,-0.0000,0.0321,-0.0009,-0.0009,0.0303,0.0030,0.0017,-0.0000,0.0259,0.0005,-0.0018,0.0212,0.0194,0.0001,0.0009,0.0083,-0.0370,0.0013,-0.0179,0.2284,0.0002,0.0096,-0.0272,0.0001,-0.0274,0.0205,0.0013,-0.2144,0.0084,0.0005,-0.0492,0.0153,-0.0219,0.0005,-0.2165,-0.0021,0.0047,-0.0504,0.0150,0.0092,-0.0007,-1.0000,-1.0000,-1.0000,-1.0000,-1.0000,-1.0000,-1.0000,-1.0000,-1.0000,-1.0000,-1.0000,-1.0000,-1.0000,-1.0000,-1.0000,-1.0000,-1.0000,-1.0000,-1.0000,-1.0000,-1.0000,-1.0000,-1.0000,-1.0000,-1.0000,-1.0000,-1.0000,-1.0000,-1.0000,-1.0000,-1.0000,-1.0000,-1.0000,-1.0000,-1.0000,-1.0000,-1.0000,-1.0000,-1.0000,-1.0000,-1.0000,-1.0000,-1.0000,-1.0000,-1.0000,-1.0000,-1.0000,-1.0000,-1.0000,-1.0000,-1.0000,-1.0000,-1.0000,-1.0000,-1.0000,-1.0000,-1.0000,-1.0000,-1.0000,-1.0000,-1.0000,-1.0000,-1.0000,-1.0000,-1.0000,-1.0000,-1.0000,-1.0000,-1.0000,-1.0000,-1.0000,-1.0000,-1.0000,-1.0000,-1.0000,-1.0000,-1.0000,-1.0000,-1.0000,-1.0000,-1.0000,-1.0000,-1.0000,-1.0000,-1.0000,-1.0000,-1.0000,-1.0000,-1.0000,-1.0000,-1.0000,-1.0000,-1.0000,-1.0000,-1.0000,-1.0000,-1.0000,-1.0000,-1.0000,-1.0000,-1.0000,-1.0000,-1.0000,-1.0000,-1.0000,-1.0000,-1.0000,-1.0000,-1.0000,-1.0000,-1.0000,-1.0000,-1.0000,-1.0000,-1.0000,-1.0000,-1.0000,-1.0000,-1.0000,-1.0000,-1.0000,1.7252,1.7003,1.7180,1.7137,1.7145,1.6993,1.1440,1.2015,1.3612,1.2660,1.1592,1.4413,1.3267,1.2987,1.1741,1.3704,1.2586,1.2912,1.4136,1.3725,1.3317,1.3196,1.2795,1.2897,1.2789,1.1787,1.2255,1.1972,1.1811,1.2210,1.1471,1.0690,1.0960,1.1112,1.0568,1.1201,1.0985,1.1195,1.0407,1.0605,1.2893,1.4121,1.3707,1.3299,1.3181,1.2778,1.2874,1.2776,1.1767,1.2233,1.1948,1.1791,1.2196,1.1448,1.0662,1.0935,1.1086,1.0540,1.1178,1.0958,1.1175,1.0384,1.0579,0,1.0000,-3.8126,0.2856,-2.5528
143,0.2860,0.0511,-0.0038,0.0698,-3.8126,0.2856,-5.3584,0.0656,0.1935,0.0001,1.0269,0.9999,0.0006,0.0128,0.0002,-0.0000,-0.0217,-0.0015,-0.0095,0.0056,-0.0001,0.0001,-0.0216,-0.0015,-0.0093,0.0057,-0.0002,-0.0002,0.0324,0.0018,0.0008,0.0310,0.0029,0.0040,-0.0000,0.0321,-0.0009,-0.0009,0.0303,0.0030,0.0017,-0.0000,0.0259,0.0005,-0.0018,0.0212,0.0194,0.0001,0.0009,0.0083,-0.0370,0.0013,-0.0179,0.2284,0.0002,0.0096,-0.0272,0.0001,-0.0274,0.0205,0.0013,-0.2144,0.0084,0.0005,-0.0492,0.0153,-0.0219,0.0005,-0.2165,-0.0021,0.0047,-0.0504,0.0150,0.0092,-0.0007,-1.0000,-1.0000,-1.0000,-1.0000,-1.0000,-1.0000,-1.0000,-1.0000,-1.0000,-1.0000,-1.0000,-1.0000,-1.0000,-1.0000,-1.0000,-1.0000,-1.0000,-1.0000,-1.0000,-1.0000,-1.0000,-1.0000,-1.0000,-1.0000,-1.0000,-1.0000,-1.0000,-1.0000,-1.0000,-1.0000,-1.0000,-1.0000,-1.0000,-1.0000,-1.0000,-1.0000,-1.0000,-1.0000,-1.0000,-1.0000,-1.0000,-1.0000,-1.0000,-1.0000,-1.0000,-1.0000,-1.0000,-1.0000,-1.0000,-1.0000,-1.0000,-1.0000,-1.0000,-1.0000,-1.0000,-1.0000,-1.0000,-1.0000,-1.0000,-1.0000,-1.0000,-1.0000,-1.0000,-1.0000,-1.0000,-1.0000,-1.0000,-1.0000,-1.0000,-1.0000,-1.0000,-1.0000,-1.0000,-1.0000,-1.0000,-1.0000,-1.0000,-1.0000,-1.0000,-1.0000,-1.0000,-1.0000,-1.0000,-1.0000,-1.0000,-1.0000,-1.0000,-1.0000,-1.0000,-1.0000,-1.0000,-1.0000,-1.0000,-1.0000,-1.0000,-1.0000,-1.0000,-1.0000,-1.0000,-1.0000,-1.0000,-1.0000,-1.0000,-1.0000,-1.0000,-1.0000,-1.0000,-1.0000,-1.0000,-1.0000,-1.0000,-1.0000,-1.0000,-1.0000,-1.0000,-1.0000,-1.0000,-1.0000,-1.0000,-1.0000,-1.0000,1.7252,1.7003,1.7180,1.7137,1.7145,1.6993,1.1440,1.2015,1.3612,1.2660,1.1592,1.4413,1.3267,1.2987,1.1741,1.3704,1.2586,1.2912,1.4136,1.3725,1.3317,1.3196,1.2795,1.2897,1.2789,1.1787,1.2255,1.1972,1.1811,1.2210,1.1471,1.0690,1.0960,1.1112,1.0568,1.1201,1.0985,1.1195,1.0407,1.0605,1.2893,1.4121,1.3707,1.3299,1.3181,1.2778,1.2874,1.2776,1.1767,1.2233,1.1948,1.1791,1.2196,1.1448,1.0662,1.0935,1.1086,1.0540,1.1178,1.0958,1.1175,1.0384,1.0579,0,1.0000,-3.8126,0.2856,-2.5528
144,0.2880,0.0434,-0.0033,0.0591,-3.8126,0.2856,-5.3781,0.0656,0.1936,0.0001,1.0269,0.9999,0.0006,0.0128,0.0002,-0.0000,-0.0216,-0.0015,-0.0095,0.0055,0.0006,0.0001,-0.0216,-0.0015,-0.0093,0.0055,-0.0004,-0.0002,0.0320,0.0018,0.0008,0.0308,0.0029,0.0040,-0.0000,0.0317,-0.0009,-0.0009,0.0302,0.0030,0.0017,-0.0000,0.0263,-0.0003,-0.0037,0.0069,0.0179,-0.0010,0.0004,0.0108,-0.0252,0.0028,-0.0301,0.3551,0.0014,0.0168,-0.0035,-0.0036,-0.0714,-0.0986,0.0041,-0.2167,0.0026,0.0021,-0.0573,0.0154,-0.0224,0.0005,-0.2149,-0.0061,0.0071,-0.0477,0.0151,0.0105,-0.0007,-1.0000,-1.0000,-1.0000,-1.0000,-1.0000,-1.0000,-1.0000,-1.0000,-1.0000,-1.0000,-1.0000,-1.0000,-1.0000,-1.0000,-1.0000,-1.0000,-1.0000,-1.0000,-1.0000,-1.0000,-1.0000,-1.0000,-1.0000,-1.0000,-1.0000,-1.0000,-1.0000,-1.0000,-1.0000,-1.0000,-1.0000,-1.0000,-1.0000,-1.0000,-1.0000,-1.0000,-1.0000,-1.0000,-1.0000,-1.0000,-1.0000,-1.0000,-1.0000,-1.0000,-1.0000,-1.0000,-1.0000,-1.0000,-1.0000,-1.0000,-1.0000,-1.0000,-1.0000,-1.0000,-1.0000,-1.0000,-1.0000,-1.0000,-1.0000,-1.0000,-1.0000,-1.0000,-1.0000,-1.0000,-1.0000,-1.0000,-1.0000,-1.0000,-1.0000,-1.0000,-1.0000,-1.0000,-1.0000,-1.0000,-1.0000,-1.0000,-1.0000,-1.0000,-1.0000,-1.0000,-1.0000,-1.0000,-1.0000,-1.0000,-1.0000,-1.0000,-1.0000,-1.0000,-1.0000,-1.0000,-1.0000,-1.0000,-1.0000,-1.0000,-1.0000,-1.0000,-1.0000,-1.0000,-1.0000,-1.0000,-1.0000,-1.0000,-1.0000,-1.0000,-1.0000,-1.0000,-1.0000,-1.0000,-1.0000,-1.0000,-1.0000,-1.0000,-1.0000,-1.0000,-1.0000,-1.0000,-1.0000,-1.0000,-1.0000,-1.0000,-1.0000,1.7368,1.7121,1.7295,1.7250,1.7262,1.7109,1.1551,1.2135,1.3731,1.2771,1.1711,1.4528,1.3378,1.3106,1.1852,1.3815,1.2705,1.3027,1.4252,1.3840,1.3432,1.3311,1.2905,1.3008,1.2904,1.1902,1.2365,1.2084,1.1921,1.2323,1.1582,1.0801,1.1077,1.1225,1.0681,1.1319,1.1096,1.1313,1.0525,1.0721,1.3010,1.4238,1.3824,1.3416,1.3298,1.2889,1.2988,1.2892,1.1884,1.2345,1.2063,1.1902,1.2310,1.1561,1.0776,1.1055,1.1202,1.0657,1.1298,1.1072,1.1295,1.0503,1.0698,0,1.0000,-3.8126,0.2856,-2.5528
145,0.2900,0.0367,-0.0027,0.0505,-3.3616,0.2518,-4.2708,0.0656,0.1936,0.0001,1.0269,0.9999,0.0006,0.0128,0.0002,0.0000,-0.0216,-0.0015,-0.0095,0.0054,0.0009,0.0001,-0.0216,-0.0015,-0.0093,0.0053,-0.0007,-0.0002,0.0315,0.0018,0.0008,0.0307,0.0030,0.0039,-0.0000,0.0312,-0.0009,-0.0009,0.0301,0.0030,0.0017,-0.0000,0.0267,-0.0006,-0.0038,-0.0041,0.0169,-0.0017,0.0025,0.0126,-0.0027,0.0040,-0.0408,0.1643,0.0014,0.0222,0.0126,-0.0065,-0.1024,-0.1503,0.0060,-0.2174,-0.0030,0.0030,-0.0608,0.0154,-0.0228,0.0005,-0.2125,-0.0097,0.0089,-0.0430,0.0152,0.0119,-0.0006,-1.0000,-1.0000,-1.0000,-1.0000,-1.0000,-1.0000,-1.0000,-1.0000,-1.0000,-1.0000,-1.0000,-1.0000,-1.0000,-1.0000,-1.0000,-1.0000,-1.0000,-1.0000,-1.0000,-1.0000,-1.0000,-1.0000,-1.0000,-1.0000,-1.0000,-1.0000,-1.0000,-1.0000,-1.0000,-1.0000,-1.0000,-1.0000,-1.0000,-1.0000,-1.0000,-1.0000,-1.0000,-1.0000,-1.0000,-1.0000,-1.0000,-1.0000,-1.0000,-1.0000,-1.0000,-1.0000,-1.0000,-1.0000,-1.0000,-1.0000,-1.0000,-1.0000,-1.0000,-1.0000,-1.0000,-1.0000,-1.0000,-1.0000,-1.0000,-1.0000,-1.0000,-1.0000,-1.0000,-1.0000,-1.0000,-1.0000,-1.0000,-1.0000,-1.0000,-1.0000,-1.0000,-1.0000,-1.0000,-1.0000,-1.0000,-1.0000,-1.0000,-1.0000,-1.0000,-1.0000,-1.0000,-1.0000,-1.0000,-1.0000,-1.0000,-1.0000,-1.0000,-1.0000,-1.0000,-1.0000,-1.0000,-1.0000,-1.0000,-1.0000,-1.0000,-1.0000,-1.0000,-1.0000,-1.0000,-1.0000,-1.0000,-1.0000,-1.0000,-1.0000,-1.0000,-1.0000,-1.0000,-1.0000,-1.0000,-1.0000,-1.0000,-1.0000,-1.0000,-1.0000,-1.0000,-1.0000,-1.0000,-1.0000,-1.0000,-1.0000,-1.0000,1.7484,1.7240,1.7411,1.7365,1.7379,1.7225,1.1662,1.2255,1.3850,1.2883,1.1831,1.4644,1.3489,1.3225,1.1964,1.3926,1.2825,1.3143,1.4368,1.3955,1.3548,1.3427,1.3016,1.3120,1.3019,1.2017,1.2475,1.2197,1.2031,1.2437,1.1693,1.0913,1.1195,1.1340,1.0795,1.1437,1.1208,1.1432,1.0642,1.0838,1.3128,1.4355,1.3941,1.3533,1.3416,1.3002,1.3102,1.3009,1.2001,1.2457,1.2178,1.2015,1.2426,1.1674,1.0891,1.1175,1.1319,1.0774,1.1419,1.1187,1.1416,1.0624,1.0817,0,1.0000,-3.8126,0.2856,-2.5528
145,0.2900,0.0367,-0.0027,0.0505,-3.3616,0.2518,-4.2708,0.0656,0.1936,0.0001,1.0269,0.9999,0.0006,0.0128,0.0002,0.0000,-0.0216,-0.0015,-0.0095,0.0054,0.0009,0.0001,-0.0216,-0.0015,-0.0093,0.0053,-0.0007,-0.0002,0.0315,0.0018,0.0008,0.0307,0.0030,0.0039,-0.0000,0.0312,-0.0009,-0.0009,0.0301,0.0030,0.0017,-0.0000,0.0267,-0.0006,-0.0038,-0.0041,0.0169,-0.0017,0.0025,0.0126,-0.0027,0.0040,-0.0408,0.1643,0.0014,0.0222,0.0126,-0.0065,-0.1024,-0.1503,0.0060,-0.2174,-0.0030,0.0030,-0.0608,0.0154,-0.0228,0.0005,-0.2125,-0.0097,0.0089,-0.0430,0.0152,0.0119,-0.0006,-1.0000,-1.0000,-1.0000,-1.0000,-1.0000,-1.0000,-1.0000,-1.0000,-1.0000,-1.0000,-1.0000,-1.0000,-1.0000,-1.0000,-1.0000,-1.0000,-1.0000,-1.0000,-1.0000,-1.0000,-1.0000,-1.0000,-1.0000,-1.0000,-1.0000,-1.0000,-1.0000,-1.0000,-1.0000,-1.0000,-1.0000,-1.0000,-1.0000,-1.0000,-1.0000,-1.0000,-1.0000,-1.0000,-1.0000,-1.0000,-1.0000,-1.0000,-1.0000,-1.0000,-1.0000,-1.0000,-1.0000,-1.0000,-1.0000,-1.0000,-1.0000,-1.0000,-1.0000,-1.0000,-1.0000,-1.0000,-1.0000,-1.0000,-1.0000,-1.0000,-1.0000,-1.0000,-1.0000,-1.0000,-1.0000,-1.0000,-1.0000,-1.0000,-1.0000,-1.0000,-1.0000,-1.0000,-1.0000,-1.0000,-1.0000,-1.0000,-1.0000,-1.0000,-1.0000,-1.0000,-1.0000,-1.0000,-1.0000,-1.0000,-1.0000,-1.0000,-1.0000,-1.0000,-1.0000,-1.0000,-1.0000,-1.0000,-1.0000,-1.0000,-1.0000,-1.0000,-1.0000,-1.0000,-1.0000,-1.0000,-1.0000,-1.0000,-1.0000,-1.0000,-1.0000,-1.0000,-1.0000,-1.0000,-1.0000,-1.0000,-1.0000,-1.0000,-1.0000,-1.0000,-1.0000,-1.0000,-1.0000,-1.0000,-1.0000,-1.0000,-1.0000,1.7484,1.7240,1.7411,1.7365,1.7379,1.7225,1.1662,1.2255,1.3850,1.2883,1.1831,1.4644,1.3489,1.3225,1.1964,1.3926,1.2825,1.3143,1.4368,1.3955,1.3548,1.3427,1.3016,1.3120,1.3019,1.2017,1.2475,1.2197,1.2031,1.2437,1.1693,1.0913,1.1195,1.1340,1.0795,1.1437,1.1208,1.1432,1.0642,1.0838,1.3128,1.4355,1.3941,1.3533,1.3416,1.3002,1.3102,1.3009,1.2001,1.2457,1.2178,1.2015,1.2426,1.1674,1.0891,1.1175,1.1319,1.0774,1.1419,1.1187,1.1416,1.0624,1.0817,0,1.0000,-3.8126,0.2856,-2.5528
146,0.2920,0.0308,-0.0023,0.0439,-2.9783,0.2231,-3.3424,0.0656,0.1937,0.0001,1.0268,0.9999,0.0005,0.0129,0.0002,0.0000,-0.0216,-0.0015,-0.0095,0.0053,0.0009,0.0001,-0.0215,-0.0014,-0.0093,0.0050,-0.0010,-0.0002,0.0311,0.0018,0.0008,0.0306,0.0030,0.0039,-0.0000,0.0308,-0.0010,-0.0009,0.0301,0.0030,0.0017,-0.0000,0.0272,-0.0008,-0.0041,-0.0151,0.0159,-0.0025,0.0035,0.0143,0.0194,0.0051,-0.0490,-0.0141,0.0016,0.0271,0.0284,-0.0090,-0.1291,-0.1972,0.0080,-0.2180,-0.0086,0.0038,-0.0645,0.0155,-0.0231,0.0006,-0.2102,-0.0132,0.0106,-0.0390,0.0153,0.0132,-0.0006,-1.0000,-1.0000,-1.0000,-1.0000,-1.0000,-1.0000,-1.0000,-1.0000,-1.0000,-1.0000,-1.0000,-1.0000,-1.0000,-1.0000,-1.0000,-1.0000,-1.0000,-1.0000,-1.0000,-1.0000,-1.0000,-1.0000,-1.0000,-1.0000,-1.0000,-1.0000,-1.0000,-1.0000,-1.0000,-1.0000,-1.0000,-1.0000,-1.0000,-1.0000,-1.0000,-1.0000,-1.0000,-1.0000,-1.0000,-1.0000,-1.0000,-1.0000,-1.0000,-1.0000,-1.0000,-1.0000,-1.0000,-1.0000,-1.0000,-1.0000,-1.0000,-1.0000,-1.0000,-1.0000,-1.0000,-1.0000,-1.0000,-1.0000,-1.0000,-1.0000,-1.0000,-1.0000,-1.0000,-1.0000,-1.0000,-1.0000,-1.0000,-1.0000,-1.0000,-1.0000,-1.0000,-1.0000,-1.0000,-1.0000,-1.0000,-1.0000,-1.0000,-1.0000,-1.0000,-1.0000,-1.0000,-1.0000,-1.0000,-1.0000,-1.0000,-1.0000,-1.0000,-1.0000,-1.0000,-1.0000,-1.0000,-1.0000,-1.0000,-1.0000,-1.0000,-1.0000,-1.0000,-1.0000,-1.0000,-1.0000,-1.0000,-1.0000,-1.0000,-1.0000,-1.0000,-1.0000,-1.0000,-1.0000,-1.0000,-1.0000,-1.0000,-1.0000,-1.0000,-1.0000,-1.0000,-1.0000,-1.0000,-1.0000,-1.0000,-1.0000,-1.0000,1.7577,1.7336,1.7504,1.7457,1.7474,1.7318,1.1751,1.2352,1.3945,1.2972,1.1928,1.4737,1.3578,1.3322,1.2053,1.4015,1.2921,1.3236,1.4461,1.4048,1.3641,1.3521,1.3104,1.3210,1.3112,1.2110,1.2564,1.2287,1.2119,1.2528,1.1782,1.1003,1.1291,1.1431,1.0887,1.1533,1.1298,1.1528,1.0738,1.0932,1.3223,1.4450,1.4036,1.3628,1.3511,1.3092,1.3193,1.3103,1.2096,1.2548,1.2271,1.2105,1.2518,1.1765,1.0983,1.1273,1.1413,1.0868,1.1517,1.1279,1.1514,1.0721,1.0914,0,1.0000,-3.8126,0.2856,-2.5528
146,0.2920,0.0308,-0.0023,0.0439,-2.9783,0.2231,-3.3424,0.0656,0.1937,0.0001,1.0268,0.9999,0.0005,0.0129,0.0002,0.0000,-0.0216,-0.0015,-0.0095,0.0053,0.0009,0.0001,-0.0215,-0.0014,-0.0093,0.0050,-0.0010,-0.0002,0.0311,0.0018,0.0008,0.0306,0.0030,0.0039,-0.0000,0.0308,-0.0010,-0.0009,0.0301,0.0030,0.0017,-0.0000,0.0272,-0.0008,-0.0041,-0.0151,0.0159,-0.0025,0.0035,0.0143,0.0194,0.0051,-0.0490,-0.0141,0.0016,0.0271,0.0284,-0.0090,-0.1291,-0.1972,0.0080,-0.2180,-0.0086,0.0038,-0.0645,0.0155,-0.0231,0.0006,-0.2102,-0.0132,0.0106,-0.0390,0.0153,0.0132,-0.0006,-1.0000,-1.0000,-1.0000,-1.0000,-1.0000,-1.0000,-1.0000,-1.0000,-1.0000,-1.0000,-1.0000,-1.0000,-1.0000,-1.0000,-1.0000,-1.0000,-1.0000,-1.0000,-1.0000,-1.0000,-1.0000,-1.0000,-1.0000,-1.0000,-1.0000,-1.0000,-1.0000,-1.0000,-1.0000,-1.0000,-1.0000,-1.0000,-1.0000,-1.0000,-1.0000,-1.0000,-1.0000,-1.0000,-1.0000,-1.0000,-1.0000,-1.0000,-1.0000,-1.0000,-1.0000,-1.0000,-1.0000,-1.0000,-1.0000,-1.0000,-1.0000,-1.0000,-1.0000,-1.0000,-1.0000,-1.0000,-1.0000,-1.0000,-1.0000,-1.0000,-1.0000,-1.0000,-1.0000,-1.0000,-1.0000,-1.0000,-1.0000,-1.0000,-1.0000,-1.0000,-1.0000,-1.0000,-1.0000,-1.0000,-1.0000,-1.0000,-1.0000,-1.0000,-1.0000,-1.0000,-1.0000,-1.0000,-1.0000,-1.0000,-1.0000,-1.0000,-1.0000,-1.0000,-1.0000,-1.0000,-1.0000,-1.0000,-1.0000,-1.0000,-1.0000,-1.0000,-1.0000,-1.0000,-1.0000,-1.0000,-1.0000,-1.0000,-1.0000,-1.0000,-1.0000,-1.0000,-1.0000,-1.0000,-1.0000,-1.0000,-1.0000,-1.0000,-1.0000,-1.0000,-1.0000,-1.0000,-1.0000,-1.0000,-1.0000,-1.0000,-1.0000,1.7577,1.7336,1.7504,1.7457,1.7474,1.7318,1.1751,1.2352,1.3945,1.2972,1.1928,1.4737,1.3578,1.3322,1.2053,1.4015,1.2921,1.3236,1.4461,1.4048,1.3641,1.3521,1.3104,1.3210,1.3112,1.2110,1.2564,1.2287,1.2119,1.2528,1.1782,1.1003,1.1291,1.1431,1.0887,1.1533,1.1298,1.1528,1.0738,1.0932,1.3223,1.4450,1.4036,1.3628,1.3511,1.3092,1.3193,1.3103,1.2096,1.2548,1.2271,1.2105,1.2518,1.1765,1.0983,1.1273,1.1413,1.0868,1.1517,1.1279,1.1514,1.0721,1.0914,0,1.0000,-3.8126,0.2856,-2.5528
147,0.2940,0.0254,-0.0019,0.0387,-2.6545,0.1988,-2.5662,0.0656,0.1937,0.0001,1.0268,0.9999,0.0005,0.0129,0.0002,0.0000,-0.0216,-0.0014,-0.0094,0.0052,0.0005,0.0001,-0.0214,-0.0013,-0.0093,0.0048,-0.0013,-0.0001,0.0307,0.0018,0.0008,0.0305,0.0030,0.0038,-0.0000,0.0304,-0.0010,-0.0009,0.0300,0.0031,0.0018,-0.0000,0.0277,-0.0015,-0.0034,-0.0314,0.0150,-0.0035,0.0046,0.0158,0.0473,0.0063,-0.0558,-0.1727,0.0017,0.0260,0.0451,-0.0075,-0.1018,-0.1258,0.0107,-0.2187,-0.0154,0.0052,-0.0682,0.0156,-0.0234,0.0006,-0.2066,-0.0179,0.0128,-0.0315,0.0154,0.0145,-0.0006,-1.0000,-1.0000,-1.0000,-1.0000,-1.0000,-1.0000,-1.0000,-1.0000,-1.0000,-1.0000,-1.0000,-1.0000,-1.0000,-1.0000,-1.0000,-1.0000,-1.0000,-1.0000,-1.0000,-1.0000,-1.0000,-1.0000,-1.0000,-1.0000,-1.0000,-1.0000,-1.0000,-1.0000,-1.0000,-1.0000,-1.0000,-1.0000,-1.0000,-1.0000,-1.0000,-1.0000,-1.0000,-1.0000,-1.0000,-1.0000,-1.0000,-1.0000,-1.0000,-1.0000,-1.0000,-1.0000,-1.0000,-1.0000,-1.0000,-1.0000,-1.0000,-1.0000,-1.0000,-1.0000,-1.0000,-1.0000,-1.0000,-1.0000,-1.0000,-1.0000,-1.0000,-1.0000,-1.0000,-1.0000,-1.0000,-1.0000,-1.0000,-1.0000,-1.0000,-1.0000,-1.0000,-1.0000,-1.0000,-1.0000,-1.0000,-1.0000,-1.0000,-1.0000,-1.0000,-1.0000,-1.0000,-1.0000,-1.0000,-1.0000,-1.0000,-1.0000,-1.0000,-1.0000,-1.0000,-1.0000,-1.0000,-1.0000,-1.0000,-1.0000,-1.0000,-1.0000,-1.0000,-1.0000,-1.0000,-1.0000,-1.0000,-1.0000,-1.0000,-1.0000,-1.0000,-1.0000,-1.0000,-1.0000,-1.0000,-1.0000,-1.0000,-1.0000,-1.0000,-1.0000,-1.0000,-1.0000,-1.0000,-1.0000,-1.0000,-1.0000,-1.0000,1.7652,1.7412,1.7578,1.7529,1.7549,1.7393,1.1821,1.2430,1.4022,1.3043,1.2006,1.4810,1.3648,1.3399,1.2124,1.4086,1.2998,1.3310,1.4535,1.4123,1.3715,1.3595,1.3174,1.3281,1.3186,1.2184,1.2634,1.2359,1.2189,1.2600,1.1852,1.1074,1.1367,1.1505,1.0961,1.1609,1.1369,1.1604,1.0814,1.1007,1.3299,1.4526,1.4112,1.3704,1.3586,1.3163,1.3266,1.3178,1.2172,1.2620,1.2345,1.2177,1.2592,1.1838,1.1057,1.1352,1.1489,1.0944,1.1596,1.1353,1.1593,1.0800,1.0991,0,1.0000,-3.8126,0.2856,-2.5528
148,0.2960,0.0207,-0.0015,0.0349,-2.3826,0.1785,-1.9195,0.0656,0.1938,0.0001,1.0268,0.9999,0.0004,0.0129,0.0001,0.0000,-0.0215,-0.0012,-0.0094,0.0053,0.0001,0.0001,-0.0214,-0.0012,-0.0094,0.0047,-0.0014,-0.0001,0.0302,0.0017,0.0008,0.0303,0.0031,0.0038,-0.0000,0.0300,-0.0011,-0.0008,0.0300,0.0031,0.0018,-0.0000,0.0282,-0.0029,-0.0059,-0.0603,0.0126,-0.0049,0.0098,0.0038,0.0865,0.0216,0.0610,-0.2327,0.0020,0.0273,0.0782,-0.0069,-0.0778,-0.0643,0.0151,-0.2221,-0.0258,0.0080,-0.0811,0.0157,-0.0241,0.0006,-0.2024,-0.0265,0.0164,-0.0248,0.0157,0.0159,-0.0006,-1.0000,-1.0000,-1.0000,-1.0000,-1.0000,-1.0000,-1.0000,-1.0000,-1.0000,-1.0000,-1.0000,-1.0000,-1.0000,-1.0000,-1.0000,-1.0000,-1.0000,-1.0000,-1.0000,-1.0000,-1.0000,-1.0000,-1.0000,-1.0000,-1.0000,-1.0000,-1.0000,-1.0000,-1.0000,-1.0000,-1.0000,-1.0000,-1.0000,-1.0000,-1.0000,-1.0000,-1.0000,-1.0000,-1.0000,-1.0000,-1.0000,-1.0000,-1.0000,-1.0000,-1.0000,-1.0000,-1.0000,-1.0000,-1.0000,-1.0000,-1.0000,-1.0000,-1.0000,-1.0000,-1.0000,-1.0000,-1.0000,-1.0000,-1.0000,-1.0000,-1.0000,-1.0000,-1.0000,-1.0000,-1.0000,-1.0000,-1.0000,-1.0000,-1.0000,-1.0000,-1.0000,-1.0000,-1.0000,-1.0000,-1.0000,-1.0000,-1.0000,-1.0000,-1.0000,-1.0000,-1.0000,-1.0000,-1.0000,-1.0000,-1.0000,-1.0000,-1.0000,-1.0000,-1.0000,-1.0000,-1.0000,-1.0000,-1.0000,-1.0000,-1.0000,-1.0000,-1.0000,-1.0000,-1.0000,-1.0000,-1.0000,-1.0000,-1.0000,-1.0000,-1.0000,-1.0000,-1.0000,-1.0000,-1.0000,-1.0000,-1.0000,-1.0000,-1.0000,-1.0000,-1.0000,-1.0000,-1.0000,-1.0000,-1.0000,-1.0000,-1.0000,1.7710,1.7471,1.7635,1.7586,1.7608,1.7451,1.1876,1.2491,1.4082,1.3098,1.2067,1.4868,1.3702,1.3459,1.2179,1.4141,1.3058,1.3369,1.4593,1.4181,1.3773,1.3653,1.3228,1.3336,1.3243,1.2242,1.2689,1.2416,1.2243,1.2657,1.1907,1.1130,1.1428,1.1562,1.1018,1.1670,1.1425,1.1665,1.0874,1.1066,1.3359,1.4585,1.4171,1.3764,1.3646,1.3219,1.3324,1.3237,1.2232,1.2677,1.2403,1.2233,1.2650,1.1894,1.1115,1.1415,1.1548,1.1004,1.1658,1.1411,1.1655,1.0862,1.1053,0,1.0000,-3.8126,0.2856,-2.5528
148,0.2960,0.0207,-0.0015,0.0349,-2.3826,0.1785,-1.9195,0.0656,0.1938,0.0001,1.0268,0.9999,0.0004,0.0129,0.0001,0.0000,-0.0215,-0.0012,-0.0094,0.0053,0.0001,0.0001,-0.0214,-0.0012,-0.0094,0.0047,-0.0014,-0.0001,0.0302,0.0017,0.0008,0.0303,0.0031,0.0038,-0.0000,0.0300,-0.0011,-0.0008,0.0300,0.0031,0.0018,-0.0000,0.0282,-0.0029,-0.0059,-0.0603,0.0126,-0.0049,0.0098,0.0038,0.0865,0.0216,0.0610,-0.2327,0.0020,0.0273,0.0782,-0.0069,-0.0778,-0.0643,0.0151,-0.2221,-0.0258,0.0080,-0.0811,0.0157,-0.0241,0.0006,-0.2024,-0.0265,0.0164,-0.0248,0.0157,0.0159,-0.0006,-1.0000,-1.0000,-1.0000,-1.0000,-1.0000,-1.0000,-1.0000,-1.0000,-1.0000,-1.0000,-1.0000,-1.0000,-1.0000,-1.0000,-1.0000,-1.0000,-1.0000,-1.0000,-1.0000,-1.0000,-1.0000,-1.0000,-1.0000,-1.0000,-1.0000,-1.0000,-1.0000,-1.0000,-1.0000,-1.0000,-1.0000,-1.0000,-1.0000,-1.0000,-1.0000,-1.0000,-1.0000,-1.0000,-1.0000,-1.0000,-1.0000,-1.0000,-1.0000,-1.0000,-1.0000,-1.0000,-1.0000,-1.0000,-1.0000,-1.0000,-1.0000,-1.0000,-1.0000,-1.0000,-1.0000,-1.0000,-1.0000,-1.0000,-1.0000,-1.0000,-1.0000,-1.0000,-1.0000,-1.0000,-1.0000,-1.0000,-1.0000,-1.0000,-1.0000,-1.0000,-1.0000,-1.0000,-1.0000,-1.0000,-1.0000,-1.0000,-1.0000,-1.0000,-1.0000,-1.0000,-1.0000,-1.0000,-1.0000,-1.0000,-1.0000,-1.0000,-1.0000,-1.0000,-1.0000,-1.0000,-1.0000,-1.0000,-1.0000,-1.0000,-1.0000,-1.0000,-1.0000,-1.0000,-1.0000,-1.0000,-1.0000,-1.0000,-1.0000,-1.0000,-1.0000,-1.0000,-1.0000,-1.0000,-1.0000,-1.0000,-1.0000,-1.0000,-1.0000,-1.0000,-1.0000,-1.0000,-1.0000,-1.0000,-1.0000,-1.0000,-1.0000,1.7710,1.7471,1.7635,1.7586,1.7608,1.7451,1.1876,1.2491,1.4082,1.3098,1.2067,1.4868,1.3702,1.3459,1.2179,1.4141,1.3058,1.3369,1.4593,1.4181,1.3773,1.3653,1.3228,1.3336,1.3243,1.2242,1.2689,1.2416,1.2243,1.2657,1.1907,1.1130,1.1428,1.1562,1.1018,1.1670,1.1425,1.1665,1.0874,1.1066,1.3359,1.4585,1.4171,1.3764,1.3646,1.3219,1.3324,1.3237,1.2232,1.2677,1.2403,1.2233,1.2650,1.1894,1.1115,1.1415,1.1548,1.1004,1.1658,1.1411,1.1655,1.0862,1.1053,0,1.0000,-3.8126,0.2856,-2.5528
149,0.2980,0.0164,-0.0012,0.0321,-2.1555,0.1615,-1.3830,0.0656,0.1938,0.0001,1.0268,0.9999,0.0004,0.0129,0.0001,0.0001,-0.0215,-0.0011,-0.0094,0.0053,-0.0006,0.0001,-0.0214,-0.0011,-0.0093,0.0049,-0.0015,-0.0001,0.0298,0.0017,0.0009,0.0301,0.0031,0.0037,-0.0000,0.0296,-0.0011,-0.0008,0.0299,0.0031,0.0018,-0.0000,0.0287,-0.0017,-0.0094,-0.0388,0.0102,-0.0027,0.0086,0.0155,0.0643,0.0146,-0.0111,-0.3361,0.0012,0.0105,0.0501,0.0103,0.0848,-0.0442,0.0105,-0.2192,-0.0195,0.0041,-0.0773,0.0156,-0.0241,0.0006,-0.2052,-0.0184,0.0132,-0.0379,0.0154,0.0164,-0.0006,-1.0000,-1.0000,-1.0000,-1.0000,-1.0000,-1.0000,-1.0000,-1.0000,-1.0000,-1.0000,-1.0000,-1.0000,-1.0000,-1.0000,-1.0000,-1.0000,-1.0000,-1.0000,-1.0000,-1.0000,-1.0000,-1.0000,-1.0000,-1.0000,-1.0000,-1.0000,-1.0000,-1.0000,-1.0000,-1.0000,-1.0000,-1.0000,-1.0000,-1.0000,-1.0000,-1.0000,-1.0000,-1.0000,-1.0000,-1.0000,-1.0000,-1.0000,-1.0000,-1.0000,-1.0000,-1.0000,-1.0000,-1.0000,-1.0000,-1.0000,-1.0000,-1.0000,-1.0000,-1.0000,-1.0000,-1.0000,-1.0000,-1.0000,-1.0000,-1.0000,-1.0000,-1.0000,-1.0000,-1.0000,-1.0000,-1.0000,-1.0000,-1.0000,-1.0000,-1.0000,-1.0000,-1.0000,-1.0000,-1.0000,-1.0000,-1.0000,-1.0000,-1.0000,-1.0000,-1.0000,-1.0000,-1.0000,-1.0000,-1.0000,-1.0000,-1.0000,-1.0000,-1.0000,-1.0000,-1.0000,-1.0000,-1.0000,-1.0000,-1.0000,-1.0000,-1.0000,-1.0000,-1.0000,-1.0000,-1.0000,-1.0000,-1.0000,-1.0000,-1.0000,-1.0000,-1.0000,-1.0000,-1.0000,-1.0000,-1.0000,-1.0000,-1.0000,-1.0000,-1.0000,-1.0000,-1.0000,-1.0000,-1.0000,-1.0000,-1.0000,-1.0000,1.7754,1.7517,1.7680,1.7629,1.7653,1.7495,1.1918,1.2538,1.4128,1.3139,1.2114,1.4912,1.3744,1.3506,1.2221,1.4182,1.3105,1.3413,1.4638,1.4225,1.3818,1.3698,1.3269,1.3378,1.3288,1.2287,1.2730,1.2459,1.2285,1.2700,1.1949,1.1173,1.1475,1.1606,1.1063,1.1717,1.1468,1.1712,1.0921,1.1112,1.3405,1.4631,1.4218,1.3810,1.3692,1.3262,1.3368,1.3282,1.2278,1.2720,1.2448,1.2276,1.2694,1.1938,1.1160,1.1464,1.1595,1.1051,1.1707,1.1456,1.1704,1.0911,1.1101,0,1.0000,-3.8126,0.2856,-2.5528
149,0.2980,0.0164,-0.0012,0.0321,-2.1555,0.1615,-1.3830,0.0656,0.1938,0.0001,1.0268,0.9999,0.0004,0.0129,0.0001,0.0001,-0.0215,-0.0011,-0.0094,0.0053,-0.0006,0.0001,-0.0214,-0.0011,-0.0093,0.0049,-0.0015,-0.0001,0.0298,0.0017,0.0009,0.0301,0.0031,0.0037,-0.0000,0.0296,-0.0011,-0.0008,0.0299,0.0031,0.0018,-0.0000,0.0287,-0.0017,-0.0094,-0.0388,0.0102,-0.0027,0.0086,0.0155,0.0643,0.0146,-0.0111,-0.3361,0.0012,0.0105,0.0501,0.0103,0.0848,-0.0442,0.0105,-0.2192,-0.0195,0.0041,-0.0773,0.0156,-0.0241,0.0006,-0.2052,-0.0184,0.0132,-0.0379,0.0154,0.0164,-0.0006,-1.0000,-1.0000,-1.0000,-1.0000,-1.0000,-1.0000,-1.0000,-1.0000,-1.0000,-1.0000,-1.0000,-1.0000,-1.0000,-1.0000,-1.0000,-1.0000,-1.0000,-1.0000,-1.0000,-1.0000,-1.0000,-1.0000,-1.0000,-1.0000,-1.0000,-1.0000,-1.0000,-1.0000,-1.0000,-1.0000,-1.0000,-1.0000,-1.0000,-1.0000,-1.0000,-1.0000,-1.0000,-1.0000,-1.0000,-1.0000,-1.0000,-1.0000,-1.0000,-1.0000,-1.0000,-1.0000,-1.0000,-1.0000,-1.0000,-1.0000,-1.0000,-1.0000,-1.0000,-1.0000,-1.0000,-1.0000,-1.0000,-1.0000,-1.0000,-1.0000,-1.0000,-1.0000,-1.0000,-1.0000,-1.0000,-1.0000,-1.0000,-1.0000,-1.0000,-1.0000,-1.0000,-1.0000,-1.0000,-1.0000,-1.0000,-1.0000,-1.0000,-1.0000,-1.0000,-1.0000,-1.0000,-1.0000,-1.0000,-1.0000,-1.0000,-1.0000,-1.0000,-1.0000,-1.0000,-1.0000,-1.0000,-1.0000,-1.0000,-1.0000,-1.0000,-1.0000,-1.0000,-1.0000,-1.0000,-1.0000,-1.0000,-1.0000,-1.0000,-1.0000,-1.0000,-1.0000,-1.0000,-1.0000,-1.0000,-1.0000,-1.0000,-1.0000,-1.0000,-1.0000,-1.0000,-1.0000,-1.0000,-1.0000,-1.0000,-1.0000,-1.0000,1.7754,1.7517,1.7680,1.7629,1.7653,1.7495,1.1918,1.2538,1.4128,1.3139,1.2114,1.4912,1.3744,1.3506,1.2221,1.4182,1.3105,1.3413,1.4638,1.4225,1.3818,1.3698,1.3269,1.3378,1.3288,1.2287,1.2730,1.2459,1.2285,1.2700,1.1949,1.1173,1.1475,1.1606,1.1063,1.1717,1.1468,1.1712,1.0921,1.1112,1.3405,1.4631,1.4218,1.3810,1.3692,1.3262,1.3368,1.3282,1.2278,1.2720,1.2448,1.2276,1.2694,1.1938,1.1160,1.1464,1.1595,1.1051,1.1707,1.1456,1.1704,1.0911,1.1101,0,1.0000,-3.8126,0.2856,-2.5528
150,0.3000,0.0124,-0.0009,0.0302,-1.9670,0.1473,-0.9400,0.0656,0.1939,0.0001,1.0268,0.9999,0.0004,0.0129,0.0001,0.0001,-0.0215,-0.0010,-0.0093,0.0052,-0.0013,0.0001,-0.0213,-0.0010,-0.0093,0.0050,-0.0015,-0.0001,0.0293,0.0016,0.0009,0.0300,0.0031,0.0037,-0.0000,0.0292,-0.0011,-0.0008,0.0298,0.0032,0.0019,-0.0000,0.0292,-0.0018,-0.0059,-0.0414,0.0103,-0.0025,0.0076,0.0218,0.0688,0.0099,-0.0616,-0.3602,0.0007,0.0123,0.0509,0.0095,0.0694,0.0061,0.0104,-0.2162,-0.0213,0.0033,-0.0709,0.0156,-0.0240,0.0006,-0.2016,-0.0179,0.0134,-0.0309,0.0155,0.0176,-0.0006,-1.0000,-1.0000,-1.0000,-1.0000,-1.0000,-1.0000,-1.0000,-1.0000,-1.0000,-1.0000,-1.0000,-1.0000,-1.0000,-1.0000,-1.0000,-1.0000,-1.0000,-1.0000,-1.0000,-1.0000,-1.0000,-1.0000,-1.0000,-1.0000,-1.0000,-1.0000,-1.0000,-1.0000,-1.0000,-1.0000,-1.0000,-1.0000,-1.0000,-1.0000,-1.0000,-1.0000,-1.0000,-1.0000,-1.0000,-1.0000,-1.0000,-1.0000,-1.0000,-1.0000,-1.0000,-1.0000,-1.0000,-1.0000,-1.0000,-1.0000,-1.0000,-1.0000,-1.0000,-1.0000,-1.0000,-1.0000,-1.0000,-1.0000,-1.0000,-1.0000,-1.0000,-1.0000,-1.0000,-1.0000,-1.0000,-1.0000,-1.0000,-1.0000,-1.0000,-1.0000,-1.0000,-1.0000,-1.0000,-1.0000,-1.0000,-1.0000,-1.0000,-1.0000,-1.0000,-1.0000,-1.0000,-1.0000,-1.0000,-1.0000,-1.0000,-1.0000,-1.0000,-1.0000,-1.0000,-1.0000,-1.0000,-1.0000,-1.0000,-1.0000,-1.0000,-1.0000,-1.0000,-1.0000,-1.0000,-1.0000,-1.0000,-1.0000,-1.0000,-1.0000,-1.0000,-1.0000,-1.0000,-1.0000,-1.0000,-1.0000,-1.0000,-1.0000,-1.0000,-1.0000,-1.0000,-1.0000,-1.0000,-1.0000,-1.0000,-1.0000,-1.0000,1.7788,1.7552,1.7713,1.7661,1.7688,1.7528,1.1948,1.2574,1.4164,1.3170,1.2150,1.4945,1.3774,1.3542,1.2252,1.4213,1.3141,1.3447,1.4672,1.4259,1.3852,1.3732,1.3300,1.3410,1.3321,1.2321,1.2761,1.2491,1.2315,1.2733,1.1980,1.1205,1.1511,1.1640,1.1096,1.1753,1.1500,1.1749,1.0957,1.1148,1.3440,1.4666,1.4252,1.3845,1.3727,1.3293,1.3401,1.3316,1.2313,1.2752,1.2482,1.2308,1.2728,1.1971,1.1194,1.1502,1.1630,1.1086,1.1745,1.1490,1.1741,1.0949,1.1138,0,1.0000,-3.8126,0.2856,-2.5528
151,0.3020,0.0088,-0.0007,0.0291,-1.8114,0.1357,-0.5762,0.0656,0.1939,0.0001,1.0268,0.9999,0.0003,0.0129,0.0001,0.0001,-0.0214,-0.0008,-0.0093,0.0050,-0.0021,0.0001,-0.0213,-0.0009,-0.0093,0.0051,-0.0012,-0.0001,0.0289,0.0016,0.0009,0.0299,0.0031,0.0036,-0.0000,0.0288,-0.0012,-0.0008,0.0297,0.0032,0.0019,-0.0000,0.0297,-0.0013,-0.0060,-0.0295,0.0096,-0.0012,0.0064,0.0288,0.0556,0.0051,-0.1083,-0.3880,-0.0005,0.0160,0.0279,0.0093,0.0388,0.1750,0.0077,-0.2126,-0.0177,0.0008,-0.0654,0.0155,-0.0240,0.0006,-0.2011,-0.0122,0.0117,-0.0351,0.0153,0.0184,-0.0006,-1.0000,-1.0000,-1.0000,-1.0000,-1.0000,-1.0000,-1.0000,-1.0000,-1.0000,-1.0000,-1.0000,-1.0000,-1.0000,-1.0000,-1.0000,-1.0000,-1.0000,-1.0000,-1.0000,-1.0000,-1.0000,-1.0000,-1.0000,-1.0000,-1.0000,-1.0000,-1.0000,-1.0000,-1.0000,-1.0000,-1.0000,-1.0000,-1.0000,-1.0000,-1.0000,-1.0000,-1.0000,-1.0000,-1.0000,-1.0000,-1.0000,-1.0000,-1.0000,-1.0000,-1.0000,-1.0000,-1.0000,-1.0000,-1.0000,-1.0000,-1.0000,-1.0000,-1.0000,-1.0000,-1.0000,-1.0000,-1.0000,-1.0000,-1.0000,-1.0000,-1.0000,-1.0000,-1.0000,-1.0000,-1.0000,-1.0000,-1.0000,-1.0000,-1.0000,-1.0000,-1.0000,-1.0000,-1.0000,-1.0000,-1.0000,-1.0000,-1.0000,-1.0000,-1.0000,-1.0000,-1.0000,-1.0000,-1.0000,-1.0000,-1.0000,-1.0000,-1.0000,-1.0000,-1.0000,-1.0000,-1.0000,-1.0000,-1.0000,-1.0000,-1.0000,-1.0000,-1.0000,-1.0000,-1.0000,-1.0000,-1.0000,-1.0000,-1.0000,-1.0000,-1.0000,-1.0000,-1.0000,-1.0000,-1.0000,-1.0000,-1.0000,-1.0000,-1.0000,-1.0000,-1.0000,-1.0000,-1.0000,-1.0000,-1.0000,-1.0000,-1.0000,1.7812,1.7578,1.7737,1.7685,1.7713,1.7553,1.1970,1.2601,1.4190,1.3192,1.2177,1.4969,1.3796,1.3568,1.2274,1.4235,1.3167,1.3472,1.4697,1.4284,1.3877,1.3757,1.3321,1.3432,1.3345,1.2346,1.2783,1.2514,1.2337,1.2756,1.2002,1.1228,1.1538,1.1664,1.1121,1.1780,1.1523,1.1776,1.0984,1.1174,1.3466,1.4692,1.4278,1.3871,1.3752,1.3316,1.3425,1.3341,1.2340,1.2776,1.2507,1.2331,1.2752,1.1995,1.1220,1.1531,1.1656,1.1113,1.1774,1.1515,1.1770,1.0977,1.1166,0,1.0000,-3.8126,0.2856,-2.5528
151,0.3020,0.0088,-0.0007,0.0291,-1.8114,0.1357,-0.5762,0.0656,0.1939,0.0001,1.0268,0.9999,0.0003,0.0129,0.0001,0.0001,-0.0214,-0.0008,-0.0093,0.0050,-0.0021,0.0001,-0.0213,-0.0009,-0.0093,0.0051,-0.0012,-0.0001,0.0289,0.0016,0.0009,0.0299,0.0031,0.0036,-0.0000,0.0288,-0.0012,-0.0008,0.0297,0.0032,0.0019,-0.0000,0.0297,-0.0013,-0.0060,-0.0295,0.0096,-0.0012,0.0064,0.0288,0.0556,0.0051,-0.1083,-0.3880,-0.0005,0.0160,0.0279,0.0093,0.0388,0.1750,0.0077,-0.2126,-0.0177,0.0008,-0.0654,0.0155,-0.0240,0.0006,-0.2011,-0.0122,0.0117,-0.0351,0.0153,0.0184,-0.0006,-1.0000,-1.0000,-1.0000,-1.0000,-1.0000,-1.0000,-1.0000,-1.0000,-1.0000,-1.0000,-1.0000,-1.0000,-1.0000,-1.0000,-1.0000,-1.0000,-1.0000,-1.0000,-1.0000,-1.0000,-1.0000,-1.0000,-1.0000,-1.0000,-1.0000,-1.0000,-1.0000,-1.0000,-1.0000,-1.0000,-1.0000,-1.0000,-1.0000,-1.0000,-1.0000,-1.0000,-1.0000,-1.0000,-1.0000,-1.0000,-1.0000,-1.0000,-1.0000,-1.0000,-1.0000,-1.0000,-1.0000,-1.0000,-1.0000,-1.0000,-1.0000,-1.0000,-1.0000,-1.0000,-1.0000,-1.0000,-1.0000,-1.0000,-1.0000,-1.0000,-1.0000,-1.0000,-1.0000,-1.0000,-1.0000,-1.0000,-1.0000,-1.0000,-1.0000,-1.0000,-1.0000,-1.0000,-1.0000,-1.0000,-1.0000,-1.0000,-1.0000,-1.0000,-1.0000,-1.0000,-1.0000,-1.0000,-1.0000,-1.0000,-1.0000,-1.0000,-1.0000,-1.0000,-1.0000,-1.0000,-1.0000,-1.0000,-1.0000,-1.0000,-1.0000,-1.0000,-1.0000,-1.0000,-1.0000,-1.0000,-1.0000,-1.0000,-1.0000,-1.0000,-1.0000,-1.0000,-1.0000,-1.0000,-1.0000,-1.0000,-1.0000,-1.0000,-1.0000,-1.0000,-1.0000,-1.0000,-1.0000,-1.0000,-1.0000,-1.0000,-1.0000,1.7812,1.7578,1.7737,1.7685,1.7713,1.7553,1.1970,1.2601,1.4190,1.3192,1.2177,1.4969,1.3796,1.3568,1.2274,1.4235,1.3167,1.3472,1.4697,1.4284,1.3877,1.3757,1.3321,1.3432,1.3345,1.2346,1.2783,1.2514,1.2337,1.2756,1.2002,1.1228,1.1538,1.1664,1.1121,1.1780,1.1523,1.1776,1.0984,1.1174,1.3466,1.4692,1.4278,1.3871,1.3752,1.3316,1.3425,1.3341,1.2340,1.2776,1.2507,1.2331,1.2752,1.1995,1.1220,1.1531,1.1656,1.1113,1.1774,1.1515,1.1770,1.0977,1.1166,0,1.0000,-3.8126,0.2856,-2.5528
152,0.3040,0.0054,-0.0004,0.0285,-1.6840,0.1261,-0.2793,0.0656,0.1940,0.0001,1.0268,0.9999,0.0003,0.0129,0.0001,0.0001,-0.0214,-0.0007,-0.0093,0.0048,-0.0024,0.0001,-0.0213,-0.0009,-0.0093,0.0051,-0.0009,-0.0000,0.0285,0.0016,0.0009,0.0297,0.0032,0.0036,-0.0000,0.0284,-0.0012,-0.0007,0.0297,0.0032,0.0019,-0.0000,0.0302,-0.0018,-0.0053,-0.0364,0.0091,-0.0013,0.0051,0.0294,0.0535,0.0057,-0.1038,-0.1633,-0.0004,0.0214,0.0396,0.0065,-0.0002,0.1150,0.0085,-0.2109,-0.0203,0.0008,-0.0654,0.0156,-0.0241,0.0006,-0.1977,-0.0127,0.0125,-0.0312,0.0154,0.0193,-0.0006,-1.0000,-1.0000,-1.0000,-1.0000,-1.0000,-1.0000,-1.0000,-1.0000,-1.0000,-1.0000,-1.0000,-1.0000,-1.0000,-1.0000,-1.0000,-1.0000,-1.0000,-1.0000,-1.0000,-1.0000,-1.0000,-1.0000,-1.0000,-1.0000,-1.0000,-1.0000,-1.0000,-1.0000,-1.0000,-1.0000,-1.0000,-1.0000,-1.0000,-1.0000,-1.0000,-1.0000,-1.0000,-1.0000,-1.0000,-1.0000,-1.0000,-1.0000,-1.0000,-1.0000,-1.0000,-1.0000,-1.0000,-1.0000,-1.0000,-1.0000,-1.0000,-1.0000,-1.0000,-1.0000,-1.0000,-1.0000,-1.0000,-1.0000,-1.0000,-1.0000,-1.0000,-1.0000,-1.0000,-1.0000,-1.0000,-1.0000,-1.0000,-1.0000,-1.0000,-1.0000,-1.0000,-1.0000,-1.0000,-1.0000,-1.0000,-1.0000,-1.0000,-1.0000,-1.0000,-1.0000,-1.0000,-1.0000,-1.0000,-1.0000,-1.0000,-1.0000,-1.0000,-1.0000,-1.0000,-1.0000,-1.0000,-1.0000,-1.0000,-1.0000,-1.0000,-1.0000,-1.0000,-1.0000,-1.0000,-1.0000,-1.0000,-1.0000,-1.0000,-1.0000,-1.0000,-1.0000,-1.0000,-1.0000,-1.0000,-1.0000,-1.0000,-1.0000,-1.0000,-1.0000,-1.0000,-1.0000,-1.0000,-1.0000,-1.0000,-1.0000,-1.0000,1.7828,1.7596,1.7753,1.7700,1.7730,1.7569,1.1985,1.2620,1.4208,1.3206,1.2196,1.4986,1.3810,1.3587,1.2289,1.4249,1.3186,1.3489,1.4714,1.4301,1.3894,1.3774,1.3335,1.3448,1.3362,1.2363,1.2797,1.2530,1.2351,1.2772,1.2017,1.1244,1.1558,1.1682,1.1138,1.1800,1.1539,1.1795,1.1004,1.1193,1.3485,1.4710,1.4297,1.3889,1.3771,1.3331,1.3442,1.3359,1.2358,1.2792,1.2525,1.2346,1.2769,1.2011,1.1237,1.1552,1.1675,1.1132,1.1795,1.1532,1.1790,1.0998,1.1186,0,1.0000,-3.8126,0.2856,-2.5528
152,0.3040,0.0054,-0.0004,0.0285,-1.6840,0.1261,-0.2793,0.0656,0.1940,0.0001,1.0268,0.9999,0.0003,0.0129,0.0001,0.0001,-0.0214,-0.0007,-0.0093,0.0048,-0.0024,0.0001,-0.0213,-0.0009,-0.0093,0.0051,-0.0009,-0.0000,0.0285,0.0016,0.0009,0.0297,0.0032,0.0036,-0.0000,0.0284,-0.0012,-0.0007,0.0297,0.0032,0.0019,-0.0000,0.0302,-0.0018,-0.0053,-0.0364,0.0091,-0.0013,0.0051,0.0294,0.0535,0.0057,-0.1038,-0.1633,-0.0004,0.0214,0.0396,0.0065,-0.0002,0.1150,0.0085,-0.2109,-0.0203,0.0008,-0.0654,0.0156,-0.0241,0.0006,-0.1977,-0.0127,0.0125,-0.0312,0.0154,0.0193,-0.0006,-1.0000,-1.0000,-1.0000,-1.0000,-1.0000,-1.0000,-1.0000,-1.0000,-1.0000,-1.0000,-1.0000,-1.0000,-1.0000,-1.0000,-1.0000,-1.0000,-1.0000,-1.0000,-1.0000,-1.0000,-1.0000,-1.0000,-1.0000,-1.0000,-1.0000,-1.0000,-1.0000,-1.0000,-1.0000,-1.0000,-1.0000,-1.0000,-1.0000,-1.0000,-1.0000,-1.0000,-1.0000,-1.0000,-1.0000,-1.0000,-1.0000,-1.0000,-1.0000,-1.0000,-1.0000,-1.0000,-1.0000,-1.0000,-1.0000,-1.0000,-1.0000,-1.0000,-1.0000,-1.0000,-1.0000,-1.0000,-1.0000,-1.0000,-1.0000,-1.0000,-1.0000,-1.0000,-1.0000,-1.0000,-1.0000,-1.0000,-1.0000,-1.0000,-1.0000,-1.0000,-1.0000,-1.0000,-1.0000,-1.0000,-1.0000,-1.0000,-1.0000,-1.0000,-1.0000,-1.0000,-1.0000,-1.0000,-1.0000,-1.0000,-1.0000,-1.0000,-1.0000,-1.0000,-1.0000,-1.0000,-1.0000,-1.0000,-1.0000,-1.0000,-1.0000,-1.0000,-1.0000,-1.0000,-1.0000,-1.0000,-1.0000,-1.0000,-1.0000,-1.0000,-1.0000,-1.0000,-1.0000,-1.0000,-1.0000,-1.0000,-1.0000,-1.0000,-1.0000,-1.0000,-1.0000,-1.0000,-1.0000,-1.0000,-1.0000,-1.0000,-1.0000,1.7828,1.7596,1.7753,1.7700,1.7730,1.7569,1.1985,1.2620,1.4208,1.3206,1.2196,1.4986,1.3810,1.3587,1.2289,1.4249,1.3186,1.3489,1.4714,1.4301,1.3894,1.3774,1.3335,1.3448,1.3362,1.2363,1.2797,1.2530,1.2351,1.2772,1.2017,1.1244,1.1558,1.1682,1.1138,1.1800,1.1539,1.1795,1.1004,1.1193,1.3485,1.4710,1.4297,1.3889,1.3771,1.3331,1.3442,1.3359,1.2358,1.2792,1.2525,1.2346,1.2769,1.2011,1.1237,1.1552,1.1675,1.1132,1.1795,1.1532,1.1790,1.0998,1.1186,0,1.0000,-3.8126,0.2856,-2.5528
153,0.3060,0.0023,-0.0002,0.0284,-1.5804,0.1184,-0.0391,0.0656,0.1941,0.0001,1.0268,0.9999,0.0003,0.0129,0.0001,0.0001,-0.0213,-0.0007,-0.0093,0.0046,-0.0026,0.0001,-0.0212,-0.0008,-0.0093,0.0050,-0.0008,-0.0000,0.0281,0.0015,0.0009,0.0296,0.0032,0.0035,-0.0000,0.0280,-0.0012,-0.0007,0.0296,0.0033,0.0020,-0.0000,0.0307,-0.0014,-0.0021,-0.0292,0.0092,-0.0005,0.0039,0.0281,0.0409,0.0061,-0.0839,-0.0903,-0.0009,0.0251,0.0329,0.0048,-0.0323,0.0652,0.0068,-0.2061,-0.0186,-0.0012,-0.0560,0.0156,-0.0238,0.0005,-0.1949,-0.0088,0.0115,-0.0282,0.0154,0.0203,-0.0006,-1.0000,-1.0000,-1.0000,-1.0000,-1.0000,-1.0000,-1.0000,-1.0000,-1.0000,-1.0000,-1.0000,-1.0000,-1.0000,-1.0000,-1.0000,-1.0000,-1.0000,-1.0000,-1.0000,-1.0000,-1.0000,-1.0000,-1.0000,-1.0000,-1.0000,-1.0000,-1.0000,-1.0000,-1.0000,-1.0000,-1.0000,-1.0000,-1.0000,-1.0000,-1.0000,-1.0000,-1.0000,-1.0000,-1.0000,-1.0000,-1.0000,-1.0000,-1.0000,-1.0000,-1.0000,-1.0000,-1.0000,-1.0000,-1.0000,-1.0000,-1.0000,-1.0000,-1.0000,-1.0000,-1.0000,-1.0000,-1.0000,-1.0000,-1.0000,-1.0000,-1.0000,-1.0000,-1.0000,-1.0000,-1.0000,-1.0000,-1.0000,-1.0000,-1.0000,-1.0000,-1.0000,-1.0000,-1.0000,-1.0000,-1.0000,-1.0000,-1.0000,-1.0000,-1.0000,-1.0000,-1.0000,-1.0000,-1.0000,-1.0000,-1.0000,-1.0000,-1.0000,-1.0000,-1.0000,-1.0000,-1.0000,-1.0000,-1.0000,-1.0000,-1.0000,-1.0000,-1.0000,-1.0000,-1.0000,-1.0000,-1.0000,-1.0000,-1.0000,-1.0000,-1.0000,-1.0000,-1.0000,-1.0000,-1.0000,-1.0000,-1.0000,-1.0000,-1.0000,-1.0000,-1.0000,-1.0000,-1.0000,-1.0000,-1.0000,-1.0000,-1.0000,1.7839,1.7607,1.7763,1.7710,1.7741,1.7580,1.1993,1.2633,1.4220,1.3215,1.2209,1.4996,1.3818,1.3600,1.2297,1.4257,1.3198,1.3501,1.4725,1.4312,1.3905,1.3785,1.3344,1.3457,1.3373,1.2374,1.2806,1.2540,1.2360,1.2782,1.2026,1.1254,1.1571,1.1693,1.1150,1.1814,1.1549,1.1808,1.1017,1.1205,1.3497,1.4722,1.4309,1.3902,1.3782,1.3340,1.3452,1.3370,1.2371,1.2802,1.2536,1.2356,1.2779,1.2022,1.1249,1.1567,1.1688,1.1145,1.1809,1.1544,1.1805,1.1013,1.1200,0,1.0000,-3.8126,0.2856,-2.5528
154,0.3080,-0.0007,0.0001,0.0288,-1.4969,0.1121,0.1535,0.0656,0.1941,0.0001,1.0268,0.9999,0.0002,0.0129,0.0001,0.0001,-0.0212,-0.0006,-0.0093,0.0045,-0.0027,0.0001,-0.0212,-0.0007,-0.0093,0.0049,-0.0008,-0.0000,0.0277,0.0015,0.0009,0.0295,0.0032,0.0035,0.0000,0.0276,-0.0012,-0.0007,0.0296,0.0033,0.0020,-0.0000,0.0312,-0.0011,0.0006,-0.0227,0.0092,0.0002,0.0029,0.0271,0.0298,0.0066,-0.0675,-0.0288,-0.0012,0.0286,0.0272,0.0033,-0.0610,0.0165,0.0053,-0.2015,-0.0173,-0.0030,-0.0483,0.0155,-0.0235,0.0005,-0.1920,-0.0052,0.0106,-0.0261,0.0153,0.0190,-0.0006,-1.0000,-1.0000,-1.0000,-1.0000,-1.0000,-1.0000,-1.0000,-1.0000,-1.0000,-1.0000,-1.0000,-1.0000,-1.0000,-1.0000,-1.0000,-1.0000,-1.0000,-1.0000,-1.0000,-1.0000,-1.0000,-1.0000,-1.0000,-1.0000,-1.0000,-1.0000,-1.0000,-1.0000,-1.0000,-1.0000,-1.0000,-1.0000,-1.0000,-1.0000,-1.0000,-1.0000,-1.0000,-1.0000,-1.0000,-1.0000,-1.0000,-1.0000,-1.0000,-1.0000,-1.0000,-1.0000,-1.0000,-1.0000,-1.0000,-1.0000,-1.0000,-1.0000,-1.0000,-1.0000,-1.0000,-1.0000,-1.0000,-1.0000,-1.0000,-1.0000,-1.0000,-1.0000,-1.0000,-1.0000,-1.0000,-1.0000,-1.0000,-1.0000,-1.0000,-1.0000,-1.0000,-1.0000,-1.0000,-1.0000,-1.0000,-1.0000,-1.0000,-1.0000,-1.0000,-1.0000,-1.0000,-1.0000,-1.0000,-1.0000,-1.0000,-1.0000,-1.0000,-1.0000,-1.0000,-1.0000,-1.0000,-1.0000,-1.0000,-1.0000,-1.0000,-1.0000,-1.0000,-1.0000,-1.0000,-1.0000,-1.0000,-1.0000,-1.0000,-1.0000,-1.0000,-1.0000,-1.0000,-1.0000,-1.0000,-1.0000,-1.0000,-1.0000,-1.0000,-1.0000,-1.0000,-1.0000,-1.0000,-1.0000,-1.0000,-1.0000,-1.0000,1.7844,1.7614,1.7769,1.7714,1.7747,1.7585,1.1997,1.2641,1.4227,1.3218,1.2217,1.5001,1.3821,1.3607,1.2301,1.4261,1.3206,1.3507,1.4731,1.4318,1.3911,1.3791,1.3347,1.3461,1.3378,1.2381,1.2810,1.2546,1.2363,1.2787,1.2031,1.1259,1.1580,1.1699,1.1157,1.1822,1.1554,1.1817,1.1026,1.1213,1.3505,1.4729,1.4316,1.3909,1.3789,1.3345,1.3458,1.3377,1.2378,1.2807,1.2542,1.2361,1.2785,1.2027,1.1256,1.1577,1.1696,1.1153,1.1819,1.1551,1.1814,1.1022,1.1210,0,1.0000,-3.8126,0.2856,-2.5528
154,0.3080,-0.0007,0.0001,0.0288,-1.4969,0.1121,0.1535,0.0656,0.1941,0.0001,1.0268,0.9999,0.0002,0.0129,0.0001,0.0001,-0.0212,-0.0006,-0.0093,0.0045,-0.0027,0.0001,-0.0212,-0.0007,-0.0093,0.0049,-0.0008,-0.0000,0.0277,0.0015,0.0009,0.0295,0.0032,0.0035,0.0000,0.0276,-0.0012,-0.0007,0.0296,0.0033,0.0020,-0.0000,0.0312,-0.0011,0.0006,-0.0227,0.0092,0.0002,0.0029,0.0271,0.0298,0.0066,-0.0675,-0.0288,-0.0012,0.0286,0.0272,0.0033,-0.0610,0.0165,0.0053,-0.2015,-0.0173,-0.0030,-0.0483,0.0155,-0.0235,0.0005,-0.1920,-0.0052,0.0106,-0.0261,0.0153,0.0190,-0.0006,-1.0000,-1.0000,-1.0000,-1.0000,-1.0000,-1.0000,-1.0000,-1.0000,-1.0000,-1.0000,-1.0000,-1.0000,-1.0000,-1.0000,-1.0000,-1.0000,-1.0000,-1.0000,-1.0000,-1.0000,-1.0000,-1.0000,-1.0000,-1.0000,-1.0000,-1.0000,-1.0000,-1.0000,-1.0000,-1.0000,-1.0000,-1.0000,-1.0000,-1.0000,-1.0000,-1.0000,-1.0000,-1.0000,-1.0000,-1.0000,-1.0000,-1.0000,-1.0000,-1.0000,-1.0000,-1.0000,-1.0000,-1.0000,-1.0000,-1.0000,-1.0000,-1.0000,-1.0000,-1.0000,-1.0000,-1.0000,-1.0000,-1.0000,-1.0000,-1.0000,-1.0000,-1.0000,-1.0000,-1.0000,-1.0000,-1.0000,-1.0000,-1.0000,-1.0000,-1.0000,-1.0000,-1.0000,-1.0000,-1.0000,-1.0000,-1.0000,-1.0000,-1.0000,-1.0000,-1.0000,-1.0000,-1.0000,-1.0000,-1.0000,-1.0000,-1.0000,-1.0000,-1.0000,-1.0000,-1.0000,-1.0000,-1.0000,-1.0000,-1.0000,-1.0000,-1.0000,-1.0000,-1.0000,-1.0000,-1.0000,-1.0000,-1.0000,-1.0000,-1.0000,-1.0000,-1.0000,-1.0000,-1.0000,-1.0000,-1.0000,-1.0000,-1.0000,-1.0000,-1.0000,-1.0000,-1.0000,-1.0000,-1.0000,-1.0000,-1.0000,-1.0000,1.7844,1.7614,1.7769,1.7714,1.7747,1.7585,1.1997,1.2641,1.4227,1.3218,1.2217,1.5001,1.3821,1.3607,1.2301,1.4261,1.3206,1.3507,1.4731,1.4318,1.3911,1.3791,1.3347,1.3461,1.3378,1.2381,1.2810,1.2546,1.2363,1.2787,1.2031,1.1259,1.1580,1.1699,1.1157,1.1822,1.1554,1.1817,1.1026,1.1213,1.3505,1.4729,1.4316,1.3909,1.3789,1.3345,1.3458,1.3377,1.2378,1.2807,1.2542,1.2361,1.2785,1.2027,1.1256,1.1577,1.1696,1.1153,1.1819,1.1551,1.1814,1.1022,1.1210,0,1.0000,-3.8126,0.2856,-2.5528
155,0.3100,-0.0036,0.0003,0.0294,-1.4304,0.1071,0.3060,0.0656,0.1942,0.0001,1.0268,0.9999,0.0002,0.0130,0.0001,0.0001,-0.0212,-0.0006,-0.0093,0.0044,-0.0026,0.0001,-0.0211,-0.0007,-0.0093,0.0047,-0.0008,-0.0000,0.0273,0.0015,0.0008,0.0294,0.0033,0.0034,0.0000,0.0272,-0.0012,-0.0007,0.0295,0.0033,0.0020,-0.0000,0.0317,-0.0008,0.0027,-0.0171,0.0091,0.0007,0.0020,0.0265,0.0202,0.0072,-0.0539,0.0225,-0.0015,0.0319,0.0223,0.0020,-0.0859,-0.0283,0.0041,-0.1969,-0.0162,-0.0045,-0.0419,0.0155,-0.0233,0.0005,-0.1890,-0.0019,0.0099,-0.0245,0.0153,0.0177,-0.0006,-1.0000,-1.0000,-1.0000,-1.0000,-1.0000,-1.0000,-1.0000,-1.0000,-1.0000,-1.0000,-1.0000,-1.0000,-1.0000,-1.0000,-1.0000,-1.0000,-1.0000,-1.0000,-1.0000,-1.0000,-1.0000,-1.0000,-1.0000,-1.0000,-1.0000,-1.0000,-1.0000,-1.0000,-1.0000,-1.0000,-1.0000,-1.0000,-1.0000,-1.0000,-1.0000,-1.0000,-1.0000,-1.0000,-1.0000,-1.0000,-1.0000,-1.0000,-1.0000,-1.0000,-1.0000,-1.0000,-1.0000,-1.0000,-1.0000,-1.0000,-1.0000,-1.0000,-1.0000,-1.0000,-1.0000,-1.0000,-1.0000,-1.0000,-1.0000,-1.0000,-1.0000,-1.0000,-1.0000,-1.0000,-1.0000,-1.0000,-1.0000,-1.0000,-1.0000,-1.0000,-1.0000,-1.0000,-1.0000,-1.0000,-1.0000,-1.0000,-1.0000,-1.0000,-1.0000,-1.0000,-1.0000,-1.0000,-1.0000,-1.0000,-1.0000,-1.0000,-1.0000,-1.0000,-1.0000,-1.0000,-1.0000,-1.0000,-1.0000,-1.0000,-1.0000,-1.0000,-1.0000,-1.0000,-1.0000,-1.0000,-1.0000,-1.0000,-1.0000,-1.0000,-1.0000,-1.0000,-1.0000,-1.0000,-1.0000,-1.0000,-1.0000,-1.0000,-1.0000,-1.0000,-1.0000,-1.0000,-1.0000,-1.0000,-1.0000,-1.0000,-1.0000,1.7846,1.7617,1.7770,1.7715,1.7749,1.7587,1.1996,1.2645,1.4230,1.3218,1.2221,1.5003,1.3821,1.3610,1.2301,1.4260,1.3209,1.3510,1.4733,1.4320,1.3914,1.3794,1.3347,1.3462,1.3380,1.2383,1.2810,1.2547,1.2363,1.2788,1.2031,1.1261,1.1585,1.1702,1.1159,1.1827,1.1556,1.1821,1.1030,1.1217,1.3508,1.4732,1.4319,1.3912,1.3792,1.3345,1.3460,1.3379,1.2382,1.2808,1.2545,1.2362,1.2787,1.2029,1.1259,1.1583,1.1699,1.1157,1.1825,1.1553,1.1820,1.1028,1.1215,0,1.0000,-3.8126,0.2856,-2.5528
155,0.3100,-0.0036,0.0003,0.0294,-1.4304,0.1071,0.3060,0.0656,0.1942,0.0001,1.0268,0.9999,0.0002,0.0130,0.0001,0.0001,-0.0212,-0.0006,-0.0093,0.0044,-0.0026,0.0001,-0.0211,-0.0007,-0.0093,0.0047,-0.0008,-0.0000,0.0273,0.0015,0.0008,0.0294,0.0033,0.0034,0.0000,0.0272,-0.0012,-0.0007,0.0295,0.0033,0.0020,-0.0000,0.0317,-0.0008,0.0027,-0.0171,0.0091,0.0007,0.0020,0.0265,0.0202,0.0072,-0.0539,0.0225,-0.0015,0.0319,0.0223,0.0020,-0.0859,-0.0283,0.0041,-0.1969,-0.0162,-0.0045,-0.0419,0.0155,-0.0233,0.0005,-0.1890,-0.0019,0.0099,-0.0245,0.0153,0.0177,-0.0006,-1.0000,-1.0000,-1.0000,-1.0000,-1.0000,-1.0000,-1.0000,-1.0000,-1.0000,-1.0000,-1.0000,-1.0000,-1.0000,-1.0000,-1.0000,-1.0000,-1.0000,-1.0000,-1.0000,-1.0000,-1.0000,-1.0000,-1.0000,-1.0000,-1.0000,-1.0000,-1.0000,-1.0000,-1.0000,-1.0000,-1.0000,-1.0000,-1.0000,-1.0000,-1.0000,-1.0000,-1.0000,-1.0000,-1.0000,-1.0000,-1.0000,-1.0000,-1.0000,-1.0000,-1.0000,-1.0000,-1.0000,-1.0000,-1.0000,-1.0000,-1.0000,-1.0000,-1.0000,-1.0000,-1.0000,-1.0000,-1.0000,-1.0000,-1.0000,-1.0000,-1.0000,-1.0000,-1.0000,-1.0000,-1.0000,-1.0000,-1.0000,-1.0000,-1.0000,-1.0000,-1.0000,-1.0000,-1.0000,-1.0000,-1.0000,-1.0000,-1.0000,-1.0000,-1.0000,-1.0000,-1.0000,-1.0000,-1.0000,-1.0000,-1.0000,-1.0000,-1.0000,-1.0000,-1.0000,-1.0000,-1.0000,-1.0000,-1.0000,-1.0000,-1.0000,-1.0000,-1.0000,-1.0000,-1.0000,-1.0000,-1.0000,-1.0000,-1.0000,-1.0000,-1.0000,-1.0000,-1.0000,-1.0000,-1.0000,-1.0000,-1.0000,-1.0000,-1.0000,-1.0000,-1.0000,-1.0000,-1.0000,-1.0000,-1.0000,-1.0000,-1.0000,1.7846,1.7617,1.7770,1.7715,1.7749,1.7587,1.1996,1.2645,1.4230,1.3218,1.2221,1.5003,1.3821,1.3610,1.2301,1.4260,1.3209,1.3510,1.4733,1.4320,1.3914,1.3794,1.3347,1.3462,1.3380,1.2383,1.2810,1.2547,1.2363,1.2788,1.2031,1.1261,1.1585,1.1702,1.1159,1.1827,1.1556,1.1821,1.1030,1.1217,1.3508,1.4732,1.4319,1.3912,1.3792,1.3345,1.3460,1.3379,1.2382,1.2808,1.2545,1.2362,1.2787,1.2029,1.1259,1.1583,1.1699,1.1157,1.1825,1.1553,1.1820,1.1028,1.1215,0,1.0000,-3.8126,0.2856,-2.5528
157,0.3140,-0.0090,0.0007,0.0312,-1.3374,0.1002,0.5159,0.0656,0.1943,0.0001,1.0268,0.9999,0.0002,0.0130,0.0001,0.0001,-0.0211,-0.0005,-0.0093,0.0042,-0.0023,0.0001,-0.0210,-0.0007,-0.0093,0.0043,-0.0008,0.0000,0.0265,0.0014,0.0008,0.0293,0.0033,0.0034,0.0000,0.0265,-0.0012,-0.0006,0.0294,0.0034,0.0021,-0.0000,0.0328,-0.0002,0.0040,0.0006,0.0081,0.0021,0.0005,0.0267,-0.0057,0.0081,-0.0332,0.1044,-0.0030,0.0351,-0.0053,0.0030,-0.1049,0.0918,0.0007,-0.1878,-0.0112,-0.0082,-0.0325,0.0154,-0.0229,0.0005,-0.1847,0.0071,0.0078,-0.0289,0.0151,0.0148,-0.0006,-1.0000,-1.0000,-1.0000,-1.0000,-1.0000,-1.0000,-1.0000,-1.0000,-1.0000,-1.0000,-1.0000,-1.0000,-1.0000,-1.0000,-1.0000,-1.0000,-1.0000,-1.0000,-1.0000,-1.0000,-1.0000,-1.0000,-1.0000,-1.0000,-1.0000,-1.0000,-1.0000,-1.0000,-1.0000,-1.0000,-1.0000,-1.0000,-1.0000,-1.0000,-1.0000,-1.0000,-1.0000,-1.0000,-1.0000,-1.0000,-1.0000,-1.0000,-1.0000,-1.0000,-1.0000,-1.0000,-1.0000,-1.0000,-1.0000,-1.0000,-1.0000,-1.0000,-1.0000,-1.0000,-1.0000,-1.0000,-1.0000,-1.0000,-1.0000,-1.0000,-1.0000,-1.0000,-1.0000,-1.0000,-1.0000,-1.0000,-1.0000,-1.0000,-1.0000,-1.0000,-1.0000,-1.0000,-1.0000,-1.0000,-1.0000,-1.0000,-1.0000,-1.0000,-1.0000,-1.0000,-1.0000,-1.0000,-1.0000,-1.0000,-1.0000,-1.0000,-1.0000,-1.0000,-1.0000,-1.0000,-1.0000,-1.0000,-1.0000,-1.0000,-1.0000,-1.0000,-1.0000,-1.0000,-1.0000,-1.0000,-1.0000,-1.0000,-1.0000,-1.0000,-1.0000,-1.0000,-1.0000,-1.0000,-1.0000,-1.0000,-1.0000,-1.0000,-1.0000,-1.0000,-1.0000,-1.0000,-1.0000,-1.0000,-1.0000,-1.0000,-1.0000,1.7840,1.7614,1.7764,1.7708,1.7745,1.7581,1.1988,1.2644,1.4227,1.3209,1.2220,1.4997,1.3812,1.3609,1.2292,1.4251,1.3207,1.3506,1.4729,1.4317,1.3910,1.3790,1.3338,1.3455,1.3376,1.2380,1.2802,1.2542,1.2355,1.2782,1.2024,1.1256,1.1586,1.1699,1.1157,1.1828,1.1550,1.1822,1.1031,1.1217,1.3506,1.4729,1.4317,1.3910,1.3790,1.3338,1.3455,1.3376,1.2380,1.2802,1.2542,1.2355,1.2782,1.2024,1.1256,1.1586,1.1699,1.1157,1.1827,1.1550,1.1822,1.1031,1.1217,0,1.0000,-3.8126,0.2856,-2.5528
157,0.3140,-0.0090,0.0007,0.0312,-1.3374,0.1002,0.5159,0.0656,0.1943,0.0001,1.0268,0.9999,0.0002,0.0130,0.0001,0.0001,-0.0211,-0.0005,-0.0093,0.0042,-0.0023,0.0001,-0.0210,-0.0007,-0.0093,0.0043,-0.0008,0.0000,0.0265,0.0014,0.0008,0.0293,0.0033,0.0034,0.0000,0.0265,-0.0012,-0.0006,0.0294,0.0034,0.0021,-0.0000,0.0328,-0.0002,0.0040,0.0006,0.0081,0.0021,0.0005,0.0267,-0.0057,0.0081,-0.0332,0.1044,-0.0030,0.0351,-0.0053,0.0030,-0.1049,0.0918,0.0007,-0.1878,-0.0112,-0.0082,-0.0325,0.0154,-0.0229,0.0005,-0.1847,0.0071,0.0078,-0.0289,0.0151,0.0148,-0.0006,-1.0000,-1.0000,-1.0000,-1.0000,-1.0000,-1.0000,-1.0000,-1.0000,-1.0000,-1.0000,-1.0000,-1.0000,-1.0000,-1.0000,-1.0000,-1.0000,-1.0000,-1.0000,-1.0000,-1.0000,-1.0000,-1.0000,-1.0000,-1.0000,-1.0000,-1.0000,-1.0000,-1.0000,-1.0000,-1.0000,-1.0000,-1.0000,-1.0000,-1.0000,-1.0000,-1.0000,-1.0000,-1.0000,-1.0000,-1.0000,-1.0000,-1.0000,-1.0000,-1.0000,-1.0000,-1.0000,-1.0000,-1.0000,-1.0000,-1.0000,-1.0000,-1.0000,-1.0000,-1.0000,-1.0000,-1.0000,-1.0000,-1.0000,-1.0000,-1.0000,-1.0000,-1.0000,-1.0000,-1.0000,-1.0000,-1.0000,-1.0000,-1.0000,-1.0000,-1.0000,-1.0000,-1.0000,-1.0000,-1.0000,-1.0000,-1.0000,-1.0000,-1.0000,-1.0000,-1.0000,-1.0000,-1.0000,-1.0000,-1.0000,-1.0000,-1.0000,-1.0000,-1.0000,-1.0000,-1.0000,-1.0000,-1.0000,-1.0000,-1.0000,-1.0000,-1.0000,-1.0000,-1.0000,-1.0000,-1.0000,-1.0000,-1.0000,-1.0000,-1.0000,-1.0000,-1.0000,-1.0000,-1.0000,-1.0000,-1.0000,-1.0000,-1.0000,-1.0000,-1.0000,-1.0000,-1.0000,-1.0000,-1.0000,-1.0000,-1.0000,-1.0000,1.7840,1.7614,1.7764,1.7708,1.7745,1.7581,1.1988,1.2644,1.4227,1.3209,1.2220,1.4997,1.3812,1.3609,1.2292,1.4251,1.3207,1.3506,1.4729,1.4317,1.3910,1.3790,1.3338,1.3455,1.3376,1.2380,1.2802,1.2542,1.2355,1.2782,1.2024,1.1256,1.1586,1.1699,1.1157,1.1828,1.1550,1.1822,1.1031,1.1217,1.3506,1.4729,1.4317,1.3910,1.3790,1.3338,1.3455,1.3376,1.2380,1.2802,1.2542,1.2355,1.2782,1.2024,1.1256,1.1586,1.1699,1.1157,1.1827,1.1550,1.1822,1.1031,1.1217,0,1.0000,-3.8126,0.2856,-2.5528
158,0.3160,-0.0116,0.0009,0.0324,-1.3066,0.0979,0.5835,0.0656,0.1944,0.0001,1.0268,0.9999,0.0002,0.0130,0.0002,0.0001,-0.0210,-0.0005,-0.0092,0.0042,-0.0020,0.0001,-0.0209,-0.0007,-0.0093,0.0041,-0.0005,0.0000,0.0262,0.0014,0.0008,0.0293,0.0034,0.0033,0.0000,0.0261,-0.0012,-0.0006,0.0294,0.0034,0.0021,-0.0000,0.0333,-0.0004,0.0062,-0.0012,0.0080,0.0020,0.0002,0.0266,-0.0045,0.0090,-0.0267,0.1298,-0.0032,0.0335,-0.0039,0.0048,-0.0846,0.1152,0.0010,-0.1838,-0.0126,-0.0085,-0.0293,0.0155,-0.0227,0.0005,-0.1802,0.0079,0.0083,-0.0246,0.0151,0.0136,-0.0006,-1.0000,-1.0000,-1.0000,-1.0000,-1.0000,-1.0000,-1.0000,-1.0000,-1.0000,-1.0000,-1.0000,-1.0000,-1.0000,-1.0000,-1.0000,-1.0000,-1.0000,-1.0000,-1.0000,-1.0000,-1.0000,-1.0000,-1.0000,-1.0000,-1.0000,-1.0000,-1.0000,-1.0000,-1.0000,-1.0000,-1.0000,-1.0000,-1.0000,-1.0000,-1.0000,-1.0000,-1.0000,-1.0000,-1.0000,-1.0000,-1.0000,-1.0000,-1.0000,-1.0000,-1.0000,-1.0000,-1.0000,-1.0000,-1.0000,-1.0000,-1.0000,-1.0000,-1.0000,-1.0000,-1.0000,-1.0000,-1.0000,-1.0000,-1.0000,-1.0000,-1.0000,-1.0000,-1.0000,-1.0000,-1.0000,-1.0000,-1.0000,-1.0000,-1.0000,-1.0000,-1.0000,-1.0000,-1.0000,-1.0000,-1.0000,-1.0000,-1.0000,-1.0000,-1.0000,-1.0000,-1.0000,-1.0000,-1.0000,-1.0000,-1.0000,-1.0000,-1.0000,-1.0000,-1.0000,-1.0000,-1.0000,-1.0000,-1.0000,-1.0000,-1.0000,-1.0000,-1.0000,-1.0000,-1.0000,-1.0000,-1.0000,-1.0000,-1.0000,-1.0000,-1.0000,-1.0000,-1.0000,-1.0000,-1.0000,-1.0000,-1.0000,-1.0000,-1.0000,-1.0000,-1.0000,-1.0000,-1.0000,-1.0000,-1.0000,-1.0000,-1.0000,1.7835,1.7609,1.7758,1.7701,1.7740,1.7576,1.1980,1.2640,1.4223,1.3202,1.2216,1.4991,1.3804,1.3605,1.2285,1.4243,1.3203,1.3502,1.4724,1.4312,1.3905,1.3785,1.3331,1.3449,1.3370,1.2375,1.2795,1.2536,1.2348,1.2776,1.2018,1.1251,1.1584,1.1694,1.1153,1.1825,1.1545,1.1819,1.1028,1.1214,1.3502,1.4725,1.4312,1.3906,1.3785,1.3331,1.3450,1.3371,1.2376,1.2796,1.2537,1.2349,1.2776,1.2018,1.1251,1.1584,1.1695,1.1153,1.1826,1.1546,1.1820,1.1029,1.1214,0,1.0000,-3.8126,0.2856,-2.5528
158,0.3160,-0.0116,0.0009,0.0324,-1.3066,0.0979,0.5835,0.0656,0.1944,0.0001,1.0268,0.9999,0.0002,0.0130,0.0002,0.0001,-0.0210,-0.0005,-0.0092,0.0042,-0.0020,0.0001,-0.0209,-0.0007,-0.0093,0.0041,-0.0005,0.0000,0.0262,0.0014,0.0008,0.0293,0.0034,0.0033,0.0000,0.0261,-0.0012,-0.0006,0.0294,0.0034,0.0021,-0.0000,0.0333,-0.0004,0.0062,-0.0012,0.0080,0.0020,0.0002,0.0266,-0.0045,0.0090,-0.0267,0.1298,-0.0032,0.0335,-0.0039,0.0048,-0.0846,0.1152,0.0010,-0.1838,-0.0126,-0.0085,-0.0293,0.0155,-0.0227,0.0005,-0.1802,0.0079,0.0083,-0.0246,0.0151,0.0136,-0.0006,-1.0000,-1.0000,-1.0000,-1.0000,-1.0000,-1.0000,-1.0000,-1.0000,-1.0000,-1.0000,-1.0000,-1.0000,-1.0000,-1.0000,-1.0000,-1.0000,-1.0000,-1.0000,-1.0000,-1.0000,-1.0000,-1.0000,-1.0000,-1.0000,-1.0000,-1.0000,-1.0000,-1.0000,-1.0000,-1.0000,-1.0000,-1.0000,-1.0000,-1.0000,-1.0000,-1.0000,-1.0000,-1.0000,-1.0000,-1.0000,-1.0000,-1.0000,-1.0000,-1.0000,-1.0000,-1.0000,-1.0000,-1.0000,-1.0000,-1.0000,-1.0000,-1.0000,-1.0000,-1.0000,-1.0000,-1.0000,-1.0000,-1.0000,-1.0000,-1.0000,-1.0000,-1.0000,-1.0000,-1.0000,-1.0000,-1.0000,-1.0000,-1.0000,-1.0000,-1.0000,-1.0000,-1.0000,-1.0000,-1.0000,-1.0000,-1.0000,-1.0000,-1.0000,-1.0000,-1.0000,-1.0000,-1.0000,-1.0000,-1.0000,-1.0000,-1.0000,-1.0000,-1.0000,-1.0000,-1.0000,-1.0000,-1.0000,-1.0000,-1.0000,-1.0000,-1.0000,-1.0000,-1.0000,-1.0000,-1.0000,-1.0000,-1.0000,-1.0000,-1.0000,-1.0000,-1.0000,-1.0000,-1.0000,-1.0000,-1.0000,-1.0000,-1.0000,-1.0000,-1.0000,-1.0000,-1.0000,-1.0000,-1.0000,-1.0000,-1.0000,-1.0000,1.7835,1.7609,1.7758,1.7701,1.7740,1.7576,1.1980,1.2640,1.4223,1.3202,1.2216,1.4991,1.3804,1.3605,1.2285,1.4243,1.3203,1.3502,1.4724,1.4312,1.3905,1.3785,1.3331,1.3449,1.3370,1.2375,1.2795,1.2536,1.2348,1.2776,1.2018,1.1251,1.1584,1.1694,1.1153,1.1825,1.1545,1.1819,1.1028,1.1214,1.3502,1.4725,1.4312,1.3906,1.3785,1.3331,1.3450,1.3371,1.2376,1.2796,1.2537,1.2349,1.2776,1.2018,1.1251,1.1584,1.1695,1.1153,1.1826,1.1546,1.1820,1.1029,1.1214,0,1.0000,-3.8126,0.2856,-2.5528
159,0.3180,-0.0142,0.0011,0.0337,-1.2838,0.0962,0.6317,0.0656,0.1945,0.0001,1.0268,0.9999,0.0002,0.0130,0.0002,0.0001,-0.0210,-0.0006,-0.0092,0.0041,-0.0017,0.0000,-0.0208,-0.0007,-0.0092,0.0040,-0.0003,0.0000,0.0258,0.0014,0.0008,0.0292,0.0034,0.0033,0.0000,0.0258,-0.0012,-0.0006,0.0293,0.0034,0.0022,-0.0000,0.0338,-0.0006,0.0079,-0.0028,0.0077,0.0019,0.0000,0.0267,-0.0034,0.0098,-0.0216,0.1501,-0.0033,0.0323,-0.0027,0.0064,-0.0680,0.1337,0.0013,-0.1798,-0.0138,-0.0088,-0.0268,0.0155,-0.0225,0.0005,-0.1758,0.0087,0.0087,-0.0213,0.0151,0.0124,-0.0006,-1.0000,-1.0000,-1.0000,-1.0000,-1.0000,-1.0000,-1.0000,-1.0000,-1.0000,-1.0000,-1.0000,-1.0000,-1.0000,-1.0000,-1.0000,-1.0000,-1.0000,-1.0000,-1.0000,-1.0000,-1.0000,-1.0000,-1.0000,-1.0000,-1.0000,-1.0000,-1.0000,-1.0000,-1.0000,-1.0000,-1.0000,-1.0000,-1.0000,-1.0000,-1.0000,-1.0000,-1.0000,-1.0000,-1.0000,-1.0000,-1.0000,-1.0000,-1.0000,-1.0000,-1.0000,-1.0000,-1.0000,-1.0000,-1.0000,-1.0000,-1.0000,-1.0000,-1.0000,-1.0000,-1.0000,-1.0000,-1.0000,-1.0000,-1.0000,-1.0000,-1.0000,-1.0000,-1.0000,-1.0000,-1.0000,-1.0000,-1.0000,-1.0000,-1.0000,-1.0000,-1.0000,-1.0000,-1.0000,-1.0000,-1.0000,-1.0000,-1.0000,-1.0000,-1.0000,-1.0000,-1.0000,-1.0000,-1.0000,-1.0000,-1.0000,-1.0000,-1.0000,-1.0000,-1.0000,-1.0000,-1.0000,-1.0000,-1.0000,-1.0000,-1.0000,-1.0000,-1.0000,-1.0000,-1.0000,-1.0000,-1.0000,-1.0000,-1.0000,-1.0000,-1.0000,-1.0000,-1.0000,-1.0000,-1.0000,-1.0000,-1.0000,-1.0000,-1.0000,-1.0000,-1.0000,-1.0000,-1.0000,-1.0000,-1.0000,-1.0000,-1.0000,1.7827,1.7603,1.7750,1.7693,1.7733,1.7568,1.1971,1.2635,1.4217,1.3193,1.2212,1.4984,1.3795,1.3599,1.2276,1.4235,1.3198,1.3496,1.4718,1.4305,1.3899,1.3778,1.3322,1.3441,1.3364,1.2369,1.2787,1.2529,1.2339,1.2768,1.2010,1.1244,1.1580,1.1688,1.1147,1.1821,1.1538,1.1815,1.1024,1.1209,1.3497,1.4719,1.4307,1.3900,1.3779,1.3323,1.3443,1.3365,1.2371,1.2789,1.2531,1.2341,1.2770,1.2011,1.1246,1.1582,1.1690,1.1149,1.1823,1.1540,1.1816,1.1026,1.1211,0,1.0000,-3.8126,0.2856,-2.5528
160,0.3200,-0.0167,0.0013,0.0350,-1.2677,0.0950,0.6640,0.0656,0.1945,0.0001,1.0268,0.9999,0.0002,0.0130,0.0002,0.0001,-0.0209,-0.0006,-0.0092,0.0041,-0.0014,0.0000,-0.0208,-0.0007,-0.0092,0.0041,-0.0000,0.0000,0.0254,0.0013,0.0008,0.0291,0.0034,0.0032,0.0000,0.0254,-0.0011,-0.0006,0.0293,0.0035,0.0022,-0.0000,0.0344,0.0005,0.0044,0.0199,0.0056,0.0035,-0.0011,0.0295,-0.0331,0.0096,-0.0161,0.1776,-0.0050,0.0172,-0.0305,0.0220,0.0768,0.1214,-0.0028,-0.1747,-0.0068,-0.0121,-0.0241,0.0153,-0.0222,0.0004,-0.1768,0.0174,0.0059,-0.0349,0.0149,0.0106,-0.0006,-1.0000,-1.0000,-1.0000,-1.0000,-1.0000,-1.0000,-1.0000,-1.0000,-1.0000,-1.0000,-1.0000,-1.0000,-1.0000,-1.0000,-1.0000,-1.0000,-1.0000,-1.0000,-1.0000,-1.0000,-1.0000,-1.0000,-1.0000,-1.0000,-1.0000,-1.0000,-1.0000,-1.0000,-1.0000,-1.0000,-1.0000,-1.0000,-1.0000,-1.0000,-1.0000,-1.0000,-1.0000,-1.0000,-1.0000,-1.0000,-1.0000,-1.0000,-1.0000,-1.0000,-1.0000,-1.0000,-1.0000,-1.0000,-1.0000,-1.0000,-1.0000,-1.0000,-1.0000,-1.0000,-1.0000,-1.0000,-1.0000,-1.0000,-1.0000,-1.0000,-1.0000,-1.0000,-1.0000,-1.0000,-1.0000,-1.0000,-1.0000,-1.0000,-1.0000,-1.0000,-1.0000,-1.0000,-1.0000,-1.0000,-1.0000,-1.0000,-1.0000,-1.0000,-1.0000,-1.0000,-1.0000,-1.0000,-1.0000,-1.0000,-1.0000,-1.0000,-1.0000,-1.0000,-1.0000,-1.0000,-1.0000,-1.0000,-1.0000,-1.0000,-1.0000,-1.0000,-1.0000,-1.0000,-1.0000,-1.0000,-1.0000,-1.0000,-1.0000,-1.0000,-1.0000,-1.0000,-1.0000,-1.0000,-1.0000,-1.0000,-1.0000,-1.0000,-1.0000,-1.0000,-1.0000,-1.0000,-1.0000,-1.0000,-1.0000,-1.0000,-1.0000,1.7819,1.7596,1.7742,1.7684,1.7726,1.7560,1.1962,1.2629,1.4211,1.3183,1.2206,1.4976,1.3785,1.3593,1.2267,1.4225,1.3192,1.3489,1.4710,1.4298,1.3892,1.3771,1.3312,1.3433,1.3356,1.2363,1.2778,1.2521,1.2330,1.2760,1.2001,1.1236,1.1575,1.1682,1.1141,1.1816,1.1530,1.1810,1.1020,1.1204,1.3491,1.4712,1.4300,1.3894,1.3773,1.3314,1.3435,1.3358,1.2365,1.2781,1.2524,1.2332,1.2762,1.2004,1.1239,1.1578,1.1684,1.1143,1.1819,1.1533,1.1812,1.1022,1.1206,0,1.0000,-3.8126,0.2856,-2.5528
160,0.3200,-0.0167,0.0013,0.0350,-1.2677,0.0950,0.6640,0.0656,0.1945,0.0001,1.0268,0.9999,0.0002,0.0130,0.0002,0.0001,-0.0209,-0.0006,-0.0092,0.0041,-0.0014,0.0000,-0.0208,-0.0007,-0.0092,0.0041,-0.0000,0.0000,0.0254,0.0013,0.0008,0.0291,0.0034,0.0032,0.0000,0.0254,-0.0011,-0.0006,0.0293,0.0035,0.0022,-0.0000,0.0344,0.0005,0.0044,0.0199,0.0056,0.0035,-0.0011,0.0295,-0.0331,0.0096,-0.0161,0.1776,-0.0050,0.0172,-0.0305,0.0220,0.0768,0.1214,-0.0028,-0.1747,-0.0068,-0.0121,-0.0241,0.0153,-0.0222,0.0004,-0.1768,0.0174,0.0059,-0.0349,0.0149,0.0106,-0.0006,-1.0000,-1.0000,-1.0000,-1.0000,-1.0000,-1.0000,-1.0000,-1.0000,-1.0000,-1.0000,-1.0000,-1.0000,-1.0000,-1.0000,-1.0000,-1.0000,-1.0000,-1.0000,-1.0000,-1.0000,-1.0000,-1.0000,-1.0000,-1.0000,-1.0000,-1.0000,-1.0000,-1.0000,-1.0000,-1.0000,-1.0000,-1.0000,-1.0000,-1.0000,-1.0000,-1.0000,-1.0000,-1.0000,-1.0000,-1.0000,-1.0000,-1.0000,-1.0000,-1.0000,-1.0000,-1.0000,-1.0000,-1.0000,-1.0000,-1.0000,-1.0000,-1.0000,-1.0000,-1.0000,-1.0000,-1.0000,-1.0000,-1.0000,-1.0000,-1.0000,-1.0000,-1.0000,-1.0000,-1.0000,-1.0000,-1.0000,-1.0000,-1.0000,-1.0000,-1.0000,-1.0000,-1.0000,-1.0000,-1.0000,-1.0000,-1.0000,-1.0000,-1.0000,-1.0000,-1.0000,-1.0000,-1.0000,-1.0000,-1.0000,-1.0000,-1.0000,-1.0000,-1.0000,-1.0000,-1.0000,-1.0000,-1.0000,-1.0000,-1.0000,-1.0000,-1.0000,-1.0000,-1.0000,-1.0000,-1.0000,-1.0000,-1.0000,-1.0000,-1.0000,-1.0000,-1.0000,-1.0000,-1.0000,-1.0000,-1.0000,-1.0000,-1.0000,-1.0000,-1.0000,-1.0000,-1.0000,-1.0000,-1.0000,-1.0000,-1.0000,-1.0000,1.7819,1.7596,1.7742,1.7684,1.7726,1.7560,1.1962,1.2629,1.4211,1.3183,1.2206,1.4976,1.3785,1.3593,1.2267,1.4225,1.3192,1.3489,1.4710,1.4298,1.3892,1.3771,1.3312,1.3433,1.3356,1.2363,1.2778,1.2521,1.2330,1.2760,1.2001,1.1236,1.1575,1.1682,1.1141,1.1816,1.1530,1.1810,1.1020,1.1204,1.3491,1.4712,1.4300,1.3894,1.3773,1.3314,1.3435,1.3358,1.2365,1.2781,1.2524,1.2332,1.2762,1.2004,1.1239,1.1578,1.1684,1.1143,1.1819,1.1533,1.1812,1.1022,1.1206,0,1.0000,-3.8126,0.2856,-2.5528
161,0.3220,-0.0192,0.0014,0.0364,-1.2570,0.0942,0.6832,0.0656,0.1946,0.0001,1.0268,0.9999,0.0003,0.0130,0.0002,0.0001,-0.0209,-0.0007,-0.0092,0.0041,-0.0010,0.0000,-0.0208,-0.0008,-0.0092,0.0042,0.0001,-0.0000,0.0251,0.0013,0.0007,0.0291,0.0035,0.0032,0.0000,0.0251,-0.0011,-0.0006,0.0292,0.0035,0.0022,-0.0000,0.0350,0.0004,0.0056,0.0187,0.0054,0.0035,-0.0013,0.0297,-0.0322,0.0104,-0.0136,0.1888,-0.0047,0.0231,-0.0265,0.0186,0.0297,0.0697,-0.0025,-0.1706,-0.0082,-0.0122,-0.0227,0.0153,-0.0220,0.0004,-0.1723,0.0179,0.0065,-0.0324,0.0149,0.0093,-0.0006,-1.0000,-1.0000,-1.0000,-1.0000,-1.0000,-1.0000,-1.0000,-1.0000,-1.0000,-1.0000,-1.0000,-1.0000,-1.0000,-1.0000,-1.0000,-1.0000,-1.0000,-1.0000,-1.0000,-1.0000,-1.0000,-1.0000,-1.0000,-1.0000,-1.0000,-1.0000,-1.0000,-1.0000,-1.0000,-1.0000,-1.0000,-1.0000,-1.0000,-1.0000,-1.0000,-1.0000,-1.0000,-1.0000,-1.0000,-1.0000,-1.0000,-1.0000,-1.0000,-1.0000,-1.0000,-1.0000,-1.0000,-1.0000,-1.0000,-1.0000,-1.0000,-1.0000,-1.0000,-1.0000,-1.0000,-1.0000,-1.0000,-1.0000,-1.0000,-1.0000,-1.0000,-1.0000,-1.0000,-1.0000,-1.0000,-1.0000,-1.0000,-1.0000,-1.0000,-1.0000,-1.0000,-1.0000,-1.0000,-1.0000,-1.0000,-1.0000,-1.0000,-1.0000,-1.0000,-1.0000,-1.0000,-1.0000,-1.0000,-1.0000,-1.0000,-1.0000,-1.0000,-1.0000,-1.0000,-1.0000,-1.0000,-1.0000,-1.0000,-1.0000,-1.0000,-1.0000,-1.0000,-1.0000,-1.0000,-1.0000,-1.0000,-1.0000,-1.0000,-1.0000,-1.0000,-1.0000,-1.0000,-1.0000,-1.0000,-1.0000,-1.0000,-1.0000,-1.0000,-1.0000,-1.0000,-1.0000,-1.0000,-1.0000,-1.0000,-1.0000,-1.0000,1.7810,1.7588,1.7733,1.7675,1.7717,1.7551,1.1951,1.2623,1.4203,1.3173,1.2199,1.4967,1.3774,1.3586,1.2257,1.4214,1.3185,1.3481,1.4702,1.4290,1.3884,1.3763,1.3302,1.3424,1.3348,1.2355,1.2769,1.2513,1.2320,1.2751,1.1992,1.1228,1.1570,1.1674,1.1134,1.1811,1.1522,1.1804,1.1014,1.1198,1.3484,1.4705,1.4293,1.3887,1.3765,1.3304,1.3427,1.3350,1.2358,1.2771,1.2516,1.2323,1.2753,1.1995,1.1232,1.1573,1.1678,1.1137,1.1814,1.1525,1.1807,1.1017,1.1201,0,1.0000,-3.8126,0.2856,-2.5528
161,0.3220,-0.0192,0.0014,0.0364,-1.2570,0.0942,0.6832,0.0656,0.1946,0.0001,1.0268,0.9999,0.0003,0.0130,0.0002,0.0001,-0.0209,-0.0007,-0.0092,0.0041,-0.0010,0.0000,-0.0208,-0.0008,-0.0092,0.0042,0.0001,-0.0000,0.0251,0.0013,0.0007,0.0291,0.0035,0.0032,0.0000,0.0251,-0.0011,-0.0006,0.0292,0.0035,0.0022,-0.0000,0.0350,0.0004,0.0056,0.0187,0.0054,0.0035,-0.0013,0.0297,-0.0322,0.0104,-0.0136,0.1888,-0.0047,0.0231,-0.0265,0.0186,0.0297,0.0697,-0.0025,-0.1706,-0.0082,-0.0122,-0.0227,0.0153,-0.0220,0.0004,-0.1723,0.0179,0.0065,-0.0324,0.0149,0.0093,-0.0006,-1.0000,-1.0000,-1.0000,-1.0000,-1.0000,-1.0000,-1.0000,-1.0000,-1.0000,-1.0000,-1.0000,-1.0000,-1.0000,-1.0000,-1.0000,-1.0000,-1.0000,-1.0000,-1.0000,-1.0000,-1.0000,-1.0000,-1.0000,-1.0000,-1.0000,-1.0000,-1.0000,-1.0000,-1.0000,-1.0000,-1.0000,-1.0000,-1.0000,-1.0000,-1.0000,-1.0000,-1.0000,-1.0000,-1.0000,-1.0000,-1.0000,-1.0000,-1.0000,-1.0000,-1.0000,-1.0000,-1.0000,-1.0000,-1.0000,-1.0000,-1.0000,-1.0000,-1.0000,-1.0000,-1.0000,-1.0000,-1.0000,-1.0000,-1.0000,-1.0000,-1.0000,-1.0000,-1.0000,-1.0000,-1.0000,-1.0000,-1.0000,-1.0000,-1.0000,-1.0000,-1.0000,-1.0000,-1.0000,-1.0000,-1.0000,-1.0000,-1.0000,-1.0000,-1.0000,-1.0000,-1.0000,-1.0000,-1.0000,-1.0000,-1.0000,-1.0000,-1.0000,-1.0000,-1.0000,-1.0000,-1.0000,-1.0000,-1.0000,-1.0000,-1.0000,-1.0000,-1.0000,-1.0000,-1.0000,-1.0000,-1.0000,-1.0000,-1.0000,-1.0000,-1.0000,-1.0000,-1.0000,-1.0000,-1.0000,-1.0000,-1.0000,-1.0000,-1.0000,-1.0000,-1.0000,-1.0000,-1.0000,-1.0000,-1.0000,-1.0000,-1.0000,1.7810,1.7588,1.7733,1.7675,1.7717,1.7551,1.1951,1.2623,1.4203,1.3173,1.2199,1.4967,1.3774,1.3586,1.2257,1.4214,1.3185,1.3481,1.4702,1.4290,1.3884,1.3763,1.3302,1.3424,1.3348,1.2355,1.2769,1.2513,1.2320,1.2751,1.1992,1.1228,1.1570,1.1674,1.1134,1.1811,1.1522,1.1804,1.1014,1.1198,1.3484,1.4705,1.4293,1.3887,1.3765,1.3304,1.3427,1.3350,1.2358,1.2771,1.2516,1.2323,1.2753,1.1995,1.1232,1.1573,1.1678,1.1137,1.1814,1.1525,1.1807,1.1017,1.1201,0,1.0000,-3.8126,0.2856,-2.5528
162,0.3240,-0.0217,0.0016,0.0378,-1.2506,0.0937,0.6917,0.0656,0.1947,0.0001,1.0268,0.9999,0.0003,0.0130,0.0002,0.0001,-0.0208,-0.0007,-0.0092,0.0040,-0.0004,0.0000,-0.0207,-0.0008,-0.0091,0.0041,0.0000,-0.0000,0.0248,0.0013,0.0007,0.0290,0.0035,0.0031,0.0000,0.0248,-0.0011,-0.0006,0.0291,0.0035,0.0022,-0.0000,0.0355,-0.0002,0.0028,0.0066,0.0044,0.0026,-0.0020,0.0323,-0.0232,0.0114,-0.0295,0.3184,-0.0034,0.0308,-0.0060,0.0144,-0.0238,-0.0413,-0.0003,-0.1695,-0.0130,-0.0109,-0.0316,0.0154,-0.0221,0.0004,-0.1679,0.0147,0.0083,-0.0325,0.0150,0.0080,-0.0006,-1.0000,-1.0000,-1.0000,-1.0000,-1.0000,-1.0000,-1.0000,-1.0000,-1.0000,-1.0000,-1.0000,-1.0000,-1.0000,-1.0000,-1.0000,-1.0000,-1.0000,-1.0000,-1.0000,-1.0000,-1.0000,-1.0000,-1.0000,-1.0000,-1.0000,-1.0000,-1.0000,-1.0000,-1.0000,-1.0000,-1.0000,-1.0000,-1.0000,-1.0000,-1.0000,-1.0000,-1.0000,-1.0000,-1.0000,-1.0000,-1.0000,-1.0000,-1.0000,-1.0000,-1.0000,-1.0000,-1.0000,-1.0000,-1.0000,-1.0000,-1.0000,-1.0000,-1.0000,-1.0000,-1.0000,-1.0000,-1.0000,-1.0000,-1.0000,-1.0000,-1.0000,-1.0000,-1.0000,-1.0000,-1.0000,-1.0000,-1.0000,-1.0000,-1.0000,-1.0000,-1.0000,-1.0000,-1.0000,-1.0000,-1.0000,-1.0000,-1.0000,-1.0000,-1.0000,-1.0000,-1.0000,-1.0000,-1.0000,-1.0000,-1.0000,-1.0000,-1.0000,-1.0000,-1.0000,-1.0000,-1.0000,-1.0000,-1.0000,-1.0000,-1.0000,-1.0000,-1.0000,-1.0000,-1.0000,-1.0000,-1.0000,-1.0000,-1.0000,-1.0000,-1.0000,-1.0000,-1.0000,-1.0000,-1.0000,-1.0000,-1.0000,-1.0000,-1.0000,-1.0000,-1.0000,-1.0000,-1.0000,-1.0000,-1.0000,-1.0000,-1.0000,1.7801,1.7580,1.7723,1.7665,1.7709,1.7542,1.1941,1.2616,1.4196,1.3162,1.2192,1.4957,1.3764,1.3578,1.2246,1.4203,1.3177,1.3473,1.4694,1.4282,1.3876,1.3755,1.3292,1.3415,1.3339,1.2347,1.2759,1.2504,1.2310,1.2742,1.1983,1.1220,1.1565,1.1667,1.1126,1.1805,1.1514,1.1798,1.1008,1.1192,1.3476,1.4697,1.4285,1.3879,1.3757,1.3294,1.3418,1.3341,1.2351,1.2762,1.2508,1.2313,1.2744,1.1986,1.1224,1.1568,1.1671,1.1130,1.1809,1.1517,1.1801,1.1012,1.1196,0,1.0000,-3.8126,0.2856,-2.5528
163,0.3260,-0.0242,0.0018,0.0391,-1.2478,0.0935,0.6916,0.0656,0.1947,0.0001,1.0268,0.9999,0.0003,0.0130,0.0002,0.0001,-0.0207,-0.0008,-0.0091,0.0039,0.0005,0.0000,-0.0206,-0.0008,-0.0091,0.0040,-0.0003,0.0000,0.0244,0.0013,0.0007,0.0290,0.0035,0.0031,0.0000,0.0244,-0.0010,-0.0005,0.0291,0.0036,0.0022,-0.0000,0.0359,-0.0009,-0.0000,-0.0050,0.0035,0.0018,-0.0025,0.0346,-0.0146,0.0123,-0.0428,0.4415,-0.0023,0.0377,0.0137,0.0107,-0.0706,-0.1458,0.0017,-0.1682,-0.0175,-0.0096,-0.0400,0.0154,-0.0223,0.0004,-0.1635,0.0118,0.0100,-0.0328,0.0150,0.0066,-0.0005,-1.0000,-1.0000,-1.0000,-1.0000,-1.0000,-1.0000,-1.0000,-1.0000,-1.0000,-1.0000,-1.0000,-1.0000,-1.0000,-1.0000,-1.0000,-1.0000,-1.0000,-1.0000,-1.0000,-1.0000,-1.0000,-1.0000,-1.0000,-1.0000,-1.0000,-1.0000,-1.0000,-1.0000,-1.0000,-1.0000,-1.0000,-1.0000,-1.0000,-1.0000,-1.0000,-1.0000,-1.0000,-1.0000,-1.0000,-1.0000,-1.0000,-1.0000,-1.0000,-1.0000,-1.0000,-1.0000,-1.0000,-1.0000,-1.0000,-1.0000,-1.0000,-1.0000,-1.0000,-1.0000,-1.0000,-1.0000,-1.0000,-1.0000,-1.0000,-1.0000,-1.0000,-1.0000,-1.0000,-1.0000,-1.0000,-1.0000,-1.0000,-1.0000,-1.0000,-1.0000,-1.0000,-1.0000,-1.0000,-1.0000,-1.0000,-1.0000,-1.0000,-1.0000,-1.0000,-1.0000,-1.0000,-1.0000,-1.0000,-1.0000,-1.0000,-1.0000,-1.0000,-1.0000,-1.0000,-1.0000,-1.0000,-1.0000,-1.0000,-1.0000,-1.0000,-1.0000,-1.0000,-1.0000,-1.0000,-1.0000,-1.0000,-1.0000,-1.0000,-1.0000,-1.0000,-1.0000,-1.0000,-1.0000,-1.0000,-1.0000,-1.0000,-1.0000,-1.0000,-1.0000,-1.0000,-1.0000,-1.0000,-1.0000,-1.0000,-1.0000,-1.0000,1.7792,1.7571,1.7714,1.7654,1.7700,1.7533,1.1930,1.2609,1.4188,1.3151,1.2185,1.4948,1.3752,1.3571,1.2235,1.4192,1.3170,1.3465,1.4686,1.4274,1.3868,1.3747,1.3281,1.3405,1.3330,1.2339,1.2749,1.2495,1.2300,1.2733,1.1973,1.1211,1.1559,1.1659,1.1119,1.1799,1.1505,1.1792,1.1002,1.1185,1.3469,1.4689,1.4277,1.3871,1.3749,1.3284,1.3409,1.3333,1.2343,1.2753,1.2499,1.2304,1.2735,1.1977,1.1216,1.1563,1.1664,1.1124,1.1803,1.1509,1.1796,1.1007,1.1190,0,1.0000,-3.8126,0.2856,-2.5528
163,0.3260,-0.0242,0.0018,0.0391,-1.2478,0.0935,0.6916,0.0656,0.1947,0.0001,1.0268,0.9999,0.0003,0.0130,0.0002,0.0001,-0.0207,-0.0008,-0.0091,0.0039,0.0005,0.0000,-0.0206,-0.0008,-0.0091,0.0040,-0.0003,0.0000,0.0244,0.0013,0.0007,0.0290,0.0035,0.0031,0.0000,0.0244,-0.0010,-0.0005,0.0291,0.0036,0.0022,-0.0000,0.0359,-0.0009,-0.0000,-0.0050,0.0035,0.0018,-0.0025,0.0346,-0.0146,0.0123,-0.0428,0.4415,-0.0023,0.0377,0.0137,0.0107,-0.0706,-0.1458,0.0017,-0.1682,-0.0175,-0.0096,-0.0400,0.0154,-0.0223,0.0004,-0.1635,0.0118,0.0100,-0.0328,0.0150,0.0066,-0.0005,-1.0000,-1.0000,-1.0000,-1.0000,-1.0000,-1.0000,-1.0000,-1.0000,-1.0000,-1.0000,-1.0000,-1.0000,-1.0000,-1.0000,-1.0000,-1.0000,-1.0000,-1.0000,-1.0000,-1.0000,-1.0000,-1.0000,-1.0000,-1.0000,-1.0000,-1.0000,-1.0000,-1.0000,-1.0000,-1.0000,-1.0000,-1.0000,-1.0000,-1.0000,-1.0000,-1.0000,-1.0000,-1.0000,-1.0000,-1.0000,-1.0000,-1.0000,-1.0000,-1.0000,-1.0000,-1.0000,-1.0000,-1.0000,-1.0000,-1.0000,-1.0000,-1.0000,-1.0000,-1.0000,-1.0000,-1.0000,-1.0000,-1.0000,-1.0000,-1.0000,-1.0000,-1.0000,-1.0000,-1.0000,-1.0000,-1.0000,-1.0000,-1.0000,-1.0000,-1.0000,-1.0000,-1.0000,-1.0000,-1.0000,-1.0000,-1.0000,-1.0000,-1.0000,-1.0000,-1.0000,-1.0000,-1.0000,-1.0000,-1.0000,-1.0000,-1.0000,-1.0000,-1.0000,-1.0000,-1.0000,-1.0000,-1.0000,-1.0000,-1.0000,-1.0000,-1.0000,-1.0000,-1.0000,-1.0000,-1.0000,-1.0000,-1.0000,-1.0000,-1.0000,-1.0000,-1.0000,-1.0000,-1.0000,-1.0000,-1.0000,-1.0000,-1.0000,-1.0000,-1.0000,-1.0000,-1.0000,-1.0000,-1.0000,-1.0000,-1.0000,-1.0000,1.7792,1.7571,1.7714,1.7654,1.7700,1.7533,1.1930,1.2609,1.4188,1.3151,1.2185,1.4948,1.3752,1.3571,1.2235,1.4192,1.3170,1.3465,1.4686,1.4274,1.3868,1.3747,1.3281,1.3405,1.3330,1.2339,1.2749,1.2495,1.2300,1.2733,1.1973,1.1211,1.1559,1.1659,1.1119,1.1799,1.1505,1.1792,1.1002,1.1185,1.3469,1.4689,1.4277,1.3871,1.3749,1.3284,1.3409,1.3333,1.2343,1.2753,1.2499,1.2304,1.2735,1.1977,1.1216,1.1563,1.1664,1.1124,1.1803,1.1509,1.1796,1.1007,1.1190,0,1.0000,-3.8126,0.2856,-2.5528
164,0.3280,-0.0267,0.0020,0.0405,-1.2477,0.0935,0.6846,0.0656,0.1948,0.0001,1.0268,0.9999,0.0002,0.0130,0.0002,0.0001,-0.0207,-0.0008,-0.0091,0.0038,0.0010,0.0000,-0.0205,-0.0007,-0.0091,0.0038,-0.0007,0.0000,0.0241,0.0012,0.0007,0.0289,0.0035,0.0030,0.0000,0.0241,-0.0010,-0.0005,0.0290,0.0036,0.0022,-0.0000,0.0365,-0.0007,-0.0014,-0.0088,0.0030,0.0017,-0.0006,0.0363,-0.0005,0.0129,-0.0551,0.2329,-0.0017,0.0435,0.0226,0.0076,-0.1106,-0.2390,0.0021,-0.1651,-0.0204,-0.0096,-0.0430,0.0154,-0.0222,0.0004,-0.1594,0.0105,0.0106,-0.0334,0.0151,0.0053,-0.0005,-1.0000,-1.0000,-1.0000,-1.0000,-1.0000,-1.0000,-1.0000,-1.0000,-1.0000,-1.0000,-1.0000,-1.0000,-1.0000,-1.0000,-1.0000,-1.0000,-1.0000,-1.0000,-1.0000,-1.0000,-1.0000,-1.0000,-1.0000,-1.0000,-1.0000,-1.0000,-1.0000,-1.0000,-1.0000,-1.0000,-1.0000,-1.0000,-1.0000,-1.0000,-1.0000,-1.0000,-1.0000,-1.0000,-1.0000,-1.0000,-1.0000,-1.0000,-1.0000,-1.0000,-1.0000,-1.0000,-1.0000,-1.0000,-1.0000,-1.0000,-1.0000,-1.0000,-1.0000,-1.0000,-1.0000,-1.0000,-1.0000,-1.0000,-1.0000,-1.0000,-1.0000,-1.0000,-1.0000,-1.0000,-1.0000,-1.0000,-1.0000,-1.0000,-1.0000,-1.0000,-1.0000,-1.0000,-1.0000,-1.0000,-1.0000,-1.0000,-1.0000,-1.0000,-1.0000,-1.0000,-1.0000,-1.0000,-1.0000,-1.0000,-1.0000,-1.0000,-1.0000,-1.0000,-1.0000,-1.0000,-1.0000,-1.0000,-1.0000,-1.0000,-1.0000,-1.0000,-1.0000,-1.0000,-1.0000,-1.0000,-1.0000,-1.0000,-1.0000,-1.0000,-1.0000,-1.0000,-1.0000,-1.0000,-1.0000,-1.0000,-1.0000,-1.0000,-1.0000,-1.0000,-1.0000,-1.0000,-1.0000,-1.0000,-1.0000,-1.0000,-1.0000,1.7782,1.7563,1.7704,1.7644,1.7691,1.7524,1.1919,1.2602,1.4180,1.3140,1.2178,1.4938,1.3741,1.3563,1.2225,1.4181,1.3162,1.3457,1.4677,1.4265,1.3859,1.3738,1.3270,1.3395,1.3321,1.2331,1.2738,1.2486,1.2289,1.2723,1.1963,1.1202,1.1553,1.1651,1.1111,1.1793,1.1496,1.1786,1.0996,1.1179,1.3461,1.4681,1.4269,1.3864,1.3742,1.3274,1.3400,1.3325,1.2336,1.2743,1.2491,1.2294,1.2726,1.1968,1.1208,1.1559,1.1657,1.1117,1.1798,1.1502,1.1790,1.1001,1.1184,0,1.0000,-3.8126,0.2856,-2.5528
164,0.3280,-0.0267,0.0020,0.0405,-1.2477,0.0935,0.6846,0.0656,0.1948,0.0001,1.0268,0.9999,0.0002,0.0130,0.0002,0.0001,-0.0207,-0.0008,-0.0091,0.0038,0.0010,0.0000,-0.0205,-0.0007,-0.0091,0.0038,-0.0007,0.0000,0.0241,0.0012,0.0007,0.0289,0.0035,0.0030,0.0000,0.0241,-0.0010,-0.0005,0.0290,0.0036,0.0022,-0.0000,0.0365,-0.0007,-0.0014,-0.0088,0.0030,0.0017,-0.0006,0.0363,-0.0005,0.0129,-0.0551,0.2329,-0.0017,0.0435,0.0226,0.0076,-0.1106,-0.2390,0.0021,-0.1651,-0.0204,-0.0096,-0.0430,0.0154,-0.0222,0.0004,-0.1594,0.0105,0.0106,-0.0334,0.0151,0.0053,-0.0005,-1.0000,-1.0000,-1.0000,-1.0000,-1.0000,-1.0000,-1.0000,-1.0000,-1.0000,-1.0000,-1.0000,-1.0000,-1.0000,-1.0000,-1.0000,-1.0000,-1.0000,-1.0000,-1.0000,-1.0000,-1.0000,-1.0000,-1.0000,-1.0000,-1.0000,-1.0000,-1.0000,-1.0000,-1.0000,-1.0000,-1.0000,-1.0000,-1.0000,-1.0000,-1.0000,-1.0000,-1.0000,-1.0000,-1.0000,-1.0000,-1.0000,-1.0000,-1.0000,-1.0000,-1.0000,-1.0000,-1.0000,-1.0000,-1.0000,-1.0000,-1.0000,-1.0000,-1.0000,-1.0000,-1.0000,-1.0000,-1.0000,-1.0000,-1.0000,-1.0000,-1.0000,-1.0000,-1.0000,-1.0000,-1.0000,-1.0000,-1.0000,-1.0000,-1.0000,-1.0000,-1.0000,-1.0000,-1.0000,-1.0000,-1.0000,-1.0000,-1.0000,-1.0000,-1.0000,-1.0000,-1.0000,-1.0000,-1.0000,-1.0000,-1.0000,-1.0000,-1.0000,-1.0000,-1.0000,-1.0000,-1.0000,-1.0000,-1.0000,-1.0000,-1.0000,-1.0000,-1.0000,-1.0000,-1.0000,-1.0000,-1.0000,-1.0000,-1.0000,-1.0000,-1.0000,-1.0000,-1.0000,-1.0000,-1.0000,-1.0000,-1.0000,-1.0000,-1.0000,-1.0000,-1.0000,-1.0000,-1.0000,-1.0000,-1.0000,-1.0000,-1.0000,1.7782,1.7563,1.7704,1.7644,1.7691,1.7524,1.1919,1.2602,1.4180,1.3140,1.2178,1.4938,1.3741,1.3563,1.2225,1.4181,1.3162,1.3457,1.4677,1.4265,1.3859,1.3738,1.3270,1.3395,1.3321,1.2331,1.2738,1.2486,1.2289,1.2723,1.1963,1.1202,1.1553,1.1651,1.1111,1.1793,1.1496,1.1786,1.0996,1.1179,1.3461,1.4681,1.4269,1.3864,1.3742,1.3274,1.3400,1.3325,1.2336,1.2743,1.2491,1.2294,1.2726,1.1968,1.1208,1.1559,1.1657,1.1117,1.1798,1.1502,1.1790,1.1001,1.1184,0,1.0000,-3.8126,0.2856,-2.5528
165,0.3300,-0.0292,0.0022,0.0419,-1.2498,0.0936,0.6721,0.0656,0.1949,0.0001,1.0268,0.9999,0.0002,0.0130,0.0002,0.0001,-0.0206,-0.0007,-0.0091,0.0037,0.0011,0.0000,-0.0204,-0.0007,-0.0091,0.0035,-0.0013,0.0000,0.0238,0.0012,0.0007,0.0288,0.0036,0.0030,0.0000,0.0238,-0.0010,-0.0005,0.0289,0.0036,0.0022,-0.0000,0.0370,-0.0008,-0.0020,-0.0167,0.0026,0.0011,0.0001,0.0376,0.0184,0.0135,-0.0638,0.0421,-0.0015,0.0481,0.0340,0.0049,-0.1415,-0.2742,0.0035,-0.1621,-0.0246,-0.0091,-0.0461,0.0154,-0.0221,0.0004,-0.1544,0.0081,0.0116,-0.0314,0.0151,0.0041,-0.0005,-1.0000,-1.0000,-1.0000,-1.0000,-1.0000,-1.0000,-1.0000,-1.0000,-1.0000,-1.0000,-1.0000,-1.0000,-1.0000,-1.0000,-1.0000,-1.0000,-1.0000,-1.0000,-1.0000,-1.0000,-1.0000,-1.0000,-1.0000,-1.0000,-1.0000,-1.0000,-1.0000,-1.0000,-1.0000,-1.0000,-1.0000,-1.0000,-1.0000,-1.0000,-1.0000,-1.0000,-1.0000,-1.0000,-1.0000,-1.0000,-1.0000,-1.0000,-1.0000,-1.0000,-1.0000,-1.0000,-1.0000,-1.0000,-1.0000,-1.0000,-1.0000,-1.0000,-1.0000,-1.0000,-1.0000,-1.0000,-1.0000,-1.0000,-1.0000,-1.0000,-1.0000,-1.0000,-1.0000,-1.0000,-1.0000,-1.0000,-1.0000,-1.0000,-1.0000,-1.0000,-1.0000,-1.0000,-1.0000,-1.0000,-1.0000,-1.0000,-1.0000,-1.0000,-1.0000,-1.0000,-1.0000,-1.0000,-1.0000,-1.0000,-1.0000,-1.0000,-1.0000,-1.0000,-1.0000,-1.0000,-1.0000,-1.0000,-1.0000,-1.0000,-1.0000,-1.0000,-1.0000,-1.0000,-1.0000,-1.0000,-1.0000,-1.0000,-1.0000,-1.0000,-1.0000,-1.0000,-1.0000,-1.0000,-1.0000,-1.0000,-1.0000,-1.0000,-1.0000,-1.0000,-1.0000,-1.0000,-1.0000,-1.0000,-1.0000,-1.0000,-1.0000,1.7773,1.7555,1.7695,1.7634,1.7682,1.7514,1.1909,1.2595,1.4172,1.3129,1.2172,1.4929,1.3730,1.3556,1.2214,1.4170,1.3155,1.3449,1.4669,1.4257,1.3851,1.3730,1.3260,1.3386,1.3313,1.2323,1.2728,1.2477,1.2279,1.2714,1.1953,1.1194,1.1547,1.1644,1.1104,1.1787,1.1487,1.1780,1.0990,1.1173,1.3454,1.4673,1.4262,1.3856,1.3734,1.3264,1.3391,1.3316,1.2329,1.2734,1.2483,1.2284,1.2718,1.1959,1.1201,1.1554,1.1650,1.1111,1.1793,1.1494,1.1785,1.0996,1.1179,0,1.0000,-3.8126,0.2856,-2.5528
166,0.3320,-0.0317,0.0024,0.0432,-1.2531,0.0937,0.6559,0.0656,0.1950,0.0001,1.0268,0.9999,0.0002,0.0130,0.0002,0.0001,-0.0205,-0.0007,-0.0090,0.0035,0.0008,0.0000,-0.0203,-0.0006,-0.0091,0.0032,-0.0014,0.0000,0.0235,0.0011,0.0006,0.0287,0.0036,0.0030,0.0000,0.0235,-0.0010,-0.0005,0.0289,0.0037,0.0023,-0.0000,0.0375,-0.0009,-0.0048,-0.0181,0.0016,0.0010,0.0005,0.0397,0.0294,0.0138,-0.0710,-0.1460,-0.0021,0.0484,0.0254,0.0065,-0.1325,-0.0617,0.0036,-0.1592,-0.0255,-0.0094,-0.0501,0.0154,-0.0221,0.0004,-0.1512,0.0086,0.0117,-0.0351,0.0151,0.0026,-0.0005,-1.0000,-1.0000,-1.0000,-1.0000,-1.0000,-1.0000,-1.0000,-1.0000,-1.0000,-1.0000,-1.0000,-1.0000,-1.0000,-1.0000,-1.0000,-1.0000,-1.0000,-1.0000,-1.0000,-1.0000,-1.0000,-1.0000,-1.0000,-1.0000,-1.0000,-1.0000,-1.0000,-1.0000,-1.0000,-1.0000,-1.0000,-1.0000,-1.0000,-1.0000,-1.0000,-1.0000,-1.0000,-1.0000,-1.0000,-1.0000,-1.0000,-1.0000,-1.0000,-1.0000,-1.0000,-1.0000,-1.0000,-1.0000,-1.0000,-1.0000,-1.0000,-1.0000,-1.0000,-1.0000,-1.0000,-1.0000,-1.0000,-1.0000,-1.0000,-1.0000,-1.0000,-1.0000,-1.0000,-1.0000,-1.0000,-1.0000,-1.0000,-1.0000,-1.0000,-1.0000,-1.0000,-1.0000,-1.0000,-1.0000,-1.0000,-1.0000,-1.0000,-1.0000,-1.0000,-1.0000,-1.0000,-1.0000,-1.0000,-1.0000,-1.0000,-1.0000,-1.0000,-1.0000,-1.0000,-1.0000,-1.0000,-1.0000,-1.0000,-1.0000,-1.0000,-1.0000,-1.0000,-1.0000,-1.0000,-1.0000,-1.0000,-1.0000,-1.0000,-1.0000,-1.0000,-1.0000,-1.0000,-1.0000,-1.0000,-1.0000,-1.0000,-1.0000,-1.0000,-1.0000,-1.0000,-1.0000,-1.0000,-1.0000,-1.0000,-1.0000,-1.0000,1.7764,1.7547,1.7686,1.7624,1.7674,1.7505,1.1898,1.2588,1.4165,1.3119,1.2165,1.4920,1.3720,1.3549,1.2204,1.4160,1.3148,1.3441,1.4661,1.4249,1.3843,1.3722,1.3249,1.3376,1.3304,1.2316,1.2719,1.2469,1.2269,1.2705,1.1944,1.1186,1.1542,1.1636,1.1097,1.1782,1.1479,1.1774,1.0985,1.1166,1.3447,1.4665,1.4254,1.3849,1.3726,1.3255,1.3383,1.3309,1.2322,1.2725,1.2475,1.2275,1.2709,1.1951,1.1193,1.1549,1.1644,1.1105,1.1788,1.1486,1.1780,1.0992,1.1174,0,1.0000,-3.8126,0.2856,-2.5528
166,0.3320,-0.0317,0.0024,0.0432,-1.2531,0.0937,0.6559,0.0656,0.1950,0.0001,1.0268,0.9999,0.0002,0.0130,0.0002,0.0001,-0.0205,-0.0007,-0.0090,0.0035,0.0008,0.0000,-0.0203,-0.0006,-0.0091,0.0032,-0.0014,0.0000,0.0235,0.0011,0.0006,0.0287,0.0036,0.0030,0.0000,0.0235,-0.0010,-0.0005,0.0289,0.0037,0.0023,-0.0000,0.0375,-0.0009,-0.0048,-0.0181,0.0016,0.0010,0.0005,0.0397,0.0294,0.0138,-0.0710,-0.1460,-0.0021,0.0484,0.0254,0.0065,-0.1325,-0.0617,0.0036,-0.1592,-0.0255,-0.0094,-0.0501,0.0154,-0.0221,0.0004,-0.1512,0.0086,0.0117,-0.0351,0.0151,0.0026,-0.0005,-1.0000,-1.0000,-1.0000,-1.0000,-1.0000,-1.0000,-1.0000,-1.0000,-1.0000,-1.0000,-1.0000,-1.0000,-1.0000,-1.0000,-1.0000,-1.0000,-1.0000,-1.0000,-1.0000,-1.0000,-1.0000,-1.0000,-1.0000,-1.0000,-1.0000,-1.0000,-1.0000,-1.0000,-1.0000,-1.0000,-1.0000,-1.0000,-1.0000,-1.0000,-1.0000,-1.0000,-1.0000,-1.0000,-1.0000,-1.0000,-1.0000,-1.0000,-1.0000,-1.0000,-1.0000,-1.0000,-1.0000,-1.0000,-1.0000,-1.0000,-1.0000,-1.0000,-1.0000,-1.0000,-1.0000,-1.0000,-1.0000,-1.0000,-1.0000,-1.0000,-1.0000,-1.0000,-1.0000,-1.0000,-1.0000,-1.0000,-1.0000,-1.0000,-1.0000,-1.0000,-1.0000,-1.0000,-1.0000,-1.0000,-1.0000,-1.0000,-1.0000,-1.0000,-1.0000,-1.0000,-1.0000,-1.0000,-1.0000,-1.0000,-1.0000,-1.0000,-1.0000,-1.0000,-1.0000,-1.0000,-1.0000,-1.0000,-1.0000,-1.0000,-1.0000,-1.0000,-1.0000,-1.0000,-1.0000,-1.0000,-1.0000,-1.0000,-1.0000,-1.0000,-1.0000,-1.0000,-1.0000,-1.0000,-1.0000,-1.0000,-1.0000,-1.0000,-1.0000,-1.0000,-1.0000,-1.0000,-1.0000,-1.0000,-1.0000,-1.0000,-1.0000,1.7764,1.7547,1.7686,1.7624,1.7674,1.7505,1.1898,1.2588,1.4165,1.3119,1.2165,1.4920,1.3720,1.3549,1.2204,1.4160,1.3148,1.3441,1.4661,1.4249,1.3843,1.3722,1.3249,1.3376,1.3304,1.2316,1.2719,1.2469,1.2269,1.2705,1.1944,1.1186,1.1542,1.1636,1.1097,1.1782,1.1479,1.1774,1.0985,1.1166,1.3447,1.4665,1.4254,1.3849,1.3726,1.3255,1.3383,1.3309,1.2322,1.2725,1.2475,1.2275,1.2709,1.1951,1.1193,1.1549,1.1644,1.1105,1.1788,1.1486,1.1780,1.0992,1.1174,0,1.0000,-3.8126,0.2856,-2.5528
167,0.3340,-0.0342,0.0026,0.0444,-1.2560,0.0937,0.6392,0.0656,0.1950,0.0000,1.0268,0.9999,0.0002,0.0130,0.0002,0.0001,-0.0204,-0.0006,-0.0090,0.0034,0.0002,0.0000,-0.0202,-0.0005,-0.0091,0.0030,-0.0014,0.0000,0.0231,0.0011,0.0006,0.0286,0.0036,0.0029,0.0000,0.0232,-0.0010,-0.0004,0.0288,0.0037,0.0023,-0.0000,0.0380,-0.0015,-0.0043,-0.0330,0.0014,0.0001,0.0014,0.0405,0.0554,0.0148,-0.0769,-0.2993,-0.0019,0.0468,0.0413,0.0077,-0.1075,-0.0103,0.0059,-0.1564,-0.0315,-0.0081,-0.0533,0.0155,-0.0220,0.0004,-0.1446,0.0042,0.0136,-0.0286,0.0152,0.0016,-0.0005,-1.0000,-1.0000,-1.0000,-1.0000,-1.0000,-1.0000,-1.0000,-1.0000,-1.0000,-1.0000,-1.0000,-1.0000,-1.0000,-1.0000,-1.0000,-1.0000,-1.0000,-1.0000,-1.0000,-1.0000,-1.0000,-1.0000,-1.0000,-1.0000,-1.0000,-1.0000,-1.0000,-1.0000,-1.0000,-1.0000,-1.0000,-1.0000,-1.0000,-1.0000,-1.0000,-1.0000,-1.0000,-1.0000,-1.0000,-1.0000,-1.0000,-1.0000,-1.0000,-1.0000,-1.0000,-1.0000,-1.0000,-1.0000,-1.0000,-1.0000,-1.0000,-1.0000,-1.0000,-1.0000,-1.0000,-1.0000,-1.0000,-1.0000,-1.0000,-1.0000,-1.0000,-1.0000,-1.0000,-1.0000,-1.0000,-1.0000,-1.0000,-1.0000,-1.0000,-1.0000,-1.0000,-1.0000,-1.0000,-1.0000,-1.0000,-1.0000,-1.0000,-1.0000,-1.0000,-1.0000,-1.0000,-1.0000,-1.0000,-1.0000,-1.0000,-1.0000,-1.0000,-1.0000,-1.0000,-1.0000,-1.0000,-1.0000,-1.0000,-1.0000,-1.0000,-1.0000,-1.0000,-1.0000,-1.0000,-1.0000,-1.0000,-1.0000,-1.0000,-1.0000,-1.0000,-1.0000,-1.0000,-1.0000,-1.0000,-1.0000,-1.0000,-1.0000,-1.0000,-1.0000,-1.0000,-1.0000,-1.0000,-1.0000,-1.0000,-1.0000,-1.0000,1.7756,1.7539,1.7677,1.7615,1.7666,1.7497,1.1888,1.2582,1.4158,1.3109,1.2159,1.4911,1.3709,1.3542,1.2194,1.4149,1.3141,1.3434,1.4653,1.4241,1.3836,1.3714,1.3239,1.3367,1.3296,1.2309,1.2709,1.2460,1.2259,1.2696,1.1935,1.1178,1.1537,1.1629,1.1090,1.1776,1.1471,1.1769,1.0980,1.1161,1.3440,1.4658,1.4247,1.3842,1.3719,1.3245,1.3375,1.3301,1.2315,1.2717,1.2468,1.2266,1.2701,1.1943,1.1187,1.1545,1.1638,1.1099,1.1784,1.1479,1.1775,1.0987,1.1169,0,1.0000,-3.8126,0.2856,-2.5528
167,0.3340,-0.0342,0.0026,0.0444,-1.2560,0.0937,0.6392,0.0656,0.1950,0.0000,1.0268,0.9999,0.0002,0.0130,0.0002,0.0001,-0.0204,-0.0006,-0.0090,0.0034,0.0002,0.0000,-0.0202,-0.0005,-0.0091,0.0030,-0.0014,0.0000,0.0231,0.0011,0.0006,0.0286,0.0036,0.0029,0.0000,0.0232,-0.0010,-0.0004,0.0288,0.0037,0.0023,-0.0000,0.0380,-0.0015,-0.0043,-0.0330,0.0014,0.0001,0.0014,0.0405,0.0554,0.0148,-0.0769,-0.2993,-0.0019,0.0468,0.0413,0.0077,-0.1075,-0.0103,0.0059,-0.1564,-0.0315,-0.0081,-0.0533,0.0155,-0.0220,0.0004,-0.1446,0.0042,0.0136,-0.0286,0.0152,0.0016,-0.0005,-1.0000,-1.0000,-1.0000,-1.0000,-1.0000,-1.0000,-1.0000,-1.0000,-1.0000,-1.0000,-1.0000,-1.0000,-1.0000,-1.0000,-1.0000,-1.0000,-1.0000,-1.0000,-1.0000,-1.0000,-1.0000,-1.0000,-1.0000,-1.0000,-1.0000,-1.0000,-1.0000,-1.0000,-1.0000,-1.0000,-1.0000,-1.0000,-1.0000,-1.0000,-1.0000,-1.0000,-1.0000,-1.0000,-1.0000,-1.0000,-1.0000,-1.0000,-1.0000,-1.0000,-1.0000,-1.0000,-1.0000,-1.0000,-1.0000,-1.0000,-1.0000,-1.0000,-1.0000,-1.0000,-1.0000,-1.0000,-1.0000,-1.0000,-1.0000,-1.0000,-1.0000,-1.0000,-1.0000,-1.0000,-1.0000,-1.0000,-1.0000,-1.0000,-1.0000,-1.0000,-1.0000,-1.0000,-1.0000,-1.0000,-1.0000,-1.0000,-1.0000,-1.0000,-1.0000,-1.0000,-1.0000,-1.0000,-1.0000,-1.0000,-1.0000,-1.0000,-1.0000,-1.0000,-1.0000,-1.0000,-1.0000,-1.0000,-1.0000,-1.0000,-1.0000,-1.0000,-1.0000,-1.0000,-1.0000,-1.0000,-1.0000,-1.0000,-1.0000,-1.0000,-1.0000,-1.0000,-1.0000,-1.0000,-1.0000,-1.0000,-1.0000,-1.0000,-1.0000,-1.0000,-1.0000,-1.0000,-1.0000,-1.0000,-1.0000,-1.0000,-1.0000,1.7756,1.7539,1.7677,1.7615,1.7666,1.7497,1.1888,1.2582,1.4158,1.3109,1.2159,1.4911,1.3709,1.3542,1.2194,1.4149,1.3141,1.3434,1.4653,1.4241,1.3836,1.3714,1.3239,1.3367,1.3296,1.2309,1.2709,1.2460,1.2259,1.2696,1.1935,1.1178,1.1537,1.1629,1.1090,1.1776,1.1471,1.1769,1.0980,1.1161,1.3440,1.4658,1.4247,1.3842,1.3719,1.3245,1.3375,1.3301,1.2315,1.2717,1.2468,1.2266,1.2701,1.1943,1.1187,1.1545,1.1638,1.1099,1.1784,1.1479,1.1775,1.0987,1.1169,0,1.0000,-3.8126,0.2856,-2.5528
168,0.3360,-0.0368,0.0028,0.0457,-1.2585,0.0937,0.6221,0.0656,0.1951,0.0000,1.0268,0.9999,0.0001,0.0130,0.0002,0.0001,-0.0204,-0.0004,-0.0089,0.0036,-0.0003,0.0000,-0.0202,-0.0004,-0.0090,0.0032,-0.0014,0.0000,0.0228,0.0010,0.0006,0.0284,0.0037,0.0029,0.0000,0.0229,-0.0010,-0.0004,0.0287,0.0037,0.0023,-0.0000,0.0387,-0.0015,-0.0141,-0.0327,-0.0032,0.0005,0.0031,0.0218,0.0536,0.0343,0.1284,-0.2626,-0.0019,0.0292,0.0406,0.0266,0.0909,-0.0016,0.0052,-0.1563,-0.0314,-0.0086,-0.0670,0.0153,-0.0222,0.0004,-0.1448,0.0051,0.0131,-0.0437,0.0151,-0.0002,-0.0005,-1.0000,-1.0000,-1.0000,-1.0000,-1.0000,-1.0000,-1.0000,-1.0000,-1.0000,-1.0000,-1.0000,-1.0000,-1.0000,-1.0000,-1.0000,-1.0000,-1.0000,-1.0000,-1.0000,-1.0000,-1.0000,-1.0000,-1.0000,-1.0000,-1.0000,-1.0000,-1.0000,-1.0000,-1.0000,-1.0000,-1.0000,-1.0000,-1.0000,-1.0000,-1.0000,-1.0000,-1.0000,-1.0000,-1.0000,-1.0000,-1.0000,-1.0000,-1.0000,-1.0000,-1.0000,-1.0000,-1.0000,-1.0000,-1.0000,-1.0000,-1.0000,-1.0000,-1.0000,-1.0000,-1.0000,-1.0000,-1.0000,-1.0000,-1.0000,-1.0000,-1.0000,-1.0000,-1.0000,-1.0000,-1.0000,-1.0000,-1.0000,-1.0000,-1.0000,-1.0000,-1.0000,-1.0000,-1.0000,-1.0000,-1.0000,-1.0000,-1.0000,-1.0000,-1.0000,-1.0000,-1.0000,-1.0000,-1.0000,-1.0000,-1.0000,-1.0000,-1.0000,-1.0000,-1.0000,-1.0000,-1.0000,-1.0000,-1.0000,-1.0000,-1.0000,-1.0000,-1.0000,-1.0000,-1.0000,-1.0000,-1.0000,-1.0000,-1.0000,-1.0000,-1.0000,-1.0000,-1.0000,-1.0000,-1.0000,-1.0000,-1.0000,-1.0000,-1.0000,-1.0000,-1.0000,-1.0000,-1.0000,-1.0000,-1.0000,-1.0000,-1.0000,1.7747,1.7532,1.7668,1.7606,1.7658,1.7489,1.1879,1.2576,1.4151,1.3099,1.2153,1.4903,1.3699,1.3536,1.2184,1.4139,1.3135,1.3427,1.4645,1.4234,1.3828,1.3707,1.3230,1.3359,1.3288,1.2302,1.2700,1.2452,1.2250,1.2688,1.1926,1.1170,1.1532,1.1622,1.1084,1.1771,1.1463,1.1764,1.0975,1.1155,1.3434,1.4652,1.4241,1.3836,1.3712,1.3237,1.3368,1.3294,1.2309,1.2709,1.2461,1.2258,1.2693,1.1935,1.1180,1.1542,1.1632,1.1094,1.1780,1.1473,1.1771,1.0984,1.1165,0,1.0000,-3.8126,0.2856,-2.5528
169,0.3380,-0.0393,0.0029,0.0469,-1.2608,0.0937,0.6048,0.0656,0.1952,0.0000,1.0268,0.9999,0.0001,0.0130,0.0002,0.0001,-0.0203,-0.0004,-0.0089,0.0037,-0.0011,-0.0000,-0.0201,-0.0004,-0.0090,0.0033,-0.0011,0.0000,0.0225,0.0009,0.0006,0.0283,0.0037,0.0028,0.0000,0.0226,-0.0010,-0.0004,0.0286,0.0037,0.0023,-0.0000,0.0393,-0.0011,-0.0139,-0.0234,-0.0031,0.0014,0.0029,0.0324,0.0467,0.0267,0.0398,-0.3576,-0.0025,0.0332,0.0200,0.0251,0.0527,0.1836,0.0032,-0.1501,-0.0285,-0.0104,-0.0614,0.0153,-0.0218,0.0004,-0.1413,0.0096,0.0118,-0.0457,0.0150,-0.0015,-0.0005,-1.0000,-1.0000,-1.0000,-1.0000,-1.0000,-1.0000,-1.0000,-1.0000,-1.0000,-1.0000,-1.0000,-1.0000,-1.0000,-1.0000,-1.0000,-1.0000,-1.0000,-1.0000,-1.0000,-1.0000,-1.0000,-1.0000,-1.0000,-1.0000,-1.0000,-1.0000,-1.0000,-1.0000,-1.0000,-1.0000,-1.0000,-1.0000,-1.0000,-1.0000,-1.0000,-1.0000,-1.0000,-1.0000,-1.0000,-1.0000,-1.0000,-1.0000,-1.0000,-1.0000,-1.0000,-1.0000,-1.0000,-1.0000,-1.0000,-1.0000,-1.0000,-1.0000,-1.0000,-1.0000,-1.0000,-1.0000,-1.0000,-1.0000,-1.0000,-1.0000,-1.0000,-1.0000,-1.0000,-1.0000,-1.0000,-1.0000,-1.0000,-1.0000,-1.0000,-1.0000,-1.0000,-1.0000,-1.0000,-1.0000,-1.0000,-1.0000,-1.0000,-1.0000,-1.0000,-1.0000,-1.0000,-1.0000,-1.0000,-1.0000,-1.0000,-1.0000,-1.0000,-1.0000,-1.0000,-1.0000,-1.0000,-1.0000,-1.0000,-1.0000,-1.0000,-1.0000,-1.0000,-1.0000,-1.0000,-1.0000,-1.0000,-1.0000,-1.0000,-1.0000,-1.0000,-1.0000,-1.0000,-1.0000,-1.0000,-1.0000,-1.0000,-1.0000,-1.0000,-1.0000,-1.0000,-1.0000,-1.0000,-1.0000,-1.0000,-1.0000,-1.0000,1.7739,1.7525,1.7660,1.7597,1.7650,1.7481,1.1869,1.2570,1.4144,1.3090,1.2147,1.4895,1.3690,1.3530,1.2175,1.4130,1.3129,1.3420,1.4638,1.4227,1.3821,1.3700,1.3220,1.3350,1.3281,1.2295,1.2691,1.2445,1.2241,1.2680,1.1918,1.1163,1.1528,1.1616,1.1077,1.1767,1.1455,1.1759,1.0970,1.1150,1.3428,1.4645,1.4235,1.3829,1.3706,1.3228,1.3360,1.3287,1.2303,1.2701,1.2455,1.2250,1.2686,1.1928,1.1174,1.1538,1.1627,1.1089,1.1776,1.1467,1.1767,1.0980,1.1161,0,1.0000,-3.8126,0.2856,-2.5528
169,0.3380,-0.0393,0.0029,0.0469,-1.2608,0.0937,0.6048,0.0656,0.1952,0.0000,1.0268,0.9999,0.0001,0.0130,0.0002,0.0001,-0.0203,-0.0004,-0.0089,0.0037,-0.0011,-0.0000,-0.0201,-0.0004,-0.0090,0.0033,-0.0011,0.0000,0.0225,0.0009,0.0006,0.0283,0.0037,0.0028,0.0000,0.0226,-0.0010,-0.0004,0.0286,0.0037,0.0023,-0.0000,0.0393,-0.0011,-0.0139,-0.0234,-0.0031,0.0014,0.0029,0.0324,0.0467,0.0267,0.0398,-0.3576,-0.0025,0.0332,0.0200,0.0251,0.0527,0.1836,0.0032,-0.1501,-0.0285,-0.0104,-0.0614,0.0153,-0.0218,0.0004,-0.1413,0.0096,0.0118,-0.0457,0.0150,-0.0015,-0.0005,-1.0000,-1.0000,-1.0000,-1.0000,-1.0000,-1.0000,-1.0000,-1.0000,-1.0000,-1.0000,-1.0000,-1.0000,-1.0000,-1.0000,-1.0000,-1.0000,-1.0000,-1.0000,-1.0000,-1.0000,-1.0000,-1.0000,-1.0000,-1.0000,-1.0000,-1.0000,-1.0000,-1.0000,-1.0000,-1.0000,-1.0000,-1.0000,-1.0000,-1.0000,-1.0000,-1.0000,-1.0000,-1.0000,-1.0000,-1.0000,-1.0000,-1.0000,-1.0000,-1.0000,-1.0000,-1.0000,-1.0000,-1.0000,-1.0000,-1.0000,-1.0000,-1.0000,-1.0000,-1.0000,-1.0000,-1.0000,-1.0000,-1.0000,-1.0000,-1.0000,-1.0000,-1.0000,-1.0000,-1.0000,-1.0000,-1.0000,-1.0000,-1.0000,-1.0000,-1.0000,-1.0000,-1.0000,-1.0000,-1.0000,-1.0000,-1.0000,-1.0000,-1.0000,-1.0000,-1.0000,-1.0000,-1.0000,-1.0000,-1.0000,-1.0000,-1.0000,-1.0000,-1.0000,-1.0000,-1.0000,-1.0000,-1.0000,-1.0000,-1.0000,-1.0000,-1.0000,-1.0000,-1.0000,-1.0000,-1.0000,-1.0000,-1.0000,-1.0000,-1.0000,-1.0000,-1.0000,-1.0000,-1.0000,-1.0000,-1.0000,-1.0000,-1.0000,-1.0000,-1.0000,-1.0000,-1.0000,-1.0000,-1.0000,-1.0000,-1.0000,-1.0000,1.7739,1.7525,1.7660,1.7597,1.7650,1.7481,1.1869,1.2570,1.4144,1.3090,1.2147,1.4895,1.3690,1.3530,1.2175,1.4130,1.3129,1.3420,1.4638,1.4227,1.3821,1.3700,1.3220,1.3350,1.3281,1.2295,1.2691,1.2445,1.2241,1.2680,1.1918,1.1163,1.1528,1.1616,1.1077,1.1767,1.1455,1.1759,1.0970,1.1150,1.3428,1.4645,1.4235,1.3829,1.3706,1.3228,1.3360,1.3287,1.2303,1.2701,1.2455,1.2250,1.2686,1.1928,1.1174,1.1538,1.1627,1.1089,1.1776,1.1467,1.1767,1.0980,1.1161,0,1.0000,-3.8126,0.2856,-2.5528
170,0.3400,-0.0418,0.0031,0.0481,-1.2629,0.0937,0.5873,0.0656,0.1953,0.0000,1.0267,0.9999,0.0001,0.0130,0.0002,0.0001,-0.0202,-0.0003,-0.0089,0.0037,-0.0018,-0.0000,-0.0200,-0.0004,-0.0089,0.0033,-0.0008,0.0001,0.0222,0.0009,0.0006,0.0282,0.0037,0.0028,0.0000,0.0224,-0.0009,-0.0004,0.0285,0.0038,0.0022,-0.0000,0.0398,-0.0009,-0.0103,-0.0223,-0.0021,0.0016,0.0024,0.0397,0.0463,0.0208,-0.0278,-0.3795,-0.0025,0.0376,0.0212,0.0216,0.0082,0.1261,0.0027,-0.1435,-0.0291,-0.0112,-0.0533,0.0153,-0.0213,0.0004,-0.1352,0.0108,0.0116,-0.0393,0.0150,-0.0026,-0.0005,-1.0000,-1.0000,-1.0000,-1.0000,-1.0000,-1.0000,-1.0000,-1.0000,-1.0000,-1.0000,-1.0000,-1.0000,-1.0000,-1.0000,-1.0000,-1.0000,-1.0000,-1.0000,-1.0000,-1.0000,-1.0000,-1.0000,-1.0000,-1.0000,-1.0000,-1.0000,-1.0000,-1.0000,-1.0000,-1.0000,-1.0000,-1.0000,-1.0000,-1.0000,-1.0000,-1.0000,-1.0000,-1.0000,-1.0000,-1.0000,-1.0000,-1.0000,-1.0000,-1.0000,-1.0000,-1.0000,-1.0000,-1.0000,-1.0000,-1.0000,-1.0000,-1.0000,-1.0000,-1.0000,-1.0000,-1.0000,-1.0000,-1.0000,-1.0000,-1.0000,-1.0000,-1.0000,-1.0000,-1.0000,-1.0000,-1.0000,-1.0000,-1.0000,-1.0000,-1.0000,-1.0000,-1.0000,-1.0000,-1.0000,-1.0000,-1.0000,-1.0000,-1.0000,-1.0000,-1.0000,-1.0000,-1.0000,-1.0000,-1.0000,-1.0000,-1.0000,-1.0000,-1.0000,-1.0000,-1.0000,-1.0000,-1.0000,-1.0000,-1.0000,-1.0000,-1.0000,-1.0000,-1.0000,-1.0000,-1.0000,-1.0000,-1.0000,-1.0000,-1.0000,-1.0000,-1.0000,-1.0000,-1.0000,-1.0000,-1.0000,-1.0000,-1.0000,-1.0000,-1.0000,-1.0000,-1.0000,-1.0000,-1.0000,-1.0000,-1.0000,-1.0000,1.7732,1.7519,1.7652,1.7589,1.7643,1.7473,1.1860,1.2565,1.4138,1.3080,1.2142,1.4887,1.3680,1.3524,1.2166,1.4120,1.3123,1.3413,1.4631,1.4220,1.3815,1.3693,1.3211,1.3342,1.3274,1.2289,1.2683,1.2437,1.2232,1.2672,1.1910,1.1156,1.1524,1.1610,1.1072,1.1763,1.1448,1.1754,1.0966,1.1146,1.3422,1.4639,1.4229,1.3824,1.3700,1.3220,1.3353,1.3280,1.2298,1.2693,1.2448,1.2242,1.2679,1.1921,1.1168,1.1535,1.1622,1.1084,1.1773,1.1461,1.1763,1.0977,1.1157,0,1.0000,-3.8126,0.2856,-2.5528
170,0.3400,-0.0418,0.0031,0.0481,-1.2629,0.0937,0.5873,0.0656,0.1953,0.0000,1.0267,0.9999,0.0001,0.0130,0.0002,0.0001,-0.0202,-0.0003,-0.0089,0.0037,-0.0018,-0.0000,-0.0200,-0.0004,-0.0089,0.0033,-0.0008,0.0001,0.0222,0.0009,0.0006,0.0282,0.0037,0.0028,0.0000,0.0224,-0.0009,-0.0004,0.0285,0.0038,0.0022,-0.0000,0.0398,-0.0009,-0.0103,-0.0223,-0.0021,0.0016,0.0024,0.0397,0.0463,0.0208,-0.0278,-0.3795,-0.0025,0.0376,0.0212,0.0216,0.0082,0.1261,0.0027,-0.1435,-0.0291,-0.0112,-0.0533,0.0153,-0.0213,0.0004,-0.1352,0.0108,0.0116,-0.0393,0.0150,-0.0026,-0.0005,-1.0000,-1.0000,-1.0000,-1.0000,-1.0000,-1.0000,-1.0000,-1.0000,-1.0000,-1.0000,-1.0000,-1.0000,-1.0000,-1.0000,-1.0000,-1.0000,-1.0000,-1.0000,-1.0000,-1.0000,-1.0000,-1.0000,-1.0000,-1.0000,-1.0000,-1.0000,-1.0000,-1.0000,-1.0000,-1.0000,-1.0000,-1.0000,-1.0000,-1.0000,-1.0000,-1.0000,-1.0000,-1.0000,-1.0000,-1.0000,-1.0000,-1.0000,-1.0000,-1.0000,-1.0000,-1.0000,-1.0000,-1.0000,-1.0000,-1.0000,-1.0000,-1.0000,-1.0000,-1.0000,-1.0000,-1.0000,-1.0000,-1.0000,-1.0000,-1.0000,-1.0000,-1.0000,-1.0000,-1.0000,-1.0000,-1.0000,-1.0000,-1.0000,-1.0000,-1.0000,-1.0000,-1.0000,-1.0000,-1.0000,-1.0000,-1.0000,-1.0000,-1.0000,-1.0000,-1.0000,-1.0000,-1.0000,-1.0000,-1.0000,-1.0000,-1.0000,-1.0000,-1.0000,-1.0000,-1.0000,-1.0000,-1.0000,-1.0000,-1.0000,-1.0000,-1.0000,-1.0000,-1.0000,-1.0000,-1.0000,-1.0000,-1.0000,-1.0000,-1.0000,-1.0000,-1.0000,-1.0000,-1.0000,-1.0000,-1.0000,-1.0000,-1.0000,-1.0000,-1.0000,-1.0000,-1.0000,-1.0000,-1.0000,-1.0000,-1.0000,-1.0000,1.7732,1.7519,1.7652,1.7589,1.7643,1.7473,1.1860,1.2565,1.4138,1.3080,1.2142,1.4887,1.3680,1.3524,1.2166,1.4120,1.3123,1.3413,1.4631,1.4220,1.3815,1.3693,1.3211,1.3342,1.3274,1.2289,1.2683,1.2437,1.2232,1.2672,1.1910,1.1156,1.1524,1.1610,1.1072,1.1763,1.1448,1.1754,1.0966,1.1146,1.3422,1.4639,1.4229,1.3824,1.3700,1.3220,1.3353,1.3280,1.2298,1.2693,1.2448,1.2242,1.2679,1.1921,1.1168,1.1535,1.1622,1.1084,1.1773,1.1461,1.1763,1.0977,1.1157,0,1.0000,-3.8126,0.2856,-2.5528
171,0.3420,-0.0443,0.0033,0.0492,-1.2650,0.0937,0.5696,0.0656,0.1954,0.0000,1.0267,0.9999,0.0001,0.0130,0.0002,0.0001,-0.0201,-0.0002,-0.0088,0.0035,-0.0026,-0.0000,-0.0200,-0.0003,-0.0089,0.0033,-0.0007,0.0001,0.0220,0.0008,0.0005,0.0281,0.0038,0.0027,0.0000,0.0221,-0.0009,-0.0003,0.0285,0.0038,0.0022,-0.0000,0.0404,-0.0007,-0.0073,-0.0211,-0.0012,0.0018,0.0021,0.0459,0.0456,0.0157,-0.0845,-0.3991,-0.0026,0.0415,0.0221,0.0186,-0.0309,0.0704,0.0022,-0.1371,-0.0297,-0.0119,-0.0464,0.0153,-0.0209,0.0004,-0.1292,0.0120,0.0114,-0.0341,0.0150,-0.0036,-0.0004,-1.0000,-1.0000,-1.0000,-1.0000,-1.0000,-1.0000,-1.0000,-1.0000,-1.0000,-1.0000,-1.0000,-1.0000,-1.0000,-1.0000,-1.0000,-1.0000,-1.0000,-1.0000,-1.0000,-1.0000,-1.0000,-1.0000,-1.0000,-1.0000,-1.0000,-1.0000,-1.0000,-1.0000,-1.0000,-1.0000,-1.0000,-1.0000,-1.0000,-1.0000,-1.0000,-1.0000,-1.0000,-1.0000,-1.0000,-1.0000,-1.0000,-1.0000,-1.0000,-1.0000,-1.0000,-1.0000,-1.0000,-1.0000,-1.0000,-1.0000,-1.0000,-1.0000,-1.0000,-1.0000,-1.0000,-1.0000,-1.0000,-1.0000,-1.0000,-1.0000,-1.0000,-1.0000,-1.0000,-1.0000,-1.0000,-1.0000,-1.0000,-1.0000,-1.0000,-1.0000,-1.0000,-1.0000,-1.0000,-1.0000,-1.0000,-1.0000,-1.0000,-1.0000,-1.0000,-1.0000,-1.0000,-1.0000,-1.0000,-1.0000,-1.0000,-1.0000,-1.0000,-1.0000,-1.0000,-1.0000,-1.0000,-1.0000,-1.0000,-1.0000,-1.0000,-1.0000,-1.0000,-1.0000,-1.0000,-1.0000,-1.0000,-1.0000,-1.0000,-1.0000,-1.0000,-1.0000,-1.0000,-1.0000,-1.0000,-1.0000,-1.0000,-1.0000,-1.0000,-1.0000,-1.0000,-1.0000,-1.0000,-1.0000,-1.0000,-1.0000,-1.0000,1.7724,1.7512,1.7645,1.7581,1.7637,1.7466,1.1852,1.2560,1.4133,1.3072,1.2138,1.4880,1.3671,1.3519,1.2158,1.4112,1.3118,1.3407,1.4625,1.4214,1.3809,1.3687,1.3203,1.3335,1.3267,1.2283,1.2675,1.2431,1.2224,1.2665,1.1902,1.1149,1.1520,1.1604,1.1066,1.1759,1.1442,1.1750,1.0962,1.1141,1.3417,1.4633,1.4223,1.3818,1.3694,1.3212,1.3347,1.3274,1.2293,1.2686,1.2442,1.2235,1.2672,1.1914,1.1163,1.1533,1.1617,1.1080,1.1770,1.1455,1.1760,1.0974,1.1154,0,1.0000,-3.8126,0.2856,-2.5528
172,0.3440,-0.0469,0.0035,0.0503,-1.2669,0.0937,0.5520,0.0656,0.1954,0.0000,1.0267,0.9999,0.0001,0.0130,0.0002,0.0001,-0.0200,-0.0001,-0.0088,0.0032,-0.0035,-0.0000,-0.0199,-0.0003,-0.0088,0.0031,-0.0007,0.0001,0.0217,0.0008,0.0005,0.0280,0.0038,0.0027,0.0000,0.0219,-0.0009,-0.0003,0.0284,0.0038,0.0022,-0.0000,0.0409,-0.0002,-0.0054,-0.0168,-0.0004,0.0023,0.0016,0.0515,0.0409,0.0112,-0.1329,-0.4189,-0.0022,0.0460,0.0214,0.0154,-0.0741,-0.0331,0.0011,-0.1306,-0.0293,-0.0130,-0.0405,0.0153,-0.0204,0.0003,-0.1242,0.0140,0.0107,-0.0320,0.0150,-0.0047,-0.0004,-1.0000,-1.0000,-1.0000,-1.0000,-1.0000,-1.0000,-1.0000,-1.0000,-1.0000,-1.0000,-1.0000,-1.0000,-1.0000,-1.0000,-1.0000,-1.0000,-1.0000,-1.0000,-1.0000,-1.0000,-1.0000,-1.0000,-1.0000,-1.0000,-1.0000,-1.0000,-1.0000,-1.0000,-1.0000,-1.0000,-1.0000,-1.0000,-1.0000,-1.0000,-1.0000,-1.0000,-1.0000,-1.0000,-1.0000,-1.0000,-1.0000,-1.0000,-1.0000,-1.0000,-1.0000,-1.0000,-1.0000,-1.0000,-1.0000,-1.0000,-1.0000,-1.0000,-1.0000,-1.0000,-1.0000,-1.0000,-1.0000,-1.0000,-1.0000,-1.0000,-1.0000,-1.0000,-1.0000,-1.0000,-1.0000,-1.0000,-1.0000,-1.0000,-1.0000,-1.0000,-1.0000,-1.0000,-1.0000,-1.0000,-1.0000,-1.0000,-1.0000,-1.0000,-1.0000,-1.0000,-1.0000,-1.0000,-1.0000,-1.0000,-1.0000,-1.0000,-1.0000,-1.0000,-1.0000,-1.0000,-1.0000,-1.0000,-1.0000,-1.0000,-1.0000,-1.0000,-1.0000,-1.0000,-1.0000,-1.0000,-1.0000,-1.0000,-1.0000,-1.0000,-1.0000,-1.0000,-1.0000,-1.0000,-1.0000,-1.0000,-1.0000,-1.0000,-1.0000,-1.0000,-1.0000,-1.0000,-1.0000,-1.0000,-1.0000,-1.0000,-1.0000,1.7718,1.7507,1.7638,1.7573,1.7631,1.7459,1.1844,1.2556,1.4127,1.3064,1.2133,1.4873,1.3663,1.3514,1.2150,1.4103,1.3113,1.3402,1.4619,1.4208,1.3803,1.3681,1.3195,1.3328,1.3261,1.2277,1.2667,1.2424,1.2217,1.2658,1.1895,1.1143,1.1517,1.1599,1.1061,1.1755,1.1435,1.1747,1.0959,1.1138,1.3412,1.4628,1.4218,1.3813,1.3689,1.3205,1.3341,1.3269,1.2289,1.2680,1.2437,1.2228,1.2666,1.1908,1.1158,1.1531,1.1613,1.1076,1.1768,1.1450,1.1758,1.0972,1.1151,0,1.0000,-3.8126,0.2856,-2.5528
172,0.3440,-0.0469,0.0035,0.0503,-1.2669,0.0937,0.5520,0.0656,0.1954,0.0000,1.0267,0.9999,0.0001,0.0130,0.0002,0.0001,-0.0200,-0.0001,-0.0088,0.0032,-0.0035,-0.0000,-0.0199,-0.0003,-0.0088,0.0031,-0.0007,0.0001,0.0217,0.0008,0.0005,0.0280,0.0038,0.0027,0.0000,0.0219,-0.0009,-0.0003,0.0284,0.0038,0.0022,-0.0000,0.0409,-0.0002,-0.0054,-0.0168,-0.0004,0.0023,0.0016,0.0515,0.0409,0.0112,-0.1329,-0.4189,-0.0022,0.0460,0.0214,0.0154,-0.0741,-0.0331,0.0011,-0.1306,-0.0293,-0.0130,-0.0405,0.0153,-0.0204,0.0003,-0.1242,0.0140,0.0107,-0.0320,0.0150,-0.0047,-0.0004,-1.0000,-1.0000,-1.0000,-1.0000,-1.0000,-1.0000,-1.0000,-1.0000,-1.0000,-1.0000,-1.0000,-1.0000,-1.0000,-1.0000,-1.0000,-1.0000,-1.0000,-1.0000,-1.0000,-1.0000,-1.0000,-1.0000,-1.0000,-1.0000,-1.0000,-1.0000,-1.0000,-1.0000,-1.0000,-1.0000,-1.0000,-1.0000,-1.0000,-1.0000,-1.0000,-1.0000,-1.0000,-1.0000,-1.0000,-1.0000,-1.0000,-1.0000,-1.0000,-1.0000,-1.0000,-1.0000,-1.0000,-1.0000,-1.0000,-1.0000,-1.0000,-1.0000,-1.0000,-1.0000,-1.0000,-1.0000,-1.0000,-1.0000,-1.0000,-1.0000,-1.0000,-1.0000,-1.0000,-1.0000,-1.0000,-1.0000,-1.0000,-1.0000,-1.0000,-1.0000,-1.0000,-1.0000,-1.0000,-1.0000,-1.0000,-1.0000,-1.0000,-1.0000,-1.0000,-1.0000,-1.0000,-1.0000,-1.0000,-1.0000,-1.0000,-1.0000,-1.0000,-1.0000,-1.0000,-1.0000,-1.0000,-1.0000,-1.0000,-1.0000,-1.0000,-1.0000,-1.0000,-1.0000,-1.0000,-1.0000,-1.0000,-1.0000,-1.0000,-1.0000,-1.0000,-1.0000,-1.0000,-1.0000,-1.0000,-1.0000,-1.0000,-1.0000,-1.0000,-1.0000,-1.0000,-1.0000,-1.0000,-1.0000,-1.0000,-1.0000,-1.0000,1.7718,1.7507,1.7638,1.7573,1.7631,1.7459,1.1844,1.2556,1.4127,1.3064,1.2133,1.4873,1.3663,1.3514,1.2150,1.4103,1.3113,1.3402,1.4619,1.4208,1.3803,1.3681,1.3195,1.3328,1.3261,1.2277,1.2667,1.2424,1.2217,1.2658,1.1895,1.1143,1.1517,1.1599,1.1061,1.1755,1.1435,1.1747,1.0959,1.1138,1.3412,1.4628,1.4218,1.3813,1.3689,1.3205,1.3341,1.3269,1.2289,1.2680,1.2437,1.2228,1.2666,1.1908,1.1158,1.1531,1.1613,1.1076,1.1768,1.1450,1.1758,1.0972,1.1151,0,1.0000,-3.8126,0.2856,-2.5528
173,0.3460,-0.0494,0.0037,0.0514,-1.2689,0.0937,0.5343,0.0656,0.1955,0.0000,1.0267,0.9999,0.0000,0.0130,0.0002,0.0001,-0.0199,-0.0000,-0.0088,0.0029,-0.0043,-0.0000,-0.0198,-0.0002,-0.0088,0.0029,-0.0009,0.0001,0.0215,0.0007,0.0005,0.0280,0.0038,0.0027,0.0000,0.0216,-0.0009,-0.0003,0.0284,0.0039,0.0022,-0.0000,0.0414,-0.0000,-0.0033,-0.0159,0.0004,0.0025,0.0014,0.0559,0.0406,0.0075,-0.1728,-0.4373,-0.0024,0.0491,0.0224,0.0130,-0.1047,-0.0795,0.0007,-0.1245,-0.0299,-0.0136,-0.0355,0.0153,-0.0199,0.0003,-0.1184,0.0149,0.0106,-0.0283,0.0150,-0.0058,-0.0004,-1.0000,-1.0000,-1.0000,-1.0000,-1.0000,-1.0000,-1.0000,-1.0000,-1.0000,-1.0000,-1.0000,-1.0000,-1.0000,-1.0000,-1.0000,-1.0000,-1.0000,-1.0000,-1.0000,-1.0000,-1.0000,-1.0000,-1.0000,-1.0000,-1.0000,-1.0000,-1.0000,-1.0000,-1.0000,-1.0000,-1.0000,-1.0000,-1.0000,-1.0000,-1.0000,-1.0000,-1.0000,-1.0000,-1.0000,-1.0000,-1.0000,-1.0000,-1.0000,-1.0000,-1.0000,-1.0000,-1.0000,-1.0000,-1.0000,-1.0000,-1.0000,-1.0000,-1.0000,-1.0000,-1.0000,-1.0000,-1.0000,-1.0000,-1.0000,-1.0000,-1.0000,-1.0000,-1.0000,-1.0000,-1.0000,-1.0000,-1.0000,-1.0000,-1.0000,-1.0000,-1.0000,-1.0000,-1.0000,-1.0000,-1.0000,-1.0000,-1.0000,-1.0000,-1.0000,-1.0000,-1.0000,-1.0000,-1.0000,-1.0000,-1.0000,-1.0000,-1.0000,-1.0000,-1.0000,-1.0000,-1.0000,-1.0000,-1.0000,-1.0000,-1.0000,-1.0000,-1.0000,-1.0000,-1.0000,-1.0000,-1.0000,-1.0000,-1.0000,-1.0000,-1.0000,-1.0000,-1.0000,-1.0000,-1.0000,-1.0000,-1.0000,-1.0000,-1.0000,-1.0000,-1.0000,-1.0000,-1.0000,-1.0000,-1.0000,-1.0000,-1.0000,1.7711,1.7501,1.7631,1.7566,1.7625,1.7453,1.1836,1.2552,1.4123,1.3056,1.2130,1.4867,1.3655,1.3510,1.2142,1.4095,1.3109,1.3397,1.4614,1.4203,1.3798,1.3676,1.3187,1.3321,1.3256,1.2273,1.2660,1.2418,1.2209,1.2652,1.1889,1.1138,1.1514,1.1594,1.1057,1.1753,1.1430,1.1744,1.0956,1.1134,1.3408,1.4623,1.4213,1.3809,1.3684,1.3198,1.3335,1.3264,1.2285,1.2674,1.2432,1.2221,1.2661,1.1903,1.1154,1.1529,1.1609,1.1073,1.1766,1.1445,1.1755,1.0970,1.1149,0,1.0000,-3.8126,0.2856,-2.5528
173,0.3460,-0.0494,0.0037,0.0514,-1.2689,0.0937,0.5343,0.0656,0.1955,0.0000,1.0267,0.9999,0.0000,0.0130,0.0002,0.0001,-0.0199,-0.0000,-0.0088,0.0029,-0.0043,-0.0000,-0.0198,-0.0002,-0.0088,0.0029,-0.0009,0.0001,0.0215,0.0007,0.0005,0.0280,0.0038,0.0027,0.0000,0.0216,-0.0009,-0.0003,0.0284,0.0039,0.0022,-0.0000,0.0414,-0.0000,-0.0033,-0.0159,0.0004,0.0025,0.0014,0.0559,0.0406,0.0075,-0.1728,-0.4373,-0.0024,0.0491,0.0224,0.0130,-0.1047,-0.0795,0.0007,-0.1245,-0.0299,-0.0136,-0.0355,0.0153,-0.0199,0.0003,-0.1184,0.0149,0.0106,-0.0283,0.0150,-0.0058,-0.0004,-1.0000,-1.0000,-1.0000,-1.0000,-1.0000,-1.0000,-1.0000,-1.0000,-1.0000,-1.0000,-1.0000,-1.0000,-1.0000,-1.0000,-1.0000,-1.0000,-1.0000,-1.0000,-1.0000,-1.0000,-1.0000,-1.0000,-1.0000,-1.0000,-1.0000,-1.0000,-1.0000,-1.0000,-1.0000,-1.0000,-1.0000,-1.0000,-1.0000,-1.0000,-1.0000,-1.0000,-1.0000,-1.0000,-1.0000,-1.0000,-1.0000,-1.0000,-1.0000,-1.0000,-1.0000,-1.0000,-1.0000,-1.0000,-1.0000,-1.0000,-1.0000,-1.0000,-1.0000,-1.0000,-1.0000,-1.0000,-1.0000,-1.0000,-1.0000,-1.0000,-1.0000,-1.0000,-1.0000,-1.0000,-1.0000,-1.0000,-1.0000,-1.0000,-1.0000,-1.0000,-1.0000,-1.0000,-1.0000,-1.0000,-1.0000,-1.0000,-1.0000,-1.0000,-1.0000,-1.0000,-1.0000,-1.0000,-1.0000,-1.0000,-1.0000,-1.0000,-1.0000,-1.0000,-1.0000,-1.0000,-1.0000,-1.0000,-1.0000,-1.0000,-1.0000,-1.0000,-1.0000,-1.0000,-1.0000,-1.0000,-1.0000,-1.0000,-1.0000,-1.0000,-1.0000,-1.0000,-1.0000,-1.0000,-1.0000,-1.0000,-1.0000,-1.0000,-1.0000,-1.0000,-1.0000,-1.0000,-1.0000,-1.0000,-1.0000,-1.0000,-1.0000,1.7711,1.7501,1.7631,1.7566,1.7625,1.7453,1.1836,1.2552,1.4123,1.3056,1.2130,1.4867,1.3655,1.3510,1.2142,1.4095,1.3109,1.3397,1.4614,1.4203,1.3798,1.3676,1.3187,1.3321,1.3256,1.2273,1.2660,1.2418,1.2209,1.2652,1.1889,1.1138,1.1514,1.1594,1.1057,1.1753,1.1430,1.1744,1.0956,1.1134,1.3408,1.4623,1.4213,1.3809,1.3684,1.3198,1.3335,1.3264,1.2285,1.2674,1.2432,1.2221,1.2661,1.1903,1.1154,1.1529,1.1609,1.1073,1.1766,1.1445,1.1755,1.0970,1.1149,0,1.0000,-3.8126,0.2856,-2.5528
174,0.3480,-0.0519,0.0039,0.0524,-1.2709,0.0937,0.5167,0.0656,0.1956,0.0000,1.0267,0.9999,0.0000,0.0130,0.0002,0.0001,-0.0198,0.0001,-0.0088,0.0026,-0.0047,-0.0000,-0.0197,-0.0002,-0.0088,0.0026,-0.0012,0.0001,0.0212,0.0006,0.0005,0.0279,0.0039,0.0026,0.0000,0.0214,-0.0008,-0.0003,0.0283,0.0039,0.0022,-0.0000,0.0419,-0.0004,-0.0027,-0.0210,0.0007,0.0022,0.0008,0.0546,0.0356,0.0087,-0.1590,-0.2018,-0.0024,0.0525,0.0312,0.0107,-0.1313,-0.1240,0.0014,-0.1198,-0.0315,-0.0133,-0.0350,0.0153,-0.0196,0.0003,-0.1126,0.0146,0.0112,-0.0250,0.0151,-0.0068,-0.0004,-1.0000,-1.0000,-1.0000,-1.0000,-1.0000,-1.0000,-1.0000,-1.0000,-1.0000,-1.0000,-1.0000,-1.0000,-1.0000,-1.0000,-1.0000,-1.0000,-1.0000,-1.0000,-1.0000,-1.0000,-1.0000,-1.0000,-1.0000,-1.0000,-1.0000,-1.0000,-1.0000,-1.0000,-1.0000,-1.0000,-1.0000,-1.0000,-1.0000,-1.0000,-1.0000,-1.0000,-1.0000,-1.0000,-1.0000,-1.0000,-1.0000,-1.0000,-1.0000,-1.0000,-1.0000,-1.0000,-1.0000,-1.0000,-1.0000,-1.0000,-1.0000,-1.0000,-1.0000,-1.0000,-1.0000,-1.0000,-1.0000,-1.0000,-1.0000,-1.0000,-1.0000,-1.0000,-1.0000,-1.0000,-1.0000,-1.0000,-1.0000,-1.0000,-1.0000,-1.0000,-1.0000,-1.0000,-1.0000,-1.0000,-1.0000,-1.0000,-1.0000,-1.0000,-1.0000,-1.0000,-1.0000,-1.0000,-1.0000,-1.0000,-1.0000,-1.0000,-1.0000,-1.0000,-1.0000,-1.0000,-1.0000,-1.0000,-1.0000,-1.0000,-1.0000,-1.0000,-1.0000,-1.0000,-1.0000,-1.0000,-1.0000,-1.0000,-1.0000,-1.0000,-1.0000,-1.0000,-1.0000,-1.0000,-1.0000,-1.0000,-1.0000,-1.0000,-1.0000,-1.0000,-1.0000,-1.0000,-1.0000,-1.0000,-1.0000,-1.0000,-1.0000,1.7706,1.7497,1.7625,1.7559,1.7619,1.7447,1.1829,1.2549,1.4119,1.3049,1.2126,1.4861,1.3648,1.3506,1.2135,1.4088,1.3105,1.3392,1.4609,1.4198,1.3793,1.3671,1.3180,1.3315,1.3250,1.2268,1.2654,1.2413,1.2203,1.2646,1.1883,1.1133,1.1512,1.1590,1.1053,1.1750,1.1425,1.1741,1.0954,1.1131,1.3404,1.4619,1.4209,1.3805,1.3680,1.3191,1.3330,1.3259,1.2281,1.2668,1.2428,1.2216,1.2655,1.1897,1.1150,1.1528,1.1606,1.1070,1.1764,1.1441,1.1753,1.0968,1.1147,0,1.0000,-3.8126,0.2856,-2.5528
175,0.3500,-0.0545,0.0041,0.0534,-1.2729,0.0937,0.4991,0.0656,0.1957,0.0000,1.0267,0.9999,0.0000,0.0130,0.0002,0.0001,-0.0197,0.0001,-0.0087,0.0023,-0.0050,-0.0000,-0.0196,-0.0001,-0.0088,0.0023,-0.0015,0.0001,0.0210,0.0006,0.0004,0.0278,0.0039,0.0026,0.0000,0.0212,-0.0008,-0.0003,0.0283,0.0039,0.0022,-0.0000,0.0425,-0.0000,0.0003,-0.0131,0.0016,0.0027,0.0001,0.0519,0.0216,0.0096,-0.1332,-0.1153,-0.0027,0.0544,0.0231,0.0093,-0.1526,-0.1595,-0.0001,-0.1123,-0.0292,-0.0148,-0.0262,0.0153,-0.0189,0.0003,-0.1074,0.0183,0.0102,-0.0225,0.0150,-0.0078,-0.0004,-1.0000,-1.0000,-1.0000,-1.0000,-1.0000,-1.0000,-1.0000,-1.0000,-1.0000,-1.0000,-1.0000,-1.0000,-1.0000,-1.0000,-1.0000,-1.0000,-1.0000,-1.0000,-1.0000,-1.0000,-1.0000,-1.0000,-1.0000,-1.0000,-1.0000,-1.0000,-1.0000,-1.0000,-1.0000,-1.0000,-1.0000,-1.0000,-1.0000,-1.0000,-1.0000,-1.0000,-1.0000,-1.0000,-1.0000,-1.0000,-1.0000,-1.0000,-1.0000,-1.0000,-1.0000,-1.0000,-1.0000,-1.0000,-1.0000,-1.0000,-1.0000,-1.0000,-1.0000,-1.0000,-1.0000,-1.0000,-1.0000,-1.0000,-1.0000,-1.0000,-1.0000,-1.0000,-1.0000,-1.0000,-1.0000,-1.0000,-1.0000,-1.0000,-1.0000,-1.0000,-1.0000,-1.0000,-1.0000,-1.0000,-1.0000,-1.0000,-1.0000,-1.0000,-1.0000,-1.0000,-1.0000,-1.0000,-1.0000,-1.0000,-1.0000,-1.0000,-1.0000,-1.0000,-1.0000,-1.0000,-1.0000,-1.0000,-1.0000,-1.0000,-1.0000,-1.0000,-1.0000,-1.0000,-1.0000,-1.0000,-1.0000,-1.0000,-1.0000,-1.0000,-1.0000,-1.0000,-1.0000,-1.0000,-1.0000,-1.0000,-1.0000,-1.0000,-1.0000,-1.0000,-1.0000,-1.0000,-1.0000,-1.0000,-1.0000,-1.0000,-1.0000,1.7700,1.7492,1.7619,1.7553,1.7615,1.7442,1.1822,1.2546,1.4115,1.3042,1.2124,1.4856,1.3641,1.3502,1.2129,1.4081,1.3102,1.3388,1.4604,1.4193,1.3789,1.3666,1.3174,1.3309,1.3246,1.2264,1.2648,1.2408,1.2196,1.2641,1.1877,1.1128,1.1510,1.1586,1.1050,1.1748,1.1420,1.1739,1.0952,1.1129,1.3401,1.4615,1.4205,1.3801,1.3676,1.3186,1.3325,1.3255,1.2278,1.2663,1.2424,1.2210,1.2651,1.1893,1.1146,1.1527,1.1603,1.1067,1.1763,1.1438,1.1752,1.0967,1.1146,0,1.0000,-3.8126,0.2856,-2.5528
176,0.3520,-0.0570,0.0043,0.0544,-1.2750,0.0937,0.4816,0.0656,0.1958,0.0000,1.0267,0.9999,0.0000,0.0130,0.0002,0.0001,-0.0196,0.0001,-0.0087,0.0021,-0.0050,-0.0000,-0.0194,-0.0001,-0.0088,0.0021,-0.0014,0.0001,0.0208,0.0005,0.0004,0.0278,0.0039,0.0025,0.0000,0.0210,-0.0007,-0.0002,0.0282,0.0040,0.0022,-0.0000,0.0430,0.0004,0.0012,0.0011,0.0019,0.0035,-0.0007,0.0502,0.0003,0.0102,-0.1108,-0.0385,-0.0037,0.0530,-0.0028,0.0112,-0.1434,0.0161,-0.0026,-0.1048,-0.0240,-0.0168,-0.0188,0.0152,-0.0183,0.0003,-0.1039,0.0248,0.0084,-0.0257,0.0149,-0.0090,-0.0004,-1.0000,-1.0000,-1.0000,-1.0000,-1.0000,-1.0000,-1.0000,-1.0000,-1.0000,-1.0000,-1.0000,-1.0000,-1.0000,-1.0000,-1.0000,-1.0000,-1.0000,-1.0000,-1.0000,-1.0000,-1.0000,-1.0000,-1.0000,-1.0000,-1.0000,-1.0000,-1.0000,-1.0000,-1.0000,-1.0000,-1.0000,-1.0000,-1.0000,-1.0000,-1.0000,-1.0000,-1.0000,-1.0000,-1.0000,-1.0000,-1.0000,-1.0000,-1.0000,-1.0000,-1.0000,-1.0000,-1.0000,-1.0000,-1.0000,-1.0000,-1.0000,-1.0000,-1.0000,-1.0000,-1.0000,-1.0000,-1.0000,-1.0000,-1.0000,-1.0000,-1.0000,-1.0000,-1.0000,-1.0000,-1.0000,-1.0000,-1.0000,-1.0000,-1.0000,-1.0000,-1.0000,-1.0000,-1.0000,-1.0000,-1.0000,-1.0000,-1.0000,-1.0000,-1.0000,-1.0000,-1.0000,-1.0000,-1.0000,-1.0000,-1.0000,-1.0000,-1.0000,-1.0000,-1.0000,-1.0000,-1.0000,-1.0000,-1.0000,-1.0000,-1.0000,-1.0000,-1.0000,-1.0000,-1.0000,-1.0000,-1.0000,-1.0000,-1.0000,-1.0000,-1.0000,-1.0000,-1.0000,-1.0000,-1.0000,-1.0000,-1.0000,-1.0000,-1.0000,-1.0000,-1.0000,-1.0000,-1.0000,-1.0000,-1.0000,-1.0000,-1.0000,1.7695,1.7488,1.7614,1.7547,1.7610,1.7437,1.1816,1.2543,1.4111,1.3036,1.2121,1.4851,1.3634,1.3500,1.2123,1.4074,1.3099,1.3384,1.4600,1.4189,1.3785,1.3662,1.3167,1.3304,1.3241,1.2261,1.2642,1.2404,1.2191,1.2636,1.1872,1.1124,1.1509,1.1583,1.1047,1.1746,1.1415,1.1737,1.0950,1.1127,1.3398,1.4611,1.4202,1.3798,1.3673,1.3180,1.3321,1.3251,1.2275,1.2658,1.2420,1.2205,1.2646,1.1888,1.1143,1.1526,1.1601,1.1065,1.1762,1.1434,1.1751,1.0967,1.1145,0,1.0000,-3.8126,0.2856,-2.5528
176,0.3520,-0.0570,0.0043,0.0544,-1.2750,0.0937,0.4816,0.0656,0.1958,0.0000,1.0267,0.9999,0.0000,0.0130,0.0002,0.0001,-0.0196,0.0001,-0.0087,0.0021,-0.0050,-0.0000,-0.0194,-0.0001,-0.0088,0.0021,-0.0014,0.0001,0.0208,0.0005,0.0004,0.0278,0.0039,0.0025,0.0000,0.0210,-0.0007,-0.0002,0.0282,0.0040,0.0022,-0.0000,0.0430,0.0004,0.0012,0.0011,0.0019,0.0035,-0.0007,0.0502,0.0003,0.0102,-0.1108,-0.0385,-0.0037,0.0530,-0.0028,0.0112,-0.1434,0.0161,-0.0026,-0.1048,-0.0240,-0.0168,-0.0188,0.0152,-0.0183,0.0003,-0.1039,0.0248,0.0084,-0.0257,0.0149,-0.0090,-0.0004,-1.0000,-1.0000,-1.0000,-1.0000,-1.0000,-1.0000,-1.0000,-1.0000,-1.0000,-1.0000,-1.0000,-1.0000,-1.0000,-1.0000,-1.0000,-1.0000,-1.0000,-1.0000,-1.0000,-1.0000,-1.0000,-1.0000,-1.0000,-1.0000,-1.0000,-1.0000,-1.0000,-1.0000,-1.0000,-1.0000,-1.0000,-1.0000,-1.0000,-1.0000,-1.0000,-1.0000,-1.0000,-1.0000,-1.0000,-1.0000,-1.0000,-1.0000,-1.0000,-1.0000,-1.0000,-1.0000,-1.0000,-1.0000,-1.0000,-1.0000,-1.0000,-1.0000,-1.0000,-1.0000,-1.0000,-1.0000,-1.0000,-1.0000,-1.0000,-1.0000,-1.0000,-1.0000,-1.0000,-1.0000,-1.0000,-1.0000,-1.0000,-1.0000,-1.0000,-1.0000,-1.0000,-1.0000,-1.0000,-1.0000,-1.0000,-1.0000,-1.0000,-1.0000,-1.0000,-1.0000,-1.0000,-1.0000,-1.0000,-1.0000,-1.0000,-1.0000,-1.0000,-1.0000,-1.0000,-1.0000,-1.0000,-1.0000,-1.0000,-1.0000,-1.0000,-1.0000,-1.0000,-1.0000,-1.0000,-1.0000,-1.0000,-1.0000,-1.0000,-1.0000,-1.0000,-1.0000,-1.0000,-1.0000,-1.0000,-1.0000,-1.0000,-1.0000,-1.0000,-1.0000,-1.0000,-1.0000,-1.0000,-1.0000,-1.0000,-1.0000,-1.0000,1.7695,1.7488,1.7614,1.7547,1.7610,1.7437,1.1816,1.2543,1.4111,1.3036,1.2121,1.4851,1.3634,1.3500,1.2123,1.4074,1.3099,1.3384,1.4600,1.4189,1.3785,1.3662,1.3167,1.3304,1.3241,1.2261,1.2642,1.2404,1.2191,1.2636,1.1872,1.1124,1.1509,1.1583,1.1047,1.1746,1.1415,1.1737,1.0950,1.1127,1.3398,1.4611,1.4202,1.3798,1.3673,1.3180,1.3321,1.3251,1.2275,1.2658,1.2420,1.2205,1.2646,1.1888,1.1143,1.1526,1.1601,1.1065,1.1762,1.1434,1.1751,1.0967,1.1145,0,1.0000,-3.8126,0.2856,-2.5528
177,0.3540,-0.0596,0.0044,0.0553,-1.2772,0.0937,0.4642,0.0656,0.1959,0.0000,1.0267,0.9999,0.0000,0.0130,0.0002,0.0001,-0.0195,0.0001,-0.0087,0.0019,-0.0050,-0.0000,-0.0193,-0.0001,-0.0087,0.0018,-0.0013,0.0001,0.0206,0.0005,0.0004,0.0278,0.0039,0.0025,0.0000,0.0208,-0.0007,-0.0002,0.0282,0.0040,0.0022,-0.0000,0.0436,0.0003,0.0043,0.0009,0.0026,0.0034,-0.0009,0.0482,-0.0022,0.0113,-0.0932,0.0197,-0.0039,0.0501,-0.0042,0.0129,-0.1190,0.0536,-0.0025,-0.0982,-0.0243,-0.0170,-0.0131,0.0152,-0.0177,0.0002,-0.0974,0.0258,0.0087,-0.0199,0.0149,-0.0098,-0.0004,-1.0000,-1.0000,-1.0000,-1.0000,-1.0000,-1.0000,-1.0000,-1.0000,-1.0000,-1.0000,-1.0000,-1.0000,-1.0000,-1.0000,-1.0000,-1.0000,-1.0000,-1.0000,-1.0000,-1.0000,-1.0000,-1.0000,-1.0000,-1.0000,-1.0000,-1.0000,-1.0000,-1.0000,-1.0000,-1.0000,-1.0000,-1.0000,-1.0000,-1.0000,-1.0000,-1.0000,-1.0000,-1.0000,-1.0000,-1.0000,-1.0000,-1.0000,-1.0000,-1.0000,-1.0000,-1.0000,-1.0000,-1.0000,-1.0000,-1.0000,-1.0000,-1.0000,-1.0000,-1.0000,-1.0000,-1.0000,-1.0000,-1.0000,-1.0000,-1.0000,-1.0000,-1.0000,-1.0000,-1.0000,-1.0000,-1.0000,-1.0000,-1.0000,-1.0000,-1.0000,-1.0000,-1.0000,-1.0000,-1.0000,-1.0000,-1.0000,-1.0000,-1.0000,-1.0000,-1.0000,-1.0000,-1.0000,-1.0000,-1.0000,-1.0000,-1.0000,-1.0000,-1.0000,-1.0000,-1.0000,-1.0000,-1.0000,-1.0000,-1.0000,-1.0000,-1.0000,-1.0000,-1.0000,-1.0000,-1.0000,-1.0000,-1.0000,-1.0000,-1.0000,-1.0000,-1.0000,-1.0000,-1.0000,-1.0000,-1.0000,-1.0000,-1.0000,-1.0000,-1.0000,-1.0000,-1.0000,-1.0000,-1.0000,-1.0000,-1.0000,-1.0000,1.7691,1.7485,1.7609,1.7542,1.7606,1.7432,1.1811,1.2541,1.4109,1.3030,1.2119,1.4846,1.3628,1.3497,1.2117,1.4068,1.3097,1.3381,1.4596,1.4186,1.3781,1.3659,1.3162,1.3300,1.3237,1.2258,1.2637,1.2400,1.2185,1.2632,1.1867,1.1120,1.1508,1.1580,1.1044,1.1745,1.1412,1.1736,1.0949,1.1125,1.3395,1.4608,1.4199,1.3795,1.3670,1.3175,1.3317,1.3248,1.2272,1.2654,1.2417,1.2200,1.2642,1.1884,1.1140,1.1526,1.1599,1.1064,1.1762,1.1431,1.1750,1.0966,1.1144,0,1.0000,-3.8126,0.2856,-2.5528
177,0.3540,-0.0596,0.0044,0.0553,-1.2772,0.0937,0.4642,0.0656,0.1959,0.0000,1.0267,0.9999,0.0000,0.0130,0.0002,0.0001,-0.0195,0.0001,-0.0087,0.0019,-0.0050,-0.0000,-0.0193,-0.0001,-0.0087,0.0018,-0.0013,0.0001,0.0206,0.0005,0.0004,0.0278,0.0039,0.0025,0.0000,0.0208,-0.0007,-0.0002,0.0282,0.0040,0.0022,-0.0000,0.0436,0.0003,0.0043,0.0009,0.0026,0.0034,-0.0009,0.0482,-0.0022,0.0113,-0.0932,0.0197,-0.0039,0.0501,-0.0042,0.0129,-0.1190,0.0536,-0.0025,-0.0982,-0.0243,-0.0170,-0.0131,0.0152,-0.0177,0.0002,-0.0974,0.0258,0.0087,-0.0199,0.0149,-0.0098,-0.0004,-1.0000,-1.0000,-1.0000,-1.0000,-1.0000,-1.0000,-1.0000,-1.0000,-1.0000,-1.0000,-1.0000,-1.0000,-1.0000,-1.0000,-1.0000,-1.0000,-1.0000,-1.0000,-1.0000,-1.0000,-1.0000,-1.0000,-1.0000,-1.0000,-1.0000,-1.0000,-1.0000,-1.0000,-1.0000,-1.0000,-1.0000,-1.0000,-1.0000,-1.0000,-1.0000,-1.0000,-1.0000,-1.0000,-1.0000,-1.0000,-1.0000,-1.0000,-1.0000,-1.0000,-1.0000,-1.0000,-1.0000,-1.0000,-1.0000,-1.0000,-1.0000,-1.0000,-1.0000,-1.0000,-1.0000,-1.0000,-1.0000,-1.0000,-1.0000,-1.0000,-1.0000,-1.0000,-1.0000,-1.0000,-1.0000,-1.0000,-1.0000,-1.0000,-1.0000,-1.0000,-1.0000,-1.0000,-1.0000,-1.0000,-1.0000,-1.0000,-1.0000,-1.0000,-1.0000,-1.0000,-1.0000,-1.0000,-1.0000,-1.0000,-1.0000,-1.0000,-1.0000,-1.0000,-1.0000,-1.0000,-1.0000,-1.0000,-1.0000,-1.0000,-1.0000,-1.0000,-1.0000,-1.0000,-1.0000,-1.0000,-1.0000,-1.0000,-1.0000,-1.0000,-1.0000,-1.0000,-1.0000,-1.0000,-1.0000,-1.0000,-1.0000,-1.0000,-1.0000,-1.0000,-1.0000,-1.0000,-1.0000,-1.0000,-1.0000,-1.0000,-1.0000,1.7691,1.7485,1.7609,1.7542,1.7606,1.7432,1.1811,1.2541,1.4109,1.3030,1.2119,1.4846,1.3628,1.3497,1.2117,1.4068,1.3097,1.3381,1.4596,1.4186,1.3781,1.3659,1.3162,1.3300,1.3237,1.2258,1.2637,1.2400,1.2185,1.2632,1.1867,1.1120,1.1508,1.1580,1.1044,1.1745,1.1412,1.1736,1.0949,1.1125,1.3395,1.4608,1.4199,1.3795,1.3670,1.3175,1.3317,1.3248,1.2272,1.2654,1.2417,1.2200,1.2642,1.1884,1.1140,1.1526,1.1599,1.1064,1.1762,1.1431,1.1750,1.0966,1.1144,0,1.0000,-3.8126,0.2856,-2.5528
178,0.3560,-0.0622,0.0046,0.0562,-1.2795,0.0937,0.4469,0.0656,0.1959,0.0000,1.0267,0.9999,0.0000,0.0130,0.0002,0.0001,-0.0194,0.0000,-0.0087,0.0017,-0.0048,-0.0001,-0.0193,-0.0002,-0.0087,0.0019,-0.0012,0.0000,0.0204,0.0005,0.0003,0.0278,0.0040,0.0025,0.0000,0.0206,-0.0006,-0.0002,0.0281,0.0040,0.0021,-0.0000,0.0442,0.0014,0.0019,0.0254,0.0014,0.0051,-0.0021,0.0490,-0.0357,0.0114,-0.0768,0.0802,-0.0048,0.0331,-0.0349,0.0287,0.0367,0.0573,-0.0067,-0.0908,-0.0161,-0.0201,-0.0076,0.0150,-0.0171,0.0002,-0.0968,0.0348,0.0057,-0.0318,0.0146,-0.0112,-0.0004,-1.0000,-1.0000,-1.0000,-1.0000,-1.0000,-1.0000,-1.0000,-1.0000,-1.0000,-1.0000,-1.0000,-1.0000,-1.0000,-1.0000,-1.0000,-1.0000,-1.0000,-1.0000,-1.0000,-1.0000,-1.0000,-1.0000,-1.0000,-1.0000,-1.0000,-1.0000,-1.0000,-1.0000,-1.0000,-1.0000,-1.0000,-1.0000,-1.0000,-1.0000,-1.0000,-1.0000,-1.0000,-1.0000,-1.0000,-1.0000,-1.0000,-1.0000,-1.0000,-1.0000,-1.0000,-1.0000,-1.0000,-1.0000,-1.0000,-1.0000,-1.0000,-1.0000,-1.0000,-1.0000,-1.0000,-1.0000,-1.0000,-1.0000,-1.0000,-1.0000,-1.0000,-1.0000,-1.0000,-1.0000,-1.0000,-1.0000,-1.0000,-1.0000,-1.0000,-1.0000,-1.0000,-1.0000,-1.0000,-1.0000,-1.0000,-1.0000,-1.0000,-1.0000,-1.0000,-1.0000,-1.0000,-1.0000,-1.0000,-1.0000,-1.0000,-1.0000,-1.0000,-1.0000,-1.0000,-1.0000,-1.0000,-1.0000,-1.0000,-1.0000,-1.0000,-1.0000,-1.0000,-1.0000,-1.0000,-1.0000,-1.0000,-1.0000,-1.0000,-1.0000,-1.0000,-1.0000,-1.0000,-1.0000,-1.0000,-1.0000,-1.0000,-1.0000,-1.0000,-1.0000,-1.0000,-1.0000,-1.0000,-1.0000,-1.0000,-1.0000,-1.0000,1.7686,1.7482,1.7605,1.7537,1.7603,1.7428,1.1805,1.2540,1.4106,1.3024,1.2118,1.4842,1.3622,1.3495,1.2112,1.4063,1.3095,1.3378,1.4593,1.4183,1.3778,1.3656,1.3157,1.3295,1.3234,1.2255,1.2632,1.2396,1.2180,1.2628,1.1863,1.1117,1.1507,1.1578,1.1042,1.1745,1.1408,1.1735,1.0949,1.1124,1.3393,1.4605,1.4197,1.3793,1.3667,1.3170,1.3313,1.3245,1.2271,1.2650,1.2414,1.2196,1.2639,1.1881,1.1138,1.1527,1.1597,1.1063,1.1762,1.1429,1.1750,1.0967,1.1144,0,1.0000,-3.8126,0.2856,-2.5528
179,0.3580,-0.0647,0.0048,0.0571,-1.2820,0.0937,0.4297,0.0656,0.1960,0.0000,1.0267,0.9999,0.0001,0.0130,0.0002,0.0001,-0.0193,-0.0000,-0.0087,0.0016,-0.0046,-0.0001,-0.0192,-0.0003,-0.0086,0.0019,-0.0010,0.0000,0.0202,0.0004,0.0003,0.0278,0.0040,0.0024,0.0000,0.0204,-0.0005,-0.0002,0.0281,0.0040,0.0021,-0.0000,0.0447,0.0011,0.0048,0.0213,0.0021,0.0047,-0.0022,0.0474,-0.0323,0.0126,-0.0653,0.1177,-0.0048,0.0341,-0.0313,0.0275,0.0259,0.0918,-0.0059,-0.0848,-0.0179,-0.0194,-0.0040,0.0151,-0.0165,0.0002,-0.0897,0.0343,0.0066,-0.0249,0.0147,-0.0120,-0.0004,-1.0000,-1.0000,-1.0000,-1.0000,-1.0000,-1.0000,-1.0000,-1.0000,-1.0000,-1.0000,-1.0000,-1.0000,-1.0000,-1.0000,-1.0000,-1.0000,-1.0000,-1.0000,-1.0000,-1.0000,-1.0000,-1.0000,-1.0000,-1.0000,-1.0000,-1.0000,-1.0000,-1.0000,-1.0000,-1.0000,-1.0000,-1.0000,-1.0000,-1.0000,-1.0000,-1.0000,-1.0000,-1.0000,-1.0000,-1.0000,-1.0000,-1.0000,-1.0000,-1.0000,-1.0000,-1.0000,-1.0000,-1.0000,-1.0000,-1.0000,-1.0000,-1.0000,-1.0000,-1.0000,-1.0000,-1.0000,-1.0000,-1.0000,-1.0000,-1.0000,-1.0000,-1.0000,-1.0000,-1.0000,-1.0000,-1.0000,-1.0000,-1.0000,-1.0000,-1.0000,-1.0000,-1.0000,-1.0000,-1.0000,-1.0000,-1.0000,-1.0000,-1.0000,-1.0000,-1.0000,-1.0000,-1.0000,-1.0000,-1.0000,-1.0000,-1.0000,-1.0000,-1.0000,-1.0000,-1.0000,-1.0000,-1.0000,-1.0000,-1.0000,-1.0000,-1.0000,-1.0000,-1.0000,-1.0000,-1.0000,-1.0000,-1.0000,-1.0000,-1.0000,-1.0000,-1.0000,-1.0000,-1.0000,-1.0000,-1.0000,-1.0000,-1.0000,-1.0000,-1.0000,-1.0000,-1.0000,-1.0000,-1.0000,-1.0000,-1.0000,-1.0000,1.7683,1.7479,1.7601,1.7532,1.7599,1.7424,1.1801,1.2538,1.4104,1.3019,1.2117,1.4839,1.3617,1.3493,1.2107,1.4057,1.3093,1.3376,1.4590,1.4180,1.3776,1.3653,1.3152,1.3292,1.3231,1.2253,1.2628,1.2393,1.2176,1.2624,1.1859,1.1114,1.1507,1.1576,1.1040,1.1744,1.1406,1.1735,1.0948,1.1124,1.3391,1.4603,1.4194,1.3791,1.3665,1.3166,1.3310,1.3242,1.2269,1.2646,1.2411,1.2192,1.2636,1.1878,1.1136,1.1527,1.1596,1.1062,1.1762,1.1427,1.1750,1.0967,1.1144,0,1.0000,-3.8126,0.2856,-2.5528
179,0.3580,-0.0647,0.0048,0.0571,-1.2820,0.0937,0.4297,0.0656,0.1960,0.0000,1.0267,0.9999,0.0001,0.0130,0.0002,0.0001,-0.0193,-0.0000,-0.0087,0.0016,-0.0046,-0.0001,-0.0192,-0.0003,-0.0086,0.0019,-0.0010,0.0000,0.0202,0.0004,0.0003,0.0278,0.0040,0.0024,0.0000,0.0204,-0.0005,-0.0002,0.0281,0.0040,0.0021,-0.0000,0.0447,0.0011,0.0048,0.0213,0.0021,0.0047,-0.0022,0.0474,-0.0323,0.0126,-0.0653,0.1177,-0.0048,0.0341,-0.0313,0.0275,0.0259,0.0918,-0.0059,-0.0848,-0.0179,-0.0194,-0.0040,0.0151,-0.0165,0.0002,-0.0897,0.0343,0.0066,-0.0249,0.0147,-0.0120,-0.0004,-1.0000,-1.0000,-1.0000,-1.0000,-1.0000,-1.0000,-1.0000,-1.0000,-1.0000,-1.0000,-1.0000,-1.0000,-1.0000,-1.0000,-1.0000,-1.0000,-1.0000,-1.0000,-1.0000,-1.0000,-1.0000,-1.0000,-1.0000,-1.0000,-1.0000,-1.0000,-1.0000,-1.0000,-1.0000,-1.0000,-1.0000,-1.0000,-1.0000,-1.0000,-1.0000,-1.0000,-1.0000,-1.0000,-1.0000,-1.0000,-1.0000,-1.0000,-1.0000,-1.0000,-1.0000,-1.0000,-1.0000,-1.0000,-1.0000,-1.0000,-1.0000,-1.0000,-1.0000,-1.0000,-1.0000,-1.0000,-1.0000,-1.0000,-1.0000,-1.0000,-1.0000,-1.0000,-1.0000,-1.0000,-1.0000,-1.0000,-1.0000,-1.0000,-1.0000,-1.0000,-1.0000,-1.0000,-1.0000,-1.0000,-1.0000,-1.0000,-1.0000,-1.0000,-1.0000,-1.0000,-1.0000,-1.0000,-1.0000,-1.0000,-1.0000,-1.0000,-1.0000,-1.0000,-1.0000,-1.0000,-1.0000,-1.0000,-1.0000,-1.0000,-1.0000,-1.0000,-1.0000,-1.0000,-1.0000,-1.0000,-1.0000,-1.0000,-1.0000,-1.0000,-1.0000,-1.0000,-1.0000,-1.0000,-1.0000,-1.0000,-1.0000,-1.0000,-1.0000,-1.0000,-1.0000,-1.0000,-1.0000,-1.0000,-1.0000,-1.0000,-1.0000,1.7683,1.7479,1.7601,1.7532,1.7599,1.7424,1.1801,1.2538,1.4104,1.3019,1.2117,1.4839,1.3617,1.3493,1.2107,1.4057,1.3093,1.3376,1.4590,1.4180,1.3776,1.3653,1.3152,1.3292,1.3231,1.2253,1.2628,1.2393,1.2176,1.2624,1.1859,1.1114,1.1507,1.1576,1.1040,1.1744,1.1406,1.1735,1.0948,1.1124,1.3391,1.4603,1.4194,1.3791,1.3665,1.3166,1.3310,1.3242,1.2269,1.2646,1.2411,1.2192,1.2636,1.1878,1.1136,1.1527,1.1596,1.1062,1.1762,1.1427,1.1750,1.0967,1.1144,0,1.0000,-3.8126,0.2856,-2.5528
180,0.3600,-0.0673,0.0050,0.0579,-1.2845,0.0937,0.4126,0.0656,0.1961,0.0000,1.0267,0.9999,0.0001,0.0130,0.0002,0.0001,-0.0192,-0.0001,-0.0086,0.0015,-0.0043,-0.0001,-0.0191,-0.0003,-0.0086,0.0019,-0.0009,0.0000,0.0201,0.0004,0.0002,0.0278,0.0040,0.0024,0.0000,0.0202,-0.0005,-0.0002,0.0280,0.0041,0.0021,-0.0000,0.0453,0.0011,0.0063,0.0216,0.0027,0.0046,-0.0023,0.0461,-0.0342,0.0136,-0.0556,0.1501,-0.0046,0.0387,-0.0293,0.0242,-0.0165,0.0446,-0.0057,-0.0788,-0.0184,-0.0193,-0.0013,0.0151,-0.0160,0.0002,-0.0837,0.0348,0.0070,-0.0219,0.0147,-0.0129,-0.0004,-1.0000,-1.0000,-1.0000,-1.0000,-1.0000,-1.0000,-1.0000,-1.0000,-1.0000,-1.0000,-1.0000,-1.0000,-1.0000,-1.0000,-1.0000,-1.0000,-1.0000,-1.0000,-1.0000,-1.0000,-1.0000,-1.0000,-1.0000,-1.0000,-1.0000,-1.0000,-1.0000,-1.0000,-1.0000,-1.0000,-1.0000,-1.0000,-1.0000,-1.0000,-1.0000,-1.0000,-1.0000,-1.0000,-1.0000,-1.0000,-1.0000,-1.0000,-1.0000,-1.0000,-1.0000,-1.0000,-1.0000,-1.0000,-1.0000,-1.0000,-1.0000,-1.0000,-1.0000,-1.0000,-1.0000,-1.0000,-1.0000,-1.0000,-1.0000,-1.0000,-1.0000,-1.0000,-1.0000,-1.0000,-1.0000,-1.0000,-1.0000,-1.0000,-1.0000,-1.0000,-1.0000,-1.0000,-1.0000,-1.0000,-1.0000,-1.0000,-1.0000,-1.0000,-1.0000,-1.0000,-1.0000,-1.0000,-1.0000,-1.0000,-1.0000,-1.0000,-1.0000,-1.0000,-1.0000,-1.0000,-1.0000,-1.0000,-1.0000,-1.0000,-1.0000,-1.0000,-1.0000,-1.0000,-1.0000,-1.0000,-1.0000,-1.0000,-1.0000,-1.0000,-1.0000,-1.0000,-1.0000,-1.0000,-1.0000,-1.0000,-1.0000,-1.0000,-1.0000,-1.0000,-1.0000,-1.0000,-1.0000,-1.0000,-1.0000,-1.0000,-1.0000,1.7679,1.7477,1.7598,1.7528,1.7597,1.7421,1.1796,1.2538,1.4102,1.3015,1.2116,1.4835,1.3612,1.3492,1.2102,1.4052,1.3092,1.3374,1.4588,1.4178,1.3774,1.3651,1.3147,1.3288,1.3229,1.2251,1.2624,1.2390,1.2172,1.2621,1.1856,1.1112,1.1508,1.1574,1.1039,1.1744,1.1403,1.1735,1.0949,1.1123,1.3390,1.4601,1.4193,1.3789,1.3663,1.3162,1.3307,1.3240,1.2268,1.2643,1.2409,1.2189,1.2633,1.1875,1.1134,1.1528,1.1595,1.1061,1.1763,1.1425,1.1751,1.0968,1.1144,0,1.0000,-3.8126,0.2856,-2.5528
181,0.3620,-0.0699,0.0052,0.0587,-1.2872,0.0937,0.3957,0.0656,0.1962,0.0000,1.0268,0.9999,0.0001,0.0130,0.0002,0.0001,-0.0191,-0.0002,-0.0086,0.0014,-0.0040,-0.0001,-0.0191,-0.0004,-0.0085,0.0018,-0.0010,0.0000,0.0199,0.0003,0.0002,0.0278,0.0041,0.0024,0.0000,0.0201,-0.0004,-0.0002,0.0280,0.0041,0.0021,-0.0000,0.0459,0.0011,0.0075,0.0216,0.0033,0.0044,-0.0024,0.0450,-0.0356,0.0146,-0.0479,0.1760,-0.0043,0.0428,-0.0272,0.0213,-0.0534,-0.0005,-0.0055,-0.0729,-0.0190,-0.0191,0.0006,0.0151,-0.0154,0.0001,-0.0779,0.0352,0.0073,-0.0195,0.0147,-0.0137,-0.0004,-1.0000,-1.0000,-1.0000,-1.0000,-1.0000,-1.0000,-1.0000,-1.0000,-1.0000,-1.0000,-1.0000,-1.0000,-1.0000,-1.0000,-1.0000,-1.0000,-1.0000,-1.0000,-1.0000,-1.0000,-1.0000,-1.0000,-1.0000,-1.0000,-1.0000,-1.0000,-1.0000,-1.0000,-1.0000,-1.0000,-1.0000,-1.0000,-1.0000,-1.0000,-1.0000,-1.0000,-1.0000,-1.0000,-1.0000,-1.0000,-1.0000,-1.0000,-1.0000,-1.0000,-1.0000,-1.0000,-1.0000,-1.0000,-1.0000,-1.0000,-1.0000,-1.0000,-1.0000,-1.0000,-1.0000,-1.0000,-1.0000,-1.0000,-1.0000,-1.0000,-1.0000,-1.0000,-1.0000,-1.0000,-1.0000,-1.0000,-1.0000,-1.0000,-1.0000,-1.0000,-1.0000,-1.0000,-1.0000,-1.0000,-1.0000,-1.0000,-1.0000,-1.0000,-1.0000,-1.0000,-1.0000,-1.0000,-1.0000,-1.0000,-1.0000,-1.0000,-1.0000,-1.0000,-1.0000,-1.0000,-1.0000,-1.0000,-1.0000,-1.0000,-1.0000,-1.0000,-1.0000,-1.0000,-1.0000,-1.0000,-1.0000,-1.0000,-1.0000,-1.0000,-1.0000,-1.0000,-1.0000,-1.0000,-1.0000,-1.0000,-1.0000,-1.0000,-1.0000,-1.0000,-1.0000,-1.0000,-1.0000,-1.0000,-1.0000,-1.0000,-1.0000,1.7676,1.7475,1.7594,1.7525,1.7594,1.7418,1.1792,1.2537,1.4101,1.3010,1.2116,1.4833,1.3608,1.3491,1.2099,1.4048,1.3091,1.3373,1.4586,1.4176,1.3772,1.3649,1.3144,1.3285,1.3226,1.2250,1.2621,1.2388,1.2169,1.2618,1.1853,1.1110,1.1509,1.1573,1.1038,1.1745,1.1401,1.1735,1.0949,1.1124,1.3389,1.4600,1.4191,1.3788,1.3662,1.3159,1.3305,1.3238,1.2267,1.2640,1.2408,1.2186,1.2631,1.1873,1.1133,1.1530,1.1595,1.1061,1.1764,1.1424,1.1752,1.0969,1.1145,0,1.0000,-3.8126,0.2856,-2.5528
181,0.3620,-0.0699,0.0052,0.0587,-1.2872,0.0937,0.3957,0.0656,0.1962,0.0000,1.0268,0.9999,0.0001,0.0130,0.0002,0.0001,-0.0191,-0.0002,-0.0086,0.0014,-0.0040,-0.0001,-0.0191,-0.0004,-0.0085,0.0018,-0.0010,0.0000,0.0199,0.0003,0.0002,0.0278,0.0041,0.0024,0.0000,0.0201,-0.0004,-0.0002,0.0280,0.0041,0.0021,-0.0000,0.0459,0.0011,0.0075,0.0216,0.0033,0.0044,-0.0024,0.0450,-0.0356,0.0146,-0.0479,0.1760,-0.0043,0.0428,-0.0272,0.0213,-0.0534,-0.0005,-0.0055,-0.0729,-0.0190,-0.0191,0.0006,0.0151,-0.0154,0.0001,-0.0779,0.0352,0.0073,-0.0195,0.0147,-0.0137,-0.0004,-1.0000,-1.0000,-1.0000,-1.0000,-1.0000,-1.0000,-1.0000,-1.0000,-1.0000,-1.0000,-1.0000,-1.0000,-1.0000,-1.0000,-1.0000,-1.0000,-1.0000,-1.0000,-1.0000,-1.0000,-1.0000,-1.0000,-1.0000,-1.0000,-1.0000,-1.0000,-1.0000,-1.0000,-1.0000,-1.0000,-1.0000,-1.0000,-1.0000,-1.0000,-1.0000,-1.0000,-1.0000,-1.0000,-1.0000,-1.0000,-1.0000,-1.0000,-1.0000,-1.0000,-1.0000,-1.0000,-1.0000,-1.0000,-1.0000,-1.0000,-1.0000,-1.0000,-1.0000,-1.0000,-1.0000,-1.0000,-1.0000,-1.0000,-1.0000,-1.0000,-1.0000,-1.0000,-1.0000,-1.0000,-1.0000,-1.0000,-1.0000,-1.0000,-1.0000,-1.0000,-1.0000,-1.0000,-1.0000,-1.0000,-1.0000,-1.0000,-1.0000,-1.0000,-1.0000,-1.0000,-1.0000,-1.0000,-1.0000,-1.0000,-1.0000,-1.0000,-1.0000,-1.0000,-1.0000,-1.0000,-1.0000,-1.0000,-1.0000,-1.0000,-1.0000,-1.0000,-1.0000,-1.0000,-1.0000,-1.0000,-1.0000,-1.0000,-1.0000,-1.0000,-1.0000,-1.0000,-1.0000,-1.0000,-1.0000,-1.0000,-1.0000,-1.0000,-1.0000,-1.0000,-1.0000,-1.0000,-1.0000,-1.0000,-1.0000,-1.0000,-1.0000,1.7676,1.7475,1.7594,1.7525,1.7594,1.7418,1.1792,1.2537,1.4101,1.3010,1.2116,1.4833,1.3608,1.3491,1.2099,1.4048,1.3091,1.3373,1.4586,1.4176,1.3772,1.3649,1.3144,1.3285,1.3226,1.2250,1.2621,1.2388,1.2169,1.2618,1.1853,1.1110,1.1509,1.1573,1.1038,1.1745,1.1401,1.1735,1.0949,1.1124,1.3389,1.4600,1.4191,1.3788,1.3662,1.3159,1.3305,1.3238,1.2267,1.2640,1.2408,1.2186,1.2631,1.1873,1.1133,1.1530,1.1595,1.1061,1.1764,1.1424,1.1752,1.0969,1.1145,0,1.0000,-3.8126,0.2856,-2.5528
182,0.3640,-0.0724,0.0054,0.0594,-1.2900,0.0937,0.3789,0.0656,0.1963,0.0001,1.0268,0.9999,0.0001,0.0130,0.0002,0.0001,-0.0191,-0.0002,-0.0086,0.0013,-0.0036,-0.0001,-0.0190,-0.0004,-0.0085,0.0016,-0.0010,-0.0000,0.0198,0.0003,0.0002,0.0278,0.0041,0.0023,0.0000,0.0199,-0.0003,-0.0002,0.0279,0.0041,0.0020,-0.0000,0.0464,0.0011,0.0083,0.0216,0.0038,0.0042,-0.0024,0.0441,-0.0366,0.0155,-0.0418,0.1965,-0.0040,0.0465,-0.0250,0.0187,-0.0855,-0.0434,-0.0051,-0.0672,-0.0195,-0.0189,0.0019,0.0151,-0.0149,0.0001,-0.0722,0.0355,0.0077,-0.0176,0.0147,-0.0145,-0.0003,-1.0000,-1.0000,-1.0000,-1.0000,-1.0000,-1.0000,-1.0000,-1.0000,-1.0000,-1.0000,-1.0000,-1.0000,-1.0000,-1.0000,-1.0000,-1.0000,-1.0000,-1.0000,-1.0000,-1.0000,-1.0000,-1.0000,-1.0000,-1.0000,-1.0000,-1.0000,-1.0000,-1.0000,-1.0000,-1.0000,-1.0000,-1.0000,-1.0000,-1.0000,-1.0000,-1.0000,-1.0000,-1.0000,-1.0000,-1.0000,-1.0000,-1.0000,-1.0000,-1.0000,-1.0000,-1.0000,-1.0000,-1.0000,-1.0000,-1.0000,-1.0000,-1.0000,-1.0000,-1.0000,-1.0000,-1.0000,-1.0000,-1.0000,-1.0000,-1.0000,-1.0000,-1.0000,-1.0000,-1.0000,-1.0000,-1.0000,-1.0000,-1.0000,-1.0000,-1.0000,-1.0000,-1.0000,-1.0000,-1.0000,-1.0000,-1.0000,-1.0000,-1.0000,-1.0000,-1.0000,-1.0000,-1.0000,-1.0000,-1.0000,-1.0000,-1.0000,-1.0000,-1.0000,-1.0000,-1.0000,-1.0000,-1.0000,-1.0000,-1.0000,-1.0000,-1.0000,-1.0000,-1.0000,-1.0000,-1.0000,-1.0000,-1.0000,-1.0000,-1.0000,-1.0000,-1.0000,-1.0000,-1.0000,-1.0000,-1.0000,-1.0000,-1.0000,-1.0000,-1.0000,-1.0000,-1.0000,-1.0000,-1.0000,-1.0000,-1.0000,-1.0000,1.7674,1.7474,1.7592,1.7521,1.7592,1.7416,1.1789,1.2537,1.4100,1.3007,1.2116,1.4830,1.3604,1.3491,1.2095,1.4044,1.3091,1.3372,1.4584,1.4175,1.3771,1.3648,1.3140,1.3283,1.3225,1.2249,1.2618,1.2386,1.2166,1.2616,1.1851,1.1109,1.1510,1.1572,1.1038,1.1746,1.1400,1.1736,1.0950,1.1124,1.3388,1.4598,1.4190,1.3787,1.3661,1.3156,1.3303,1.3237,1.2267,1.2638,1.2406,1.2183,1.2629,1.1871,1.1132,1.1531,1.1595,1.1061,1.1766,1.1423,1.1753,1.0971,1.1146,0,1.0000,-3.8126,0.2856,-2.5528
182,0.3640,-0.0724,0.0054,0.0594,-1.2900,0.0937,0.3789,0.0656,0.1963,0.0001,1.0268,0.9999,0.0001,0.0130,0.0002,0.0001,-0.0191,-0.0002,-0.0086,0.0013,-0.0036,-0.0001,-0.0190,-0.0004,-0.0085,0.0016,-0.0010,-0.0000,0.0198,0.0003,0.0002,0.0278,0.0041,0.0023,0.0000,0.0199,-0.0003,-0.0002,0.0279,0.0041,0.0020,-0.0000,0.0464,0.0011,0.0083,0.0216,0.0038,0.0042,-0.0024,0.0441,-0.0366,0.0155,-0.0418,0.1965,-0.0040,0.0465,-0.0250,0.0187,-0.0855,-0.0434,-0.0051,-0.0672,-0.0195,-0.0189,0.0019,0.0151,-0.0149,0.0001,-0.0722,0.0355,0.0077,-0.0176,0.0147,-0.0145,-0.0003,-1.0000,-1.0000,-1.0000,-1.0000,-1.0000,-1.0000,-1.0000,-1.0000,-1.0000,-1.0000,-1.0000,-1.0000,-1.0000,-1.0000,-1.0000,-1.0000,-1.0000,-1.0000,-1.0000,-1.0000,-1.0000,-1.0000,-1.0000,-1.0000,-1.0000,-1.0000,-1.0000,-1.0000,-1.0000,-1.0000,-1.0000,-1.0000,-1.0000,-1.0000,-1.0000,-1.0000,-1.0000,-1.0000,-1.0000,-1.0000,-1.0000,-1.0000,-1.0000,-1.0000,-1.0000,-1.0000,-1.0000,-1.0000,-1.0000,-1.0000,-1.0000,-1.0000,-1.0000,-1.0000,-1.0000,-1.0000,-1.0000,-1.0000,-1.0000,-1.0000,-1.0000,-1.0000,-1.0000,-1.0000,-1.0000,-1.0000,-1.0000,-1.0000,-1.0000,-1.0000,-1.0000,-1.0000,-1.0000,-1.0000,-1.0000,-1.0000,-1.0000,-1.0000,-1.0000,-1.0000,-1.0000,-1.0000,-1.0000,-1.0000,-1.0000,-1.0000,-1.0000,-1.0000,-1.0000,-1.0000,-1.0000,-1.0000,-1.0000,-1.0000,-1.0000,-1.0000,-1.0000,-1.0000,-1.0000,-1.0000,-1.0000,-1.0000,-1.0000,-1.0000,-1.0000,-1.0000,-1.0000,-1.0000,-1.0000,-1.0000,-1.0000,-1.0000,-1.0000,-1.0000,-1.0000,-1.0000,-1.0000,-1.0000,-1.0000,-1.0000,-1.0000,1.7674,1.7474,1.7592,1.7521,1.7592,1.7416,1.1789,1.2537,1.4100,1.3007,1.2116,1.4830,1.3604,1.3491,1.2095,1.4044,1.3091,1.3372,1.4584,1.4175,1.3771,1.3648,1.3140,1.3283,1.3225,1.2249,1.2618,1.2386,1.2166,1.2616,1.1851,1.1109,1.1510,1.1572,1.1038,1.1746,1.1400,1.1736,1.0950,1.1124,1.3388,1.4598,1.4190,1.3787,1.3661,1.3156,1.3303,1.3237,1.2267,1.2638,1.2406,1.2183,1.2629,1.1871,1.1132,1.1531,1.1595,1.1061,1.1766,1.1423,1.1753,1.0971,1.1146,0,1.0000,-3.8126,0.2856,-2.5528
183,0.3660,-0.0750,0.0056,0.0602,-1.2930,0.0937,0.3622,0.0656,0.1964,0.0001,1.0268,0.9999,0.0001,0.0130,0.0002,0.0001,-0.0190,-0.0003,-0.0085,0.0012,-0.0031,-0.0001,-0.0189,-0.0005,-0.0085,0.0014,-0.0012,-0.0000,0.0197,0.0003,0.0001,0.0278,0.0041,0.0023,0.0000,0.0198,-0.0003,-0.0001,0.0279,0.0042,0.0020,-0.0000,0.0469,0.0010,0.0089,0.0215,0.0043,0.0039,-0.0023,0.0434,-0.0373,0.0164,-0.0371,0.2122,-0.0037,0.0498,-0.0229,0.0163,-0.1135,-0.0842,-0.0048,-0.0617,-0.0201,-0.0186,0.0027,0.0150,-0.0144,0.0001,-0.0667,0.0357,0.0081,-0.0162,0.0147,-0.0153,-0.0003,-1.0000,-1.0000,-1.0000,-1.0000,-1.0000,-1.0000,-1.0000,-1.0000,-1.0000,-1.0000,-1.0000,-1.0000,-1.0000,-1.0000,-1.0000,-1.0000,-1.0000,-1.0000,-1.0000,-1.0000,-1.0000,-1.0000,-1.0000,-1.0000,-1.0000,-1.0000,-1.0000,-1.0000,-1.0000,-1.0000,-1.0000,-1.0000,-1.0000,-1.0000,-1.0000,-1.0000,-1.0000,-1.0000,-1.0000,-1.0000,-1.0000,-1.0000,-1.0000,-1.0000,-1.0000,-1.0000,-1.0000,-1.0000,-1.0000,-1.0000,-1.0000,-1.0000,-1.0000,-1.0000,-1.0000,-1.0000,-1.0000,-1.0000,-1.0000,-1.0000,-1.0000,-1.0000,-1.0000,-1.0000,-1.0000,-1.0000,-1.0000,-1.0000,-1.0000,-1.0000,-1.0000,-1.0000,-1.0000,-1.0000,-1.0000,-1.0000,-1.0000,-1.0000,-1.0000,-1.0000,-1.0000,-1.0000,-1.0000,-1.0000,-1.0000,-1.0000,-1.0000,-1.0000,-1.0000,-1.0000,-1.0000,-1.0000,-1.0000,-1.0000,-1.0000,-1.0000,-1.0000,-1.0000,-1.0000,-1.0000,-1.0000,-1.0000,-1.0000,-1.0000,-1.0000,-1.0000,-1.0000,-1.0000,-1.0000,-1.0000,-1.0000,-1.0000,-1.0000,-1.0000,-1.0000,-1.0000,-1.0000,-1.0000,-1.0000,-1.0000,-1.0000,1.7672,1.7473,1.7589,1.7518,1.7591,1.7414,1.1786,1.2538,1.4100,1.3003,1.2117,1.4828,1.3600,1.3491,1.2092,1.4040,1.3091,1.3371,1.4583,1.4174,1.3770,1.3647,1.3137,1.3281,1.3223,1.2249,1.2616,1.2385,1.2163,1.2614,1.1849,1.1108,1.1511,1.1572,1.1038,1.1747,1.1399,1.1737,1.0952,1.1125,1.3388,1.4598,1.4190,1.3787,1.3660,1.3153,1.3301,1.3236,1.2267,1.2636,1.2406,1.2181,1.2628,1.1869,1.1132,1.1534,1.1595,1.1062,1.1768,1.1422,1.1755,1.0973,1.1148,0,1.0000,-3.8126,0.2856,-2.5528
183,0.3660,-0.0750,0.0056,0.0602,-1.2930,0.0937,0.3622,0.0656,0.1964,0.0001,1.0268,0.9999,0.0001,0.0130,0.0002,0.0001,-0.0190,-0.0003,-0.0085,0.0012,-0.0031,-0.0001,-0.0189,-0.0005,-0.0085,0.0014,-0.0012,-0.0000,0.0197,0.0003,0.0001,0.0278,0.0041,0.0023,0.0000,0.0198,-0.0003,-0.0001,0.0279,0.0042,0.0020,-0.0000,0.0469,0.0010,0.0089,0.0215,0.0043,0.0039,-0.0023,0.0434,-0.0373,0.0164,-0.0371,0.2122,-0.0037,0.0498,-0.0229,0.0163,-0.1135,-0.0842,-0.0048,-0.0617,-0.0201,-0.0186,0.0027,0.0150,-0.0144,0.0001,-0.0667,0.0357,0.0081,-0.0162,0.0147,-0.0153,-0.0003,-1.0000,-1.0000,-1.0000,-1.0000,-1.0000,-1.0000,-1.0000,-1.0000,-1.0000,-1.0000,-1.0000,-1.0000,-1.0000,-1.0000,-1.0000,-1.0000,-1.0000,-1.0000,-1.0000,-1.0000,-1.0000,-1.0000,-1.0000,-1.0000,-1.0000,-1.0000,-1.0000,-1.0000,-1.0000,-1.0000,-1.0000,-1.0000,-1.0000,-1.0000,-1.0000,-1.0000,-1.0000,-1.0000,-1.0000,-1.0000,-1.0000,-1.0000,-1.0000,-1.0000,-1.0000,-1.0000,-1.0000,-1.0000,-1.0000,-1.0000,-1.0000,-1.0000,-1.0000,-1.0000,-1.0000,-1.0000,-1.0000,-1.0000,-1.0000,-1.0000,-1.0000,-1.0000,-1.0000,-1.0000,-1.0000,-1.0000,-1.0000,-1.0000,-1.0000,-1.0000,-1.0000,-1.0000,-1.0000,-1.0000,-1.0000,-1.0000,-1.0000,-1.0000,-1.0000,-1.0000,-1.0000,-1.0000,-1.0000,-1.0000,-1.0000,-1.0000,-1.0000,-1.0000,-1.0000,-1.0000,-1.0000,-1.0000,-1.0000,-1.0000,-1.0000,-1.0000,-1.0000,-1.0000,-1.0000,-1.0000,-1.0000,-1.0000,-1.0000,-1.0000,-1.0000,-1.0000,-1.0000,-1.0000,-1.0000,-1.0000,-1.0000,-1.0000,-1.0000,-1.0000,-1.0000,-1.0000,-1.0000,-1.0000,-1.0000,-1.0000,-1.0000,1.7672,1.7473,1.7589,1.7518,1.7591,1.7414,1.1786,1.2538,1.4100,1.3003,1.2117,1.4828,1.3600,1.3491,1.2092,1.4040,1.3091,1.3371,1.4583,1.4174,1.3770,1.3647,1.3137,1.3281,1.3223,1.2249,1.2616,1.2385,1.2163,1.2614,1.1849,1.1108,1.1511,1.1572,1.1038,1.1747,1.1399,1.1737,1.0952,1.1125,1.3388,1.4598,1.4190,1.3787,1.3660,1.3153,1.3301,1.3236,1.2267,1.2636,1.2406,1.2181,1.2628,1.1869,1.1132,1.1534,1.1595,1.1062,1.1768,1.1422,1.1755,1.0973,1.1148,0,1.0000,-3.8126,0.2856,-2.5528
184,0.3680,-0.0776,0.0057,0.0609,-1.2961,0.0937,0.3457,0.0656,0.1965,0.0001,1.0268,0.9999,0.0002,0.0130,0.0002,0.0001,-0.0189,-0.0004,-0.0085,0.0012,-0.0027,-0.0001,-0.0188,-0.0006,-0.0084,0.0012,-0.0010,-0.0000,0.0196,0.0002,0.0001,0.0278,0.0042,0.0023,0.0000,0.0197,-0.0002,-0.0001,0.0279,0.0042,0.0020,-0.0000,0.0475,0.0012,0.0076,0.0298,0.0042,0.0041,-0.0024,0.0436,-0.0481,0.0169,-0.0327,0.2282,-0.0042,0.0500,-0.0411,0.0172,-0.1138,0.0857,-0.0058,-0.0559,-0.0170,-0.0193,0.0032,0.0150,-0.0138,0.0001,-0.0632,0.0394,0.0074,-0.0209,0.0146,-0.0163,-0.0003,-1.0000,-1.0000,-1.0000,-1.0000,-1.0000,-1.0000,-1.0000,-1.0000,-1.0000,-1.0000,-1.0000,-1.0000,-1.0000,-1.0000,-1.0000,-1.0000,-1.0000,-1.0000,-1.0000,-1.0000,-1.0000,-1.0000,-1.0000,-1.0000,-1.0000,-1.0000,-1.0000,-1.0000,-1.0000,-1.0000,-1.0000,-1.0000,-1.0000,-1.0000,-1.0000,-1.0000,-1.0000,-1.0000,-1.0000,-1.0000,-1.0000,-1.0000,-1.0000,-1.0000,-1.0000,-1.0000,-1.0000,-1.0000,-1.0000,-1.0000,-1.0000,-1.0000,-1.0000,-1.0000,-1.0000,-1.0000,-1.0000,-1.0000,-1.0000,-1.0000,-1.0000,-1.0000,-1.0000,-1.0000,-1.0000,-1.0000,-1.0000,-1.0000,-1.0000,-1.0000,-1.0000,-1.0000,-1.0000,-1.0000,-1.0000,-1.0000,-1.0000,-1.0000,-1.0000,-1.0000,-1.0000,-1.0000,-1.0000,-1.0000,-1.0000,-1.0000,-1.0000,-1.0000,-1.0000,-1.0000,-1.0000,-1.0000,-1.0000,-1.0000,-1.0000,-1.0000,-1.0000,-1.0000,-1.0000,-1.0000,-1.0000,-1.0000,-1.0000,-1.0000,-1.0000,-1.0000,-1.0000,-1.0000,-1.0000,-1.0000,-1.0000,-1.0000,-1.0000,-1.0000,-1.0000,-1.0000,-1.0000,-1.0000,-1.0000,-1.0000,-1.0000,1.7670,1.7472,1.7587,1.7516,1.7590,1.7412,1.1783,1.2539,1.4100,1.3000,1.2118,1.4826,1.3597,1.3491,1.2089,1.4037,1.3092,1.3371,1.4582,1.4173,1.3769,1.3646,1.3135,1.3279,1.3223,1.2248,1.2614,1.2384,1.2161,1.2613,1.1847,1.1107,1.1513,1.1572,1.1039,1.1749,1.1398,1.1739,1.0954,1.1127,1.3388,1.4597,1.4190,1.3787,1.3660,1.3151,1.3300,1.3235,1.2267,1.2634,1.2405,1.2179,1.2627,1.1868,1.1132,1.1536,1.1596,1.1063,1.1770,1.1422,1.1757,1.0975,1.1150,0,1.0000,-3.8126,0.2856,-2.5528
185,0.3700,-0.0802,0.0059,0.0615,-1.2993,0.0937,0.3293,0.0656,0.1966,0.0001,1.0268,0.9999,0.0002,0.0130,0.0002,0.0001,-0.0188,-0.0005,-0.0085,0.0011,-0.0022,-0.0001,-0.0187,-0.0007,-0.0084,0.0009,-0.0006,-0.0000,0.0195,0.0002,0.0001,0.0278,0.0042,0.0023,0.0000,0.0196,-0.0001,-0.0001,0.0278,0.0042,0.0019,-0.0000,0.0480,0.0013,0.0060,0.0383,0.0040,0.0043,-0.0025,0.0439,-0.0591,0.0173,-0.0295,0.2405,-0.0046,0.0502,-0.0591,0.0182,-0.1139,0.2420,-0.0068,-0.0502,-0.0139,-0.0199,0.0035,0.0149,-0.0133,0.0001,-0.0598,0.0430,0.0067,-0.0258,0.0145,-0.0152,-0.0003,-1.0000,-1.0000,-1.0000,-1.0000,-1.0000,-1.0000,-1.0000,-1.0000,-1.0000,-1.0000,-1.0000,-1.0000,-1.0000,-1.0000,-1.0000,-1.0000,-1.0000,-1.0000,-1.0000,-1.0000,-1.0000,-1.0000,-1.0000,-1.0000,-1.0000,-1.0000,-1.0000,-1.0000,-1.0000,-1.0000,-1.0000,-1.0000,-1.0000,-1.0000,-1.0000,-1.0000,-1.0000,-1.0000,-1.0000,-1.0000,-1.0000,-1.0000,-1.0000,-1.0000,-1.0000,-1.0000,-1.0000,-1.0000,-1.0000,-1.0000,-1.0000,-1.0000,-1.0000,-1.0000,-1.0000,-1.0000,-1.0000,-1.0000,-1.0000,-1.0000,-1.0000,-1.0000,-1.0000,-1.0000,-1.0000,-1.0000,-1.0000,-1.0000,-1.0000,-1.0000,-1.0000,-1.0000,-1.0000,-1.0000,-1.0000,-1.0000,-1.0000,-1.0000,-1.0000,-1.0000,-1.0000,-1.0000,-1.0000,-1.0000,-1.0000,-1.0000,-1.0000,-1.0000,-1.0000,-1.0000,-1.0000,-1.0000,-1.0000,-1.0000,-1.0000,-1.0000,-1.0000,-1.0000,-1.0000,-1.0000,-1.0000,-1.0000,-1.0000,-1.0000,-1.0000,-1.0000,-1.0000,-1.0000,-1.0000,-1.0000,-1.0000,-1.0000,-1.0000,-1.0000,-1.0000,-1.0000,-1.0000,-1.0000,-1.0000,-1.0000,-1.0000,1.7669,1.7472,1.7586,1.7514,1.7589,1.7411,1.1781,1.2540,1.4101,1.2998,1.2120,1.4825,1.3594,1.3492,1.2087,1.4034,1.3093,1.3371,1.4582,1.4173,1.3769,1.3646,1.3132,1.3278,1.3222,1.2249,1.2612,1.2383,1.2159,1.2612,1.1846,1.1107,1.1516,1.1573,1.1040,1.1751,1.1398,1.1740,1.0956,1.1128,1.3389,1.4597,1.4190,1.3787,1.3660,1.3149,1.3299,1.3235,1.2268,1.2633,1.2405,1.2178,1.2626,1.1868,1.1133,1.1539,1.1597,1.1065,1.1773,1.1422,1.1759,1.0978,1.1152,0,1.0000,-3.8126,0.2856,-2.5528
185,0.3700,-0.0802,0.0059,0.0615,-1.2993,0.0937,0.3293,0.0656,0.1966,0.0001,1.0268,0.9999,0.0002,0.0130,0.0002,0.0001,-0.0188,-0.0005,-0.0085,0.0011,-0.0022,-0.0001,-0.0187,-0.0007,-0.0084,0.0009,-0.0006,-0.0000,0.0195,0.0002,0.0001,0.0278,0.0042,0.0023,0.0000,0.0196,-0.0001,-0.0001,0.0278,0.0042,0.0019,-0.0000,0.0480,0.0013,0.0060,0.0383,0.0040,0.0043,-0.0025,0.0439,-0.0591,0.0173,-0.0295,0.2405,-0.0046,0.0502,-0.0591,0.0182,-0.1139,0.2420,-0.0068,-0.0502,-0.0139,-0.0199,0.0035,0.0149,-0.0133,0.0001,-0.0598,0.0430,0.0067,-0.0258,0.0145,-0.0152,-0.0003,-1.0000,-1.0000,-1.0000,-1.0000,-1.0000,-1.0000,-1.0000,-1.0000,-1.0000,-1.0000,-1.0000,-1.0000,-1.0000,-1.0000,-1.0000,-1.0000,-1.0000,-1.0000,-1.0000,-1.0000,-1.0000,-1.0000,-1.0000,-1.0000,-1.0000,-1.0000,-1.0000,-1.0000,-1.0000,-1.0000,-1.0000,-1.0000,-1.0000,-1.0000,-1.0000,-1.0000,-1.0000,-1.0000,-1.0000,-1.0000,-1.0000,-1.0000,-1.0000,-1.0000,-1.0000,-1.0000,-1.0000,-1.0000,-1.0000,-1.0000,-1.0000,-1.0000,-1.0000,-1.0000,-1.0000,-1.0000,-1.0000,-1.0000,-1.0000,-1.0000,-1.0000,-1.0000,-1.0000,-1.0000,-1.0000,-1.0000,-1.0000,-1.0000,-1.0000,-1.0000,-1.0000,-1.0000,-1.0000,-1.0000,-1.0000,-1.0000,-1.0000,-1.0000,-1.0000,-1.0000,-1.0000,-1.0000,-1.0000,-1.0000,-1.0000,-1.0000,-1.0000,-1.0000,-1.0000,-1.0000,-1.0000,-1.0000,-1.0000,-1.0000,-1.0000,-1.0000,-1.0000,-1.0000,-1.0000,-1.0000,-1.0000,-1.0000,-1.0000,-1.0000,-1.0000,-1.0000,-1.0000,-1.0000,-1.0000,-1.0000,-1.0000,-1.0000,-1.0000,-1.0000,-1.0000,-1.0000,-1.0000,-1.0000,-1.0000,-1.0000,-1.0000,1.7669,1.7472,1.7586,1.7514,1.7589,1.7411,1.1781,1.2540,1.4101,1.2998,1.2120,1.4825,1.3594,1.3492,1.2087,1.4034,1.3093,1.3371,1.4582,1.4173,1.3769,1.3646,1.3132,1.3278,1.3222,1.2249,1.2612,1.2383,1.2159,1.2612,1.1846,1.1107,1.1516,1.1573,1.1040,1.1751,1.1398,1.1740,1.0956,1.1128,1.3389,1.4597,1.4190,1.3787,1.3660,1.3149,1.3299,1.3235,1.2268,1.2633,1.2405,1.2178,1.2626,1.1868,1.1133,1.1539,1.1597,1.1065,1.1773,1.1422,1.1759,1.0978,1.1152,0,1.0000,-3.8126,0.2856,-2.5528
186,0.3720,-0.0828,0.0061,0.0621,-1.3027,0.0937,0.3131,0.0656,0.1967,0.0001,1.0268,0.9999,0.0002,0.0130,0.0002,0.0001,-0.0187,-0.0006,-0.0084,0.0011,-0.0017,-0.0001,-0.0186,-0.0008,-0.0083,0.0008,-0.0001,-0.0000,0.0194,0.0002,0.0000,0.0278,0.0042,0.0022,0.0000,0.0195,-0.0000,-0.0001,0.0278,0.0042,0.0019,-0.0000,0.0485,0.0008,0.0075,0.0308,0.0046,0.0035,-0.0021,0.0433,-0.0497,0.0182,-0.0285,0.2417,-0.0043,0.0483,-0.0498,0.0190,-0.0942,0.2447,-0.0051,-0.0454,-0.0168,-0.0185,0.0033,0.0149,-0.0128,0.0001,-0.0528,0.0407,0.0082,-0.0198,0.0146,-0.0137,-0.0003,-1.0000,-1.0000,-1.0000,-1.0000,-1.0000,-1.0000,-1.0000,-1.0000,-1.0000,-1.0000,-1.0000,-1.0000,-1.0000,-1.0000,-1.0000,-1.0000,-1.0000,-1.0000,-1.0000,-1.0000,-1.0000,-1.0000,-1.0000,-1.0000,-1.0000,-1.0000,-1.0000,-1.0000,-1.0000,-1.0000,-1.0000,-1.0000,-1.0000,-1.0000,-1.0000,-1.0000,-1.0000,-1.0000,-1.0000,-1.0000,-1.0000,-1.0000,-1.0000,-1.0000,-1.0000,-1.0000,-1.0000,-1.0000,-1.0000,-1.0000,-1.0000,-1.0000,-1.0000,-1.0000,-1.0000,-1.0000,-1.0000,-1.0000,-1.0000,-1.0000,-1.0000,-1.0000,-1.0000,-1.0000,-1.0000,-1.0000,-1.0000,-1.0000,-1.0000,-1.0000,-1.0000,-1.0000,-1.0000,-1.0000,-1.0000,-1.0000,-1.0000,-1.0000,-1.0000,-1.0000,-1.0000,-1.0000,-1.0000,-1.0000,-1.0000,-1.0000,-1.0000,-1.0000,-1.0000,-1.0000,-1.0000,-1.0000,-1.0000,-1.0000,-1.0000,-1.0000,-1.0000,-1.0000,-1.0000,-1.0000,-1.0000,-1.0000,-1.0000,-1.0000,-1.0000,-1.0000,-1.0000,-1.0000,-1.0000,-1.0000,-1.0000,-1.0000,-1.0000,-1.0000,-1.0000,-1.0000,-1.0000,-1.0000,-1.0000,-1.0000,-1.0000,1.7668,1.7472,1.7585,1.7512,1.7588,1.7410,1.1779,1.2542,1.4101,1.2996,1.2121,1.4824,1.3592,1.3493,1.2085,1.4032,1.3094,1.3371,1.4582,1.4173,1.3770,1.3646,1.3130,1.3277,1.3222,1.2250,1.2611,1.2383,1.2158,1.2612,1.1845,1.1108,1.1518,1.1574,1.1041,1.1754,1.1398,1.1743,1.0959,1.1131,1.3389,1.4598,1.4190,1.3788,1.3660,1.3148,1.3299,1.3235,1.2269,1.2632,1.2405,1.2177,1.2626,1.1867,1.1133,1.1542,1.1598,1.1066,1.1776,1.1423,1.1762,1.0981,1.1155,0,1.0000,-3.8126,0.2856,-2.5528
186,0.3720,-0.0828,0.0061,0.0621,-1.3027,0.0937,0.3131,0.0656,0.1967,0.0001,1.0268,0.9999,0.0002,0.0130,0.0002,0.0001,-0.0187,-0.0006,-0.0084,0.0011,-0.0017,-0.0001,-0.0186,-0.0008,-0.0083,0.0008,-0.0001,-0.0000,0.0194,0.0002,0.0000,0.0278,0.0042,0.0022,0.0000,0.0195,-0.0000,-0.0001,0.0278,0.0042,0.0019,-0.0000,0.0485,0.0008,0.0075,0.0308,0.0046,0.0035,-0.0021,0.0433,-0.0497,0.0182,-0.0285,0.2417,-0.0043,0.0483,-0.0498,0.0190,-0.0942,0.2447,-0.0051,-0.0454,-0.0168,-0.0185,0.0033,0.0149,-0.0128,0.0001,-0.0528,0.0407,0.0082,-0.0198,0.0146,-0.0137,-0.0003,-1.0000,-1.0000,-1.0000,-1.0000,-1.0000,-1.0000,-1.0000,-1.0000,-1.0000,-1.0000,-1.0000,-1.0000,-1.0000,-1.0000,-1.0000,-1.0000,-1.0000,-1.0000,-1.0000,-1.0000,-1.0000,-1.0000,-1.0000,-1.0000,-1.0000,-1.0000,-1.0000,-1.0000,-1.0000,-1.0000,-1.0000,-1.0000,-1.0000,-1.0000,-1.0000,-1.0000,-1.0000,-1.0000,-1.0000,-1.0000,-1.0000,-1.0000,-1.0000,-1.0000,-1.0000,-1.0000,-1.0000,-1.0000,-1.0000,-1.0000,-1.0000,-1.0000,-1.0000,-1.0000,-1.0000,-1.0000,-1.0000,-1.0000,-1.0000,-1.0000,-1.0000,-1.0000,-1.0000,-1.0000,-1.0000,-1.0000,-1.0000,-1.0000,-1.0000,-1.0000,-1.0000,-1.0000,-1.0000,-1.0000,-1.0000,-1.0000,-1.0000,-1.0000,-1.0000,-1.0000,-1.0000,-1.0000,-1.0000,-1.0000,-1.0000,-1.0000,-1.0000,-1.0000,-1.0000,-1.0000,-1.0000,-1.0000,-1.0000,-1.0000,-1.0000,-1.0000,-1.0000,-1.0000,-1.0000,-1.0000,-1.0000,-1.0000,-1.0000,-1.0000,-1.0000,-1.0000,-1.0000,-1.0000,-1.0000,-1.0000,-1.0000,-1.0000,-1.0000,-1.0000,-1.0000,-1.0000,-1.0000,-1.0000,-1.0000,-1.0000,-1.0000,1.7668,1.7472,1.7585,1.7512,1.7588,1.7410,1.1779,1.2542,1.4101,1.2996,1.2121,1.4824,1.3592,1.3493,1.2085,1.4032,1.3094,1.3371,1.4582,1.4173,1.3770,1.3646,1.3130,1.3277,1.3222,1.2250,1.2611,1.2383,1.2158,1.2612,1.1845,1.1108,1.1518,1.1574,1.1041,1.1754,1.1398,1.1743,1.0959,1.1131,1.3389,1.4598,1.4190,1.3788,1.3660,1.3148,1.3299,1.3235,1.2269,1.2632,1.2405,1.2177,1.2626,1.1867,1.1133,1.1542,1.1598,1.1066,1.1776,1.1423,1.1762,1.0981,1.1155,0,1.0000,-3.8126,0.2856,-2.5528
187,0.3740,-0.0854,0.0063,0.0627,-1.3062,0.0937,0.2970,0.0656,0.1968,0.0001,1.0268,0.9999,0.0003,0.0130,0.0002,0.0001,-0.0186,-0.0008,-0.0084,0.0010,-0.0009,-0.0001,-0.0185,-0.0009,-0.0083,0.0009,0.0004,-0.0001,0.0193,0.0001,-0.0000,0.0278,0.0042,0.0022,0.0000,0.0194,0.0001,-0.0001,0.0277,0.0043,0.0019,-0.0000,0.0491,0.0009,-0.0004,0.0370,0.0022,0.0038,-0.0025,0.0482,-0.0646,0.0179,-0.0455,0.3942,-0.0051,0.0300,-0.0558,0.0362,0.0854,0.2132,-0.0058,-0.0431,-0.0143,-0.0186,-0.0075,0.0148,-0.0126,0.0000,-0.0522,0.0430,0.0077,-0.0339,0.0145,-0.0129,-0.0003,-1.0000,-1.0000,-1.0000,-1.0000,-1.0000,-1.0000,-1.0000,-1.0000,-1.0000,-1.0000,-1.0000,-1.0000,-1.0000,-1.0000,-1.0000,-1.0000,-1.0000,-1.0000,-1.0000,-1.0000,-1.0000,-1.0000,-1.0000,-1.0000,-1.0000,-1.0000,-1.0000,-1.0000,-1.0000,-1.0000,-1.0000,-1.0000,-1.0000,-1.0000,-1.0000,-1.0000,-1.0000,-1.0000,-1.0000,-1.0000,-1.0000,-1.0000,-1.0000,-1.0000,-1.0000,-1.0000,-1.0000,-1.0000,-1.0000,-1.0000,-1.0000,-1.0000,-1.0000,-1.0000,-1.0000,-1.0000,-1.0000,-1.0000,-1.0000,-1.0000,-1.0000,-1.0000,-1.0000,-1.0000,-1.0000,-1.0000,-1.0000,-1.0000,-1.0000,-1.0000,-1.0000,-1.0000,-1.0000,-1.0000,-1.0000,-1.0000,-1.0000,-1.0000,-1.0000,-1.0000,-1.0000,-1.0000,-1.0000,-1.0000,-1.0000,-1.0000,-1.0000,-1.0000,-1.0000,-1.0000,-1.0000,-1.0000,-1.0000,-1.0000,-1.0000,-1.0000,-1.0000,-1.0000,-1.0000,-1.0000,-1.0000,-1.0000,-1.0000,-1.0000,-1.0000,-1.0000,-1.0000,-1.0000,-1.0000,-1.0000,-1.0000,-1.0000,-1.0000,-1.0000,-1.0000,-1.0000,-1.0000,-1.0000,-1.0000,-1.0000,-1.0000,1.7667,1.7472,1.7584,1.7511,1.7588,1.7410,1.1777,1.2544,1.4103,1.2994,1.2124,1.4824,1.3590,1.3495,1.2084,1.4030,1.3096,1.3372,1.4583,1.4173,1.3770,1.3647,1.3129,1.3276,1.3222,1.2251,1.2610,1.2383,1.2156,1.2611,1.1845,1.1108,1.1521,1.1575,1.1043,1.1757,1.1398,1.1746,1.0962,1.1133,1.3391,1.4599,1.4191,1.3789,1.3661,1.3146,1.3299,1.3236,1.2270,1.2632,1.2406,1.2176,1.2626,1.1867,1.1134,1.1546,1.1600,1.1068,1.1779,1.1424,1.1765,1.0985,1.1158,0,1.0000,-3.8126,0.2856,-2.5528
188,0.3760,-0.0881,0.0065,0.0633,-1.3099,0.0937,0.2811,0.0656,0.1969,0.0001,1.0268,0.9999,0.0003,0.0130,0.0002,0.0001,-0.0185,-0.0009,-0.0084,0.0009,0.0001,-0.0001,-0.0184,-0.0010,-0.0082,0.0010,0.0004,-0.0001,0.0192,0.0001,-0.0001,0.0277,0.0043,0.0022,0.0000,0.0193,0.0001,-0.0001,0.0276,0.0043,0.0019,-0.0000,0.0495,0.0003,-0.0039,0.0263,0.0019,0.0030,-0.0031,0.0499,-0.0568,0.0187,-0.0591,0.5102,-0.0030,0.0374,-0.0328,0.0315,0.0289,0.0123,-0.0037,-0.0410,-0.0184,-0.0166,-0.0166,0.0148,-0.0125,0.0000,-0.0470,0.0391,0.0094,-0.0345,0.0146,-0.0116,-0.0003,-1.0000,-1.0000,-1.0000,-1.0000,-1.0000,-1.0000,-1.0000,-1.0000,-1.0000,-1.0000,-1.0000,-1.0000,-1.0000,-1.0000,-1.0000,-1.0000,-1.0000,-1.0000,-1.0000,-1.0000,-1.0000,-1.0000,-1.0000,-1.0000,-1.0000,-1.0000,-1.0000,-1.0000,-1.0000,-1.0000,-1.0000,-1.0000,-1.0000,-1.0000,-1.0000,-1.0000,-1.0000,-1.0000,-1.0000,-1.0000,-1.0000,-1.0000,-1.0000,-1.0000,-1.0000,-1.0000,-1.0000,-1.0000,-1.0000,-1.0000,-1.0000,-1.0000,-1.0000,-1.0000,-1.0000,-1.0000,-1.0000,-1.0000,-1.0000,-1.0000,-1.0000,-1.0000,-1.0000,-1.0000,-1.0000,-1.0000,-1.0000,-1.0000,-1.0000,-1.0000,-1.0000,-1.0000,-1.0000,-1.0000,-1.0000,-1.0000,-1.0000,-1.0000,-1.0000,-1.0000,-1.0000,-1.0000,-1.0000,-1.0000,-1.0000,-1.0000,-1.0000,-1.0000,-1.0000,-1.0000,-1.0000,-1.0000,-1.0000,-1.0000,-1.0000,-1.0000,-1.0000,-1.0000,-1.0000,-1.0000,-1.0000,-1.0000,-1.0000,-1.0000,-1.0000,-1.0000,-1.0000,-1.0000,-1.0000,-1.0000,-1.0000,-1.0000,-1.0000,-1.0000,-1.0000,-1.0000,-1.0000,-1.0000,-1.0000,-1.0000,-1.0000,1.7667,1.7473,1.7583,1.7510,1.7589,1.7409,1.1776,1.2546,1.4104,1.2992,1.2126,1.4824,1.3588,1.3496,1.2082,1.4028,1.3097,1.3373,1.4583,1.4174,1.3771,1.3647,1.3128,1.3276,1.3223,1.2252,1.2609,1.2384,1.2156,1.2611,1.1845,1.1109,1.1525,1.1577,1.1044,1.1760,1.1399,1.1749,1.0965,1.1136,1.3392,1.4600,1.4192,1.3790,1.3663,1.3146,1.3299,1.3237,1.2272,1.2631,1.2407,1.2176,1.2626,1.1868,1.1136,1.1550,1.1602,1.1071,1.1783,1.1425,1.1769,1.0989,1.1162,0,1.0000,-3.8126,0.2856,-2.5528
188,0.3760,-0.0881,0.0065,0.0633,-1.3099,0.0937,0.2811,0.0656,0.1969,0.0001,1.0268,0.9999,0.0003,0.0130,0.0002,0.0001,-0.0185,-0.0009,-0.0084,0.0009,0.0001,-0.0001,-0.0184,-0.0010,-0.0082,0.0010,0.0004,-0.0001,0.0192,0.0001,-0.0001,0.0277,0.0043,0.0022,0.0000,0.0193,0.0001,-0.0001,0.0276,0.0043,0.0019,-0.0000,0.0495,0.0003,-0.0039,0.0263,0.0019,0.0030,-0.0031,0.0499,-0.0568,0.0187,-0.0591,0.5102,-0.0030,0.0374,-0.0328,0.0315,0.0289,0.0123,-0.0037,-0.0410,-0.0184,-0.0166,-0.0166,0.0148,-0.0125,0.0000,-0.0470,0.0391,0.0094,-0.0345,0.0146,-0.0116,-0.0003,-1.0000,-1.0000,-1.0000,-1.0000,-1.0000,-1.0000,-1.0000,-1.0000,-1.0000,-1.0000,-1.0000,-1.0000,-1.0000,-1.0000,-1.0000,-1.0000,-1.0000,-1.0000,-1.0000,-1.0000,-1.0000,-1.0000,-1.0000,-1.0000,-1.0000,-1.0000,-1.0000,-1.0000,-1.0000,-1.0000,-1.0000,-1.0000,-1.0000,-1.0000,-1.0000,-1.0000,-1.0000,-1.0000,-1.0000,-1.0000,-1.0000,-1.0000,-1.0000,-1.0000,-1.0000,-1.0000,-1.0000,-1.0000,-1.0000,-1.0000,-1.0000,-1.0000,-1.0000,-1.0000,-1.0000,-1.0000,-1.0000,-1.0000,-1.0000,-1.0000,-1.0000,-1.0000,-1.0000,-1.0000,-1.0000,-1.0000,-1.0000,-1.0000,-1.0000,-1.0000,-1.0000,-1.0000,-1.0000,-1.0000,-1.0000,-1.0000,-1.0000,-1.0000,-1.0000,-1.0000,-1.0000,-1.0000,-1.0000,-1.0000,-1.0000,-1.0000,-1.0000,-1.0000,-1.0000,-1.0000,-1.0000,-1.0000,-1.0000,-1.0000,-1.0000,-1.0000,-1.0000,-1.0000,-1.0000,-1.0000,-1.0000,-1.0000,-1.0000,-1.0000,-1.0000,-1.0000,-1.0000,-1.0000,-1.0000,-1.0000,-1.0000,-1.0000,-1.0000,-1.0000,-1.0000,-1.0000,-1.0000,-1.0000,-1.0000,-1.0000,-1.0000,1.7667,1.7473,1.7583,1.7510,1.7589,1.7409,1.1776,1.2546,1.4104,1.2992,1.2126,1.4824,1.3588,1.3496,1.2082,1.4028,1.3097,1.3373,1.4583,1.4174,1.3771,1.3647,1.3128,1.3276,1.3223,1.2252,1.2609,1.2384,1.2156,1.2611,1.1845,1.1109,1.1525,1.1577,1.1044,1.1760,1.1399,1.1749,1.0965,1.1136,1.3392,1.4600,1.4192,1.3790,1.3663,1.3146,1.3299,1.3237,1.2272,1.2631,1.2407,1.2176,1.2626,1.1868,1.1136,1.1550,1.1602,1.1071,1.1783,1.1425,1.1769,1.0989,1.1162,0,1.0000,-3.8126,0.2856,-2.5528
189,0.3780,-0.0907,0.0067,0.0638,-1.3137,0.0937,0.2652,0.0656,0.1970,0.0001,1.0268,0.9999,0.0003,0.0130,0.0002,0.0001,-0.0184,-0.0010,-0.0083,0.0007,0.0009,-0.0001,-0.0183,-0.0010,-0.0082,0.0010,0.0001,-0.0001,0.0191,0.0001,-0.0001,0.0277,0.0043,0.0022,0.0000,0.0192,0.0002,-0.0000,0.0276,0.0043,0.0018,-0.0000,0.0501,0.0008,-0.0039,0.0314,0.0024,0.0034,-0.0025,0.0509,-0.0595,0.0181,-0.0693,0.4243,-0.0019,0.0425,-0.0315,0.0281,-0.0167,-0.1534,-0.0044,-0.0353,-0.0178,-0.0169,-0.0143,0.0148,-0.0119,0.0000,-0.0426,0.0400,0.0090,-0.0350,0.0145,-0.0104,-0.0003,-1.0000,-1.0000,-1.0000,-1.0000,-1.0000,-1.0000,-1.0000,-1.0000,-1.0000,-1.0000,-1.0000,-1.0000,-1.0000,-1.0000,-1.0000,-1.0000,-1.0000,-1.0000,-1.0000,-1.0000,-1.0000,-1.0000,-1.0000,-1.0000,-1.0000,-1.0000,-1.0000,-1.0000,-1.0000,-1.0000,-1.0000,-1.0000,-1.0000,-1.0000,-1.0000,-1.0000,-1.0000,-1.0000,-1.0000,-1.0000,-1.0000,-1.0000,-1.0000,-1.0000,-1.0000,-1.0000,-1.0000,-1.0000,-1.0000,-1.0000,-1.0000,-1.0000,-1.0000,-1.0000,-1.0000,-1.0000,-1.0000,-1.0000,-1.0000,-1.0000,-1.0000,-1.0000,-1.0000,-1.0000,-1.0000,-1.0000,-1.0000,-1.0000,-1.0000,-1.0000,-1.0000,-1.0000,-1.0000,-1.0000,-1.0000,-1.0000,-1.0000,-1.0000,-1.0000,-1.0000,-1.0000,-1.0000,-1.0000,-1.0000,-1.0000,-1.0000,-1.0000,-1.0000,-1.0000,-1.0000,-1.0000,-1.0000,-1.0000,-1.0000,-1.0000,-1.0000,-1.0000,-1.0000,-1.0000,-1.0000,-1.0000,-1.0000,-1.0000,-1.0000,-1.0000,-1.0000,-1.0000,-1.0000,-1.0000,-1.0000,-1.0000,-1.0000,-1.0000,-1.0000,-1.0000,-1.0000,-1.0000,-1.0000,-1.0000,-1.0000,-1.0000,1.7667,1.7474,1.7583,1.7509,1.7589,1.7409,1.1775,1.2549,1.4106,1.2991,1.2129,1.4824,1.3587,1.3499,1.2081,1.4027,1.3100,1.3375,1.4584,1.4175,1.3772,1.3649,1.3127,1.3276,1.3224,1.2254,1.2609,1.2385,1.2155,1.2612,1.1845,1.1110,1.1528,1.1579,1.1047,1.1763,1.1400,1.1752,1.0969,1.1139,1.3394,1.4601,1.4194,1.3792,1.3664,1.3145,1.3299,1.3238,1.2274,1.2632,1.2408,1.2176,1.2627,1.1868,1.1138,1.1554,1.1605,1.1074,1.1787,1.1426,1.1773,1.0993,1.1165,0,1.0000,-3.8126,0.2856,-2.5528
189,0.3780,-0.0907,0.0067,0.0638,-1.3137,0.0937,0.2652,0.0656,0.1970,0.0001,1.0268,0.9999,0.0003,0.0130,0.0002,0.0001,-0.0184,-0.0010,-0.0083,0.0007,0.0009,-0.0001,-0.0183,-0.0010,-0.0082,0.0010,0.0001,-0.0001,0.0191,0.0001,-0.0001,0.0277,0.0043,0.0022,0.0000,0.0192,0.0002,-0.0000,0.0276,0.0043,0.0018,-0.0000,0.0501,0.0008,-0.0039,0.0314,0.0024,0.0034,-0.0025,0.0509,-0.0595,0.0181,-0.0693,0.4243,-0.0019,0.0425,-0.0315,0.0281,-0.0167,-0.1534,-0.0044,-0.0353,-0.0178,-0.0169,-0.0143,0.0148,-0.0119,0.0000,-0.0426,0.0400,0.0090,-0.0350,0.0145,-0.0104,-0.0003,-1.0000,-1.0000,-1.0000,-1.0000,-1.0000,-1.0000,-1.0000,-1.0000,-1.0000,-1.0000,-1.0000,-1.0000,-1.0000,-1.0000,-1.0000,-1.0000,-1.0000,-1.0000,-1.0000,-1.0000,-1.0000,-1.0000,-1.0000,-1.0000,-1.0000,-1.0000,-1.0000,-1.0000,-1.0000,-1.0000,-1.0000,-1.0000,-1.0000,-1.0000,-1.0000,-1.0000,-1.0000,-1.0000,-1.0000,-1.0000,-1.0000,-1.0000,-1.0000,-1.0000,-1.0000,-1.0000,-1.0000,-1.0000,-1.0000,-1.0000,-1.0000,-1.0000,-1.0000,-1.0000,-1.0000,-1.0000,-1.0000,-1.0000,-1.0000,-1.0000,-1.0000,-1.0000,-1.0000,-1.0000,-1.0000,-1.0000,-1.0000,-1.0000,-1.0000,-1.0000,-1.0000,-1.0000,-1.0000,-1.0000,-1.0000,-1.0000,-1.0000,-1.0000,-1.0000,-1.0000,-1.0000,-1.0000,-1.0000,-1.0000,-1.0000,-1.0000,-1.0000,-1.0000,-1.0000,-1.0000,-1.0000,-1.0000,-1.0000,-1.0000,-1.0000,-1.0000,-1.0000,-1.0000,-1.0000,-1.0000,-1.0000,-1.0000,-1.0000,-1.0000,-1.0000,-1.0000,-1.0000,-1.0000,-1.0000,-1.0000,-1.0000,-1.0000,-1.0000,-1.0000,-1.0000,-1.0000,-1.0000,-1.0000,-1.0000,-1.0000,-1.0000,1.7667,1.7474,1.7583,1.7509,1.7589,1.7409,1.1775,1.2549,1.4106,1.2991,1.2129,1.4824,1.3587,1.3499,1.2081,1.4027,1.3100,1.3375,1.4584,1.4175,1.3772,1.3649,1.3127,1.3276,1.3224,1.2254,1.2609,1.2385,1.2155,1.2612,1.1845,1.1110,1.1528,1.1579,1.1047,1.1763,1.1400,1.1752,1.0969,1.1139,1.3394,1.4601,1.4194,1.3792,1.3664,1.3145,1.3299,1.3238,1.2274,1.2632,1.2408,1.2176,1.2627,1.1868,1.1138,1.1554,1.1605,1.1074,1.1787,1.1426,1.1773,1.0993,1.1165,0,1.0000,-3.8126,0.2856,-2.5528
190,0.3800,-0.0933,0.0069,0.0643,-1.3177,0.0937,0.2496,0.0656,0.1971,0.0001,1.0268,0.9999,0.0004,0.0130,0.0002,0.0001,-0.0183,-0.0011,-0.0083,0.0006,0.0014,-0.0002,-0.0182,-0.0011,-0.0081,0.0008,-0.0004,-0.0001,0.0191,0.0000,-0.0001,0.0277,0.0043,0.0021,0.0000,0.0191,0.0003,-0.0000,0.0275,0.0044,0.0018,-0.0001,0.0506,0.0007,-0.0045,0.0230,0.0028,0.0028,-0.0007,0.0514,-0.0399,0.0187,-0.0795,0.2256,-0.0013,0.0497,-0.0163,0.0225,-0.0760,-0.2551,-0.0028,-0.0316,-0.0220,-0.0154,-0.0176,0.0148,-0.0115,0.0000,-0.0365,0.0360,0.0104,-0.0315,0.0146,-0.0091,-0.0002,-1.0000,-1.0000,-1.0000,-1.0000,-1.0000,-1.0000,-1.0000,-1.0000,-1.0000,-1.0000,-1.0000,-1.0000,-1.0000,-1.0000,-1.0000,-1.0000,-1.0000,-1.0000,-1.0000,-1.0000,-1.0000,-1.0000,-1.0000,-1.0000,-1.0000,-1.0000,-1.0000,-1.0000,-1.0000,-1.0000,-1.0000,-1.0000,-1.0000,-1.0000,-1.0000,-1.0000,-1.0000,-1.0000,-1.0000,-1.0000,-1.0000,-1.0000,-1.0000,-1.0000,-1.0000,-1.0000,-1.0000,-1.0000,-1.0000,-1.0000,-1.0000,-1.0000,-1.0000,-1.0000,-1.0000,-1.0000,-1.0000,-1.0000,-1.0000,-1.0000,-1.0000,-1.0000,-1.0000,-1.0000,-1.0000,-1.0000,-1.0000,-1.0000,-1.0000,-1.0000,-1.0000,-1.0000,-1.0000,-1.0000,-1.0000,-1.0000,-1.0000,-1.0000,-1.0000,-1.0000,-1.0000,-1.0000,-1.0000,-1.0000,-1.0000,-1.0000,-1.0000,-1.0000,-1.0000,-1.0000,-1.0000,-1.0000,-1.0000,-1.0000,-1.0000,-1.0000,-1.0000,-1.0000,-1.0000,-1.0000,-1.0000,-1.0000,-1.0000,-1.0000,-1.0000,-1.0000,-1.0000,-1.0000,-1.0000,-1.0000,-1.0000,-1.0000,-1.0000,-1.0000,-1.0000,-1.0000,-1.0000,-1.0000,-1.0000,-1.0000,-1.0000,1.7667,1.7476,1.7583,1.7508,1.7590,1.7410,1.1775,1.2552,1.4108,1.2990,1.2132,1.4824,1.3586,1.3501,1.2081,1.4026,1.3102,1.3376,1.4585,1.4177,1.3774,1.3650,1.3126,1.3276,1.3225,1.2256,1.2609,1.2386,1.2155,1.2612,1.1845,1.1112,1.1532,1.1581,1.1049,1.1767,1.1401,1.1756,1.0973,1.1143,1.3396,1.4603,1.4196,1.3794,1.3666,1.3145,1.3300,1.3240,1.2277,1.2632,1.2410,1.2176,1.2628,1.1869,1.1140,1.1559,1.1608,1.1077,1.1791,1.1428,1.1777,1.0997,1.1169,0,1.0000,-3.8126,0.2856,-2.5528
191,0.3820,-0.0960,0.0071,0.0648,-1.3218,0.0937,0.2341,0.0656,0.1972,0.0001,1.0268,0.9999,0.0004,0.0131,0.0002,0.0001,-0.0182,-0.0011,-0.0082,0.0004,0.0015,-0.0002,-0.0181,-0.0011,-0.0081,0.0005,-0.0011,-0.0001,0.0190,-0.0000,-0.0001,0.0276,0.0044,0.0021,0.0000,0.0190,0.0004,-0.0000,0.0274,0.0044,0.0018,-0.0001,0.0511,0.0007,-0.0054,0.0146,0.0033,0.0021,-0.0001,0.0517,-0.0206,0.0192,-0.0870,0.0393,-0.0005,0.0559,-0.0015,0.0176,-0.1270,-0.3504,-0.0011,-0.0282,-0.0261,-0.0140,-0.0213,0.0149,-0.0111,0.0000,-0.0307,0.0320,0.0116,-0.0286,0.0147,-0.0078,-0.0002,-1.0000,-1.0000,-1.0000,-1.0000,-1.0000,-1.0000,-1.0000,-1.0000,-1.0000,-1.0000,-1.0000,-1.0000,-1.0000,-1.0000,-1.0000,-1.0000,-1.0000,-1.0000,-1.0000,-1.0000,-1.0000,-1.0000,-1.0000,-1.0000,-1.0000,-1.0000,-1.0000,-1.0000,-1.0000,-1.0000,-1.0000,-1.0000,-1.0000,-1.0000,-1.0000,-1.0000,-1.0000,-1.0000,-1.0000,-1.0000,-1.0000,-1.0000,-1.0000,-1.0000,-1.0000,-1.0000,-1.0000,-1.0000,-1.0000,-1.0000,-1.0000,-1.0000,-1.0000,-1.0000,-1.0000,-1.0000,-1.0000,-1.0000,-1.0000,-1.0000,-1.0000,-1.0000,-1.0000,-1.0000,-1.0000,-1.0000,-1.0000,-1.0000,-1.0000,-1.0000,-1.0000,-1.0000,-1.0000,-1.0000,-1.0000,-1.0000,-1.0000,-1.0000,-1.0000,-1.0000,-1.0000,-1.0000,-1.0000,-1.0000,-1.0000,-1.0000,-1.0000,-1.0000,-1.0000,-1.0000,-1.0000,-1.0000,-1.0000,-1.0000,-1.0000,-1.0000,-1.0000,-1.0000,-1.0000,-1.0000,-1.0000,-1.0000,-1.0000,-1.0000,-1.0000,-1.0000,-1.0000,-1.0000,-1.0000,-1.0000,-1.0000,-1.0000,-1.0000,-1.0000,-1.0000,-1.0000,-1.0000,-1.0000,-1.0000,-1.0000,-1.0000,1.7668,1.7477,1.7584,1.7508,1.7591,1.7411,1.1775,1.2555,1.4110,1.2990,1.2136,1.4825,1.3585,1.3504,1.2081,1.4025,1.3105,1.3378,1.4587,1.4179,1.3776,1.3652,1.3126,1.3277,1.3226,1.2258,1.2609,1.2387,1.2155,1.2614,1.1846,1.1114,1.1537,1.1583,1.1052,1.1771,1.1403,1.1760,1.0977,1.1146,1.3399,1.4605,1.4198,1.3796,1.3668,1.3145,1.3301,1.3242,1.2280,1.2633,1.2412,1.2177,1.2629,1.1871,1.1142,1.1564,1.1611,1.1080,1.1796,1.1431,1.1781,1.1002,1.1174,0,1.0000,-3.8126,0.2856,-2.5528
191,0.3820,-0.0960,0.0071,0.0648,-1.3218,0.0937,0.2341,0.0656,0.1972,0.0001,1.0268,0.9999,0.0004,0.0131,0.0002,0.0001,-0.0182,-0.0011,-0.0082,0.0004,0.0015,-0.0002,-0.0181,-0.0011,-0.0081,0.0005,-0.0011,-0.0001,0.0190,-0.0000,-0.0001,0.0276,0.0044,0.0021,0.0000,0.0190,0.0004,-0.0000,0.0274,0.0044,0.0018,-0.0001,0.0511,0.0007,-0.0054,0.0146,0.0033,0.0021,-0.0001,0.0517,-0.0206,0.0192,-0.0870,0.0393,-0.0005,0.0559,-0.0015,0.0176,-0.1270,-0.3504,-0.0011,-0.0282,-0.0261,-0.0140,-0.0213,0.0149,-0.0111,0.0000,-0.0307,0.0320,0.0116,-0.0286,0.0147,-0.0078,-0.0002,-1.0000,-1.0000,-1.0000,-1.0000,-1.0000,-1.0000,-1.0000,-1.0000,-1.0000,-1.0000,-1.0000,-1.0000,-1.0000,-1.0000,-1.0000,-1.0000,-1.0000,-1.0000,-1.0000,-1.0000,-1.0000,-1.0000,-1.0000,-1.0000,-1.0000,-1.0000,-1.0000,-1.0000,-1.0000,-1.0000,-1.0000,-1.0000,-1.0000,-1.0000,-1.0000,-1.0000,-1.0000,-1.0000,-1.0000,-1.0000,-1.0000,-1.0000,-1.0000,-1.0000,-1.0000,-1.0000,-1.0000,-1.0000,-1.0000,-1.0000,-1.0000,-1.0000,-1.0000,-1.0000,-1.0000,-1.0000,-1.0000,-1.0000,-1.0000,-1.0000,-1.0000,-1.0000,-1.0000,-1.0000,-1.0000,-1.0000,-1.0000,-1.0000,-1.0000,-1.0000,-1.0000,-1.0000,-1.0000,-1.0000,-1.0000,-1.0000,-1.0000,-1.0000,-1.0000,-1.0000,-1.0000,-1.0000,-1.0000,-1.0000,-1.0000,-1.0000,-1.0000,-1.0000,-1.0000,-1.0000,-1.0000,-1.0000,-1.0000,-1.0000,-1.0000,-1.0000,-1.0000,-1.0000,-1.0000,-1.0000,-1.0000,-1.0000,-1.0000,-1.0000,-1.0000,-1.0000,-1.0000,-1.0000,-1.0000,-1.0000,-1.0000,-1.0000,-1.0000,-1.0000,-1.0000,-1.0000,-1.0000,-1.0000,-1.0000,-1.0000,-1.0000,1.7668,1.7477,1.7584,1.7508,1.7591,1.7411,1.1775,1.2555,1.4110,1.2990,1.2136,1.4825,1.3585,1.3504,1.2081,1.4025,1.3105,1.3378,1.4587,1.4179,1.3776,1.3652,1.3126,1.3277,1.3226,1.2258,1.2609,1.2387,1.2155,1.2614,1.1846,1.1114,1.1537,1.1583,1.1052,1.1771,1.1403,1.1760,1.0977,1.1146,1.3399,1.4605,1.4198,1.3796,1.3668,1.3145,1.3301,1.3242,1.2280,1.2633,1.2412,1.2177,1.2629,1.1871,1.1142,1.1564,1.1611,1.1080,1.1796,1.1431,1.1781,1.1002,1.1174,0,1.0000,-3.8126,0.2856,-2.5528
192,0.3840,-0.0986,0.0072,0.0652,-1.3260,0.0937,0.2187,0.0656,0.1973,0.0001,1.0268,0.9999,0.0004,0.0131,0.0002,0.0001,-0.0181,-0.0011,-0.0082,0.0002,0.0012,-0.0002,-0.0180,-0.0010,-0.0080,0.0002,-0.0019,-0.0001,0.0190,-0.0001,-0.0002,0.0276,0.0044,0.0021,0.0000,0.0190,0.0004,0.0000,0.0274,0.0044,0.0018,-0.0001,0.0516,0.0003,-0.0055,0.0019,0.0040,0.0011,0.0008,0.0516,0.0032,0.0199,-0.0931,-0.1270,-0.0002,0.0609,0.0157,0.0132,-0.1674,-0.3808,0.0013,-0.0250,-0.0313,-0.0122,-0.0250,0.0149,-0.0108,-0.0000,-0.0240,0.0269,0.0133,-0.0230,0.0148,-0.0064,-0.0002,-1.0000,-1.0000,-1.0000,-1.0000,-1.0000,-1.0000,-1.0000,-1.0000,-1.0000,-1.0000,-1.0000,-1.0000,-1.0000,-1.0000,-1.0000,-1.0000,-1.0000,-1.0000,-1.0000,-1.0000,-1.0000,-1.0000,-1.0000,-1.0000,-1.0000,-1.0000,-1.0000,-1.0000,-1.0000,-1.0000,-1.0000,-1.0000,-1.0000,-1.0000,-1.0000,-1.0000,-1.0000,-1.0000,-1.0000,-1.0000,-1.0000,-1.0000,-1.0000,-1.0000,-1.0000,-1.0000,-1.0000,-1.0000,-1.0000,-1.0000,-1.0000,-1.0000,-1.0000,-1.0000,-1.0000,-1.0000,-1.0000,-1.0000,-1.0000,-1.0000,-1.0000,-1.0000,-1.0000,-1.0000,-1.0000,-1.0000,-1.0000,-1.0000,-1.0000,-1.0000,-1.0000,-1.0000,-1.0000,-1.0000,-1.0000,-1.0000,-1.0000,-1.0000,-1.0000,-1.0000,-1.0000,-1.0000,-1.0000,-1.0000,-1.0000,-1.0000,-1.0000,-1.0000,-1.0000,-1.0000,-1.0000,-1.0000,-1.0000,-1.0000,-1.0000,-1.0000,-1.0000,-1.0000,-1.0000,-1.0000,-1.0000,-1.0000,-1.0000,-1.0000,-1.0000,-1.0000,-1.0000,-1.0000,-1.0000,-1.0000,-1.0000,-1.0000,-1.0000,-1.0000,-1.0000,-1.0000,-1.0000,-1.0000,-1.0000,-1.0000,-1.0000,1.7669,1.7479,1.7584,1.7508,1.7593,1.7412,1.1775,1.2559,1.4113,1.2990,1.2140,1.4826,1.3585,1.3507,1.2081,1.4024,1.3109,1.3381,1.4589,1.4181,1.3778,1.3654,1.3126,1.3278,1.3228,1.2261,1.2610,1.2389,1.2156,1.2615,1.1847,1.1116,1.1541,1.1586,1.1055,1.1776,1.1405,1.1764,1.0982,1.1151,1.3402,1.4607,1.4201,1.3799,1.3671,1.3146,1.3303,1.3244,1.2283,1.2634,1.2414,1.2178,1.2631,1.1872,1.1145,1.1569,1.1614,1.1084,1.1801,1.1433,1.1786,1.1007,1.1179,0,1.0000,-3.8126,0.2856,-2.5528
193,0.3860,-0.1013,0.0074,0.0656,-1.3301,0.0937,0.2032,0.0656,0.1974,0.0001,1.0268,0.9999,0.0004,0.0131,0.0002,0.0001,-0.0180,-0.0011,-0.0082,-0.0000,0.0007,-0.0002,-0.0179,-0.0010,-0.0080,-0.0002,-0.0027,-0.0001,0.0189,-0.0002,-0.0002,0.0275,0.0044,0.0021,0.0000,0.0190,0.0005,0.0001,0.0274,0.0045,0.0018,-0.0001,0.0520,-0.0000,-0.0060,-0.0107,0.0046,0.0002,0.0025,0.0514,0.0259,0.0207,-0.0987,-0.2796,-0.0000,0.0652,0.0326,0.0092,-0.2016,-0.4098,0.0034,-0.0220,-0.0365,-0.0104,-0.0290,0.0150,-0.0105,-0.0000,-0.0176,0.0218,0.0148,-0.0181,0.0149,-0.0050,-0.0002,-1.0000,-1.0000,-1.0000,-1.0000,-1.0000,-1.0000,-1.0000,-1.0000,-1.0000,-1.0000,-1.0000,-1.0000,-1.0000,-1.0000,-1.0000,-1.0000,-1.0000,-1.0000,-1.0000,-1.0000,-1.0000,-1.0000,-1.0000,-1.0000,-1.0000,-1.0000,-1.0000,-1.0000,-1.0000,-1.0000,-1.0000,-1.0000,-1.0000,-1.0000,-1.0000,-1.0000,-1.0000,-1.0000,-1.0000,-1.0000,-1.0000,-1.0000,-1.0000,-1.0000,-1.0000,-1.0000,-1.0000,-1.0000,-1.0000,-1.0000,-1.0000,-1.0000,-1.0000,-1.0000,-1.0000,-1.0000,-1.0000,-1.0000,-1.0000,-1.0000,-1.0000,-1.0000,-1.0000,-1.0000,-1.0000,-1.0000,-1.0000,-1.0000,-1.0000,-1.0000,-1.0000,-1.0000,-1.0000,-1.0000,-1.0000,-1.0000,-1.0000,-1.0000,-1.0000,-1.0000,-1.0000,-1.0000,-1.0000,-1.0000,-1.0000,-1.0000,-1.0000,-1.0000,-1.0000,-1.0000,-1.0000,-1.0000,-1.0000,-1.0000,-1.0000,-1.0000,-1.0000,-1.0000,-1.0000,-1.0000,-1.0000,-1.0000,-1.0000,-1.0000,-1.0000,-1.0000,-1.0000,-1.0000,-1.0000,-1.0000,-1.0000,-1.0000,-1.0000,-1.0000,-1.0000,-1.0000,-1.0000,-1.0000,-1.0000,-1.0000,-1.0000,1.7670,1.7482,1.7585,1.7509,1.7595,1.7413,1.1775,1.2563,1.4116,1.2990,1.2144,1.4827,1.3585,1.3511,1.2082,1.4024,1.3113,1.3384,1.4591,1.4183,1.3781,1.3657,1.3127,1.3279,1.3231,1.2264,1.2611,1.2391,1.2157,1.2617,1.1849,1.1118,1.1546,1.1590,1.1059,1.1781,1.1407,1.1769,1.0987,1.1155,1.3405,1.4610,1.4204,1.3802,1.3674,1.3147,1.3305,1.3247,1.2286,1.2636,1.2417,1.2180,1.2634,1.1875,1.1148,1.1575,1.1618,1.1089,1.1806,1.1437,1.1791,1.1013,1.1184,0,1.0000,-3.8126,0.2856,-2.5528
193,0.3860,-0.1013,0.0074,0.0656,-1.3301,0.0937,0.2032,0.0656,0.1974,0.0001,1.0268,0.9999,0.0004,0.0131,0.0002,0.0001,-0.0180,-0.0011,-0.0082,-0.0000,0.0007,-0.0002,-0.0179,-0.0010,-0.0080,-0.0002,-0.0027,-0.0001,0.0189,-0.0002,-0.0002,0.0275,0.0044,0.0021,0.0000,0.0190,0.0005,0.0001,0.0274,0.0045,0.0018,-0.0001,0.0520,-0.0000,-0.0060,-0.0107,0.0046,0.0002,0.0025,0.0514,0.0259,0.0207,-0.0987,-0.2796,-0.0000,0.0652,0.0326,0.0092,-0.2016,-0.4098,0.0034,-0.0220,-0.0365,-0.0104,-0.0290,0.0150,-0.0105,-0.0000,-0.0176,0.0218,0.0148,-0.0181,0.0149,-0.0050,-0.0002,-1.0000,-1.0000,-1.0000,-1.0000,-1.0000,-1.0000,-1.0000,-1.0000,-1.0000,-1.0000,-1.0000,-1.0000,-1.0000,-1.0000,-1.0000,-1.0000,-1.0000,-1.0000,-1.0000,-1.0000,-1.0000,-1.0000,-1.0000,-1.0000,-1.0000,-1.0000,-1.0000,-1.0000,-1.0000,-1.0000,-1.0000,-1.0000,-1.0000,-1.0000,-1.0000,-1.0000,-1.0000,-1.0000,-1.0000,-1.0000,-1.0000,-1.0000,-1.0000,-1.0000,-1.0000,-1.0000,-1.0000,-1.0000,-1.0000,-1.0000,-1.0000,-1.0000,-1.0000,-1.0000,-1.0000,-1.0000,-1.0000,-1.0000,-1.0000,-1.0000,-1.0000,-1.0000,-1.0000,-1.0000,-1.0000,-1.0000,-1.0000,-1.0000,-1.0000,-1.0000,-1.0000,-1.0000,-1.0000,-1.0000,-1.0000,-1.0000,-1.0000,-1.0000,-1.0000,-1.0000,-1.0000,-1.0000,-1.0000,-1.0000,-1.0000,-1.0000,-1.0000,-1.0000,-1.0000,-1.0000,-1.0000,-1.0000,-1.0000,-1.0000,-1.0000,-1.0000,-1.0000,-1.0000,-1.0000,-1.0000,-1.0000,-1.0000,-1.0000,-1.0000,-1.0000,-1.0000,-1.0000,-1.0000,-1.0000,-1.0000,-1.0000,-1.0000,-1.0000,-1.0000,-1.0000,-1.0000,-1.0000,-1.0000,-1.0000,-1.0000,-1.0000,1.7670,1.7482,1.7585,1.7509,1.7595,1.7413,1.1775,1.2563,1.4116,1.2990,1.2144,1.4827,1.3585,1.3511,1.2082,1.4024,1.3113,1.3384,1.4591,1.4183,1.3781,1.3657,1.3127,1.3279,1.3231,1.2264,1.2611,1.2391,1.2157,1.2617,1.1849,1.1118,1.1546,1.1590,1.1059,1.1781,1.1407,1.1769,1.0987,1.1155,1.3405,1.4610,1.4204,1.3802,1.3674,1.3147,1.3305,1.3247,1.2286,1.2636,1.2417,1.2180,1.2634,1.1875,1.1148,1.1575,1.1618,1.1089,1.1806,1.1437,1.1791,1.1013,1.1184,0,1.0000,-3.8126,0.2856,-2.5528
194,0.3880,-0.1039,0.0076,0.0660,-1.3301,0.0937,0.1836,0.0656,0.1975,0.0001,1.0268,0.9999,0.0004,0.0131,0.0002,0.0001,-0.0179,-0.0010,-0.0081,-0.0002,-0.0002,-0.0002,-0.0177,-0.0009,-0.0080,-0.0006,-0.0030,-0.0001,0.0189,-0.0002,-0.0002,0.0275,0.0045,0.0021,0.0000,0.0189,0.0005,0.0001,0.0273,0.0045,0.0018,-0.0001,0.0525,-0.0004,-0.0084,-0.0172,0.0045,-0.0001,0.0037,0.0521,0.0416,0.0213,-0.1037,-0.4323,-0.0003,0.0639,0.0289,0.0103,-0.1838,-0.1635,0.0044,-0.0191,-0.0384,-0.0095,-0.0337,0.0150,-0.0102,-0.0000,-0.0130,0.0196,0.0154,-0.0184,0.0149,-0.0039,-0.0001,-1.0000,-1.0000,-1.0000,-1.0000,-1.0000,-1.0000,-1.0000,-1.0000,-1.0000,-1.0000,-1.0000,-1.0000,-1.0000,-1.0000,-1.0000,-1.0000,-1.0000,-1.0000,-1.0000,-1.0000,-1.0000,-1.0000,-1.0000,-1.0000,-1.0000,-1.0000,-1.0000,-1.0000,-1.0000,-1.0000,-1.0000,-1.0000,-1.0000,-1.0000,-1.0000,-1.0000,-1.0000,-1.0000,-1.0000,-1.0000,-1.0000,-1.0000,-1.0000,-1.0000,-1.0000,-1.0000,-1.0000,-1.0000,-1.0000,-1.0000,-1.0000,-1.0000,-1.0000,-1.0000,-1.0000,-1.0000,-1.0000,-1.0000,-1.0000,-1.0000,-1.0000,-1.0000,-1.0000,-1.0000,-1.0000,-1.0000,-1.0000,-1.0000,-1.0000,-1.0000,-1.0000,-1.0000,-1.0000,-1.0000,-1.0000,-1.0000,-1.0000,-1.0000,-1.0000,-1.0000,-1.0000,-1.0000,-1.0000,-1.0000,-1.0000,-1.0000,-1.0000,-1.0000,-1.0000,-1.0000,-1.0000,-1.0000,-1.0000,-1.0000,-1.0000,-1.0000,-1.0000,-1.0000,-1.0000,-1.0000,-1.0000,-1.0000,-1.0000,-1.0000,-1.0000,-1.0000,-1.0000,-1.0000,-1.0000,-1.0000,-1.0000,-1.0000,-1.0000,-1.0000,-1.0000,-1.0000,-1.0000,-1.0000,-1.0000,-1.0000,-1.0000,1.7672,1.7485,1.7587,1.7510,1.7597,1.7415,1.1776,1.2568,1.4120,1.2991,1.2149,1.4829,1.3585,1.3515,1.2083,1.4025,1.3117,1.3387,1.4594,1.4186,1.3784,1.3659,1.3128,1.3281,1.3233,1.2267,1.2612,1.2394,1.2158,1.2619,1.1851,1.1121,1.1552,1.1593,1.1063,1.1786,1.1410,1.1774,1.0992,1.1160,1.3409,1.4613,1.4207,1.3805,1.3677,1.3149,1.3308,1.3250,1.2291,1.2638,1.2420,1.2182,1.2636,1.1877,1.1152,1.1581,1.1623,1.1094,1.1812,1.1440,1.1797,1.1019,1.1190,0,1.0000,-3.8126,0.2856,-2.5528
194,0.3880,-0.1039,0.0076,0.0660,-1.3301,0.0937,0.1836,0.0656,0.1975,0.0001,1.0268,0.9999,0.0004,0.0131,0.0002,0.0001,-0.0179,-0.0010,-0.0081,-0.0002,-0.0002,-0.0002,-0.0177,-0.0009,-0.0080,-0.0006,-0.0030,-0.0001,0.0189,-0.0002,-0.0002,0.0275,0.0045,0.0021,0.0000,0.0189,0.0005,0.0001,0.0273,0.0045,0.0018,-0.0001,0.0525,-0.0004,-0.0084,-0.0172,0.0045,-0.0001,0.0037,0.0521,0.0416,0.0213,-0.1037,-0.4323,-0.0003,0.0639,0.0289,0.0103,-0.1838,-0.1635,0.0044,-0.0191,-0.0384,-0.0095,-0.0337,0.0150,-0.0102,-0.0000,-0.0130,0.0196,0.0154,-0.0184,0.0149,-0.0039,-0.0001,-1.0000,-1.0000,-1.0000,-1.0000,-1.0000,-1.0000,-1.0000,-1.0000,-1.0000,-1.0000,-1.0000,-1.0000,-1.0000,-1.0000,-1.0000,-1.0000,-1.0000,-1.0000,-1.0000,-1.0000,-1.0000,-1.0000,-1.0000,-1.0000,-1.0000,-1.0000,-1.0000,-1.0000,-1.0000,-1.0000,-1.0000,-1.0000,-1.0000,-1.0000,-1.0000,-1.0000,-1.0000,-1.0000,-1.0000,-1.0000,-1.0000,-1.0000,-1.0000,-1.0000,-1.0000,-1.0000,-1.0000,-1.0000,-1.0000,-1.0000,-1.0000,-1.0000,-1.0000,-1.0000,-1.0000,-1.0000,-1.0000,-1.0000,-1.0000,-1.0000,-1.0000,-1.0000,-1.0000,-1.0000,-1.0000,-1.0000,-1.0000,-1.0000,-1.0000,-1.0000,-1.0000,-1.0000,-1.0000,-1.0000,-1.0000,-1.0000,-1.0000,-1.0000,-1.0000,-1.0000,-1.0000,-1.0000,-1.0000,-1.0000,-1.0000,-1.0000,-1.0000,-1.0000,-1.0000,-1.0000,-1.0000,-1.0000,-1.0000,-1.0000,-1.0000,-1.0000,-1.0000,-1.0000,-1.0000,-1.0000,-1.0000,-1.0000,-1.0000,-1.0000,-1.0000,-1.0000,-1.0000,-1.0000,-1.0000,-1.0000,-1.0000,-1.0000,-1.0000,-1.0000,-1.0000,-1.0000,-1.0000,-1.0000,-1.0000,-1.0000,-1.0000,1.7672,1.7485,1.7587,1.7510,1.7597,1.7415,1.1776,1.2568,1.4120,1.2991,1.2149,1.4829,1.3585,1.3515,1.2083,1.4025,1.3117,1.3387,1.4594,1.4186,1.3784,1.3659,1.3128,1.3281,1.3233,1.2267,1.2612,1.2394,1.2158,1.2619,1.1851,1.1121,1.1552,1.1593,1.1063,1.1786,1.1410,1.1774,1.0992,1.1160,1.3409,1.4613,1.4207,1.3805,1.3677,1.3149,1.3308,1.3250,1.2291,1.2638,1.2420,1.2182,1.2636,1.1877,1.1152,1.1581,1.1623,1.1094,1.1812,1.1440,1.1797,1.1019,1.1190,0,1.0000,-3.8126,0.2856,-2.5528
195,0.3900,-0.1066,0.0078,0.0663,-1.3301,0.0937,0.1639,0.0656,0.1976,0.0001,1.0267,0.9999,0.0003,0.0131,0.0002,0.0001,-0.0178,-0.0008,-0.0080,-0.0001,-0.0010,-0.0002,-0.0176,-0.0008,-0.0080,-0.0009,-0.0032,-0.0000,0.0188,-0.0003,-0.0002,0.0274,0.0045,0.0020,0.0000,0.0189,0.0005,0.0001,0.0273,0.0045,0.0018,-0.0001,0.0531,-0.0019,-0.0092,-0.0453,0.0040,-0.0015,0.0077,0.0328,0.0743,0.0376,0.0626,-0.3703,-0.0001,0.0628,0.0604,0.0108,-0.1521,-0.0887,0.0087,-0.0186,-0.0474,-0.0059,-0.0428,0.0151,-0.0100,-0.0000,-0.0048,0.0105,0.0187,-0.0084,0.0152,-0.0024,-0.0001,-1.0000,-1.0000,-1.0000,-1.0000,-1.0000,-1.0000,-1.0000,-1.0000,-1.0000,-1.0000,-1.0000,-1.0000,-1.0000,-1.0000,-1.0000,-1.0000,-1.0000,-1.0000,-1.0000,-1.0000,-1.0000,-1.0000,-1.0000,-1.0000,-1.0000,-1.0000,-1.0000,-1.0000,-1.0000,-1.0000,-1.0000,-1.0000,-1.0000,-1.0000,-1.0000,-1.0000,-1.0000,-1.0000,-1.0000,-1.0000,-1.0000,-1.0000,-1.0000,-1.0000,-1.0000,-1.0000,-1.0000,-1.0000,-1.0000,-1.0000,-1.0000,-1.0000,-1.0000,-1.0000,-1.0000,-1.0000,-1.0000,-1.0000,-1.0000,-1.0000,-1.0000,-1.0000,-1.0000,-1.0000,-1.0000,-1.0000,-1.0000,-1.0000,-1.0000,-1.0000,-1.0000,-1.0000,-1.0000,-1.0000,-1.0000,-1.0000,-1.0000,-1.0000,-1.0000,-1.0000,-1.0000,-1.0000,-1.0000,-1.0000,-1.0000,-1.0000,-1.0000,-1.0000,-1.0000,-1.0000,-1.0000,-1.0000,-1.0000,-1.0000,-1.0000,-1.0000,-1.0000,-1.0000,-1.0000,-1.0000,-1.0000,-1.0000,-1.0000,-1.0000,-1.0000,-1.0000,-1.0000,-1.0000,-1.0000,-1.0000,-1.0000,-1.0000,-1.0000,-1.0000,-1.0000,-1.0000,-1.0000,-1.0000,-1.0000,-1.0000,-1.0000,1.7674,1.7488,1.7589,1.7511,1.7600,1.7417,1.1778,1.2573,1.4124,1.2992,1.2154,1.4832,1.3586,1.3519,1.2084,1.4026,1.3121,1.3390,1.4597,1.4189,1.3787,1.3663,1.3129,1.3283,1.3236,1.2271,1.2614,1.2396,1.2160,1.2621,1.1853,1.1124,1.1557,1.1597,1.1067,1.1791,1.1413,1.1779,1.0997,1.1165,1.3413,1.4617,1.4211,1.3809,1.3681,1.3150,1.3311,1.3253,1.2295,1.2641,1.2424,1.2184,1.2639,1.1880,1.1157,1.1588,1.1628,1.1099,1.1819,1.1444,1.1803,1.1026,1.1196,0,1.0000,-3.8126,0.2856,-2.5528
196,0.3920,-0.1093,0.0080,0.0666,-1.3301,0.0937,0.1443,0.0656,0.1977,0.0001,1.0267,0.9999,0.0003,0.0131,0.0002,0.0001,-0.0177,-0.0007,-0.0080,-0.0001,-0.0017,-0.0002,-0.0175,-0.0007,-0.0080,-0.0011,-0.0033,-0.0000,0.0188,-0.0004,-0.0002,0.0273,0.0045,0.0020,0.0000,0.0189,0.0005,0.0002,0.0273,0.0045,0.0018,-0.0001,0.0537,-0.0019,-0.0055,-0.0465,0.0056,-0.0016,0.0069,0.0399,0.0766,0.0311,-0.0091,-0.3859,-0.0001,0.0589,0.0589,0.0122,-0.1277,-0.0283,0.0087,-0.0121,-0.0475,-0.0062,-0.0351,0.0151,-0.0093,-0.0000,0.0017,0.0105,0.0184,-0.0010,0.0152,-0.0009,-0.0001,-1.0000,-1.0000,-1.0000,-1.0000,-1.0000,-1.0000,-1.0000,-1.0000,-1.0000,-1.0000,-1.0000,-1.0000,-1.0000,-1.0000,-1.0000,-1.0000,-1.0000,-1.0000,-1.0000,-1.0000,-1.0000,-1.0000,-1.0000,-1.0000,-1.0000,-1.0000,-1.0000,-1.0000,-1.0000,-1.0000,-1.0000,-1.0000,-1.0000,-1.0000,-1.0000,-1.0000,-1.0000,-1.0000,-1.0000,-1.0000,-1.0000,-1.0000,-1.0000,-1.0000,-1.0000,-1.0000,-1.0000,-1.0000,-1.0000,-1.0000,-1.0000,-1.0000,-1.0000,-1.0000,-1.0000,-1.0000,-1.0000,-1.0000,-1.0000,-1.0000,-1.0000,-1.0000,-1.0000,-1.0000,-1.0000,-1.0000,-1.0000,-1.0000,-1.0000,-1.0000,-1.0000,-1.0000,-1.0000,-1.0000,-1.0000,-1.0000,-1.0000,-1.0000,-1.0000,-1.0000,-1.0000,-1.0000,-1.0000,-1.0000,-1.0000,-1.0000,-1.0000,-1.0000,-1.0000,-1.0000,-1.0000,-1.0000,-1.0000,-1.0000,-1.0000,-1.0000,-1.0000,-1.0000,-1.0000,-1.0000,-1.0000,-1.0000,-1.0000,-1.0000,-1.0000,-1.0000,-1.0000,-1.0000,-1.0000,-1.0000,-1.0000,-1.0000,-1.0000,-1.0000,-1.0000,-1.0000,-1.0000,-1.0000,-1.0000,-1.0000,-1.0000,1.7677,1.7492,1.7591,1.7513,1.7603,1.7420,1.1779,1.2578,1.4128,1.2993,1.2160,1.4835,1.3587,1.3524,1.2086,1.4027,1.3126,1.3394,1.4600,1.4192,1.3790,1.3666,1.3131,1.3285,1.3240,1.2275,1.2616,1.2399,1.2162,1.2624,1.1855,1.1128,1.1563,1.1601,1.1072,1.1797,1.1416,1.1785,1.1003,1.1170,1.3418,1.4621,1.4215,1.3814,1.3685,1.3153,1.3314,1.3257,1.2300,1.2644,1.2428,1.2187,1.2643,1.1884,1.1161,1.1595,1.1633,1.1105,1.1825,1.1449,1.1810,1.1033,1.1202,0,1.0000,-3.8126,0.2856,-2.5528
196,0.3920,-0.1093,0.0080,0.0666,-1.3301,0.0937,0.1443,0.0656,0.1977,0.0001,1.0267,0.9999,0.0003,0.0131,0.0002,0.0001,-0.0177,-0.0007,-0.0080,-0.0001,-0.0017,-0.0002,-0.0175,-0.0007,-0.0080,-0.0011,-0.0033,-0.0000,0.0188,-0.0004,-0.0002,0.0273,0.0045,0.0020,0.0000,0.0189,0.0005,0.0002,0.0273,0.0045,0.0018,-0.0001,0.0537,-0.0019,-0.0055,-0.0465,0.0056,-0.0016,0.0069,0.0399,0.0766,0.0311,-0.0091,-0.3859,-0.0001,0.0589,0.0589,0.0122,-0.1277,-0.0283,0.0087,-0.0121,-0.0475,-0.0062,-0.0351,0.0151,-0.0093,-0.0000,0.0017,0.0105,0.0184,-0.0010,0.0152,-0.0009,-0.0001,-1.0000,-1.0000,-1.0000,-1.0000,-1.0000,-1.0000,-1.0000,-1.0000,-1.0000,-1.0000,-1.0000,-1.0000,-1.0000,-1.0000,-1.0000,-1.0000,-1.0000,-1.0000,-1.0000,-1.0000,-1.0000,-1.0000,-1.0000,-1.0000,-1.0000,-1.0000,-1.0000,-1.0000,-1.0000,-1.0000,-1.0000,-1.0000,-1.0000,-1.0000,-1.0000,-1.0000,-1.0000,-1.0000,-1.0000,-1.0000,-1.0000,-1.0000,-1.0000,-1.0000,-1.0000,-1.0000,-1.0000,-1.0000,-1.0000,-1.0000,-1.0000,-1.0000,-1.0000,-1.0000,-1.0000,-1.0000,-1.0000,-1.0000,-1.0000,-1.0000,-1.0000,-1.0000,-1.0000,-1.0000,-1.0000,-1.0000,-1.0000,-1.0000,-1.0000,-1.0000,-1.0000,-1.0000,-1.0000,-1.0000,-1.0000,-1.0000,-1.0000,-1.0000,-1.0000,-1.0000,-1.0000,-1.0000,-1.0000,-1.0000,-1.0000,-1.0000,-1.0000,-1.0000,-1.0000,-1.0000,-1.0000,-1.0000,-1.0000,-1.0000,-1.0000,-1.0000,-1.0000,-1.0000,-1.0000,-1.0000,-1.0000,-1.0000,-1.0000,-1.0000,-1.0000,-1.0000,-1.0000,-1.0000,-1.0000,-1.0000,-1.0000,-1.0000,-1.0000,-1.0000,-1.0000,-1.0000,-1.0000,-1.0000,-1.0000,-1.0000,-1.0000,1.7677,1.7492,1.7591,1.7513,1.7603,1.7420,1.1779,1.2578,1.4128,1.2993,1.2160,1.4835,1.3587,1.3524,1.2086,1.4027,1.3126,1.3394,1.4600,1.4192,1.3790,1.3666,1.3131,1.3285,1.3240,1.2275,1.2616,1.2399,1.2162,1.2624,1.1855,1.1128,1.1563,1.1601,1.1072,1.1797,1.1416,1.1785,1.1003,1.1170,1.3418,1.4621,1.4215,1.3814,1.3685,1.3153,1.3314,1.3257,1.2300,1.2644,1.2428,1.2187,1.2643,1.1884,1.1161,1.1595,1.1633,1.1105,1.1825,1.1449,1.1810,1.1033,1.1202,0,1.0000,-3.8126,0.2856,-2.5528
197,0.3940,-0.1119,0.0082,0.0669,-1.3301,0.0937,0.1247,0.0656,0.1978,0.0001,1.0267,0.9999,0.0002,0.0131,0.0002,0.0001,-0.0177,-0.0005,-0.0079,-0.0002,-0.0025,-0.0002,-0.0174,-0.0005,-0.0079,-0.0013,-0.0032,-0.0000,0.0188,-0.0005,-0.0002,0.0272,0.0045,0.0020,0.0000,0.0189,0.0006,0.0002,0.0273,0.0046,0.0018,-0.0001,0.0542,-0.0019,-0.0025,-0.0472,0.0071,-0.0015,0.0062,0.0460,0.0782,0.0255,-0.0696,-0.4017,-0.0003,0.0555,0.0572,0.0136,-0.1075,0.0221,0.0085,-0.0059,-0.0474,-0.0064,-0.0284,0.0151,-0.0086,-0.0000,0.0078,0.0106,0.0179,0.0049,0.0152,0.0004,-0.0001,-1.0000,-1.0000,-1.0000,-1.0000,-1.0000,-1.0000,-1.0000,-1.0000,-1.0000,-1.0000,-1.0000,-1.0000,-1.0000,-1.0000,-1.0000,-1.0000,-1.0000,-1.0000,-1.0000,-1.0000,-1.0000,-1.0000,-1.0000,-1.0000,-1.0000,-1.0000,-1.0000,-1.0000,-1.0000,-1.0000,-1.0000,-1.0000,-1.0000,-1.0000,-1.0000,-1.0000,-1.0000,-1.0000,-1.0000,-1.0000,-1.0000,-1.0000,-1.0000,-1.0000,-1.0000,-1.0000,-1.0000,-1.0000,-1.0000,-1.0000,-1.0000,-1.0000,-1.0000,-1.0000,-1.0000,-1.0000,-1.0000,-1.0000,-1.0000,-1.0000,-1.0000,-1.0000,-1.0000,-1.0000,-1.0000,-1.0000,-1.0000,-1.0000,-1.0000,-1.0000,-1.0000,-1.0000,-1.0000,-1.0000,-1.0000,-1.0000,-1.0000,-1.0000,-1.0000,-1.0000,-1.0000,-1.0000,-1.0000,-1.0000,-1.0000,-1.0000,-1.0000,-1.0000,-1.0000,-1.0000,-1.0000,-1.0000,-1.0000,-1.0000,-1.0000,-1.0000,-1.0000,-1.0000,-1.0000,-1.0000,-1.0000,-1.0000,-1.0000,-1.0000,-1.0000,-1.0000,-1.0000,-1.0000,-1.0000,-1.0000,-1.0000,-1.0000,-1.0000,-1.0000,-1.0000,-1.0000,-1.0000,-1.0000,-1.0000,-1.0000,-1.0000,1.7680,1.7496,1.7594,1.7515,1.7606,1.7423,1.1782,1.2584,1.4133,1.2995,1.2166,1.4838,1.3589,1.3530,1.2088,1.4029,1.3131,1.3398,1.4604,1.4196,1.3794,1.3670,1.3133,1.3288,1.3243,1.2279,1.2619,1.2403,1.2164,1.2628,1.1858,1.1132,1.1570,1.1606,1.1076,1.1803,1.1420,1.1791,1.1010,1.1176,1.3423,1.4626,1.4220,1.3819,1.3690,1.3156,1.3318,1.3262,1.2306,1.2648,1.2433,1.2191,1.2647,1.1888,1.1167,1.1602,1.1639,1.1111,1.1833,1.1454,1.1817,1.1040,1.1209,0,1.0000,-3.8126,0.2856,-2.5528
199,0.3980,-0.1172,0.0086,0.0672,-1.3301,0.0937,0.0855,0.0656,0.1980,0.0001,1.0267,0.9999,0.0002,0.0131,0.0002,0.0001,-0.0174,-0.0003,-0.0079,-0.0007,-0.0038,-0.0002,-0.0172,-0.0004,-0.0078,-0.0012,-0.0030,0.0000,0.0188,-0.0007,-0.0003,0.0272,0.0046,0.0020,0.0000,0.0190,0.0006,0.0003,0.0273,0.0046,0.0018,-0.0001,0.0552,-0.0014,-0.0034,-0.0328,0.0077,-0.0001,0.0041,0.0539,0.0505,0.0190,-0.1262,-0.1981,-0.0008,0.0385,0.0366,0.0277,0.0359,0.0800,0.0052,0.0049,-0.0409,-0.0085,-0.0213,0.0150,-0.0074,-0.0001,0.0142,0.0164,0.0151,0.0000,0.0151,0.0024,-0.0001,-1.0000,-1.0000,-1.0000,-1.0000,-1.0000,-1.0000,-1.0000,-1.0000,-1.0000,-1.0000,-1.0000,-1.0000,-1.0000,-1.0000,-1.0000,-1.0000,-1.0000,-1.0000,-1.0000,-1.0000,-1.0000,-1.0000,-1.0000,-1.0000,-1.0000,-1.0000,-1.0000,-1.0000,-1.0000,-1.0000,-1.0000,-1.0000,-1.0000,-1.0000,-1.0000,-1.0000,-1.0000,-1.0000,-1.0000,-1.0000,-1.0000,-1.0000,-1.0000,-1.0000,-1.0000,-1.0000,-1.0000,-1.0000,-1.0000,-1.0000,-1.0000,-1.0000,-1.0000,-1.0000,-1.0000,-1.0000,-1.0000,-1.0000,-1.0000,-1.0000,-1.0000,-1.0000,-1.0000,-1.0000,-1.0000,-1.0000,-1.0000,-1.0000,-1.0000,-1.0000,-1.0000,-1.0000,-1.0000,-1.0000,-1.0000,-1.0000,-1.0000,-1.0000,-1.0000,-1.0000,-1.0000,-1.0000,-1.0000,-1.0000,-1.0000,-1.0000,-1.0000,-1.0000,-1.0000,-1.0000,-1.0000,-1.0000,-1.0000,-1.0000,-1.0000,-1.0000,-1.0000,-1.0000,-1.0000,-1.0000,-1.0000,-1.0000,-1.0000,-1.0000,-1.0000,-1.0000,-1.0000,-1.0000,-1.0000,-1.0000,-1.0000,-1.0000,-1.0000,-1.0000,-1.0000,-1.0000,-1.0000,-1.0000,-1.0000,-1.0000,-1.0000,1.7687,1.7505,1.7601,1.7521,1.7615,1.7430,1.1788,1.2597,1.4144,1.3001,1.2179,1.4846,1.3593,1.3542,1.2094,1.4033,1.3144,1.3408,1.4613,1.4206,1.3804,1.3680,1.3138,1.3295,1.3252,1.2290,1.2625,1.2411,1.2171,1.2636,1.1866,1.1141,1.1584,1.1616,1.1088,1.1817,1.1429,1.1804,1.1024,1.1189,1.3435,1.4636,1.4231,1.3830,1.3701,1.3163,1.3327,1.3272,1.2318,1.2656,1.2444,1.2199,1.2656,1.1898,1.1179,1.1618,1.1652,1.1125,1.1848,1.1466,1.1832,1.1056,1.1225,0,1.0000,-3.8126,0.2856,-2.5528
199,0.3980,-0.1172,0.0086,0.0672,-1.3301,0.0937,0.0855,0.0656,0.1980,0.0001,1.0267,0.9999,0.0002,0.0131,0.0002,0.0001,-0.0174,-0.0003,-0.0079,-0.0007,-0.0038,-0.0002,-0.0172,-0.0004,-0.0078,-0.0012,-0.0030,0.0000,0.0188,-0.0007,-0.0003,0.0272,0.0046,0.0020,0.0000,0.0190,0.0006,0.0003,0.0273,0.0046,0.0018,-0.0001,0.0552,-0.0014,-0.0034,-0.0328,0.0077,-0.0001,0.0041,0.0539,0.0505,0.0190,-0.1262,-0.1981,-0.0008,0.0385,0.0366,0.0277,0.0359,0.0800,0.0052,0.0049,-0.0409,-0.0085,-0.0213,0.0150,-0.0074,-0.0001,0.0142,0.0164,0.0151,0.0000,0.0151,0.0024,-0.0001,-1.0000,-1.0000,-1.0000,-1.0000,-1.0000,-1.0000,-1.0000,-1.0000,-1.0000,-1.0000,-1.0000,-1.0000,-1.0000,-1.0000,-1.0000,-1.0000,-1.0000,-1.0000,-1.0000,-1.0000,-1.0000,-1.0000,-1.0000,-1.0000,-1.0000,-1.0000,-1.0000,-1.0000,-1.0000,-1.0000,-1.0000,-1.0000,-1.0000,-1.0000,-1.0000,-1.0000,-1.0000,-1.0000,-1.0000,-1.0000,-1.0000,-1.0000,-1.0000,-1.0000,-1.0000,-1.0000,-1.0000,-1.0000,-1.0000,-1.0000,-1.0000,-1.0000,-1.0000,-1.0000,-1.0000,-1.0000,-1.0000,-1.0000,-1.0000,-1.0000,-1.0000,-1.0000,-1.0000,-1.0000,-1.0000,-1.0000,-1.0000,-1.0000,-1.0000,-1.0000,-1.0000,-1.0000,-1.0000,-1.0000,-1.0000,-1.0000,-1.0000,-1.0000,-1.0000,-1.0000,-1.0000,-1.0000,-1.0000,-1.0000,-1.0000,-1.0000,-1.0000,-1.0000,-1.0000,-1.0000,-1.0000,-1.0000,-1.0000,-1.0000,-1.0000,-1.0000,-1.0000,-1.0000,-1.0000,-1.0000,-1.0000,-1.0000,-1.0000,-1.0000,-1.0000,-1.0000,-1.0000,-1.0000,-1.0000,-1.0000,-1.0000,-1.0000,-1.0000,-1.0000,-1.0000,-1.0000,-1.0000,-1.0000,-1.0000,-1.0000,-1.0000,1.7687,1.7505,1.7601,1.7521,1.7615,1.7430,1.1788,1.2597,1.4144,1.3001,1.2179,1.4846,1.3593,1.3542,1.2094,1.4033,1.3144,1.3408,1.4613,1.4206,1.3804,1.3680,1.3138,1.3295,1.3252,1.2290,1.2625,1.2411,1.2171,1.2636,1.1866,1.1141,1.1584,1.1616,1.1088,1.1817,1.1429,1.1804,1.1024,1.1189,1.3435,1.4636,1.4231,1.3830,1.3701,1.3163,1.3327,1.3272,1.2318,1.2656,1.2444,1.2199,1.2656,1.1898,1.1179,1.1618,1.1652,1.1125,1.1848,1.1466,1.1832,1.1056,1.1225,0,1.0000,-3.8126,0.2856,-2.5528
200,0.4000,-0.1199,0.0087,0.0674,-1.3301,0.0937,0.0658,0.0656,0.1982,0.0000,1.0267,0.9999,0.0001,0.0131,0.0002,0.0002,-0.0173,-0.0002,-0.0078,-0.0010,-0.0038,-0.0002,-0.0172,-0.0003,-0.0078,-0.0011,-0.0028,0.0000,0.0188,-0.0008,-0.0003,0.0271,0.0046,0.0020,0.0000,0.0190,0.0007,0.0003,0.0273,0.0047,0.0018,-0.0001,0.0557,-0.0022,-0.0023,-0.0429,0.0086,-0.0004,0.0034,0.0534,0.0534,0.0191,-0.1251,0.0074,-0.0008,0.0395,0.0478,0.0264,0.0234,0.1153,0.0065,0.0086,-0.0430,-0.0073,-0.0214,0.0150,-0.0070,-0.0001,0.0205,0.0139,0.0160,0.0061,0.0152,0.0037,-0.0000,-1.0000,-1.0000,-1.0000,-1.0000,-1.0000,-1.0000,-1.0000,-1.0000,-1.0000,-1.0000,-1.0000,-1.0000,-1.0000,-1.0000,-1.0000,-1.0000,-1.0000,-1.0000,-1.0000,-1.0000,-1.0000,-1.0000,-1.0000,-1.0000,-1.0000,-1.0000,-1.0000,-1.0000,-1.0000,-1.0000,-1.0000,-1.0000,-1.0000,-1.0000,-1.0000,-1.0000,-1.0000,-1.0000,-1.0000,-1.0000,-1.0000,-1.0000,-1.0000,-1.0000,-1.0000,-1.0000,-1.0000,-1.0000,-1.0000,-1.0000,-1.0000,-1.0000,-1.0000,-1.0000,-1.0000,-1.0000,-1.0000,-1.0000,-1.0000,-1.0000,-1.0000,-1.0000,-1.0000,-1.0000,-1.0000,-1.0000,-1.0000,-1.0000,-1.0000,-1.0000,-1.0000,-1.0000,-1.0000,-1.0000,-1.0000,-1.0000,-1.0000,-1.0000,-1.0000,-1.0000,-1.0000,-1.0000,-1.0000,-1.0000,-1.0000,-1.0000,-1.0000,-1.0000,-1.0000,-1.0000,-1.0000,-1.0000,-1.0000,-1.0000,-1.0000,-1.0000,-1.0000,-1.0000,-1.0000,-1.0000,-1.0000,-1.0000,-1.0000,-1.0000,-1.0000,-1.0000,-1.0000,-1.0000,-1.0000,-1.0000,-1.0000,-1.0000,-1.0000,-1.0000,-1.0000,-1.0000,-1.0000,-1.0000,-1.0000,-1.0000,-1.0000,1.7692,1.7511,1.7605,1.7525,1.7620,1.7435,1.1791,1.2605,1.4151,1.3004,1.2186,1.4850,1.3596,1.3548,1.2098,1.4036,1.3150,1.3414,1.4619,1.4211,1.3809,1.3685,1.3142,1.3300,1.3258,1.2296,1.2629,1.2416,1.2174,1.2641,1.1870,1.1146,1.1591,1.1622,1.1094,1.1824,1.1434,1.1812,1.1031,1.1196,1.3441,1.4642,1.4237,1.3836,1.3707,1.3167,1.3333,1.3278,1.2325,1.2661,1.2450,1.2204,1.2662,1.1903,1.1185,1.1627,1.1659,1.1132,1.1857,1.1472,1.1840,1.1065,1.1233,0,1.0000,-3.8126,0.2856,-2.5528
201,0.4020,-0.1226,0.0089,0.0675,-1.3301,0.0937,0.0462,0.0656,0.1983,0.0000,1.0267,0.9999,0.0001,0.0131,0.0002,0.0002,-0.0172,-0.0001,-0.0078,-0.0012,-0.0033,-0.0002,-0.0171,-0.0003,-0.0077,-0.0011,-0.0022,0.0000,0.0189,-0.0008,-0.0003,0.0271,0.0047,0.0019,0.0000,0.0191,0.0007,0.0003,0.0273,0.0047,0.0018,-0.0001,0.0561,-0.0025,-0.0052,-0.0396,0.0086,0.0001,0.0024,0.0539,0.0394,0.0188,-0.1238,0.2194,-0.0013,0.0426,0.0362,0.0252,-0.0055,0.2786,0.0055,0.0123,-0.0398,-0.0078,-0.0231,0.0150,-0.0066,-0.0001,0.0230,0.0165,0.0150,0.0008,0.0151,0.0046,-0.0000,-1.0000,-1.0000,-1.0000,-1.0000,-1.0000,-1.0000,-1.0000,-1.0000,-1.0000,-1.0000,-1.0000,-1.0000,-1.0000,-1.0000,-1.0000,-1.0000,-1.0000,-1.0000,-1.0000,-1.0000,-1.0000,-1.0000,-1.0000,-1.0000,-1.0000,-1.0000,-1.0000,-1.0000,-1.0000,-1.0000,-1.0000,-1.0000,-1.0000,-1.0000,-1.0000,-1.0000,-1.0000,-1.0000,-1.0000,-1.0000,-1.0000,-1.0000,-1.0000,-1.0000,-1.0000,-1.0000,-1.0000,-1.0000,-1.0000,-1.0000,-1.0000,-1.0000,-1.0000,-1.0000,-1.0000,-1.0000,-1.0000,-1.0000,-1.0000,-1.0000,-1.0000,-1.0000,-1.0000,-1.0000,-1.0000,-1.0000,-1.0000,-1.0000,-1.0000,-1.0000,-1.0000,-1.0000,-1.0000,-1.0000,-1.0000,-1.0000,-1.0000,-1.0000,-1.0000,-1.0000,-1.0000,-1.0000,-1.0000,-1.0000,-1.0000,-1.0000,-1.0000,-1.0000,-1.0000,-1.0000,-1.0000,-1.0000,-1.0000,-1.0000,-1.0000,-1.0000,-1.0000,-1.0000,-1.0000,-1.0000,-1.0000,-1.0000,-1.0000,-1.0000,-1.0000,-1.0000,-1.0000,-1.0000,-1.0000,-1.0000,-1.0000,-1.0000,-1.0000,-1.0000,-1.0000,-1.0000,-1.0000,-1.0000,-1.0000,-1.0000,-1.0000,1.7697,1.7517,1.7610,1.7529,1.7625,1.7440,1.1796,1.2612,1.4157,1.3008,1.2194,1.4856,1.3600,1.3555,1.2102,1.4040,1.3158,1.3420,1.4624,1.4217,1.3815,1.3691,1.3146,1.3304,1.3263,1.2302,1.2633,1.2422,1.2179,1.2646,1.1875,1.1152,1.1599,1.1629,1.1101,1.1832,1.1440,1.1820,1.1039,1.1204,1.3448,1.4648,1.4244,1.3843,1.3713,1.3172,1.3338,1.3284,1.2332,1.2667,1.2456,1.2209,1.2668,1.1909,1.1192,1.1636,1.1667,1.1140,1.1866,1.1479,1.1849,1.1074,1.1242,0,1.0000,-3.8126,0.2856,-2.5528
201,0.4020,-0.1226,0.0089,0.0675,-1.3301,0.0937,0.0462,0.0656,0.1983,0.0000,1.0267,0.9999,0.0001,0.0131,0.0002,0.0002,-0.0172,-0.0001,-0.0078,-0.0012,-0.0033,-0.0002,-0.0171,-0.0003,-0.0077,-0.0011,-0.0022,0.0000,0.0189,-0.0008,-0.0003,0.0271,0.0047,0.0019,0.0000,0.0191,0.0007,0.0003,0.0273,0.0047,0.0018,-0.0001,0.0561,-0.0025,-0.0052,-0.0396,0.0086,0.0001,0.0024,0.0539,0.0394,0.0188,-0.1238,0.2194,-0.0013,0.0426,0.0362,0.0252,-0.0055,0.2786,0.0055,0.0123,-0.0398,-0.0078,-0.0231,0.0150,-0.0066,-0.0001,0.0230,0.0165,0.0150,0.0008,0.0151,0.0046,-0.0000,-1.0000,-1.0000,-1.0000,-1.0000,-1.0000,-1.0000,-1.0000,-1.0000,-1.0000,-1.0000,-1.0000,-1.0000,-1.0000,-1.0000,-1.0000,-1.0000,-1.0000,-1.0000,-1.0000,-1.0000,-1.0000,-1.0000,-1.0000,-1.0000,-1.0000,-1.0000,-1.0000,-1.0000,-1.0000,-1.0000,-1.0000,-1.0000,-1.0000,-1.0000,-1.0000,-1.0000,-1.0000,-1.0000,-1.0000,-1.0000,-1.0000,-1.0000,-1.0000,-1.0000,-1.0000,-1.0000,-1.0000,-1.0000,-1.0000,-1.0000,-1.0000,-1.0000,-1.0000,-1.0000,-1.0000,-1.0000,-1.0000,-1.0000,-1.0000,-1.0000,-1.0000,-1.0000,-1.0000,-1.0000,-1.0000,-1.0000,-1.0000,-1.0000,-1.0000,-1.0000,-1.0000,-1.0000,-1.0000,-1.0000,-1.0000,-1.0000,-1.0000,-1.0000,-1.0000,-1.0000,-1.0000,-1.0000,-1.0000,-1.0000,-1.0000,-1.0000,-1.0000,-1.0000,-1.0000,-1.0000,-1.0000,-1.0000,-1.0000,-1.0000,-1.0000,-1.0000,-1.0000,-1.0000,-1.0000,-1.0000,-1.0000,-1.0000,-1.0000,-1.0000,-1.0000,-1.0000,-1.0000,-1.0000,-1.0000,-1.0000,-1.0000,-1.0000,-1.0000,-1.0000,-1.0000,-1.0000,-1.0000,-1.0000,-1.0000,-1.0000,-1.0000,1.7697,1.7517,1.7610,1.7529,1.7625,1.7440,1.1796,1.2612,1.4157,1.3008,1.2194,1.4856,1.3600,1.3555,1.2102,1.4040,1.3158,1.3420,1.4624,1.4217,1.3815,1.3691,1.3146,1.3304,1.3263,1.2302,1.2633,1.2422,1.2179,1.2646,1.1875,1.1152,1.1599,1.1629,1.1101,1.1832,1.1440,1.1820,1.1039,1.1204,1.3448,1.4648,1.4244,1.3843,1.3713,1.3172,1.3338,1.3284,1.2332,1.2667,1.2456,1.2209,1.2668,1.1909,1.1192,1.1636,1.1667,1.1140,1.1866,1.1479,1.1849,1.1074,1.1242,0,1.0000,-3.8126,0.2856,-2.5528
202,0.4040,-0.1252,0.0091,0.0675,-1.3301,0.0937,0.0266,0.0656,0.1984,0.0000,1.0267,0.9999,0.0000,0.0131,0.0002,0.0002,-0.0171,-0.0001,-0.0077,-0.0015,-0.0028,-0.0002,-0.0170,-0.0002,-0.0077,-0.0012,-0.0018,0.0000,0.0189,-0.0009,-0.0003,0.0270,0.0047,0.0019,0.0000,0.0191,0.0007,0.0003,0.0273,0.0047,0.0018,-0.0001,0.0567,-0.0021,-0.0017,-0.0312,0.0102,0.0007,0.0014,0.0511,0.0278,0.0192,-0.1033,0.2391,-0.0013,0.0448,0.0283,0.0229,-0.0363,0.2222,0.0038,0.0195,-0.0364,-0.0091,-0.0127,0.0149,-0.0057,-0.0001,0.0276,0.0196,0.0135,0.0043,0.0151,0.0058,-0.0000,-1.0000,-1.0000,-1.0000,-1.0000,-1.0000,-1.0000,-1.0000,-1.0000,-1.0000,-1.0000,-1.0000,-1.0000,-1.0000,-1.0000,-1.0000,-1.0000,-1.0000,-1.0000,-1.0000,-1.0000,-1.0000,-1.0000,-1.0000,-1.0000,-1.0000,-1.0000,-1.0000,-1.0000,-1.0000,-1.0000,-1.0000,-1.0000,-1.0000,-1.0000,-1.0000,-1.0000,-1.0000,-1.0000,-1.0000,-1.0000,-1.0000,-1.0000,-1.0000,-1.0000,-1.0000,-1.0000,-1.0000,-1.0000,-1.0000,-1.0000,-1.0000,-1.0000,-1.0000,-1.0000,-1.0000,-1.0000,-1.0000,-1.0000,-1.0000,-1.0000,-1.0000,-1.0000,-1.0000,-1.0000,-1.0000,-1.0000,-1.0000,-1.0000,-1.0000,-1.0000,-1.0000,-1.0000,-1.0000,-1.0000,-1.0000,-1.0000,-1.0000,-1.0000,-1.0000,-1.0000,-1.0000,-1.0000,-1.0000,-1.0000,-1.0000,-1.0000,-1.0000,-1.0000,-1.0000,-1.0000,-1.0000,-1.0000,-1.0000,-1.0000,-1.0000,-1.0000,-1.0000,-1.0000,-1.0000,-1.0000,-1.0000,-1.0000,-1.0000,-1.0000,-1.0000,-1.0000,-1.0000,-1.0000,-1.0000,-1.0000,-1.0000,-1.0000,-1.0000,-1.0000,-1.0000,-1.0000,-1.0000,-1.0000,-1.0000,-1.0000,-1.0000,1.7702,1.7523,1.7615,1.7533,1.7631,1.7445,1.1800,1.2620,1.4164,1.3012,1.2202,1.4861,1.3604,1.3563,1.2107,1.4044,1.3165,1.3426,1.4630,1.4223,1.3821,1.3697,1.3150,1.3309,1.3269,1.2309,1.2638,1.2427,1.2183,1.2652,1.1880,1.1158,1.1608,1.1635,1.1108,1.1840,1.1446,1.1828,1.1048,1.1212,1.3455,1.4655,1.4250,1.3850,1.3720,1.3177,1.3344,1.3291,1.2339,1.2672,1.2463,1.2215,1.2674,1.1916,1.1200,1.1646,1.1675,1.1148,1.1875,1.1486,1.1858,1.1084,1.1251,0,1.0000,-3.8126,0.2856,-2.5528
202,0.4040,-0.1252,0.0091,0.0675,-1.3301,0.0937,0.0266,0.0656,0.1984,0.0000,1.0267,0.9999,0.0000,0.0131,0.0002,0.0002,-0.0171,-0.0001,-0.0077,-0.0015,-0.0028,-0.0002,-0.0170,-0.0002,-0.0077,-0.0012,-0.0018,0.0000,0.0189,-0.0009,-0.0003,0.0270,0.0047,0.0019,0.0000,0.0191,0.0007,0.0003,0.0273,0.0047,0.0018,-0.0001,0.0567,-0.0021,-0.0017,-0.0312,0.0102,0.0007,0.0014,0.0511,0.0278,0.0192,-0.1033,0.2391,-0.0013,0.0448,0.0283,0.0229,-0.0363,0.2222,0.0038,0.0195,-0.0364,-0.0091,-0.0127,0.0149,-0.0057,-0.0001,0.0276,0.0196,0.0135,0.0043,0.0151,0.0058,-0.0000,-1.0000,-1.0000,-1.0000,-1.0000,-1.0000,-1.0000,-1.0000,-1.0000,-1.0000,-1.0000,-1.0000,-1.0000,-1.0000,-1.0000,-1.0000,-1.0000,-1.0000,-1.0000,-1.0000,-1.0000,-1.0000,-1.0000,-1.0000,-1.0000,-1.0000,-1.0000,-1.0000,-1.0000,-1.0000,-1.0000,-1.0000,-1.0000,-1.0000,-1.0000,-1.0000,-1.0000,-1.0000,-1.0000,-1.0000,-1.0000,-1.0000,-1.0000,-1.0000,-1.0000,-1.0000,-1.0000,-1.0000,-1.0000,-1.0000,-1.0000,-1.0000,-1.0000,-1.0000,-1.0000,-1.0000,-1.0000,-1.0000,-1.0000,-1.0000,-1.0000,-1.0000,-1.0000,-1.0000,-1.0000,-1.0000,-1.0000,-1.0000,-1.0000,-1.0000,-1.0000,-1.0000,-1.0000,-1.0000,-1.0000,-1.0000,-1.0000,-1.0000,-1.0000,-1.0000,-1.0000,-1.0000,-1.0000,-1.0000,-1.0000,-1.0000,-1.0000,-1.0000,-1.0000,-1.0000,-1.0000,-1.0000,-1.0000,-1.0000,-1.0000,-1.0000,-1.0000,-1.0000,-1.0000,-1.0000,-1.0000,-1.0000,-1.0000,-1.0000,-1.0000,-1.0000,-1.0000,-1.0000,-1.0000,-1.0000,-1.0000,-1.0000,-1.0000,-1.0000,-1.0000,-1.0000,-1.0000,-1.0000,-1.0000,-1.0000,-1.0000,-1.0000,1.7702,1.7523,1.7615,1.7533,1.7631,1.7445,1.1800,1.2620,1.4164,1.3012,1.2202,1.4861,1.3604,1.3563,1.2107,1.4044,1.3165,1.3426,1.4630,1.4223,1.3821,1.3697,1.3150,1.3309,1.3269,1.2309,1.2638,1.2427,1.2183,1.2652,1.1880,1.1158,1.1608,1.1635,1.1108,1.1840,1.1446,1.1828,1.1048,1.1212,1.3455,1.4655,1.4250,1.3850,1.3720,1.3177,1.3344,1.3291,1.2339,1.2672,1.2463,1.2215,1.2674,1.1916,1.1200,1.1646,1.1675,1.1148,1.1875,1.1486,1.1858,1.1084,1.1251,0,1.0000,-3.8126,0.2856,-2.5528
203,0.4060,-0.1279,0.0093,0.0675,-1.3301,0.0937,0.0070,0.0656,0.1985,0.0000,1.0267,0.9999,0.0000,0.0131,0.0002,0.0002,-0.0170,-0.0000,-0.0077,-0.0016,-0.0023,-0.0002,-0.0169,-0.0002,-0.0076,-0.0013,-0.0014,0.0000,0.0190,-0.0010,-0.0004,0.0270,0.0047,0.0019,0.0000,0.0192,0.0008,0.0004,0.0273,0.0048,0.0018,-0.0001,0.0572,-0.0017,0.0011,-0.0238,0.0116,0.0011,0.0007,0.0486,0.0178,0.0194,-0.0867,0.2528,-0.0014,0.0468,0.0216,0.0208,-0.0635,0.1686,0.0023,0.0262,-0.0333,-0.0101,-0.0039,0.0149,-0.0049,-0.0002,0.0320,0.0223,0.0121,0.0070,0.0150,0.0069,-0.0000,-1.0000,-1.0000,-1.0000,-1.0000,-1.0000,-1.0000,-1.0000,-1.0000,-1.0000,-1.0000,-1.0000,-1.0000,-1.0000,-1.0000,-1.0000,-1.0000,-1.0000,-1.0000,-1.0000,-1.0000,-1.0000,-1.0000,-1.0000,-1.0000,-1.0000,-1.0000,-1.0000,-1.0000,-1.0000,-1.0000,-1.0000,-1.0000,-1.0000,-1.0000,-1.0000,-1.0000,-1.0000,-1.0000,-1.0000,-1.0000,-1.0000,-1.0000,-1.0000,-1.0000,-1.0000,-1.0000,-1.0000,-1.0000,-1.0000,-1.0000,-1.0000,-1.0000,-1.0000,-1.0000,-1.0000,-1.0000,-1.0000,-1.0000,-1.0000,-1.0000,-1.0000,-1.0000,-1.0000,-1.0000,-1.0000,-1.0000,-1.0000,-1.0000,-1.0000,-1.0000,-1.0000,-1.0000,-1.0000,-1.0000,-1.0000,-1.0000,-1.0000,-1.0000,-1.0000,-1.0000,-1.0000,-1.0000,-1.0000,-1.0000,-1.0000,-1.0000,-1.0000,-1.0000,-1.0000,-1.0000,-1.0000,-1.0000,-1.0000,-1.0000,-1.0000,-1.0000,-1.0000,-1.0000,-1.0000,-1.0000,-1.0000,-1.0000,-1.0000,-1.0000,-1.0000,-1.0000,-1.0000,-1.0000,-1.0000,-1.0000,-1.0000,-1.0000,-1.0000,-1.0000,-1.0000,-1.0000,-1.0000,-1.0000,-1.0000,-1.0000,-1.0000,1.7707,1.7530,1.7620,1.7538,1.7637,1.7451,1.1805,1.2629,1.4172,1.3017,1.2211,1.4867,1.3608,1.3571,1.2112,1.4048,1.3173,1.3433,1.4637,1.4229,1.3828,1.3704,1.3155,1.3315,1.3276,1.2316,1.2643,1.2434,1.2189,1.2658,1.1886,1.1165,1.1617,1.1643,1.1115,1.1849,1.1452,1.1836,1.1057,1.1220,1.3463,1.4662,1.4258,1.3858,1.3728,1.3183,1.3351,1.3298,1.2347,1.2679,1.2470,1.2221,1.2681,1.1922,1.1207,1.1656,1.1683,1.1157,1.1885,1.1494,1.1868,1.1093,1.1260,0,1.0000,-3.8126,0.2856,-2.5528
204,0.4080,-0.1305,0.0095,0.0675,-1.3301,0.0937,-0.0126,0.0656,0.1986,0.0000,1.0267,0.9999,0.0000,0.0131,0.0002,0.0002,-0.0169,-0.0000,-0.0077,-0.0018,-0.0018,-0.0002,-0.0168,-0.0001,-0.0076,-0.0015,-0.0012,0.0000,0.0190,-0.0010,-0.0004,0.0270,0.0048,0.0019,0.0000,0.0193,0.0008,0.0004,0.0274,0.0048,0.0018,-0.0001,0.0577,-0.0013,0.0034,-0.0173,0.0129,0.0014,0.0001,0.0466,0.0092,0.0196,-0.0734,0.2617,-0.0014,0.0486,0.0159,0.0189,-0.0877,0.1178,0.0011,0.0324,-0.0306,-0.0109,0.0034,0.0149,-0.0042,-0.0002,0.0361,0.0245,0.0110,0.0090,0.0150,0.0079,-0.0000,-1.0000,-1.0000,-1.0000,-1.0000,-1.0000,-1.0000,-1.0000,-1.0000,-1.0000,-1.0000,-1.0000,-1.0000,-1.0000,-1.0000,-1.0000,-1.0000,-1.0000,-1.0000,-1.0000,-1.0000,-1.0000,-1.0000,-1.0000,-1.0000,-1.0000,-1.0000,-1.0000,-1.0000,-1.0000,-1.0000,-1.0000,-1.0000,-1.0000,-1.0000,-1.0000,-1.0000,-1.0000,-1.0000,-1.0000,-1.0000,-1.0000,-1.0000,-1.0000,-1.0000,-1.0000,-1.0000,-1.0000,-1.0000,-1.0000,-1.0000,-1.0000,-1.0000,-1.0000,-1.0000,-1.0000,-1.0000,-1.0000,-1.0000,-1.0000,-1.0000,-1.0000,-1.0000,-1.0000,-1.0000,-1.0000,-1.0000,-1.0000,-1.0000,-1.0000,-1.0000,-1.0000,-1.0000,-1.0000,-1.0000,-1.0000,-1.0000,-1.0000,-1.0000,-1.0000,-1.0000,-1.0000,-1.0000,-1.0000,-1.0000,-1.0000,-1.0000,-1.0000,-1.0000,-1.0000,-1.0000,-1.0000,-1.0000,-1.0000,-1.0000,-1.0000,-1.0000,-1.0000,-1.0000,-1.0000,-1.0000,-1.0000,-1.0000,-1.0000,-1.0000,-1.0000,-1.0000,-1.0000,-1.0000,-1.0000,-1.0000,-1.0000,-1.0000,-1.0000,-1.0000,-1.0000,-1.0000,-1.0000,-1.0000,-1.0000,-1.0000,-1.0000,1.7714,1.7537,1.7626,1.7544,1.7644,1.7457,1.1811,1.2638,1.4180,1.3022,1.2220,1.4873,1.3613,1.3579,1.2118,1.4053,1.3182,1.3440,1.4644,1.4236,1.3835,1.3711,1.3160,1.3321,1.3283,1.2323,1.2649,1.2441,1.2194,1.2664,1.1892,1.1172,1.1626,1.1650,1.1124,1.1858,1.1459,1.1846,1.1066,1.1229,1.3471,1.4670,1.4266,1.3866,1.3735,1.3189,1.3358,1.3305,1.2356,1.2685,1.2478,1.2227,1.2688,1.1930,1.1216,1.1666,1.1692,1.1166,1.1895,1.1502,1.1878,1.1104,1.1270,0,1.0000,-3.8126,0.2856,-2.5528
204,0.4080,-0.1305,0.0095,0.0675,-1.3301,0.0937,-0.0126,0.0656,0.1986,0.0000,1.0267,0.9999,0.0000,0.0131,0.0002,0.0002,-0.0169,-0.0000,-0.0077,-0.0018,-0.0018,-0.0002,-0.0168,-0.0001,-0.0076,-0.0015,-0.0012,0.0000,0.0190,-0.0010,-0.0004,0.0270,0.0048,0.0019,0.0000,0.0193,0.0008,0.0004,0.0274,0.0048,0.0018,-0.0001,0.0577,-0.0013,0.0034,-0.0173,0.0129,0.0014,0.0001,0.0466,0.0092,0.0196,-0.0734,0.2617,-0.0014,0.0486,0.0159,0.0189,-0.0877,0.1178,0.0011,0.0324,-0.0306,-0.0109,0.0034,0.0149,-0.0042,-0.0002,0.0361,0.0245,0.0110,0.0090,0.0150,0.0079,-0.0000,-1.0000,-1.0000,-1.0000,-1.0000,-1.0000,-1.0000,-1.0000,-1.0000,-1.0000,-1.0000,-1.0000,-1.0000,-1.0000,-1.0000,-1.0000,-1.0000,-1.0000,-1.0000,-1.0000,-1.0000,-1.0000,-1.0000,-1.0000,-1.0000,-1.0000,-1.0000,-1.0000,-1.0000,-1.0000,-1.0000,-1.0000,-1.0000,-1.0000,-1.0000,-1.0000,-1.0000,-1.0000,-1.0000,-1.0000,-1.0000,-1.0000,-1.0000,-1.0000,-1.0000,-1.0000,-1.0000,-1.0000,-1.0000,-1.0000,-1.0000,-1.0000,-1.0000,-1.0000,-1.0000,-1.0000,-1.0000,-1.0000,-1.0000,-1.0000,-1.0000,-1.0000,-1.0000,-1.0000,-1.0000,-1.0000,-1.0000,-1.0000,-1.0000,-1.0000,-1.0000,-1.0000,-1.0000,-1.0000,-1.0000,-1.0000,-1.0000,-1.0000,-1.0000,-1.0000,-1.0000,-1.0000,-1.0000,-1.0000,-1.0000,-1.0000,-1.0000,-1.0000,-1.0000,-1.0000,-1.0000,-1.0000,-1.0000,-1.0000,-1.0000,-1.0000,-1.0000,-1.0000,-1.0000,-1.0000,-1.0000,-1.0000,-1.0000,-1.0000,-1.0000,-1.0000,-1.0000,-1.0000,-1.0000,-1.0000,-1.0000,-1.0000,-1.0000,-1.0000,-1.0000,-1.0000,-1.0000,-1.0000,-1.0000,-1.0000,-1.0000,-1.0000,1.7714,1.7537,1.7626,1.7544,1.7644,1.7457,1.1811,1.2638,1.4180,1.3022,1.2220,1.4873,1.3613,1.3579,1.2118,1.4053,1.3182,1.3440,1.4644,1.4236,1.3835,1.3711,1.3160,1.3321,1.3283,1.2323,1.2649,1.2441,1.2194,1.2664,1.1892,1.1172,1.1626,1.1650,1.1124,1.1858,1.1459,1.1846,1.1066,1.1229,1.3471,1.4670,1.4266,1.3866,1.3735,1.3189,1.3358,1.3305,1.2356,1.2685,1.2478,1.2227,1.2688,1.1930,1.1216,1.1666,1.1692,1.1166,1.1895,1.1502,1.1878,1.1104,1.1270,0,1.0000,-3.8126,0.2856,-2.5528
205,0.4100,-0.1332,0.0097,0.0674,-1.3301,0.0937,-0.0323,0.0656,0.1987,0.0000,1.0267,0.9999,-0.0000,0.0132,0.0002,0.0002,-0.0168,-0.0000,-0.0076,-0.0019,-0.0013,-0.0002,-0.0167,-0.0001,-0.0076,-0.0017,-0.0010,0.0000,0.0191,-0.0011,-0.0004,0.0271,0.0048,0.0019,0.0000,0.0193,0.0009,0.0004,0.0274,0.0048,0.0018,-0.0001,0.0582,-0.0010,0.0052,-0.0116,0.0141,0.0017,-0.0003,0.0448,0.0017,0.0198,-0.0629,0.2665,-0.0014,0.0502,0.0111,0.0172,-0.1092,0.0696,0.0002,0.0382,-0.0281,-0.0116,0.0093,0.0148,-0.0034,-0.0002,0.0401,0.0263,0.0099,0.0104,0.0149,0.0089,0.0000,-1.0000,-1.0000,-1.0000,-1.0000,-1.0000,-1.0000,-1.0000,-1.0000,-1.0000,-1.0000,-1.0000,-1.0000,-1.0000,-1.0000,-1.0000,-1.0000,-1.0000,-1.0000,-1.0000,-1.0000,-1.0000,-1.0000,-1.0000,-1.0000,-1.0000,-1.0000,-1.0000,-1.0000,-1.0000,-1.0000,-1.0000,-1.0000,-1.0000,-1.0000,-1.0000,-1.0000,-1.0000,-1.0000,-1.0000,-1.0000,-1.0000,-1.0000,-1.0000,-1.0000,-1.0000,-1.0000,-1.0000,-1.0000,-1.0000,-1.0000,-1.0000,-1.0000,-1.0000,-1.0000,-1.0000,-1.0000,-1.0000,-1.0000,-1.0000,-1.0000,-1.0000,-1.0000,-1.0000,-1.0000,-1.0000,-1.0000,-1.0000,-1.0000,-1.0000,-1.0000,-1.0000,-1.0000,-1.0000,-1.0000,-1.0000,-1.0000,-1.0000,-1.0000,-1.0000,-1.0000,-1.0000,-1.0000,-1.0000,-1.0000,-1.0000,-1.0000,-1.0000,-1.0000,-1.0000,-1.0000,-1.0000,-1.0000,-1.0000,-1.0000,-1.0000,-1.0000,-1.0000,-1.0000,-1.0000,-1.0000,-1.0000,-1.0000,-1.0000,-1.0000,-1.0000,-1.0000,-1.0000,-1.0000,-1.0000,-1.0000,-1.0000,-1.0000,-1.0000,-1.0000,-1.0000,-1.0000,-1.0000,-1.0000,-1.0000,-1.0000,-1.0000,1.7720,1.7544,1.7633,1.7550,1.7651,1.7464,1.1817,1.2647,1.4188,1.3028,1.2230,1.4880,1.3619,1.3588,1.2124,1.4059,1.3191,1.3448,1.4651,1.4244,1.3843,1.3719,1.3166,1.3327,1.3290,1.2332,1.2656,1.2448,1.2201,1.2671,1.1899,1.1180,1.1636,1.1659,1.1132,1.1868,1.1467,1.1855,1.1076,1.1239,1.3480,1.4678,1.4274,1.3874,1.3744,1.3196,1.3366,1.3313,1.2365,1.2693,1.2486,1.2234,1.2695,1.1937,1.1224,1.1677,1.1701,1.1176,1.1905,1.1510,1.1888,1.1114,1.1281,0,1.0000,-3.8126,0.2856,-2.5528
206,0.4120,-0.1359,0.0099,0.0673,-1.3301,0.0937,-0.0519,0.0656,0.1988,0.0000,1.0267,0.9999,-0.0000,0.0132,0.0002,0.0002,-0.0168,-0.0000,-0.0076,-0.0020,-0.0007,-0.0002,-0.0166,-0.0001,-0.0075,-0.0020,-0.0010,0.0000,0.0192,-0.0012,-0.0004,0.0271,0.0048,0.0019,0.0000,0.0194,0.0009,0.0004,0.0274,0.0048,0.0019,-0.0001,0.0586,-0.0008,0.0066,-0.0065,0.0153,0.0018,-0.0006,0.0433,-0.0047,0.0200,-0.0548,0.2679,-0.0013,0.0516,0.0070,0.0156,-0.1284,0.0239,-0.0006,0.0437,-0.0259,-0.0120,0.0142,0.0148,-0.0028,-0.0002,0.0439,0.0279,0.0090,0.0114,0.0149,0.0099,0.0000,-1.0000,-1.0000,-1.0000,-1.0000,-1.0000,-1.0000,-1.0000,-1.0000,-1.0000,-1.0000,-1.0000,-1.0000,-1.0000,-1.0000,-1.0000,-1.0000,-1.0000,-1.0000,-1.0000,-1.0000,-1.0000,-1.0000,-1.0000,-1.0000,-1.0000,-1.0000,-1.0000,-1.0000,-1.0000,-1.0000,-1.0000,-1.0000,-1.0000,-1.0000,-1.0000,-1.0000,-1.0000,-1.0000,-1.0000,-1.0000,-1.0000,-1.0000,-1.0000,-1.0000,-1.0000,-1.0000,-1.0000,-1.0000,-1.0000,-1.0000,-1.0000,-1.0000,-1.0000,-1.0000,-1.0000,-1.0000,-1.0000,-1.0000,-1.0000,-1.0000,-1.0000,-1.0000,-1.0000,-1.0000,-1.0000,-1.0000,-1.0000,-1.0000,-1.0000,-1.0000,-1.0000,-1.0000,-1.0000,-1.0000,-1.0000,-1.0000,-1.0000,-1.0000,-1.0000,-1.0000,-1.0000,-1.0000,-1.0000,-1.0000,-1.0000,-1.0000,-1.0000,-1.0000,-1.0000,-1.0000,-1.0000,-1.0000,-1.0000,-1.0000,-1.0000,-1.0000,-1.0000,-1.0000,-1.0000,-1.0000,-1.0000,-1.0000,-1.0000,-1.0000,-1.0000,-1.0000,-1.0000,-1.0000,-1.0000,-1.0000,-1.0000,-1.0000,-1.0000,-1.0000,-1.0000,-1.0000,-1.0000,-1.0000,-1.0000,-1.0000,-1.0000,1.7727,1.7553,1.7640,1.7556,1.7659,1.7471,1.1823,1.2657,1.4197,1.3034,1.2240,1.4888,1.3625,1.3598,1.2130,1.4065,1.3200,1.3457,1.4659,1.4252,1.3851,1.3727,1.3173,1.3335,1.3298,1.2340,1.2662,1.2456,1.2208,1.2679,1.1906,1.1188,1.1646,1.1667,1.1141,1.1878,1.1475,1.1865,1.1086,1.1248,1.3489,1.4687,1.4283,1.3883,1.3752,1.3203,1.3373,1.3322,1.2374,1.2700,1.2495,1.2242,1.2704,1.1945,1.1234,1.1688,1.1711,1.1186,1.1916,1.1519,1.1899,1.1126,1.1291,0,1.0000,-3.8126,0.2856,-2.5528
206,0.4120,-0.1359,0.0099,0.0673,-1.3301,0.0937,-0.0519,0.0656,0.1988,0.0000,1.0267,0.9999,-0.0000,0.0132,0.0002,0.0002,-0.0168,-0.0000,-0.0076,-0.0020,-0.0007,-0.0002,-0.0166,-0.0001,-0.0075,-0.0020,-0.0010,0.0000,0.0192,-0.0012,-0.0004,0.0271,0.0048,0.0019,0.0000,0.0194,0.0009,0.0004,0.0274,0.0048,0.0019,-0.0001,0.0586,-0.0008,0.0066,-0.0065,0.0153,0.0018,-0.0006,0.0433,-0.0047,0.0200,-0.0548,0.2679,-0.0013,0.0516,0.0070,0.0156,-0.1284,0.0239,-0.0006,0.0437,-0.0259,-0.0120,0.0142,0.0148,-0.0028,-0.0002,0.0439,0.0279,0.0090,0.0114,0.0149,0.0099,0.0000,-1.0000,-1.0000,-1.0000,-1.0000,-1.0000,-1.0000,-1.0000,-1.0000,-1.0000,-1.0000,-1.0000,-1.0000,-1.0000,-1.0000,-1.0000,-1.0000,-1.0000,-1.0000,-1.0000,-1.0000,-1.0000,-1.0000,-1.0000,-1.0000,-1.0000,-1.0000,-1.0000,-1.0000,-1.0000,-1.0000,-1.0000,-1.0000,-1.0000,-1.0000,-1.0000,-1.0000,-1.0000,-1.0000,-1.0000,-1.0000,-1.0000,-1.0000,-1.0000,-1.0000,-1.0000,-1.0000,-1.0000,-1.0000,-1.0000,-1.0000,-1.0000,-1.0000,-1.0000,-1.0000,-1.0000,-1.0000,-1.0000,-1.0000,-1.0000,-1.0000,-1.0000,-1.0000,-1.0000,-1.0000,-1.0000,-1.0000,-1.0000,-1.0000,-1.0000,-1.0000,-1.0000,-1.0000,-1.0000,-1.0000,-1.0000,-1.0000,-1.0000,-1.0000,-1.0000,-1.0000,-1.0000,-1.0000,-1.0000,-1.0000,-1.0000,-1.0000,-1.0000,-1.0000,-1.0000,-1.0000,-1.0000,-1.0000,-1.0000,-1.0000,-1.0000,-1.0000,-1.0000,-1.0000,-1.0000,-1.0000,-1.0000,-1.0000,-1.0000,-1.0000,-1.0000,-1.0000,-1.0000,-1.0000,-1.0000,-1.0000,-1.0000,-1.0000,-1.0000,-1.0000,-1.0000,-1.0000,-1.0000,-1.0000,-1.0000,-1.0000,-1.0000,1.7727,1.7553,1.7640,1.7556,1.7659,1.7471,1.1823,1.2657,1.4197,1.3034,1.2240,1.4888,1.3625,1.3598,1.2130,1.4065,1.3200,1.3457,1.4659,1.4252,1.3851,1.3727,1.3173,1.3335,1.3298,1.2340,1.2662,1.2456,1.2208,1.2679,1.1906,1.1188,1.1646,1.1667,1.1141,1.1878,1.1475,1.1865,1.1086,1.1248,1.3489,1.4687,1.4283,1.3883,1.3752,1.3203,1.3373,1.3322,1.2374,1.2700,1.2495,1.2242,1.2704,1.1945,1.1234,1.1688,1.1711,1.1186,1.1916,1.1519,1.1899,1.1126,1.1291,0,1.0000,-3.8126,0.2856,-2.5528
207,0.4140,-0.1385,0.0101,0.0672,-1.3301,0.0937,-0.0715,0.0656,0.1990,0.0000,1.0267,0.9999,-0.0000,0.0132,0.0003,0.0002,-0.0167,-0.0000,-0.0075,-0.0021,0.0001,-0.0002,-0.0165,-0.0000,-0.0075,-0.0023,-0.0011,0.0000,0.0193,-0.0012,-0.0004,0.0271,0.0048,0.0019,0.0000,0.0195,0.0010,0.0004,0.0274,0.0049,0.0019,-0.0001,0.0590,-0.0015,0.0043,-0.0181,0.0157,0.0010,-0.0010,0.0444,0.0035,0.0199,-0.0678,0.4006,-0.0009,0.0541,0.0241,0.0134,-0.1480,-0.0272,0.0013,0.0450,-0.0287,-0.0102,0.0071,0.0148,-0.0025,-0.0002,0.0482,0.0240,0.0102,0.0121,0.0150,0.0108,0.0000,-1.0000,-1.0000,-1.0000,-1.0000,-1.0000,-1.0000,-1.0000,-1.0000,-1.0000,-1.0000,-1.0000,-1.0000,-1.0000,-1.0000,-1.0000,-1.0000,-1.0000,-1.0000,-1.0000,-1.0000,-1.0000,-1.0000,-1.0000,-1.0000,-1.0000,-1.0000,-1.0000,-1.0000,-1.0000,-1.0000,-1.0000,-1.0000,-1.0000,-1.0000,-1.0000,-1.0000,-1.0000,-1.0000,-1.0000,-1.0000,-1.0000,-1.0000,-1.0000,-1.0000,-1.0000,-1.0000,-1.0000,-1.0000,-1.0000,-1.0000,-1.0000,-1.0000,-1.0000,-1.0000,-1.0000,-1.0000,-1.0000,-1.0000,-1.0000,-1.0000,-1.0000,-1.0000,-1.0000,-1.0000,-1.0000,-1.0000,-1.0000,-1.0000,-1.0000,-1.0000,-1.0000,-1.0000,-1.0000,-1.0000,-1.0000,-1.0000,-1.0000,-1.0000,-1.0000,-1.0000,-1.0000,-1.0000,-1.0000,-1.0000,-1.0000,-1.0000,-1.0000,-1.0000,-1.0000,-1.0000,-1.0000,-1.0000,-1.0000,-1.0000,-1.0000,-1.0000,-1.0000,-1.0000,-1.0000,-1.0000,-1.0000,-1.0000,-1.0000,-1.0000,-1.0000,-1.0000,-1.0000,-1.0000,-1.0000,-1.0000,-1.0000,-1.0000,-1.0000,-1.0000,-1.0000,-1.0000,-1.0000,-1.0000,-1.0000,-1.0000,-1.0000,1.7735,1.7561,1.7647,1.7563,1.7667,1.7478,1.1831,1.2668,1.4207,1.3041,1.2250,1.4896,1.3631,1.3608,1.2137,1.4071,1.3210,1.3466,1.4667,1.4260,1.3860,1.3736,1.3180,1.3342,1.3307,1.2349,1.2670,1.2464,1.2215,1.2687,1.1914,1.1197,1.1657,1.1677,1.1151,1.1889,1.1483,1.1876,1.1097,1.1259,1.3498,1.4695,1.4292,1.3892,1.3762,1.3210,1.3382,1.3331,1.2384,1.2708,1.2504,1.2250,1.2712,1.1954,1.1243,1.1699,1.1721,1.1196,1.1928,1.1529,1.1910,1.1137,1.1303,0,1.0000,-3.8126,0.2856,-2.5528
207,0.4140,-0.1385,0.0101,0.0672,-1.3301,0.0937,-0.0715,0.0656,0.1990,0.0000,1.0267,0.9999,-0.0000,0.0132,0.0003,0.0002,-0.0167,-0.0000,-0.0075,-0.0021,0.0001,-0.0002,-0.0165,-0.0000,-0.0075,-0.0023,-0.0011,0.0000,0.0193,-0.0012,-0.0004,0.0271,0.0048,0.0019,0.0000,0.0195,0.0010,0.0004,0.0274,0.0049,0.0019,-0.0001,0.0590,-0.0015,0.0043,-0.0181,0.0157,0.0010,-0.0010,0.0444,0.0035,0.0199,-0.0678,0.4006,-0.0009,0.0541,0.0241,0.0134,-0.1480,-0.0272,0.0013,0.0450,-0.0287,-0.0102,0.0071,0.0148,-0.0025,-0.0002,0.0482,0.0240,0.0102,0.0121,0.0150,0.0108,0.0000,-1.0000,-1.0000,-1.0000,-1.0000,-1.0000,-1.0000,-1.0000,-1.0000,-1.0000,-1.0000,-1.0000,-1.0000,-1.0000,-1.0000,-1.0000,-1.0000,-1.0000,-1.0000,-1.0000,-1.0000,-1.0000,-1.0000,-1.0000,-1.0000,-1.0000,-1.0000,-1.0000,-1.0000,-1.0000,-1.0000,-1.0000,-1.0000,-1.0000,-1.0000,-1.0000,-1.0000,-1.0000,-1.0000,-1.0000,-1.0000,-1.0000,-1.0000,-1.0000,-1.0000,-1.0000,-1.0000,-1.0000,-1.0000,-1.0000,-1.0000,-1.0000,-1.0000,-1.0000,-1.0000,-1.0000,-1.0000,-1.0000,-1.0000,-1.0000,-1.0000,-1.0000,-1.0000,-1.0000,-1.0000,-1.0000,-1.0000,-1.0000,-1.0000,-1.0000,-1.0000,-1.0000,-1.0000,-1.0000,-1.0000,-1.0000,-1.0000,-1.0000,-1.0000,-1.0000,-1.0000,-1.0000,-1.0000,-1.0000,-1.0000,-1.0000,-1.0000,-1.0000,-1.0000,-1.0000,-1.0000,-1.0000,-1.0000,-1.0000,-1.0000,-1.0000,-1.0000,-1.0000,-1.0000,-1.0000,-1.0000,-1.0000,-1.0000,-1.0000,-1.0000,-1.0000,-1.0000,-1.0000,-1.0000,-1.0000,-1.0000,-1.0000,-1.0000,-1.0000,-1.0000,-1.0000,-1.0000,-1.0000,-1.0000,-1.0000,-1.0000,-1.0000,1.7735,1.7561,1.7647,1.7563,1.7667,1.7478,1.1831,1.2668,1.4207,1.3041,1.2250,1.4896,1.3631,1.3608,1.2137,1.4071,1.3210,1.3466,1.4667,1.4260,1.3860,1.3736,1.3180,1.3342,1.3307,1.2349,1.2670,1.2464,1.2215,1.2687,1.1914,1.1197,1.1657,1.1677,1.1151,1.1889,1.1483,1.1876,1.1097,1.1259,1.3498,1.4695,1.4292,1.3892,1.3762,1.3210,1.3382,1.3331,1.2384,1.2708,1.2504,1.2250,1.2712,1.1954,1.1243,1.1699,1.1721,1.1196,1.1928,1.1529,1.1910,1.1137,1.1303,0,1.0000,-3.8126,0.2856,-2.5528
208,0.4160,-0.1412,0.0102,0.0670,-1.3301,0.0937,-0.0911,0.0656,0.1991,0.0000,1.0267,0.9999,-0.0000,0.0132,0.0003,0.0002,-0.0166,-0.0000,-0.0075,-0.0023,0.0006,-0.0002,-0.0164,0.0000,-0.0075,-0.0026,-0.0012,0.0000,0.0194,-0.0013,-0.0005,0.0271,0.0049,0.0019,0.0000,0.0196,0.0010,0.0005,0.0275,0.0049,0.0019,-0.0001,0.0595,-0.0013,0.0047,-0.0165,0.0168,0.0011,-0.0000,0.0466,0.0073,0.0178,-0.0944,0.2725,-0.0009,0.0554,0.0241,0.0118,-0.1638,-0.0694,0.0008,0.0492,-0.0280,-0.0103,0.0090,0.0148,-0.0019,-0.0002,0.0518,0.0238,0.0096,0.0124,0.0150,0.0117,0.0000,-1.0000,-1.0000,-1.0000,-1.0000,-1.0000,-1.0000,-1.0000,-1.0000,-1.0000,-1.0000,-1.0000,-1.0000,-1.0000,-1.0000,-1.0000,-1.0000,-1.0000,-1.0000,-1.0000,-1.0000,-1.0000,-1.0000,-1.0000,-1.0000,-1.0000,-1.0000,-1.0000,-1.0000,-1.0000,-1.0000,-1.0000,-1.0000,-1.0000,-1.0000,-1.0000,-1.0000,-1.0000,-1.0000,-1.0000,-1.0000,-1.0000,-1.0000,-1.0000,-1.0000,-1.0000,-1.0000,-1.0000,-1.0000,-1.0000,-1.0000,-1.0000,-1.0000,-1.0000,-1.0000,-1.0000,-1.0000,-1.0000,-1.0000,-1.0000,-1.0000,-1.0000,-1.0000,-1.0000,-1.0000,-1.0000,-1.0000,-1.0000,-1.0000,-1.0000,-1.0000,-1.0000,-1.0000,-1.0000,-1.0000,-1.0000,-1.0000,-1.0000,-1.0000,-1.0000,-1.0000,-1.0000,-1.0000,-1.0000,-1.0000,-1.0000,-1.0000,-1.0000,-1.0000,-1.0000,-1.0000,-1.0000,-1.0000,-1.0000,-1.0000,-1.0000,-1.0000,-1.0000,-1.0000,-1.0000,-1.0000,-1.0000,-1.0000,-1.0000,-1.0000,-1.0000,-1.0000,-1.0000,-1.0000,-1.0000,-1.0000,-1.0000,-1.0000,-1.0000,-1.0000,-1.0000,-1.0000,-1.0000,-1.0000,-1.0000,-1.0000,-1.0000,1.7743,1.7570,1.7655,1.7570,1.7676,1.7486,1.1838,1.2679,1.4217,1.3048,1.2261,1.4904,1.3638,1.3618,1.2145,1.4078,1.3221,1.3475,1.4676,1.4269,1.3869,1.3745,1.3187,1.3350,1.3316,1.2359,1.2677,1.2472,1.2222,1.2695,1.1922,1.1206,1.1668,1.1686,1.1161,1.1900,1.1492,1.1887,1.1108,1.1269,1.3508,1.4705,1.4301,1.3902,1.3771,1.3218,1.3391,1.3340,1.2394,1.2717,1.2513,1.2258,1.2721,1.1963,1.1253,1.1711,1.1731,1.1207,1.1939,1.1538,1.1921,1.1149,1.1314,0,1.0000,-3.8126,0.2856,-2.5528
209,0.4180,-0.1438,0.0104,0.0668,-1.3301,0.0937,-0.1107,0.0656,0.1992,0.0000,1.0268,0.9999,-0.0001,0.0132,0.0003,0.0002,-0.0165,0.0000,-0.0075,-0.0025,0.0008,-0.0002,-0.0163,0.0001,-0.0074,-0.0029,-0.0012,0.0000,0.0195,-0.0013,-0.0005,0.0271,0.0049,0.0019,0.0000,0.0197,0.0011,0.0005,0.0275,0.0049,0.0019,-0.0001,0.0599,-0.0016,0.0044,-0.0260,0.0175,0.0005,0.0003,0.0466,0.0283,0.0178,-0.0994,0.0805,-0.0009,0.0526,0.0334,0.0130,-0.1391,-0.0208,0.0023,0.0516,-0.0309,-0.0089,0.0063,0.0148,-0.0015,-0.0002,0.0565,0.0200,0.0104,0.0157,0.0151,0.0127,0.0001,-1.0000,-1.0000,-1.0000,-1.0000,-1.0000,-1.0000,-1.0000,-1.0000,-1.0000,-1.0000,-1.0000,-1.0000,-1.0000,-1.0000,-1.0000,-1.0000,-1.0000,-1.0000,-1.0000,-1.0000,-1.0000,-1.0000,-1.0000,-1.0000,-1.0000,-1.0000,-1.0000,-1.0000,-1.0000,-1.0000,-1.0000,-1.0000,-1.0000,-1.0000,-1.0000,-1.0000,-1.0000,-1.0000,-1.0000,-1.0000,-1.0000,-1.0000,-1.0000,-1.0000,-1.0000,-1.0000,-1.0000,-1.0000,-1.0000,-1.0000,-1.0000,-1.0000,-1.0000,-1.0000,-1.0000,-1.0000,-1.0000,-1.0000,-1.0000,-1.0000,-1.0000,-1.0000,-1.0000,-1.0000,-1.0000,-1.0000,-1.0000,-1.0000,-1.0000,-1.0000,-1.0000,-1.0000,-1.0000,-1.0000,-1.0000,-1.0000,-1.0000,-1.0000,-1.0000,-1.0000,-1.0000,-1.0000,-1.0000,-1.0000,-1.0000,-1.0000,-1.0000,-1.0000,-1.0000,-1.0000,-1.0000,-1.0000,-1.0000,-1.0000,-1.0000,-1.0000,-1.0000,-1.0000,-1.0000,-1.0000,-1.0000,-1.0000,-1.0000,-1.0000,-1.0000,-1.0000,-1.0000,-1.0000,-1.0000,-1.0000,-1.0000,-1.0000,-1.0000,-1.0000,-1.0000,-1.0000,-1.0000,-1.0000,-1.0000,-1.0000,-1.0000,1.7751,1.7580,1.7663,1.7578,1.7685,1.7495,1.1846,1.2690,1.4227,1.3056,1.2273,1.4912,1.3645,1.3628,1.2153,1.4085,1.3231,1.3484,1.4685,1.4279,1.3878,1.3754,1.3195,1.3358,1.3325,1.2369,1.2686,1.2481,1.2231,1.2704,1.1931,1.1215,1.1679,1.1696,1.1171,1.1911,1.1501,1.1898,1.1120,1.1280,1.3518,1.4715,1.4311,1.3912,1.3781,1.3227,1.3400,1.3350,1.2405,1.2726,1.2523,1.2267,1.2731,1.1972,1.1263,1.1724,1.1742,1.1218,1.1951,1.1549,1.1933,1.1161,1.1326,0,1.0000,-3.8126,0.2856,-2.5528
209,0.4180,-0.1438,0.0104,0.0668,-1.3301,0.0937,-0.1107,0.0656,0.1992,0.0000,1.0268,0.9999,-0.0001,0.0132,0.0003,0.0002,-0.0165,0.0000,-0.0075,-0.0025,0.0008,-0.0002,-0.0163,0.0001,-0.0074,-0.0029,-0.0012,0.0000,0.0195,-0.0013,-0.0005,0.0271,0.0049,0.0019,0.0000,0.0197,0.0011,0.0005,0.0275,0.0049,0.0019,-0.0001,0.0599,-0.0016,0.0044,-0.0260,0.0175,0.0005,0.0003,0.0466,0.0283,0.0178,-0.0994,0.0805,-0.0009,0.0526,0.0334,0.0130,-0.1391,-0.0208,0.0023,0.0516,-0.0309,-0.0089,0.0063,0.0148,-0.0015,-0.0002,0.0565,0.0200,0.0104,0.0157,0.0151,0.0127,0.0001,-1.0000,-1.0000,-1.0000,-1.0000,-1.0000,-1.0000,-1.0000,-1.0000,-1.0000,-1.0000,-1.0000,-1.0000,-1.0000,-1.0000,-1.0000,-1.0000,-1.0000,-1.0000,-1.0000,-1.0000,-1.0000,-1.0000,-1.0000,-1.0000,-1.0000,-1.0000,-1.0000,-1.0000,-1.0000,-1.0000,-1.0000,-1.0000,-1.0000,-1.0000,-1.0000,-1.0000,-1.0000,-1.0000,-1.0000,-1.0000,-1.0000,-1.0000,-1.0000,-1.0000,-1.0000,-1.0000,-1.0000,-1.0000,-1.0000,-1.0000,-1.0000,-1.0000,-1.0000,-1.0000,-1.0000,-1.0000,-1.0000,-1.0000,-1.0000,-1.0000,-1.0000,-1.0000,-1.0000,-1.0000,-1.0000,-1.0000,-1.0000,-1.0000,-1.0000,-1.0000,-1.0000,-1.0000,-1.0000,-1.0000,-1.0000,-1.0000,-1.0000,-1.0000,-1.0000,-1.0000,-1.0000,-1.0000,-1.0000,-1.0000,-1.0000,-1.0000,-1.0000,-1.0000,-1.0000,-1.0000,-1.0000,-1.0000,-1.0000,-1.0000,-1.0000,-1.0000,-1.0000,-1.0000,-1.0000,-1.0000,-1.0000,-1.0000,-1.0000,-1.0000,-1.0000,-1.0000,-1.0000,-1.0000,-1.0000,-1.0000,-1.0000,-1.0000,-1.0000,-1.0000,-1.0000,-1.0000,-1.0000,-1.0000,-1.0000,-1.0000,-1.0000,1.7751,1.7580,1.7663,1.7578,1.7685,1.7495,1.1846,1.2690,1.4227,1.3056,1.2273,1.4912,1.3645,1.3628,1.2153,1.4085,1.3231,1.3484,1.4685,1.4279,1.3878,1.3754,1.3195,1.3358,1.3325,1.2369,1.2686,1.2481,1.2231,1.2704,1.1931,1.1215,1.1679,1.1696,1.1171,1.1911,1.1501,1.1898,1.1120,1.1280,1.3518,1.4715,1.4311,1.3912,1.3781,1.3227,1.3400,1.3350,1.2405,1.2726,1.2523,1.2267,1.2731,1.1972,1.1263,1.1724,1.1742,1.1218,1.1951,1.1549,1.1933,1.1161,1.1326,0,1.0000,-3.8126,0.2856,-2.5528
210,0.4200,-0.1465,0.0106,0.0665,-1.3301,0.0937,-0.1304,0.0656,0.1993,0.0000,1.0268,0.9999,-0.0001,0.0132,0.0003,0.0002,-0.0164,0.0001,-0.0074,-0.0027,0.0006,-0.0002,-0.0162,0.0002,-0.0074,-0.0031,-0.0012,0.0001,0.0196,-0.0014,-0.0005,0.0271,0.0049,0.0019,0.0000,0.0199,0.0011,0.0005,0.0275,0.0050,0.0020,-0.0001,0.0604,-0.0019,0.0038,-0.0357,0.0182,0.0002,0.0018,0.0466,0.0487,0.0181,-0.1050,-0.0935,-0.0009,0.0503,0.0434,0.0140,-0.1183,0.0201,0.0035,0.0536,-0.0339,-0.0076,0.0029,0.0149,-0.0012,-0.0002,0.0609,0.0160,0.0112,0.0184,0.0152,0.0136,0.0001,-1.0000,-1.0000,-1.0000,-1.0000,-1.0000,-1.0000,-1.0000,-1.0000,-1.0000,-1.0000,-1.0000,-1.0000,-1.0000,-1.0000,-1.0000,-1.0000,-1.0000,-1.0000,-1.0000,-1.0000,-1.0000,-1.0000,-1.0000,-1.0000,-1.0000,-1.0000,-1.0000,-1.0000,-1.0000,-1.0000,-1.0000,-1.0000,-1.0000,-1.0000,-1.0000,-1.0000,-1.0000,-1.0000,-1.0000,-1.0000,-1.0000,-1.0000,-1.0000,-1.0000,-1.0000,-1.0000,-1.0000,-1.0000,-1.0000,-1.0000,-1.0000,-1.0000,-1.0000,-1.0000,-1.0000,-1.0000,-1.0000,-1.0000,-1.0000,-1.0000,-1.0000,-1.0000,-1.0000,-1.0000,-1.0000,-1.0000,-1.0000,-1.0000,-1.0000,-1.0000,-1.0000,-1.0000,-1.0000,-1.0000,-1.0000,-1.0000,-1.0000,-1.0000,-1.0000,-1.0000,-1.0000,-1.0000,-1.0000,-1.0000,-1.0000,-1.0000,-1.0000,-1.0000,-1.0000,-1.0000,-1.0000,-1.0000,-1.0000,-1.0000,-1.0000,-1.0000,-1.0000,-1.0000,-1.0000,-1.0000,-1.0000,-1.0000,-1.0000,-1.0000,-1.0000,-1.0000,-1.0000,-1.0000,-1.0000,-1.0000,-1.0000,-1.0000,-1.0000,-1.0000,-1.0000,-1.0000,-1.0000,-1.0000,-1.0000,-1.0000,-1.0000,1.7760,1.7589,1.7672,1.7586,1.7694,1.7504,1.1854,1.2701,1.4238,1.3064,1.2284,1.4922,1.3653,1.3640,1.2161,1.4093,1.3243,1.3494,1.4695,1.4288,1.3888,1.3764,1.3203,1.3367,1.3335,1.2379,1.2694,1.2491,1.2239,1.2714,1.1940,1.1225,1.1691,1.1706,1.1181,1.1923,1.1511,1.1909,1.1131,1.1292,1.3529,1.4725,1.4322,1.3922,1.3792,1.3235,1.3409,1.3360,1.2416,1.2735,1.2533,1.2276,1.2740,1.1982,1.1274,1.1736,1.1754,1.1230,1.1964,1.1559,1.1946,1.1174,1.1338,0,1.0000,-3.8126,0.2856,-2.5528
211,0.4220,-0.1492,0.0108,0.0662,-1.3301,0.0937,-0.1500,0.0656,0.1994,0.0000,1.0267,0.9999,-0.0001,0.0133,0.0003,0.0002,-0.0163,0.0003,-0.0074,-0.0026,0.0002,-0.0002,-0.0161,0.0003,-0.0074,-0.0030,-0.0012,0.0001,0.0197,-0.0015,-0.0005,0.0271,0.0050,0.0019,0.0000,0.0200,0.0011,0.0005,0.0275,0.0050,0.0020,-0.0001,0.0608,-0.0018,-0.0076,-0.0368,0.0146,0.0005,0.0046,0.0320,0.0538,0.0350,0.0545,-0.1741,-0.0010,0.0329,0.0445,0.0310,0.0699,0.0227,0.0030,0.0516,-0.0332,-0.0072,-0.0142,0.0148,-0.0013,-0.0003,0.0589,0.0147,0.0104,0.0011,0.0151,0.0138,0.0001,-1.0000,-1.0000,-1.0000,-1.0000,-1.0000,-1.0000,-1.0000,-1.0000,-1.0000,-1.0000,-1.0000,-1.0000,-1.0000,-1.0000,-1.0000,-1.0000,-1.0000,-1.0000,-1.0000,-1.0000,-1.0000,-1.0000,-1.0000,-1.0000,-1.0000,-1.0000,-1.0000,-1.0000,-1.0000,-1.0000,-1.0000,-1.0000,-1.0000,-1.0000,-1.0000,-1.0000,-1.0000,-1.0000,-1.0000,-1.0000,-1.0000,-1.0000,-1.0000,-1.0000,-1.0000,-1.0000,-1.0000,-1.0000,-1.0000,-1.0000,-1.0000,-1.0000,-1.0000,-1.0000,-1.0000,-1.0000,-1.0000,-1.0000,-1.0000,-1.0000,-1.0000,-1.0000,-1.0000,-1.0000,-1.0000,-1.0000,-1.0000,-1.0000,-1.0000,-1.0000,-1.0000,-1.0000,-1.0000,-1.0000,-1.0000,-1.0000,-1.0000,-1.0000,-1.0000,-1.0000,-1.0000,-1.0000,-1.0000,-1.0000,-1.0000,-1.0000,-1.0000,-1.0000,-1.0000,-1.0000,-1.0000,-1.0000,-1.0000,-1.0000,-1.0000,-1.0000,-1.0000,-1.0000,-1.0000,-1.0000,-1.0000,-1.0000,-1.0000,-1.0000,-1.0000,-1.0000,-1.0000,-1.0000,-1.0000,-1.0000,-1.0000,-1.0000,-1.0000,-1.0000,-1.0000,-1.0000,-1.0000,-1.0000,-1.0000,-1.0000,-1.0000,1.7769,1.7600,1.7681,1.7594,1.7704,1.7513,1.1863,1.2714,1.4249,1.3072,1.2297,1.4931,1.3661,1.3651,1.2170,1.4101,1.3254,1.3505,1.4705,1.4298,1.3898,1.3774,1.3211,1.3376,1.3345,1.2389,1.2703,1.2501,1.2248,1.2723,1.1949,1.1235,1.1703,1.1717,1.1192,1.1935,1.1521,1.1921,1.1144,1.1303,1.3540,1.4736,1.4332,1.3933,1.3802,1.3245,1.3419,1.3371,1.2427,1.2745,1.2544,1.2286,1.2751,1.1993,1.1286,1.1750,1.1765,1.1242,1.1977,1.1571,1.1959,1.1187,1.1351,0,1.0000,-3.8126,0.2856,-2.5528
211,0.4220,-0.1492,0.0108,0.0662,-1.3301,0.0937,-0.1500,0.0656,0.1994,0.0000,1.0267,0.9999,-0.0001,0.0133,0.0003,0.0002,-0.0163,0.0003,-0.0074,-0.0026,0.0002,-0.0002,-0.0161,0.0003,-0.0074,-0.0030,-0.0012,0.0001,0.0197,-0.0015,-0.0005,0.0271,0.0050,0.0019,0.0000,0.0200,0.0011,0.0005,0.0275,0.0050,0.0020,-0.0001,0.0608,-0.0018,-0.0076,-0.0368,0.0146,0.0005,0.0046,0.0320,0.0538,0.0350,0.0545,-0.1741,-0.0010,0.0329,0.0445,0.0310,0.0699,0.0227,0.0030,0.0516,-0.0332,-0.0072,-0.0142,0.0148,-0.0013,-0.0003,0.0589,0.0147,0.0104,0.0011,0.0151,0.0138,0.0001,-1.0000,-1.0000,-1.0000,-1.0000,-1.0000,-1.0000,-1.0000,-1.0000,-1.0000,-1.0000,-1.0000,-1.0000,-1.0000,-1.0000,-1.0000,-1.0000,-1.0000,-1.0000,-1.0000,-1.0000,-1.0000,-1.0000,-1.0000,-1.0000,-1.0000,-1.0000,-1.0000,-1.0000,-1.0000,-1.0000,-1.0000,-1.0000,-1.0000,-1.0000,-1.0000,-1.0000,-1.0000,-1.0000,-1.0000,-1.0000,-1.0000,-1.0000,-1.0000,-1.0000,-1.0000,-1.0000,-1.0000,-1.0000,-1.0000,-1.0000,-1.0000,-1.0000,-1.0000,-1.0000,-1.0000,-1.0000,-1.0000,-1.0000,-1.0000,-1.0000,-1.0000,-1.0000,-1.0000,-1.0000,-1.0000,-1.0000,-1.0000,-1.0000,-1.0000,-1.0000,-1.0000,-1.0000,-1.0000,-1.0000,-1.0000,-1.0000,-1.0000,-1.0000,-1.0000,-1.0000,-1.0000,-1.0000,-1.0000,-1.0000,-1.0000,-1.0000,-1.0000,-1.0000,-1.0000,-1.0000,-1.0000,-1.0000,-1.0000,-1.0000,-1.0000,-1.0000,-1.0000,-1.0000,-1.0000,-1.0000,-1.0000,-1.0000,-1.0000,-1.0000,-1.0000,-1.0000,-1.0000,-1.0000,-1.0000,-1.0000,-1.0000,-1.0000,-1.0000,-1.0000,-1.0000,-1.0000,-1.0000,-1.0000,-1.0000,-1.0000,-1.0000,1.7769,1.7600,1.7681,1.7594,1.7704,1.7513,1.1863,1.2714,1.4249,1.3072,1.2297,1.4931,1.3661,1.3651,1.2170,1.4101,1.3254,1.3505,1.4705,1.4298,1.3898,1.3774,1.3211,1.3376,1.3345,1.2389,1.2703,1.2501,1.2248,1.2723,1.1949,1.1235,1.1703,1.1717,1.1192,1.1935,1.1521,1.1921,1.1144,1.1303,1.3540,1.4736,1.4332,1.3933,1.3802,1.3245,1.3419,1.3371,1.2427,1.2745,1.2544,1.2286,1.2751,1.1993,1.1286,1.1750,1.1765,1.1242,1.1977,1.1571,1.1959,1.1187,1.1351,0,1.0000,-3.8126,0.2856,-2.5528
212,0.4240,-0.1518,0.0110,0.0659,-1.3301,0.0937,-0.1696,0.0656,0.1996,0.0000,1.0267,0.9999,-0.0002,0.0133,0.0003,0.0002,-0.0162,0.0004,-0.0073,-0.0026,-0.0005,-0.0002,-0.0160,0.0003,-0.0073,-0.0029,-0.0008,0.0001,0.0198,-0.0015,-0.0005,0.0271,0.0050,0.0019,0.0000,0.0201,0.0012,0.0005,0.0275,0.0050,0.0020,-0.0001,0.0613,-0.0015,-0.0098,-0.0316,0.0151,0.0010,0.0048,0.0380,0.0555,0.0302,0.0002,-0.3441,-0.0013,0.0367,0.0294,0.0288,0.0313,0.1987,0.0018,0.0547,-0.0305,-0.0078,-0.0142,0.0147,-0.0009,-0.0003,0.0604,0.0161,0.0092,-0.0035,0.0150,0.0123,0.0001,-1.0000,-1.0000,-1.0000,-1.0000,-1.0000,-1.0000,-1.0000,-1.0000,-1.0000,-1.0000,-1.0000,-1.0000,-1.0000,-1.0000,-1.0000,-1.0000,-1.0000,-1.0000,-1.0000,-1.0000,-1.0000,-1.0000,-1.0000,-1.0000,-1.0000,-1.0000,-1.0000,-1.0000,-1.0000,-1.0000,-1.0000,-1.0000,-1.0000,-1.0000,-1.0000,-1.0000,-1.0000,-1.0000,-1.0000,-1.0000,-1.0000,-1.0000,-1.0000,-1.0000,-1.0000,-1.0000,-1.0000,-1.0000,-1.0000,-1.0000,-1.0000,-1.0000,-1.0000,-1.0000,-1.0000,-1.0000,-1.0000,-1.0000,-1.0000,-1.0000,-1.0000,-1.0000,-1.0000,-1.0000,-1.0000,-1.0000,-1.0000,-1.0000,-1.0000,-1.0000,-1.0000,-1.0000,-1.0000,-1.0000,-1.0000,-1.0000,-1.0000,-1.0000,-1.0000,-1.0000,-1.0000,-1.0000,-1.0000,-1.0000,-1.0000,-1.0000,-1.0000,-1.0000,-1.0000,-1.0000,-1.0000,-1.0000,-1.0000,-1.0000,-1.0000,-1.0000,-1.0000,-1.0000,-1.0000,-1.0000,-1.0000,-1.0000,-1.0000,-1.0000,-1.0000,-1.0000,-1.0000,-1.0000,-1.0000,-1.0000,-1.0000,-1.0000,-1.0000,-1.0000,-1.0000,-1.0000,-1.0000,-1.0000,-1.0000,-1.0000,-1.0000,1.7779,1.7610,1.7690,1.7603,1.7714,1.7522,1.1872,1.2726,1.4260,1.3081,1.2309,1.4941,1.3669,1.3663,1.2179,1.4109,1.3266,1.3515,1.4715,1.4309,1.3909,1.3785,1.3220,1.3385,1.3355,1.2400,1.2712,1.2511,1.2257,1.2733,1.1959,1.1245,1.1715,1.1728,1.1204,1.1947,1.1531,1.1934,1.1156,1.1315,1.3552,1.4746,1.4344,1.3945,1.3814,1.3254,1.3430,1.3381,1.2439,1.2755,1.2555,1.2296,1.2761,1.2003,1.1297,1.1763,1.1777,1.1255,1.1990,1.1582,1.1972,1.1201,1.1364,0,1.0000,-3.8126,0.2856,-2.5528
213,0.4260,-0.1545,0.0112,0.0655,-1.3301,0.0937,-0.1892,0.0656,0.1997,0.0000,1.0267,0.9999,-0.0002,0.0133,0.0003,0.0002,-0.0162,0.0005,-0.0073,-0.0028,-0.0013,-0.0002,-0.0160,0.0004,-0.0073,-0.0029,-0.0005,0.0001,0.0199,-0.0016,-0.0005,0.0271,0.0050,0.0019,0.0000,0.0202,0.0012,0.0006,0.0275,0.0051,0.0020,-0.0001,0.0617,-0.0013,-0.0077,-0.0316,0.0167,0.0011,0.0044,0.0444,0.0593,0.0238,-0.0663,-0.4258,-0.0013,0.0401,0.0317,0.0252,-0.0108,0.1419,0.0015,0.0591,-0.0302,-0.0079,-0.0089,0.0147,-0.0002,-0.0003,0.0644,0.0155,0.0086,0.0009,0.0150,0.0111,0.0001,-1.0000,-1.0000,-1.0000,-1.0000,-1.0000,-1.0000,-1.0000,-1.0000,-1.0000,-1.0000,-1.0000,-1.0000,-1.0000,-1.0000,-1.0000,-1.0000,-1.0000,-1.0000,-1.0000,-1.0000,-1.0000,-1.0000,-1.0000,-1.0000,-1.0000,-1.0000,-1.0000,-1.0000,-1.0000,-1.0000,-1.0000,-1.0000,-1.0000,-1.0000,-1.0000,-1.0000,-1.0000,-1.0000,-1.0000,-1.0000,-1.0000,-1.0000,-1.0000,-1.0000,-1.0000,-1.0000,-1.0000,-1.0000,-1.0000,-1.0000,-1.0000,-1.0000,-1.0000,-1.0000,-1.0000,-1.0000,-1.0000,-1.0000,-1.0000,-1.0000,-1.0000,-1.0000,-1.0000,-1.0000,-1.0000,-1.0000,-1.0000,-1.0000,-1.0000,-1.0000,-1.0000,-1.0000,-1.0000,-1.0000,-1.0000,-1.0000,-1.0000,-1.0000,-1.0000,-1.0000,-1.0000,-1.0000,-1.0000,-1.0000,-1.0000,-1.0000,-1.0000,-1.0000,-1.0000,-1.0000,-1.0000,-1.0000,-1.0000,-1.0000,-1.0000,-1.0000,-1.0000,-1.0000,-1.0000,-1.0000,-1.0000,-1.0000,-1.0000,-1.0000,-1.0000,-1.0000,-1.0000,-1.0000,-1.0000,-1.0000,-1.0000,-1.0000,-1.0000,-1.0000,-1.0000,-1.0000,-1.0000,-1.0000,-1.0000,-1.0000,-1.0000,1.7789,1.7621,1.7700,1.7612,1.7724,1.7532,1.1881,1.2738,1.4272,1.3090,1.2322,1.4951,1.3678,1.3675,1.2189,1.4118,1.3278,1.3526,1.4726,1.4319,1.3919,1.3796,1.3229,1.3395,1.3365,1.2412,1.2721,1.2521,1.2266,1.2744,1.1968,1.1256,1.1728,1.1739,1.1215,1.1959,1.1542,1.1946,1.1169,1.1328,1.3563,1.4758,1.4355,1.3956,1.3825,1.3264,1.3440,1.3393,1.2451,1.2766,1.2567,1.2306,1.2772,1.2014,1.1309,1.1777,1.1790,1.1267,1.2004,1.1594,1.1985,1.1214,1.1378,0,1.0000,-3.8126,0.2856,-2.5528
213,0.4260,-0.1545,0.0112,0.0655,-1.3301,0.0937,-0.1892,0.0656,0.1997,0.0000,1.0267,0.9999,-0.0002,0.0133,0.0003,0.0002,-0.0162,0.0005,-0.0073,-0.0028,-0.0013,-0.0002,-0.0160,0.0004,-0.0073,-0.0029,-0.0005,0.0001,0.0199,-0.0016,-0.0005,0.0271,0.0050,0.0019,0.0000,0.0202,0.0012,0.0006,0.0275,0.0051,0.0020,-0.0001,0.0617,-0.0013,-0.0077,-0.0316,0.0167,0.0011,0.0044,0.0444,0.0593,0.0238,-0.0663,-0.4258,-0.0013,0.0401,0.0317,0.0252,-0.0108,0.1419,0.0015,0.0591,-0.0302,-0.0079,-0.0089,0.0147,-0.0002,-0.0003,0.0644,0.0155,0.0086,0.0009,0.0150,0.0111,0.0001,-1.0000,-1.0000,-1.0000,-1.0000,-1.0000,-1.0000,-1.0000,-1.0000,-1.0000,-1.0000,-1.0000,-1.0000,-1.0000,-1.0000,-1.0000,-1.0000,-1.0000,-1.0000,-1.0000,-1.0000,-1.0000,-1.0000,-1.0000,-1.0000,-1.0000,-1.0000,-1.0000,-1.0000,-1.0000,-1.0000,-1.0000,-1.0000,-1.0000,-1.0000,-1.0000,-1.0000,-1.0000,-1.0000,-1.0000,-1.0000,-1.0000,-1.0000,-1.0000,-1.0000,-1.0000,-1.0000,-1.0000,-1.0000,-1.0000,-1.0000,-1.0000,-1.0000,-1.0000,-1.0000,-1.0000,-1.0000,-1.0000,-1.0000,-1.0000,-1.0000,-1.0000,-1.0000,-1.0000,-1.0000,-1.0000,-1.0000,-1.0000,-1.0000,-1.0000,-1.0000,-1.0000,-1.0000,-1.0000,-1.0000,-1.0000,-1.0000,-1.0000,-1.0000,-1.0000,-1.0000,-1.0000,-1.0000,-1.0000,-1.0000,-1.0000,-1.0000,-1.0000,-1.0000,-1.0000,-1.0000,-1.0000,-1.0000,-1.0000,-1.0000,-1.0000,-1.0000,-1.0000,-1.0000,-1.0000,-1.0000,-1.0000,-1.0000,-1.0000,-1.0000,-1.0000,-1.0000,-1.0000,-1.0000,-1.0000,-1.0000,-1.0000,-1.0000,-1.0000,-1.0000,-1.0000,-1.0000,-1.0000,-1.0000,-1.0000,-1.0000,-1.0000,1.7789,1.7621,1.7700,1.7612,1.7724,1.7532,1.1881,1.2738,1.4272,1.3090,1.2322,1.4951,1.3678,1.3675,1.2189,1.4118,1.3278,1.3526,1.4726,1.4319,1.3919,1.3796,1.3229,1.3395,1.3365,1.2412,1.2721,1.2521,1.2266,1.2744,1.1968,1.1256,1.1728,1.1739,1.1215,1.1959,1.1542,1.1946,1.1169,1.1328,1.3563,1.4758,1.4355,1.3956,1.3825,1.3264,1.3440,1.3393,1.2451,1.2766,1.2567,1.2306,1.2772,1.2014,1.1309,1.1777,1.1790,1.1267,1.2004,1.1594,1.1985,1.1214,1.1378,0,1.0000,-3.8126,0.2856,-2.5528
214,0.4280,-0.1572,0.0114,0.0652,-1.3487,0.0962,-0.1549,0.0656,0.1998,0.0000,1.0267,0.9999,-0.0002,0.0133,0.0003,0.0002,-0.0161,0.0006,-0.0072,-0.0030,-0.0022,-0.0002,-0.0159,0.0004,-0.0072,-0.0030,-0.0004,0.0001,0.0200,-0.0016,-0.0006,0.0271,0.0050,0.0019,0.0000,0.0204,0.0012,0.0006,0.0275,0.0051,0.0021,-0.0001,0.0621,-0.0007,-0.0057,-0.0245,0.0185,0.0016,0.0035,0.0497,0.0513,0.0180,-0.1210,-0.4438,-0.0008,0.0438,0.0274,0.0214,-0.0574,0.0407,0.0000,0.0642,-0.0274,-0.0088,-0.0015,0.0147,0.0004,-0.0003,0.0673,0.0172,0.0072,0.0026,0.0150,0.0098,0.0001,-1.0000,-1.0000,-1.0000,-1.0000,-1.0000,-1.0000,-1.0000,-1.0000,-1.0000,-1.0000,-1.0000,-1.0000,-1.0000,-1.0000,-1.0000,-1.0000,-1.0000,-1.0000,-1.0000,-1.0000,-1.0000,-1.0000,-1.0000,-1.0000,-1.0000,-1.0000,-1.0000,-1.0000,-1.0000,-1.0000,-1.0000,-1.0000,-1.0000,-1.0000,-1.0000,-1.0000,-1.0000,-1.0000,-1.0000,-1.0000,-1.0000,-1.0000,-1.0000,-1.0000,-1.0000,-1.0000,-1.0000,-1.0000,-1.0000,-1.0000,-1.0000,-1.0000,-1.0000,-1.0000,-1.0000,-1.0000,-1.0000,-1.0000,-1.0000,-1.0000,-1.0000,-1.0000,-1.0000,-1.0000,-1.0000,-1.0000,-1.0000,-1.0000,-1.0000,-1.0000,-1.0000,-1.0000,-1.0000,-1.0000,-1.0000,-1.0000,-1.0000,-1.0000,-1.0000,-1.0000,-1.0000,-1.0000,-1.0000,-1.0000,-1.0000,-1.0000,-1.0000,-1.0000,-1.0000,-1.0000,-1.0000,-1.0000,-1.0000,-1.0000,-1.0000,-1.0000,-1.0000,-1.0000,-1.0000,-1.0000,-1.0000,-1.0000,-1.0000,-1.0000,-1.0000,-1.0000,-1.0000,-1.0000,-1.0000,-1.0000,-1.0000,-1.0000,-1.0000,-1.0000,-1.0000,-1.0000,-1.0000,-1.0000,-1.0000,-1.0000,-1.0000,1.7799,1.7632,1.7710,1.7621,1.7735,1.7543,1.1891,1.2752,1.4284,1.3100,1.2335,1.4962,1.3687,1.3687,1.2199,1.4127,1.3291,1.3538,1.4737,1.4330,1.3931,1.3807,1.3239,1.3405,1.3377,1.2423,1.2731,1.2532,1.2276,1.2754,1.1979,1.1267,1.1741,1.1751,1.1227,1.1972,1.1553,1.1959,1.1182,1.1340,1.3576,1.4769,1.4367,1.3968,1.3837,1.3274,1.3452,1.3404,1.2464,1.2776,1.2578,1.2317,1.2784,1.2026,1.1321,1.1791,1.1803,1.1280,1.2018,1.1606,1.1999,1.1229,1.1392,0,1.0000,-3.8126,0.2856,-2.5528
214,0.4280,-0.1572,0.0114,0.0652,-1.3487,0.0962,-0.1549,0.0656,0.1998,0.0000,1.0267,0.9999,-0.0002,0.0133,0.0003,0.0002,-0.0161,0.0006,-0.0072,-0.0030,-0.0022,-0.0002,-0.0159,0.0004,-0.0072,-0.0030,-0.0004,0.0001,0.0200,-0.0016,-0.0006,0.0271,0.0050,0.0019,0.0000,0.0204,0.0012,0.0006,0.0275,0.0051,0.0021,-0.0001,0.0621,-0.0007,-0.0057,-0.0245,0.0185,0.0016,0.0035,0.0497,0.0513,0.0180,-0.1210,-0.4438,-0.0008,0.0438,0.0274,0.0214,-0.0574,0.0407,0.0000,0.0642,-0.0274,-0.0088,-0.0015,0.0147,0.0004,-0.0003,0.0673,0.0172,0.0072,0.0026,0.0150,0.0098,0.0001,-1.0000,-1.0000,-1.0000,-1.0000,-1.0000,-1.0000,-1.0000,-1.0000,-1.0000,-1.0000,-1.0000,-1.0000,-1.0000,-1.0000,-1.0000,-1.0000,-1.0000,-1.0000,-1.0000,-1.0000,-1.0000,-1.0000,-1.0000,-1.0000,-1.0000,-1.0000,-1.0000,-1.0000,-1.0000,-1.0000,-1.0000,-1.0000,-1.0000,-1.0000,-1.0000,-1.0000,-1.0000,-1.0000,-1.0000,-1.0000,-1.0000,-1.0000,-1.0000,-1.0000,-1.0000,-1.0000,-1.0000,-1.0000,-1.0000,-1.0000,-1.0000,-1.0000,-1.0000,-1.0000,-1.0000,-1.0000,-1.0000,-1.0000,-1.0000,-1.0000,-1.0000,-1.0000,-1.0000,-1.0000,-1.0000,-1.0000,-1.0000,-1.0000,-1.0000,-1.0000,-1.0000,-1.0000,-1.0000,-1.0000,-1.0000,-1.0000,-1.0000,-1.0000,-1.0000,-1.0000,-1.0000,-1.0000,-1.0000,-1.0000,-1.0000,-1.0000,-1.0000,-1.0000,-1.0000,-1.0000,-1.0000,-1.0000,-1.0000,-1.0000,-1.0000,-1.0000,-1.0000,-1.0000,-1.0000,-1.0000,-1.0000,-1.0000,-1.0000,-1.0000,-1.0000,-1.0000,-1.0000,-1.0000,-1.0000,-1.0000,-1.0000,-1.0000,-1.0000,-1.0000,-1.0000,-1.0000,-1.0000,-1.0000,-1.0000,-1.0000,-1.0000,1.7799,1.7632,1.7710,1.7621,1.7735,1.7543,1.1891,1.2752,1.4284,1.3100,1.2335,1.4962,1.3687,1.3687,1.2199,1.4127,1.3291,1.3538,1.4737,1.4330,1.3931,1.3807,1.3239,1.3405,1.3377,1.2423,1.2731,1.2532,1.2276,1.2754,1.1979,1.1267,1.1741,1.1751,1.1227,1.1972,1.1553,1.1959,1.1182,1.1340,1.3576,1.4769,1.4367,1.3968,1.3837,1.3274,1.3452,1.3404,1.2464,1.2776,1.2578,1.2317,1.2784,1.2026,1.1321,1.1791,1.1803,1.1280,1.2018,1.1606,1.1999,1.1229,1.1392,0,1.0000,-3.8126,0.2856,-2.5528
215,0.4300,-0.1599,0.0116,0.0650,-1.3638,0.0982,-0.1250,0.0656,0.1999,0.0000,1.0267,0.9999,-0.0003,0.0133,0.0003,0.0002,-0.0159,0.0007,-0.0072,-0.0033,-0.0031,-0.0002,-0.0158,0.0005,-0.0072,-0.0032,-0.0005,0.0001,0.0202,-0.0017,-0.0006,0.0271,0.0051,0.0019,0.0000,0.0205,0.0013,0.0006,0.0275,0.0051,0.0021,-0.0001,0.0626,-0.0001,-0.0041,-0.0179,0.0202,0.0020,0.0028,0.0540,0.0438,0.0129,-0.1668,-0.4612,-0.0006,0.0470,0.0234,0.0181,-0.0980,-0.0541,-0.0013,0.0689,-0.0248,-0.0095,0.0048,0.0146,0.0011,-0.0003,0.0700,0.0186,0.0059,0.0038,0.0149,0.0085,0.0001,-1.0000,-1.0000,-1.0000,-1.0000,-1.0000,-1.0000,-1.0000,-1.0000,-1.0000,-1.0000,-1.0000,-1.0000,-1.0000,-1.0000,-1.0000,-1.0000,-1.0000,-1.0000,-1.0000,-1.0000,-1.0000,-1.0000,-1.0000,-1.0000,-1.0000,-1.0000,-1.0000,-1.0000,-1.0000,-1.0000,-1.0000,-1.0000,-1.0000,-1.0000,-1.0000,-1.0000,-1.0000,-1.0000,-1.0000,-1.0000,-1.0000,-1.0000,-1.0000,-1.0000,-1.0000,-1.0000,-1.0000,-1.0000,-1.0000,-1.0000,-1.0000,-1.0000,-1.0000,-1.0000,-1.0000,-1.0000,-1.0000,-1.0000,-1.0000,-1.0000,-1.0000,-1.0000,-1.0000,-1.0000,-1.0000,-1.0000,-1.0000,-1.0000,-1.0000,-1.0000,-1.0000,-1.0000,-1.0000,-1.0000,-1.0000,-1.0000,-1.0000,-1.0000,-1.0000,-1.0000,-1.0000,-1.0000,-1.0000,-1.0000,-1.0000,-1.0000,-1.0000,-1.0000,-1.0000,-1.0000,-1.0000,-1.0000,-1.0000,-1.0000,-1.0000,-1.0000,-1.0000,-1.0000,-1.0000,-1.0000,-1.0000,-1.0000,-1.0000,-1.0000,-1.0000,-1.0000,-1.0000,-1.0000,-1.0000,-1.0000,-1.0000,-1.0000,-1.0000,-1.0000,-1.0000,-1.0000,-1.0000,-1.0000,-1.0000,-1.0000,-1.0000,1.7809,1.7643,1.7719,1.7630,1.7745,1.7552,1.1901,1.2764,1.4295,1.3109,1.2348,1.4972,1.3696,1.3700,1.2208,1.4136,1.3303,1.3549,1.4747,1.4341,1.3941,1.3818,1.3248,1.3415,1.3387,1.2434,1.2741,1.2542,1.2286,1.2765,1.1989,1.1278,1.1754,1.1762,1.1239,1.1985,1.1564,1.1972,1.1195,1.1353,1.3587,1.4781,1.4378,1.3980,1.3848,1.3284,1.3462,1.3416,1.2476,1.2787,1.2590,1.2328,1.2794,1.2036,1.1333,1.1805,1.1815,1.1293,1.2031,1.1618,1.2012,1.1242,1.1405,0,1.0000,-3.8126,0.2856,-2.5528
216,0.4320,-0.1627,0.0118,0.0648,-1.3760,0.0998,-0.0984,0.0656,0.2001,0.0000,1.0267,0.9999,-0.0003,0.0134,0.0003,0.0002,-0.0158,0.0007,-0.0072,-0.0037,-0.0035,-0.0002,-0.0157,0.0005,-0.0071,-0.0035,-0.0008,0.0001,0.0203,-0.0017,-0.0006,0.0271,0.0051,0.0019,0.0000,0.0207,0.0013,0.0006,0.0275,0.0051,0.0021,-0.0001,0.0629,-0.0002,-0.0042,-0.0183,0.0213,0.0020,0.0019,0.0525,0.0324,0.0129,-0.1577,-0.2135,-0.0002,0.0505,0.0286,0.0148,-0.1346,-0.1479,-0.0014,0.0717,-0.0237,-0.0092,0.0058,0.0146,0.0016,-0.0003,0.0727,0.0184,0.0056,0.0046,0.0149,0.0072,0.0001,-1.0000,-1.0000,-1.0000,-1.0000,-1.0000,-1.0000,-1.0000,-1.0000,-1.0000,-1.0000,-1.0000,-1.0000,-1.0000,-1.0000,-1.0000,-1.0000,-1.0000,-1.0000,-1.0000,-1.0000,-1.0000,-1.0000,-1.0000,-1.0000,-1.0000,-1.0000,-1.0000,-1.0000,-1.0000,-1.0000,-1.0000,-1.0000,-1.0000,-1.0000,-1.0000,-1.0000,-1.0000,-1.0000,-1.0000,-1.0000,-1.0000,-1.0000,-1.0000,-1.0000,-1.0000,-1.0000,-1.0000,-1.0000,-1.0000,-1.0000,-1.0000,-1.0000,-1.0000,-1.0000,-1.0000,-1.0000,-1.0000,-1.0000,-1.0000,-1.0000,-1.0000,-1.0000,-1.0000,-1.0000,-1.0000,-1.0000,-1.0000,-1.0000,-1.0000,-1.0000,-1.0000,-1.0000,-1.0000,-1.0000,-1.0000,-1.0000,-1.0000,-1.0000,-1.0000,-1.0000,-1.0000,-1.0000,-1.0000,-1.0000,-1.0000,-1.0000,-1.0000,-1.0000,-1.0000,-1.0000,-1.0000,-1.0000,-1.0000,-1.0000,-1.0000,-1.0000,-1.0000,-1.0000,-1.0000,-1.0000,-1.0000,-1.0000,-1.0000,-1.0000,-1.0000,-1.0000,-1.0000,-1.0000,-1.0000,-1.0000,-1.0000,-1.0000,-1.0000,-1.0000,-1.0000,-1.0000,-1.0000,-1.0000,-1.0000,-1.0000,-1.0000,1.7818,1.7653,1.7728,1.7639,1.7755,1.7562,1.1910,1.2777,1.4307,1.3117,1.2360,1.4981,1.3704,1.3711,1.2217,1.4144,1.3315,1.3559,1.4757,1.4351,1.3952,1.3828,1.3256,1.3424,1.3398,1.2445,1.2750,1.2552,1.2295,1.2774,1.1998,1.1289,1.1766,1.1773,1.1250,1.1997,1.1574,1.1984,1.1207,1.1365,1.3599,1.4791,1.4389,1.3991,1.3859,1.3294,1.3473,1.3426,1.2487,1.2797,1.2601,1.2337,1.2805,1.2047,1.1345,1.1818,1.1827,1.1305,1.2044,1.1629,1.2025,1.1256,1.1418,0,1.0000,-3.8126,0.2856,-2.5528
216,0.4320,-0.1627,0.0118,0.0648,-1.3760,0.0998,-0.0984,0.0656,0.2001,0.0000,1.0267,0.9999,-0.0003,0.0134,0.0003,0.0002,-0.0158,0.0007,-0.0072,-0.0037,-0.0035,-0.0002,-0.0157,0.0005,-0.0071,-0.0035,-0.0008,0.0001,0.0203,-0.0017,-0.0006,0.0271,0.0051,0.0019,0.0000,0.0207,0.0013,0.0006,0.0275,0.0051,0.0021,-0.0001,0.0629,-0.0002,-0.0042,-0.0183,0.0213,0.0020,0.0019,0.0525,0.0324,0.0129,-0.1577,-0.2135,-0.0002,0.0505,0.0286,0.0148,-0.1346,-0.1479,-0.0014,0.0717,-0.0237,-0.0092,0.0058,0.0146,0.0016,-0.0003,0.0727,0.0184,0.0056,0.0046,0.0149,0.0072,0.0001,-1.0000,-1.0000,-1.0000,-1.0000,-1.0000,-1.0000,-1.0000,-1.0000,-1.0000,-1.0000,-1.0000,-1.0000,-1.0000,-1.0000,-1.0000,-1.0000,-1.0000,-1.0000,-1.0000,-1.0000,-1.0000,-1.0000,-1.0000,-1.0000,-1.0000,-1.0000,-1.0000,-1.0000,-1.0000,-1.0000,-1.0000,-1.0000,-1.0000,-1.0000,-1.0000,-1.0000,-1.0000,-1.0000,-1.0000,-1.0000,-1.0000,-1.0000,-1.0000,-1.0000,-1.0000,-1.0000,-1.0000,-1.0000,-1.0000,-1.0000,-1.0000,-1.0000,-1.0000,-1.0000,-1.0000,-1.0000,-1.0000,-1.0000,-1.0000,-1.0000,-1.0000,-1.0000,-1.0000,-1.0000,-1.0000,-1.0000,-1.0000,-1.0000,-1.0000,-1.0000,-1.0000,-1.0000,-1.0000,-1.0000,-1.0000,-1.0000,-1.0000,-1.0000,-1.0000,-1.0000,-1.0000,-1.0000,-1.0000,-1.0000,-1.0000,-1.0000,-1.0000,-1.0000,-1.0000,-1.0000,-1.0000,-1.0000,-1.0000,-1.0000,-1.0000,-1.0000,-1.0000,-1.0000,-1.0000,-1.0000,-1.0000,-1.0000,-1.0000,-1.0000,-1.0000,-1.0000,-1.0000,-1.0000,-1.0000,-1.0000,-1.0000,-1.0000,-1.0000,-1.0000,-1.0000,-1.0000,-1.0000,-1.0000,-1.0000,-1.0000,-1.0000,1.7818,1.7653,1.7728,1.7639,1.7755,1.7562,1.1910,1.2777,1.4307,1.3117,1.2360,1.4981,1.3704,1.3711,1.2217,1.4144,1.3315,1.3559,1.4757,1.4351,1.3952,1.3828,1.3256,1.3424,1.3398,1.2445,1.2750,1.2552,1.2295,1.2774,1.1998,1.1289,1.1766,1.1773,1.1250,1.1997,1.1574,1.1984,1.1207,1.1365,1.3599,1.4791,1.4389,1.3991,1.3859,1.3294,1.3473,1.3426,1.2487,1.2797,1.2601,1.2337,1.2805,1.2047,1.1345,1.1818,1.1827,1.1305,1.2044,1.1629,1.2025,1.1256,1.1418,0,1.0000,-3.8126,0.2856,-2.5528
217,0.4340,-0.1654,0.0120,0.0646,-1.3858,0.1012,-0.0757,0.0656,0.2002,0.0000,1.0267,0.9999,-0.0003,0.0134,0.0003,0.0002,-0.0157,0.0008,-0.0071,-0.0040,-0.0035,-0.0002,-0.0156,0.0006,-0.0071,-0.0038,-0.0013,0.0001,0.0205,-0.0018,-0.0006,0.0271,0.0051,0.0019,0.0000,0.0208,0.0013,0.0006,0.0275,0.0052,0.0021,-0.0001,0.0633,-0.0004,-0.0048,-0.0199,0.0223,0.0019,0.0012,0.0511,0.0236,0.0129,-0.1501,0.0098,0.0002,0.0537,0.0351,0.0118,-0.1669,-0.2368,-0.0012,0.0740,-0.0230,-0.0087,0.0056,0.0146,0.0020,-0.0004,0.0752,0.0177,0.0054,0.0050,0.0149,0.0059,0.0001,-1.0000,-1.0000,-1.0000,-1.0000,-1.0000,-1.0000,-1.0000,-1.0000,-1.0000,-1.0000,-1.0000,-1.0000,-1.0000,-1.0000,-1.0000,-1.0000,-1.0000,-1.0000,-1.0000,-1.0000,-1.0000,-1.0000,-1.0000,-1.0000,-1.0000,-1.0000,-1.0000,-1.0000,-1.0000,-1.0000,-1.0000,-1.0000,-1.0000,-1.0000,-1.0000,-1.0000,-1.0000,-1.0000,-1.0000,-1.0000,-1.0000,-1.0000,-1.0000,-1.0000,-1.0000,-1.0000,-1.0000,-1.0000,-1.0000,-1.0000,-1.0000,-1.0000,-1.0000,-1.0000,-1.0000,-1.0000,-1.0000,-1.0000,-1.0000,-1.0000,-1.0000,-1.0000,-1.0000,-1.0000,-1.0000,-1.0000,-1.0000,-1.0000,-1.0000,-1.0000,-1.0000,-1.0000,-1.0000,-1.0000,-1.0000,-1.0000,-1.0000,-1.0000,-1.0000,-1.0000,-1.0000,-1.0000,-1.0000,-1.0000,-1.0000,-1.0000,-1.0000,-1.0000,-1.0000,-1.0000,-1.0000,-1.0000,-1.0000,-1.0000,-1.0000,-1.0000,-1.0000,-1.0000,-1.0000,-1.0000,-1.0000,-1.0000,-1.0000,-1.0000,-1.0000,-1.0000,-1.0000,-1.0000,-1.0000,-1.0000,-1.0000,-1.0000,-1.0000,-1.0000,-1.0000,-1.0000,-1.0000,-1.0000,-1.0000,-1.0000,-1.0000,1.7827,1.7663,1.7737,1.7647,1.7764,1.7571,1.1918,1.2788,1.4318,1.3125,1.2372,1.4991,1.3712,1.3723,1.2226,1.4152,1.3326,1.3569,1.4767,1.4361,1.3962,1.3838,1.3265,1.3433,1.3407,1.2456,1.2759,1.2562,1.2304,1.2784,1.2008,1.1299,1.1778,1.1784,1.1261,1.2009,1.1584,1.1996,1.1220,1.1377,1.3610,1.4802,1.4400,1.4002,1.3870,1.3303,1.3482,1.3437,1.2499,1.2807,1.2611,1.2347,1.2815,1.2057,1.1356,1.1831,1.1839,1.1317,1.2057,1.1640,1.2038,1.1269,1.1431,0,1.0000,-3.8126,0.2856,-2.5528
217,0.4340,-0.1654,0.0120,0.0646,-1.3858,0.1012,-0.0757,0.0656,0.2002,0.0000,1.0267,0.9999,-0.0003,0.0134,0.0003,0.0002,-0.0157,0.0008,-0.0071,-0.0040,-0.0035,-0.0002,-0.0156,0.0006,-0.0071,-0.0038,-0.0013,0.0001,0.0205,-0.0018,-0.0006,0.0271,0.0051,0.0019,0.0000,0.0208,0.0013,0.0006,0.0275,0.0052,0.0021,-0.0001,0.0633,-0.0004,-0.0048,-0.0199,0.0223,0.0019,0.0012,0.0511,0.0236,0.0129,-0.1501,0.0098,0.0002,0.0537,0.0351,0.0118,-0.1669,-0.2368,-0.0012,0.0740,-0.0230,-0.0087,0.0056,0.0146,0.0020,-0.0004,0.0752,0.0177,0.0054,0.0050,0.0149,0.0059,0.0001,-1.0000,-1.0000,-1.0000,-1.0000,-1.0000,-1.0000,-1.0000,-1.0000,-1.0000,-1.0000,-1.0000,-1.0000,-1.0000,-1.0000,-1.0000,-1.0000,-1.0000,-1.0000,-1.0000,-1.0000,-1.0000,-1.0000,-1.0000,-1.0000,-1.0000,-1.0000,-1.0000,-1.0000,-1.0000,-1.0000,-1.0000,-1.0000,-1.0000,-1.0000,-1.0000,-1.0000,-1.0000,-1.0000,-1.0000,-1.0000,-1.0000,-1.0000,-1.0000,-1.0000,-1.0000,-1.0000,-1.0000,-1.0000,-1.0000,-1.0000,-1.0000,-1.0000,-1.0000,-1.0000,-1.0000,-1.0000,-1.0000,-1.0000,-1.0000,-1.0000,-1.0000,-1.0000,-1.0000,-1.0000,-1.0000,-1.0000,-1.0000,-1.0000,-1.0000,-1.0000,-1.0000,-1.0000,-1.0000,-1.0000,-1.0000,-1.0000,-1.0000,-1.0000,-1.0000,-1.0000,-1.0000,-1.0000,-1.0000,-1.0000,-1.0000,-1.0000,-1.0000,-1.0000,-1.0000,-1.0000,-1.0000,-1.0000,-1.0000,-1.0000,-1.0000,-1.0000,-1.0000,-1.0000,-1.0000,-1.0000,-1.0000,-1.0000,-1.0000,-1.0000,-1.0000,-1.0000,-1.0000,-1.0000,-1.0000,-1.0000,-1.0000,-1.0000,-1.0000,-1.0000,-1.0000,-1.0000,-1.0000,-1.0000,-1.0000,-1.0000,-1.0000,1.7827,1.7663,1.7737,1.7647,1.7764,1.7571,1.1918,1.2788,1.4318,1.3125,1.2372,1.4991,1.3712,1.3723,1.2226,1.4152,1.3326,1.3569,1.4767,1.4361,1.3962,1.3838,1.3265,1.3433,1.3407,1.2456,1.2759,1.2562,1.2304,1.2784,1.2008,1.1299,1.1778,1.1784,1.1261,1.2009,1.1584,1.1996,1.1220,1.1377,1.3610,1.4802,1.4400,1.4002,1.3870,1.3303,1.3482,1.3437,1.2499,1.2807,1.2611,1.2347,1.2815,1.2057,1.1356,1.1831,1.1839,1.1317,1.2057,1.1640,1.2038,1.1269,1.1431,0,1.0000,-3.8126,0.2856,-2.5528
218,0.4360,-0.1682,0.0122,0.0645,-1.3934,0.1022,-0.0566,0.0656,0.2003,0.0000,1.0267,0.9999,-0.0003,0.0134,0.0003,0.0002,-0.0156,0.0008,-0.0071,-0.0042,-0.0034,-0.0002,-0.0155,0.0007,-0.0071,-0.0042,-0.0018,0.0001,0.0206,-0.0018,-0.0006,0.0271,0.0052,0.0019,0.0000,0.0210,0.0014,0.0006,0.0276,0.0052,0.0021,-0.0001,0.0637,0.0001,-0.0016,-0.0100,0.0242,0.0022,0.0005,0.0476,0.0087,0.0133,-0.1265,0.0625,-0.0002,0.0546,0.0242,0.0098,-0.1889,-0.2616,-0.0027,0.0795,-0.0188,-0.0097,0.0156,0.0146,0.0028,-0.0004,0.0777,0.0208,0.0038,0.0078,0.0149,0.0048,0.0001,-1.0000,-1.0000,-1.0000,-1.0000,-1.0000,-1.0000,-1.0000,-1.0000,-1.0000,-1.0000,-1.0000,-1.0000,-1.0000,-1.0000,-1.0000,-1.0000,-1.0000,-1.0000,-1.0000,-1.0000,-1.0000,-1.0000,-1.0000,-1.0000,-1.0000,-1.0000,-1.0000,-1.0000,-1.0000,-1.0000,-1.0000,-1.0000,-1.0000,-1.0000,-1.0000,-1.0000,-1.0000,-1.0000,-1.0000,-1.0000,-1.0000,-1.0000,-1.0000,-1.0000,-1.0000,-1.0000,-1.0000,-1.0000,-1.0000,-1.0000,-1.0000,-1.0000,-1.0000,-1.0000,-1.0000,-1.0000,-1.0000,-1.0000,-1.0000,-1.0000,-1.0000,-1.0000,-1.0000,-1.0000,-1.0000,-1.0000,-1.0000,-1.0000,-1.0000,-1.0000,-1.0000,-1.0000,-1.0000,-1.0000,-1.0000,-1.0000,-1.0000,-1.0000,-1.0000,-1.0000,-1.0000,-1.0000,-1.0000,-1.0000,-1.0000,-1.0000,-1.0000,-1.0000,-1.0000,-1.0000,-1.0000,-1.0000,-1.0000,-1.0000,-1.0000,-1.0000,-1.0000,-1.0000,-1.0000,-1.0000,-1.0000,-1.0000,-1.0000,-1.0000,-1.0000,-1.0000,-1.0000,-1.0000,-1.0000,-1.0000,-1.0000,-1.0000,-1.0000,-1.0000,-1.0000,-1.0000,-1.0000,-1.0000,-1.0000,-1.0000,-1.0000,1.7836,1.7673,1.7746,1.7655,1.7774,1.7579,1.1927,1.2800,1.4328,1.3133,1.2384,1.5000,1.3720,1.3734,1.2234,1.4160,1.3337,1.3579,1.4777,1.4371,1.3971,1.3848,1.3273,1.3442,1.3417,1.2466,1.2767,1.2571,1.2312,1.2793,1.2017,1.1308,1.1790,1.1794,1.1272,1.2021,1.1593,1.2008,1.1231,1.1388,1.3620,1.4812,1.4410,1.4012,1.3880,1.3311,1.3492,1.3447,1.2510,1.2816,1.2622,1.2356,1.2825,1.2067,1.1367,1.1844,1.1850,1.1329,1.2070,1.1650,1.2050,1.1282,1.1443,0,1.0000,-3.8126,0.2856,-2.5528
219,0.4380,-0.1710,0.0124,0.0644,-1.3994,0.1031,-0.0408,0.0656,0.2005,0.0000,1.0267,0.9999,-0.0003,0.0134,0.0003,0.0002,-0.0156,0.0008,-0.0071,-0.0044,-0.0032,-0.0002,-0.0153,0.0006,-0.0071,-0.0046,-0.0019,0.0000,0.0208,-0.0018,-0.0007,0.0272,0.0052,0.0019,0.0000,0.0211,0.0014,0.0006,0.0276,0.0052,0.0021,-0.0001,0.0642,0.0006,-0.0003,0.0047,0.0254,0.0027,-0.0002,0.0451,-0.0116,0.0133,-0.1065,0.1086,-0.0011,0.0519,-0.0029,0.0111,-0.1759,-0.0764,-0.0049,0.0847,-0.0122,-0.0112,0.0239,0.0145,0.0035,-0.0004,0.0787,0.0260,0.0017,0.0057,0.0148,0.0035,0.0001,-1.0000,-1.0000,-1.0000,-1.0000,-1.0000,-1.0000,-1.0000,-1.0000,-1.0000,-1.0000,-1.0000,-1.0000,-1.0000,-1.0000,-1.0000,-1.0000,-1.0000,-1.0000,-1.0000,-1.0000,-1.0000,-1.0000,-1.0000,-1.0000,-1.0000,-1.0000,-1.0000,-1.0000,-1.0000,-1.0000,-1.0000,-1.0000,-1.0000,-1.0000,-1.0000,-1.0000,-1.0000,-1.0000,-1.0000,-1.0000,-1.0000,-1.0000,-1.0000,-1.0000,-1.0000,-1.0000,-1.0000,-1.0000,-1.0000,-1.0000,-1.0000,-1.0000,-1.0000,-1.0000,-1.0000,-1.0000,-1.0000,-1.0000,-1.0000,-1.0000,-1.0000,-1.0000,-1.0000,-1.0000,-1.0000,-1.0000,-1.0000,-1.0000,-1.0000,-1.0000,-1.0000,-1.0000,-1.0000,-1.0000,-1.0000,-1.0000,-1.0000,-1.0000,-1.0000,-1.0000,-1.0000,-1.0000,-1.0000,-1.0000,-1.0000,-1.0000,-1.0000,-1.0000,-1.0000,-1.0000,-1.0000,-1.0000,-1.0000,-1.0000,-1.0000,-1.0000,-1.0000,-1.0000,-1.0000,-1.0000,-1.0000,-1.0000,-1.0000,-1.0000,-1.0000,-1.0000,-1.0000,-1.0000,-1.0000,-1.0000,-1.0000,-1.0000,-1.0000,-1.0000,-1.0000,-1.0000,-1.0000,-1.0000,-1.0000,-1.0000,-1.0000,1.7844,1.7682,1.7754,1.7663,1.7783,1.7588,1.1935,1.2812,1.4339,1.3141,1.2396,1.5008,1.3727,1.3745,1.2242,1.4167,1.3348,1.3589,1.4786,1.4380,1.3981,1.3857,1.3281,1.3450,1.3426,1.2476,1.2776,1.2581,1.2320,1.2802,1.2025,1.1318,1.1802,1.1805,1.1282,1.2033,1.1603,1.2019,1.1243,1.1399,1.3631,1.4822,1.4420,1.4022,1.3890,1.3320,1.3501,1.3457,1.2520,1.2825,1.2632,1.2365,1.2834,1.2076,1.1377,1.1857,1.1861,1.1341,1.2082,1.1661,1.2063,1.1294,1.1455,0,1.0000,-3.8126,0.2856,-2.5528
219,0.4380,-0.1710,0.0124,0.0644,-1.3994,0.1031,-0.0408,0.0656,0.2005,0.0000,1.0267,0.9999,-0.0003,0.0134,0.0003,0.0002,-0.0156,0.0008,-0.0071,-0.0044,-0.0032,-0.0002,-0.0153,0.0006,-0.0071,-0.0046,-0.0019,0.0000,0.0208,-0.0018,-0.0007,0.0272,0.0052,0.0019,0.0000,0.0211,0.0014,0.0006,0.0276,0.0052,0.0021,-0.0001,0.0642,0.0006,-0.0003,0.0047,0.0254,0.0027,-0.0002,0.0451,-0.0116,0.0133,-0.1065,0.1086,-0.0011,0.0519,-0.0029,0.0111,-0.1759,-0.0764,-0.0049,0.0847,-0.0122,-0.0112,0.0239,0.0145,0.0035,-0.0004,0.0787,0.0260,0.0017,0.0057,0.0148,0.0035,0.0001,-1.0000,-1.0000,-1.0000,-1.0000,-1.0000,-1.0000,-1.0000,-1.0000,-1.0000,-1.0000,-1.0000,-1.0000,-1.0000,-1.0000,-1.0000,-1.0000,-1.0000,-1.0000,-1.0000,-1.0000,-1.0000,-1.0000,-1.0000,-1.0000,-1.0000,-1.0000,-1.0000,-1.0000,-1.0000,-1.0000,-1.0000,-1.0000,-1.0000,-1.0000,-1.0000,-1.0000,-1.0000,-1.0000,-1.0000,-1.0000,-1.0000,-1.0000,-1.0000,-1.0000,-1.0000,-1.0000,-1.0000,-1.0000,-1.0000,-1.0000,-1.0000,-1.0000,-1.0000,-1.0000,-1.0000,-1.0000,-1.0000,-1.0000,-1.0000,-1.0000,-1.0000,-1.0000,-1.0000,-1.0000,-1.0000,-1.0000,-1.0000,-1.0000,-1.0000,-1.0000,-1.0000,-1.0000,-1.0000,-1.0000,-1.0000,-1.0000,-1.0000,-1.0000,-1.0000,-1.0000,-1.0000,-1.0000,-1.0000,-1.0000,-1.0000,-1.0000,-1.0000,-1.0000,-1.0000,-1.0000,-1.0000,-1.0000,-1.0000,-1.0000,-1.0000,-1.0000,-1.0000,-1.0000,-1.0000,-1.0000,-1.0000,-1.0000,-1.0000,-1.0000,-1.0000,-1.0000,-1.0000,-1.0000,-1.0000,-1.0000,-1.0000,-1.0000,-1.0000,-1.0000,-1.0000,-1.0000,-1.0000,-1.0000,-1.0000,-1.0000,-1.0000,1.7844,1.7682,1.7754,1.7663,1.7783,1.7588,1.1935,1.2812,1.4339,1.3141,1.2396,1.5008,1.3727,1.3745,1.2242,1.4167,1.3348,1.3589,1.4786,1.4380,1.3981,1.3857,1.3281,1.3450,1.3426,1.2476,1.2776,1.2581,1.2320,1.2802,1.2025,1.1318,1.1802,1.1805,1.1282,1.2033,1.1603,1.2019,1.1243,1.1399,1.3631,1.4822,1.4420,1.4022,1.3890,1.3320,1.3501,1.3457,1.2520,1.2825,1.2632,1.2365,1.2834,1.2076,1.1377,1.1857,1.1861,1.1341,1.2082,1.1661,1.2063,1.1294,1.1455,0,1.0000,-3.8126,0.2856,-2.5528
220,0.4400,-0.1738,0.0126,0.0644,-1.4041,0.1037,-0.0277,0.0656,0.2006,0.0000,1.0267,0.9999,-0.0003,0.0134,0.0003,0.0002,-0.0155,0.0007,-0.0071,-0.0046,-0.0029,-0.0002,-0.0153,0.0006,-0.0071,-0.0049,-0.0020,0.0000,0.0210,-0.0019,-0.0007,0.0272,0.0052,0.0019,0.0000,0.0213,0.0015,0.0006,0.0276,0.0053,0.0021,-0.0000,0.0646,0.0005,0.0031,0.0057,0.0271,0.0025,-0.0005,0.0423,-0.0144,0.0137,-0.0911,0.1400,-0.0014,0.0478,-0.0065,0.0125,-0.1495,-0.0234,-0.0048,0.0887,-0.0108,-0.0108,0.0305,0.0145,0.0042,-0.0004,0.0823,0.0261,0.0015,0.0118,0.0148,0.0025,0.0001,-1.0000,-1.0000,-1.0000,-1.0000,-1.0000,-1.0000,-1.0000,-1.0000,-1.0000,-1.0000,-1.0000,-1.0000,-1.0000,-1.0000,-1.0000,-1.0000,-1.0000,-1.0000,-1.0000,-1.0000,-1.0000,-1.0000,-1.0000,-1.0000,-1.0000,-1.0000,-1.0000,-1.0000,-1.0000,-1.0000,-1.0000,-1.0000,-1.0000,-1.0000,-1.0000,-1.0000,-1.0000,-1.0000,-1.0000,-1.0000,-1.0000,-1.0000,-1.0000,-1.0000,-1.0000,-1.0000,-1.0000,-1.0000,-1.0000,-1.0000,-1.0000,-1.0000,-1.0000,-1.0000,-1.0000,-1.0000,-1.0000,-1.0000,-1.0000,-1.0000,-1.0000,-1.0000,-1.0000,-1.0000,-1.0000,-1.0000,-1.0000,-1.0000,-1.0000,-1.0000,-1.0000,-1.0000,-1.0000,-1.0000,-1.0000,-1.0000,-1.0000,-1.0000,-1.0000,-1.0000,-1.0000,-1.0000,-1.0000,-1.0000,-1.0000,-1.0000,-1.0000,-1.0000,-1.0000,-1.0000,-1.0000,-1.0000,-1.0000,-1.0000,-1.0000,-1.0000,-1.0000,-1.0000,-1.0000,-1.0000,-1.0000,-1.0000,-1.0000,-1.0000,-1.0000,-1.0000,-1.0000,-1.0000,-1.0000,-1.0000,-1.0000,-1.0000,-1.0000,-1.0000,-1.0000,-1.0000,-1.0000,-1.0000,-1.0000,-1.0000,-1.0000,1.7852,1.7692,1.7762,1.7670,1.7791,1.7596,1.1943,1.2823,1.4349,1.3148,1.2407,1.5017,1.3734,1.3755,1.2250,1.4174,1.3359,1.3599,1.4795,1.4389,1.3990,1.3867,1.3288,1.3459,1.3436,1.2486,1.2784,1.2590,1.2329,1.2811,1.2034,1.1328,1.1813,1.1815,1.1293,1.2044,1.1612,1.2030,1.1255,1.1410,1.3641,1.4831,1.4430,1.4032,1.3900,1.3328,1.3510,1.3466,1.2531,1.2834,1.2641,1.2374,1.2844,1.2086,1.1388,1.1869,1.1872,1.1352,1.2094,1.1671,1.2075,1.1306,1.1467,0,1.0000,-3.8126,0.2856,-2.5528
220,0.4400,-0.1738,0.0126,0.0644,-1.4041,0.1037,-0.0277,0.0656,0.2006,0.0000,1.0267,0.9999,-0.0003,0.0134,0.0003,0.0002,-0.0155,0.0007,-0.0071,-0.0046,-0.0029,-0.0002,-0.0153,0.0006,-0.0071,-0.0049,-0.0020,0.0000,0.0210,-0.0019,-0.0007,0.0272,0.0052,0.0019,0.0000,0.0213,0.0015,0.0006,0.0276,0.0053,0.0021,-0.0000,0.0646,0.0005,0.0031,0.0057,0.0271,0.0025,-0.0005,0.0423,-0.0144,0.0137,-0.0911,0.1400,-0.0014,0.0478,-0.0065,0.0125,-0.1495,-0.0234,-0.0048,0.0887,-0.0108,-0.0108,0.0305,0.0145,0.0042,-0.0004,0.0823,0.0261,0.0015,0.0118,0.0148,0.0025,0.0001,-1.0000,-1.0000,-1.0000,-1.0000,-1.0000,-1.0000,-1.0000,-1.0000,-1.0000,-1.0000,-1.0000,-1.0000,-1.0000,-1.0000,-1.0000,-1.0000,-1.0000,-1.0000,-1.0000,-1.0000,-1.0000,-1.0000,-1.0000,-1.0000,-1.0000,-1.0000,-1.0000,-1.0000,-1.0000,-1.0000,-1.0000,-1.0000,-1.0000,-1.0000,-1.0000,-1.0000,-1.0000,-1.0000,-1.0000,-1.0000,-1.0000,-1.0000,-1.0000,-1.0000,-1.0000,-1.0000,-1.0000,-1.0000,-1.0000,-1.0000,-1.0000,-1.0000,-1.0000,-1.0000,-1.0000,-1.0000,-1.0000,-1.0000,-1.0000,-1.0000,-1.0000,-1.0000,-1.0000,-1.0000,-1.0000,-1.0000,-1.0000,-1.0000,-1.0000,-1.0000,-1.0000,-1.0000,-1.0000,-1.0000,-1.0000,-1.0000,-1.0000,-1.0000,-1.0000,-1.0000,-1.0000,-1.0000,-1.0000,-1.0000,-1.0000,-1.0000,-1.0000,-1.0000,-1.0000,-1.0000,-1.0000,-1.0000,-1.0000,-1.0000,-1.0000,-1.0000,-1.0000,-1.0000,-1.0000,-1.0000,-1.0000,-1.0000,-1.0000,-1.0000,-1.0000,-1.0000,-1.0000,-1.0000,-1.0000,-1.0000,-1.0000,-1.0000,-1.0000,-1.0000,-1.0000,-1.0000,-1.0000,-1.0000,-1.0000,-1.0000,-1.0000,1.7852,1.7692,1.7762,1.7670,1.7791,1.7596,1.1943,1.2823,1.4349,1.3148,1.2407,1.5017,1.3734,1.3755,1.2250,1.4174,1.3359,1.3599,1.4795,1.4389,1.3990,1.3867,1.3288,1.3459,1.3436,1.2486,1.2784,1.2590,1.2329,1.2811,1.2034,1.1328,1.1813,1.1815,1.1293,1.2044,1.1612,1.2030,1.1255,1.1410,1.3641,1.4831,1.4430,1.4032,1.3900,1.3328,1.3510,1.3466,1.2531,1.2834,1.2641,1.2374,1.2844,1.2086,1.1388,1.1869,1.1872,1.1352,1.2094,1.1671,1.2075,1.1306,1.1467,0,1.0000,-3.8126,0.2856,-2.5528
221,0.4420,-0.1766,0.0128,0.0643,-1.4078,0.1043,-0.0169,0.0656,0.2007,0.0000,1.0267,0.9999,-0.0003,0.0135,0.0003,0.0002,-0.0154,0.0007,-0.0070,-0.0048,-0.0026,-0.0002,-0.0152,0.0006,-0.0070,-0.0049,-0.0020,0.0000,0.0212,-0.0019,-0.0007,0.0273,0.0053,0.0019,0.0000,0.0214,0.0016,0.0006,0.0276,0.0053,0.0021,-0.0000,0.0650,0.0017,0.0009,0.0314,0.0269,0.0038,-0.0015,0.0422,-0.0481,0.0133,-0.0769,0.1767,-0.0013,0.0297,-0.0392,0.0273,0.0092,-0.0060,-0.0088,0.0934,-0.0011,-0.0134,0.0365,0.0143,0.0049,-0.0005,0.0799,0.0341,-0.0019,0.0003,0.0146,0.0009,0.0001,-1.0000,-1.0000,-1.0000,-1.0000,-1.0000,-1.0000,-1.0000,-1.0000,-1.0000,-1.0000,-1.0000,-1.0000,-1.0000,-1.0000,-1.0000,-1.0000,-1.0000,-1.0000,-1.0000,-1.0000,-1.0000,-1.0000,-1.0000,-1.0000,-1.0000,-1.0000,-1.0000,-1.0000,-1.0000,-1.0000,-1.0000,-1.0000,-1.0000,-1.0000,-1.0000,-1.0000,-1.0000,-1.0000,-1.0000,-1.0000,-1.0000,-1.0000,-1.0000,-1.0000,-1.0000,-1.0000,-1.0000,-1.0000,-1.0000,-1.0000,-1.0000,-1.0000,-1.0000,-1.0000,-1.0000,-1.0000,-1.0000,-1.0000,-1.0000,-1.0000,-1.0000,-1.0000,-1.0000,-1.0000,-1.0000,-1.0000,-1.0000,-1.0000,-1.0000,-1.0000,-1.0000,-1.0000,-1.0000,-1.0000,-1.0000,-1.0000,-1.0000,-1.0000,-1.0000,-1.0000,-1.0000,-1.0000,-1.0000,-1.0000,-1.0000,-1.0000,-1.0000,-1.0000,-1.0000,-1.0000,-1.0000,-1.0000,-1.0000,-1.0000,-1.0000,-1.0000,-1.0000,-1.0000,-1.0000,-1.0000,-1.0000,-1.0000,-1.0000,-1.0000,-1.0000,-1.0000,-1.0000,-1.0000,-1.0000,-1.0000,-1.0000,-1.0000,-1.0000,-1.0000,-1.0000,-1.0000,-1.0000,-1.0000,-1.0000,-1.0000,-1.0000,1.7860,1.7701,1.7770,1.7677,1.7800,1.7604,1.1950,1.2834,1.4359,1.3156,1.2419,1.5025,1.3741,1.3766,1.2258,1.4181,1.3370,1.3608,1.4804,1.4398,1.4000,1.3876,1.3296,1.3467,1.3445,1.2496,1.2792,1.2599,1.2337,1.2820,1.2043,1.1337,1.1825,1.1825,1.1303,1.2055,1.1622,1.2042,1.1266,1.1421,1.3651,1.4841,1.4440,1.4042,1.3910,1.3336,1.3519,1.3476,1.2541,1.2842,1.2651,1.2383,1.2853,1.2095,1.1398,1.1881,1.1883,1.1363,1.2106,1.1681,1.2086,1.1319,1.1479,0,1.0000,-3.8126,0.2856,-2.5528
222,0.4440,-0.1795,0.0130,0.0643,-1.4107,0.1047,-0.0082,0.0656,0.2008,0.0000,1.0267,0.9999,-0.0002,0.0135,0.0003,0.0002,-0.0153,0.0006,-0.0070,-0.0049,-0.0022,-0.0002,-0.0151,0.0005,-0.0069,-0.0049,-0.0019,0.0000,0.0214,-0.0019,-0.0007,0.0274,0.0053,0.0019,0.0000,0.0216,0.0016,0.0006,0.0276,0.0053,0.0021,-0.0000,0.0655,0.0015,0.0039,0.0282,0.0285,0.0035,-0.0016,0.0400,-0.0448,0.0138,-0.0674,0.1933,-0.0015,0.0295,-0.0373,0.0259,-0.0002,0.0406,-0.0080,0.0964,-0.0014,-0.0122,0.0406,0.0144,0.0055,-0.0005,0.0839,0.0325,-0.0013,0.0076,0.0146,-0.0000,0.0001,-1.0000,-1.0000,-1.0000,-1.0000,-1.0000,-1.0000,-1.0000,-1.0000,-1.0000,-1.0000,-1.0000,-1.0000,-1.0000,-1.0000,-1.0000,-1.0000,-1.0000,-1.0000,-1.0000,-1.0000,-1.0000,-1.0000,-1.0000,-1.0000,-1.0000,-1.0000,-1.0000,-1.0000,-1.0000,-1.0000,-1.0000,-1.0000,-1.0000,-1.0000,-1.0000,-1.0000,-1.0000,-1.0000,-1.0000,-1.0000,-1.0000,-1.0000,-1.0000,-1.0000,-1.0000,-1.0000,-1.0000,-1.0000,-1.0000,-1.0000,-1.0000,-1.0000,-1.0000,-1.0000,-1.0000,-1.0000,-1.0000,-1.0000,-1.0000,-1.0000,-1.0000,-1.0000,-1.0000,-1.0000,-1.0000,-1.0000,-1.0000,-1.0000,-1.0000,-1.0000,-1.0000,-1.0000,-1.0000,-1.0000,-1.0000,-1.0000,-1.0000,-1.0000,-1.0000,-1.0000,-1.0000,-1.0000,-1.0000,-1.0000,-1.0000,-1.0000,-1.0000,-1.0000,-1.0000,-1.0000,-1.0000,-1.0000,-1.0000,-1.0000,-1.0000,-1.0000,-1.0000,-1.0000,-1.0000,-1.0000,-1.0000,-1.0000,-1.0000,-1.0000,-1.0000,-1.0000,-1.0000,-1.0000,-1.0000,-1.0000,-1.0000,-1.0000,-1.0000,-1.0000,-1.0000,-1.0000,-1.0000,-1.0000,-1.0000,-1.0000,-1.0000,1.7868,1.7710,1.7777,1.7684,1.7808,1.7612,1.1958,1.2845,1.4369,1.3163,1.2430,1.5034,1.3748,1.3776,1.2265,1.4188,1.3380,1.3618,1.4813,1.4408,1.4009,1.3885,1.3303,1.3475,1.3454,1.2506,1.2800,1.2608,1.2345,1.2829,1.2051,1.1347,1.1836,1.1835,1.1313,1.2066,1.1631,1.2053,1.1278,1.1432,1.3661,1.4850,1.4449,1.4052,1.3920,1.3344,1.3528,1.3485,1.2552,1.2851,1.2660,1.2391,1.2862,1.2104,1.1408,1.1893,1.1893,1.1374,1.2118,1.1691,1.2098,1.1331,1.1491,0,1.0000,-3.8126,0.2856,-2.5528
222,0.4440,-0.1795,0.0130,0.0643,-1.4107,0.1047,-0.0082,0.0656,0.2008,0.0000,1.0267,0.9999,-0.0002,0.0135,0.0003,0.0002,-0.0153,0.0006,-0.0070,-0.0049,-0.0022,-0.0002,-0.0151,0.0005,-0.0069,-0.0049,-0.0019,0.0000,0.0214,-0.0019,-0.0007,0.0274,0.0053,0.0019,0.0000,0.0216,0.0016,0.0006,0.0276,0.0053,0.0021,-0.0000,0.0655,0.0015,0.0039,0.0282,0.0285,0.0035,-0.0016,0.0400,-0.0448,0.0138,-0.0674,0.1933,-0.0015,0.0295,-0.0373,0.0259,-0.0002,0.0406,-0.0080,0.0964,-0.0014,-0.0122,0.0406,0.0144,0.0055,-0.0005,0.0839,0.0325,-0.0013,0.0076,0.0146,-0.0000,0.0001,-1.0000,-1.0000,-1.0000,-1.0000,-1.0000,-1.0000,-1.0000,-1.0000,-1.0000,-1.0000,-1.0000,-1.0000,-1.0000,-1.0000,-1.0000,-1.0000,-1.0000,-1.0000,-1.0000,-1.0000,-1.0000,-1.0000,-1.0000,-1.0000,-1.0000,-1.0000,-1.0000,-1.0000,-1.0000,-1.0000,-1.0000,-1.0000,-1.0000,-1.0000,-1.0000,-1.0000,-1.0000,-1.0000,-1.0000,-1.0000,-1.0000,-1.0000,-1.0000,-1.0000,-1.0000,-1.0000,-1.0000,-1.0000,-1.0000,-1.0000,-1.0000,-1.0000,-1.0000,-1.0000,-1.0000,-1.0000,-1.0000,-1.0000,-1.0000,-1.0000,-1.0000,-1.0000,-1.0000,-1.0000,-1.0000,-1.0000,-1.0000,-1.0000,-1.0000,-1.0000,-1.0000,-1.0000,-1.0000,-1.0000,-1.0000,-1.0000,-1.0000,-1.0000,-1.0000,-1.0000,-1.0000,-1.0000,-1.0000,-1.0000,-1.0000,-1.0000,-1.0000,-1.0000,-1.0000,-1.0000,-1.0000,-1.0000,-1.0000,-1.0000,-1.0000,-1.0000,-1.0000,-1.0000,-1.0000,-1.0000,-1.0000,-1.0000,-1.0000,-1.0000,-1.0000,-1.0000,-1.0000,-1.0000,-1.0000,-1.0000,-1.0000,-1.0000,-1.0000,-1.0000,-1.0000,-1.0000,-1.0000,-1.0000,-1.0000,-1.0000,-1.0000,1.7868,1.7710,1.7777,1.7684,1.7808,1.7612,1.1958,1.2845,1.4369,1.3163,1.2430,1.5034,1.3748,1.3776,1.2265,1.4188,1.3380,1.3618,1.4813,1.4408,1.4009,1.3885,1.3303,1.3475,1.3454,1.2506,1.2800,1.2608,1.2345,1.2829,1.2051,1.1347,1.1836,1.1835,1.1313,1.2066,1.1631,1.2053,1.1278,1.1432,1.3661,1.4850,1.4449,1.4052,1.3920,1.3344,1.3528,1.3485,1.2552,1.2851,1.2660,1.2391,1.2862,1.2104,1.1408,1.1893,1.1893,1.1374,1.2118,1.1691,1.2098,1.1331,1.1491,0,1.0000,-3.8126,0.2856,-2.5528
223,0.4460,-0.1823,0.0132,0.0643,-1.4130,0.1050,-0.0011,0.0656,0.2010,0.0000,1.0267,0.9999,-0.0002,0.0135,0.0003,0.0002,-0.0152,0.0004,-0.0070,-0.0050,-0.0017,-0.0002,-0.0151,0.0004,-0.0069,-0.0049,-0.0015,-0.0000,0.0216,-0.0019,-0.0008,0.0275,0.0053,0.0019,0.0000,0.0218,0.0017,0.0006,0.0276,0.0054,0.0021,-0.0000,0.0659,0.0017,0.0035,0.0394,0.0293,0.0038,-0.0019,0.0388,-0.0594,0.0138,-0.0587,0.2123,-0.0020,0.0313,-0.0589,0.0245,-0.0251,0.2027,-0.0094,0.0997,0.0037,-0.0128,0.0438,0.0143,0.0061,-0.0005,0.0842,0.0360,-0.0025,0.0040,0.0145,-0.0013,0.0001,-1.0000,-1.0000,-1.0000,-1.0000,-1.0000,-1.0000,-1.0000,-1.0000,-1.0000,-1.0000,-1.0000,-1.0000,-1.0000,-1.0000,-1.0000,-1.0000,-1.0000,-1.0000,-1.0000,-1.0000,-1.0000,-1.0000,-1.0000,-1.0000,-1.0000,-1.0000,-1.0000,-1.0000,-1.0000,-1.0000,-1.0000,-1.0000,-1.0000,-1.0000,-1.0000,-1.0000,-1.0000,-1.0000,-1.0000,-1.0000,-1.0000,-1.0000,-1.0000,-1.0000,-1.0000,-1.0000,-1.0000,-1.0000,-1.0000,-1.0000,-1.0000,-1.0000,-1.0000,-1.0000,-1.0000,-1.0000,-1.0000,-1.0000,-1.0000,-1.0000,-1.0000,-1.0000,-1.0000,-1.0000,-1.0000,-1.0000,-1.0000,-1.0000,-1.0000,-1.0000,-1.0000,-1.0000,-1.0000,-1.0000,-1.0000,-1.0000,-1.0000,-1.0000,-1.0000,-1.0000,-1.0000,-1.0000,-1.0000,-1.0000,-1.0000,-1.0000,-1.0000,-1.0000,-1.0000,-1.0000,-1.0000,-1.0000,-1.0000,-1.0000,-1.0000,-1.0000,-1.0000,-1.0000,-1.0000,-1.0000,-1.0000,-1.0000,-1.0000,-1.0000,-1.0000,-1.0000,-1.0000,-1.0000,-1.0000,-1.0000,-1.0000,-1.0000,-1.0000,-1.0000,-1.0000,-1.0000,-1.0000,-1.0000,-1.0000,-1.0000,-1.0000,1.7876,1.7719,1.7785,1.7691,1.7817,1.7620,1.1966,1.2856,1.4379,1.3170,1.2441,1.5042,1.3755,1.3787,1.2273,1.4195,1.3391,1.3627,1.4822,1.4417,1.4018,1.3894,1.3311,1.3483,1.3463,1.2515,1.2808,1.2616,1.2352,1.2837,1.2060,1.1356,1.1847,1.1845,1.1324,1.2078,1.1640,1.2064,1.1289,1.1443,1.3671,1.4860,1.4459,1.4061,1.3929,1.3352,1.3537,1.3495,1.2562,1.2859,1.2670,1.2399,1.2871,1.2113,1.1418,1.1905,1.1904,1.1385,1.2130,1.1701,1.2110,1.1343,1.1502,0,1.0000,-3.8126,0.2856,-2.5528
223,0.4460,-0.1823,0.0132,0.0643,-1.4130,0.1050,-0.0011,0.0656,0.2010,0.0000,1.0267,0.9999,-0.0002,0.0135,0.0003,0.0002,-0.0152,0.0004,-0.0070,-0.0050,-0.0017,-0.0002,-0.0151,0.0004,-0.0069,-0.0049,-0.0015,-0.0000,0.0216,-0.0019,-0.0008,0.0275,0.0053,0.0019,0.0000,0.0218,0.0017,0.0006,0.0276,0.0054,0.0021,-0.0000,0.0659,0.0017,0.0035,0.0394,0.0293,0.0038,-0.0019,0.0388,-0.0594,0.0138,-0.0587,0.2123,-0.0020,0.0313,-0.0589,0.0245,-0.0251,0.2027,-0.0094,0.0997,0.0037,-0.0128,0.0438,0.0143,0.0061,-0.0005,0.0842,0.0360,-0.0025,0.0040,0.0145,-0.0013,0.0001,-1.0000,-1.0000,-1.0000,-1.0000,-1.0000,-1.0000,-1.0000,-1.0000,-1.0000,-1.0000,-1.0000,-1.0000,-1.0000,-1.0000,-1.0000,-1.0000,-1.0000,-1.0000,-1.0000,-1.0000,-1.0000,-1.0000,-1.0000,-1.0000,-1.0000,-1.0000,-1.0000,-1.0000,-1.0000,-1.0000,-1.0000,-1.0000,-1.0000,-1.0000,-1.0000,-1.0000,-1.0000,-1.0000,-1.0000,-1.0000,-1.0000,-1.0000,-1.0000,-1.0000,-1.0000,-1.0000,-1.0000,-1.0000,-1.0000,-1.0000,-1.0000,-1.0000,-1.0000,-1.0000,-1.0000,-1.0000,-1.0000,-1.0000,-1.0000,-1.0000,-1.0000,-1.0000,-1.0000,-1.0000,-1.0000,-1.0000,-1.0000,-1.0000,-1.0000,-1.0000,-1.0000,-1.0000,-1.0000,-1.0000,-1.0000,-1.0000,-1.0000,-1.0000,-1.0000,-1.0000,-1.0000,-1.0000,-1.0000,-1.0000,-1.0000,-1.0000,-1.0000,-1.0000,-1.0000,-1.0000,-1.0000,-1.0000,-1.0000,-1.0000,-1.0000,-1.0000,-1.0000,-1.0000,-1.0000,-1.0000,-1.0000,-1.0000,-1.0000,-1.0000,-1.0000,-1.0000,-1.0000,-1.0000,-1.0000,-1.0000,-1.0000,-1.0000,-1.0000,-1.0000,-1.0000,-1.0000,-1.0000,-1.0000,-1.0000,-1.0000,-1.0000,1.7876,1.7719,1.7785,1.7691,1.7817,1.7620,1.1966,1.2856,1.4379,1.3170,1.2441,1.5042,1.3755,1.3787,1.2273,1.4195,1.3391,1.3627,1.4822,1.4417,1.4018,1.3894,1.3311,1.3483,1.3463,1.2515,1.2808,1.2616,1.2352,1.2837,1.2060,1.1356,1.1847,1.1845,1.1324,1.2078,1.1640,1.2064,1.1289,1.1443,1.3671,1.4860,1.4459,1.4061,1.3929,1.3352,1.3537,1.3495,1.2562,1.2859,1.2670,1.2399,1.2871,1.2113,1.1418,1.1905,1.1904,1.1385,1.2130,1.1701,1.2110,1.1343,1.1502,0,1.0000,-3.8126,0.2856,-2.5528
224,0.4480,-0.1851,0.0134,0.0643,-1.4149,0.1053,0.0046,0.0656,0.2011,0.0000,1.0267,0.9999,-0.0002,0.0136,0.0003,0.0002,-0.0152,0.0003,-0.0070,-0.0051,-0.0013,-0.0002,-0.0150,0.0003,-0.0069,-0.0050,-0.0012,-0.0000,0.0218,-0.0019,-0.0008,0.0276,0.0053,0.0020,0.0000,0.0219,0.0018,0.0006,0.0276,0.0054,0.0021,-0.0000,0.0663,0.0017,0.0052,0.0384,0.0308,0.0034,-0.0019,0.0370,-0.0586,0.0141,-0.0529,0.2210,-0.0018,0.0341,-0.0550,0.0213,-0.0575,0.1465,-0.0087,0.1022,0.0037,-0.0117,0.0460,0.0143,0.0066,-0.0005,0.0871,0.0346,-0.0022,0.0083,0.0146,-0.0022,0.0001,-1.0000,-1.0000,-1.0000,-1.0000,-1.0000,-1.0000,-1.0000,-1.0000,-1.0000,-1.0000,-1.0000,-1.0000,-1.0000,-1.0000,-1.0000,-1.0000,-1.0000,-1.0000,-1.0000,-1.0000,-1.0000,-1.0000,-1.0000,-1.0000,-1.0000,-1.0000,-1.0000,-1.0000,-1.0000,-1.0000,-1.0000,-1.0000,-1.0000,-1.0000,-1.0000,-1.0000,-1.0000,-1.0000,-1.0000,-1.0000,-1.0000,-1.0000,-1.0000,-1.0000,-1.0000,-1.0000,-1.0000,-1.0000,-1.0000,-1.0000,-1.0000,-1.0000,-1.0000,-1.0000,-1.0000,-1.0000,-1.0000,-1.0000,-1.0000,-1.0000,-1.0000,-1.0000,-1.0000,-1.0000,-1.0000,-1.0000,-1.0000,-1.0000,-1.0000,-1.0000,-1.0000,-1.0000,-1.0000,-1.0000,-1.0000,-1.0000,-1.0000,-1.0000,-1.0000,-1.0000,-1.0000,-1.0000,-1.0000,-1.0000,-1.0000,-1.0000,-1.0000,-1.0000,-1.0000,-1.0000,-1.0000,-1.0000,-1.0000,-1.0000,-1.0000,-1.0000,-1.0000,-1.0000,-1.0000,-1.0000,-1.0000,-1.0000,-1.0000,-1.0000,-1.0000,-1.0000,-1.0000,-1.0000,-1.0000,-1.0000,-1.0000,-1.0000,-1.0000,-1.0000,-1.0000,-1.0000,-1.0000,-1.0000,-1.0000,-1.0000,-1.0000,1.7884,1.7727,1.7792,1.7698,1.7825,1.7628,1.1973,1.2867,1.4389,1.3177,1.2453,1.5050,1.3762,1.3797,1.2281,1.4201,1.3401,1.3636,1.4831,1.4426,1.4027,1.3904,1.3318,1.3491,1.3472,1.2525,1.2816,1.2625,1.2360,1.2846,1.2068,1.1365,1.1859,1.1854,1.1334,1.2089,1.1649,1.2075,1.1300,1.1454,1.3680,1.4869,1.4468,1.4071,1.3939,1.3360,1.3545,1.3504,1.2572,1.2868,1.2679,1.2408,1.2880,1.2122,1.1428,1.1917,1.1914,1.1395,1.2141,1.1711,1.2121,1.1355,1.1514,0,1.0000,-3.8126,0.2856,-2.5528
225,0.4500,-0.1880,0.0136,0.0643,-1.4164,0.1055,0.0091,0.0656,0.2012,0.0000,1.0267,0.9999,-0.0001,0.0136,0.0003,0.0002,-0.0151,0.0002,-0.0069,-0.0052,-0.0008,-0.0002,-0.0149,0.0002,-0.0068,-0.0052,-0.0010,-0.0000,0.0220,-0.0018,-0.0008,0.0277,0.0054,0.0020,0.0000,0.0221,0.0018,0.0006,0.0277,0.0054,0.0021,-0.0000,0.0667,0.0016,0.0065,0.0373,0.0321,0.0031,-0.0019,0.0354,-0.0575,0.0144,-0.0485,0.2262,-0.0015,0.0365,-0.0511,0.0184,-0.0860,0.0933,-0.0081,0.1044,0.0038,-0.0107,0.0474,0.0144,0.0071,-0.0005,0.0897,0.0331,-0.0018,0.0117,0.0146,-0.0032,0.0001,-1.0000,-1.0000,-1.0000,-1.0000,-1.0000,-1.0000,-1.0000,-1.0000,-1.0000,-1.0000,-1.0000,-1.0000,-1.0000,-1.0000,-1.0000,-1.0000,-1.0000,-1.0000,-1.0000,-1.0000,-1.0000,-1.0000,-1.0000,-1.0000,-1.0000,-1.0000,-1.0000,-1.0000,-1.0000,-1.0000,-1.0000,-1.0000,-1.0000,-1.0000,-1.0000,-1.0000,-1.0000,-1.0000,-1.0000,-1.0000,-1.0000,-1.0000,-1.0000,-1.0000,-1.0000,-1.0000,-1.0000,-1.0000,-1.0000,-1.0000,-1.0000,-1.0000,-1.0000,-1.0000,-1.0000,-1.0000,-1.0000,-1.0000,-1.0000,-1.0000,-1.0000,-1.0000,-1.0000,-1.0000,-1.0000,-1.0000,-1.0000,-1.0000,-1.0000,-1.0000,-1.0000,-1.0000,-1.0000,-1.0000,-1.0000,-1.0000,-1.0000,-1.0000,-1.0000,-1.0000,-1.0000,-1.0000,-1.0000,-1.0000,-1.0000,-1.0000,-1.0000,-1.0000,-1.0000,-1.0000,-1.0000,-1.0000,-1.0000,-1.0000,-1.0000,-1.0000,-1.0000,-1.0000,-1.0000,-1.0000,-1.0000,-1.0000,-1.0000,-1.0000,-1.0000,-1.0000,-1.0000,-1.0000,-1.0000,-1.0000,-1.0000,-1.0000,-1.0000,-1.0000,-1.0000,-1.0000,-1.0000,-1.0000,-1.0000,-1.0000,-1.0000,1.7891,1.7736,1.7800,1.7705,1.7833,1.7636,1.1981,1.2878,1.4399,1.3184,1.2464,1.5058,1.3769,1.3807,1.2288,1.4208,1.3412,1.3646,1.4840,1.4435,1.4036,1.3913,1.3326,1.3500,1.3480,1.2535,1.2824,1.2634,1.2368,1.2854,1.2077,1.1375,1.1870,1.1864,1.1344,1.2100,1.1659,1.2086,1.1312,1.1465,1.3690,1.4878,1.4477,1.4080,1.3948,1.3368,1.3554,1.3513,1.2582,1.2876,1.2689,1.2416,1.2889,1.2131,1.1438,1.1929,1.1924,1.1406,1.2153,1.1720,1.2133,1.1366,1.1525,0,1.0000,-3.8126,0.2856,-2.5528
225,0.4500,-0.1880,0.0136,0.0643,-1.4164,0.1055,0.0091,0.0656,0.2012,0.0000,1.0267,0.9999,-0.0001,0.0136,0.0003,0.0002,-0.0151,0.0002,-0.0069,-0.0052,-0.0008,-0.0002,-0.0149,0.0002,-0.0068,-0.0052,-0.0010,-0.0000,0.0220,-0.0018,-0.0008,0.0277,0.0054,0.0020,0.0000,0.0221,0.0018,0.0006,0.0277,0.0054,0.0021,-0.0000,0.0667,0.0016,0.0065,0.0373,0.0321,0.0031,-0.0019,0.0354,-0.0575,0.0144,-0.0485,0.2262,-0.0015,0.0365,-0.0511,0.0184,-0.0860,0.0933,-0.0081,0.1044,0.0038,-0.0107,0.0474,0.0144,0.0071,-0.0005,0.0897,0.0331,-0.0018,0.0117,0.0146,-0.0032,0.0001,-1.0000,-1.0000,-1.0000,-1.0000,-1.0000,-1.0000,-1.0000,-1.0000,-1.0000,-1.0000,-1.0000,-1.0000,-1.0000,-1.0000,-1.0000,-1.0000,-1.0000,-1.0000,-1.0000,-1.0000,-1.0000,-1.0000,-1.0000,-1.0000,-1.0000,-1.0000,-1.0000,-1.0000,-1.0000,-1.0000,-1.0000,-1.0000,-1.0000,-1.0000,-1.0000,-1.0000,-1.0000,-1.0000,-1.0000,-1.0000,-1.0000,-1.0000,-1.0000,-1.0000,-1.0000,-1.0000,-1.0000,-1.0000,-1.0000,-1.0000,-1.0000,-1.0000,-1.0000,-1.0000,-1.0000,-1.0000,-1.0000,-1.0000,-1.0000,-1.0000,-1.0000,-1.0000,-1.0000,-1.0000,-1.0000,-1.0000,-1.0000,-1.0000,-1.0000,-1.0000,-1.0000,-1.0000,-1.0000,-1.0000,-1.0000,-1.0000,-1.0000,-1.0000,-1.0000,-1.0000,-1.0000,-1.0000,-1.0000,-1.0000,-1.0000,-1.0000,-1.0000,-1.0000,-1.0000,-1.0000,-1.0000,-1.0000,-1.0000,-1.0000,-1.0000,-1.0000,-1.0000,-1.0000,-1.0000,-1.0000,-1.0000,-1.0000,-1.0000,-1.0000,-1.0000,-1.0000,-1.0000,-1.0000,-1.0000,-1.0000,-1.0000,-1.0000,-1.0000,-1.0000,-1.0000,-1.0000,-1.0000,-1.0000,-1.0000,-1.0000,-1.0000,1.7891,1.7736,1.7800,1.7705,1.7833,1.7636,1.1981,1.2878,1.4399,1.3184,1.2464,1.5058,1.3769,1.3807,1.2288,1.4208,1.3412,1.3646,1.4840,1.4435,1.4036,1.3913,1.3326,1.3500,1.3480,1.2535,1.2824,1.2634,1.2368,1.2854,1.2077,1.1375,1.1870,1.1864,1.1344,1.2100,1.1659,1.2086,1.1312,1.1465,1.3690,1.4878,1.4477,1.4080,1.3948,1.3368,1.3554,1.3513,1.2582,1.2876,1.2689,1.2416,1.2889,1.2131,1.1438,1.1929,1.1924,1.1406,1.2153,1.1720,1.2133,1.1366,1.1525,0,1.0000,-3.8126,0.2856,-2.5528
226,0.4520,-0.1908,0.0139,0.0644,-1.4176,0.1057,0.0126,0.0656,0.2014,0.0000,1.0267,0.9999,-0.0001,0.0136,0.0003,0.0002,-0.0150,0.0001,-0.0069,-0.0053,-0.0004,-0.0002,-0.0149,0.0001,-0.0068,-0.0054,-0.0009,-0.0001,0.0222,-0.0018,-0.0008,0.0278,0.0054,0.0020,0.0000,0.0223,0.0019,0.0006,0.0277,0.0054,0.0021,-0.0000,0.0671,0.0016,0.0074,0.0362,0.0334,0.0027,-0.0017,0.0340,-0.0563,0.0147,-0.0453,0.2288,-0.0013,0.0386,-0.0473,0.0157,-0.1110,0.0431,-0.0074,0.1063,0.0038,-0.0096,0.0481,0.0144,0.0076,-0.0005,0.0920,0.0315,-0.0014,0.0146,0.0146,-0.0041,0.0002,-1.0000,-1.0000,-1.0000,-1.0000,-1.0000,-1.0000,-1.0000,-1.0000,-1.0000,-1.0000,-1.0000,-1.0000,-1.0000,-1.0000,-1.0000,-1.0000,-1.0000,-1.0000,-1.0000,-1.0000,-1.0000,-1.0000,-1.0000,-1.0000,-1.0000,-1.0000,-1.0000,-1.0000,-1.0000,-1.0000,-1.0000,-1.0000,-1.0000,-1.0000,-1.0000,-1.0000,-1.0000,-1.0000,-1.0000,-1.0000,-1.0000,-1.0000,-1.0000,-1.0000,-1.0000,-1.0000,-1.0000,-1.0000,-1.0000,-1.0000,-1.0000,-1.0000,-1.0000,-1.0000,-1.0000,-1.0000,-1.0000,-1.0000,-1.0000,-1.0000,-1.0000,-1.0000,-1.0000,-1.0000,-1.0000,-1.0000,-1.0000,-1.0000,-1.0000,-1.0000,-1.0000,-1.0000,-1.0000,-1.0000,-1.0000,-1.0000,-1.0000,-1.0000,-1.0000,-1.0000,-1.0000,-1.0000,-1.0000,-1.0000,-1.0000,-1.0000,-1.0000,-1.0000,-1.0000,-1.0000,-1.0000,-1.0000,-1.0000,-1.0000,-1.0000,-1.0000,-1.0000,-1.0000,-1.0000,-1.0000,-1.0000,-1.0000,-1.0000,-1.0000,-1.0000,-1.0000,-1.0000,-1.0000,-1.0000,-1.0000,-1.0000,-1.0000,-1.0000,-1.0000,-1.0000,-1.0000,-1.0000,-1.0000,-1.0000,-1.0000,-1.0000,1.7899,1.7745,1.7807,1.7712,1.7842,1.7644,1.1989,1.2889,1.4408,1.3192,1.2475,1.5066,1.3775,1.3818,1.2296,1.4215,1.3423,1.3655,1.4848,1.4443,1.4046,1.3922,1.3333,1.3508,1.3489,1.2544,1.2832,1.2643,1.2376,1.2863,1.2085,1.1384,1.1881,1.1874,1.1354,1.2111,1.1668,1.2097,1.1323,1.1476,1.3700,1.4887,1.4487,1.4090,1.3957,1.3375,1.3562,1.3522,1.2592,1.2885,1.2698,1.2424,1.2898,1.2140,1.1448,1.1940,1.1935,1.1417,1.2165,1.1730,1.2144,1.1378,1.1537,0,1.0000,-3.8126,0.2856,-2.5528
226,0.4520,-0.1908,0.0139,0.0644,-1.4176,0.1057,0.0126,0.0656,0.2014,0.0000,1.0267,0.9999,-0.0001,0.0136,0.0003,0.0002,-0.0150,0.0001,-0.0069,-0.0053,-0.0004,-0.0002,-0.0149,0.0001,-0.0068,-0.0054,-0.0009,-0.0001,0.0222,-0.0018,-0.0008,0.0278,0.0054,0.0020,0.0000,0.0223,0.0019,0.0006,0.0277,0.0054,0.0021,-0.0000,0.0671,0.0016,0.0074,0.0362,0.0334,0.0027,-0.0017,0.0340,-0.0563,0.0147,-0.0453,0.2288,-0.0013,0.0386,-0.0473,0.0157,-0.1110,0.0431,-0.0074,0.1063,0.0038,-0.0096,0.0481,0.0144,0.0076,-0.0005,0.0920,0.0315,-0.0014,0.0146,0.0146,-0.0041,0.0002,-1.0000,-1.0000,-1.0000,-1.0000,-1.0000,-1.0000,-1.0000,-1.0000,-1.0000,-1.0000,-1.0000,-1.0000,-1.0000,-1.0000,-1.0000,-1.0000,-1.0000,-1.0000,-1.0000,-1.0000,-1.0000,-1.0000,-1.0000,-1.0000,-1.0000,-1.0000,-1.0000,-1.0000,-1.0000,-1.0000,-1.0000,-1.0000,-1.0000,-1.0000,-1.0000,-1.0000,-1.0000,-1.0000,-1.0000,-1.0000,-1.0000,-1.0000,-1.0000,-1.0000,-1.0000,-1.0000,-1.0000,-1.0000,-1.0000,-1.0000,-1.0000,-1.0000,-1.0000,-1.0000,-1.0000,-1.0000,-1.0000,-1.0000,-1.0000,-1.0000,-1.0000,-1.0000,-1.0000,-1.0000,-1.0000,-1.0000,-1.0000,-1.0000,-1.0000,-1.0000,-1.0000,-1.0000,-1.0000,-1.0000,-1.0000,-1.0000,-1.0000,-1.0000,-1.0000,-1.0000,-1.0000,-1.0000,-1.0000,-1.0000,-1.0000,-1.0000,-1.0000,-1.0000,-1.0000,-1.0000,-1.0000,-1.0000,-1.0000,-1.0000,-1.0000,-1.0000,-1.0000,-1.0000,-1.0000,-1.0000,-1.0000,-1.0000,-1.0000,-1.0000,-1.0000,-1.0000,-1.0000,-1.0000,-1.0000,-1.0000,-1.0000,-1.0000,-1.0000,-1.0000,-1.0000,-1.0000,-1.0000,-1.0000,-1.0000,-1.0000,-1.0000,1.7899,1.7745,1.7807,1.7712,1.7842,1.7644,1.1989,1.2889,1.4408,1.3192,1.2475,1.5066,1.3775,1.3818,1.2296,1.4215,1.3423,1.3655,1.4848,1.4443,1.4046,1.3922,1.3333,1.3508,1.3489,1.2544,1.2832,1.2643,1.2376,1.2863,1.2085,1.1384,1.1881,1.1874,1.1354,1.2111,1.1668,1.2097,1.1323,1.1476,1.3700,1.4887,1.4487,1.4090,1.3957,1.3375,1.3562,1.3522,1.2592,1.2885,1.2698,1.2424,1.2898,1.2140,1.1448,1.1940,1.1935,1.1417,1.2165,1.1730,1.2144,1.1378,1.1537,0,1.0000,-3.8126,0.2856,-2.5528
227,0.4540,-0.1936,0.0141,0.0644,-1.4186,0.1058,0.0153,0.0656,0.2015,0.0000,1.0267,0.9999,-0.0001,0.0137,0.0003,0.0002,-0.0149,0.0000,-0.0069,-0.0054,0.0003,-0.0002,-0.0148,0.0000,-0.0068,-0.0057,-0.0010,-0.0001,0.0224,-0.0018,-0.0008,0.0278,0.0054,0.0020,0.0000,0.0225,0.0019,0.0006,0.0277,0.0055,0.0021,-0.0000,0.0675,0.0006,0.0052,0.0208,0.0341,0.0016,-0.0021,0.0348,-0.0425,0.0146,-0.0603,0.3479,-0.0006,0.0414,-0.0252,0.0127,-0.1353,-0.0113,-0.0044,0.1046,-0.0005,-0.0067,0.0384,0.0144,0.0077,-0.0005,0.0947,0.0254,0.0007,0.0170,0.0148,-0.0051,0.0002,-1.0000,-1.0000,-1.0000,-1.0000,-1.0000,-1.0000,-1.0000,-1.0000,-1.0000,-1.0000,-1.0000,-1.0000,-1.0000,-1.0000,-1.0000,-1.0000,-1.0000,-1.0000,-1.0000,-1.0000,-1.0000,-1.0000,-1.0000,-1.0000,-1.0000,-1.0000,-1.0000,-1.0000,-1.0000,-1.0000,-1.0000,-1.0000,-1.0000,-1.0000,-1.0000,-1.0000,-1.0000,-1.0000,-1.0000,-1.0000,-1.0000,-1.0000,-1.0000,-1.0000,-1.0000,-1.0000,-1.0000,-1.0000,-1.0000,-1.0000,-1.0000,-1.0000,-1.0000,-1.0000,-1.0000,-1.0000,-1.0000,-1.0000,-1.0000,-1.0000,-1.0000,-1.0000,-1.0000,-1.0000,-1.0000,-1.0000,-1.0000,-1.0000,-1.0000,-1.0000,-1.0000,-1.0000,-1.0000,-1.0000,-1.0000,-1.0000,-1.0000,-1.0000,-1.0000,-1.0000,-1.0000,-1.0000,-1.0000,-1.0000,-1.0000,-1.0000,-1.0000,-1.0000,-1.0000,-1.0000,-1.0000,-1.0000,-1.0000,-1.0000,-1.0000,-1.0000,-1.0000,-1.0000,-1.0000,-1.0000,-1.0000,-1.0000,-1.0000,-1.0000,-1.0000,-1.0000,-1.0000,-1.0000,-1.0000,-1.0000,-1.0000,-1.0000,-1.0000,-1.0000,-1.0000,-1.0000,-1.0000,-1.0000,-1.0000,-1.0000,-1.0000,1.7907,1.7754,1.7815,1.7719,1.7850,1.7651,1.1996,1.2900,1.4418,1.3199,1.2486,1.5074,1.3782,1.3828,1.2303,1.4221,1.3433,1.3664,1.4857,1.4452,1.4055,1.3931,1.3341,1.3516,1.3498,1.2554,1.2840,1.2652,1.2384,1.2872,1.2094,1.1394,1.1893,1.1884,1.1365,1.2122,1.1677,1.2108,1.1334,1.1487,1.3710,1.4896,1.4496,1.4100,1.3967,1.3383,1.3571,1.3532,1.2602,1.2893,1.2707,1.2433,1.2907,1.2149,1.1458,1.1952,1.1945,1.1428,1.2176,1.1740,1.2156,1.1390,1.1548,0,1.0000,-3.8126,0.2856,-2.5528
228,0.4560,-0.1965,0.0143,0.0644,-1.4194,0.1060,0.0173,0.0656,0.2016,0.0000,1.0267,0.9999,-0.0000,0.0137,0.0003,0.0002,-0.0149,-0.0001,-0.0068,-0.0056,0.0006,-0.0002,-0.0147,-0.0001,-0.0067,-0.0060,-0.0006,-0.0001,0.0226,-0.0018,-0.0008,0.0279,0.0055,0.0020,0.0000,0.0227,0.0020,0.0006,0.0278,0.0055,0.0021,-0.0000,0.0678,0.0006,0.0016,0.0209,0.0344,0.0015,-0.0005,0.0362,-0.0331,0.0140,-0.0746,0.1472,-0.0009,0.0414,-0.0341,0.0127,-0.1337,0.1687,-0.0042,0.1042,0.0002,-0.0058,0.0323,0.0144,0.0079,-0.0005,0.0944,0.0242,0.0006,0.0117,0.0148,-0.0062,0.0002,-1.0000,-1.0000,-1.0000,-1.0000,-1.0000,-1.0000,-1.0000,-1.0000,-1.0000,-1.0000,-1.0000,-1.0000,-1.0000,-1.0000,-1.0000,-1.0000,-1.0000,-1.0000,-1.0000,-1.0000,-1.0000,-1.0000,-1.0000,-1.0000,-1.0000,-1.0000,-1.0000,-1.0000,-1.0000,-1.0000,-1.0000,-1.0000,-1.0000,-1.0000,-1.0000,-1.0000,-1.0000,-1.0000,-1.0000,-1.0000,-1.0000,-1.0000,-1.0000,-1.0000,-1.0000,-1.0000,-1.0000,-1.0000,-1.0000,-1.0000,-1.0000,-1.0000,-1.0000,-1.0000,-1.0000,-1.0000,-1.0000,-1.0000,-1.0000,-1.0000,-1.0000,-1.0000,-1.0000,-1.0000,-1.0000,-1.0000,-1.0000,-1.0000,-1.0000,-1.0000,-1.0000,-1.0000,-1.0000,-1.0000,-1.0000,-1.0000,-1.0000,-1.0000,-1.0000,-1.0000,-1.0000,-1.0000,-1.0000,-1.0000,-1.0000,-1.0000,-1.0000,-1.0000,-1.0000,-1.0000,-1.0000,-1.0000,-1.0000,-1.0000,-1.0000,-1.0000,-1.0000,-1.0000,-1.0000,-1.0000,-1.0000,-1.0000,-1.0000,-1.0000,-1.0000,-1.0000,-1.0000,-1.0000,-1.0000,-1.0000,-1.0000,-1.0000,-1.0000,-1.0000,-1.0000,-1.0000,-1.0000,-1.0000,-1.0000,-1.0000,-1.0000,1.7915,1.7763,1.7822,1.7726,1.7858,1.7659,1.2004,1.2911,1.4428,1.3206,1.2497,1.5082,1.3789,1.3838,1.2311,1.4228,1.3444,1.3674,1.4866,1.4461,1.4064,1.3940,1.3348,1.3524,1.3507,1.2564,1.2847,1.2661,1.2392,1.2880,1.2102,1.1403,1.1904,1.1894,1.1375,1.2133,1.1686,1.2119,1.1346,1.1498,1.3720,1.4906,1.4506,1.4109,1.3976,1.3391,1.3580,1.3541,1.2612,1.2901,1.2717,1.2441,1.2916,1.2158,1.1468,1.1964,1.1956,1.1439,1.2188,1.1750,1.2167,1.1402,1.1560,0,1.0000,-3.8126,0.2856,-2.5528
228,0.4560,-0.1965,0.0143,0.0644,-1.4194,0.1060,0.0173,0.0656,0.2016,0.0000,1.0267,0.9999,-0.0000,0.0137,0.0003,0.0002,-0.0149,-0.0001,-0.0068,-0.0056,0.0006,-0.0002,-0.0147,-0.0001,-0.0067,-0.0060,-0.0006,-0.0001,0.0226,-0.0018,-0.0008,0.0279,0.0055,0.0020,0.0000,0.0227,0.0020,0.0006,0.0278,0.0055,0.0021,-0.0000,0.0678,0.0006,0.0016,0.0209,0.0344,0.0015,-0.0005,0.0362,-0.0331,0.0140,-0.0746,0.1472,-0.0009,0.0414,-0.0341,0.0127,-0.1337,0.1687,-0.0042,0.1042,0.0002,-0.0058,0.0323,0.0144,0.0079,-0.0005,0.0944,0.0242,0.0006,0.0117,0.0148,-0.0062,0.0002,-1.0000,-1.0000,-1.0000,-1.0000,-1.0000,-1.0000,-1.0000,-1.0000,-1.0000,-1.0000,-1.0000,-1.0000,-1.0000,-1.0000,-1.0000,-1.0000,-1.0000,-1.0000,-1.0000,-1.0000,-1.0000,-1.0000,-1.0000,-1.0000,-1.0000,-1.0000,-1.0000,-1.0000,-1.0000,-1.0000,-1.0000,-1.0000,-1.0000,-1.0000,-1.0000,-1.0000,-1.0000,-1.0000,-1.0000,-1.0000,-1.0000,-1.0000,-1.0000,-1.0000,-1.0000,-1.0000,-1.0000,-1.0000,-1.0000,-1.0000,-1.0000,-1.0000,-1.0000,-1.0000,-1.0000,-1.0000,-1.0000,-1.0000,-1.0000,-1.0000,-1.0000,-1.0000,-1.0000,-1.0000,-1.0000,-1.0000,-1.0000,-1.0000,-1.0000,-1.0000,-1.0000,-1.0000,-1.0000,-1.0000,-1.0000,-1.0000,-1.0000,-1.0000,-1.0000,-1.0000,-1.0000,-1.0000,-1.0000,-1.0000,-1.0000,-1.0000,-1.0000,-1.0000,-1.0000,-1.0000,-1.0000,-1.0000,-1.0000,-1.0000,-1.0000,-1.0000,-1.0000,-1.0000,-1.0000,-1.0000,-1.0000,-1.0000,-1.0000,-1.0000,-1.0000,-1.0000,-1.0000,-1.0000,-1.0000,-1.0000,-1.0000,-1.0000,-1.0000,-1.0000,-1.0000,-1.0000,-1.0000,-1.0000,-1.0000,-1.0000,-1.0000,1.7915,1.7763,1.7822,1.7726,1.7858,1.7659,1.2004,1.2911,1.4428,1.3206,1.2497,1.5082,1.3789,1.3838,1.2311,1.4228,1.3444,1.3674,1.4866,1.4461,1.4064,1.3940,1.3348,1.3524,1.3507,1.2564,1.2847,1.2661,1.2392,1.2880,1.2102,1.1403,1.1904,1.1894,1.1375,1.2133,1.1686,1.2119,1.1346,1.1498,1.3720,1.4906,1.4506,1.4109,1.3976,1.3391,1.3580,1.3541,1.2612,1.2901,1.2717,1.2441,1.2916,1.2158,1.1468,1.1964,1.1956,1.1439,1.2188,1.1750,1.2167,1.1402,1.1560,0,1.0000,-3.8126,0.2856,-2.5528
229,0.4580,-0.1993,0.0145,0.0645,-1.4202,0.1060,0.0187,0.0656,0.2018,0.0000,1.0267,0.9999,-0.0000,0.0137,0.0003,0.0002,-0.0148,-0.0001,-0.0068,-0.0057,0.0005,-0.0002,-0.0146,-0.0001,-0.0067,-0.0062,0.0000,-0.0001,0.0228,-0.0018,-0.0009,0.0280,0.0055,0.0020,0.0000,0.0229,0.0020,0.0006,0.0278,0.0055,0.0021,-0.0000,0.0681,0.0006,-0.0023,0.0209,0.0345,0.0014,0.0009,0.0373,-0.0241,0.0137,-0.0858,-0.0403,-0.0012,0.0414,-0.0423,0.0127,-0.1321,0.3362,-0.0039,0.1037,0.0010,-0.0050,0.0260,0.0144,0.0080,-0.0005,0.0940,0.0230,0.0006,0.0064,0.0147,-0.0074,0.0002,-1.0000,-1.0000,-1.0000,-1.0000,-1.0000,-1.0000,-1.0000,-1.0000,-1.0000,-1.0000,-1.0000,-1.0000,-1.0000,-1.0000,-1.0000,-1.0000,-1.0000,-1.0000,-1.0000,-1.0000,-1.0000,-1.0000,-1.0000,-1.0000,-1.0000,-1.0000,-1.0000,-1.0000,-1.0000,-1.0000,-1.0000,-1.0000,-1.0000,-1.0000,-1.0000,-1.0000,-1.0000,-1.0000,-1.0000,-1.0000,-1.0000,-1.0000,-1.0000,-1.0000,-1.0000,-1.0000,-1.0000,-1.0000,-1.0000,-1.0000,-1.0000,-1.0000,-1.0000,-1.0000,-1.0000,-1.0000,-1.0000,-1.0000,-1.0000,-1.0000,-1.0000,-1.0000,-1.0000,-1.0000,-1.0000,-1.0000,-1.0000,-1.0000,-1.0000,-1.0000,-1.0000,-1.0000,-1.0000,-1.0000,-1.0000,-1.0000,-1.0000,-1.0000,-1.0000,-1.0000,-1.0000,-1.0000,-1.0000,-1.0000,-1.0000,-1.0000,-1.0000,-1.0000,-1.0000,-1.0000,-1.0000,-1.0000,-1.0000,-1.0000,-1.0000,-1.0000,-1.0000,-1.0000,-1.0000,-1.0000,-1.0000,-1.0000,-1.0000,-1.0000,-1.0000,-1.0000,-1.0000,-1.0000,-1.0000,-1.0000,-1.0000,-1.0000,-1.0000,-1.0000,-1.0000,-1.0000,-1.0000,-1.0000,-1.0000,-1.0000,-1.0000,1.7922,1.7771,1.7830,1.7733,1.7866,1.7667,1.2012,1.2922,1.4438,1.3213,1.2509,1.5090,1.3796,1.3849,1.2318,1.4235,1.3454,1.3683,1.4875,1.4470,1.4073,1.3949,1.3355,1.3532,1.3516,1.2573,1.2855,1.2670,1.2400,1.2889,1.2110,1.1412,1.1915,1.1904,1.1385,1.2144,1.1696,1.2130,1.1357,1.1509,1.3729,1.4915,1.4515,1.4119,1.3986,1.3399,1.3588,1.3550,1.2623,1.2910,1.2726,1.2449,1.2925,1.2167,1.1478,1.1976,1.1966,1.1449,1.2200,1.1759,1.2179,1.1414,1.1571,0,1.0000,-3.8126,0.2856,-2.5528
229,0.4580,-0.1993,0.0145,0.0645,-1.4202,0.1060,0.0187,0.0656,0.2018,0.0000,1.0267,0.9999,-0.0000,0.0137,0.0003,0.0002,-0.0148,-0.0001,-0.0068,-0.0057,0.0005,-0.0002,-0.0146,-0.0001,-0.0067,-0.0062,0.0000,-0.0001,0.0228,-0.0018,-0.0009,0.0280,0.0055,0.0020,0.0000,0.0229,0.0020,0.0006,0.0278,0.0055,0.0021,-0.0000,0.0681,0.0006,-0.0023,0.0209,0.0345,0.0014,0.0009,0.0373,-0.0241,0.0137,-0.0858,-0.0403,-0.0012,0.0414,-0.0423,0.0127,-0.1321,0.3362,-0.0039,0.1037,0.0010,-0.0050,0.0260,0.0144,0.0080,-0.0005,0.0940,0.0230,0.0006,0.0064,0.0147,-0.0074,0.0002,-1.0000,-1.0000,-1.0000,-1.0000,-1.0000,-1.0000,-1.0000,-1.0000,-1.0000,-1.0000,-1.0000,-1.0000,-1.0000,-1.0000,-1.0000,-1.0000,-1.0000,-1.0000,-1.0000,-1.0000,-1.0000,-1.0000,-1.0000,-1.0000,-1.0000,-1.0000,-1.0000,-1.0000,-1.0000,-1.0000,-1.0000,-1.0000,-1.0000,-1.0000,-1.0000,-1.0000,-1.0000,-1.0000,-1.0000,-1.0000,-1.0000,-1.0000,-1.0000,-1.0000,-1.0000,-1.0000,-1.0000,-1.0000,-1.0000,-1.0000,-1.0000,-1.0000,-1.0000,-1.0000,-1.0000,-1.0000,-1.0000,-1.0000,-1.0000,-1.0000,-1.0000,-1.0000,-1.0000,-1.0000,-1.0000,-1.0000,-1.0000,-1.0000,-1.0000,-1.0000,-1.0000,-1.0000,-1.0000,-1.0000,-1.0000,-1.0000,-1.0000,-1.0000,-1.0000,-1.0000,-1.0000,-1.0000,-1.0000,-1.0000,-1.0000,-1.0000,-1.0000,-1.0000,-1.0000,-1.0000,-1.0000,-1.0000,-1.0000,-1.0000,-1.0000,-1.0000,-1.0000,-1.0000,-1.0000,-1.0000,-1.0000,-1.0000,-1.0000,-1.0000,-1.0000,-1.0000,-1.0000,-1.0000,-1.0000,-1.0000,-1.0000,-1.0000,-1.0000,-1.0000,-1.0000,-1.0000,-1.0000,-1.0000,-1.0000,-1.0000,-1.0000,1.7922,1.7771,1.7830,1.7733,1.7866,1.7667,1.2012,1.2922,1.4438,1.3213,1.2509,1.5090,1.3796,1.3849,1.2318,1.4235,1.3454,1.3683,1.4875,1.4470,1.4073,1.3949,1.3355,1.3532,1.3516,1.2573,1.2855,1.2670,1.2400,1.2889,1.2110,1.1412,1.1915,1.1904,1.1385,1.2144,1.1696,1.2130,1.1357,1.1509,1.3729,1.4915,1.4515,1.4119,1.3986,1.3399,1.3588,1.3550,1.2623,1.2910,1.2726,1.2449,1.2925,1.2167,1.1478,1.1976,1.1966,1.1449,1.2200,1.1759,1.2179,1.1414,1.1571,0,1.0000,-3.8126,0.2856,-2.5528
230,0.4600,-0.2021,0.0147,0.0645,-1.4208,0.1061,0.0197,0.0656,0.2019,0.0000,1.0267,0.9999,0.0000,0.0138,0.0003,0.0002,-0.0147,-0.0002,-0.0068,-0.0059,0.0001,-0.0002,-0.0146,-0.0003,-0.0066,-0.0061,0.0006,-0.0001,0.0230,-0.0018,-0.0009,0.0280,0.0055,0.0021,-0.0000,0.0231,0.0021,0.0006,0.0277,0.0056,0.0020,-0.0000,0.0684,0.0014,-0.0089,0.0317,0.0331,0.0018,0.0021,0.0404,-0.0288,0.0129,-0.0955,-0.2275,-0.0034,0.0202,-0.0540,0.0302,0.0627,0.2896,-0.0053,0.1031,0.0047,-0.0055,0.0194,0.0143,0.0082,-0.0005,0.0905,0.0245,-0.0010,-0.0067,0.0146,-0.0087,0.0002,-1.0000,-1.0000,-1.0000,-1.0000,-1.0000,-1.0000,-1.0000,-1.0000,-1.0000,-1.0000,-1.0000,-1.0000,-1.0000,-1.0000,-1.0000,-1.0000,-1.0000,-1.0000,-1.0000,-1.0000,-1.0000,-1.0000,-1.0000,-1.0000,-1.0000,-1.0000,-1.0000,-1.0000,-1.0000,-1.0000,-1.0000,-1.0000,-1.0000,-1.0000,-1.0000,-1.0000,-1.0000,-1.0000,-1.0000,-1.0000,-1.0000,-1.0000,-1.0000,-1.0000,-1.0000,-1.0000,-1.0000,-1.0000,-1.0000,-1.0000,-1.0000,-1.0000,-1.0000,-1.0000,-1.0000,-1.0000,-1.0000,-1.0000,-1.0000,-1.0000,-1.0000,-1.0000,-1.0000,-1.0000,-1.0000,-1.0000,-1.0000,-1.0000,-1.0000,-1.0000,-1.0000,-1.0000,-1.0000,-1.0000,-1.0000,-1.0000,-1.0000,-1.0000,-1.0000,-1.0000,-1.0000,-1.0000,-1.0000,-1.0000,-1.0000,-1.0000,-1.0000,-1.0000,-1.0000,-1.0000,-1.0000,-1.0000,-1.0000,-1.0000,-1.0000,-1.0000,-1.0000,-1.0000,-1.0000,-1.0000,-1.0000,-1.0000,-1.0000,-1.0000,-1.0000,-1.0000,-1.0000,-1.0000,-1.0000,-1.0000,-1.0000,-1.0000,-1.0000,-1.0000,-1.0000,-1.0000,-1.0000,-1.0000,-1.0000,-1.0000,-1.0000,1.7930,1.7780,1.7837,1.7740,1.7874,1.7675,1.2019,1.2933,1.4448,1.3220,1.2520,1.5099,1.3802,1.3859,1.2326,1.4241,1.3464,1.3692,1.4883,1.4479,1.4082,1.3958,1.3363,1.3540,1.3525,1.2583,1.2863,1.2678,1.2408,1.2897,1.2119,1.1422,1.1926,1.1914,1.1395,1.2155,1.1705,1.2141,1.1368,1.1520,1.3739,1.4924,1.4524,1.4128,1.3995,1.3407,1.3597,1.3559,1.2633,1.2918,1.2735,1.2458,1.2934,1.2176,1.1488,1.1988,1.1977,1.1460,1.2211,1.1769,1.2190,1.1426,1.1583,0,1.0000,-3.8126,0.2856,-2.5528
231,0.4620,-0.2050,0.0149,0.0645,-1.4213,0.1062,0.0202,0.0656,0.2021,0.0000,1.0267,0.9999,0.0000,0.0138,0.0003,0.0002,-0.0146,-0.0002,-0.0068,-0.0062,-0.0006,-0.0002,-0.0145,-0.0003,-0.0066,-0.0061,0.0008,-0.0001,0.0232,-0.0018,-0.0009,0.0280,0.0055,0.0021,-0.0000,0.0232,0.0021,0.0006,0.0277,0.0056,0.0020,-0.0000,0.0688,0.0018,-0.0087,0.0316,0.0346,0.0020,0.0021,0.0439,-0.0250,0.0094,-0.1363,-0.3109,-0.0017,0.0254,-0.0447,0.0254,0.0094,0.0860,-0.0052,0.1040,0.0042,-0.0047,0.0199,0.0143,0.0085,-0.0005,0.0917,0.0223,-0.0009,-0.0049,0.0146,-0.0096,0.0002,-1.0000,-1.0000,-1.0000,-1.0000,-1.0000,-1.0000,-1.0000,-1.0000,-1.0000,-1.0000,-1.0000,-1.0000,-1.0000,-1.0000,-1.0000,-1.0000,-1.0000,-1.0000,-1.0000,-1.0000,-1.0000,-1.0000,-1.0000,-1.0000,-1.0000,-1.0000,-1.0000,-1.0000,-1.0000,-1.0000,-1.0000,-1.0000,-1.0000,-1.0000,-1.0000,-1.0000,-1.0000,-1.0000,-1.0000,-1.0000,-1.0000,-1.0000,-1.0000,-1.0000,-1.0000,-1.0000,-1.0000,-1.0000,-1.0000,-1.0000,-1.0000,-1.0000,-1.0000,-1.0000,-1.0000,-1.0000,-1.0000,-1.0000,-1.0000,-1.0000,-1.0000,-1.0000,-1.0000,-1.0000,-1.0000,-1.0000,-1.0000,-1.0000,-1.0000,-1.0000,-1.0000,-1.0000,-1.0000,-1.0000,-1.0000,-1.0000,-1.0000,-1.0000,-1.0000,-1.0000,-1.0000,-1.0000,-1.0000,-1.0000,-1.0000,-1.0000,-1.0000,-1.0000,-1.0000,-1.0000,-1.0000,-1.0000,-1.0000,-1.0000,-1.0000,-1.0000,-1.0000,-1.0000,-1.0000,-1.0000,-1.0000,-1.0000,-1.0000,-1.0000,-1.0000,-1.0000,-1.0000,-1.0000,-1.0000,-1.0000,-1.0000,-1.0000,-1.0000,-1.0000,-1.0000,-1.0000,-1.0000,-1.0000,-1.0000,-1.0000,-1.0000,1.7937,1.7789,1.7844,1.7747,1.7882,1.7682,1.2027,1.2944,1.4458,1.3227,1.2531,1.5106,1.3809,1.3869,1.2333,1.4248,1.3475,1.3701,1.4892,1.4488,1.4091,1.3967,1.3370,1.3548,1.3534,1.2593,1.2871,1.2687,1.2415,1.2906,1.2127,1.1431,1.1938,1.1923,1.1405,1.2166,1.1714,1.2152,1.1380,1.1531,1.3749,1.4933,1.4533,1.4138,1.4005,1.3414,1.3605,1.3569,1.2643,1.2926,1.2745,1.2466,1.2942,1.2184,1.1498,1.2000,1.1987,1.1471,1.2223,1.1779,1.2202,1.1438,1.1594,0,1.0000,-3.8126,0.2856,-2.5528
231,0.4620,-0.2050,0.0149,0.0645,-1.4213,0.1062,0.0202,0.0656,0.2021,0.0000,1.0267,0.9999,0.0000,0.0138,0.0003,0.0002,-0.0146,-0.0002,-0.0068,-0.0062,-0.0006,-0.0002,-0.0145,-0.0003,-0.0066,-0.0061,0.0008,-0.0001,0.0232,-0.0018,-0.0009,0.0280,0.0055,0.0021,-0.0000,0.0232,0.0021,0.0006,0.0277,0.0056,0.0020,-0.0000,0.0688,0.0018,-0.0087,0.0316,0.0346,0.0020,0.0021,0.0439,-0.0250,0.0094,-0.1363,-0.3109,-0.0017,0.0254,-0.0447,0.0254,0.0094,0.0860,-0.0052,0.1040,0.0042,-0.0047,0.0199,0.0143,0.0085,-0.0005,0.0917,0.0223,-0.0009,-0.0049,0.0146,-0.0096,0.0002,-1.0000,-1.0000,-1.0000,-1.0000,-1.0000,-1.0000,-1.0000,-1.0000,-1.0000,-1.0000,-1.0000,-1.0000,-1.0000,-1.0000,-1.0000,-1.0000,-1.0000,-1.0000,-1.0000,-1.0000,-1.0000,-1.0000,-1.0000,-1.0000,-1.0000,-1.0000,-1.0000,-1.0000,-1.0000,-1.0000,-1.0000,-1.0000,-1.0000,-1.0000,-1.0000,-1.0000,-1.0000,-1.0000,-1.0000,-1.0000,-1.0000,-1.0000,-1.0000,-1.0000,-1.0000,-1.0000,-1.0000,-1.0000,-1.0000,-1.0000,-1.0000,-1.0000,-1.0000,-1.0000,-1.0000,-1.0000,-1.0000,-1.0000,-1.0000,-1.0000,-1.0000,-1.0000,-1.0000,-1.0000,-1.0000,-1.0000,-1.0000,-1.0000,-1.0000,-1.0000,-1.0000,-1.0000,-1.0000,-1.0000,-1.0000,-1.0000,-1.0000,-1.0000,-1.0000,-1.0000,-1.0000,-1.0000,-1.0000,-1.0000,-1.0000,-1.0000,-1.0000,-1.0000,-1.0000,-1.0000,-1.0000,-1.0000,-1.0000,-1.0000,-1.0000,-1.0000,-1.0000,-1.0000,-1.0000,-1.0000,-1.0000,-1.0000,-1.0000,-1.0000,-1.0000,-1.0000,-1.0000,-1.0000,-1.0000,-1.0000,-1.0000,-1.0000,-1.0000,-1.0000,-1.0000,-1.0000,-1.0000,-1.0000,-1.0000,-1.0000,-1.0000,1.7937,1.7789,1.7844,1.7747,1.7882,1.7682,1.2027,1.2944,1.4458,1.3227,1.2531,1.5106,1.3809,1.3869,1.2333,1.4248,1.3475,1.3701,1.4892,1.4488,1.4091,1.3967,1.3370,1.3548,1.3534,1.2593,1.2871,1.2687,1.2415,1.2906,1.2127,1.1431,1.1938,1.1923,1.1405,1.2166,1.1714,1.2152,1.1380,1.1531,1.3749,1.4933,1.4533,1.4138,1.4005,1.3414,1.3605,1.3569,1.2643,1.2926,1.2745,1.2466,1.2942,1.2184,1.1498,1.2000,1.1987,1.1471,1.2223,1.1779,1.2202,1.1438,1.1594,0,1.0000,-3.8126,0.2856,-2.5528
232,0.4640,-0.2078,0.0151,0.0646,-1.4218,0.1063,0.0205,0.0656,0.2022,0.0000,1.0267,0.9999,0.0001,0.0138,0.0003,0.0002,-0.0145,-0.0003,-0.0068,-0.0064,-0.0010,-0.0002,-0.0145,-0.0004,-0.0066,-0.0061,0.0006,-0.0001,0.0234,-0.0018,-0.0009,0.0281,0.0056,0.0021,-0.0000,0.0234,0.0022,0.0006,0.0277,0.0056,0.0020,-0.0000,0.0692,0.0024,-0.0068,0.0409,0.0362,0.0023,0.0013,0.0411,-0.0409,0.0097,-0.1194,-0.2199,-0.0005,0.0290,-0.0481,0.0217,-0.0338,-0.0861,-0.0063,0.1069,0.0073,-0.0051,0.0267,0.0142,0.0091,-0.0006,0.0923,0.0238,-0.0020,-0.0033,0.0146,-0.0104,0.0002,-1.0000,-1.0000,-1.0000,-1.0000,-1.0000,-1.0000,-1.0000,-1.0000,-1.0000,-1.0000,-1.0000,-1.0000,-1.0000,-1.0000,-1.0000,-1.0000,-1.0000,-1.0000,-1.0000,-1.0000,-1.0000,-1.0000,-1.0000,-1.0000,-1.0000,-1.0000,-1.0000,-1.0000,-1.0000,-1.0000,-1.0000,-1.0000,-1.0000,-1.0000,-1.0000,-1.0000,-1.0000,-1.0000,-1.0000,-1.0000,-1.0000,-1.0000,-1.0000,-1.0000,-1.0000,-1.0000,-1.0000,-1.0000,-1.0000,-1.0000,-1.0000,-1.0000,-1.0000,-1.0000,-1.0000,-1.0000,-1.0000,-1.0000,-1.0000,-1.0000,-1.0000,-1.0000,-1.0000,-1.0000,-1.0000,-1.0000,-1.0000,-1.0000,-1.0000,-1.0000,-1.0000,-1.0000,-1.0000,-1.0000,-1.0000,-1.0000,-1.0000,-1.0000,-1.0000,-1.0000,-1.0000,-1.0000,-1.0000,-1.0000,-1.0000,-1.0000,-1.0000,-1.0000,-1.0000,-1.0000,-1.0000,-1.0000,-1.0000,-1.0000,-1.0000,-1.0000,-1.0000,-1.0000,-1.0000,-1.0000,-1.0000,-1.0000,-1.0000,-1.0000,-1.0000,-1.0000,-1.0000,-1.0000,-1.0000,-1.0000,-1.0000,-1.0000,-1.0000,-1.0000,-1.0000,-1.0000,-1.0000,-1.0000,-1.0000,-1.0000,-1.0000,1.7945,1.7797,1.7852,1.7753,1.7891,1.7690,1.2034,1.2955,1.4467,1.3234,1.2542,1.5114,1.3816,1.3879,1.2341,1.4254,1.3485,1.3710,1.4901,1.4497,1.4100,1.3976,1.3377,1.3556,1.3542,1.2602,1.2879,1.2696,1.2423,1.2914,1.2135,1.1441,1.1949,1.1933,1.1416,1.2177,1.1723,1.2163,1.1391,1.1542,1.3758,1.4942,1.4543,1.4147,1.4014,1.3422,1.3614,1.3578,1.2653,1.2935,1.2754,1.2474,1.2951,1.2193,1.1508,1.2012,1.1998,1.1482,1.2235,1.1789,1.2213,1.1450,1.1606,0,1.0000,-3.8126,0.2856,-2.5528
232,0.4640,-0.2078,0.0151,0.0646,-1.4218,0.1063,0.0205,0.0656,0.2022,0.0000,1.0267,0.9999,0.0001,0.0138,0.0003,0.0002,-0.0145,-0.0003,-0.0068,-0.0064,-0.0010,-0.0002,-0.0145,-0.0004,-0.0066,-0.0061,0.0006,-0.0001,0.0234,-0.0018,-0.0009,0.0281,0.0056,0.0021,-0.0000,0.0234,0.0022,0.0006,0.0277,0.0056,0.0020,-0.0000,0.0692,0.0024,-0.0068,0.0409,0.0362,0.0023,0.0013,0.0411,-0.0409,0.0097,-0.1194,-0.2199,-0.0005,0.0290,-0.0481,0.0217,-0.0338,-0.0861,-0.0063,0.1069,0.0073,-0.0051,0.0267,0.0142,0.0091,-0.0006,0.0923,0.0238,-0.0020,-0.0033,0.0146,-0.0104,0.0002,-1.0000,-1.0000,-1.0000,-1.0000,-1.0000,-1.0000,-1.0000,-1.0000,-1.0000,-1.0000,-1.0000,-1.0000,-1.0000,-1.0000,-1.0000,-1.0000,-1.0000,-1.0000,-1.0000,-1.0000,-1.0000,-1.0000,-1.0000,-1.0000,-1.0000,-1.0000,-1.0000,-1.0000,-1.0000,-1.0000,-1.0000,-1.0000,-1.0000,-1.0000,-1.0000,-1.0000,-1.0000,-1.0000,-1.0000,-1.0000,-1.0000,-1.0000,-1.0000,-1.0000,-1.0000,-1.0000,-1.0000,-1.0000,-1.0000,-1.0000,-1.0000,-1.0000,-1.0000,-1.0000,-1.0000,-1.0000,-1.0000,-1.0000,-1.0000,-1.0000,-1.0000,-1.0000,-1.0000,-1.0000,-1.0000,-1.0000,-1.0000,-1.0000,-1.0000,-1.0000,-1.0000,-1.0000,-1.0000,-1.0000,-1.0000,-1.0000,-1.0000,-1.0000,-1.0000,-1.0000,-1.0000,-1.0000,-1.0000,-1.0000,-1.0000,-1.0000,-1.0000,-1.0000,-1.0000,-1.0000,-1.0000,-1.0000,-1.0000,-1.0000,-1.0000,-1.0000,-1.0000,-1.0000,-1.0000,-1.0000,-1.0000,-1.0000,-1.0000,-1.0000,-1.0000,-1.0000,-1.0000,-1.0000,-1.0000,-1.0000,-1.0000,-1.0000,-1.0000,-1.0000,-1.0000,-1.0000,-1.0000,-1.0000,-1.0000,-1.0000,-1.0000,1.7945,1.7797,1.7852,1.7753,1.7891,1.7690,1.2034,1.2955,1.4467,1.3234,1.2542,1.5114,1.3816,1.3879,1.2341,1.4254,1.3485,1.3710,1.4901,1.4497,1.4100,1.3976,1.3377,1.3556,1.3542,1.2602,1.2879,1.2696,1.2423,1.2914,1.2135,1.1441,1.1949,1.1933,1.1416,1.2177,1.1723,1.2163,1.1391,1.1542,1.3758,1.4942,1.4543,1.4147,1.4014,1.3422,1.3614,1.3578,1.2653,1.2935,1.2754,1.2474,1.2951,1.2193,1.1508,1.2012,1.1998,1.1482,1.2235,1.1789,1.2213,1.1450,1.1606,0,1.0000,-3.8126,0.2856,-2.5528
233,0.4660,-0.2107,0.0153,0.0646,-1.4223,0.1063,0.0205,0.0656,0.2023,0.0000,1.0267,0.9999,0.0001,0.0139,0.0003,0.0002,-0.0145,-0.0004,-0.0067,-0.0067,-0.0013,-0.0002,-0.0144,-0.0005,-0.0065,-0.0063,0.0001,-0.0001,0.0237,-0.0018,-0.0009,0.0281,0.0056,0.0021,-0.0000,0.0236,0.0022,0.0006,0.0277,0.0056,0.0020,-0.0000,0.0695,0.0029,-0.0055,0.0498,0.0377,0.0026,0.0006,0.0386,-0.0558,0.0100,-0.1050,-0.1418,0.0004,0.0321,-0.0516,0.0185,-0.0700,-0.2441,-0.0073,0.1093,0.0103,-0.0054,0.0321,0.0142,0.0096,-0.0006,0.0926,0.0252,-0.0029,-0.0026,0.0145,-0.0113,0.0002,-1.0000,-1.0000,-1.0000,-1.0000,-1.0000,-1.0000,-1.0000,-1.0000,-1.0000,-1.0000,-1.0000,-1.0000,-1.0000,-1.0000,-1.0000,-1.0000,-1.0000,-1.0000,-1.0000,-1.0000,-1.0000,-1.0000,-1.0000,-1.0000,-1.0000,-1.0000,-1.0000,-1.0000,-1.0000,-1.0000,-1.0000,-1.0000,-1.0000,-1.0000,-1.0000,-1.0000,-1.0000,-1.0000,-1.0000,-1.0000,-1.0000,-1.0000,-1.0000,-1.0000,-1.0000,-1.0000,-1.0000,-1.0000,-1.0000,-1.0000,-1.0000,-1.0000,-1.0000,-1.0000,-1.0000,-1.0000,-1.0000,-1.0000,-1.0000,-1.0000,-1.0000,-1.0000,-1.0000,-1.0000,-1.0000,-1.0000,-1.0000,-1.0000,-1.0000,-1.0000,-1.0000,-1.0000,-1.0000,-1.0000,-1.0000,-1.0000,-1.0000,-1.0000,-1.0000,-1.0000,-1.0000,-1.0000,-1.0000,-1.0000,-1.0000,-1.0000,-1.0000,-1.0000,-1.0000,-1.0000,-1.0000,-1.0000,-1.0000,-1.0000,-1.0000,-1.0000,-1.0000,-1.0000,-1.0000,-1.0000,-1.0000,-1.0000,-1.0000,-1.0000,-1.0000,-1.0000,-1.0000,-1.0000,-1.0000,-1.0000,-1.0000,-1.0000,-1.0000,-1.0000,-1.0000,-1.0000,-1.0000,-1.0000,-1.0000,-1.0000,-1.0000,1.7953,1.7806,1.7859,1.7760,1.7899,1.7698,1.2042,1.2966,1.4477,1.3241,1.2553,1.5123,1.3823,1.3890,1.2349,1.4261,1.3496,1.3720,1.4910,1.4506,1.4109,1.3985,1.3385,1.3564,1.3551,1.2612,1.2887,1.2705,1.2431,1.2923,1.2144,1.1450,1.1960,1.1943,1.1426,1.2189,1.1732,1.2174,1.1402,1.1553,1.3768,1.4951,1.4552,1.4157,1.4023,1.3430,1.3623,1.3587,1.2663,1.2943,1.2763,1.2483,1.2960,1.2202,1.1518,1.2024,1.2008,1.1493,1.2246,1.1798,1.2225,1.1462,1.1617,0,1.0000,-3.8126,0.2856,-2.5528
234,0.4680,-0.2135,0.0156,0.0647,-1.4227,0.1064,0.0202,0.0656,0.2025,0.0001,1.0267,0.9999,0.0002,0.0139,0.0003,0.0002,-0.0144,-0.0005,-0.0067,-0.0068,-0.0014,-0.0002,-0.0143,-0.0006,-0.0065,-0.0065,-0.0005,-0.0002,0.0239,-0.0018,-0.0009,0.0282,0.0056,0.0021,-0.0000,0.0238,0.0023,0.0006,0.0277,0.0057,0.0020,-0.0000,0.0699,0.0031,-0.0032,0.0511,0.0394,0.0024,0.0003,0.0359,-0.0606,0.0104,-0.0934,-0.0783,0.0008,0.0368,-0.0489,0.0134,-0.1217,-0.3327,-0.0069,0.1109,0.0108,-0.0046,0.0361,0.0142,0.0101,-0.0006,0.0942,0.0240,-0.0028,0.0022,0.0145,-0.0119,0.0002,-1.0000,-1.0000,-1.0000,-1.0000,-1.0000,-1.0000,-1.0000,-1.0000,-1.0000,-1.0000,-1.0000,-1.0000,-1.0000,-1.0000,-1.0000,-1.0000,-1.0000,-1.0000,-1.0000,-1.0000,-1.0000,-1.0000,-1.0000,-1.0000,-1.0000,-1.0000,-1.0000,-1.0000,-1.0000,-1.0000,-1.0000,-1.0000,-1.0000,-1.0000,-1.0000,-1.0000,-1.0000,-1.0000,-1.0000,-1.0000,-1.0000,-1.0000,-1.0000,-1.0000,-1.0000,-1.0000,-1.0000,-1.0000,-1.0000,-1.0000,-1.0000,-1.0000,-1.0000,-1.0000,-1.0000,-1.0000,-1.0000,-1.0000,-1.0000,-1.0000,-1.0000,-1.0000,-1.0000,-1.0000,-1.0000,-1.0000,-1.0000,-1.0000,-1.0000,-1.0000,-1.0000,-1.0000,-1.0000,-1.0000,-1.0000,-1.0000,-1.0000,-1.0000,-1.0000,-1.0000,-1.0000,-1.0000,-1.0000,-1.0000,-1.0000,-1.0000,-1.0000,-1.0000,-1.0000,-1.0000,-1.0000,-1.0000,-1.0000,-1.0000,-1.0000,-1.0000,-1.0000,-1.0000,-1.0000,-1.0000,-1.0000,-1.0000,-1.0000,-1.0000,-1.0000,-1.0000,-1.0000,-1.0000,-1.0000,-1.0000,-1.0000,-1.0000,-1.0000,-1.0000,-1.0000,-1.0000,-1.0000,-1.0000,-1.0000,-1.0000,-1.0000,1.7960,1.7815,1.7867,1.7767,1.7907,1.7706,1.2050,1.2977,1.4487,1.3249,1.2565,1.5131,1.3829,1.3900,1.2356,1.4268,1.3506,1.3729,1.4919,1.4515,1.4118,1.3994,1.3392,1.3573,1.3560,1.2622,1.2895,1.2714,1.2439,1.2932,1.2153,1.1460,1.1972,1.1953,1.1436,1.2200,1.1742,1.2185,1.1414,1.1564,1.3778,1.4961,1.4562,1.4166,1.4033,1.3438,1.3631,1.3596,1.2673,1.2952,1.2773,1.2491,1.2969,1.2211,1.1528,1.2036,1.2018,1.1504,1.2258,1.1808,1.2237,1.1474,1.1629,0,1.0000,-3.8126,0.2856,-2.5528
235,0.4700,-0.2164,0.0158,0.0647,-1.4231,0.1064,0.0199,0.0656,0.2026,0.0001,1.0267,0.9999,0.0002,0.0140,0.0003,0.0002,-0.0143,-0.0007,-0.0067,-0.0070,-0.0015,-0.0002,-0.0142,-0.0007,-0.0065,-0.0069,-0.0014,-0.0002,0.0241,-0.0017,-0.0009,0.0283,0.0057,0.0021,-0.0000,0.0240,0.0023,0.0006,0.0277,0.0057,0.0019,-0.0000,0.0703,0.0032,-0.0015,0.0523,0.0411,0.0022,0.0002,0.0335,-0.0648,0.0108,-0.0837,-0.0245,0.0012,0.0407,-0.0463,0.0088,-0.1658,-0.4146,-0.0064,0.1122,0.0113,-0.0039,0.0390,0.0143,0.0105,-0.0006,0.0955,0.0228,-0.0027,0.0061,0.0146,-0.0105,0.0002,-1.0000,-1.0000,-1.0000,-1.0000,-1.0000,-1.0000,-1.0000,-1.0000,-1.0000,-1.0000,-1.0000,-1.0000,-1.0000,-1.0000,-1.0000,-1.0000,-1.0000,-1.0000,-1.0000,-1.0000,-1.0000,-1.0000,-1.0000,-1.0000,-1.0000,-1.0000,-1.0000,-1.0000,-1.0000,-1.0000,-1.0000,-1.0000,-1.0000,-1.0000,-1.0000,-1.0000,-1.0000,-1.0000,-1.0000,-1.0000,-1.0000,-1.0000,-1.0000,-1.0000,-1.0000,-1.0000,-1.0000,-1.0000,-1.0000,-1.0000,-1.0000,-1.0000,-1.0000,-1.0000,-1.0000,-1.0000,-1.0000,-1.0000,-1.0000,-1.0000,-1.0000,-1.0000,-1.0000,-1.0000,-1.0000,-1.0000,-1.0000,-1.0000,-1.0000,-1.0000,-1.0000,-1.0000,-1.0000,-1.0000,-1.0000,-1.0000,-1.0000,-1.0000,-1.0000,-1.0000,-1.0000,-1.0000,-1.0000,-1.0000,-1.0000,-1.0000,-1.0000,-1.0000,-1.0000,-1.0000,-1.0000,-1.0000,-1.0000,-1.0000,-1.0000,-1.0000,-1.0000,-1.0000,-1.0000,-1.0000,-1.0000,-1.0000,-1.0000,-1.0000,-1.0000,-1.0000,-1.0000,-1.0000,-1.0000,-1.0000,-1.0000,-1.0000,-1.0000,-1.0000,-1.0000,-1.0000,-1.0000,-1.0000,-1.0000,-1.0000,-1.0000,1.7968,1.7824,1.7874,1.7774,1.7915,1.7714,1.2058,1.2988,1.4497,1.3256,1.2576,1.5139,1.3837,1.3911,1.2364,1.4275,1.3517,1.3739,1.4928,1.4524,1.4128,1.4004,1.3400,1.3581,1.3570,1.2632,1.2903,1.2723,1.2448,1.2940,1.2161,1.1470,1.1983,1.1964,1.1447,1.2211,1.1752,1.2197,1.1426,1.1575,1.3788,1.4970,1.4571,1.4176,1.4042,1.3446,1.3640,1.3606,1.2683,1.2960,1.2782,1.2500,1.2978,1.2220,1.1538,1.2048,1.2029,1.1515,1.2270,1.1818,1.2248,1.1486,1.1641,0,1.0000,-3.8126,0.2856,-2.5528
236,0.4720,-0.2192,0.0160,0.0647,-1.4234,0.1064,0.0193,0.0656,0.2028,0.0001,1.0267,0.9999,0.0003,0.0140,0.0003,0.0002,-0.0143,-0.0008,-0.0067,-0.0072,-0.0014,-0.0002,-0.0141,-0.0008,-0.0065,-0.0073,-0.0022,-0.0002,0.0243,-0.0017,-0.0009,0.0284,0.0057,0.0022,-0.0000,0.0242,0.0024,0.0006,0.0278,0.0057,0.0019,-0.0000,0.0706,0.0030,0.0007,0.0486,0.0429,0.0016,0.0003,0.0310,-0.0623,0.0112,-0.0759,0.0187,0.0012,0.0438,-0.0404,0.0046,-0.2021,-0.4356,-0.0051,0.1130,0.0102,-0.0025,0.0408,0.0143,0.0109,-0.0006,0.0976,0.0201,-0.0020,0.0123,0.0147,-0.0089,0.0002,-1.0000,-1.0000,-1.0000,-1.0000,-1.0000,-1.0000,-1.0000,-1.0000,-1.0000,-1.0000,-1.0000,-1.0000,-1.0000,-1.0000,-1.0000,-1.0000,-1.0000,-1.0000,-1.0000,-1.0000,-1.0000,-1.0000,-1.0000,-1.0000,-1.0000,-1.0000,-1.0000,-1.0000,-1.0000,-1.0000,-1.0000,-1.0000,-1.0000,-1.0000,-1.0000,-1.0000,-1.0000,-1.0000,-1.0000,-1.0000,-1.0000,-1.0000,-1.0000,-1.0000,-1.0000,-1.0000,-1.0000,-1.0000,-1.0000,-1.0000,-1.0000,-1.0000,-1.0000,-1.0000,-1.0000,-1.0000,-1.0000,-1.0000,-1.0000,-1.0000,-1.0000,-1.0000,-1.0000,-1.0000,-1.0000,-1.0000,-1.0000,-1.0000,-1.0000,-1.0000,-1.0000,-1.0000,-1.0000,-1.0000,-1.0000,-1.0000,-1.0000,-1.0000,-1.0000,-1.0000,-1.0000,-1.0000,-1.0000,-1.0000,-1.0000,-1.0000,-1.0000,-1.0000,-1.0000,-1.0000,-1.0000,-1.0000,-1.0000,-1.0000,-1.0000,-1.0000,-1.0000,-1.0000,-1.0000,-1.0000,-1.0000,-1.0000,-1.0000,-1.0000,-1.0000,-1.0000,-1.0000,-1.0000,-1.0000,-1.0000,-1.0000,-1.0000,-1.0000,-1.0000,-1.0000,-1.0000,-1.0000,-1.0000,-1.0000,-1.0000,-1.0000,1.7976,1.7833,1.7882,1.7782,1.7924,1.7722,1.2066,1.2999,1.4507,1.3263,1.2588,1.5147,1.3844,1.3921,1.2372,1.4282,1.3528,1.3749,1.4937,1.4533,1.4137,1.4013,1.3408,1.3590,1.3579,1.2642,1.2912,1.2733,1.2456,1.2949,1.2170,1.1479,1.1995,1.1974,1.1458,1.2223,1.1761,1.2208,1.1438,1.1587,1.3798,1.4979,1.4581,1.4186,1.4052,1.3454,1.3649,1.3615,1.2694,1.2969,1.2792,1.2508,1.2988,1.2230,1.1548,1.2060,1.2040,1.1526,1.2282,1.1828,1.2260,1.1498,1.1653,0,1.0000,-3.8126,0.2856,-2.5528
236,0.4720,-0.2192,0.0160,0.0647,-1.4234,0.1064,0.0193,0.0656,0.2028,0.0001,1.0267,0.9999,0.0003,0.0140,0.0003,0.0002,-0.0143,-0.0008,-0.0067,-0.0072,-0.0014,-0.0002,-0.0141,-0.0008,-0.0065,-0.0073,-0.0022,-0.0002,0.0243,-0.0017,-0.0009,0.0284,0.0057,0.0022,-0.0000,0.0242,0.0024,0.0006,0.0278,0.0057,0.0019,-0.0000,0.0706,0.0030,0.0007,0.0486,0.0429,0.0016,0.0003,0.0310,-0.0623,0.0112,-0.0759,0.0187,0.0012,0.0438,-0.0404,0.0046,-0.2021,-0.4356,-0.0051,0.1130,0.0102,-0.0025,0.0408,0.0143,0.0109,-0.0006,0.0976,0.0201,-0.0020,0.0123,0.0147,-0.0089,0.0002,-1.0000,-1.0000,-1.0000,-1.0000,-1.0000,-1.0000,-1.0000,-1.0000,-1.0000,-1.0000,-1.0000,-1.0000,-1.0000,-1.0000,-1.0000,-1.0000,-1.0000,-1.0000,-1.0000,-1.0000,-1.0000,-1.0000,-1.0000,-1.0000,-1.0000,-1.0000,-1.0000,-1.0000,-1.0000,-1.0000,-1.0000,-1.0000,-1.0000,-1.0000,-1.0000,-1.0000,-1.0000,-1.0000,-1.0000,-1.0000,-1.0000,-1.0000,-1.0000,-1.0000,-1.0000,-1.0000,-1.0000,-1.0000,-1.0000,-1.0000,-1.0000,-1.0000,-1.0000,-1.0000,-1.0000,-1.0000,-1.0000,-1.0000,-1.0000,-1.0000,-1.0000,-1.0000,-1.0000,-1.0000,-1.0000,-1.0000,-1.0000,-1.0000,-1.0000,-1.0000,-1.0000,-1.0000,-1.0000,-1.0000,-1.0000,-1.0000,-1.0000,-1.0000,-1.0000,-1.0000,-1.0000,-1.0000,-1.0000,-1.0000,-1.0000,-1.0000,-1.0000,-1.0000,-1.0000,-1.0000,-1.0000,-1.0000,-1.0000,-1.0000,-1.0000,-1.0000,-1.0000,-1.0000,-1.0000,-1.0000,-1.0000,-1.0000,-1.0000,-1.0000,-1.0000,-1.0000,-1.0000,-1.0000,-1.0000,-1.0000,-1.0000,-1.0000,-1.0000,-1.0000,-1.0000,-1.0000,-1.0000,-1.0000,-1.0000,-1.0000,-1.0000,1.7976,1.7833,1.7882,1.7782,1.7924,1.7722,1.2066,1.2999,1.4507,1.3263,1.2588,1.5147,1.3844,1.3921,1.2372,1.4282,1.3528,1.3749,1.4937,1.4533,1.4137,1.4013,1.3408,1.3590,1.3579,1.2642,1.2912,1.2733,1.2456,1.2949,1.2170,1.1479,1.1995,1.1974,1.1458,1.2223,1.1761,1.2208,1.1438,1.1587,1.3798,1.4979,1.4581,1.4186,1.4052,1.3454,1.3649,1.3615,1.2694,1.2969,1.2792,1.2508,1.2988,1.2230,1.1548,1.2060,1.2040,1.1526,1.2282,1.1828,1.2260,1.1498,1.1653,0,1.0000,-3.8126,0.2856,-2.5528
237,0.4740,-0.2221,0.0162,0.0648,-1.4238,0.1065,0.0187,0.0656,0.2029,0.0001,1.0267,0.9999,0.0003,0.0140,0.0003,0.0002,-0.0142,-0.0009,-0.0066,-0.0073,-0.0013,-0.0002,-0.0141,-0.0009,-0.0065,-0.0076,-0.0026,-0.0002,0.0246,-0.0017,-0.0009,0.0285,0.0057,0.0022,-0.0000,0.0244,0.0024,0.0006,0.0278,0.0058,0.0019,-0.0000,0.0710,0.0028,0.0013,0.0508,0.0441,0.0014,0.0003,0.0295,-0.0665,0.0113,-0.0689,0.0578,0.0008,0.0413,-0.0542,0.0052,-0.1863,-0.1995,-0.0048,0.1136,0.0121,-0.0018,0.0420,0.0143,0.0113,-0.0006,0.0980,0.0203,-0.0020,0.0136,0.0147,-0.0075,0.0002,-1.0000,-1.0000,-1.0000,-1.0000,-1.0000,-1.0000,-1.0000,-1.0000,-1.0000,-1.0000,-1.0000,-1.0000,-1.0000,-1.0000,-1.0000,-1.0000,-1.0000,-1.0000,-1.0000,-1.0000,-1.0000,-1.0000,-1.0000,-1.0000,-1.0000,-1.0000,-1.0000,-1.0000,-1.0000,-1.0000,-1.0000,-1.0000,-1.0000,-1.0000,-1.0000,-1.0000,-1.0000,-1.0000,-1.0000,-1.0000,-1.0000,-1.0000,-1.0000,-1.0000,-1.0000,-1.0000,-1.0000,-1.0000,-1.0000,-1.0000,-1.0000,-1.0000,-1.0000,-1.0000,-1.0000,-1.0000,-1.0000,-1.0000,-1.0000,-1.0000,-1.0000,-1.0000,-1.0000,-1.0000,-1.0000,-1.0000,-1.0000,-1.0000,-1.0000,-1.0000,-1.0000,-1.0000,-1.0000,-1.0000,-1.0000,-1.0000,-1.0000,-1.0000,-1.0000,-1.0000,-1.0000,-1.0000,-1.0000,-1.0000,-1.0000,-1.0000,-1.0000,-1.0000,-1.0000,-1.0000,-1.0000,-1.0000,-1.0000,-1.0000,-1.0000,-1.0000,-1.0000,-1.0000,-1.0000,-1.0000,-1.0000,-1.0000,-1.0000,-1.0000,-1.0000,-1.0000,-1.0000,-1.0000,-1.0000,-1.0000,-1.0000,-1.0000,-1.0000,-1.0000,-1.0000,-1.0000,-1.0000,-1.0000,-1.0000,-1.0000,-1.0000,1.7984,1.7842,1.7890,1.7789,1.7932,1.7730,1.2074,1.3011,1.4518,1.3271,1.2599,1.5156,1.3851,1.3932,1.2380,1.4289,1.3539,1.3758,1.4946,1.4543,1.4147,1.4023,1.3416,1.3598,1.3588,1.2652,1.2920,1.2742,1.2464,1.2959,1.2179,1.1489,1.2007,1.1985,1.1469,1.2235,1.1771,1.2220,1.1449,1.1598,1.3808,1.4989,1.4590,1.4196,1.4062,1.3462,1.3658,1.3625,1.2704,1.2978,1.2802,1.2517,1.2997,1.2239,1.1558,1.2072,1.2051,1.1537,1.2294,1.1838,1.2272,1.1510,1.1664,0,1.0000,-3.8126,0.2856,-2.5528
237,0.4740,-0.2221,0.0162,0.0648,-1.4238,0.1065,0.0187,0.0656,0.2029,0.0001,1.0267,0.9999,0.0003,0.0140,0.0003,0.0002,-0.0142,-0.0009,-0.0066,-0.0073,-0.0013,-0.0002,-0.0141,-0.0009,-0.0065,-0.0076,-0.0026,-0.0002,0.0246,-0.0017,-0.0009,0.0285,0.0057,0.0022,-0.0000,0.0244,0.0024,0.0006,0.0278,0.0058,0.0019,-0.0000,0.0710,0.0028,0.0013,0.0508,0.0441,0.0014,0.0003,0.0295,-0.0665,0.0113,-0.0689,0.0578,0.0008,0.0413,-0.0542,0.0052,-0.1863,-0.1995,-0.0048,0.1136,0.0121,-0.0018,0.0420,0.0143,0.0113,-0.0006,0.0980,0.0203,-0.0020,0.0136,0.0147,-0.0075,0.0002,-1.0000,-1.0000,-1.0000,-1.0000,-1.0000,-1.0000,-1.0000,-1.0000,-1.0000,-1.0000,-1.0000,-1.0000,-1.0000,-1.0000,-1.0000,-1.0000,-1.0000,-1.0000,-1.0000,-1.0000,-1.0000,-1.0000,-1.0000,-1.0000,-1.0000,-1.0000,-1.0000,-1.0000,-1.0000,-1.0000,-1.0000,-1.0000,-1.0000,-1.0000,-1.0000,-1.0000,-1.0000,-1.0000,-1.0000,-1.0000,-1.0000,-1.0000,-1.0000,-1.0000,-1.0000,-1.0000,-1.0000,-1.0000,-1.0000,-1.0000,-1.0000,-1.0000,-1.0000,-1.0000,-1.0000,-1.0000,-1.0000,-1.0000,-1.0000,-1.0000,-1.0000,-1.0000,-1.0000,-1.0000,-1.0000,-1.0000,-1.0000,-1.0000,-1.0000,-1.0000,-1.0000,-1.0000,-1.0000,-1.0000,-1.0000,-1.0000,-1.0000,-1.0000,-1.0000,-1.0000,-1.0000,-1.0000,-1.0000,-1.0000,-1.0000,-1.0000,-1.0000,-1.0000,-1.0000,-1.0000,-1.0000,-1.0000,-1.0000,-1.0000,-1.0000,-1.0000,-1.0000,-1.0000,-1.0000,-1.0000,-1.0000,-1.0000,-1.0000,-1.0000,-1.0000,-1.0000,-1.0000,-1.0000,-1.0000,-1.0000,-1.0000,-1.0000,-1.0000,-1.0000,-1.0000,-1.0000,-1.0000,-1.0000,-1.0000,-1.0000,-1.0000,1.7984,1.7842,1.7890,1.7789,1.7932,1.7730,1.2074,1.3011,1.4518,1.3271,1.2599,1.5156,1.3851,1.3932,1.2380,1.4289,1.3539,1.3758,1.4946,1.4543,1.4147,1.4023,1.3416,1.3598,1.3588,1.2652,1.2920,1.2742,1.2464,1.2959,1.2179,1.1489,1.2007,1.1985,1.1469,1.2235,1.1771,1.2220,1.1449,1.1598,1.3808,1.4989,1.4590,1.4196,1.4062,1.3462,1.3658,1.3625,1.2704,1.2978,1.2802,1.2517,1.2997,1.2239,1.1558,1.2072,1.2051,1.1537,1.2294,1.1838,1.2272,1.1510,1.1664,0,1.0000,-3.8126,0.2856,-2.5528
238,0.4760,-0.2249,0.0164,0.0648,-1.4241,0.1065,0.0180,0.0656,0.2030,0.0001,1.0267,0.9999,0.0004,0.0141,0.0003,0.0002,-0.0142,-0.0010,-0.0066,-0.0074,-0.0012,-0.0002,-0.0140,-0.0010,-0.0064,-0.0079,-0.0029,-0.0002,0.0248,-0.0017,-0.0009,0.0285,0.0057,0.0022,-0.0000,0.0246,0.0024,0.0006,0.0278,0.0058,0.0019,-0.0000,0.0714,0.0021,0.0042,0.0399,0.0458,0.0007,0.0005,0.0274,-0.0540,0.0118,-0.0643,0.0840,0.0009,0.0374,-0.0442,0.0059,-0.1583,-0.1196,-0.0025,0.1135,0.0089,0.0005,0.0424,0.0144,0.0116,-0.0006,0.1012,0.0155,-0.0003,0.0234,0.0148,-0.0059,0.0002,-1.0000,-1.0000,-1.0000,-1.0000,-1.0000,-1.0000,-1.0000,-1.0000,-1.0000,-1.0000,-1.0000,-1.0000,-1.0000,-1.0000,-1.0000,-1.0000,-1.0000,-1.0000,-1.0000,-1.0000,-1.0000,-1.0000,-1.0000,-1.0000,-1.0000,-1.0000,-1.0000,-1.0000,-1.0000,-1.0000,-1.0000,-1.0000,-1.0000,-1.0000,-1.0000,-1.0000,-1.0000,-1.0000,-1.0000,-1.0000,-1.0000,-1.0000,-1.0000,-1.0000,-1.0000,-1.0000,-1.0000,-1.0000,-1.0000,-1.0000,-1.0000,-1.0000,-1.0000,-1.0000,-1.0000,-1.0000,-1.0000,-1.0000,-1.0000,-1.0000,-1.0000,-1.0000,-1.0000,-1.0000,-1.0000,-1.0000,-1.0000,-1.0000,-1.0000,-1.0000,-1.0000,-1.0000,-1.0000,-1.0000,-1.0000,-1.0000,-1.0000,-1.0000,-1.0000,-1.0000,-1.0000,-1.0000,-1.0000,-1.0000,-1.0000,-1.0000,-1.0000,-1.0000,-1.0000,-1.0000,-1.0000,-1.0000,-1.0000,-1.0000,-1.0000,-1.0000,-1.0000,-1.0000,-1.0000,-1.0000,-1.0000,-1.0000,-1.0000,-1.0000,-1.0000,-1.0000,-1.0000,-1.0000,-1.0000,-1.0000,-1.0000,-1.0000,-1.0000,-1.0000,-1.0000,-1.0000,-1.0000,-1.0000,-1.0000,-1.0000,-1.0000,1.7992,1.7851,1.7898,1.7796,1.7941,1.7738,1.2083,1.3022,1.4528,1.3279,1.2611,1.5164,1.3858,1.3943,1.2389,1.4296,1.3550,1.3768,1.4955,1.4552,1.4156,1.4032,1.3424,1.3607,1.3598,1.2662,1.2929,1.2752,1.2473,1.2968,1.2189,1.1500,1.2019,1.1995,1.1480,1.2246,1.1781,1.2231,1.1461,1.1610,1.3818,1.4999,1.4600,1.4206,1.4072,1.3471,1.3667,1.3635,1.2715,1.2987,1.2812,1.2526,1.3006,1.2249,1.1569,1.2084,1.2062,1.1548,1.2306,1.1849,1.2284,1.1523,1.1676,0,1.0000,-3.8126,0.2856,-2.5528
239,0.4780,-0.2278,0.0166,0.0649,-1.4244,0.1065,0.0172,0.0656,0.2032,0.0001,1.0267,0.9999,0.0004,0.0141,0.0003,0.0002,-0.0141,-0.0011,-0.0066,-0.0076,-0.0010,-0.0002,-0.0139,-0.0011,-0.0064,-0.0082,-0.0030,-0.0002,0.0250,-0.0017,-0.0009,0.0286,0.0058,0.0022,-0.0000,0.0248,0.0025,0.0006,0.0279,0.0058,0.0019,-0.0000,0.0718,0.0015,0.0065,0.0305,0.0473,0.0001,0.0007,0.0256,-0.0431,0.0121,-0.0605,0.1055,0.0009,0.0340,-0.0354,0.0065,-0.1347,-0.0523,-0.0006,0.1131,0.0063,0.0025,0.0421,0.0145,0.0119,-0.0006,0.1038,0.0113,0.0010,0.0312,0.0149,-0.0042,0.0002,-1.0000,-1.0000,-1.0000,-1.0000,-1.0000,-1.0000,-1.0000,-1.0000,-1.0000,-1.0000,-1.0000,-1.0000,-1.0000,-1.0000,-1.0000,-1.0000,-1.0000,-1.0000,-1.0000,-1.0000,-1.0000,-1.0000,-1.0000,-1.0000,-1.0000,-1.0000,-1.0000,-1.0000,-1.0000,-1.0000,-1.0000,-1.0000,-1.0000,-1.0000,-1.0000,-1.0000,-1.0000,-1.0000,-1.0000,-1.0000,-1.0000,-1.0000,-1.0000,-1.0000,-1.0000,-1.0000,-1.0000,-1.0000,-1.0000,-1.0000,-1.0000,-1.0000,-1.0000,-1.0000,-1.0000,-1.0000,-1.0000,-1.0000,-1.0000,-1.0000,-1.0000,-1.0000,-1.0000,-1.0000,-1.0000,-1.0000,-1.0000,-1.0000,-1.0000,-1.0000,-1.0000,-1.0000,-1.0000,-1.0000,-1.0000,-1.0000,-1.0000,-1.0000,-1.0000,-1.0000,-1.0000,-1.0000,-1.0000,-1.0000,-1.0000,-1.0000,-1.0000,-1.0000,-1.0000,-1.0000,-1.0000,-1.0000,-1.0000,-1.0000,-1.0000,-1.0000,-1.0000,-1.0000,-1.0000,-1.0000,-1.0000,-1.0000,-1.0000,-1.0000,-1.0000,-1.0000,-1.0000,-1.0000,-1.0000,-1.0000,-1.0000,-1.0000,-1.0000,-1.0000,-1.0000,-1.0000,-1.0000,-1.0000,-1.0000,-1.0000,-1.0000,1.8001,1.7860,1.7906,1.7804,1.7950,1.7746,1.2091,1.3034,1.4539,1.3287,1.2623,1.5173,1.3866,1.3954,1.2397,1.4304,1.3561,1.3778,1.4965,1.4562,1.4166,1.4042,1.3432,1.3616,1.3607,1.2673,1.2937,1.2761,1.2482,1.2977,1.2198,1.1510,1.2031,1.2006,1.1491,1.2258,1.1791,1.2243,1.1473,1.1621,1.3829,1.5008,1.4610,1.4216,1.4082,1.3479,1.3676,1.3645,1.2726,1.2996,1.2822,1.2535,1.3016,1.2258,1.1580,1.2097,1.2073,1.1560,1.2318,1.1859,1.2296,1.1535,1.1689,0,1.0000,-3.8126,0.2856,-2.5528
239,0.4780,-0.2278,0.0166,0.0649,-1.4244,0.1065,0.0172,0.0656,0.2032,0.0001,1.0267,0.9999,0.0004,0.0141,0.0003,0.0002,-0.0141,-0.0011,-0.0066,-0.0076,-0.0010,-0.0002,-0.0139,-0.0011,-0.0064,-0.0082,-0.0030,-0.0002,0.0250,-0.0017,-0.0009,0.0286,0.0058,0.0022,-0.0000,0.0248,0.0025,0.0006,0.0279,0.0058,0.0019,-0.0000,0.0718,0.0015,0.0065,0.0305,0.0473,0.0001,0.0007,0.0256,-0.0431,0.0121,-0.0605,0.1055,0.0009,0.0340,-0.0354,0.0065,-0.1347,-0.0523,-0.0006,0.1131,0.0063,0.0025,0.0421,0.0145,0.0119,-0.0006,0.1038,0.0113,0.0010,0.0312,0.0149,-0.0042,0.0002,-1.0000,-1.0000,-1.0000,-1.0000,-1.0000,-1.0000,-1.0000,-1.0000,-1.0000,-1.0000,-1.0000,-1.0000,-1.0000,-1.0000,-1.0000,-1.0000,-1.0000,-1.0000,-1.0000,-1.0000,-1.0000,-1.0000,-1.0000,-1.0000,-1.0000,-1.0000,-1.0000,-1.0000,-1.0000,-1.0000,-1.0000,-1.0000,-1.0000,-1.0000,-1.0000,-1.0000,-1.0000,-1.0000,-1.0000,-1.0000,-1.0000,-1.0000,-1.0000,-1.0000,-1.0000,-1.0000,-1.0000,-1.0000,-1.0000,-1.0000,-1.0000,-1.0000,-1.0000,-1.0000,-1.0000,-1.0000,-1.0000,-1.0000,-1.0000,-1.0000,-1.0000,-1.0000,-1.0000,-1.0000,-1.0000,-1.0000,-1.0000,-1.0000,-1.0000,-1.0000,-1.0000,-1.0000,-1.0000,-1.0000,-1.0000,-1.0000,-1.0000,-1.0000,-1.0000,-1.0000,-1.0000,-1.0000,-1.0000,-1.0000,-1.0000,-1.0000,-1.0000,-1.0000,-1.0000,-1.0000,-1.0000,-1.0000,-1.0000,-1.0000,-1.0000,-1.0000,-1.0000,-1.0000,-1.0000,-1.0000,-1.0000,-1.0000,-1.0000,-1.0000,-1.0000,-1.0000,-1.0000,-1.0000,-1.0000,-1.0000,-1.0000,-1.0000,-1.0000,-1.0000,-1.0000,-1.0000,-1.0000,-1.0000,-1.0000,-1.0000,-1.0000,1.8001,1.7860,1.7906,1.7804,1.7950,1.7746,1.2091,1.3034,1.4539,1.3287,1.2623,1.5173,1.3866,1.3954,1.2397,1.4304,1.3561,1.3778,1.4965,1.4562,1.4166,1.4042,1.3432,1.3616,1.3607,1.2673,1.2937,1.2761,1.2482,1.2977,1.2198,1.1510,1.2031,1.2006,1.1491,1.2258,1.1791,1.2243,1.1473,1.1621,1.3829,1.5008,1.4610,1.4216,1.4082,1.3479,1.3676,1.3645,1.2726,1.2996,1.2822,1.2535,1.3016,1.2258,1.1580,1.2097,1.2073,1.1560,1.2318,1.1859,1.2296,1.1535,1.1689,0,1.0000,-3.8126,0.2856,-2.5528
240,0.4800,-0.2306,0.0168,0.0649,-1.4246,0.1065,0.0164,0.0656,0.2033,0.0001,1.0267,0.9999,0.0004,0.0142,0.0003,0.0002,-0.0141,-0.0011,-0.0066,-0.0077,-0.0005,-0.0002,-0.0139,-0.0011,-0.0064,-0.0084,-0.0030,-0.0002,0.0252,-0.0017,-0.0009,0.0287,0.0058,0.0023,-0.0000,0.0250,0.0025,0.0006,0.0280,0.0059,0.0019,-0.0000,0.0721,0.0002,0.0058,0.0094,0.0483,-0.0010,0.0001,0.0259,-0.0223,0.0121,-0.0724,0.2266,0.0013,0.0315,-0.0116,0.0068,-0.1140,0.0048,0.0031,0.1098,0.0004,0.0060,0.0328,0.0146,0.0118,-0.0006,0.1065,0.0036,0.0037,0.0378,0.0151,-0.0027,0.0002,-1.0000,-1.0000,-1.0000,-1.0000,-1.0000,-1.0000,-1.0000,-1.0000,-1.0000,-1.0000,-1.0000,-1.0000,-1.0000,-1.0000,-1.0000,-1.0000,-1.0000,-1.0000,-1.0000,-1.0000,-1.0000,-1.0000,-1.0000,-1.0000,-1.0000,-1.0000,-1.0000,-1.0000,-1.0000,-1.0000,-1.0000,-1.0000,-1.0000,-1.0000,-1.0000,-1.0000,-1.0000,-1.0000,-1.0000,-1.0000,-1.0000,-1.0000,-1.0000,-1.0000,-1.0000,-1.0000,-1.0000,-1.0000,-1.0000,-1.0000,-1.0000,-1.0000,-1.0000,-1.0000,-1.0000,-1.0000,-1.0000,-1.0000,-1.0000,-1.0000,-1.0000,-1.0000,-1.0000,-1.0000,-1.0000,-1.0000,-1.0000,-1.0000,-1.0000,-1.0000,-1.0000,-1.0000,-1.0000,-1.0000,-1.0000,-1.0000,-1.0000,-1.0000,-1.0000,-1.0000,-1.0000,-1.0000,-1.0000,-1.0000,-1.0000,-1.0000,-1.0000,-1.0000,-1.0000,-1.0000,-1.0000,-1.0000,-1.0000,-1.0000,-1.0000,-1.0000,-1.0000,-1.0000,-1.0000,-1.0000,-1.0000,-1.0000,-1.0000,-1.0000,-1.0000,-1.0000,-1.0000,-1.0000,-1.0000,-1.0000,-1.0000,-1.0000,-1.0000,-1.0000,-1.0000,-1.0000,-1.0000,-1.0000,-1.0000,-1.0000,-1.0000,1.8009,1.7870,1.7914,1.7811,1.7959,1.7755,1.2100,1.3046,1.4549,1.3295,1.2635,1.5182,1.3873,1.3965,1.2405,1.4311,1.3572,1.3788,1.4974,1.4572,1.4176,1.4052,1.3440,1.3625,1.3617,1.2683,1.2946,1.2771,1.2491,1.2986,1.2207,1.1520,1.2043,1.2016,1.1502,1.2270,1.1801,1.2255,1.1486,1.1633,1.3839,1.5018,1.4620,1.4226,1.4092,1.3488,1.3686,1.3655,1.2737,1.3005,1.2832,1.2544,1.3026,1.2268,1.1591,1.2110,1.2084,1.1571,1.2331,1.1870,1.2308,1.1548,1.1701,0,1.0000,-3.8126,0.2856,-2.5528
241,0.4820,-0.2335,0.0170,0.0649,-1.4249,0.1066,0.0155,0.0656,0.2035,0.0001,1.0267,0.9999,0.0004,0.0142,0.0003,0.0002,-0.0140,-0.0012,-0.0065,-0.0079,0.0002,-0.0002,-0.0138,-0.0011,-0.0064,-0.0086,-0.0029,-0.0002,0.0254,-0.0017,-0.0009,0.0287,0.0058,0.0023,-0.0000,0.0252,0.0025,0.0006,0.0281,0.0059,0.0019,-0.0000,0.0724,-0.0011,0.0048,-0.0103,0.0491,-0.0019,-0.0005,0.0261,-0.0030,0.0121,-0.0823,0.3422,0.0017,0.0294,0.0109,0.0070,-0.0967,0.0519,0.0063,0.1064,-0.0049,0.0090,0.0238,0.0147,0.0117,-0.0006,0.1086,-0.0036,0.0060,0.0431,0.0153,-0.0011,0.0003,-1.0000,-1.0000,-1.0000,-1.0000,-1.0000,-1.0000,-1.0000,-1.0000,-1.0000,-1.0000,-1.0000,-1.0000,-1.0000,-1.0000,-1.0000,-1.0000,-1.0000,-1.0000,-1.0000,-1.0000,-1.0000,-1.0000,-1.0000,-1.0000,-1.0000,-1.0000,-1.0000,-1.0000,-1.0000,-1.0000,-1.0000,-1.0000,-1.0000,-1.0000,-1.0000,-1.0000,-1.0000,-1.0000,-1.0000,-1.0000,-1.0000,-1.0000,-1.0000,-1.0000,-1.0000,-1.0000,-1.0000,-1.0000,-1.0000,-1.0000,-1.0000,-1.0000,-1.0000,-1.0000,-1.0000,-1.0000,-1.0000,-1.0000,-1.0000,-1.0000,-1.0000,-1.0000,-1.0000,-1.0000,-1.0000,-1.0000,-1.0000,-1.0000,-1.0000,-1.0000,-1.0000,-1.0000,-1.0000,-1.0000,-1.0000,-1.0000,-1.0000,-1.0000,-1.0000,-1.0000,-1.0000,-1.0000,-1.0000,-1.0000,-1.0000,-1.0000,-1.0000,-1.0000,-1.0000,-1.0000,-1.0000,-1.0000,-1.0000,-1.0000,-1.0000,-1.0000,-1.0000,-1.0000,-1.0000,-1.0000,-1.0000,-1.0000,-1.0000,-1.0000,-1.0000,-1.0000,-1.0000,-1.0000,-1.0000,-1.0000,-1.0000,-1.0000,-1.0000,-1.0000,-1.0000,-1.0000,-1.0000,-1.0000,-1.0000,-1.0000,-1.0000,1.8017,1.7879,1.7922,1.7819,1.7968,1.7763,1.2108,1.3058,1.4560,1.3303,1.2647,1.5191,1.3881,1.3976,1.2414,1.4319,1.3584,1.3798,1.4984,1.4581,1.4186,1.4062,1.3449,1.3634,1.3627,1.2694,1.2955,1.2780,1.2499,1.2996,1.2216,1.1530,1.2055,1.2027,1.1513,1.2282,1.1811,1.2267,1.1498,1.1645,1.3850,1.5028,1.4631,1.4236,1.4103,1.3497,1.3695,1.3665,1.2748,1.3015,1.2842,1.2554,1.3036,1.2278,1.1602,1.2122,1.2095,1.1583,1.2343,1.1881,1.2321,1.1561,1.1713,0,1.0000,-3.8126,0.2856,-2.5528
241,0.4820,-0.2335,0.0170,0.0649,-1.4249,0.1066,0.0155,0.0656,0.2035,0.0001,1.0267,0.9999,0.0004,0.0142,0.0003,0.0002,-0.0140,-0.0012,-0.0065,-0.0079,0.0002,-0.0002,-0.0138,-0.0011,-0.0064,-0.0086,-0.0029,-0.0002,0.0254,-0.0017,-0.0009,0.0287,0.0058,0.0023,-0.0000,0.0252,0.0025,0.0006,0.0281,0.0059,0.0019,-0.0000,0.0724,-0.0011,0.0048,-0.0103,0.0491,-0.0019,-0.0005,0.0261,-0.0030,0.0121,-0.0823,0.3422,0.0017,0.0294,0.0109,0.0070,-0.0967,0.0519,0.0063,0.1064,-0.0049,0.0090,0.0238,0.0147,0.0117,-0.0006,0.1086,-0.0036,0.0060,0.0431,0.0153,-0.0011,0.0003,-1.0000,-1.0000,-1.0000,-1.0000,-1.0000,-1.0000,-1.0000,-1.0000,-1.0000,-1.0000,-1.0000,-1.0000,-1.0000,-1.0000,-1.0000,-1.0000,-1.0000,-1.0000,-1.0000,-1.0000,-1.0000,-1.0000,-1.0000,-1.0000,-1.0000,-1.0000,-1.0000,-1.0000,-1.0000,-1.0000,-1.0000,-1.0000,-1.0000,-1.0000,-1.0000,-1.0000,-1.0000,-1.0000,-1.0000,-1.0000,-1.0000,-1.0000,-1.0000,-1.0000,-1.0000,-1.0000,-1.0000,-1.0000,-1.0000,-1.0000,-1.0000,-1.0000,-1.0000,-1.0000,-1.0000,-1.0000,-1.0000,-1.0000,-1.0000,-1.0000,-1.0000,-1.0000,-1.0000,-1.0000,-1.0000,-1.0000,-1.0000,-1.0000,-1.0000,-1.0000,-1.0000,-1.0000,-1.0000,-1.0000,-1.0000,-1.0000,-1.0000,-1.0000,-1.0000,-1.0000,-1.0000,-1.0000,-1.0000,-1.0000,-1.0000,-1.0000,-1.0000,-1.0000,-1.0000,-1.0000,-1.0000,-1.0000,-1.0000,-1.0000,-1.0000,-1.0000,-1.0000,-1.0000,-1.0000,-1.0000,-1.0000,-1.0000,-1.0000,-1.0000,-1.0000,-1.0000,-1.0000,-1.0000,-1.0000,-1.0000,-1.0000,-1.0000,-1.0000,-1.0000,-1.0000,-1.0000,-1.0000,-1.0000,-1.0000,-1.0000,-1.0000,1.8017,1.7879,1.7922,1.7819,1.7968,1.7763,1.2108,1.3058,1.4560,1.3303,1.2647,1.5191,1.3881,1.3976,1.2414,1.4319,1.3584,1.3798,1.4984,1.4581,1.4186,1.4062,1.3449,1.3634,1.3627,1.2694,1.2955,1.2780,1.2499,1.2996,1.2216,1.1530,1.2055,1.2027,1.1513,1.2282,1.1811,1.2267,1.1498,1.1645,1.3850,1.5028,1.4631,1.4236,1.4103,1.3497,1.3695,1.3665,1.2748,1.3015,1.2842,1.2554,1.3036,1.2278,1.1602,1.2122,1.2095,1.1583,1.2343,1.1881,1.2321,1.1561,1.1713,0,1.0000,-3.8126,0.2856,-2.5528
242,0.4840,-0.2363,0.0173,0.0649,-1.4251,0.1066,0.0146,0.0656,0.2036,0.0001,1.0267,0.9999,0.0004,0.0143,0.0003,0.0002,-0.0139,-0.0011,-0.0065,-0.0080,0.0007,-0.0002,-0.0137,-0.0011,-0.0064,-0.0088,-0.0027,-0.0002,0.0256,-0.0017,-0.0009,0.0288,0.0059,0.0023,-0.0000,0.0254,0.0024,0.0006,0.0282,0.0059,0.0019,-0.0000,0.0728,-0.0014,0.0062,-0.0150,0.0505,-0.0020,0.0002,0.0262,0.0061,0.0110,-0.0931,0.2735,0.0015,0.0271,0.0149,0.0073,-0.0835,0.0897,0.0070,0.1061,-0.0058,0.0099,0.0242,0.0147,0.0120,-0.0005,0.1097,-0.0061,0.0062,0.0469,0.0154,0.0003,0.0003,-1.0000,-1.0000,-1.0000,-1.0000,-1.0000,-1.0000,-1.0000,-1.0000,-1.0000,-1.0000,-1.0000,-1.0000,-1.0000,-1.0000,-1.0000,-1.0000,-1.0000,-1.0000,-1.0000,-1.0000,-1.0000,-1.0000,-1.0000,-1.0000,-1.0000,-1.0000,-1.0000,-1.0000,-1.0000,-1.0000,-1.0000,-1.0000,-1.0000,-1.0000,-1.0000,-1.0000,-1.0000,-1.0000,-1.0000,-1.0000,-1.0000,-1.0000,-1.0000,-1.0000,-1.0000,-1.0000,-1.0000,-1.0000,-1.0000,-1.0000,-1.0000,-1.0000,-1.0000,-1.0000,-1.0000,-1.0000,-1.0000,-1.0000,-1.0000,-1.0000,-1.0000,-1.0000,-1.0000,-1.0000,-1.0000,-1.0000,-1.0000,-1.0000,-1.0000,-1.0000,-1.0000,-1.0000,-1.0000,-1.0000,-1.0000,-1.0000,-1.0000,-1.0000,-1.0000,-1.0000,-1.0000,-1.0000,-1.0000,-1.0000,-1.0000,-1.0000,-1.0000,-1.0000,-1.0000,-1.0000,-1.0000,-1.0000,-1.0000,-1.0000,-1.0000,-1.0000,-1.0000,-1.0000,-1.0000,-1.0000,-1.0000,-1.0000,-1.0000,-1.0000,-1.0000,-1.0000,-1.0000,-1.0000,-1.0000,-1.0000,-1.0000,-1.0000,-1.0000,-1.0000,-1.0000,-1.0000,-1.0000,-1.0000,-1.0000,-1.0000,-1.0000,1.8026,1.7889,1.7930,1.7827,1.7977,1.7772,1.2117,1.3069,1.4571,1.3311,1.2659,1.5200,1.3889,1.3987,1.2423,1.4326,1.3595,1.3809,1.4993,1.4591,1.4196,1.4071,1.3457,1.3643,1.3636,1.2704,1.2964,1.2790,1.2508,1.3005,1.2226,1.1540,1.2067,1.2038,1.1524,1.2294,1.1821,1.2278,1.1510,1.1656,1.3861,1.5038,1.4641,1.4247,1.4113,1.3506,1.3705,1.3675,1.2759,1.3024,1.2853,1.2563,1.3046,1.2288,1.1613,1.2135,1.2107,1.1595,1.2356,1.1892,1.2333,1.1574,1.1726,0,1.0000,-3.8126,0.2856,-2.5528
242,0.4840,-0.2363,0.0173,0.0649,-1.4251,0.1066,0.0146,0.0656,0.2036,0.0001,1.0267,0.9999,0.0004,0.0143,0.0003,0.0002,-0.0139,-0.0011,-0.0065,-0.0080,0.0007,-0.0002,-0.0137,-0.0011,-0.0064,-0.0088,-0.0027,-0.0002,0.0256,-0.0017,-0.0009,0.0288,0.0059,0.0023,-0.0000,0.0254,0.0024,0.0006,0.0282,0.0059,0.0019,-0.0000,0.0728,-0.0014,0.0062,-0.0150,0.0505,-0.0020,0.0002,0.0262,0.0061,0.0110,-0.0931,0.2735,0.0015,0.0271,0.0149,0.0073,-0.0835,0.0897,0.0070,0.1061,-0.0058,0.0099,0.0242,0.0147,0.0120,-0.0005,0.1097,-0.0061,0.0062,0.0469,0.0154,0.0003,0.0003,-1.0000,-1.0000,-1.0000,-1.0000,-1.0000,-1.0000,-1.0000,-1.0000,-1.0000,-1.0000,-1.0000,-1.0000,-1.0000,-1.0000,-1.0000,-1.0000,-1.0000,-1.0000,-1.0000,-1.0000,-1.0000,-1.0000,-1.0000,-1.0000,-1.0000,-1.0000,-1.0000,-1.0000,-1.0000,-1.0000,-1.0000,-1.0000,-1.0000,-1.0000,-1.0000,-1.0000,-1.0000,-1.0000,-1.0000,-1.0000,-1.0000,-1.0000,-1.0000,-1.0000,-1.0000,-1.0000,-1.0000,-1.0000,-1.0000,-1.0000,-1.0000,-1.0000,-1.0000,-1.0000,-1.0000,-1.0000,-1.0000,-1.0000,-1.0000,-1.0000,-1.0000,-1.0000,-1.0000,-1.0000,-1.0000,-1.0000,-1.0000,-1.0000,-1.0000,-1.0000,-1.0000,-1.0000,-1.0000,-1.0000,-1.0000,-1.0000,-1.0000,-1.0000,-1.0000,-1.0000,-1.0000,-1.0000,-1.0000,-1.0000,-1.0000,-1.0000,-1.0000,-1.0000,-1.0000,-1.0000,-1.0000,-1.0000,-1.0000,-1.0000,-1.0000,-1.0000,-1.0000,-1.0000,-1.0000,-1.0000,-1.0000,-1.0000,-1.0000,-1.0000,-1.0000,-1.0000,-1.0000,-1.0000,-1.0000,-1.0000,-1.0000,-1.0000,-1.0000,-1.0000,-1.0000,-1.0000,-1.0000,-1.0000,-1.0000,-1.0000,-1.0000,1.8026,1.7889,1.7930,1.7827,1.7977,1.7772,1.2117,1.3069,1.4571,1.3311,1.2659,1.5200,1.3889,1.3987,1.2423,1.4326,1.3595,1.3809,1.4993,1.4591,1.4196,1.4071,1.3457,1.3643,1.3636,1.2704,1.2964,1.2790,1.2508,1.3005,1.2226,1.1540,1.2067,1.2038,1.1524,1.2294,1.1821,1.2278,1.1510,1.1656,1.3861,1.5038,1.4641,1.4247,1.4113,1.3506,1.3705,1.3675,1.2759,1.3024,1.2853,1.2563,1.3046,1.2288,1.1613,1.2135,1.2107,1.1595,1.2356,1.1892,1.2333,1.1574,1.1726,0,1.0000,-3.8126,0.2856,-2.5528
243,0.4860,-0.2392,0.0175,0.0650,-1.4254,0.1066,0.0137,0.0656,0.2038,0.0001,1.0267,0.9999,0.0004,0.0143,0.0003,0.0002,-0.0139,-0.0011,-0.0065,-0.0082,0.0009,-0.0002,-0.0137,-0.0010,-0.0064,-0.0090,-0.0024,-0.0001,0.0259,-0.0017,-0.0008,0.0288,0.0059,0.0023,-0.0000,0.0257,0.0024,0.0006,0.0283,0.0059,0.0019,-0.0000,0.0731,-0.0018,0.0056,-0.0268,0.0514,-0.0022,0.0017,0.0258,0.0291,0.0110,-0.0998,0.0959,0.0014,0.0255,0.0280,0.0074,-0.0719,0.1215,0.0086,0.1038,-0.0093,0.0116,0.0189,0.0148,0.0120,-0.0005,0.1108,-0.0114,0.0071,0.0497,0.0155,0.0017,0.0003,-1.0000,-1.0000,-1.0000,-1.0000,-1.0000,-1.0000,-1.0000,-1.0000,-1.0000,-1.0000,-1.0000,-1.0000,-1.0000,-1.0000,-1.0000,-1.0000,-1.0000,-1.0000,-1.0000,-1.0000,-1.0000,-1.0000,-1.0000,-1.0000,-1.0000,-1.0000,-1.0000,-1.0000,-1.0000,-1.0000,-1.0000,-1.0000,-1.0000,-1.0000,-1.0000,-1.0000,-1.0000,-1.0000,-1.0000,-1.0000,-1.0000,-1.0000,-1.0000,-1.0000,-1.0000,-1.0000,-1.0000,-1.0000,-1.0000,-1.0000,-1.0000,-1.0000,-1.0000,-1.0000,-1.0000,-1.0000,-1.0000,-1.0000,-1.0000,-1.0000,-1.0000,-1.0000,-1.0000,-1.0000,-1.0000,-1.0000,-1.0000,-1.0000,-1.0000,-1.0000,-1.0000,-1.0000,-1.0000,-1.0000,-1.0000,-1.0000,-1.0000,-1.0000,-1.0000,-1.0000,-1.0000,-1.0000,-1.0000,-1.0000,-1.0000,-1.0000,-1.0000,-1.0000,-1.0000,-1.0000,-1.0000,-1.0000,-1.0000,-1.0000,-1.0000,-1.0000,-1.0000,-1.0000,-1.0000,-1.0000,-1.0000,-1.0000,-1.0000,-1.0000,-1.0000,-1.0000,-1.0000,-1.0000,-1.0000,-1.0000,-1.0000,-1.0000,-1.0000,-1.0000,-1.0000,-1.0000,-1.0000,-1.0000,-1.0000,-1.0000,-1.0000,1.8034,1.7899,1.7939,1.7834,1.7986,1.7781,1.2126,1.3082,1.4581,1.3319,1.2672,1.5209,1.3897,1.3998,1.2431,1.4334,1.3607,1.3819,1.5003,1.4601,1.4206,1.4081,1.3465,1.3652,1.3646,1.2715,1.2972,1.2800,1.2517,1.3015,1.2235,1.1551,1.2079,1.2048,1.1535,1.2306,1.1831,1.2290,1.1522,1.1668,1.3871,1.5049,1.4651,1.4258,1.4123,1.3515,1.3715,1.3685,1.2770,1.3034,1.2863,1.2573,1.3056,1.2298,1.1624,1.2148,1.2119,1.1607,1.2369,1.1903,1.2346,1.1587,1.1739,0,1.0000,-3.8126,0.2856,-2.5528
244,0.4880,-0.2420,0.0177,0.0650,-1.4256,0.1066,0.0128,0.0656,0.2039,0.0001,1.0267,0.9999,0.0003,0.0144,0.0003,0.0002,-0.0138,-0.0010,-0.0065,-0.0085,0.0008,-0.0002,-0.0136,-0.0009,-0.0064,-0.0091,-0.0021,-0.0001,0.0261,-0.0017,-0.0008,0.0289,0.0059,0.0024,-0.0000,0.0259,0.0024,0.0006,0.0284,0.0060,0.0019,-0.0000,0.0735,-0.0022,0.0047,-0.0383,0.0523,-0.0025,0.0022,0.0255,0.0515,0.0109,-0.1048,-0.0707,0.0014,0.0241,0.0409,0.0074,-0.0625,0.1470,0.0101,0.1014,-0.0127,0.0131,0.0134,0.0148,0.0119,-0.0005,0.1115,-0.0165,0.0079,0.0517,0.0156,0.0031,0.0003,-1.0000,-1.0000,-1.0000,-1.0000,-1.0000,-1.0000,-1.0000,-1.0000,-1.0000,-1.0000,-1.0000,-1.0000,-1.0000,-1.0000,-1.0000,-1.0000,-1.0000,-1.0000,-1.0000,-1.0000,-1.0000,-1.0000,-1.0000,-1.0000,-1.0000,-1.0000,-1.0000,-1.0000,-1.0000,-1.0000,-1.0000,-1.0000,-1.0000,-1.0000,-1.0000,-1.0000,-1.0000,-1.0000,-1.0000,-1.0000,-1.0000,-1.0000,-1.0000,-1.0000,-1.0000,-1.0000,-1.0000,-1.0000,-1.0000,-1.0000,-1.0000,-1.0000,-1.0000,-1.0000,-1.0000,-1.0000,-1.0000,-1.0000,-1.0000,-1.0000,-1.0000,-1.0000,-1.0000,-1.0000,-1.0000,-1.0000,-1.0000,-1.0000,-1.0000,-1.0000,-1.0000,-1.0000,-1.0000,-1.0000,-1.0000,-1.0000,-1.0000,-1.0000,-1.0000,-1.0000,-1.0000,-1.0000,-1.0000,-1.0000,-1.0000,-1.0000,-1.0000,-1.0000,-1.0000,-1.0000,-1.0000,-1.0000,-1.0000,-1.0000,-1.0000,-1.0000,-1.0000,-1.0000,-1.0000,-1.0000,-1.0000,-1.0000,-1.0000,-1.0000,-1.0000,-1.0000,-1.0000,-1.0000,-1.0000,-1.0000,-1.0000,-1.0000,-1.0000,-1.0000,-1.0000,-1.0000,-1.0000,-1.0000,-1.0000,-1.0000,-1.0000,1.8043,1.7908,1.7947,1.7842,1.7995,1.7789,1.2135,1.3094,1.4592,1.3327,1.2684,1.5218,1.3905,1.4010,1.2440,1.4342,1.3618,1.3829,1.5013,1.4611,1.4216,1.4091,1.3474,1.3661,1.3656,1.2725,1.2981,1.2810,1.2526,1.3024,1.2244,1.1561,1.2091,1.2059,1.1546,1.2318,1.1841,1.2302,1.1534,1.1680,1.3882,1.5059,1.4662,1.4268,1.4134,1.3524,1.3725,1.3696,1.2782,1.3044,1.2874,1.2583,1.3066,1.2309,1.1636,1.2161,1.2131,1.1620,1.2382,1.1914,1.2359,1.1600,1.1752,0,1.0000,-3.8126,0.2856,-2.5528
244,0.4880,-0.2420,0.0177,0.0650,-1.4256,0.1066,0.0128,0.0656,0.2039,0.0001,1.0267,0.9999,0.0003,0.0144,0.0003,0.0002,-0.0138,-0.0010,-0.0065,-0.0085,0.0008,-0.0002,-0.0136,-0.0009,-0.0064,-0.0091,-0.0021,-0.0001,0.0261,-0.0017,-0.0008,0.0289,0.0059,0.0024,-0.0000,0.0259,0.0024,0.0006,0.0284,0.0060,0.0019,-0.0000,0.0735,-0.0022,0.0047,-0.0383,0.0523,-0.0025,0.0022,0.0255,0.0515,0.0109,-0.1048,-0.0707,0.0014,0.0241,0.0409,0.0074,-0.0625,0.1470,0.0101,0.1014,-0.0127,0.0131,0.0134,0.0148,0.0119,-0.0005,0.1115,-0.0165,0.0079,0.0517,0.0156,0.0031,0.0003,-1.0000,-1.0000,-1.0000,-1.0000,-1.0000,-1.0000,-1.0000,-1.0000,-1.0000,-1.0000,-1.0000,-1.0000,-1.0000,-1.0000,-1.0000,-1.0000,-1.0000,-1.0000,-1.0000,-1.0000,-1.0000,-1.0000,-1.0000,-1.0000,-1.0000,-1.0000,-1.0000,-1.0000,-1.0000,-1.0000,-1.0000,-1.0000,-1.0000,-1.0000,-1.0000,-1.0000,-1.0000,-1.0000,-1.0000,-1.0000,-1.0000,-1.0000,-1.0000,-1.0000,-1.0000,-1.0000,-1.0000,-1.0000,-1.0000,-1.0000,-1.0000,-1.0000,-1.0000,-1.0000,-1.0000,-1.0000,-1.0000,-1.0000,-1.0000,-1.0000,-1.0000,-1.0000,-1.0000,-1.0000,-1.0000,-1.0000,-1.0000,-1.0000,-1.0000,-1.0000,-1.0000,-1.0000,-1.0000,-1.0000,-1.0000,-1.0000,-1.0000,-1.0000,-1.0000,-1.0000,-1.0000,-1.0000,-1.0000,-1.0000,-1.0000,-1.0000,-1.0000,-1.0000,-1.0000,-1.0000,-1.0000,-1.0000,-1.0000,-1.0000,-1.0000,-1.0000,-1.0000,-1.0000,-1.0000,-1.0000,-1.0000,-1.0000,-1.0000,-1.0000,-1.0000,-1.0000,-1.0000,-1.0000,-1.0000,-1.0000,-1.0000,-1.0000,-1.0000,-1.0000,-1.0000,-1.0000,-1.0000,-1.0000,-1.0000,-1.0000,-1.0000,1.8043,1.7908,1.7947,1.7842,1.7995,1.7789,1.2135,1.3094,1.4592,1.3327,1.2684,1.5218,1.3905,1.4010,1.2440,1.4342,1.3618,1.3829,1.5013,1.4611,1.4216,1.4091,1.3474,1.3661,1.3656,1.2725,1.2981,1.2810,1.2526,1.3024,1.2244,1.1561,1.2091,1.2059,1.1546,1.2318,1.1841,1.2302,1.1534,1.1680,1.3882,1.5059,1.4662,1.4268,1.4134,1.3524,1.3725,1.3696,1.2782,1.3044,1.2874,1.2583,1.3066,1.2309,1.1636,1.2161,1.2131,1.1620,1.2382,1.1914,1.2359,1.1600,1.1752,0,1.0000,-3.8126,0.2856,-2.5528
245,0.4900,-0.2449,0.0179,0.0650,-1.4258,0.1066,0.0119,0.0656,0.2041,0.0001,1.0268,0.9999,0.0003,0.0144,0.0003,0.0002,-0.0138,-0.0008,-0.0065,-0.0087,0.0003,-0.0002,-0.0136,-0.0008,-0.0063,-0.0092,-0.0018,-0.0001,0.0263,-0.0018,-0.0008,0.0289,0.0059,0.0024,-0.0000,0.0261,0.0023,0.0007,0.0285,0.0060,0.0019,-0.0000,0.0738,-0.0026,0.0035,-0.0497,0.0531,-0.0026,0.0033,0.0252,0.0728,0.0109,-0.1095,-0.2245,0.0012,0.0231,0.0538,0.0074,-0.0549,0.1671,0.0113,0.0987,-0.0158,0.0144,0.0077,0.0149,0.0119,-0.0005,0.1119,-0.0215,0.0085,0.0531,0.0157,0.0045,0.0003,-1.0000,-1.0000,-1.0000,-1.0000,-1.0000,-1.0000,-1.0000,-1.0000,-1.0000,-1.0000,-1.0000,-1.0000,-1.0000,-1.0000,-1.0000,-1.0000,-1.0000,-1.0000,-1.0000,-1.0000,-1.0000,-1.0000,-1.0000,-1.0000,-1.0000,-1.0000,-1.0000,-1.0000,-1.0000,-1.0000,-1.0000,-1.0000,-1.0000,-1.0000,-1.0000,-1.0000,-1.0000,-1.0000,-1.0000,-1.0000,-1.0000,-1.0000,-1.0000,-1.0000,-1.0000,-1.0000,-1.0000,-1.0000,-1.0000,-1.0000,-1.0000,-1.0000,-1.0000,-1.0000,-1.0000,-1.0000,-1.0000,-1.0000,-1.0000,-1.0000,-1.0000,-1.0000,-1.0000,-1.0000,-1.0000,-1.0000,-1.0000,-1.0000,-1.0000,-1.0000,-1.0000,-1.0000,-1.0000,-1.0000,-1.0000,-1.0000,-1.0000,-1.0000,-1.0000,-1.0000,-1.0000,-1.0000,-1.0000,-1.0000,-1.0000,-1.0000,-1.0000,-1.0000,-1.0000,-1.0000,-1.0000,-1.0000,-1.0000,-1.0000,-1.0000,-1.0000,-1.0000,-1.0000,-1.0000,-1.0000,-1.0000,-1.0000,-1.0000,-1.0000,-1.0000,-1.0000,-1.0000,-1.0000,-1.0000,-1.0000,-1.0000,-1.0000,-1.0000,-1.0000,-1.0000,-1.0000,-1.0000,-1.0000,-1.0000,-1.0000,-1.0000,1.8052,1.7918,1.7956,1.7850,1.8004,1.7798,1.2143,1.3106,1.4603,1.3336,1.2696,1.5228,1.3913,1.4021,1.2449,1.4350,1.3630,1.3839,1.5022,1.4620,1.4225,1.4101,1.3482,1.3669,1.3666,1.2736,1.2990,1.2819,1.2535,1.3034,1.2254,1.1571,1.2103,1.2070,1.1557,1.2330,1.1851,1.2314,1.1547,1.1692,1.3894,1.5070,1.4673,1.4279,1.4145,1.3533,1.3735,1.3706,1.2793,1.3054,1.2885,1.2592,1.3076,1.2319,1.1647,1.2175,1.2143,1.1632,1.2395,1.1926,1.2372,1.1614,1.1765,0,1.0000,-3.8126,0.2856,-2.5528
245,0.4900,-0.2449,0.0179,0.0650,-1.4258,0.1066,0.0119,0.0656,0.2041,0.0001,1.0268,0.9999,0.0003,0.0144,0.0003,0.0002,-0.0138,-0.0008,-0.0065,-0.0087,0.0003,-0.0002,-0.0136,-0.0008,-0.0063,-0.0092,-0.0018,-0.0001,0.0263,-0.0018,-0.0008,0.0289,0.0059,0.0024,-0.0000,0.0261,0.0023,0.0007,0.0285,0.0060,0.0019,-0.0000,0.0738,-0.0026,0.0035,-0.0497,0.0531,-0.0026,0.0033,0.0252,0.0728,0.0109,-0.1095,-0.2245,0.0012,0.0231,0.0538,0.0074,-0.0549,0.1671,0.0113,0.0987,-0.0158,0.0144,0.0077,0.0149,0.0119,-0.0005,0.1119,-0.0215,0.0085,0.0531,0.0157,0.0045,0.0003,-1.0000,-1.0000,-1.0000,-1.0000,-1.0000,-1.0000,-1.0000,-1.0000,-1.0000,-1.0000,-1.0000,-1.0000,-1.0000,-1.0000,-1.0000,-1.0000,-1.0000,-1.0000,-1.0000,-1.0000,-1.0000,-1.0000,-1.0000,-1.0000,-1.0000,-1.0000,-1.0000,-1.0000,-1.0000,-1.0000,-1.0000,-1.0000,-1.0000,-1.0000,-1.0000,-1.0000,-1.0000,-1.0000,-1.0000,-1.0000,-1.0000,-1.0000,-1.0000,-1.0000,-1.0000,-1.0000,-1.0000,-1.0000,-1.0000,-1.0000,-1.0000,-1.0000,-1.0000,-1.0000,-1.0000,-1.0000,-1.0000,-1.0000,-1.0000,-1.0000,-1.0000,-1.0000,-1.0000,-1.0000,-1.0000,-1.0000,-1.0000,-1.0000,-1.0000,-1.0000,-1.0000,-1.0000,-1.0000,-1.0000,-1.0000,-1.0000,-1.0000,-1.0000,-1.0000,-1.0000,-1.0000,-1.0000,-1.0000,-1.0000,-1.0000,-1.0000,-1.0000,-1.0000,-1.0000,-1.0000,-1.0000,-1.0000,-1.0000,-1.0000,-1.0000,-1.0000,-1.0000,-1.0000,-1.0000,-1.0000,-1.0000,-1.0000,-1.0000,-1.0000,-1.0000,-1.0000,-1.0000,-1.0000,-1.0000,-1.0000,-1.0000,-1.0000,-1.0000,-1.0000,-1.0000,-1.0000,-1.0000,-1.0000,-1.0000,-1.0000,-1.0000,1.8052,1.7918,1.7956,1.7850,1.8004,1.7798,1.2143,1.3106,1.4603,1.3336,1.2696,1.5228,1.3913,1.4021,1.2449,1.4350,1.3630,1.3839,1.5022,1.4620,1.4225,1.4101,1.3482,1.3669,1.3666,1.2736,1.2990,1.2819,1.2535,1.3034,1.2254,1.1571,1.2103,1.2070,1.1557,1.2330,1.1851,1.2314,1.1547,1.1692,1.3894,1.5070,1.4673,1.4279,1.4145,1.3533,1.3735,1.3706,1.2793,1.3054,1.2885,1.2592,1.3076,1.2319,1.1647,1.2175,1.2143,1.1632,1.2395,1.1926,1.2372,1.1614,1.1765,0,1.0000,-3.8126,0.2856,-2.5528
246,0.4920,-0.2477,0.0181,0.0650,-1.4260,0.1067,0.0110,0.0656,0.2042,0.0001,1.0268,0.9999,0.0002,0.0145,0.0003,0.0002,-0.0137,-0.0007,-0.0064,-0.0089,-0.0004,-0.0002,-0.0136,-0.0007,-0.0063,-0.0093,-0.0015,-0.0001,0.0265,-0.0018,-0.0008,0.0289,0.0060,0.0024,-0.0000,0.0263,0.0023,0.0007,0.0286,0.0060,0.0019,-0.0000,0.0741,-0.0028,0.0026,-0.0583,0.0540,-0.0024,0.0046,0.0262,0.0899,0.0097,-0.1266,-0.3577,0.0009,0.0220,0.0635,0.0074,-0.0491,0.1821,0.0120,0.0965,-0.0180,0.0152,0.0036,0.0149,0.0118,-0.0005,0.1120,-0.0254,0.0086,0.0537,0.0158,0.0057,0.0003,-1.0000,-1.0000,-1.0000,-1.0000,-1.0000,-1.0000,-1.0000,-1.0000,-1.0000,-1.0000,-1.0000,-1.0000,-1.0000,-1.0000,-1.0000,-1.0000,-1.0000,-1.0000,-1.0000,-1.0000,-1.0000,-1.0000,-1.0000,-1.0000,-1.0000,-1.0000,-1.0000,-1.0000,-1.0000,-1.0000,-1.0000,-1.0000,-1.0000,-1.0000,-1.0000,-1.0000,-1.0000,-1.0000,-1.0000,-1.0000,-1.0000,-1.0000,-1.0000,-1.0000,-1.0000,-1.0000,-1.0000,-1.0000,-1.0000,-1.0000,-1.0000,-1.0000,-1.0000,-1.0000,-1.0000,-1.0000,-1.0000,-1.0000,-1.0000,-1.0000,-1.0000,-1.0000,-1.0000,-1.0000,-1.0000,-1.0000,-1.0000,-1.0000,-1.0000,-1.0000,-1.0000,-1.0000,-1.0000,-1.0000,-1.0000,-1.0000,-1.0000,-1.0000,-1.0000,-1.0000,-1.0000,-1.0000,-1.0000,-1.0000,-1.0000,-1.0000,-1.0000,-1.0000,-1.0000,-1.0000,-1.0000,-1.0000,-1.0000,-1.0000,-1.0000,-1.0000,-1.0000,-1.0000,-1.0000,-1.0000,-1.0000,-1.0000,-1.0000,-1.0000,-1.0000,-1.0000,-1.0000,-1.0000,-1.0000,-1.0000,-1.0000,-1.0000,-1.0000,-1.0000,-1.0000,-1.0000,-1.0000,-1.0000,-1.0000,-1.0000,-1.0000,1.8060,1.7928,1.7964,1.7858,1.8014,1.7807,1.2152,1.3118,1.4614,1.3344,1.2709,1.5237,1.3921,1.4033,1.2458,1.4358,1.3641,1.3849,1.5032,1.4630,1.4235,1.4112,1.3491,1.3678,1.3676,1.2747,1.2999,1.2829,1.2544,1.3044,1.2263,1.1582,1.2115,1.2081,1.1568,1.2342,1.1862,1.2326,1.1559,1.1704,1.3905,1.5080,1.4684,1.4290,1.4156,1.3542,1.3745,1.3717,1.2805,1.3064,1.2896,1.2602,1.3087,1.2330,1.1659,1.2188,1.2155,1.1645,1.2408,1.1937,1.2385,1.1627,1.1778,0,1.0000,-3.8126,0.2856,-2.5528
247,0.4940,-0.2506,0.0183,0.0651,-1.4262,0.1067,0.0101,0.0656,0.2044,0.0000,1.0268,0.9999,0.0001,0.0145,0.0003,0.0002,-0.0137,-0.0004,-0.0064,-0.0088,-0.0010,-0.0002,-0.0135,-0.0005,-0.0063,-0.0094,-0.0011,-0.0000,0.0266,-0.0018,-0.0007,0.0289,0.0060,0.0024,-0.0000,0.0266,0.0022,0.0007,0.0287,0.0061,0.0019,-0.0000,0.0745,-0.0039,-0.0009,-0.0790,0.0534,-0.0028,0.0066,0.0064,0.1137,0.0254,0.0475,-0.3062,0.0008,0.0230,0.0888,0.0068,-0.0437,0.1937,0.0145,0.0914,-0.0234,0.0176,-0.0085,0.0150,0.0115,-0.0005,0.1123,-0.0328,0.0102,0.0546,0.0159,0.0070,0.0003,-1.0000,-1.0000,-1.0000,-1.0000,-1.0000,-1.0000,-1.0000,-1.0000,-1.0000,-1.0000,-1.0000,-1.0000,-1.0000,-1.0000,-1.0000,-1.0000,-1.0000,-1.0000,-1.0000,-1.0000,-1.0000,-1.0000,-1.0000,-1.0000,-1.0000,-1.0000,-1.0000,-1.0000,-1.0000,-1.0000,-1.0000,-1.0000,-1.0000,-1.0000,-1.0000,-1.0000,-1.0000,-1.0000,-1.0000,-1.0000,-1.0000,-1.0000,-1.0000,-1.0000,-1.0000,-1.0000,-1.0000,-1.0000,-1.0000,-1.0000,-1.0000,-1.0000,-1.0000,-1.0000,-1.0000,-1.0000,-1.0000,-1.0000,-1.0000,-1.0000,-1.0000,-1.0000,-1.0000,-1.0000,-1.0000,-1.0000,-1.0000,-1.0000,-1.0000,-1.0000,-1.0000,-1.0000,-1.0000,-1.0000,-1.0000,-1.0000,-1.0000,-1.0000,-1.0000,-1.0000,-1.0000,-1.0000,-1.0000,-1.0000,-1.0000,-1.0000,-1.0000,-1.0000,-1.0000,-1.0000,-1.0000,-1.0000,-1.0000,-1.0000,-1.0000,-1.0000,-1.0000,-1.0000,-1.0000,-1.0000,-1.0000,-1.0000,-1.0000,-1.0000,-1.0000,-1.0000,-1.0000,-1.0000,-1.0000,-1.0000,-1.0000,-1.0000,-1.0000,-1.0000,-1.0000,-1.0000,-1.0000,-1.0000,-1.0000,-1.0000,-1.0000,1.8069,1.7938,1.7973,1.7866,1.8023,1.7816,1.2161,1.3130,1.4625,1.3353,1.2721,1.5247,1.3929,1.4044,1.2467,1.4366,1.3653,1.3860,1.5042,1.4640,1.4246,1.4122,1.3499,1.3688,1.3686,1.2757,1.3008,1.2839,1.2552,1.3053,1.2273,1.1592,1.2128,1.2092,1.1579,1.2354,1.1872,1.2338,1.1571,1.1716,1.3916,1.5091,1.4694,1.4301,1.4167,1.3552,1.3756,1.3728,1.2817,1.3074,1.2907,1.2613,1.3097,1.2341,1.1671,1.2202,1.2167,1.1657,1.2421,1.1949,1.2398,1.1640,1.1791,0,1.0000,-3.8126,0.2856,-2.5528
248,0.4960,-0.2534,0.0185,0.0651,-1.4264,0.1067,0.0093,0.0656,0.2045,0.0000,1.0268,0.9999,0.0001,0.0146,0.0003,0.0002,-0.0137,-0.0002,-0.0064,-0.0089,-0.0016,-0.0002,-0.0135,-0.0003,-0.0063,-0.0095,-0.0007,-0.0000,0.0268,-0.0019,-0.0007,0.0289,0.0060,0.0025,-0.0000,0.0268,0.0022,0.0007,0.0288,0.0061,0.0019,-0.0000,0.0748,-0.0036,0.0007,-0.0732,0.0550,-0.0023,0.0057,0.0131,0.1073,0.0189,-0.0196,-0.3256,0.0005,0.0212,0.0811,0.0072,-0.0417,0.1992,0.0131,0.0922,-0.0202,0.0163,-0.0028,0.0150,0.0118,-0.0005,0.1113,-0.0311,0.0082,0.0541,0.0159,0.0083,0.0003,-1.0000,-1.0000,-1.0000,-1.0000,-1.0000,-1.0000,-1.0000,-1.0000,-1.0000,-1.0000,-1.0000,-1.0000,-1.0000,-1.0000,-1.0000,-1.0000,-1.0000,-1.0000,-1.0000,-1.0000,-1.0000,-1.0000,-1.0000,-1.0000,-1.0000,-1.0000,-1.0000,-1.0000,-1.0000,-1.0000,-1.0000,-1.0000,-1.0000,-1.0000,-1.0000,-1.0000,-1.0000,-1.0000,-1.0000,-1.0000,-1.0000,-1.0000,-1.0000,-1.0000,-1.0000,-1.0000,-1.0000,-1.0000,-1.0000,-1.0000,-1.0000,-1.0000,-1.0000,-1.0000,-1.0000,-1.0000,-1.0000,-1.0000,-1.0000,-1.0000,-1.0000,-1.0000,-1.0000,-1.0000,-1.0000,-1.0000,-1.0000,-1.0000,-1.0000,-1.0000,-1.0000,-1.0000,-1.0000,-1.0000,-1.0000,-1.0000,-1.0000,-1.0000,-1.0000,-1.0000,-1.0000,-1.0000,-1.0000,-1.0000,-1.0000,-1.0000,-1.0000,-1.0000,-1.0000,-1.0000,-1.0000,-1.0000,-1.0000,-1.0000,-1.0000,-1.0000,-1.0000,-1.0000,-1.0000,-1.0000,-1.0000,-1.0000,-1.0000,-1.0000,-1.0000,-1.0000,-1.0000,-1.0000,-1.0000,-1.0000,-1.0000,-1.0000,-1.0000,-1.0000,-1.0000,-1.0000,-1.0000,-1.0000,-1.0000,-1.0000,-1.0000,1.8078,1.7947,1.7981,1.7874,1.8032,1.7824,1.2171,1.3143,1.4636,1.3361,1.2733,1.5256,1.3937,1.4056,1.2476,1.4374,1.3665,1.3870,1.5052,1.4650,1.4256,1.4132,1.3507,1.3696,1.3696,1.2768,1.3017,1.2849,1.2561,1.3063,1.2282,1.1602,1.2140,1.2102,1.1590,1.2366,1.1882,1.2350,1.1584,1.1727,1.3927,1.5102,1.4705,1.4313,1.4178,1.3561,1.3766,1.3738,1.2829,1.3084,1.2918,1.2623,1.3108,1.2352,1.1683,1.2215,1.2179,1.1670,1.2434,1.1961,1.2411,1.1654,1.1804,0,1.0000,-3.8126,0.2856,-2.5528
248,0.4960,-0.2534,0.0185,0.0651,-1.4264,0.1067,0.0093,0.0656,0.2045,0.0000,1.0268,0.9999,0.0001,0.0146,0.0003,0.0002,-0.0137,-0.0002,-0.0064,-0.0089,-0.0016,-0.0002,-0.0135,-0.0003,-0.0063,-0.0095,-0.0007,-0.0000,0.0268,-0.0019,-0.0007,0.0289,0.0060,0.0025,-0.0000,0.0268,0.0022,0.0007,0.0288,0.0061,0.0019,-0.0000,0.0748,-0.0036,0.0007,-0.0732,0.0550,-0.0023,0.0057,0.0131,0.1073,0.0189,-0.0196,-0.3256,0.0005,0.0212,0.0811,0.0072,-0.0417,0.1992,0.0131,0.0922,-0.0202,0.0163,-0.0028,0.0150,0.0118,-0.0005,0.1113,-0.0311,0.0082,0.0541,0.0159,0.0083,0.0003,-1.0000,-1.0000,-1.0000,-1.0000,-1.0000,-1.0000,-1.0000,-1.0000,-1.0000,-1.0000,-1.0000,-1.0000,-1.0000,-1.0000,-1.0000,-1.0000,-1.0000,-1.0000,-1.0000,-1.0000,-1.0000,-1.0000,-1.0000,-1.0000,-1.0000,-1.0000,-1.0000,-1.0000,-1.0000,-1.0000,-1.0000,-1.0000,-1.0000,-1.0000,-1.0000,-1.0000,-1.0000,-1.0000,-1.0000,-1.0000,-1.0000,-1.0000,-1.0000,-1.0000,-1.0000,-1.0000,-1.0000,-1.0000,-1.0000,-1.0000,-1.0000,-1.0000,-1.0000,-1.0000,-1.0000,-1.0000,-1.0000,-1.0000,-1.0000,-1.0000,-1.0000,-1.0000,-1.0000,-1.0000,-1.0000,-1.0000,-1.0000,-1.0000,-1.0000,-1.0000,-1.0000,-1.0000,-1.0000,-1.0000,-1.0000,-1.0000,-1.0000,-1.0000,-1.0000,-1.0000,-1.0000,-1.0000,-1.0000,-1.0000,-1.0000,-1.0000,-1.0000,-1.0000,-1.0000,-1.0000,-1.0000,-1.0000,-1.0000,-1.0000,-1.0000,-1.0000,-1.0000,-1.0000,-1.0000,-1.0000,-1.0000,-1.0000,-1.0000,-1.0000,-1.0000,-1.0000,-1.0000,-1.0000,-1.0000,-1.0000,-1.0000,-1.0000,-1.0000,-1.0000,-1.0000,-1.0000,-1.0000,-1.0000,-1.0000,-1.0000,-1.0000,1.8078,1.7947,1.7981,1.7874,1.8032,1.7824,1.2171,1.3143,1.4636,1.3361,1.2733,1.5256,1.3937,1.4056,1.2476,1.4374,1.3665,1.3870,1.5052,1.4650,1.4256,1.4132,1.3507,1.3696,1.3696,1.2768,1.3017,1.2849,1.2561,1.3063,1.2282,1.1602,1.2140,1.2102,1.1590,1.2366,1.1882,1.2350,1.1584,1.1727,1.3927,1.5102,1.4705,1.4313,1.4178,1.3561,1.3766,1.3738,1.2829,1.3084,1.2918,1.2623,1.3108,1.2352,1.1683,1.2215,1.2179,1.1670,1.2434,1.1961,1.2411,1.1654,1.1804,0,1.0000,-3.8126,0.2856,-2.5528
249,0.4980,-0.2563,0.0187,0.0651,-1.4265,0.1067,0.0085,0.0656,0.2047,0.0000,1.0268,0.9999,0.0000,0.0147,0.0003,0.0003,-0.0137,-0.0000,-0.0063,-0.0090,-0.0023,-0.0002,-0.0134,-0.0002,-0.0063,-0.0095,-0.0003,0.0000,0.0270,-0.0019,-0.0007,0.0289,0.0061,0.0025,-0.0000,0.0270,0.0021,0.0007,0.0289,0.0061,0.0020,-0.0000,0.0752,-0.0032,0.0020,-0.0677,0.0566,-0.0018,0.0049,0.0187,0.1014,0.0132,-0.0764,-0.3450,0.0002,0.0196,0.0740,0.0074,-0.0404,0.2024,0.0117,0.0927,-0.0171,0.0150,0.0020,0.0149,0.0120,-0.0005,0.1101,-0.0295,0.0064,0.0531,0.0159,0.0094,0.0003,-1.0000,-1.0000,-1.0000,-1.0000,-1.0000,-1.0000,-1.0000,-1.0000,-1.0000,-1.0000,-1.0000,-1.0000,-1.0000,-1.0000,-1.0000,-1.0000,-1.0000,-1.0000,-1.0000,-1.0000,-1.0000,-1.0000,-1.0000,-1.0000,-1.0000,-1.0000,-1.0000,-1.0000,-1.0000,-1.0000,-1.0000,-1.0000,-1.0000,-1.0000,-1.0000,-1.0000,-1.0000,-1.0000,-1.0000,-1.0000,-1.0000,-1.0000,-1.0000,-1.0000,-1.0000,-1.0000,-1.0000,-1.0000,-1.0000,-1.0000,-1.0000,-1.0000,-1.0000,-1.0000,-1.0000,-1.0000,-1.0000,-1.0000,-1.0000,-1.0000,-1.0000,-1.0000,-1.0000,-1.0000,-1.0000,-1.0000,-1.0000,-1.0000,-1.0000,-1.0000,-1.0000,-1.0000,-1.0000,-1.0000,-1.0000,-1.0000,-1.0000,-1.0000,-1.0000,-1.0000,-1.0000,-1.0000,-1.0000,-1.0000,-1.0000,-1.0000,-1.0000,-1.0000,-1.0000,-1.0000,-1.0000,-1.0000,-1.0000,-1.0000,-1.0000,-1.0000,-1.0000,-1.0000,-1.0000,-1.0000,-1.0000,-1.0000,-1.0000,-1.0000,-1.0000,-1.0000,-1.0000,-1.0000,-1.0000,-1.0000,-1.0000,-1.0000,-1.0000,-1.0000,-1.0000,-1.0000,-1.0000,-1.0000,-1.0000,-1.0000,-1.0000,1.8087,1.7957,1.7990,1.7882,1.8042,1.7833,1.2180,1.3155,1.4647,1.3370,1.2746,1.5266,1.3945,1.4068,1.2486,1.4382,1.3677,1.3880,1.5061,1.4660,1.4266,1.4142,1.3516,1.3706,1.3706,1.2779,1.3026,1.2859,1.2570,1.3073,1.2292,1.1613,1.2152,1.2113,1.1602,1.2378,1.1892,1.2363,1.1596,1.1739,1.3939,1.5112,1.4716,1.4324,1.4189,1.3571,1.3777,1.3749,1.2841,1.3095,1.2930,1.2633,1.3118,1.2363,1.1695,1.2229,1.2192,1.1683,1.2448,1.1973,1.2424,1.1668,1.1818,0,1.0000,-3.8126,0.2856,-2.5528
250,0.5000,-0.2591,0.0190,0.0651,-1.4267,0.1067,0.0077,0.0656,0.2048,0.0000,1.0268,0.9999,-0.0001,0.0147,0.0003,0.0003,-0.0136,0.0002,-0.0063,-0.0093,-0.0031,-0.0002,-0.0134,-0.0001,-0.0063,-0.0097,0.0000,0.0000,0.0272,-0.0019,-0.0006,0.0289,0.0061,0.0025,-0.0000,0.0272,0.0021,0.0007,0.0290,0.0062,0.0020,-0.0000,0.0755,-0.0027,0.0025,-0.0602,0.0580,-0.0012,0.0041,0.0234,0.0927,0.0081,-0.1249,-0.3646,0.0002,0.0205,0.0666,0.0060,-0.0613,0.1543,0.0099,0.0930,-0.0135,0.0135,0.0060,0.0149,0.0122,-0.0005,0.1081,-0.0275,0.0043,0.0499,0.0158,0.0105,0.0003,-1.0000,-1.0000,-1.0000,-1.0000,-1.0000,-1.0000,-1.0000,-1.0000,-1.0000,-1.0000,-1.0000,-1.0000,-1.0000,-1.0000,-1.0000,-1.0000,-1.0000,-1.0000,-1.0000,-1.0000,-1.0000,-1.0000,-1.0000,-1.0000,-1.0000,-1.0000,-1.0000,-1.0000,-1.0000,-1.0000,-1.0000,-1.0000,-1.0000,-1.0000,-1.0000,-1.0000,-1.0000,-1.0000,-1.0000,-1.0000,-1.0000,-1.0000,-1.0000,-1.0000,-1.0000,-1.0000,-1.0000,-1.0000,-1.0000,-1.0000,-1.0000,-1.0000,-1.0000,-1.0000,-1.0000,-1.0000,-1.0000,-1.0000,-1.0000,-1.0000,-1.0000,-1.0000,-1.0000,-1.0000,-1.0000,-1.0000,-1.0000,-1.0000,-1.0000,-1.0000,-1.0000,-1.0000,-1.0000,-1.0000,-1.0000,-1.0000,-1.0000,-1.0000,-1.0000,-1.0000,-1.0000,-1.0000,-1.0000,-1.0000,-1.0000,-1.0000,-1.0000,-1.0000,-1.0000,-1.0000,-1.0000,-1.0000,-1.0000,-1.0000,-1.0000,-1.0000,-1.0000,-1.0000,-1.0000,-1.0000,-1.0000,-1.0000,-1.0000,-1.0000,-1.0000,-1.0000,-1.0000,-1.0000,-1.0000,-1.0000,-1.0000,-1.0000,-1.0000,-1.0000,-1.0000,-1.0000,-1.0000,-1.0000,-1.0000,-1.0000,-1.0000,1.8096,1.7967,1.7999,1.7891,1.8051,1.7842,1.2189,1.3168,1.4659,1.3379,1.2759,1.5275,1.3953,1.4080,1.2495,1.4390,1.3688,1.3891,1.5071,1.4670,1.4276,1.4152,1.3525,1.3715,1.3716,1.2789,1.3035,1.2869,1.2580,1.3083,1.2301,1.1623,1.2164,1.2124,1.1613,1.2390,1.1903,1.2375,1.1609,1.1752,1.3951,1.5123,1.4728,1.4335,1.4200,1.3581,1.3787,1.3760,1.2853,1.3105,1.2941,1.2643,1.3129,1.2374,1.1707,1.2243,1.2204,1.1696,1.2461,1.1985,1.2437,1.1682,1.1831,0,1.0000,-3.8126,0.2856,-2.5528
250,0.5000,-0.2591,0.0190,0.0651,-1.4267,0.1067,0.0077,0.0656,0.2048,0.0000,1.0268,0.9999,-0.0001,0.0147,0.0003,0.0003,-0.0136,0.0002,-0.0063,-0.0093,-0.0031,-0.0002,-0.0134,-0.0001,-0.0063,-0.0097,0.0000,0.0000,0.0272,-0.0019,-0.0006,0.0289,0.0061,0.0025,-0.0000,0.0272,0.0021,0.0007,0.0290,0.0062,0.0020,-0.0000,0.0755,-0.0027,0.0025,-0.0602,0.0580,-0.0012,0.0041,0.0234,0.0927,0.0081,-0.1249,-0.3646,0.0002,0.0205,0.0666,0.0060,-0.0613,0.1543,0.0099,0.0930,-0.0135,0.0135,0.0060,0.0149,0.0122,-0.0005,0.1081,-0.0275,0.0043,0.0499,0.0158,0.0105,0.0003,-1.0000,-1.0000,-1.0000,-1.0000,-1.0000,-1.0000,-1.0000,-1.0000,-1.0000,-1.0000,-1.0000,-1.0000,-1.0000,-1.0000,-1.0000,-1.0000,-1.0000,-1.0000,-1.0000,-1.0000,-1.0000,-1.0000,-1.0000,-1.0000,-1.0000,-1.0000,-1.0000,-1.0000,-1.0000,-1.0000,-1.0000,-1.0000,-1.0000,-1.0000,-1.0000,-1.0000,-1.0000,-1.0000,-1.0000,-1.0000,-1.0000,-1.0000,-1.0000,-1.0000,-1.0000,-1.0000,-1.0000,-1.0000,-1.0000,-1.0000,-1.0000,-1.0000,-1.0000,-1.0000,-1.0000,-1.0000,-1.0000,-1.0000,-1.0000,-1.0000,-1.0000,-1.0000,-1.0000,-1.0000,-1.0000,-1.0000,-1.0000,-1.0000,-1.0000,-1.0000,-1.0000,-1.0000,-1.0000,-1.0000,-1.0000,-1.0000,-1.0000,-1.0000,-1.0000,-1.0000,-1.0000,-1.0000,-1.0000,-1.0000,-1.0000,-1.0000,-1.0000,-1.0000,-1.0000,-1.0000,-1.0000,-1.0000,-1.0000,-1.0000,-1.0000,-1.0000,-1.0000,-1.0000,-1.0000,-1.0000,-1.0000,-1.0000,-1.0000,-1.0000,-1.0000,-1.0000,-1.0000,-1.0000,-1.0000,-1.0000,-1.0000,-1.0000,-1.0000,-1.0000,-1.0000,-1.0000,-1.0000,-1.0000,-1.0000,-1.0000,-1.0000,1.8096,1.7967,1.7999,1.7891,1.8051,1.7842,1.2189,1.3168,1.4659,1.3379,1.2759,1.5275,1.3953,1.4080,1.2495,1.4390,1.3688,1.3891,1.5071,1.4670,1.4276,1.4152,1.3525,1.3715,1.3716,1.2789,1.3035,1.2869,1.2580,1.3083,1.2301,1.1623,1.2164,1.2124,1.1613,1.2390,1.1903,1.2375,1.1609,1.1752,1.3951,1.5123,1.4728,1.4335,1.4200,1.3581,1.3787,1.3760,1.2853,1.3105,1.2941,1.2643,1.3129,1.2374,1.1707,1.2243,1.2204,1.1696,1.2461,1.1985,1.2437,1.1682,1.1831,0,1.0000,-3.8126,0.2856,-2.5528
251,0.5020,-0.2620,0.0192,0.0651,-1.4268,0.1067,0.0070,0.0656,0.2050,0.0000,1.0268,0.9999,-0.0001,0.0148,0.0003,0.0003,-0.0136,0.0003,-0.0063,-0.0095,-0.0033,-0.0002,-0.0133,0.0001,-0.0063,-0.0098,0.0002,0.0000,0.0274,-0.0020,-0.0006,0.0289,0.0061,0.0025,-0.0000,0.0274,0.0020,0.0007,0.0291,0.0062,0.0020,-0.0000,0.0757,-0.0027,0.0007,-0.0586,0.0590,-0.0008,0.0030,0.0231,0.0795,0.0073,-0.1254,-0.1318,0.0006,0.0233,0.0693,0.0035,-0.0918,0.0596,0.0091,0.0914,-0.0111,0.0130,0.0043,0.0149,0.0121,-0.0005,0.1059,-0.0269,0.0030,0.0454,0.0158,0.0094,0.0003,-1.0000,-1.0000,-1.0000,-1.0000,-1.0000,-1.0000,-1.0000,-1.0000,-1.0000,-1.0000,-1.0000,-1.0000,-1.0000,-1.0000,-1.0000,-1.0000,-1.0000,-1.0000,-1.0000,-1.0000,-1.0000,-1.0000,-1.0000,-1.0000,-1.0000,-1.0000,-1.0000,-1.0000,-1.0000,-1.0000,-1.0000,-1.0000,-1.0000,-1.0000,-1.0000,-1.0000,-1.0000,-1.0000,-1.0000,-1.0000,-1.0000,-1.0000,-1.0000,-1.0000,-1.0000,-1.0000,-1.0000,-1.0000,-1.0000,-1.0000,-1.0000,-1.0000,-1.0000,-1.0000,-1.0000,-1.0000,-1.0000,-1.0000,-1.0000,-1.0000,-1.0000,-1.0000,-1.0000,-1.0000,-1.0000,-1.0000,-1.0000,-1.0000,-1.0000,-1.0000,-1.0000,-1.0000,-1.0000,-1.0000,-1.0000,-1.0000,-1.0000,-1.0000,-1.0000,-1.0000,-1.0000,-1.0000,-1.0000,-1.0000,-1.0000,-1.0000,-1.0000,-1.0000,-1.0000,-1.0000,-1.0000,-1.0000,-1.0000,-1.0000,-1.0000,-1.0000,-1.0000,-1.0000,-1.0000,-1.0000,-1.0000,-1.0000,-1.0000,-1.0000,-1.0000,-1.0000,-1.0000,-1.0000,-1.0000,-1.0000,-1.0000,-1.0000,-1.0000,-1.0000,-1.0000,-1.0000,-1.0000,-1.0000,-1.0000,-1.0000,-1.0000,1.8105,1.7977,1.8008,1.7899,1.8061,1.7851,1.2198,1.3180,1.4670,1.3388,1.2771,1.5285,1.3962,1.4092,1.2504,1.4399,1.3700,1.3901,1.5081,1.4680,1.4286,1.4163,1.3533,1.3724,1.3727,1.2800,1.3044,1.2879,1.2589,1.3093,1.2311,1.1634,1.2177,1.2135,1.1625,1.2403,1.1913,1.2387,1.1621,1.1764,1.3962,1.5134,1.4739,1.4347,1.4211,1.3591,1.3798,1.3771,1.2865,1.3116,1.2953,1.2654,1.3140,1.2385,1.1719,1.2256,1.2217,1.1709,1.2475,1.1997,1.2451,1.1695,1.1845,0,1.0000,-3.8126,0.2856,-2.5528
252,0.5040,-0.2648,0.0194,0.0651,-1.4270,0.1067,0.0063,0.0656,0.2051,0.0000,1.0268,0.9999,-0.0002,0.0148,0.0003,0.0003,-0.0135,0.0005,-0.0063,-0.0098,-0.0032,-0.0002,-0.0133,0.0002,-0.0063,-0.0101,0.0000,0.0001,0.0276,-0.0020,-0.0006,0.0289,0.0062,0.0025,-0.0000,0.0276,0.0019,0.0007,0.0292,0.0062,0.0020,-0.0000,0.0760,-0.0025,-0.0023,-0.0535,0.0596,-0.0002,0.0019,0.0231,0.0625,0.0065,-0.1255,0.0871,0.0015,0.0250,0.0698,0.0024,-0.1092,-0.0818,0.0077,0.0895,-0.0078,0.0120,0.0017,0.0148,0.0121,-0.0005,0.1025,-0.0253,0.0013,0.0375,0.0157,0.0081,0.0003,-1.0000,-1.0000,-1.0000,-1.0000,-1.0000,-1.0000,-1.0000,-1.0000,-1.0000,-1.0000,-1.0000,-1.0000,-1.0000,-1.0000,-1.0000,-1.0000,-1.0000,-1.0000,-1.0000,-1.0000,-1.0000,-1.0000,-1.0000,-1.0000,-1.0000,-1.0000,-1.0000,-1.0000,-1.0000,-1.0000,-1.0000,-1.0000,-1.0000,-1.0000,-1.0000,-1.0000,-1.0000,-1.0000,-1.0000,-1.0000,-1.0000,-1.0000,-1.0000,-1.0000,-1.0000,-1.0000,-1.0000,-1.0000,-1.0000,-1.0000,-1.0000,-1.0000,-1.0000,-1.0000,-1.0000,-1.0000,-1.0000,-1.0000,-1.0000,-1.0000,-1.0000,-1.0000,-1.0000,-1.0000,-1.0000,-1.0000,-1.0000,-1.0000,-1.0000,-1.0000,-1.0000,-1.0000,-1.0000,-1.0000,-1.0000,-1.0000,-1.0000,-1.0000,-1.0000,-1.0000,-1.0000,-1.0000,-1.0000,-1.0000,-1.0000,-1.0000,-1.0000,-1.0000,-1.0000,-1.0000,-1.0000,-1.0000,-1.0000,-1.0000,-1.0000,-1.0000,-1.0000,-1.0000,-1.0000,-1.0000,-1.0000,-1.0000,-1.0000,-1.0000,-1.0000,-1.0000,-1.0000,-1.0000,-1.0000,-1.0000,-1.0000,-1.0000,-1.0000,-1.0000,-1.0000,-1.0000,-1.0000,-1.0000,-1.0000,-1.0000,-1.0000,1.8114,1.7988,1.8017,1.7907,1.8071,1.7860,1.2208,1.3193,1.4681,1.3397,1.2784,1.5295,1.3970,1.4104,1.2514,1.4407,1.3712,1.3912,1.5092,1.4690,1.4297,1.4173,1.3542,1.3734,1.3737,1.2811,1.3053,1.2889,1.2598,1.3103,1.2321,1.1645,1.2190,1.2147,1.1636,1.2415,1.1924,1.2400,1.1634,1.1776,1.3974,1.5145,1.4750,1.4358,1.4222,1.3600,1.3809,1.3782,1.2877,1.3126,1.2964,1.2664,1.3151,1.2396,1.1732,1.2270,1.2230,1.1722,1.2489,1.2009,1.2464,1.1709,1.1858,0,1.0000,-3.8126,0.2856,-2.5528
252,0.5040,-0.2648,0.0194,0.0651,-1.4270,0.1067,0.0063,0.0656,0.2051,0.0000,1.0268,0.9999,-0.0002,0.0148,0.0003,0.0003,-0.0135,0.0005,-0.0063,-0.0098,-0.0032,-0.0002,-0.0133,0.0002,-0.0063,-0.0101,0.0000,0.0001,0.0276,-0.0020,-0.0006,0.0289,0.0062,0.0025,-0.0000,0.0276,0.0019,0.0007,0.0292,0.0062,0.0020,-0.0000,0.0760,-0.0025,-0.0023,-0.0535,0.0596,-0.0002,0.0019,0.0231,0.0625,0.0065,-0.1255,0.0871,0.0015,0.0250,0.0698,0.0024,-0.1092,-0.0818,0.0077,0.0895,-0.0078,0.0120,0.0017,0.0148,0.0121,-0.0005,0.1025,-0.0253,0.0013,0.0375,0.0157,0.0081,0.0003,-1.0000,-1.0000,-1.0000,-1.0000,-1.0000,-1.0000,-1.0000,-1.0000,-1.0000,-1.0000,-1.0000,-1.0000,-1.0000,-1.0000,-1.0000,-1.0000,-1.0000,-1.0000,-1.0000,-1.0000,-1.0000,-1.0000,-1.0000,-1.0000,-1.0000,-1.0000,-1.0000,-1.0000,-1.0000,-1.0000,-1.0000,-1.0000,-1.0000,-1.0000,-1.0000,-1.0000,-1.0000,-1.0000,-1.0000,-1.0000,-1.0000,-1.0000,-1.0000,-1.0000,-1.0000,-1.0000,-1.0000,-1.0000,-1.0000,-1.0000,-1.0000,-1.0000,-1.0000,-1.0000,-1.0000,-1.0000,-1.0000,-1.0000,-1.0000,-1.0000,-1.0000,-1.0000,-1.0000,-1.0000,-1.0000,-1.0000,-1.0000,-1.0000,-1.0000,-1.0000,-1.0000,-1.0000,-1.0000,-1.0000,-1.0000,-1.0000,-1.0000,-1.0000,-1.0000,-1.0000,-1.0000,-1.0000,-1.0000,-1.0000,-1.0000,-1.0000,-1.0000,-1.0000,-1.0000,-1.0000,-1.0000,-1.0000,-1.0000,-1.0000,-1.0000,-1.0000,-1.0000,-1.0000,-1.0000,-1.0000,-1.0000,-1.0000,-1.0000,-1.0000,-1.0000,-1.0000,-1.0000,-1.0000,-1.0000,-1.0000,-1.0000,-1.0000,-1.0000,-1.0000,-1.0000,-1.0000,-1.0000,-1.0000,-1.0000,-1.0000,-1.0000,1.8114,1.7988,1.8017,1.7907,1.8071,1.7860,1.2208,1.3193,1.4681,1.3397,1.2784,1.5295,1.3970,1.4104,1.2514,1.4407,1.3712,1.3912,1.5092,1.4690,1.4297,1.4173,1.3542,1.3734,1.3737,1.2811,1.3053,1.2889,1.2598,1.3103,1.2321,1.1645,1.2190,1.2147,1.1636,1.2415,1.1924,1.2400,1.1634,1.1776,1.3974,1.5145,1.4750,1.4358,1.4222,1.3600,1.3809,1.3782,1.2877,1.3126,1.2964,1.2664,1.3151,1.2396,1.1732,1.2270,1.2230,1.1722,1.2489,1.2009,1.2464,1.1709,1.1858,0,1.0000,-3.8126,0.2856,-2.5528
253,0.5060,-0.2677,0.0196,0.0652,-1.4271,0.1067,0.0057,0.0656,0.2053,0.0000,1.0268,0.9999,-0.0002,0.0149,0.0003,0.0003,-0.0135,0.0006,-0.0063,-0.0100,-0.0026,-0.0002,-0.0132,0.0004,-0.0063,-0.0103,-0.0003,0.0001,0.0277,-0.0020,-0.0006,0.0289,0.0062,0.0026,-0.0000,0.0278,0.0019,0.0007,0.0292,0.0063,0.0020,-0.0000,0.0762,-0.0026,-0.0043,-0.0546,0.0604,0.0000,0.0011,0.0227,0.0544,0.0060,-0.1254,0.2787,0.0017,0.0278,0.0755,-0.0002,-0.1389,-0.1667,0.0074,0.0872,-0.0064,0.0118,-0.0013,0.0148,0.0119,-0.0005,0.1003,-0.0256,0.0005,0.0337,0.0157,0.0070,0.0003,-1.0000,-1.0000,-1.0000,-1.0000,-1.0000,-1.0000,-1.0000,-1.0000,-1.0000,-1.0000,-1.0000,-1.0000,-1.0000,-1.0000,-1.0000,-1.0000,-1.0000,-1.0000,-1.0000,-1.0000,-1.0000,-1.0000,-1.0000,-1.0000,-1.0000,-1.0000,-1.0000,-1.0000,-1.0000,-1.0000,-1.0000,-1.0000,-1.0000,-1.0000,-1.0000,-1.0000,-1.0000,-1.0000,-1.0000,-1.0000,-1.0000,-1.0000,-1.0000,-1.0000,-1.0000,-1.0000,-1.0000,-1.0000,-1.0000,-1.0000,-1.0000,-1.0000,-1.0000,-1.0000,-1.0000,-1.0000,-1.0000,-1.0000,-1.0000,-1.0000,-1.0000,-1.0000,-1.0000,-1.0000,-1.0000,-1.0000,-1.0000,-1.0000,-1.0000,-1.0000,-1.0000,-1.0000,-1.0000,-1.0000,-1.0000,-1.0000,-1.0000,-1.0000,-1.0000,-1.0000,-1.0000,-1.0000,-1.0000,-1.0000,-1.0000,-1.0000,-1.0000,-1.0000,-1.0000,-1.0000,-1.0000,-1.0000,-1.0000,-1.0000,-1.0000,-1.0000,-1.0000,-1.0000,-1.0000,-1.0000,-1.0000,-1.0000,-1.0000,-1.0000,-1.0000,-1.0000,-1.0000,-1.0000,-1.0000,-1.0000,-1.0000,-1.0000,-1.0000,-1.0000,-1.0000,-1.0000,-1.0000,-1.0000,-1.0000,-1.0000,-1.0000,1.8123,1.7998,1.8026,1.7915,1.8080,1.7870,1.2217,1.3205,1.4693,1.3405,1.2797,1.5305,1.3978,1.4115,1.2523,1.4416,1.3725,1.3922,1.5102,1.4701,1.4307,1.4184,1.3551,1.3743,1.3747,1.2823,1.3063,1.2899,1.2608,1.3113,1.2331,1.1656,1.2202,1.2158,1.1648,1.2428,1.1934,1.2412,1.1647,1.1788,1.3985,1.5156,1.4761,1.4369,1.4233,1.3610,1.3819,1.3793,1.2889,1.3137,1.2976,1.2675,1.3162,1.2407,1.1744,1.2284,1.2242,1.1735,1.2502,1.2021,1.2478,1.1723,1.1872,0,1.0000,-3.8126,0.2856,-2.5528
253,0.5060,-0.2677,0.0196,0.0652,-1.4271,0.1067,0.0057,0.0656,0.2053,0.0000,1.0268,0.9999,-0.0002,0.0149,0.0003,0.0003,-0.0135,0.0006,-0.0063,-0.0100,-0.0026,-0.0002,-0.0132,0.0004,-0.0063,-0.0103,-0.0003,0.0001,0.0277,-0.0020,-0.0006,0.0289,0.0062,0.0026,-0.0000,0.0278,0.0019,0.0007,0.0292,0.0063,0.0020,-0.0000,0.0762,-0.0026,-0.0043,-0.0546,0.0604,0.0000,0.0011,0.0227,0.0544,0.0060,-0.1254,0.2787,0.0017,0.0278,0.0755,-0.0002,-0.1389,-0.1667,0.0074,0.0872,-0.0064,0.0118,-0.0013,0.0148,0.0119,-0.0005,0.1003,-0.0256,0.0005,0.0337,0.0157,0.0070,0.0003,-1.0000,-1.0000,-1.0000,-1.0000,-1.0000,-1.0000,-1.0000,-1.0000,-1.0000,-1.0000,-1.0000,-1.0000,-1.0000,-1.0000,-1.0000,-1.0000,-1.0000,-1.0000,-1.0000,-1.0000,-1.0000,-1.0000,-1.0000,-1.0000,-1.0000,-1.0000,-1.0000,-1.0000,-1.0000,-1.0000,-1.0000,-1.0000,-1.0000,-1.0000,-1.0000,-1.0000,-1.0000,-1.0000,-1.0000,-1.0000,-1.0000,-1.0000,-1.0000,-1.0000,-1.0000,-1.0000,-1.0000,-1.0000,-1.0000,-1.0000,-1.0000,-1.0000,-1.0000,-1.0000,-1.0000,-1.0000,-1.0000,-1.0000,-1.0000,-1.0000,-1.0000,-1.0000,-1.0000,-1.0000,-1.0000,-1.0000,-1.0000,-1.0000,-1.0000,-1.0000,-1.0000,-1.0000,-1.0000,-1.0000,-1.0000,-1.0000,-1.0000,-1.0000,-1.0000,-1.0000,-1.0000,-1.0000,-1.0000,-1.0000,-1.0000,-1.0000,-1.0000,-1.0000,-1.0000,-1.0000,-1.0000,-1.0000,-1.0000,-1.0000,-1.0000,-1.0000,-1.0000,-1.0000,-1.0000,-1.0000,-1.0000,-1.0000,-1.0000,-1.0000,-1.0000,-1.0000,-1.0000,-1.0000,-1.0000,-1.0000,-1.0000,-1.0000,-1.0000,-1.0000,-1.0000,-1.0000,-1.0000,-1.0000,-1.0000,-1.0000,-1.0000,1.8123,1.7998,1.8026,1.7915,1.8080,1.7870,1.2217,1.3205,1.4693,1.3405,1.2797,1.5305,1.3978,1.4115,1.2523,1.4416,1.3725,1.3922,1.5102,1.4701,1.4307,1.4184,1.3551,1.3743,1.3747,1.2823,1.3063,1.2899,1.2608,1.3113,1.2331,1.1656,1.2202,1.2158,1.1648,1.2428,1.1934,1.2412,1.1647,1.1788,1.3985,1.5156,1.4761,1.4369,1.4233,1.3610,1.3819,1.3793,1.2889,1.3137,1.2976,1.2675,1.3162,1.2407,1.1744,1.2284,1.2242,1.1735,1.2502,1.2021,1.2478,1.1723,1.1872,0,1.0000,-3.8126,0.2856,-2.5528
254,0.5080,-0.2705,0.0198,0.0652,-1.4272,0.1067,0.0051,0.0656,0.2054,0.0000,1.0267,0.9999,-0.0003,0.0150,0.0003,0.0003,-0.0134,0.0007,-0.0063,-0.0103,-0.0017,-0.0002,-0.0132,0.0005,-0.0063,-0.0106,-0.0005,0.0001,0.0279,-0.0020,-0.0005,0.0289,0.0062,0.0026,-0.0000,0.0280,0.0018,0.0007,0.0293,0.0063,0.0020,-0.0000,0.0765,-0.0034,-0.0048,-0.0641,0.0614,-0.0001,0.0006,0.0220,0.0585,0.0056,-0.1252,0.4417,0.0012,0.0252,0.0850,0.0006,-0.1203,-0.1084,0.0083,0.0845,-0.0075,0.0128,-0.0043,0.0148,0.0118,-0.0005,0.0998,-0.0282,0.0008,0.0356,0.0158,0.0061,0.0003,-1.0000,-1.0000,-1.0000,-1.0000,-1.0000,-1.0000,-1.0000,-1.0000,-1.0000,-1.0000,-1.0000,-1.0000,-1.0000,-1.0000,-1.0000,-1.0000,-1.0000,-1.0000,-1.0000,-1.0000,-1.0000,-1.0000,-1.0000,-1.0000,-1.0000,-1.0000,-1.0000,-1.0000,-1.0000,-1.0000,-1.0000,-1.0000,-1.0000,-1.0000,-1.0000,-1.0000,-1.0000,-1.0000,-1.0000,-1.0000,-1.0000,-1.0000,-1.0000,-1.0000,-1.0000,-1.0000,-1.0000,-1.0000,-1.0000,-1.0000,-1.0000,-1.0000,-1.0000,-1.0000,-1.0000,-1.0000,-1.0000,-1.0000,-1.0000,-1.0000,-1.0000,-1.0000,-1.0000,-1.0000,-1.0000,-1.0000,-1.0000,-1.0000,-1.0000,-1.0000,-1.0000,-1.0000,-1.0000,-1.0000,-1.0000,-1.0000,-1.0000,-1.0000,-1.0000,-1.0000,-1.0000,-1.0000,-1.0000,-1.0000,-1.0000,-1.0000,-1.0000,-1.0000,-1.0000,-1.0000,-1.0000,-1.0000,-1.0000,-1.0000,-1.0000,-1.0000,-1.0000,-1.0000,-1.0000,-1.0000,-1.0000,-1.0000,-1.0000,-1.0000,-1.0000,-1.0000,-1.0000,-1.0000,-1.0000,-1.0000,-1.0000,-1.0000,-1.0000,-1.0000,-1.0000,-1.0000,-1.0000,-1.0000,-1.0000,-1.0000,-1.0000,1.8132,1.8008,1.8034,1.7924,1.8090,1.7879,1.2227,1.3218,1.4704,1.3414,1.2810,1.5314,1.3987,1.4127,1.2533,1.4424,1.3737,1.3933,1.5112,1.4711,1.4318,1.4194,1.3560,1.3752,1.3758,1.2834,1.3072,1.2909,1.2617,1.3123,1.2341,1.1666,1.2215,1.2169,1.1660,1.2440,1.1945,1.2425,1.1660,1.1801,1.3997,1.5167,1.4772,1.4381,1.4245,1.3620,1.3830,1.3805,1.2901,1.3147,1.2987,1.2685,1.3172,1.2418,1.1756,1.2298,1.2255,1.1748,1.2516,1.2033,1.2491,1.1737,1.1886,0,1.0000,-3.8126,0.2856,-2.5528
255,0.5100,-0.2734,0.0200,0.0652,-1.4273,0.1068,0.0046,0.0656,0.2056,0.0000,1.0267,0.9999,-0.0003,0.0150,0.0003,0.0003,-0.0134,0.0007,-0.0062,-0.0105,-0.0008,-0.0002,-0.0132,0.0006,-0.0062,-0.0105,-0.0007,0.0001,0.0281,-0.0020,-0.0005,0.0289,0.0062,0.0026,-0.0000,0.0282,0.0018,0.0007,0.0293,0.0063,0.0021,-0.0000,0.0768,-0.0018,-0.0058,-0.0315,0.0617,0.0015,-0.0008,0.0206,0.0180,0.0053,-0.1009,0.4337,0.0007,0.0090,0.0433,0.0135,0.0154,-0.0842,0.0028,0.0869,0.0050,0.0082,0.0066,0.0146,0.0122,-0.0005,0.0932,-0.0173,-0.0044,0.0218,0.0154,0.0047,0.0003,-1.0000,-1.0000,-1.0000,-1.0000,-1.0000,-1.0000,-1.0000,-1.0000,-1.0000,-1.0000,-1.0000,-1.0000,-1.0000,-1.0000,-1.0000,-1.0000,-1.0000,-1.0000,-1.0000,-1.0000,-1.0000,-1.0000,-1.0000,-1.0000,-1.0000,-1.0000,-1.0000,-1.0000,-1.0000,-1.0000,-1.0000,-1.0000,-1.0000,-1.0000,-1.0000,-1.0000,-1.0000,-1.0000,-1.0000,-1.0000,-1.0000,-1.0000,-1.0000,-1.0000,-1.0000,-1.0000,-1.0000,-1.0000,-1.0000,-1.0000,-1.0000,-1.0000,-1.0000,-1.0000,-1.0000,-1.0000,-1.0000,-1.0000,-1.0000,-1.0000,-1.0000,-1.0000,-1.0000,-1.0000,-1.0000,-1.0000,-1.0000,-1.0000,-1.0000,-1.0000,-1.0000,-1.0000,-1.0000,-1.0000,-1.0000,-1.0000,-1.0000,-1.0000,-1.0000,-1.0000,-1.0000,-1.0000,-1.0000,-1.0000,-1.0000,-1.0000,-1.0000,-1.0000,-1.0000,-1.0000,-1.0000,-1.0000,-1.0000,-1.0000,-1.0000,-1.0000,-1.0000,-1.0000,-1.0000,-1.0000,-1.0000,-1.0000,-1.0000,-1.0000,-1.0000,-1.0000,-1.0000,-1.0000,-1.0000,-1.0000,-1.0000,-1.0000,-1.0000,-1.0000,-1.0000,-1.0000,-1.0000,-1.0000,-1.0000,-1.0000,-1.0000,1.8141,1.8018,1.8043,1.7932,1.8100,1.7888,1.2236,1.3231,1.4716,1.3424,1.2823,1.5324,1.3995,1.4140,1.2542,1.4433,1.3749,1.3944,1.5122,1.4721,1.4328,1.4205,1.3569,1.3762,1.3768,1.2845,1.3081,1.2920,1.2627,1.3133,1.2351,1.1677,1.2228,1.2181,1.1671,1.2453,1.1956,1.2437,1.1673,1.1813,1.4009,1.5178,1.4784,1.4392,1.4256,1.3630,1.3841,1.3816,1.2914,1.3158,1.2999,1.2696,1.3183,1.2430,1.1769,1.2312,1.2268,1.1761,1.2530,1.2045,1.2505,1.1751,1.1900,0,1.0000,-3.8126,0.2856,-2.5528
255,0.5100,-0.2734,0.0200,0.0652,-1.4273,0.1068,0.0046,0.0656,0.2056,0.0000,1.0267,0.9999,-0.0003,0.0150,0.0003,0.0003,-0.0134,0.0007,-0.0062,-0.0105,-0.0008,-0.0002,-0.0132,0.0006,-0.0062,-0.0105,-0.0007,0.0001,0.0281,-0.0020,-0.0005,0.0289,0.0062,0.0026,-0.0000,0.0282,0.0018,0.0007,0.0293,0.0063,0.0021,-0.0000,0.0768,-0.0018,-0.0058,-0.0315,0.0617,0.0015,-0.0008,0.0206,0.0180,0.0053,-0.1009,0.4337,0.0007,0.0090,0.0433,0.0135,0.0154,-0.0842,0.0028,0.0869,0.0050,0.0082,0.0066,0.0146,0.0122,-0.0005,0.0932,-0.0173,-0.0044,0.0218,0.0154,0.0047,0.0003,-1.0000,-1.0000,-1.0000,-1.0000,-1.0000,-1.0000,-1.0000,-1.0000,-1.0000,-1.0000,-1.0000,-1.0000,-1.0000,-1.0000,-1.0000,-1.0000,-1.0000,-1.0000,-1.0000,-1.0000,-1.0000,-1.0000,-1.0000,-1.0000,-1.0000,-1.0000,-1.0000,-1.0000,-1.0000,-1.0000,-1.0000,-1.0000,-1.0000,-1.0000,-1.0000,-1.0000,-1.0000,-1.0000,-1.0000,-1.0000,-1.0000,-1.0000,-1.0000,-1.0000,-1.0000,-1.0000,-1.0000,-1.0000,-1.0000,-1.0000,-1.0000,-1.0000,-1.0000,-1.0000,-1.0000,-1.0000,-1.0000,-1.0000,-1.0000,-1.0000,-1.0000,-1.0000,-1.0000,-1.0000,-1.0000,-1.0000,-1.0000,-1.0000,-1.0000,-1.0000,-1.0000,-1.0000,-1.0000,-1.0000,-1.0000,-1.0000,-1.0000,-1.0000,-1.0000,-1.0000,-1.0000,-1.0000,-1.0000,-1.0000,-1.0000,-1.0000,-1.0000,-1.0000,-1.0000,-1.0000,-1.0000,-1.0000,-1.0000,-1.0000,-1.0000,-1.0000,-1.0000,-1.0000,-1.0000,-1.0000,-1.0000,-1.0000,-1.0000,-1.0000,-1.0000,-1.0000,-1.0000,-1.0000,-1.0000,-1.0000,-1.0000,-1.0000,-1.0000,-1.0000,-1.0000,-1.0000,-1.0000,-1.0000,-1.0000,-1.0000,-1.0000,1.8141,1.8018,1.8043,1.7932,1.8100,1.7888,1.2236,1.3231,1.4716,1.3424,1.2823,1.5324,1.3995,1.4140,1.2542,1.4433,1.3749,1.3944,1.5122,1.4721,1.4328,1.4205,1.3569,1.3762,1.3768,1.2845,1.3081,1.2920,1.2627,1.3133,1.2351,1.1677,1.2228,1.2181,1.1671,1.2453,1.1956,1.2437,1.1673,1.1813,1.4009,1.5178,1.4784,1.4392,1.4256,1.3630,1.3841,1.3816,1.2914,1.3158,1.2999,1.2696,1.3183,1.2430,1.1769,1.2312,1.2268,1.1761,1.2530,1.2045,1.2505,1.1751,1.1900,0,1.0000,-3.8126,0.2856,-2.5528
256,0.5120,-0.2763,0.0202,0.0652,-1.4274,0.1068,0.0041,0.0656,0.2057,-0.0000,1.0267,0.9999,-0.0003,0.0151,0.0003,0.0003,-0.0134,0.0007,-0.0062,-0.0106,-0.0000,-0.0002,-0.0131,0.0007,-0.0062,-0.0106,-0.0009,0.0001,0.0282,-0.0020,-0.0005,0.0289,0.0063,0.0026,-0.0000,0.0284,0.0018,0.0007,0.0294,0.0064,0.0021,-0.0000,0.0772,-0.0012,-0.0031,-0.0214,0.0634,0.0019,-0.0015,0.0177,0.0063,0.0055,-0.0828,0.4133,0.0002,0.0124,0.0319,0.0099,-0.0302,-0.1094,0.0011,0.0880,0.0094,0.0067,0.0153,0.0146,0.0125,-0.0005,0.0914,-0.0142,-0.0063,0.0223,0.0154,0.0038,0.0003,-1.0000,-1.0000,-1.0000,-1.0000,-1.0000,-1.0000,-1.0000,-1.0000,-1.0000,-1.0000,-1.0000,-1.0000,-1.0000,-1.0000,-1.0000,-1.0000,-1.0000,-1.0000,-1.0000,-1.0000,-1.0000,-1.0000,-1.0000,-1.0000,-1.0000,-1.0000,-1.0000,-1.0000,-1.0000,-1.0000,-1.0000,-1.0000,-1.0000,-1.0000,-1.0000,-1.0000,-1.0000,-1.0000,-1.0000,-1.0000,-1.0000,-1.0000,-1.0000,-1.0000,-1.0000,-1.0000,-1.0000,-1.0000,-1.0000,-1.0000,-1.0000,-1.0000,-1.0000,-1.0000,-1.0000,-1.0000,-1.0000,-1.0000,-1.0000,-1.0000,-1.0000,-1.0000,-1.0000,-1.0000,-1.0000,-1.0000,-1.0000,-1.0000,-1.0000,-1.0000,-1.0000,-1.0000,-1.0000,-1.0000,-1.0000,-1.0000,-1.0000,-1.0000,-1.0000,-1.0000,-1.0000,-1.0000,-1.0000,-1.0000,-1.0000,-1.0000,-1.0000,-1.0000,-1.0000,-1.0000,-1.0000,-1.0000,-1.0000,-1.0000,-1.0000,-1.0000,-1.0000,-1.0000,-1.0000,-1.0000,-1.0000,-1.0000,-1.0000,-1.0000,-1.0000,-1.0000,-1.0000,-1.0000,-1.0000,-1.0000,-1.0000,-1.0000,-1.0000,-1.0000,-1.0000,-1.0000,-1.0000,-1.0000,-1.0000,-1.0000,-1.0000,1.8151,1.8028,1.8053,1.7941,1.8110,1.7897,1.2246,1.3244,1.4727,1.3433,1.2836,1.5334,1.4004,1.4152,1.2552,1.4441,1.3761,1.3955,1.5132,1.4732,1.4339,1.4215,1.3578,1.3772,1.3779,1.2856,1.3091,1.2930,1.2636,1.3144,1.2361,1.1689,1.2241,1.2192,1.1683,1.2466,1.1967,1.2450,1.1686,1.1826,1.4021,1.5189,1.4795,1.4404,1.4267,1.3640,1.3852,1.3827,1.2926,1.3169,1.3010,1.2707,1.3194,1.2441,1.1781,1.2326,1.2280,1.1774,1.2543,1.2057,1.2518,1.1765,1.1913,0,1.0000,-3.8126,0.2856,-2.5528
256,0.5120,-0.2763,0.0202,0.0652,-1.4274,0.1068,0.0041,0.0656,0.2057,-0.0000,1.0267,0.9999,-0.0003,0.0151,0.0003,0.0003,-0.0134,0.0007,-0.0062,-0.0106,-0.0000,-0.0002,-0.0131,0.0007,-0.0062,-0.0106,-0.0009,0.0001,0.0282,-0.0020,-0.0005,0.0289,0.0063,0.0026,-0.0000,0.0284,0.0018,0.0007,0.0294,0.0064,0.0021,-0.0000,0.0772,-0.0012,-0.0031,-0.0214,0.0634,0.0019,-0.0015,0.0177,0.0063,0.0055,-0.0828,0.4133,0.0002,0.0124,0.0319,0.0099,-0.0302,-0.1094,0.0011,0.0880,0.0094,0.0067,0.0153,0.0146,0.0125,-0.0005,0.0914,-0.0142,-0.0063,0.0223,0.0154,0.0038,0.0003,-1.0000,-1.0000,-1.0000,-1.0000,-1.0000,-1.0000,-1.0000,-1.0000,-1.0000,-1.0000,-1.0000,-1.0000,-1.0000,-1.0000,-1.0000,-1.0000,-1.0000,-1.0000,-1.0000,-1.0000,-1.0000,-1.0000,-1.0000,-1.0000,-1.0000,-1.0000,-1.0000,-1.0000,-1.0000,-1.0000,-1.0000,-1.0000,-1.0000,-1.0000,-1.0000,-1.0000,-1.0000,-1.0000,-1.0000,-1.0000,-1.0000,-1.0000,-1.0000,-1.0000,-1.0000,-1.0000,-1.0000,-1.0000,-1.0000,-1.0000,-1.0000,-1.0000,-1.0000,-1.0000,-1.0000,-1.0000,-1.0000,-1.0000,-1.0000,-1.0000,-1.0000,-1.0000,-1.0000,-1.0000,-1.0000,-1.0000,-1.0000,-1.0000,-1.0000,-1.0000,-1.0000,-1.0000,-1.0000,-1.0000,-1.0000,-1.0000,-1.0000,-1.0000,-1.0000,-1.0000,-1.0000,-1.0000,-1.0000,-1.0000,-1.0000,-1.0000,-1.0000,-1.0000,-1.0000,-1.0000,-1.0000,-1.0000,-1.0000,-1.0000,-1.0000,-1.0000,-1.0000,-1.0000,-1.0000,-1.0000,-1.0000,-1.0000,-1.0000,-1.0000,-1.0000,-1.0000,-1.0000,-1.0000,-1.0000,-1.0000,-1.0000,-1.0000,-1.0000,-1.0000,-1.0000,-1.0000,-1.0000,-1.0000,-1.0000,-1.0000,-1.0000,1.8151,1.8028,1.8053,1.7941,1.8110,1.7897,1.2246,1.3244,1.4727,1.3433,1.2836,1.5334,1.4004,1.4152,1.2552,1.4441,1.3761,1.3955,1.5132,1.4732,1.4339,1.4215,1.3578,1.3772,1.3779,1.2856,1.3091,1.2930,1.2636,1.3144,1.2361,1.1689,1.2241,1.2192,1.1683,1.2466,1.1967,1.2450,1.1686,1.1826,1.4021,1.5189,1.4795,1.4404,1.4267,1.3640,1.3852,1.3827,1.2926,1.3169,1.3010,1.2707,1.3194,1.2441,1.1781,1.2326,1.2280,1.1774,1.2543,1.2057,1.2518,1.1765,1.1913,0,1.0000,-3.8126,0.2856,-2.5528
257,0.5140,-0.2791,0.0205,0.0652,-1.4275,0.1068,0.0036,0.0656,0.2059,-0.0000,1.0267,0.9999,-0.0004,0.0151,0.0003,0.0003,-0.0134,0.0008,-0.0062,-0.0105,0.0006,-0.0002,-0.0131,0.0008,-0.0062,-0.0108,-0.0012,0.0001,0.0284,-0.0020,-0.0005,0.0289,0.0063,0.0027,-0.0000,0.0286,0.0017,0.0007,0.0294,0.0064,0.0021,-0.0000,0.0776,-0.0021,-0.0073,-0.0425,0.0629,0.0011,0.0002,-0.0001,0.0370,0.0216,0.0746,0.3147,0.0003,0.0191,0.0602,0.0052,-0.0751,-0.1505,0.0040,0.0818,0.0030,0.0094,0.0017,0.0147,0.0120,-0.0005,0.0907,-0.0222,-0.0042,0.0227,0.0155,0.0029,0.0003,-1.0000,-1.0000,-1.0000,-1.0000,-1.0000,-1.0000,-1.0000,-1.0000,-1.0000,-1.0000,-1.0000,-1.0000,-1.0000,-1.0000,-1.0000,-1.0000,-1.0000,-1.0000,-1.0000,-1.0000,-1.0000,-1.0000,-1.0000,-1.0000,-1.0000,-1.0000,-1.0000,-1.0000,-1.0000,-1.0000,-1.0000,-1.0000,-1.0000,-1.0000,-1.0000,-1.0000,-1.0000,-1.0000,-1.0000,-1.0000,-1.0000,-1.0000,-1.0000,-1.0000,-1.0000,-1.0000,-1.0000,-1.0000,-1.0000,-1.0000,-1.0000,-1.0000,-1.0000,-1.0000,-1.0000,-1.0000,-1.0000,-1.0000,-1.0000,-1.0000,-1.0000,-1.0000,-1.0000,-1.0000,-1.0000,-1.0000,-1.0000,-1.0000,-1.0000,-1.0000,-1.0000,-1.0000,-1.0000,-1.0000,-1.0000,-1.0000,-1.0000,-1.0000,-1.0000,-1.0000,-1.0000,-1.0000,-1.0000,-1.0000,-1.0000,-1.0000,-1.0000,-1.0000,-1.0000,-1.0000,-1.0000,-1.0000,-1.0000,-1.0000,-1.0000,-1.0000,-1.0000,-1.0000,-1.0000,-1.0000,-1.0000,-1.0000,-1.0000,-1.0000,-1.0000,-1.0000,-1.0000,-1.0000,-1.0000,-1.0000,-1.0000,-1.0000,-1.0000,-1.0000,-1.0000,-1.0000,-1.0000,-1.0000,-1.0000,-1.0000,-1.0000,1.8160,1.8039,1.8062,1.7949,1.8120,1.7907,1.2256,1.3257,1.4739,1.3442,1.2849,1.5344,1.4013,1.4164,1.2562,1.4450,1.3773,1.3966,1.5143,1.4742,1.4350,1.4226,1.3587,1.3782,1.3789,1.2868,1.3101,1.2941,1.2646,1.3154,1.2371,1.1700,1.2254,1.2204,1.1695,1.2479,1.1978,1.2463,1.1699,1.1839,1.4033,1.5201,1.4806,1.4415,1.4279,1.3650,1.3863,1.3838,1.2938,1.3179,1.3022,1.2717,1.3206,1.2452,1.1793,1.2340,1.2293,1.1787,1.2557,1.2069,1.2532,1.1780,1.1927,0,1.0000,-3.8126,0.2856,-2.5528
258,0.5160,-0.2820,0.0207,0.0652,-1.4275,0.1068,0.0032,0.0656,0.2060,-0.0000,1.0267,0.9999,-0.0004,0.0152,0.0003,0.0003,-0.0134,0.0009,-0.0062,-0.0104,0.0008,-0.0002,-0.0131,0.0009,-0.0062,-0.0110,-0.0016,0.0001,0.0286,-0.0020,-0.0005,0.0289,0.0063,0.0027,-0.0000,0.0288,0.0017,0.0007,0.0295,0.0064,0.0021,-0.0000,0.0779,-0.0018,-0.0073,-0.0435,0.0642,0.0011,0.0011,0.0034,0.0486,0.0178,0.0320,0.0888,0.0001,0.0223,0.0624,0.0018,-0.1107,-0.1805,0.0038,0.0802,0.0030,0.0093,0.0023,0.0147,0.0119,-0.0005,0.0890,-0.0236,-0.0049,0.0227,0.0156,0.0020,0.0003,-1.0000,-1.0000,-1.0000,-1.0000,-1.0000,-1.0000,-1.0000,-1.0000,-1.0000,-1.0000,-1.0000,-1.0000,-1.0000,-1.0000,-1.0000,-1.0000,-1.0000,-1.0000,-1.0000,-1.0000,-1.0000,-1.0000,-1.0000,-1.0000,-1.0000,-1.0000,-1.0000,-1.0000,-1.0000,-1.0000,-1.0000,-1.0000,-1.0000,-1.0000,-1.0000,-1.0000,-1.0000,-1.0000,-1.0000,-1.0000,-1.0000,-1.0000,-1.0000,-1.0000,-1.0000,-1.0000,-1.0000,-1.0000,-1.0000,-1.0000,-1.0000,-1.0000,-1.0000,-1.0000,-1.0000,-1.0000,-1.0000,-1.0000,-1.0000,-1.0000,-1.0000,-1.0000,-1.0000,-1.0000,-1.0000,-1.0000,-1.0000,-1.0000,-1.0000,-1.0000,-1.0000,-1.0000,-1.0000,-1.0000,-1.0000,-1.0000,-1.0000,-1.0000,-1.0000,-1.0000,-1.0000,-1.0000,-1.0000,-1.0000,-1.0000,-1.0000,-1.0000,-1.0000,-1.0000,-1.0000,-1.0000,-1.0000,-1.0000,-1.0000,-1.0000,-1.0000,-1.0000,-1.0000,-1.0000,-1.0000,-1.0000,-1.0000,-1.0000,-1.0000,-1.0000,-1.0000,-1.0000,-1.0000,-1.0000,-1.0000,-1.0000,-1.0000,-1.0000,-1.0000,-1.0000,-1.0000,-1.0000,-1.0000,-1.0000,-1.0000,-1.0000,1.8169,1.8049,1.8071,1.7958,1.8129,1.7916,1.2266,1.3269,1.4751,1.3451,1.2862,1.5354,1.4022,1.4176,1.2572,1.4459,1.3786,1.3977,1.5153,1.4753,1.4360,1.4237,1.3597,1.3791,1.3800,1.2879,1.3111,1.2952,1.2656,1.3165,1.2381,1.1711,1.2267,1.2216,1.1708,1.2491,1.1989,1.2476,1.1712,1.1851,1.4044,1.5212,1.4818,1.4427,1.4290,1.3660,1.3874,1.3850,1.2950,1.3190,1.3034,1.2728,1.3217,1.2464,1.1806,1.2354,1.2306,1.1801,1.2571,1.2082,1.2546,1.1794,1.1941,0,1.0000,-3.8126,0.2856,-2.5528
258,0.5160,-0.2820,0.0207,0.0652,-1.4275,0.1068,0.0032,0.0656,0.2060,-0.0000,1.0267,0.9999,-0.0004,0.0152,0.0003,0.0003,-0.0134,0.0009,-0.0062,-0.0104,0.0008,-0.0002,-0.0131,0.0009,-0.0062,-0.0110,-0.0016,0.0001,0.0286,-0.0020,-0.0005,0.0289,0.0063,0.0027,-0.0000,0.0288,0.0017,0.0007,0.0295,0.0064,0.0021,-0.0000,0.0779,-0.0018,-0.0073,-0.0435,0.0642,0.0011,0.0011,0.0034,0.0486,0.0178,0.0320,0.0888,0.0001,0.0223,0.0624,0.0018,-0.1107,-0.1805,0.0038,0.0802,0.0030,0.0093,0.0023,0.0147,0.0119,-0.0005,0.0890,-0.0236,-0.0049,0.0227,0.0156,0.0020,0.0003,-1.0000,-1.0000,-1.0000,-1.0000,-1.0000,-1.0000,-1.0000,-1.0000,-1.0000,-1.0000,-1.0000,-1.0000,-1.0000,-1.0000,-1.0000,-1.0000,-1.0000,-1.0000,-1.0000,-1.0000,-1.0000,-1.0000,-1.0000,-1.0000,-1.0000,-1.0000,-1.0000,-1.0000,-1.0000,-1.0000,-1.0000,-1.0000,-1.0000,-1.0000,-1.0000,-1.0000,-1.0000,-1.0000,-1.0000,-1.0000,-1.0000,-1.0000,-1.0000,-1.0000,-1.0000,-1.0000,-1.0000,-1.0000,-1.0000,-1.0000,-1.0000,-1.0000,-1.0000,-1.0000,-1.0000,-1.0000,-1.0000,-1.0000,-1.0000,-1.0000,-1.0000,-1.0000,-1.0000,-1.0000,-1.0000,-1.0000,-1.0000,-1.0000,-1.0000,-1.0000,-1.0000,-1.0000,-1.0000,-1.0000,-1.0000,-1.0000,-1.0000,-1.0000,-1.0000,-1.0000,-1.0000,-1.0000,-1.0000,-1.0000,-1.0000,-1.0000,-1.0000,-1.0000,-1.0000,-1.0000,-1.0000,-1.0000,-1.0000,-1.0000,-1.0000,-1.0000,-1.0000,-1.0000,-1.0000,-1.0000,-1.0000,-1.0000,-1.0000,-1.0000,-1.0000,-1.0000,-1.0000,-1.0000,-1.0000,-1.0000,-1.0000,-1.0000,-1.0000,-1.0000,-1.0000,-1.0000,-1.0000,-1.0000,-1.0000,-1.0000,-1.0000,1.8169,1.8049,1.8071,1.7958,1.8129,1.7916,1.2266,1.3269,1.4751,1.3451,1.2862,1.5354,1.4022,1.4176,1.2572,1.4459,1.3786,1.3977,1.5153,1.4753,1.4360,1.4237,1.3597,1.3791,1.3800,1.2879,1.3111,1.2952,1.2656,1.3165,1.2381,1.1711,1.2267,1.2216,1.1708,1.2491,1.1989,1.2476,1.1712,1.1851,1.4044,1.5212,1.4818,1.4427,1.4290,1.3660,1.3874,1.3850,1.2950,1.3190,1.3034,1.2728,1.3217,1.2464,1.1806,1.2354,1.2306,1.1801,1.2571,1.2082,1.2546,1.1794,1.1941,0,1.0000,-3.8126,0.2856,-2.5528
259,0.5180,-0.2848,0.0209,0.0652,-1.4276,0.1068,0.0028,0.0656,0.2062,-0.0000,1.0267,0.9999,-0.0005,0.0153,0.0003,0.0003,-0.0133,0.0010,-0.0061,-0.0105,0.0006,-0.0002,-0.0130,0.0011,-0.0062,-0.0113,-0.0020,0.0001,0.0287,-0.0020,-0.0004,0.0289,0.0064,0.0027,-0.0000,0.0289,0.0016,0.0007,0.0295,0.0064,0.0021,-0.0000,0.0782,-0.0015,-0.0071,-0.0433,0.0655,0.0012,0.0019,0.0077,0.0569,0.0133,-0.0167,-0.0972,-0.0001,0.0248,0.0632,-0.0011,-0.1410,-0.2090,0.0034,0.0787,0.0033,0.0089,0.0035,0.0147,0.0119,-0.0005,0.0872,-0.0245,-0.0057,0.0224,0.0156,0.0011,0.0003,-1.0000,-1.0000,-1.0000,-1.0000,-1.0000,-1.0000,-1.0000,-1.0000,-1.0000,-1.0000,-1.0000,-1.0000,-1.0000,-1.0000,-1.0000,-1.0000,-1.0000,-1.0000,-1.0000,-1.0000,-1.0000,-1.0000,-1.0000,-1.0000,-1.0000,-1.0000,-1.0000,-1.0000,-1.0000,-1.0000,-1.0000,-1.0000,-1.0000,-1.0000,-1.0000,-1.0000,-1.0000,-1.0000,-1.0000,-1.0000,-1.0000,-1.0000,-1.0000,-1.0000,-1.0000,-1.0000,-1.0000,-1.0000,-1.0000,-1.0000,-1.0000,-1.0000,-1.0000,-1.0000,-1.0000,-1.0000,-1.0000,-1.0000,-1.0000,-1.0000,-1.0000,-1.0000,-1.0000,-1.0000,-1.0000,-1.0000,-1.0000,-1.0000,-1.0000,-1.0000,-1.0000,-1.0000,-1.0000,-1.0000,-1.0000,-1.0000,-1.0000,-1.0000,-1.0000,-1.0000,-1.0000,-1.0000,-1.0000,-1.0000,-1.0000,-1.0000,-1.0000,-1.0000,-1.0000,-1.0000,-1.0000,-1.0000,-1.0000,-1.0000,-1.0000,-1.0000,-1.0000,-1.0000,-1.0000,-1.0000,-1.0000,-1.0000,-1.0000,-1.0000,-1.0000,-1.0000,-1.0000,-1.0000,-1.0000,-1.0000,-1.0000,-1.0000,-1.0000,-1.0000,-1.0000,-1.0000,-1.0000,-1.0000,-1.0000,-1.0000,-1.0000,1.8179,1.8060,1.8080,1.7967,1.8139,1.7925,1.2276,1.3282,1.4762,1.3460,1.2875,1.5364,1.4031,1.4188,1.2582,1.4467,1.3798,1.3988,1.5164,1.4764,1.4371,1.4248,1.3606,1.3801,1.3811,1.2891,1.3120,1.2962,1.2666,1.3175,1.2392,1.1722,1.2280,1.2227,1.1720,1.2504,1.2000,1.2489,1.1726,1.1864,1.4056,1.5223,1.4829,1.4439,1.4302,1.3670,1.3885,1.3861,1.2963,1.3201,1.3046,1.2739,1.3228,1.2475,1.1819,1.2369,1.2319,1.1814,1.2585,1.2094,1.2559,1.1808,1.1955,0,1.0000,-3.8126,0.2856,-2.5528
259,0.5180,-0.2848,0.0209,0.0652,-1.4276,0.1068,0.0028,0.0656,0.2062,-0.0000,1.0267,0.9999,-0.0005,0.0153,0.0003,0.0003,-0.0133,0.0010,-0.0061,-0.0105,0.0006,-0.0002,-0.0130,0.0011,-0.0062,-0.0113,-0.0020,0.0001,0.0287,-0.0020,-0.0004,0.0289,0.0064,0.0027,-0.0000,0.0289,0.0016,0.0007,0.0295,0.0064,0.0021,-0.0000,0.0782,-0.0015,-0.0071,-0.0433,0.0655,0.0012,0.0019,0.0077,0.0569,0.0133,-0.0167,-0.0972,-0.0001,0.0248,0.0632,-0.0011,-0.1410,-0.2090,0.0034,0.0787,0.0033,0.0089,0.0035,0.0147,0.0119,-0.0005,0.0872,-0.0245,-0.0057,0.0224,0.0156,0.0011,0.0003,-1.0000,-1.0000,-1.0000,-1.0000,-1.0000,-1.0000,-1.0000,-1.0000,-1.0000,-1.0000,-1.0000,-1.0000,-1.0000,-1.0000,-1.0000,-1.0000,-1.0000,-1.0000,-1.0000,-1.0000,-1.0000,-1.0000,-1.0000,-1.0000,-1.0000,-1.0000,-1.0000,-1.0000,-1.0000,-1.0000,-1.0000,-1.0000,-1.0000,-1.0000,-1.0000,-1.0000,-1.0000,-1.0000,-1.0000,-1.0000,-1.0000,-1.0000,-1.0000,-1.0000,-1.0000,-1.0000,-1.0000,-1.0000,-1.0000,-1.0000,-1.0000,-1.0000,-1.0000,-1.0000,-1.0000,-1.0000,-1.0000,-1.0000,-1.0000,-1.0000,-1.0000,-1.0000,-1.0000,-1.0000,-1.0000,-1.0000,-1.0000,-1.0000,-1.0000,-1.0000,-1.0000,-1.0000,-1.0000,-1.0000,-1.0000,-1.0000,-1.0000,-1.0000,-1.0000,-1.0000,-1.0000,-1.0000,-1.0000,-1.0000,-1.0000,-1.0000,-1.0000,-1.0000,-1.0000,-1.0000,-1.0000,-1.0000,-1.0000,-1.0000,-1.0000,-1.0000,-1.0000,-1.0000,-1.0000,-1.0000,-1.0000,-1.0000,-1.0000,-1.0000,-1.0000,-1.0000,-1.0000,-1.0000,-1.0000,-1.0000,-1.0000,-1.0000,-1.0000,-1.0000,-1.0000,-1.0000,-1.0000,-1.0000,-1.0000,-1.0000,-1.0000,1.8179,1.8060,1.8080,1.7967,1.8139,1.7925,1.2276,1.3282,1.4762,1.3460,1.2875,1.5364,1.4031,1.4188,1.2582,1.4467,1.3798,1.3988,1.5164,1.4764,1.4371,1.4248,1.3606,1.3801,1.3811,1.2891,1.3120,1.2962,1.2666,1.3175,1.2392,1.1722,1.2280,1.2227,1.1720,1.2504,1.2000,1.2489,1.1726,1.1864,1.4056,1.5223,1.4829,1.4439,1.4302,1.3670,1.3885,1.3861,1.2963,1.3201,1.3046,1.2739,1.3228,1.2475,1.1819,1.2369,1.2319,1.1814,1.2585,1.2094,1.2559,1.1808,1.1955,0,1.0000,-3.8126,0.2856,-2.5528
260,0.5200,-0.2877,0.0211,0.0652,-1.4277,0.1068,0.0025,0.0656,0.2063,-0.0000,1.0267,0.9999,-0.0005,0.0153,0.0003,0.0003,-0.0133,0.0011,-0.0061,-0.0106,0.0000,-0.0002,-0.0130,0.0012,-0.0062,-0.0115,-0.0020,0.0001,0.0289,-0.0020,-0.0004,0.0289,0.0064,0.0027,-0.0000,0.0291,0.0016,0.0007,0.0296,0.0065,0.0021,-0.0000,0.0785,-0.0011,-0.0090,-0.0372,0.0663,0.0016,0.0026,0.0121,0.0580,0.0091,-0.0590,-0.2772,-0.0008,0.0238,0.0463,-0.0008,-0.1380,-0.0182,0.0021,0.0770,0.0065,0.0079,0.0033,0.0147,0.0118,-0.0005,0.0836,-0.0228,-0.0072,0.0165,0.0155,0.0001,0.0003,-1.0000,-1.0000,-1.0000,-1.0000,-1.0000,-1.0000,-1.0000,-1.0000,-1.0000,-1.0000,-1.0000,-1.0000,-1.0000,-1.0000,-1.0000,-1.0000,-1.0000,-1.0000,-1.0000,-1.0000,-1.0000,-1.0000,-1.0000,-1.0000,-1.0000,-1.0000,-1.0000,-1.0000,-1.0000,-1.0000,-1.0000,-1.0000,-1.0000,-1.0000,-1.0000,-1.0000,-1.0000,-1.0000,-1.0000,-1.0000,-1.0000,-1.0000,-1.0000,-1.0000,-1.0000,-1.0000,-1.0000,-1.0000,-1.0000,-1.0000,-1.0000,-1.0000,-1.0000,-1.0000,-1.0000,-1.0000,-1.0000,-1.0000,-1.0000,-1.0000,-1.0000,-1.0000,-1.0000,-1.0000,-1.0000,-1.0000,-1.0000,-1.0000,-1.0000,-1.0000,-1.0000,-1.0000,-1.0000,-1.0000,-1.0000,-1.0000,-1.0000,-1.0000,-1.0000,-1.0000,-1.0000,-1.0000,-1.0000,-1.0000,-1.0000,-1.0000,-1.0000,-1.0000,-1.0000,-1.0000,-1.0000,-1.0000,-1.0000,-1.0000,-1.0000,-1.0000,-1.0000,-1.0000,-1.0000,-1.0000,-1.0000,-1.0000,-1.0000,-1.0000,-1.0000,-1.0000,-1.0000,-1.0000,-1.0000,-1.0000,-1.0000,-1.0000,-1.0000,-1.0000,-1.0000,-1.0000,-1.0000,-1.0000,-1.0000,-1.0000,-1.0000,1.8188,1.8070,1.8089,1.7975,1.8149,1.7935,1.2286,1.3296,1.4774,1.3470,1.2888,1.5374,1.4039,1.4201,1.2592,1.4476,1.3811,1.3999,1.5174,1.4774,1.4382,1.4259,1.3615,1.3811,1.3822,1.2902,1.3130,1.2973,1.2676,1.3186,1.2402,1.1734,1.2293,1.2239,1.1732,1.2517,1.2011,1.2502,1.1739,1.1877,1.4069,1.5234,1.4841,1.4451,1.4314,1.3681,1.3896,1.3873,1.2976,1.3212,1.3057,1.2750,1.3239,1.2487,1.1831,1.2383,1.2332,1.1827,1.2599,1.2106,1.2573,1.1823,1.1969,0,1.0000,-3.8126,0.2856,-2.5528
261,0.5220,-0.2905,0.0213,0.0652,-1.4277,0.1068,0.0022,0.0656,0.2065,-0.0000,1.0267,0.9999,-0.0006,0.0154,0.0003,0.0003,-0.0133,0.0013,-0.0061,-0.0108,-0.0008,-0.0002,-0.0129,0.0013,-0.0062,-0.0118,-0.0020,0.0001,0.0290,-0.0019,-0.0004,0.0289,0.0064,0.0028,-0.0000,0.0293,0.0015,0.0007,0.0296,0.0065,0.0021,-0.0000,0.0788,-0.0012,-0.0079,-0.0445,0.0677,0.0014,0.0030,0.0148,0.0743,0.0059,-0.0919,-0.4257,-0.0012,0.0208,0.0529,-0.0001,-0.1185,0.0268,0.0028,0.0748,0.0046,0.0086,0.0034,0.0147,0.0117,-0.0005,0.0831,-0.0259,-0.0069,0.0206,0.0156,-0.0006,0.0003,-1.0000,-1.0000,-1.0000,-1.0000,-1.0000,-1.0000,-1.0000,-1.0000,-1.0000,-1.0000,-1.0000,-1.0000,-1.0000,-1.0000,-1.0000,-1.0000,-1.0000,-1.0000,-1.0000,-1.0000,-1.0000,-1.0000,-1.0000,-1.0000,-1.0000,-1.0000,-1.0000,-1.0000,-1.0000,-1.0000,-1.0000,-1.0000,-1.0000,-1.0000,-1.0000,-1.0000,-1.0000,-1.0000,-1.0000,-1.0000,-1.0000,-1.0000,-1.0000,-1.0000,-1.0000,-1.0000,-1.0000,-1.0000,-1.0000,-1.0000,-1.0000,-1.0000,-1.0000,-1.0000,-1.0000,-1.0000,-1.0000,-1.0000,-1.0000,-1.0000,-1.0000,-1.0000,-1.0000,-1.0000,-1.0000,-1.0000,-1.0000,-1.0000,-1.0000,-1.0000,-1.0000,-1.0000,-1.0000,-1.0000,-1.0000,-1.0000,-1.0000,-1.0000,-1.0000,-1.0000,-1.0000,-1.0000,-1.0000,-1.0000,-1.0000,-1.0000,-1.0000,-1.0000,-1.0000,-1.0000,-1.0000,-1.0000,-1.0000,-1.0000,-1.0000,-1.0000,-1.0000,-1.0000,-1.0000,-1.0000,-1.0000,-1.0000,-1.0000,-1.0000,-1.0000,-1.0000,-1.0000,-1.0000,-1.0000,-1.0000,-1.0000,-1.0000,-1.0000,-1.0000,-1.0000,-1.0000,-1.0000,-1.0000,-1.0000,-1.0000,-1.0000,1.8198,1.8081,1.8099,1.7984,1.8159,1.7945,1.2296,1.3309,1.4786,1.3479,1.2902,1.5385,1.4048,1.4213,1.2602,1.4485,1.3823,1.4010,1.5185,1.4785,1.4393,1.4270,1.3625,1.3821,1.3833,1.2914,1.3140,1.2984,1.2686,1.3196,1.2413,1.1745,1.2306,1.2251,1.1744,1.2531,1.2022,1.2515,1.1752,1.1890,1.4081,1.5246,1.4853,1.4463,1.4325,1.3691,1.3907,1.3884,1.2988,1.3223,1.3069,1.2761,1.3250,1.2498,1.1844,1.2397,1.2345,1.1841,1.2613,1.2119,1.2587,1.1837,1.1983,0,1.0000,-3.8126,0.2856,-2.5528
261,0.5220,-0.2905,0.0213,0.0652,-1.4277,0.1068,0.0022,0.0656,0.2065,-0.0000,1.0267,0.9999,-0.0006,0.0154,0.0003,0.0003,-0.0133,0.0013,-0.0061,-0.0108,-0.0008,-0.0002,-0.0129,0.0013,-0.0062,-0.0118,-0.0020,0.0001,0.0290,-0.0019,-0.0004,0.0289,0.0064,0.0028,-0.0000,0.0293,0.0015,0.0007,0.0296,0.0065,0.0021,-0.0000,0.0788,-0.0012,-0.0079,-0.0445,0.0677,0.0014,0.0030,0.0148,0.0743,0.0059,-0.0919,-0.4257,-0.0012,0.0208,0.0529,-0.0001,-0.1185,0.0268,0.0028,0.0748,0.0046,0.0086,0.0034,0.0147,0.0117,-0.0005,0.0831,-0.0259,-0.0069,0.0206,0.0156,-0.0006,0.0003,-1.0000,-1.0000,-1.0000,-1.0000,-1.0000,-1.0000,-1.0000,-1.0000,-1.0000,-1.0000,-1.0000,-1.0000,-1.0000,-1.0000,-1.0000,-1.0000,-1.0000,-1.0000,-1.0000,-1.0000,-1.0000,-1.0000,-1.0000,-1.0000,-1.0000,-1.0000,-1.0000,-1.0000,-1.0000,-1.0000,-1.0000,-1.0000,-1.0000,-1.0000,-1.0000,-1.0000,-1.0000,-1.0000,-1.0000,-1.0000,-1.0000,-1.0000,-1.0000,-1.0000,-1.0000,-1.0000,-1.0000,-1.0000,-1.0000,-1.0000,-1.0000,-1.0000,-1.0000,-1.0000,-1.0000,-1.0000,-1.0000,-1.0000,-1.0000,-1.0000,-1.0000,-1.0000,-1.0000,-1.0000,-1.0000,-1.0000,-1.0000,-1.0000,-1.0000,-1.0000,-1.0000,-1.0000,-1.0000,-1.0000,-1.0000,-1.0000,-1.0000,-1.0000,-1.0000,-1.0000,-1.0000,-1.0000,-1.0000,-1.0000,-1.0000,-1.0000,-1.0000,-1.0000,-1.0000,-1.0000,-1.0000,-1.0000,-1.0000,-1.0000,-1.0000,-1.0000,-1.0000,-1.0000,-1.0000,-1.0000,-1.0000,-1.0000,-1.0000,-1.0000,-1.0000,-1.0000,-1.0000,-1.0000,-1.0000,-1.0000,-1.0000,-1.0000,-1.0000,-1.0000,-1.0000,-1.0000,-1.0000,-1.0000,-1.0000,-1.0000,-1.0000,1.8198,1.8081,1.8099,1.7984,1.8159,1.7945,1.2296,1.3309,1.4786,1.3479,1.2902,1.5385,1.4048,1.4213,1.2602,1.4485,1.3823,1.4010,1.5185,1.4785,1.4393,1.4270,1.3625,1.3821,1.3833,1.2914,1.3140,1.2984,1.2686,1.3196,1.2413,1.1745,1.2306,1.2251,1.1744,1.2531,1.2022,1.2515,1.1752,1.1890,1.4081,1.5246,1.4853,1.4463,1.4325,1.3691,1.3907,1.3884,1.2988,1.3223,1.3069,1.2761,1.3250,1.2498,1.1844,1.2397,1.2345,1.1841,1.2613,1.2119,1.2587,1.1837,1.1983,0,1.0000,-3.8126,0.2856,-2.5528
262,0.5240,-0.2934,0.0215,0.0652,-1.4278,0.1068,0.0019,0.0656,0.2067,-0.0000,1.0266,0.9999,-0.0006,0.0155,0.0003,0.0003,-0.0132,0.0014,-0.0061,-0.0111,-0.0018,-0.0002,-0.0129,0.0014,-0.0062,-0.0120,-0.0019,0.0001,0.0292,-0.0019,-0.0004,0.0290,0.0064,0.0028,-0.0000,0.0294,0.0015,0.0006,0.0297,0.0065,0.0021,-0.0000,0.0792,-0.0011,-0.0058,-0.0443,0.0695,0.0016,0.0028,0.0198,0.0778,0.0004,-0.1451,-0.5045,-0.0016,0.0175,0.0506,0.0007,-0.1028,0.0633,0.0023,0.0740,0.0054,0.0083,0.0078,0.0147,0.0117,-0.0005,0.0819,-0.0262,-0.0076,0.0235,0.0156,-0.0013,0.0002,-1.0000,-1.0000,-1.0000,-1.0000,-1.0000,-1.0000,-1.0000,-1.0000,-1.0000,-1.0000,-1.0000,-1.0000,-1.0000,-1.0000,-1.0000,-1.0000,-1.0000,-1.0000,-1.0000,-1.0000,-1.0000,-1.0000,-1.0000,-1.0000,-1.0000,-1.0000,-1.0000,-1.0000,-1.0000,-1.0000,-1.0000,-1.0000,-1.0000,-1.0000,-1.0000,-1.0000,-1.0000,-1.0000,-1.0000,-1.0000,-1.0000,-1.0000,-1.0000,-1.0000,-1.0000,-1.0000,-1.0000,-1.0000,-1.0000,-1.0000,-1.0000,-1.0000,-1.0000,-1.0000,-1.0000,-1.0000,-1.0000,-1.0000,-1.0000,-1.0000,-1.0000,-1.0000,-1.0000,-1.0000,-1.0000,-1.0000,-1.0000,-1.0000,-1.0000,-1.0000,-1.0000,-1.0000,-1.0000,-1.0000,-1.0000,-1.0000,-1.0000,-1.0000,-1.0000,-1.0000,-1.0000,-1.0000,-1.0000,-1.0000,-1.0000,-1.0000,-1.0000,-1.0000,-1.0000,-1.0000,-1.0000,-1.0000,-1.0000,-1.0000,-1.0000,-1.0000,-1.0000,-1.0000,-1.0000,-1.0000,-1.0000,-1.0000,-1.0000,-1.0000,-1.0000,-1.0000,-1.0000,-1.0000,-1.0000,-1.0000,-1.0000,-1.0000,-1.0000,-1.0000,-1.0000,-1.0000,-1.0000,-1.0000,-1.0000,-1.0000,-1.0000,1.8207,1.8091,1.8108,1.7993,1.8170,1.7954,1.2306,1.3322,1.4798,1.3489,1.2915,1.5395,1.4057,1.4225,1.2612,1.4494,1.3836,1.4022,1.5196,1.4796,1.4404,1.4281,1.3634,1.3831,1.3844,1.2926,1.3150,1.2995,1.2696,1.3207,1.2423,1.1757,1.2320,1.2263,1.1757,1.2544,1.2034,1.2528,1.1766,1.1903,1.4093,1.5257,1.4864,1.4474,1.4337,1.3701,1.3918,1.3896,1.3001,1.3234,1.3081,1.2772,1.3262,1.2510,1.1857,1.2412,1.2358,1.1854,1.2628,1.2131,1.2601,1.1852,1.1997,0,1.0000,-3.8126,0.2856,-2.5528
262,0.5240,-0.2934,0.0215,0.0652,-1.4278,0.1068,0.0019,0.0656,0.2067,-0.0000,1.0266,0.9999,-0.0006,0.0155,0.0003,0.0003,-0.0132,0.0014,-0.0061,-0.0111,-0.0018,-0.0002,-0.0129,0.0014,-0.0062,-0.0120,-0.0019,0.0001,0.0292,-0.0019,-0.0004,0.0290,0.0064,0.0028,-0.0000,0.0294,0.0015,0.0006,0.0297,0.0065,0.0021,-0.0000,0.0792,-0.0011,-0.0058,-0.0443,0.0695,0.0016,0.0028,0.0198,0.0778,0.0004,-0.1451,-0.5045,-0.0016,0.0175,0.0506,0.0007,-0.1028,0.0633,0.0023,0.0740,0.0054,0.0083,0.0078,0.0147,0.0117,-0.0005,0.0819,-0.0262,-0.0076,0.0235,0.0156,-0.0013,0.0002,-1.0000,-1.0000,-1.0000,-1.0000,-1.0000,-1.0000,-1.0000,-1.0000,-1.0000,-1.0000,-1.0000,-1.0000,-1.0000,-1.0000,-1.0000,-1.0000,-1.0000,-1.0000,-1.0000,-1.0000,-1.0000,-1.0000,-1.0000,-1.0000,-1.0000,-1.0000,-1.0000,-1.0000,-1.0000,-1.0000,-1.0000,-1.0000,-1.0000,-1.0000,-1.0000,-1.0000,-1.0000,-1.0000,-1.0000,-1.0000,-1.0000,-1.0000,-1.0000,-1.0000,-1.0000,-1.0000,-1.0000,-1.0000,-1.0000,-1.0000,-1.0000,-1.0000,-1.0000,-1.0000,-1.0000,-1.0000,-1.0000,-1.0000,-1.0000,-1.0000,-1.0000,-1.0000,-1.0000,-1.0000,-1.0000,-1.0000,-1.0000,-1.0000,-1.0000,-1.0000,-1.0000,-1.0000,-1.0000,-1.0000,-1.0000,-1.0000,-1.0000,-1.0000,-1.0000,-1.0000,-1.0000,-1.0000,-1.0000,-1.0000,-1.0000,-1.0000,-1.0000,-1.0000,-1.0000,-1.0000,-1.0000,-1.0000,-1.0000,-1.0000,-1.0000,-1.0000,-1.0000,-1.0000,-1.0000,-1.0000,-1.0000,-1.0000,-1.0000,-1.0000,-1.0000,-1.0000,-1.0000,-1.0000,-1.0000,-1.0000,-1.0000,-1.0000,-1.0000,-1.0000,-1.0000,-1.0000,-1.0000,-1.0000,-1.0000,-1.0000,-1.0000,1.8207,1.8091,1.8108,1.7993,1.8170,1.7954,1.2306,1.3322,1.4798,1.3489,1.2915,1.5395,1.4057,1.4225,1.2612,1.4494,1.3836,1.4022,1.5196,1.4796,1.4404,1.4281,1.3634,1.3831,1.3844,1.2926,1.3150,1.2995,1.2696,1.3207,1.2423,1.1757,1.2320,1.2263,1.1757,1.2544,1.2034,1.2528,1.1766,1.1903,1.4093,1.5257,1.4864,1.4474,1.4337,1.3701,1.3918,1.3896,1.3001,1.3234,1.3081,1.2772,1.3262,1.2510,1.1857,1.2412,1.2358,1.1854,1.2628,1.2131,1.2601,1.1852,1.1997,0,1.0000,-3.8126,0.2856,-2.5528
263,0.5260,-0.2962,0.0217,0.0652,-1.4278,0.1068,0.0016,0.0656,0.2068,-0.0000,1.0266,0.9999,-0.0006,0.0156,0.0003,0.0003,-0.0132,0.0016,-0.0061,-0.0114,-0.0029,-0.0002,-0.0129,0.0014,-0.0062,-0.0122,-0.0017,0.0001,0.0293,-0.0019,-0.0004,0.0290,0.0065,0.0028,-0.0000,0.0296,0.0014,0.0006,0.0297,0.0066,0.0021,-0.0000,0.0795,-0.0007,-0.0031,-0.0395,0.0713,0.0020,0.0021,0.0239,0.0728,-0.0048,-0.1897,-0.5204,-0.0020,0.0144,0.0430,0.0014,-0.0903,0.0928,0.0012,0.0739,0.0079,0.0074,0.0145,0.0147,0.0118,-0.0005,0.0803,-0.0247,-0.0088,0.0254,0.0156,-0.0020,0.0002,-1.0000,-1.0000,-1.0000,-1.0000,-1.0000,-1.0000,-1.0000,-1.0000,-1.0000,-1.0000,-1.0000,-1.0000,-1.0000,-1.0000,-1.0000,-1.0000,-1.0000,-1.0000,-1.0000,-1.0000,-1.0000,-1.0000,-1.0000,-1.0000,-1.0000,-1.0000,-1.0000,-1.0000,-1.0000,-1.0000,-1.0000,-1.0000,-1.0000,-1.0000,-1.0000,-1.0000,-1.0000,-1.0000,-1.0000,-1.0000,-1.0000,-1.0000,-1.0000,-1.0000,-1.0000,-1.0000,-1.0000,-1.0000,-1.0000,-1.0000,-1.0000,-1.0000,-1.0000,-1.0000,-1.0000,-1.0000,-1.0000,-1.0000,-1.0000,-1.0000,-1.0000,-1.0000,-1.0000,-1.0000,-1.0000,-1.0000,-1.0000,-1.0000,-1.0000,-1.0000,-1.0000,-1.0000,-1.0000,-1.0000,-1.0000,-1.0000,-1.0000,-1.0000,-1.0000,-1.0000,-1.0000,-1.0000,-1.0000,-1.0000,-1.0000,-1.0000,-1.0000,-1.0000,-1.0000,-1.0000,-1.0000,-1.0000,-1.0000,-1.0000,-1.0000,-1.0000,-1.0000,-1.0000,-1.0000,-1.0000,-1.0000,-1.0000,-1.0000,-1.0000,-1.0000,-1.0000,-1.0000,-1.0000,-1.0000,-1.0000,-1.0000,-1.0000,-1.0000,-1.0000,-1.0000,-1.0000,-1.0000,-1.0000,-1.0000,-1.0000,-1.0000,1.8217,1.8102,1.8117,1.8002,1.8180,1.7964,1.2316,1.3335,1.4810,1.3498,1.2928,1.5405,1.4067,1.4238,1.2622,1.4503,1.3848,1.4033,1.5206,1.4807,1.4415,1.4292,1.3644,1.3842,1.3855,1.2938,1.3160,1.3006,1.2706,1.3218,1.2434,1.1769,1.2333,1.2275,1.1769,1.2557,1.2045,1.2541,1.1779,1.1916,1.4105,1.5269,1.4876,1.4486,1.4349,1.3712,1.3929,1.3907,1.3014,1.3245,1.3093,1.2783,1.3273,1.2522,1.1870,1.2426,1.2371,1.1868,1.2642,1.2144,1.2615,1.1866,1.2012,0,1.0000,-3.8126,0.2856,-2.5528
264,0.5280,-0.2991,0.0220,0.0652,-1.4279,0.1068,0.0014,0.0656,0.2070,-0.0000,1.0266,0.9999,-0.0007,0.0156,0.0003,0.0003,-0.0131,0.0017,-0.0061,-0.0119,-0.0039,-0.0002,-0.0128,0.0015,-0.0062,-0.0123,-0.0015,0.0001,0.0295,-0.0019,-0.0004,0.0290,0.0065,0.0028,-0.0000,0.0298,0.0014,0.0006,0.0298,0.0066,0.0021,-0.0000,0.0799,-0.0004,-0.0010,-0.0350,0.0731,0.0023,0.0015,0.0272,0.0680,-0.0094,-0.2263,-0.5334,-0.0024,0.0115,0.0362,0.0021,-0.0800,0.1169,0.0001,0.0736,0.0102,0.0066,0.0200,0.0147,0.0119,-0.0005,0.0786,-0.0233,-0.0100,0.0266,0.0156,-0.0028,0.0002,-1.0000,-1.0000,-1.0000,-1.0000,-1.0000,-1.0000,-1.0000,-1.0000,-1.0000,-1.0000,-1.0000,-1.0000,-1.0000,-1.0000,-1.0000,-1.0000,-1.0000,-1.0000,-1.0000,-1.0000,-1.0000,-1.0000,-1.0000,-1.0000,-1.0000,-1.0000,-1.0000,-1.0000,-1.0000,-1.0000,-1.0000,-1.0000,-1.0000,-1.0000,-1.0000,-1.0000,-1.0000,-1.0000,-1.0000,-1.0000,-1.0000,-1.0000,-1.0000,-1.0000,-1.0000,-1.0000,-1.0000,-1.0000,-1.0000,-1.0000,-1.0000,-1.0000,-1.0000,-1.0000,-1.0000,-1.0000,-1.0000,-1.0000,-1.0000,-1.0000,-1.0000,-1.0000,-1.0000,-1.0000,-1.0000,-1.0000,-1.0000,-1.0000,-1.0000,-1.0000,-1.0000,-1.0000,-1.0000,-1.0000,-1.0000,-1.0000,-1.0000,-1.0000,-1.0000,-1.0000,-1.0000,-1.0000,-1.0000,-1.0000,-1.0000,-1.0000,-1.0000,-1.0000,-1.0000,-1.0000,-1.0000,-1.0000,-1.0000,-1.0000,-1.0000,-1.0000,-1.0000,-1.0000,-1.0000,-1.0000,-1.0000,-1.0000,-1.0000,-1.0000,-1.0000,-1.0000,-1.0000,-1.0000,-1.0000,-1.0000,-1.0000,-1.0000,-1.0000,-1.0000,-1.0000,-1.0000,-1.0000,-1.0000,-1.0000,-1.0000,-1.0000,1.8226,1.8113,1.8127,1.8011,1.8190,1.7974,1.2326,1.3348,1.4822,1.3508,1.2942,1.5416,1.4076,1.4251,1.2632,1.4513,1.3861,1.4044,1.5217,1.4818,1.4426,1.4303,1.3654,1.3852,1.3866,1.2950,1.3170,1.3017,1.2716,1.3229,1.2445,1.1780,1.2347,1.2287,1.1782,1.2570,1.2057,1.2554,1.1793,1.1930,1.4117,1.5280,1.4888,1.4499,1.4361,1.3722,1.3941,1.3919,1.3026,1.3256,1.3106,1.2794,1.3285,1.2534,1.1883,1.2441,1.2385,1.1882,1.2656,1.2157,1.2630,1.1881,1.2026,0,1.0000,-3.8126,0.2856,-2.5528
264,0.5280,-0.2991,0.0220,0.0652,-1.4279,0.1068,0.0014,0.0656,0.2070,-0.0000,1.0266,0.9999,-0.0007,0.0156,0.0003,0.0003,-0.0131,0.0017,-0.0061,-0.0119,-0.0039,-0.0002,-0.0128,0.0015,-0.0062,-0.0123,-0.0015,0.0001,0.0295,-0.0019,-0.0004,0.0290,0.0065,0.0028,-0.0000,0.0298,0.0014,0.0006,0.0298,0.0066,0.0021,-0.0000,0.0799,-0.0004,-0.0010,-0.0350,0.0731,0.0023,0.0015,0.0272,0.0680,-0.0094,-0.2263,-0.5334,-0.0024,0.0115,0.0362,0.0021,-0.0800,0.1169,0.0001,0.0736,0.0102,0.0066,0.0200,0.0147,0.0119,-0.0005,0.0786,-0.0233,-0.0100,0.0266,0.0156,-0.0028,0.0002,-1.0000,-1.0000,-1.0000,-1.0000,-1.0000,-1.0000,-1.0000,-1.0000,-1.0000,-1.0000,-1.0000,-1.0000,-1.0000,-1.0000,-1.0000,-1.0000,-1.0000,-1.0000,-1.0000,-1.0000,-1.0000,-1.0000,-1.0000,-1.0000,-1.0000,-1.0000,-1.0000,-1.0000,-1.0000,-1.0000,-1.0000,-1.0000,-1.0000,-1.0000,-1.0000,-1.0000,-1.0000,-1.0000,-1.0000,-1.0000,-1.0000,-1.0000,-1.0000,-1.0000,-1.0000,-1.0000,-1.0000,-1.0000,-1.0000,-1.0000,-1.0000,-1.0000,-1.0000,-1.0000,-1.0000,-1.0000,-1.0000,-1.0000,-1.0000,-1.0000,-1.0000,-1.0000,-1.0000,-1.0000,-1.0000,-1.0000,-1.0000,-1.0000,-1.0000,-1.0000,-1.0000,-1.0000,-1.0000,-1.0000,-1.0000,-1.0000,-1.0000,-1.0000,-1.0000,-1.0000,-1.0000,-1.0000,-1.0000,-1.0000,-1.0000,-1.0000,-1.0000,-1.0000,-1.0000,-1.0000,-1.0000,-1.0000,-1.0000,-1.0000,-1.0000,-1.0000,-1.0000,-1.0000,-1.0000,-1.0000,-1.0000,-1.0000,-1.0000,-1.0000,-1.0000,-1.0000,-1.0000,-1.0000,-1.0000,-1.0000,-1.0000,-1.0000,-1.0000,-1.0000,-1.0000,-1.0000,-1.0000,-1.0000,-1.0000,-1.0000,-1.0000,1.8226,1.8113,1.8127,1.8011,1.8190,1.7974,1.2326,1.3348,1.4822,1.3508,1.2942,1.5416,1.4076,1.4251,1.2632,1.4513,1.3861,1.4044,1.5217,1.4818,1.4426,1.4303,1.3654,1.3852,1.3866,1.2950,1.3170,1.3017,1.2716,1.3229,1.2445,1.1780,1.2347,1.2287,1.1782,1.2570,1.2057,1.2554,1.1793,1.1930,1.4117,1.5280,1.4888,1.4499,1.4361,1.3722,1.3941,1.3919,1.3026,1.3256,1.3106,1.2794,1.3285,1.2534,1.1883,1.2441,1.2385,1.1882,1.2656,1.2157,1.2630,1.1881,1.2026,0,1.0000,-3.8126,0.2856,-2.5528
265,0.5300,-0.3019,0.0222,0.0652,-1.4279,0.1068,0.0012,0.0656,0.2071,-0.0000,1.0266,0.9999,-0.0007,0.0157,0.0003,0.0003,-0.0131,0.0018,-0.0061,-0.0123,-0.0045,-0.0002,-0.0128,0.0016,-0.0062,-0.0125,-0.0012,0.0001,0.0296,-0.0019,-0.0004,0.0291,0.0065,0.0029,-0.0000,0.0299,0.0013,0.0006,0.0298,0.0066,0.0021,-0.0000,0.0802,-0.0008,-0.0003,-0.0368,0.0744,0.0024,0.0005,0.0244,0.0582,-0.0089,-0.2049,-0.2771,-0.0027,0.0096,0.0378,0.0025,-0.0712,0.1359,-0.0000,0.0716,0.0113,0.0067,0.0206,0.0148,0.0118,-0.0005,0.0769,-0.0232,-0.0102,0.0274,0.0156,-0.0035,0.0002,-1.0000,-1.0000,-1.0000,-1.0000,-1.0000,-1.0000,-1.0000,-1.0000,-1.0000,-1.0000,-1.0000,-1.0000,-1.0000,-1.0000,-1.0000,-1.0000,-1.0000,-1.0000,-1.0000,-1.0000,-1.0000,-1.0000,-1.0000,-1.0000,-1.0000,-1.0000,-1.0000,-1.0000,-1.0000,-1.0000,-1.0000,-1.0000,-1.0000,-1.0000,-1.0000,-1.0000,-1.0000,-1.0000,-1.0000,-1.0000,-1.0000,-1.0000,-1.0000,-1.0000,-1.0000,-1.0000,-1.0000,-1.0000,-1.0000,-1.0000,-1.0000,-1.0000,-1.0000,-1.0000,-1.0000,-1.0000,-1.0000,-1.0000,-1.0000,-1.0000,-1.0000,-1.0000,-1.0000,-1.0000,-1.0000,-1.0000,-1.0000,-1.0000,-1.0000,-1.0000,-1.0000,-1.0000,-1.0000,-1.0000,-1.0000,-1.0000,-1.0000,-1.0000,-1.0000,-1.0000,-1.0000,-1.0000,-1.0000,-1.0000,-1.0000,-1.0000,-1.0000,-1.0000,-1.0000,-1.0000,-1.0000,-1.0000,-1.0000,-1.0000,-1.0000,-1.0000,-1.0000,-1.0000,-1.0000,-1.0000,-1.0000,-1.0000,-1.0000,-1.0000,-1.0000,-1.0000,-1.0000,-1.0000,-1.0000,-1.0000,-1.0000,-1.0000,-1.0000,-1.0000,-1.0000,-1.0000,-1.0000,-1.0000,-1.0000,-1.0000,-1.0000,1.8236,1.8124,1.8137,1.8020,1.8200,1.7984,1.2337,1.3362,1.4834,1.3518,1.2956,1.5427,1.4085,1.4264,1.2643,1.4522,1.3874,1.4056,1.5228,1.4829,1.4438,1.4315,1.3664,1.3862,1.3877,1.2962,1.3181,1.3028,1.2726,1.3240,1.2456,1.1792,1.2360,1.2300,1.1794,1.2584,1.2068,1.2568,1.1807,1.1943,1.4130,1.5292,1.4900,1.4511,1.4373,1.3733,1.3952,1.3931,1.3039,1.3268,1.3118,1.2805,1.3297,1.2546,1.1896,1.2456,1.2398,1.1896,1.2671,1.2170,1.2644,1.1896,1.2040,0,1.0000,-3.8126,0.2856,-2.5528
265,0.5300,-0.3019,0.0222,0.0652,-1.4279,0.1068,0.0012,0.0656,0.2071,-0.0000,1.0266,0.9999,-0.0007,0.0157,0.0003,0.0003,-0.0131,0.0018,-0.0061,-0.0123,-0.0045,-0.0002,-0.0128,0.0016,-0.0062,-0.0125,-0.0012,0.0001,0.0296,-0.0019,-0.0004,0.0291,0.0065,0.0029,-0.0000,0.0299,0.0013,0.0006,0.0298,0.0066,0.0021,-0.0000,0.0802,-0.0008,-0.0003,-0.0368,0.0744,0.0024,0.0005,0.0244,0.0582,-0.0089,-0.2049,-0.2771,-0.0027,0.0096,0.0378,0.0025,-0.0712,0.1359,-0.0000,0.0716,0.0113,0.0067,0.0206,0.0148,0.0118,-0.0005,0.0769,-0.0232,-0.0102,0.0274,0.0156,-0.0035,0.0002,-1.0000,-1.0000,-1.0000,-1.0000,-1.0000,-1.0000,-1.0000,-1.0000,-1.0000,-1.0000,-1.0000,-1.0000,-1.0000,-1.0000,-1.0000,-1.0000,-1.0000,-1.0000,-1.0000,-1.0000,-1.0000,-1.0000,-1.0000,-1.0000,-1.0000,-1.0000,-1.0000,-1.0000,-1.0000,-1.0000,-1.0000,-1.0000,-1.0000,-1.0000,-1.0000,-1.0000,-1.0000,-1.0000,-1.0000,-1.0000,-1.0000,-1.0000,-1.0000,-1.0000,-1.0000,-1.0000,-1.0000,-1.0000,-1.0000,-1.0000,-1.0000,-1.0000,-1.0000,-1.0000,-1.0000,-1.0000,-1.0000,-1.0000,-1.0000,-1.0000,-1.0000,-1.0000,-1.0000,-1.0000,-1.0000,-1.0000,-1.0000,-1.0000,-1.0000,-1.0000,-1.0000,-1.0000,-1.0000,-1.0000,-1.0000,-1.0000,-1.0000,-1.0000,-1.0000,-1.0000,-1.0000,-1.0000,-1.0000,-1.0000,-1.0000,-1.0000,-1.0000,-1.0000,-1.0000,-1.0000,-1.0000,-1.0000,-1.0000,-1.0000,-1.0000,-1.0000,-1.0000,-1.0000,-1.0000,-1.0000,-1.0000,-1.0000,-1.0000,-1.0000,-1.0000,-1.0000,-1.0000,-1.0000,-1.0000,-1.0000,-1.0000,-1.0000,-1.0000,-1.0000,-1.0000,-1.0000,-1.0000,-1.0000,-1.0000,-1.0000,-1.0000,1.8236,1.8124,1.8137,1.8020,1.8200,1.7984,1.2337,1.3362,1.4834,1.3518,1.2956,1.5427,1.4085,1.4264,1.2643,1.4522,1.3874,1.4056,1.5228,1.4829,1.4438,1.4315,1.3664,1.3862,1.3877,1.2962,1.3181,1.3028,1.2726,1.3240,1.2456,1.1792,1.2360,1.2300,1.1794,1.2584,1.2068,1.2568,1.1807,1.1943,1.4130,1.5292,1.4900,1.4511,1.4373,1.3733,1.3952,1.3931,1.3039,1.3268,1.3118,1.2805,1.3297,1.2546,1.1896,1.2456,1.2398,1.1896,1.2671,1.2170,1.2644,1.1896,1.2040,0,1.0000,-3.8126,0.2856,-2.5528
266,0.5320,-0.3048,0.0224,0.0652,-1.4279,0.1068,0.0011,0.0656,0.2073,-0.0000,1.0266,0.9999,-0.0007,0.0158,0.0003,0.0003,-0.0131,0.0019,-0.0062,-0.0126,-0.0048,-0.0002,-0.0128,0.0016,-0.0062,-0.0126,-0.0009,0.0001,0.0298,-0.0018,-0.0003,0.0291,0.0066,0.0029,-0.0000,0.0301,0.0013,0.0006,0.0299,0.0067,0.0020,-0.0000,0.0806,-0.0003,0.0027,-0.0254,0.0761,0.0029,-0.0004,0.0202,0.0392,-0.0081,-0.1731,-0.1785,-0.0031,0.0073,0.0228,0.0030,-0.0653,0.1500,-0.0020,0.0724,0.0164,0.0051,0.0297,0.0147,0.0121,-0.0005,0.0744,-0.0190,-0.0120,0.0274,0.0155,-0.0042,0.0002,-1.0000,-1.0000,-1.0000,-1.0000,-1.0000,-1.0000,-1.0000,-1.0000,-1.0000,-1.0000,-1.0000,-1.0000,-1.0000,-1.0000,-1.0000,-1.0000,-1.0000,-1.0000,-1.0000,-1.0000,-1.0000,-1.0000,-1.0000,-1.0000,-1.0000,-1.0000,-1.0000,-1.0000,-1.0000,-1.0000,-1.0000,-1.0000,-1.0000,-1.0000,-1.0000,-1.0000,-1.0000,-1.0000,-1.0000,-1.0000,-1.0000,-1.0000,-1.0000,-1.0000,-1.0000,-1.0000,-1.0000,-1.0000,-1.0000,-1.0000,-1.0000,-1.0000,-1.0000,-1.0000,-1.0000,-1.0000,-1.0000,-1.0000,-1.0000,-1.0000,-1.0000,-1.0000,-1.0000,-1.0000,-1.0000,-1.0000,-1.0000,-1.0000,-1.0000,-1.0000,-1.0000,-1.0000,-1.0000,-1.0000,-1.0000,-1.0000,-1.0000,-1.0000,-1.0000,-1.0000,-1.0000,-1.0000,-1.0000,-1.0000,-1.0000,-1.0000,-1.0000,-1.0000,-1.0000,-1.0000,-1.0000,-1.0000,-1.0000,-1.0000,-1.0000,-1.0000,-1.0000,-1.0000,-1.0000,-1.0000,-1.0000,-1.0000,-1.0000,-1.0000,-1.0000,-1.0000,-1.0000,-1.0000,-1.0000,-1.0000,-1.0000,-1.0000,-1.0000,-1.0000,-1.0000,-1.0000,-1.0000,-1.0000,-1.0000,-1.0000,-1.0000,1.8246,1.8135,1.8146,1.8029,1.8211,1.7994,1.2347,1.3376,1.4846,1.3528,1.2969,1.5437,1.4095,1.4276,1.2653,1.4531,1.3887,1.4068,1.5240,1.4840,1.4449,1.4326,1.3673,1.3873,1.3889,1.2974,1.3191,1.3040,1.2737,1.3251,1.2467,1.1804,1.2374,1.2312,1.1807,1.2597,1.2080,1.2581,1.1821,1.1956,1.4142,1.5304,1.4912,1.4523,1.4385,1.3744,1.3964,1.3943,1.3052,1.3279,1.3130,1.2817,1.3308,1.2558,1.1909,1.2471,1.2412,1.1910,1.2685,1.2183,1.2658,1.1911,1.2055,0,1.0000,-3.8126,0.2856,-2.5528
267,0.5340,-0.3077,0.0226,0.0652,-1.4280,0.1068,0.0009,0.0656,0.2075,-0.0000,1.0266,0.9999,-0.0007,0.0159,0.0003,0.0003,-0.0130,0.0020,-0.0062,-0.0129,-0.0050,-0.0002,-0.0128,0.0017,-0.0062,-0.0127,-0.0006,0.0001,0.0299,-0.0018,-0.0003,0.0292,0.0066,0.0029,-0.0000,0.0302,0.0013,0.0005,0.0299,0.0067,0.0020,-0.0000,0.0809,0.0001,0.0050,-0.0155,0.0776,0.0033,-0.0011,0.0166,0.0230,-0.0075,-0.1464,-0.0951,-0.0034,0.0053,0.0101,0.0034,-0.0605,0.1610,-0.0036,0.0727,0.0208,0.0038,0.0369,0.0147,0.0122,-0.0005,0.0719,-0.0155,-0.0136,0.0269,0.0154,-0.0048,0.0002,-1.0000,-1.0000,-1.0000,-1.0000,-1.0000,-1.0000,-1.0000,-1.0000,-1.0000,-1.0000,-1.0000,-1.0000,-1.0000,-1.0000,-1.0000,-1.0000,-1.0000,-1.0000,-1.0000,-1.0000,-1.0000,-1.0000,-1.0000,-1.0000,-1.0000,-1.0000,-1.0000,-1.0000,-1.0000,-1.0000,-1.0000,-1.0000,-1.0000,-1.0000,-1.0000,-1.0000,-1.0000,-1.0000,-1.0000,-1.0000,-1.0000,-1.0000,-1.0000,-1.0000,-1.0000,-1.0000,-1.0000,-1.0000,-1.0000,-1.0000,-1.0000,-1.0000,-1.0000,-1.0000,-1.0000,-1.0000,-1.0000,-1.0000,-1.0000,-1.0000,-1.0000,-1.0000,-1.0000,-1.0000,-1.0000,-1.0000,-1.0000,-1.0000,-1.0000,-1.0000,-1.0000,-1.0000,-1.0000,-1.0000,-1.0000,-1.0000,-1.0000,-1.0000,-1.0000,-1.0000,-1.0000,-1.0000,-1.0000,-1.0000,-1.0000,-1.0000,-1.0000,-1.0000,-1.0000,-1.0000,-1.0000,-1.0000,-1.0000,-1.0000,-1.0000,-1.0000,-1.0000,-1.0000,-1.0000,-1.0000,-1.0000,-1.0000,-1.0000,-1.0000,-1.0000,-1.0000,-1.0000,-1.0000,-1.0000,-1.0000,-1.0000,-1.0000,-1.0000,-1.0000,-1.0000,-1.0000,-1.0000,-1.0000,-1.0000,-1.0000,-1.0000,1.8256,1.8146,1.8156,1.8038,1.8222,1.8004,1.2358,1.3389,1.4859,1.3538,1.2983,1.5448,1.4105,1.4289,1.2664,1.4541,1.3900,1.4080,1.5251,1.4852,1.4461,1.4338,1.3684,1.3884,1.3900,1.2986,1.3202,1.3051,1.2748,1.3263,1.2478,1.1817,1.2388,1.2325,1.1820,1.2611,1.2092,1.2595,1.1835,1.1970,1.4155,1.5316,1.4924,1.4535,1.4397,1.3755,1.3975,1.3955,1.3066,1.3291,1.3143,1.2828,1.3320,1.2570,1.1922,1.2485,1.2425,1.1924,1.2700,1.2196,1.2673,1.1926,1.2070,0,1.0000,-3.8126,0.2856,-2.5528
267,0.5340,-0.3077,0.0226,0.0652,-1.4280,0.1068,0.0009,0.0656,0.2075,-0.0000,1.0266,0.9999,-0.0007,0.0159,0.0003,0.0003,-0.0130,0.0020,-0.0062,-0.0129,-0.0050,-0.0002,-0.0128,0.0017,-0.0062,-0.0127,-0.0006,0.0001,0.0299,-0.0018,-0.0003,0.0292,0.0066,0.0029,-0.0000,0.0302,0.0013,0.0005,0.0299,0.0067,0.0020,-0.0000,0.0809,0.0001,0.0050,-0.0155,0.0776,0.0033,-0.0011,0.0166,0.0230,-0.0075,-0.1464,-0.0951,-0.0034,0.0053,0.0101,0.0034,-0.0605,0.1610,-0.0036,0.0727,0.0208,0.0038,0.0369,0.0147,0.0122,-0.0005,0.0719,-0.0155,-0.0136,0.0269,0.0154,-0.0048,0.0002,-1.0000,-1.0000,-1.0000,-1.0000,-1.0000,-1.0000,-1.0000,-1.0000,-1.0000,-1.0000,-1.0000,-1.0000,-1.0000,-1.0000,-1.0000,-1.0000,-1.0000,-1.0000,-1.0000,-1.0000,-1.0000,-1.0000,-1.0000,-1.0000,-1.0000,-1.0000,-1.0000,-1.0000,-1.0000,-1.0000,-1.0000,-1.0000,-1.0000,-1.0000,-1.0000,-1.0000,-1.0000,-1.0000,-1.0000,-1.0000,-1.0000,-1.0000,-1.0000,-1.0000,-1.0000,-1.0000,-1.0000,-1.0000,-1.0000,-1.0000,-1.0000,-1.0000,-1.0000,-1.0000,-1.0000,-1.0000,-1.0000,-1.0000,-1.0000,-1.0000,-1.0000,-1.0000,-1.0000,-1.0000,-1.0000,-1.0000,-1.0000,-1.0000,-1.0000,-1.0000,-1.0000,-1.0000,-1.0000,-1.0000,-1.0000,-1.0000,-1.0000,-1.0000,-1.0000,-1.0000,-1.0000,-1.0000,-1.0000,-1.0000,-1.0000,-1.0000,-1.0000,-1.0000,-1.0000,-1.0000,-1.0000,-1.0000,-1.0000,-1.0000,-1.0000,-1.0000,-1.0000,-1.0000,-1.0000,-1.0000,-1.0000,-1.0000,-1.0000,-1.0000,-1.0000,-1.0000,-1.0000,-1.0000,-1.0000,-1.0000,-1.0000,-1.0000,-1.0000,-1.0000,-1.0000,-1.0000,-1.0000,-1.0000,-1.0000,-1.0000,-1.0000,1.8256,1.8146,1.8156,1.8038,1.8222,1.8004,1.2358,1.3389,1.4859,1.3538,1.2983,1.5448,1.4105,1.4289,1.2664,1.4541,1.3900,1.4080,1.5251,1.4852,1.4461,1.4338,1.3684,1.3884,1.3900,1.2986,1.3202,1.3051,1.2748,1.3263,1.2478,1.1817,1.2388,1.2325,1.1820,1.2611,1.2092,1.2595,1.1835,1.1970,1.4155,1.5316,1.4924,1.4535,1.4397,1.3755,1.3975,1.3955,1.3066,1.3291,1.3143,1.2828,1.3320,1.2570,1.1922,1.2485,1.2425,1.1924,1.2700,1.2196,1.2673,1.1926,1.2070,0,1.0000,-3.8126,0.2856,-2.5528
268,0.5360,-0.3105,0.0228,0.0652,-1.4280,0.1068,0.0008,0.0656,0.2076,-0.0000,1.0267,0.9999,-0.0007,0.0159,0.0003,0.0003,-0.0130,0.0019,-0.0062,-0.0132,-0.0051,-0.0002,-0.0128,0.0016,-0.0062,-0.0129,-0.0000,0.0001,0.0301,-0.0017,-0.0003,0.0293,0.0066,0.0029,-0.0000,0.0303,0.0013,0.0005,0.0300,0.0067,0.0020,-0.0000,0.0813,0.0010,0.0044,0.0054,0.0785,0.0039,-0.0019,0.0141,-0.0065,-0.0072,-0.1231,-0.0187,-0.0043,0.0052,-0.0213,0.0034,-0.0719,0.2764,-0.0067,0.0731,0.0292,0.0013,0.0426,0.0146,0.0123,-0.0005,0.0665,-0.0081,-0.0164,0.0175,0.0152,-0.0058,0.0002,-1.0000,-1.0000,-1.0000,-1.0000,-1.0000,-1.0000,-1.0000,-1.0000,-1.0000,-1.0000,-1.0000,-1.0000,-1.0000,-1.0000,-1.0000,-1.0000,-1.0000,-1.0000,-1.0000,-1.0000,-1.0000,-1.0000,-1.0000,-1.0000,-1.0000,-1.0000,-1.0000,-1.0000,-1.0000,-1.0000,-1.0000,-1.0000,-1.0000,-1.0000,-1.0000,-1.0000,-1.0000,-1.0000,-1.0000,-1.0000,-1.0000,-1.0000,-1.0000,-1.0000,-1.0000,-1.0000,-1.0000,-1.0000,-1.0000,-1.0000,-1.0000,-1.0000,-1.0000,-1.0000,-1.0000,-1.0000,-1.0000,-1.0000,-1.0000,-1.0000,-1.0000,-1.0000,-1.0000,-1.0000,-1.0000,-1.0000,-1.0000,-1.0000,-1.0000,-1.0000,-1.0000,-1.0000,-1.0000,-1.0000,-1.0000,-1.0000,-1.0000,-1.0000,-1.0000,-1.0000,-1.0000,-1.0000,-1.0000,-1.0000,-1.0000,-1.0000,-1.0000,-1.0000,-1.0000,-1.0000,-1.0000,-1.0000,-1.0000,-1.0000,-1.0000,-1.0000,-1.0000,-1.0000,-1.0000,-1.0000,-1.0000,-1.0000,-1.0000,-1.0000,-1.0000,-1.0000,-1.0000,-1.0000,-1.0000,-1.0000,-1.0000,-1.0000,-1.0000,-1.0000,-1.0000,-1.0000,-1.0000,-1.0000,-1.0000,-1.0000,-1.0000,1.8267,1.8157,1.8166,1.8048,1.8232,1.8014,1.2369,1.3403,1.4871,1.3548,1.2997,1.5459,1.4114,1.4302,1.2675,1.4550,1.3913,1.4092,1.5262,1.4863,1.4473,1.4350,1.3694,1.3895,1.3912,1.2999,1.3213,1.3063,1.2759,1.3274,1.2490,1.1829,1.2402,1.2337,1.1833,1.2625,1.2104,1.2609,1.1849,1.1984,1.4168,1.5328,1.4937,1.4548,1.4410,1.3765,1.3987,1.3967,1.3079,1.3302,1.3155,1.2840,1.3332,1.2582,1.1936,1.2500,1.2439,1.1938,1.2715,1.2209,1.2687,1.1941,1.2084,0,1.0000,-3.8126,0.2856,-2.5528
268,0.5360,-0.3105,0.0228,0.0652,-1.4280,0.1068,0.0008,0.0656,0.2076,-0.0000,1.0267,0.9999,-0.0007,0.0159,0.0003,0.0003,-0.0130,0.0019,-0.0062,-0.0132,-0.0051,-0.0002,-0.0128,0.0016,-0.0062,-0.0129,-0.0000,0.0001,0.0301,-0.0017,-0.0003,0.0293,0.0066,0.0029,-0.0000,0.0303,0.0013,0.0005,0.0300,0.0067,0.0020,-0.0000,0.0813,0.0010,0.0044,0.0054,0.0785,0.0039,-0.0019,0.0141,-0.0065,-0.0072,-0.1231,-0.0187,-0.0043,0.0052,-0.0213,0.0034,-0.0719,0.2764,-0.0067,0.0731,0.0292,0.0013,0.0426,0.0146,0.0123,-0.0005,0.0665,-0.0081,-0.0164,0.0175,0.0152,-0.0058,0.0002,-1.0000,-1.0000,-1.0000,-1.0000,-1.0000,-1.0000,-1.0000,-1.0000,-1.0000,-1.0000,-1.0000,-1.0000,-1.0000,-1.0000,-1.0000,-1.0000,-1.0000,-1.0000,-1.0000,-1.0000,-1.0000,-1.0000,-1.0000,-1.0000,-1.0000,-1.0000,-1.0000,-1.0000,-1.0000,-1.0000,-1.0000,-1.0000,-1.0000,-1.0000,-1.0000,-1.0000,-1.0000,-1.0000,-1.0000,-1.0000,-1.0000,-1.0000,-1.0000,-1.0000,-1.0000,-1.0000,-1.0000,-1.0000,-1.0000,-1.0000,-1.0000,-1.0000,-1.0000,-1.0000,-1.0000,-1.0000,-1.0000,-1.0000,-1.0000,-1.0000,-1.0000,-1.0000,-1.0000,-1.0000,-1.0000,-1.0000,-1.0000,-1.0000,-1.0000,-1.0000,-1.0000,-1.0000,-1.0000,-1.0000,-1.0000,-1.0000,-1.0000,-1.0000,-1.0000,-1.0000,-1.0000,-1.0000,-1.0000,-1.0000,-1.0000,-1.0000,-1.0000,-1.0000,-1.0000,-1.0000,-1.0000,-1.0000,-1.0000,-1.0000,-1.0000,-1.0000,-1.0000,-1.0000,-1.0000,-1.0000,-1.0000,-1.0000,-1.0000,-1.0000,-1.0000,-1.0000,-1.0000,-1.0000,-1.0000,-1.0000,-1.0000,-1.0000,-1.0000,-1.0000,-1.0000,-1.0000,-1.0000,-1.0000,-1.0000,-1.0000,-1.0000,1.8267,1.8157,1.8166,1.8048,1.8232,1.8014,1.2369,1.3403,1.4871,1.3548,1.2997,1.5459,1.4114,1.4302,1.2675,1.4550,1.3913,1.4092,1.5262,1.4863,1.4473,1.4350,1.3694,1.3895,1.3912,1.2999,1.3213,1.3063,1.2759,1.3274,1.2490,1.1829,1.2402,1.2337,1.1833,1.2625,1.2104,1.2609,1.1849,1.1984,1.4168,1.5328,1.4937,1.4548,1.4410,1.3765,1.3987,1.3967,1.3079,1.3302,1.3155,1.2840,1.3332,1.2582,1.1936,1.2500,1.2439,1.1938,1.2715,1.2209,1.2687,1.1941,1.2084,0,1.0000,-3.8126,0.2856,-2.5528
269,0.5380,-0.3134,0.0230,0.0652,-1.4280,0.1068,0.0006,0.0656,0.2078,-0.0000,1.0267,0.9999,-0.0007,0.0160,0.0003,0.0003,-0.0130,0.0019,-0.0062,-0.0134,-0.0050,-0.0002,-0.0128,0.0016,-0.0062,-0.0130,0.0002,0.0001,0.0302,-0.0017,-0.0003,0.0294,0.0067,0.0030,-0.0000,0.0305,0.0013,0.0005,0.0300,0.0068,0.0020,-0.0000,0.0816,0.0019,0.0043,0.0212,0.0796,0.0045,-0.0026,0.0116,-0.0296,-0.0068,-0.1040,0.0436,-0.0031,0.0055,-0.0335,0.0029,-0.0825,0.1123,-0.0090,0.0729,0.0347,-0.0004,0.0469,0.0145,0.0124,-0.0005,0.0620,-0.0035,-0.0184,0.0109,0.0151,-0.0067,0.0001,-1.0000,-1.0000,-1.0000,-1.0000,-1.0000,-1.0000,-1.0000,-1.0000,-1.0000,-1.0000,-1.0000,-1.0000,-1.0000,-1.0000,-1.0000,-1.0000,-1.0000,-1.0000,-1.0000,-1.0000,-1.0000,-1.0000,-1.0000,-1.0000,-1.0000,-1.0000,-1.0000,-1.0000,-1.0000,-1.0000,-1.0000,-1.0000,-1.0000,-1.0000,-1.0000,-1.0000,-1.0000,-1.0000,-1.0000,-1.0000,-1.0000,-1.0000,-1.0000,-1.0000,-1.0000,-1.0000,-1.0000,-1.0000,-1.0000,-1.0000,-1.0000,-1.0000,-1.0000,-1.0000,-1.0000,-1.0000,-1.0000,-1.0000,-1.0000,-1.0000,-1.0000,-1.0000,-1.0000,-1.0000,-1.0000,-1.0000,-1.0000,-1.0000,-1.0000,-1.0000,-1.0000,-1.0000,-1.0000,-1.0000,-1.0000,-1.0000,-1.0000,-1.0000,-1.0000,-1.0000,-1.0000,-1.0000,-1.0000,-1.0000,-1.0000,-1.0000,-1.0000,-1.0000,-1.0000,-1.0000,-1.0000,-1.0000,-1.0000,-1.0000,-1.0000,-1.0000,-1.0000,-1.0000,-1.0000,-1.0000,-1.0000,-1.0000,-1.0000,-1.0000,-1.0000,-1.0000,-1.0000,-1.0000,-1.0000,-1.0000,-1.0000,-1.0000,-1.0000,-1.0000,-1.0000,-1.0000,-1.0000,-1.0000,-1.0000,-1.0000,-1.0000,1.8277,1.8168,1.8176,1.8057,1.8243,1.8024,1.2380,1.3417,1.4884,1.3559,1.3011,1.5470,1.4124,1.4315,1.2686,1.4560,1.3927,1.4104,1.5274,1.4875,1.4485,1.4362,1.3704,1.3906,1.3924,1.3011,1.3224,1.3075,1.2770,1.3286,1.2501,1.1841,1.2416,1.2350,1.1847,1.2639,1.2117,1.2623,1.1863,1.1998,1.4180,1.5340,1.4949,1.4560,1.4422,1.3776,1.3999,1.3980,1.3092,1.3314,1.3168,1.2851,1.3344,1.2594,1.1949,1.2515,1.2453,1.1952,1.2729,1.2222,1.2702,1.1956,1.2099,0,1.0000,-3.8126,0.2856,-2.5528
270,0.5400,-0.3162,0.0232,0.0652,-1.4280,0.1068,0.0005,0.0656,0.2080,-0.0000,1.0267,0.9999,-0.0007,0.0161,0.0003,0.0003,-0.0130,0.0018,-0.0062,-0.0136,-0.0048,-0.0002,-0.0128,0.0015,-0.0062,-0.0132,0.0001,0.0001,0.0303,-0.0016,-0.0003,0.0295,0.0067,0.0030,-0.0000,0.0306,0.0013,0.0004,0.0300,0.0068,0.0020,-0.0000,0.0819,0.0028,0.0037,0.0363,0.0806,0.0049,-0.0033,0.0094,-0.0511,-0.0064,-0.0882,0.0960,-0.0021,0.0056,-0.0450,0.0024,-0.0907,-0.0418,-0.0110,0.0724,0.0398,-0.0019,0.0501,0.0144,0.0125,-0.0005,0.0575,0.0007,-0.0202,0.0042,0.0150,-0.0076,0.0001,-1.0000,-1.0000,-1.0000,-1.0000,-1.0000,-1.0000,-1.0000,-1.0000,-1.0000,-1.0000,-1.0000,-1.0000,-1.0000,-1.0000,-1.0000,-1.0000,-1.0000,-1.0000,-1.0000,-1.0000,-1.0000,-1.0000,-1.0000,-1.0000,-1.0000,-1.0000,-1.0000,-1.0000,-1.0000,-1.0000,-1.0000,-1.0000,-1.0000,-1.0000,-1.0000,-1.0000,-1.0000,-1.0000,-1.0000,-1.0000,-1.0000,-1.0000,-1.0000,-1.0000,-1.0000,-1.0000,-1.0000,-1.0000,-1.0000,-1.0000,-1.0000,-1.0000,-1.0000,-1.0000,-1.0000,-1.0000,-1.0000,-1.0000,-1.0000,-1.0000,-1.0000,-1.0000,-1.0000,-1.0000,-1.0000,-1.0000,-1.0000,-1.0000,-1.0000,-1.0000,-1.0000,-1.0000,-1.0000,-1.0000,-1.0000,-1.0000,-1.0000,-1.0000,-1.0000,-1.0000,-1.0000,-1.0000,-1.0000,-1.0000,-1.0000,-1.0000,-1.0000,-1.0000,-1.0000,-1.0000,-1.0000,-1.0000,-1.0000,-1.0000,-1.0000,-1.0000,-1.0000,-1.0000,-1.0000,-1.0000,-1.0000,-1.0000,-1.0000,-1.0000,-1.0000,-1.0000,-1.0000,-1.0000,-1.0000,-1.0000,-1.0000,-1.0000,-1.0000,-1.0000,-1.0000,-1.0000,-1.0000,-1.0000,-1.0000,-1.0000,-1.0000,1.8287,1.8179,1.8186,1.8067,1.8254,1.8035,1.2391,1.3431,1.4897,1.3569,1.3026,1.5481,1.4134,1.4329,1.2697,1.4570,1.3940,1.4116,1.5285,1.4887,1.4497,1.4374,1.3715,1.3917,1.3935,1.3024,1.3235,1.3087,1.2781,1.3297,1.2513,1.1854,1.2431,1.2363,1.1860,1.2653,1.2129,1.2637,1.1878,1.2012,1.4193,1.5352,1.4961,1.4573,1.4434,1.3787,1.4011,1.3992,1.3105,1.3326,1.3180,1.2863,1.3356,1.2606,1.1962,1.2530,1.2466,1.1966,1.2744,1.2235,1.2716,1.1971,1.2114,0,1.0000,-3.8126,0.2856,-2.5528
270,0.5400,-0.3162,0.0232,0.0652,-1.4280,0.1068,0.0005,0.0656,0.2080,-0.0000,1.0267,0.9999,-0.0007,0.0161,0.0003,0.0003,-0.0130,0.0018,-0.0062,-0.0136,-0.0048,-0.0002,-0.0128,0.0015,-0.0062,-0.0132,0.0001,0.0001,0.0303,-0.0016,-0.0003,0.0295,0.0067,0.0030,-0.0000,0.0306,0.0013,0.0004,0.0300,0.0068,0.0020,-0.0000,0.0819,0.0028,0.0037,0.0363,0.0806,0.0049,-0.0033,0.0094,-0.0511,-0.0064,-0.0882,0.0960,-0.0021,0.0056,-0.0450,0.0024,-0.0907,-0.0418,-0.0110,0.0724,0.0398,-0.0019,0.0501,0.0144,0.0125,-0.0005,0.0575,0.0007,-0.0202,0.0042,0.0150,-0.0076,0.0001,-1.0000,-1.0000,-1.0000,-1.0000,-1.0000,-1.0000,-1.0000,-1.0000,-1.0000,-1.0000,-1.0000,-1.0000,-1.0000,-1.0000,-1.0000,-1.0000,-1.0000,-1.0000,-1.0000,-1.0000,-1.0000,-1.0000,-1.0000,-1.0000,-1.0000,-1.0000,-1.0000,-1.0000,-1.0000,-1.0000,-1.0000,-1.0000,-1.0000,-1.0000,-1.0000,-1.0000,-1.0000,-1.0000,-1.0000,-1.0000,-1.0000,-1.0000,-1.0000,-1.0000,-1.0000,-1.0000,-1.0000,-1.0000,-1.0000,-1.0000,-1.0000,-1.0000,-1.0000,-1.0000,-1.0000,-1.0000,-1.0000,-1.0000,-1.0000,-1.0000,-1.0000,-1.0000,-1.0000,-1.0000,-1.0000,-1.0000,-1.0000,-1.0000,-1.0000,-1.0000,-1.0000,-1.0000,-1.0000,-1.0000,-1.0000,-1.0000,-1.0000,-1.0000,-1.0000,-1.0000,-1.0000,-1.0000,-1.0000,-1.0000,-1.0000,-1.0000,-1.0000,-1.0000,-1.0000,-1.0000,-1.0000,-1.0000,-1.0000,-1.0000,-1.0000,-1.0000,-1.0000,-1.0000,-1.0000,-1.0000,-1.0000,-1.0000,-1.0000,-1.0000,-1.0000,-1.0000,-1.0000,-1.0000,-1.0000,-1.0000,-1.0000,-1.0000,-1.0000,-1.0000,-1.0000,-1.0000,-1.0000,-1.0000,-1.0000,-1.0000,-1.0000,1.8287,1.8179,1.8186,1.8067,1.8254,1.8035,1.2391,1.3431,1.4897,1.3569,1.3026,1.5481,1.4134,1.4329,1.2697,1.4570,1.3940,1.4116,1.5285,1.4887,1.4497,1.4374,1.3715,1.3917,1.3935,1.3024,1.3235,1.3087,1.2781,1.3297,1.2513,1.1854,1.2431,1.2363,1.1860,1.2653,1.2129,1.2637,1.1878,1.2012,1.4193,1.5352,1.4961,1.4573,1.4434,1.3787,1.4011,1.3992,1.3105,1.3326,1.3180,1.2863,1.3356,1.2606,1.1962,1.2530,1.2466,1.1966,1.2744,1.2235,1.2716,1.1971,1.2114,0,1.0000,-3.8126,0.2856,-2.5528
271,0.5420,-0.3191,0.0234,0.0652,-1.4281,0.1068,0.0005,0.0656,0.2081,-0.0000,1.0267,0.9999,-0.0006,0.0162,0.0003,0.0003,-0.0129,0.0016,-0.0062,-0.0137,-0.0045,-0.0002,-0.0127,0.0013,-0.0062,-0.0134,-0.0002,0.0000,0.0305,-0.0015,-0.0003,0.0296,0.0067,0.0030,-0.0000,0.0307,0.0013,0.0004,0.0300,0.0068,0.0020,-0.0000,0.0821,0.0036,0.0028,0.0506,0.0815,0.0052,-0.0037,0.0077,-0.0712,-0.0061,-0.0751,0.1395,-0.0012,0.0057,-0.0559,0.0021,-0.0972,-0.1865,-0.0127,0.0715,0.0444,-0.0030,0.0522,0.0144,0.0125,-0.0005,0.0529,0.0044,-0.0217,-0.0026,0.0148,-0.0085,0.0001,-1.0000,-1.0000,-1.0000,-1.0000,-1.0000,-1.0000,-1.0000,-1.0000,-1.0000,-1.0000,-1.0000,-1.0000,-1.0000,-1.0000,-1.0000,-1.0000,-1.0000,-1.0000,-1.0000,-1.0000,-1.0000,-1.0000,-1.0000,-1.0000,-1.0000,-1.0000,-1.0000,-1.0000,-1.0000,-1.0000,-1.0000,-1.0000,-1.0000,-1.0000,-1.0000,-1.0000,-1.0000,-1.0000,-1.0000,-1.0000,-1.0000,-1.0000,-1.0000,-1.0000,-1.0000,-1.0000,-1.0000,-1.0000,-1.0000,-1.0000,-1.0000,-1.0000,-1.0000,-1.0000,-1.0000,-1.0000,-1.0000,-1.0000,-1.0000,-1.0000,-1.0000,-1.0000,-1.0000,-1.0000,-1.0000,-1.0000,-1.0000,-1.0000,-1.0000,-1.0000,-1.0000,-1.0000,-1.0000,-1.0000,-1.0000,-1.0000,-1.0000,-1.0000,-1.0000,-1.0000,-1.0000,-1.0000,-1.0000,-1.0000,-1.0000,-1.0000,-1.0000,-1.0000,-1.0000,-1.0000,-1.0000,-1.0000,-1.0000,-1.0000,-1.0000,-1.0000,-1.0000,-1.0000,-1.0000,-1.0000,-1.0000,-1.0000,-1.0000,-1.0000,-1.0000,-1.0000,-1.0000,-1.0000,-1.0000,-1.0000,-1.0000,-1.0000,-1.0000,-1.0000,-1.0000,-1.0000,-1.0000,-1.0000,-1.0000,-1.0000,-1.0000,1.8297,1.8191,1.8197,1.8077,1.8265,1.8045,1.2402,1.3445,1.4909,1.3579,1.3040,1.5492,1.4144,1.4342,1.2708,1.4580,1.3953,1.4128,1.5297,1.4899,1.4509,1.4386,1.3725,1.3928,1.3947,1.3037,1.3246,1.3099,1.2792,1.3309,1.2525,1.1867,1.2445,1.2377,1.1874,1.2667,1.2142,1.2651,1.1892,1.2026,1.4206,1.5364,1.4973,1.4585,1.4447,1.3798,1.4022,1.4004,1.3118,1.3337,1.3193,1.2875,1.3369,1.2619,1.1975,1.2545,1.2480,1.1980,1.2759,1.2248,1.2731,1.1986,1.2128,0,1.0000,-3.8126,0.2856,-2.5528
271,0.5420,-0.3191,0.0234,0.0652,-1.4281,0.1068,0.0005,0.0656,0.2081,-0.0000,1.0267,0.9999,-0.0006,0.0162,0.0003,0.0003,-0.0129,0.0016,-0.0062,-0.0137,-0.0045,-0.0002,-0.0127,0.0013,-0.0062,-0.0134,-0.0002,0.0000,0.0305,-0.0015,-0.0003,0.0296,0.0067,0.0030,-0.0000,0.0307,0.0013,0.0004,0.0300,0.0068,0.0020,-0.0000,0.0821,0.0036,0.0028,0.0506,0.0815,0.0052,-0.0037,0.0077,-0.0712,-0.0061,-0.0751,0.1395,-0.0012,0.0057,-0.0559,0.0021,-0.0972,-0.1865,-0.0127,0.0715,0.0444,-0.0030,0.0522,0.0144,0.0125,-0.0005,0.0529,0.0044,-0.0217,-0.0026,0.0148,-0.0085,0.0001,-1.0000,-1.0000,-1.0000,-1.0000,-1.0000,-1.0000,-1.0000,-1.0000,-1.0000,-1.0000,-1.0000,-1.0000,-1.0000,-1.0000,-1.0000,-1.0000,-1.0000,-1.0000,-1.0000,-1.0000,-1.0000,-1.0000,-1.0000,-1.0000,-1.0000,-1.0000,-1.0000,-1.0000,-1.0000,-1.0000,-1.0000,-1.0000,-1.0000,-1.0000,-1.0000,-1.0000,-1.0000,-1.0000,-1.0000,-1.0000,-1.0000,-1.0000,-1.0000,-1.0000,-1.0000,-1.0000,-1.0000,-1.0000,-1.0000,-1.0000,-1.0000,-1.0000,-1.0000,-1.0000,-1.0000,-1.0000,-1.0000,-1.0000,-1.0000,-1.0000,-1.0000,-1.0000,-1.0000,-1.0000,-1.0000,-1.0000,-1.0000,-1.0000,-1.0000,-1.0000,-1.0000,-1.0000,-1.0000,-1.0000,-1.0000,-1.0000,-1.0000,-1.0000,-1.0000,-1.0000,-1.0000,-1.0000,-1.0000,-1.0000,-1.0000,-1.0000,-1.0000,-1.0000,-1.0000,-1.0000,-1.0000,-1.0000,-1.0000,-1.0000,-1.0000,-1.0000,-1.0000,-1.0000,-1.0000,-1.0000,-1.0000,-1.0000,-1.0000,-1.0000,-1.0000,-1.0000,-1.0000,-1.0000,-1.0000,-1.0000,-1.0000,-1.0000,-1.0000,-1.0000,-1.0000,-1.0000,-1.0000,-1.0000,-1.0000,-1.0000,-1.0000,1.8297,1.8191,1.8197,1.8077,1.8265,1.8045,1.2402,1.3445,1.4909,1.3579,1.3040,1.5492,1.4144,1.4342,1.2708,1.4580,1.3953,1.4128,1.5297,1.4899,1.4509,1.4386,1.3725,1.3928,1.3947,1.3037,1.3246,1.3099,1.2792,1.3309,1.2525,1.1867,1.2445,1.2377,1.1874,1.2667,1.2142,1.2651,1.1892,1.2026,1.4206,1.5364,1.4973,1.4585,1.4447,1.3798,1.4022,1.4004,1.3118,1.3337,1.3193,1.2875,1.3369,1.2619,1.1975,1.2545,1.2480,1.1980,1.2759,1.2248,1.2731,1.1986,1.2128,0,1.0000,-3.8126,0.2856,-2.5528
272,0.5440,-0.3219,0.0237,0.0652,-1.4281,0.1068,0.0004,0.0656,0.2083,0.0000,1.0267,0.9999,-0.0006,0.0163,0.0003,0.0003,-0.0130,0.0016,-0.0062,-0.0136,-0.0042,-0.0002,-0.0127,0.0013,-0.0062,-0.0137,-0.0007,0.0000,0.0306,-0.0014,-0.0003,0.0297,0.0067,0.0030,-0.0000,0.0308,0.0013,0.0003,0.0300,0.0068,0.0020,-0.0000,0.0824,0.0026,-0.0012,0.0278,0.0812,0.0037,-0.0035,-0.0097,-0.0427,0.0080,0.0760,0.1328,-0.0007,0.0112,-0.0255,-0.0022,-0.1334,-0.2270,-0.0087,0.0644,0.0367,0.0008,0.0363,0.0145,0.0118,-0.0005,0.0518,-0.0043,-0.0183,-0.0010,0.0150,-0.0090,0.0001,-1.0000,-1.0000,-1.0000,-1.0000,-1.0000,-1.0000,-1.0000,-1.0000,-1.0000,-1.0000,-1.0000,-1.0000,-1.0000,-1.0000,-1.0000,-1.0000,-1.0000,-1.0000,-1.0000,-1.0000,-1.0000,-1.0000,-1.0000,-1.0000,-1.0000,-1.0000,-1.0000,-1.0000,-1.0000,-1.0000,-1.0000,-1.0000,-1.0000,-1.0000,-1.0000,-1.0000,-1.0000,-1.0000,-1.0000,-1.0000,-1.0000,-1.0000,-1.0000,-1.0000,-1.0000,-1.0000,-1.0000,-1.0000,-1.0000,-1.0000,-1.0000,-1.0000,-1.0000,-1.0000,-1.0000,-1.0000,-1.0000,-1.0000,-1.0000,-1.0000,-1.0000,-1.0000,-1.0000,-1.0000,-1.0000,-1.0000,-1.0000,-1.0000,-1.0000,-1.0000,-1.0000,-1.0000,-1.0000,-1.0000,-1.0000,-1.0000,-1.0000,-1.0000,-1.0000,-1.0000,-1.0000,-1.0000,-1.0000,-1.0000,-1.0000,-1.0000,-1.0000,-1.0000,-1.0000,-1.0000,-1.0000,-1.0000,-1.0000,-1.0000,-1.0000,-1.0000,-1.0000,-1.0000,-1.0000,-1.0000,-1.0000,-1.0000,-1.0000,-1.0000,-1.0000,-1.0000,-1.0000,-1.0000,-1.0000,-1.0000,-1.0000,-1.0000,-1.0000,-1.0000,-1.0000,-1.0000,-1.0000,-1.0000,-1.0000,-1.0000,-1.0000,1.8308,1.8202,1.8207,1.8086,1.8276,1.8056,1.2413,1.3459,1.4922,1.3590,1.3054,1.5503,1.4154,1.4355,1.2719,1.4590,1.3967,1.4141,1.5309,1.4911,1.4521,1.4398,1.3736,1.3939,1.3959,1.3050,1.3257,1.3111,1.2803,1.3321,1.2537,1.1880,1.2460,1.2390,1.1887,1.2682,1.2155,1.2665,1.1907,1.2040,1.4219,1.5376,1.4986,1.4598,1.4459,1.3809,1.4034,1.4016,1.3132,1.3349,1.3205,1.2886,1.3381,1.2631,1.1989,1.2560,1.2494,1.1994,1.2773,1.2261,1.2746,1.2001,1.2143,0,1.0000,-3.8126,0.2856,-2.5528
273,0.5460,-0.3248,0.0239,0.0652,-1.4281,0.1068,0.0003,0.0656,0.2085,0.0000,1.0267,0.9999,-0.0006,0.0163,0.0003,0.0003,-0.0130,0.0015,-0.0062,-0.0135,-0.0039,-0.0002,-0.0127,0.0012,-0.0062,-0.0139,-0.0010,0.0000,0.0307,-0.0014,-0.0003,0.0297,0.0068,0.0031,-0.0000,0.0309,0.0012,0.0003,0.0300,0.0069,0.0019,-0.0000,0.0829,0.0024,0.0016,0.0275,0.0828,0.0033,-0.0031,-0.0087,-0.0437,0.0062,0.0550,0.1654,-0.0009,0.0083,-0.0283,-0.0018,-0.1173,-0.1545,-0.0081,0.0632,0.0370,0.0014,0.0399,0.0145,0.0118,-0.0005,0.0508,-0.0046,-0.0178,0.0038,0.0151,-0.0095,0.0001,-1.0000,-1.0000,-1.0000,-1.0000,-1.0000,-1.0000,-1.0000,-1.0000,-1.0000,-1.0000,-1.0000,-1.0000,-1.0000,-1.0000,-1.0000,-1.0000,-1.0000,-1.0000,-1.0000,-1.0000,-1.0000,-1.0000,-1.0000,-1.0000,-1.0000,-1.0000,-1.0000,-1.0000,-1.0000,-1.0000,-1.0000,-1.0000,-1.0000,-1.0000,-1.0000,-1.0000,-1.0000,-1.0000,-1.0000,-1.0000,-1.0000,-1.0000,-1.0000,-1.0000,-1.0000,-1.0000,-1.0000,-1.0000,-1.0000,-1.0000,-1.0000,-1.0000,-1.0000,-1.0000,-1.0000,-1.0000,-1.0000,-1.0000,-1.0000,-1.0000,-1.0000,-1.0000,-1.0000,-1.0000,-1.0000,-1.0000,-1.0000,-1.0000,-1.0000,-1.0000,-1.0000,-1.0000,-1.0000,-1.0000,-1.0000,-1.0000,-1.0000,-1.0000,-1.0000,-1.0000,-1.0000,-1.0000,-1.0000,-1.0000,-1.0000,-1.0000,-1.0000,-1.0000,-1.0000,-1.0000,-1.0000,-1.0000,-1.0000,-1.0000,-1.0000,-1.0000,-1.0000,-1.0000,-1.0000,-1.0000,-1.0000,-1.0000,-1.0000,-1.0000,-1.0000,-1.0000,-1.0000,-1.0000,-1.0000,-1.0000,-1.0000,-1.0000,-1.0000,-1.0000,-1.0000,-1.0000,-1.0000,-1.0000,-1.0000,-1.0000,-1.0000,1.8318,1.8213,1.8217,1.8096,1.8286,1.8066,1.2424,1.3473,1.4935,1.3600,1.3068,1.5514,1.4164,1.4368,1.2730,1.4600,1.3980,1.4153,1.5321,1.4923,1.4533,1.4410,1.3747,1.3951,1.3971,1.3063,1.3268,1.3123,1.2815,1.3333,1.2548,1.1893,1.2474,1.2403,1.1901,1.2696,1.2167,1.2679,1.1922,1.2055,1.4231,1.5388,1.4998,1.4610,1.4472,1.3820,1.4046,1.4029,1.3145,1.3360,1.3218,1.2898,1.3393,1.2643,1.2002,1.2575,1.2507,1.2008,1.2788,1.2274,1.2760,1.2016,1.2158,0,1.0000,-3.8126,0.2856,-2.5528
273,0.5460,-0.3248,0.0239,0.0652,-1.4281,0.1068,0.0003,0.0656,0.2085,0.0000,1.0267,0.9999,-0.0006,0.0163,0.0003,0.0003,-0.0130,0.0015,-0.0062,-0.0135,-0.0039,-0.0002,-0.0127,0.0012,-0.0062,-0.0139,-0.0010,0.0000,0.0307,-0.0014,-0.0003,0.0297,0.0068,0.0031,-0.0000,0.0309,0.0012,0.0003,0.0300,0.0069,0.0019,-0.0000,0.0829,0.0024,0.0016,0.0275,0.0828,0.0033,-0.0031,-0.0087,-0.0437,0.0062,0.0550,0.1654,-0.0009,0.0083,-0.0283,-0.0018,-0.1173,-0.1545,-0.0081,0.0632,0.0370,0.0014,0.0399,0.0145,0.0118,-0.0005,0.0508,-0.0046,-0.0178,0.0038,0.0151,-0.0095,0.0001,-1.0000,-1.0000,-1.0000,-1.0000,-1.0000,-1.0000,-1.0000,-1.0000,-1.0000,-1.0000,-1.0000,-1.0000,-1.0000,-1.0000,-1.0000,-1.0000,-1.0000,-1.0000,-1.0000,-1.0000,-1.0000,-1.0000,-1.0000,-1.0000,-1.0000,-1.0000,-1.0000,-1.0000,-1.0000,-1.0000,-1.0000,-1.0000,-1.0000,-1.0000,-1.0000,-1.0000,-1.0000,-1.0000,-1.0000,-1.0000,-1.0000,-1.0000,-1.0000,-1.0000,-1.0000,-1.0000,-1.0000,-1.0000,-1.0000,-1.0000,-1.0000,-1.0000,-1.0000,-1.0000,-1.0000,-1.0000,-1.0000,-1.0000,-1.0000,-1.0000,-1.0000,-1.0000,-1.0000,-1.0000,-1.0000,-1.0000,-1.0000,-1.0000,-1.0000,-1.0000,-1.0000,-1.0000,-1.0000,-1.0000,-1.0000,-1.0000,-1.0000,-1.0000,-1.0000,-1.0000,-1.0000,-1.0000,-1.0000,-1.0000,-1.0000,-1.0000,-1.0000,-1.0000,-1.0000,-1.0000,-1.0000,-1.0000,-1.0000,-1.0000,-1.0000,-1.0000,-1.0000,-1.0000,-1.0000,-1.0000,-1.0000,-1.0000,-1.0000,-1.0000,-1.0000,-1.0000,-1.0000,-1.0000,-1.0000,-1.0000,-1.0000,-1.0000,-1.0000,-1.0000,-1.0000,-1.0000,-1.0000,-1.0000,-1.0000,-1.0000,-1.0000,1.8318,1.8213,1.8217,1.8096,1.8286,1.8066,1.2424,1.3473,1.4935,1.3600,1.3068,1.5514,1.4164,1.4368,1.2730,1.4600,1.3980,1.4153,1.5321,1.4923,1.4533,1.4410,1.3747,1.3951,1.3971,1.3063,1.3268,1.3123,1.2815,1.3333,1.2548,1.1893,1.2474,1.2403,1.1901,1.2696,1.2167,1.2679,1.1922,1.2055,1.4231,1.5388,1.4998,1.4610,1.4472,1.3820,1.4046,1.4029,1.3145,1.3360,1.3218,1.2898,1.3393,1.2643,1.2002,1.2575,1.2507,1.2008,1.2788,1.2274,1.2760,1.2016,1.2158,0,1.0000,-3.8126,0.2856,-2.5528
274,0.5480,-0.3277,0.0241,0.0652,-1.4281,0.1068,0.0002,0.0656,0.2086,0.0000,1.0267,0.9999,-0.0006,0.0164,0.0003,0.0003,-0.0130,0.0014,-0.0062,-0.0134,-0.0033,-0.0002,-0.0127,0.0012,-0.0062,-0.0141,-0.0012,0.0000,0.0309,-0.0013,-0.0003,0.0298,0.0068,0.0031,-0.0000,0.0310,0.0012,0.0003,0.0300,0.0069,0.0019,-0.0000,0.0832,0.0014,0.0009,0.0124,0.0837,0.0024,-0.0029,-0.0058,-0.0316,0.0041,0.0203,0.3109,-0.0007,0.0065,-0.0121,-0.0017,-0.1024,-0.0915,-0.0055,0.0586,0.0327,0.0040,0.0323,0.0146,0.0114,-0.0005,0.0502,-0.0095,-0.0154,0.0078,0.0152,-0.0078,0.0001,-1.0000,-1.0000,-1.0000,-1.0000,-1.0000,-1.0000,-1.0000,-1.0000,-1.0000,-1.0000,-1.0000,-1.0000,-1.0000,-1.0000,-1.0000,-1.0000,-1.0000,-1.0000,-1.0000,-1.0000,-1.0000,-1.0000,-1.0000,-1.0000,-1.0000,-1.0000,-1.0000,-1.0000,-1.0000,-1.0000,-1.0000,-1.0000,-1.0000,-1.0000,-1.0000,-1.0000,-1.0000,-1.0000,-1.0000,-1.0000,-1.0000,-1.0000,-1.0000,-1.0000,-1.0000,-1.0000,-1.0000,-1.0000,-1.0000,-1.0000,-1.0000,-1.0000,-1.0000,-1.0000,-1.0000,-1.0000,-1.0000,-1.0000,-1.0000,-1.0000,-1.0000,-1.0000,-1.0000,-1.0000,-1.0000,-1.0000,-1.0000,-1.0000,-1.0000,-1.0000,-1.0000,-1.0000,-1.0000,-1.0000,-1.0000,-1.0000,-1.0000,-1.0000,-1.0000,-1.0000,-1.0000,-1.0000,-1.0000,-1.0000,-1.0000,-1.0000,-1.0000,-1.0000,-1.0000,-1.0000,-1.0000,-1.0000,-1.0000,-1.0000,-1.0000,-1.0000,-1.0000,-1.0000,-1.0000,-1.0000,-1.0000,-1.0000,-1.0000,-1.0000,-1.0000,-1.0000,-1.0000,-1.0000,-1.0000,-1.0000,-1.0000,-1.0000,-1.0000,-1.0000,-1.0000,-1.0000,-1.0000,-1.0000,-1.0000,-1.0000,-1.0000,1.8329,1.8225,1.8227,1.8106,1.8297,1.8077,1.2436,1.3487,1.4948,1.3611,1.3083,1.5525,1.4174,1.4382,1.2741,1.4610,1.3994,1.4166,1.5332,1.4935,1.4545,1.4422,1.3758,1.3962,1.3983,1.3076,1.3280,1.3136,1.2826,1.3345,1.2560,1.1906,1.2489,1.2416,1.1915,1.2711,1.2180,1.2694,1.1937,1.2069,1.4244,1.5400,1.5010,1.4623,1.4484,1.3831,1.4058,1.4041,1.3158,1.3372,1.3231,1.2910,1.3405,1.2655,1.2016,1.2590,1.2521,1.2022,1.2803,1.2288,1.2775,1.2031,1.2173,0,1.0000,-3.8126,0.2856,-2.5528
275,0.5500,-0.3305,0.0243,0.0652,-1.4281,0.1068,0.0002,0.0656,0.2088,0.0000,1.0267,0.9999,-0.0006,0.0165,0.0004,0.0003,-0.0130,0.0014,-0.0062,-0.0134,-0.0024,-0.0002,-0.0127,0.0012,-0.0062,-0.0143,-0.0013,-0.0000,0.0310,-0.0012,-0.0003,0.0299,0.0068,0.0031,-0.0000,0.0311,0.0012,0.0003,0.0300,0.0069,0.0019,-0.0000,0.0835,0.0004,-0.0000,-0.0023,0.0845,0.0017,-0.0028,-0.0035,-0.0195,0.0024,-0.0088,0.4459,-0.0005,0.0049,0.0040,-0.0016,-0.0898,-0.0383,-0.0030,0.0539,0.0286,0.0064,0.0245,0.0147,0.0110,-0.0004,0.0494,-0.0142,-0.0132,0.0110,0.0154,-0.0061,0.0001,-1.0000,-1.0000,-1.0000,-1.0000,-1.0000,-1.0000,-1.0000,-1.0000,-1.0000,-1.0000,-1.0000,-1.0000,-1.0000,-1.0000,-1.0000,-1.0000,-1.0000,-1.0000,-1.0000,-1.0000,-1.0000,-1.0000,-1.0000,-1.0000,-1.0000,-1.0000,-1.0000,-1.0000,-1.0000,-1.0000,-1.0000,-1.0000,-1.0000,-1.0000,-1.0000,-1.0000,-1.0000,-1.0000,-1.0000,-1.0000,-1.0000,-1.0000,-1.0000,-1.0000,-1.0000,-1.0000,-1.0000,-1.0000,-1.0000,-1.0000,-1.0000,-1.0000,-1.0000,-1.0000,-1.0000,-1.0000,-1.0000,-1.0000,-1.0000,-1.0000,-1.0000,-1.0000,-1.0000,-1.0000,-1.0000,-1.0000,-1.0000,-1.0000,-1.0000,-1.0000,-1.0000,-1.0000,-1.0000,-1.0000,-1.0000,-1.0000,-1.0000,-1.0000,-1.0000,-1.0000,-1.0000,-1.0000,-1.0000,-1.0000,-1.0000,-1.0000,-1.0000,-1.0000,-1.0000,-1.0000,-1.0000,-1.0000,-1.0000,-1.0000,-1.0000,-1.0000,-1.0000,-1.0000,-1.0000,-1.0000,-1.0000,-1.0000,-1.0000,-1.0000,-1.0000,-1.0000,-1.0000,-1.0000,-1.0000,-1.0000,-1.0000,-1.0000,-1.0000,-1.0000,-1.0000,-1.0000,-1.0000,-1.0000,-1.0000,-1.0000,-1.0000,1.8339,1.8236,1.8237,1.8115,1.8308,1.8087,1.2447,1.3501,1.4961,1.3622,1.3097,1.5536,1.4184,1.4395,1.2752,1.4620,1.4008,1.4178,1.5344,1.4947,1.4558,1.4434,1.3768,1.3974,1.3996,1.3089,1.3291,1.3148,1.2837,1.3356,1.2572,1.1919,1.2503,1.2430,1.1929,1.2725,1.2193,1.2708,1.1951,1.2083,1.4257,1.5413,1.5023,1.4636,1.4497,1.3843,1.4070,1.4054,1.3172,1.3384,1.3244,1.2921,1.3417,1.2668,1.2029,1.2606,1.2535,1.2037,1.2818,1.2301,1.2790,1.2047,1.2188,0,1.0000,-3.8126,0.2856,-2.5528
275,0.5500,-0.3305,0.0243,0.0652,-1.4281,0.1068,0.0002,0.0656,0.2088,0.0000,1.0267,0.9999,-0.0006,0.0165,0.0004,0.0003,-0.0130,0.0014,-0.0062,-0.0134,-0.0024,-0.0002,-0.0127,0.0012,-0.0062,-0.0143,-0.0013,-0.0000,0.0310,-0.0012,-0.0003,0.0299,0.0068,0.0031,-0.0000,0.0311,0.0012,0.0003,0.0300,0.0069,0.0019,-0.0000,0.0835,0.0004,-0.0000,-0.0023,0.0845,0.0017,-0.0028,-0.0035,-0.0195,0.0024,-0.0088,0.4459,-0.0005,0.0049,0.0040,-0.0016,-0.0898,-0.0383,-0.0030,0.0539,0.0286,0.0064,0.0245,0.0147,0.0110,-0.0004,0.0494,-0.0142,-0.0132,0.0110,0.0154,-0.0061,0.0001,-1.0000,-1.0000,-1.0000,-1.0000,-1.0000,-1.0000,-1.0000,-1.0000,-1.0000,-1.0000,-1.0000,-1.0000,-1.0000,-1.0000,-1.0000,-1.0000,-1.0000,-1.0000,-1.0000,-1.0000,-1.0000,-1.0000,-1.0000,-1.0000,-1.0000,-1.0000,-1.0000,-1.0000,-1.0000,-1.0000,-1.0000,-1.0000,-1.0000,-1.0000,-1.0000,-1.0000,-1.0000,-1.0000,-1.0000,-1.0000,-1.0000,-1.0000,-1.0000,-1.0000,-1.0000,-1.0000,-1.0000,-1.0000,-1.0000,-1.0000,-1.0000,-1.0000,-1.0000,-1.0000,-1.0000,-1.0000,-1.0000,-1.0000,-1.0000,-1.0000,-1.0000,-1.0000,-1.0000,-1.0000,-1.0000,-1.0000,-1.0000,-1.0000,-1.0000,-1.0000,-1.0000,-1.0000,-1.0000,-1.0000,-1.0000,-1.0000,-1.0000,-1.0000,-1.0000,-1.0000,-1.0000,-1.0000,-1.0000,-1.0000,-1.0000,-1.0000,-1.0000,-1.0000,-1.0000,-1.0000,-1.0000,-1.0000,-1.0000,-1.0000,-1.0000,-1.0000,-1.0000,-1.0000,-1.0000,-1.0000,-1.0000,-1.0000,-1.0000,-1.0000,-1.0000,-1.0000,-1.0000,-1.0000,-1.0000,-1.0000,-1.0000,-1.0000,-1.0000,-1.0000,-1.0000,-1.0000,-1.0000,-1.0000,-1.0000,-1.0000,-1.0000,1.8339,1.8236,1.8237,1.8115,1.8308,1.8087,1.2447,1.3501,1.4961,1.3622,1.3097,1.5536,1.4184,1.4395,1.2752,1.4620,1.4008,1.4178,1.5344,1.4947,1.4558,1.4434,1.3768,1.3974,1.3996,1.3089,1.3291,1.3148,1.2837,1.3356,1.2572,1.1919,1.2503,1.2430,1.1929,1.2725,1.2193,1.2708,1.1951,1.2083,1.4257,1.5413,1.5023,1.4636,1.4497,1.3843,1.4070,1.4054,1.3172,1.3384,1.3244,1.2921,1.3417,1.2668,1.2029,1.2606,1.2535,1.2037,1.2818,1.2301,1.2790,1.2047,1.2188,0,1.0000,-3.8126,0.2856,-2.5528
276,0.5520,-0.3334,0.0245,0.0652,-1.4281,0.1068,0.0001,0.0656,0.2090,0.0000,1.0267,0.9999,-0.0006,0.0166,0.0004,0.0002,-0.0130,0.0013,-0.0062,-0.0135,-0.0017,-0.0002,-0.0127,0.0012,-0.0062,-0.0144,-0.0012,-0.0000,0.0311,-0.0012,-0.0003,0.0299,0.0069,0.0031,-0.0000,0.0312,0.0012,0.0002,0.0300,0.0070,0.0019,-0.0000,0.0840,0.0004,0.0018,-0.0012,0.0859,0.0015,-0.0021,-0.0015,-0.0176,-0.0000,-0.0350,0.3733,-0.0007,0.0029,0.0005,-0.0014,-0.0805,0.0057,-0.0030,0.0524,0.0292,0.0065,0.0271,0.0147,0.0109,-0.0004,0.0477,-0.0141,-0.0131,0.0131,0.0154,-0.0045,0.0001,-1.0000,-1.0000,-1.0000,-1.0000,-1.0000,-1.0000,-1.0000,-1.0000,-1.0000,-1.0000,-1.0000,-1.0000,-1.0000,-1.0000,-1.0000,-1.0000,-1.0000,-1.0000,-1.0000,-1.0000,-1.0000,-1.0000,-1.0000,-1.0000,-1.0000,-1.0000,-1.0000,-1.0000,-1.0000,-1.0000,-1.0000,-1.0000,-1.0000,-1.0000,-1.0000,-1.0000,-1.0000,-1.0000,-1.0000,-1.0000,-1.0000,-1.0000,-1.0000,-1.0000,-1.0000,-1.0000,-1.0000,-1.0000,-1.0000,-1.0000,-1.0000,-1.0000,-1.0000,-1.0000,-1.0000,-1.0000,-1.0000,-1.0000,-1.0000,-1.0000,-1.0000,-1.0000,-1.0000,-1.0000,-1.0000,-1.0000,-1.0000,-1.0000,-1.0000,-1.0000,-1.0000,-1.0000,-1.0000,-1.0000,-1.0000,-1.0000,-1.0000,-1.0000,-1.0000,-1.0000,-1.0000,-1.0000,-1.0000,-1.0000,-1.0000,-1.0000,-1.0000,-1.0000,-1.0000,-1.0000,-1.0000,-1.0000,-1.0000,-1.0000,-1.0000,-1.0000,-1.0000,-1.0000,-1.0000,-1.0000,-1.0000,-1.0000,-1.0000,-1.0000,-1.0000,-1.0000,-1.0000,-1.0000,-1.0000,-1.0000,-1.0000,-1.0000,-1.0000,-1.0000,-1.0000,-1.0000,-1.0000,-1.0000,-1.0000,-1.0000,-1.0000,1.8350,1.8248,1.8248,1.8125,1.8319,1.8098,1.2458,1.3515,1.4973,1.3632,1.3112,1.5548,1.4195,1.4409,1.2763,1.4630,1.4021,1.4191,1.5356,1.4959,1.4570,1.4446,1.3779,1.3985,1.4008,1.3102,1.3302,1.3160,1.2849,1.3368,1.2584,1.1932,1.2518,1.2443,1.1942,1.2739,1.2206,1.2722,1.1966,1.2098,1.4270,1.5425,1.5036,1.4649,1.4510,1.3854,1.4082,1.4066,1.3186,1.3396,1.3257,1.2933,1.3430,1.2681,1.2043,1.2621,1.2549,1.2051,1.2833,1.2314,1.2805,1.2062,1.2203,0,1.0000,-3.8126,0.2856,-2.5528
276,0.5520,-0.3334,0.0245,0.0652,-1.4281,0.1068,0.0001,0.0656,0.2090,0.0000,1.0267,0.9999,-0.0006,0.0166,0.0004,0.0002,-0.0130,0.0013,-0.0062,-0.0135,-0.0017,-0.0002,-0.0127,0.0012,-0.0062,-0.0144,-0.0012,-0.0000,0.0311,-0.0012,-0.0003,0.0299,0.0069,0.0031,-0.0000,0.0312,0.0012,0.0002,0.0300,0.0070,0.0019,-0.0000,0.0840,0.0004,0.0018,-0.0012,0.0859,0.0015,-0.0021,-0.0015,-0.0176,-0.0000,-0.0350,0.3733,-0.0007,0.0029,0.0005,-0.0014,-0.0805,0.0057,-0.0030,0.0524,0.0292,0.0065,0.0271,0.0147,0.0109,-0.0004,0.0477,-0.0141,-0.0131,0.0131,0.0154,-0.0045,0.0001,-1.0000,-1.0000,-1.0000,-1.0000,-1.0000,-1.0000,-1.0000,-1.0000,-1.0000,-1.0000,-1.0000,-1.0000,-1.0000,-1.0000,-1.0000,-1.0000,-1.0000,-1.0000,-1.0000,-1.0000,-1.0000,-1.0000,-1.0000,-1.0000,-1.0000,-1.0000,-1.0000,-1.0000,-1.0000,-1.0000,-1.0000,-1.0000,-1.0000,-1.0000,-1.0000,-1.0000,-1.0000,-1.0000,-1.0000,-1.0000,-1.0000,-1.0000,-1.0000,-1.0000,-1.0000,-1.0000,-1.0000,-1.0000,-1.0000,-1.0000,-1.0000,-1.0000,-1.0000,-1.0000,-1.0000,-1.0000,-1.0000,-1.0000,-1.0000,-1.0000,-1.0000,-1.0000,-1.0000,-1.0000,-1.0000,-1.0000,-1.0000,-1.0000,-1.0000,-1.0000,-1.0000,-1.0000,-1.0000,-1.0000,-1.0000,-1.0000,-1.0000,-1.0000,-1.0000,-1.0000,-1.0000,-1.0000,-1.0000,-1.0000,-1.0000,-1.0000,-1.0000,-1.0000,-1.0000,-1.0000,-1.0000,-1.0000,-1.0000,-1.0000,-1.0000,-1.0000,-1.0000,-1.0000,-1.0000,-1.0000,-1.0000,-1.0000,-1.0000,-1.0000,-1.0000,-1.0000,-1.0000,-1.0000,-1.0000,-1.0000,-1.0000,-1.0000,-1.0000,-1.0000,-1.0000,-1.0000,-1.0000,-1.0000,-1.0000,-1.0000,-1.0000,1.8350,1.8248,1.8248,1.8125,1.8319,1.8098,1.2458,1.3515,1.4973,1.3632,1.3112,1.5548,1.4195,1.4409,1.2763,1.4630,1.4021,1.4191,1.5356,1.4959,1.4570,1.4446,1.3779,1.3985,1.4008,1.3102,1.3302,1.3160,1.2849,1.3368,1.2584,1.1932,1.2518,1.2443,1.1942,1.2739,1.2206,1.2722,1.1966,1.2098,1.4270,1.5425,1.5036,1.4649,1.4510,1.3854,1.4082,1.4066,1.3186,1.3396,1.3257,1.2933,1.3430,1.2681,1.2043,1.2621,1.2549,1.2051,1.2833,1.2314,1.2805,1.2062,1.2203,0,1.0000,-3.8126,0.2856,-2.5528
277,0.5540,-0.3362,0.0247,0.0652,-1.4281,0.1068,0.0001,0.0656,0.2091,0.0000,1.0267,0.9999,-0.0006,0.0167,0.0004,0.0002,-0.0130,0.0013,-0.0062,-0.0136,-0.0010,-0.0003,-0.0127,0.0012,-0.0062,-0.0146,-0.0012,-0.0000,0.0312,-0.0011,-0.0003,0.0300,0.0069,0.0031,-0.0000,0.0313,0.0011,0.0002,0.0301,0.0070,0.0019,-0.0000,0.0843,0.0005,0.0032,-0.0003,0.0873,0.0014,-0.0016,0.0003,-0.0155,-0.0023,-0.0590,0.3038,-0.0008,0.0010,-0.0025,-0.0012,-0.0728,0.0426,-0.0030,0.0508,0.0296,0.0066,0.0288,0.0148,0.0108,-0.0004,0.0458,-0.0140,-0.0131,0.0144,0.0154,-0.0029,0.0001,-1.0000,-1.0000,-1.0000,-1.0000,-1.0000,-1.0000,-1.0000,-1.0000,-1.0000,-1.0000,-1.0000,-1.0000,-1.0000,-1.0000,-1.0000,-1.0000,-1.0000,-1.0000,-1.0000,-1.0000,-1.0000,-1.0000,-1.0000,-1.0000,-1.0000,-1.0000,-1.0000,-1.0000,-1.0000,-1.0000,-1.0000,-1.0000,-1.0000,-1.0000,-1.0000,-1.0000,-1.0000,-1.0000,-1.0000,-1.0000,-1.0000,-1.0000,-1.0000,-1.0000,-1.0000,-1.0000,-1.0000,-1.0000,-1.0000,-1.0000,-1.0000,-1.0000,-1.0000,-1.0000,-1.0000,-1.0000,-1.0000,-1.0000,-1.0000,-1.0000,-1.0000,-1.0000,-1.0000,-1.0000,-1.0000,-1.0000,-1.0000,-1.0000,-1.0000,-1.0000,-1.0000,-1.0000,-1.0000,-1.0000,-1.0000,-1.0000,-1.0000,-1.0000,-1.0000,-1.0000,-1.0000,-1.0000,-1.0000,-1.0000,-1.0000,-1.0000,-1.0000,-1.0000,-1.0000,-1.0000,-1.0000,-1.0000,-1.0000,-1.0000,-1.0000,-1.0000,-1.0000,-1.0000,-1.0000,-1.0000,-1.0000,-1.0000,-1.0000,-1.0000,-1.0000,-1.0000,-1.0000,-1.0000,-1.0000,-1.0000,-1.0000,-1.0000,-1.0000,-1.0000,-1.0000,-1.0000,-1.0000,-1.0000,-1.0000,-1.0000,-1.0000,1.8360,1.8260,1.8258,1.8135,1.8331,1.8109,1.2470,1.3529,1.4986,1.3643,1.3126,1.5559,1.4205,1.4422,1.2775,1.4640,1.4035,1.4203,1.5368,1.4971,1.4582,1.4459,1.3790,1.3996,1.4020,1.3115,1.3314,1.3172,1.2860,1.3380,1.2596,1.1945,1.2533,1.2457,1.1956,1.2754,1.2219,1.2737,1.1981,1.2112,1.4284,1.5438,1.5048,1.4661,1.4522,1.3865,1.4094,1.4079,1.3199,1.3408,1.3270,1.2946,1.3442,1.2693,1.2057,1.2637,1.2563,1.2066,1.2849,1.2328,1.2820,1.2078,1.2218,0,1.0000,-3.8126,0.2856,-2.5528
277,0.5540,-0.3362,0.0247,0.0652,-1.4281,0.1068,0.0001,0.0656,0.2091,0.0000,1.0267,0.9999,-0.0006,0.0167,0.0004,0.0002,-0.0130,0.0013,-0.0062,-0.0136,-0.0010,-0.0003,-0.0127,0.0012,-0.0062,-0.0146,-0.0012,-0.0000,0.0312,-0.0011,-0.0003,0.0300,0.0069,0.0031,-0.0000,0.0313,0.0011,0.0002,0.0301,0.0070,0.0019,-0.0000,0.0843,0.0005,0.0032,-0.0003,0.0873,0.0014,-0.0016,0.0003,-0.0155,-0.0023,-0.0590,0.3038,-0.0008,0.0010,-0.0025,-0.0012,-0.0728,0.0426,-0.0030,0.0508,0.0296,0.0066,0.0288,0.0148,0.0108,-0.0004,0.0458,-0.0140,-0.0131,0.0144,0.0154,-0.0029,0.0001,-1.0000,-1.0000,-1.0000,-1.0000,-1.0000,-1.0000,-1.0000,-1.0000,-1.0000,-1.0000,-1.0000,-1.0000,-1.0000,-1.0000,-1.0000,-1.0000,-1.0000,-1.0000,-1.0000,-1.0000,-1.0000,-1.0000,-1.0000,-1.0000,-1.0000,-1.0000,-1.0000,-1.0000,-1.0000,-1.0000,-1.0000,-1.0000,-1.0000,-1.0000,-1.0000,-1.0000,-1.0000,-1.0000,-1.0000,-1.0000,-1.0000,-1.0000,-1.0000,-1.0000,-1.0000,-1.0000,-1.0000,-1.0000,-1.0000,-1.0000,-1.0000,-1.0000,-1.0000,-1.0000,-1.0000,-1.0000,-1.0000,-1.0000,-1.0000,-1.0000,-1.0000,-1.0000,-1.0000,-1.0000,-1.0000,-1.0000,-1.0000,-1.0000,-1.0000,-1.0000,-1.0000,-1.0000,-1.0000,-1.0000,-1.0000,-1.0000,-1.0000,-1.0000,-1.0000,-1.0000,-1.0000,-1.0000,-1.0000,-1.0000,-1.0000,-1.0000,-1.0000,-1.0000,-1.0000,-1.0000,-1.0000,-1.0000,-1.0000,-1.0000,-1.0000,-1.0000,-1.0000,-1.0000,-1.0000,-1.0000,-1.0000,-1.0000,-1.0000,-1.0000,-1.0000,-1.0000,-1.0000,-1.0000,-1.0000,-1.0000,-1.0000,-1.0000,-1.0000,-1.0000,-1.0000,-1.0000,-1.0000,-1.0000,-1.0000,-1.0000,-1.0000,1.8360,1.8260,1.8258,1.8135,1.8331,1.8109,1.2470,1.3529,1.4986,1.3643,1.3126,1.5559,1.4205,1.4422,1.2775,1.4640,1.4035,1.4203,1.5368,1.4971,1.4582,1.4459,1.3790,1.3996,1.4020,1.3115,1.3314,1.3172,1.2860,1.3380,1.2596,1.1945,1.2533,1.2457,1.1956,1.2754,1.2219,1.2737,1.1981,1.2112,1.4284,1.5438,1.5048,1.4661,1.4522,1.3865,1.4094,1.4079,1.3199,1.3408,1.3270,1.2946,1.3442,1.2693,1.2057,1.2637,1.2563,1.2066,1.2849,1.2328,1.2820,1.2078,1.2218,0,1.0000,-3.8126,0.2856,-2.5528
278,0.5560,-0.3391,0.0249,0.0652,-1.4281,0.1068,0.0001,0.0656,0.2093,0.0000,1.0267,0.9999,-0.0006,0.0168,0.0004,0.0002,-0.0130,0.0013,-0.0062,-0.0138,-0.0007,-0.0003,-0.0127,0.0012,-0.0062,-0.0147,-0.0010,-0.0000,0.0313,-0.0011,-0.0003,0.0300,0.0069,0.0032,-0.0000,0.0314,0.0011,0.0002,0.0301,0.0070,0.0019,-0.0000,0.0847,0.0005,0.0038,-0.0018,0.0885,0.0014,-0.0007,0.0032,-0.0082,-0.0053,-0.0927,0.1889,-0.0010,-0.0005,-0.0022,-0.0012,-0.0663,0.0739,-0.0027,0.0485,0.0290,0.0071,0.0281,0.0148,0.0106,-0.0004,0.0439,-0.0151,-0.0127,0.0152,0.0154,-0.0014,0.0001,-1.0000,-1.0000,-1.0000,-1.0000,-1.0000,-1.0000,-1.0000,-1.0000,-1.0000,-1.0000,-1.0000,-1.0000,-1.0000,-1.0000,-1.0000,-1.0000,-1.0000,-1.0000,-1.0000,-1.0000,-1.0000,-1.0000,-1.0000,-1.0000,-1.0000,-1.0000,-1.0000,-1.0000,-1.0000,-1.0000,-1.0000,-1.0000,-1.0000,-1.0000,-1.0000,-1.0000,-1.0000,-1.0000,-1.0000,-1.0000,-1.0000,-1.0000,-1.0000,-1.0000,-1.0000,-1.0000,-1.0000,-1.0000,-1.0000,-1.0000,-1.0000,-1.0000,-1.0000,-1.0000,-1.0000,-1.0000,-1.0000,-1.0000,-1.0000,-1.0000,-1.0000,-1.0000,-1.0000,-1.0000,-1.0000,-1.0000,-1.0000,-1.0000,-1.0000,-1.0000,-1.0000,-1.0000,-1.0000,-1.0000,-1.0000,-1.0000,-1.0000,-1.0000,-1.0000,-1.0000,-1.0000,-1.0000,-1.0000,-1.0000,-1.0000,-1.0000,-1.0000,-1.0000,-1.0000,-1.0000,-1.0000,-1.0000,-1.0000,-1.0000,-1.0000,-1.0000,-1.0000,-1.0000,-1.0000,-1.0000,-1.0000,-1.0000,-1.0000,-1.0000,-1.0000,-1.0000,-1.0000,-1.0000,-1.0000,-1.0000,-1.0000,-1.0000,-1.0000,-1.0000,-1.0000,-1.0000,-1.0000,-1.0000,-1.0000,-1.0000,-1.0000,1.8371,1.8271,1.8269,1.8145,1.8342,1.8119,1.2481,1.3544,1.5000,1.3654,1.3141,1.5570,1.4215,1.4436,1.2786,1.4650,1.4049,1.4216,1.5380,1.4983,1.4595,1.4471,1.3801,1.4008,1.4032,1.3128,1.3325,1.3185,1.2872,1.3393,1.2608,1.1958,1.2547,1.2470,1.1970,1.2769,1.2232,1.2751,1.1996,1.2127,1.4297,1.5450,1.5061,1.4675,1.4535,1.3877,1.4106,1.4092,1.3213,1.3420,1.3283,1.2958,1.3455,1.2706,1.2071,1.2652,1.2578,1.2081,1.2864,1.2342,1.2835,1.2093,1.2234,0,1.0000,-3.8126,0.2856,-2.5528
279,0.5580,-0.3419,0.0252,0.0652,-1.4281,0.1068,0.0001,0.0656,0.2095,0.0000,1.0267,0.9999,-0.0006,0.0169,0.0004,0.0002,-0.0130,0.0013,-0.0062,-0.0141,-0.0005,-0.0003,-0.0127,0.0012,-0.0062,-0.0148,-0.0008,-0.0000,0.0314,-0.0010,-0.0003,0.0301,0.0069,0.0032,-0.0000,0.0314,0.0011,0.0002,0.0301,0.0071,0.0019,-0.0000,0.0851,0.0005,0.0042,-0.0036,0.0897,0.0013,0.0001,0.0057,-0.0009,-0.0080,-0.1224,0.0817,-0.0011,-0.0019,-0.0014,-0.0012,-0.0609,0.0996,-0.0024,0.0460,0.0283,0.0076,0.0269,0.0148,0.0104,-0.0004,0.0418,-0.0161,-0.0123,0.0156,0.0154,0.0001,0.0000,-1.0000,-1.0000,-1.0000,-1.0000,-1.0000,-1.0000,-1.0000,-1.0000,-1.0000,-1.0000,-1.0000,-1.0000,-1.0000,-1.0000,-1.0000,-1.0000,-1.0000,-1.0000,-1.0000,-1.0000,-1.0000,-1.0000,-1.0000,-1.0000,-1.0000,-1.0000,-1.0000,-1.0000,-1.0000,-1.0000,-1.0000,-1.0000,-1.0000,-1.0000,-1.0000,-1.0000,-1.0000,-1.0000,-1.0000,-1.0000,-1.0000,-1.0000,-1.0000,-1.0000,-1.0000,-1.0000,-1.0000,-1.0000,-1.0000,-1.0000,-1.0000,-1.0000,-1.0000,-1.0000,-1.0000,-1.0000,-1.0000,-1.0000,-1.0000,-1.0000,-1.0000,-1.0000,-1.0000,-1.0000,-1.0000,-1.0000,-1.0000,-1.0000,-1.0000,-1.0000,-1.0000,-1.0000,-1.0000,-1.0000,-1.0000,-1.0000,-1.0000,-1.0000,-1.0000,-1.0000,-1.0000,-1.0000,-1.0000,-1.0000,-1.0000,-1.0000,-1.0000,-1.0000,-1.0000,-1.0000,-1.0000,-1.0000,-1.0000,-1.0000,-1.0000,-1.0000,-1.0000,-1.0000,-1.0000,-1.0000,-1.0000,-1.0000,-1.0000,-1.0000,-1.0000,-1.0000,-1.0000,-1.0000,-1.0000,-1.0000,-1.0000,-1.0000,-1.0000,-1.0000,-1.0000,-1.0000,-1.0000,-1.0000,-1.0000,-1.0000,-1.0000,1.8382,1.8283,1.8279,1.8155,1.8353,1.8130,1.2493,1.3558,1.5013,1.3665,1.3155,1.5582,1.4226,1.4449,1.2798,1.4661,1.4063,1.4229,1.5392,1.4996,1.4607,1.4484,1.3812,1.4020,1.4045,1.3141,1.3337,1.3197,1.2883,1.3405,1.2621,1.1971,1.2562,1.2484,1.1984,1.2783,1.2245,1.2766,1.2011,1.2141,1.4310,1.5463,1.5074,1.4688,1.4548,1.3888,1.4118,1.4104,1.3227,1.3433,1.3296,1.2970,1.3467,1.2719,1.2085,1.2668,1.2592,1.2096,1.2879,1.2356,1.2851,1.2109,1.2249,0,1.0000,-3.8126,0.2856,-2.5528
279,0.5580,-0.3419,0.0252,0.0652,-1.4281,0.1068,0.0001,0.0656,0.2095,0.0000,1.0267,0.9999,-0.0006,0.0169,0.0004,0.0002,-0.0130,0.0013,-0.0062,-0.0141,-0.0005,-0.0003,-0.0127,0.0012,-0.0062,-0.0148,-0.0008,-0.0000,0.0314,-0.0010,-0.0003,0.0301,0.0069,0.0032,-0.0000,0.0314,0.0011,0.0002,0.0301,0.0071,0.0019,-0.0000,0.0851,0.0005,0.0042,-0.0036,0.0897,0.0013,0.0001,0.0057,-0.0009,-0.0080,-0.1224,0.0817,-0.0011,-0.0019,-0.0014,-0.0012,-0.0609,0.0996,-0.0024,0.0460,0.0283,0.0076,0.0269,0.0148,0.0104,-0.0004,0.0418,-0.0161,-0.0123,0.0156,0.0154,0.0001,0.0000,-1.0000,-1.0000,-1.0000,-1.0000,-1.0000,-1.0000,-1.0000,-1.0000,-1.0000,-1.0000,-1.0000,-1.0000,-1.0000,-1.0000,-1.0000,-1.0000,-1.0000,-1.0000,-1.0000,-1.0000,-1.0000,-1.0000,-1.0000,-1.0000,-1.0000,-1.0000,-1.0000,-1.0000,-1.0000,-1.0000,-1.0000,-1.0000,-1.0000,-1.0000,-1.0000,-1.0000,-1.0000,-1.0000,-1.0000,-1.0000,-1.0000,-1.0000,-1.0000,-1.0000,-1.0000,-1.0000,-1.0000,-1.0000,-1.0000,-1.0000,-1.0000,-1.0000,-1.0000,-1.0000,-1.0000,-1.0000,-1.0000,-1.0000,-1.0000,-1.0000,-1.0000,-1.0000,-1.0000,-1.0000,-1.0000,-1.0000,-1.0000,-1.0000,-1.0000,-1.0000,-1.0000,-1.0000,-1.0000,-1.0000,-1.0000,-1.0000,-1.0000,-1.0000,-1.0000,-1.0000,-1.0000,-1.0000,-1.0000,-1.0000,-1.0000,-1.0000,-1.0000,-1.0000,-1.0000,-1.0000,-1.0000,-1.0000,-1.0000,-1.0000,-1.0000,-1.0000,-1.0000,-1.0000,-1.0000,-1.0000,-1.0000,-1.0000,-1.0000,-1.0000,-1.0000,-1.0000,-1.0000,-1.0000,-1.0000,-1.0000,-1.0000,-1.0000,-1.0000,-1.0000,-1.0000,-1.0000,-1.0000,-1.0000,-1.0000,-1.0000,-1.0000,1.8382,1.8283,1.8279,1.8155,1.8353,1.8130,1.2493,1.3558,1.5013,1.3665,1.3155,1.5582,1.4226,1.4449,1.2798,1.4661,1.4063,1.4229,1.5392,1.4996,1.4607,1.4484,1.3812,1.4020,1.4045,1.3141,1.3337,1.3197,1.2883,1.3405,1.2621,1.1971,1.2562,1.2484,1.1984,1.2783,1.2245,1.2766,1.2011,1.2141,1.4310,1.5463,1.5074,1.4688,1.4548,1.3888,1.4118,1.4104,1.3227,1.3433,1.3296,1.2970,1.3467,1.2719,1.2085,1.2668,1.2592,1.2096,1.2879,1.2356,1.2851,1.2109,1.2249,0,1.0000,-3.8126,0.2856,-2.5528
280,0.5600,-0.3448,0.0254,0.0652,-1.4281,0.1068,0.0000,0.0656,0.2096,0.0000,1.0267,0.9999,-0.0006,0.0169,0.0004,0.0002,-0.0130,0.0013,-0.0062,-0.0144,-0.0006,-0.0003,-0.0127,0.0012,-0.0062,-0.0150,-0.0003,-0.0000,0.0314,-0.0009,-0.0003,0.0301,0.0070,0.0032,-0.0001,0.0315,0.0011,0.0001,0.0302,0.0071,0.0019,-0.0000,0.0854,0.0010,0.0014,0.0072,0.0903,0.0016,0.0006,0.0093,-0.0091,-0.0112,-0.1531,-0.0285,-0.0020,-0.0013,-0.0216,-0.0016,-0.0730,0.2387,-0.0039,0.0437,0.0323,0.0065,0.0248,0.0147,0.0101,-0.0004,0.0367,-0.0127,-0.0135,0.0062,0.0153,0.0012,0.0000,-1.0000,-1.0000,-1.0000,-1.0000,-1.0000,-1.0000,-1.0000,-1.0000,-1.0000,-1.0000,-1.0000,-1.0000,-1.0000,-1.0000,-1.0000,-1.0000,-1.0000,-1.0000,-1.0000,-1.0000,-1.0000,-1.0000,-1.0000,-1.0000,-1.0000,-1.0000,-1.0000,-1.0000,-1.0000,-1.0000,-1.0000,-1.0000,-1.0000,-1.0000,-1.0000,-1.0000,-1.0000,-1.0000,-1.0000,-1.0000,-1.0000,-1.0000,-1.0000,-1.0000,-1.0000,-1.0000,-1.0000,-1.0000,-1.0000,-1.0000,-1.0000,-1.0000,-1.0000,-1.0000,-1.0000,-1.0000,-1.0000,-1.0000,-1.0000,-1.0000,-1.0000,-1.0000,-1.0000,-1.0000,-1.0000,-1.0000,-1.0000,-1.0000,-1.0000,-1.0000,-1.0000,-1.0000,-1.0000,-1.0000,-1.0000,-1.0000,-1.0000,-1.0000,-1.0000,-1.0000,-1.0000,-1.0000,-1.0000,-1.0000,-1.0000,-1.0000,-1.0000,-1.0000,-1.0000,-1.0000,-1.0000,-1.0000,-1.0000,-1.0000,-1.0000,-1.0000,-1.0000,-1.0000,-1.0000,-1.0000,-1.0000,-1.0000,-1.0000,-1.0000,-1.0000,-1.0000,-1.0000,-1.0000,-1.0000,-1.0000,-1.0000,-1.0000,-1.0000,-1.0000,-1.0000,-1.0000,-1.0000,-1.0000,-1.0000,-1.0000,-1.0000,1.8392,1.8295,1.8290,1.8165,1.8364,1.8141,1.2505,1.3573,1.5026,1.3676,1.3170,1.5594,1.4237,1.4463,1.2809,1.4671,1.4077,1.4242,1.5404,1.5008,1.4620,1.4496,1.3823,1.4031,1.4057,1.3155,1.3349,1.3210,1.2895,1.3417,1.2633,1.1985,1.2577,1.2497,1.1998,1.2798,1.2258,1.2781,1.2026,1.2156,1.4324,1.5476,1.5087,1.4701,1.4561,1.3900,1.4131,1.4117,1.3241,1.3445,1.3309,1.2982,1.3480,1.2732,1.2099,1.2683,1.2607,1.2110,1.2895,1.2370,1.2866,1.2125,1.2264,0,1.0000,-3.8126,0.2856,-2.5528
281,0.5620,-0.3476,0.0256,0.0652,-1.4281,0.1068,0.0000,0.0656,0.2098,0.0000,1.0267,0.9999,-0.0006,0.0170,0.0004,0.0002,-0.0129,0.0012,-0.0063,-0.0147,-0.0008,-0.0003,-0.0127,0.0011,-0.0062,-0.0152,0.0004,-0.0000,0.0315,-0.0009,-0.0002,0.0302,0.0070,0.0032,-0.0001,0.0316,0.0010,0.0001,0.0301,0.0071,0.0019,-0.0000,0.0856,0.0015,-0.0015,0.0176,0.0909,0.0020,0.0011,0.0125,-0.0169,-0.0142,-0.1806,-0.1321,-0.0028,-0.0008,-0.0409,-0.0020,-0.0829,0.3705,-0.0052,0.0413,0.0360,0.0056,0.0225,0.0147,0.0099,-0.0004,0.0317,-0.0096,-0.0146,-0.0027,0.0152,0.0022,0.0000,-1.0000,-1.0000,-1.0000,-1.0000,-1.0000,-1.0000,-1.0000,-1.0000,-1.0000,-1.0000,-1.0000,-1.0000,-1.0000,-1.0000,-1.0000,-1.0000,-1.0000,-1.0000,-1.0000,-1.0000,-1.0000,-1.0000,-1.0000,-1.0000,-1.0000,-1.0000,-1.0000,-1.0000,-1.0000,-1.0000,-1.0000,-1.0000,-1.0000,-1.0000,-1.0000,-1.0000,-1.0000,-1.0000,-1.0000,-1.0000,-1.0000,-1.0000,-1.0000,-1.0000,-1.0000,-1.0000,-1.0000,-1.0000,-1.0000,-1.0000,-1.0000,-1.0000,-1.0000,-1.0000,-1.0000,-1.0000,-1.0000,-1.0000,-1.0000,-1.0000,-1.0000,-1.0000,-1.0000,-1.0000,-1.0000,-1.0000,-1.0000,-1.0000,-1.0000,-1.0000,-1.0000,-1.0000,-1.0000,-1.0000,-1.0000,-1.0000,-1.0000,-1.0000,-1.0000,-1.0000,-1.0000,-1.0000,-1.0000,-1.0000,-1.0000,-1.0000,-1.0000,-1.0000,-1.0000,-1.0000,-1.0000,-1.0000,-1.0000,-1.0000,-1.0000,-1.0000,-1.0000,-1.0000,-1.0000,-1.0000,-1.0000,-1.0000,-1.0000,-1.0000,-1.0000,-1.0000,-1.0000,-1.0000,-1.0000,-1.0000,-1.0000,-1.0000,-1.0000,-1.0000,-1.0000,-1.0000,-1.0000,-1.0000,-1.0000,-1.0000,-1.0000,1.8403,1.8307,1.8300,1.8175,1.8376,1.8152,1.2517,1.3587,1.5039,1.3687,1.3185,1.5605,1.4247,1.4477,1.2821,1.4681,1.4090,1.4255,1.5417,1.5020,1.4632,1.4509,1.3834,1.4043,1.4070,1.3168,1.3360,1.3223,1.2907,1.3429,1.2645,1.1998,1.2592,1.2511,1.2012,1.2813,1.2271,1.2796,1.2041,1.2171,1.4337,1.5488,1.5100,1.4714,1.4574,1.3912,1.4143,1.4130,1.3255,1.3457,1.3322,1.2995,1.3493,1.2745,1.2113,1.2699,1.2621,1.2125,1.2910,1.2383,1.2881,1.2141,1.2280,0,1.0000,-3.8126,0.2856,-2.5528
281,0.5620,-0.3476,0.0256,0.0652,-1.4281,0.1068,0.0000,0.0656,0.2098,0.0000,1.0267,0.9999,-0.0006,0.0170,0.0004,0.0002,-0.0129,0.0012,-0.0063,-0.0147,-0.0008,-0.0003,-0.0127,0.0011,-0.0062,-0.0152,0.0004,-0.0000,0.0315,-0.0009,-0.0002,0.0302,0.0070,0.0032,-0.0001,0.0316,0.0010,0.0001,0.0301,0.0071,0.0019,-0.0000,0.0856,0.0015,-0.0015,0.0176,0.0909,0.0020,0.0011,0.0125,-0.0169,-0.0142,-0.1806,-0.1321,-0.0028,-0.0008,-0.0409,-0.0020,-0.0829,0.3705,-0.0052,0.0413,0.0360,0.0056,0.0225,0.0147,0.0099,-0.0004,0.0317,-0.0096,-0.0146,-0.0027,0.0152,0.0022,0.0000,-1.0000,-1.0000,-1.0000,-1.0000,-1.0000,-1.0000,-1.0000,-1.0000,-1.0000,-1.0000,-1.0000,-1.0000,-1.0000,-1.0000,-1.0000,-1.0000,-1.0000,-1.0000,-1.0000,-1.0000,-1.0000,-1.0000,-1.0000,-1.0000,-1.0000,-1.0000,-1.0000,-1.0000,-1.0000,-1.0000,-1.0000,-1.0000,-1.0000,-1.0000,-1.0000,-1.0000,-1.0000,-1.0000,-1.0000,-1.0000,-1.0000,-1.0000,-1.0000,-1.0000,-1.0000,-1.0000,-1.0000,-1.0000,-1.0000,-1.0000,-1.0000,-1.0000,-1.0000,-1.0000,-1.0000,-1.0000,-1.0000,-1.0000,-1.0000,-1.0000,-1.0000,-1.0000,-1.0000,-1.0000,-1.0000,-1.0000,-1.0000,-1.0000,-1.0000,-1.0000,-1.0000,-1.0000,-1.0000,-1.0000,-1.0000,-1.0000,-1.0000,-1.0000,-1.0000,-1.0000,-1.0000,-1.0000,-1.0000,-1.0000,-1.0000,-1.0000,-1.0000,-1.0000,-1.0000,-1.0000,-1.0000,-1.0000,-1.0000,-1.0000,-1.0000,-1.0000,-1.0000,-1.0000,-1.0000,-1.0000,-1.0000,-1.0000,-1.0000,-1.0000,-1.0000,-1.0000,-1.0000,-1.0000,-1.0000,-1.0000,-1.0000,-1.0000,-1.0000,-1.0000,-1.0000,-1.0000,-1.0000,-1.0000,-1.0000,-1.0000,-1.0000,1.8403,1.8307,1.8300,1.8175,1.8376,1.8152,1.2517,1.3587,1.5039,1.3687,1.3185,1.5605,1.4247,1.4477,1.2821,1.4681,1.4090,1.4255,1.5417,1.5020,1.4632,1.4509,1.3834,1.4043,1.4070,1.3168,1.3360,1.3223,1.2907,1.3429,1.2645,1.1998,1.2592,1.2511,1.2012,1.2813,1.2271,1.2796,1.2041,1.2171,1.4337,1.5488,1.5100,1.4714,1.4574,1.3912,1.4143,1.4130,1.3255,1.3457,1.3322,1.2995,1.3493,1.2745,1.2113,1.2699,1.2621,1.2125,1.2910,1.2383,1.2881,1.2141,1.2280,0,1.0000,-3.8126,0.2856,-2.5528
282,0.5640,-0.3505,0.0258,0.0652,-1.4281,0.1068,-0.0000,0.0656,0.2100,0.0000,1.0267,0.9999,-0.0005,0.0171,0.0004,0.0002,-0.0129,0.0012,-0.0063,-0.0151,-0.0012,-0.0003,-0.0127,0.0010,-0.0062,-0.0153,0.0008,-0.0001,0.0316,-0.0008,-0.0002,0.0302,0.0070,0.0032,-0.0001,0.0316,0.0010,0.0001,0.0301,0.0072,0.0019,-0.0000,0.0859,0.0022,-0.0023,0.0263,0.0920,0.0023,0.0007,0.0140,-0.0260,-0.0164,-0.1982,-0.1715,-0.0013,-0.0005,-0.0428,-0.0028,-0.0922,0.1749,-0.0064,0.0395,0.0380,0.0049,0.0230,0.0146,0.0097,-0.0004,0.0277,-0.0079,-0.0154,-0.0074,0.0151,0.0034,-0.0000,-1.0000,-1.0000,-1.0000,-1.0000,-1.0000,-1.0000,-1.0000,-1.0000,-1.0000,-1.0000,-1.0000,-1.0000,-1.0000,-1.0000,-1.0000,-1.0000,-1.0000,-1.0000,-1.0000,-1.0000,-1.0000,-1.0000,-1.0000,-1.0000,-1.0000,-1.0000,-1.0000,-1.0000,-1.0000,-1.0000,-1.0000,-1.0000,-1.0000,-1.0000,-1.0000,-1.0000,-1.0000,-1.0000,-1.0000,-1.0000,-1.0000,-1.0000,-1.0000,-1.0000,-1.0000,-1.0000,-1.0000,-1.0000,-1.0000,-1.0000,-1.0000,-1.0000,-1.0000,-1.0000,-1.0000,-1.0000,-1.0000,-1.0000,-1.0000,-1.0000,-1.0000,-1.0000,-1.0000,-1.0000,-1.0000,-1.0000,-1.0000,-1.0000,-1.0000,-1.0000,-1.0000,-1.0000,-1.0000,-1.0000,-1.0000,-1.0000,-1.0000,-1.0000,-1.0000,-1.0000,-1.0000,-1.0000,-1.0000,-1.0000,-1.0000,-1.0000,-1.0000,-1.0000,-1.0000,-1.0000,-1.0000,-1.0000,-1.0000,-1.0000,-1.0000,-1.0000,-1.0000,-1.0000,-1.0000,-1.0000,-1.0000,-1.0000,-1.0000,-1.0000,-1.0000,-1.0000,-1.0000,-1.0000,-1.0000,-1.0000,-1.0000,-1.0000,-1.0000,-1.0000,-1.0000,-1.0000,-1.0000,-1.0000,-1.0000,-1.0000,-1.0000,1.8414,1.8319,1.8311,1.8186,1.8387,1.8163,1.2528,1.3602,1.5052,1.3698,1.3200,1.5617,1.4258,1.4491,1.2833,1.4692,1.4104,1.4267,1.5429,1.5033,1.4645,1.4522,1.3845,1.4055,1.4082,1.3182,1.3372,1.3235,1.2919,1.3442,1.2658,1.2012,1.2607,1.2525,1.2027,1.2828,1.2284,1.2810,1.2057,1.2186,1.4351,1.5501,1.5113,1.4727,1.4587,1.3923,1.4156,1.4143,1.3269,1.3470,1.3336,1.3007,1.3506,1.2758,1.2127,1.2715,1.2635,1.2140,1.2926,1.2397,1.2897,1.2157,1.2295,0,1.0000,-3.8126,0.2856,-2.5528
283,0.5660,-0.3534,0.0260,0.0652,-1.4281,0.1068,-0.0000,0.0656,0.2101,0.0000,1.0267,0.9999,-0.0005,0.0172,0.0004,0.0002,-0.0129,0.0011,-0.0063,-0.0155,-0.0014,-0.0003,-0.0127,0.0009,-0.0062,-0.0155,0.0008,-0.0001,0.0317,-0.0007,-0.0002,0.0303,0.0071,0.0033,-0.0001,0.0317,0.0010,0.0000,0.0301,0.0072,0.0019,-0.0000,0.0863,0.0030,-0.0022,0.0398,0.0931,0.0027,-0.0000,0.0104,-0.0463,-0.0152,-0.1675,-0.1001,-0.0009,-0.0006,-0.0513,-0.0034,-0.0988,0.0009,-0.0080,0.0388,0.0419,0.0036,0.0268,0.0146,0.0096,-0.0004,0.0235,-0.0042,-0.0167,-0.0120,0.0150,0.0045,-0.0000,-1.0000,-1.0000,-1.0000,-1.0000,-1.0000,-1.0000,-1.0000,-1.0000,-1.0000,-1.0000,-1.0000,-1.0000,-1.0000,-1.0000,-1.0000,-1.0000,-1.0000,-1.0000,-1.0000,-1.0000,-1.0000,-1.0000,-1.0000,-1.0000,-1.0000,-1.0000,-1.0000,-1.0000,-1.0000,-1.0000,-1.0000,-1.0000,-1.0000,-1.0000,-1.0000,-1.0000,-1.0000,-1.0000,-1.0000,-1.0000,-1.0000,-1.0000,-1.0000,-1.0000,-1.0000,-1.0000,-1.0000,-1.0000,-1.0000,-1.0000,-1.0000,-1.0000,-1.0000,-1.0000,-1.0000,-1.0000,-1.0000,-1.0000,-1.0000,-1.0000,-1.0000,-1.0000,-1.0000,-1.0000,-1.0000,-1.0000,-1.0000,-1.0000,-1.0000,-1.0000,-1.0000,-1.0000,-1.0000,-1.0000,-1.0000,-1.0000,-1.0000,-1.0000,-1.0000,-1.0000,-1.0000,-1.0000,-1.0000,-1.0000,-1.0000,-1.0000,-1.0000,-1.0000,-1.0000,-1.0000,-1.0000,-1.0000,-1.0000,-1.0000,-1.0000,-1.0000,-1.0000,-1.0000,-1.0000,-1.0000,-1.0000,-1.0000,-1.0000,-1.0000,-1.0000,-1.0000,-1.0000,-1.0000,-1.0000,-1.0000,-1.0000,-1.0000,-1.0000,-1.0000,-1.0000,-1.0000,-1.0000,-1.0000,-1.0000,-1.0000,-1.0000,1.8425,1.8330,1.8322,1.8196,1.8398,1.8174,1.2540,1.3616,1.5066,1.3709,1.3214,1.5628,1.4268,1.4504,1.2844,1.4702,1.4118,1.4280,1.5441,1.5045,1.4658,1.4534,1.3857,1.4067,1.4095,1.3195,1.3384,1.3248,1.2931,1.3454,1.2670,1.2025,1.2623,1.2539,1.2041,1.2843,1.2297,1.2825,1.2072,1.2201,1.4364,1.5514,1.5126,1.4740,1.4600,1.3935,1.4168,1.4156,1.3283,1.3482,1.3349,1.3019,1.3519,1.2771,1.2141,1.2731,1.2650,1.2155,1.2941,1.2411,1.2912,1.2173,1.2311,0,1.0000,-3.8126,0.2856,-2.5528
283,0.5660,-0.3534,0.0260,0.0652,-1.4281,0.1068,-0.0000,0.0656,0.2101,0.0000,1.0267,0.9999,-0.0005,0.0172,0.0004,0.0002,-0.0129,0.0011,-0.0063,-0.0155,-0.0014,-0.0003,-0.0127,0.0009,-0.0062,-0.0155,0.0008,-0.0001,0.0317,-0.0007,-0.0002,0.0303,0.0071,0.0033,-0.0001,0.0317,0.0010,0.0000,0.0301,0.0072,0.0019,-0.0000,0.0863,0.0030,-0.0022,0.0398,0.0931,0.0027,-0.0000,0.0104,-0.0463,-0.0152,-0.1675,-0.1001,-0.0009,-0.0006,-0.0513,-0.0034,-0.0988,0.0009,-0.0080,0.0388,0.0419,0.0036,0.0268,0.0146,0.0096,-0.0004,0.0235,-0.0042,-0.0167,-0.0120,0.0150,0.0045,-0.0000,-1.0000,-1.0000,-1.0000,-1.0000,-1.0000,-1.0000,-1.0000,-1.0000,-1.0000,-1.0000,-1.0000,-1.0000,-1.0000,-1.0000,-1.0000,-1.0000,-1.0000,-1.0000,-1.0000,-1.0000,-1.0000,-1.0000,-1.0000,-1.0000,-1.0000,-1.0000,-1.0000,-1.0000,-1.0000,-1.0000,-1.0000,-1.0000,-1.0000,-1.0000,-1.0000,-1.0000,-1.0000,-1.0000,-1.0000,-1.0000,-1.0000,-1.0000,-1.0000,-1.0000,-1.0000,-1.0000,-1.0000,-1.0000,-1.0000,-1.0000,-1.0000,-1.0000,-1.0000,-1.0000,-1.0000,-1.0000,-1.0000,-1.0000,-1.0000,-1.0000,-1.0000,-1.0000,-1.0000,-1.0000,-1.0000,-1.0000,-1.0000,-1.0000,-1.0000,-1.0000,-1.0000,-1.0000,-1.0000,-1.0000,-1.0000,-1.0000,-1.0000,-1.0000,-1.0000,-1.0000,-1.0000,-1.0000,-1.0000,-1.0000,-1.0000,-1.0000,-1.0000,-1.0000,-1.0000,-1.0000,-1.0000,-1.0000,-1.0000,-1.0000,-1.0000,-1.0000,-1.0000,-1.0000,-1.0000,-1.0000,-1.0000,-1.0000,-1.0000,-1.0000,-1.0000,-1.0000,-1.0000,-1.0000,-1.0000,-1.0000,-1.0000,-1.0000,-1.0000,-1.0000,-1.0000,-1.0000,-1.0000,-1.0000,-1.0000,-1.0000,-1.0000,1.8425,1.8330,1.8322,1.8196,1.8398,1.8174,1.2540,1.3616,1.5066,1.3709,1.3214,1.5628,1.4268,1.4504,1.2844,1.4702,1.4118,1.4280,1.5441,1.5045,1.4658,1.4534,1.3857,1.4067,1.4095,1.3195,1.3384,1.3248,1.2931,1.3454,1.2670,1.2025,1.2623,1.2539,1.2041,1.2843,1.2297,1.2825,1.2072,1.2201,1.4364,1.5514,1.5126,1.4740,1.4600,1.3935,1.4168,1.4156,1.3283,1.3482,1.3349,1.3019,1.3519,1.2771,1.2141,1.2731,1.2650,1.2155,1.2941,1.2411,1.2912,1.2173,1.2311,0,1.0000,-3.8126,0.2856,-2.5528
284,0.5680,-0.3562,0.0262,0.0652,-1.4281,0.1068,-0.0000,0.0656,0.2103,0.0000,1.0267,0.9998,-0.0005,0.0173,0.0004,0.0003,-0.0129,0.0010,-0.0063,-0.0154,-0.0015,-0.0003,-0.0127,0.0008,-0.0062,-0.0157,0.0003,-0.0001,0.0318,-0.0006,-0.0002,0.0303,0.0071,0.0033,-0.0001,0.0317,0.0010,0.0000,0.0301,0.0072,0.0019,-0.0000,0.0865,0.0027,-0.0087,0.0277,0.0919,0.0019,0.0007,-0.0097,-0.0323,0.0013,0.0167,-0.0794,-0.0003,0.0021,-0.0264,-0.0046,-0.1045,-0.2044,-0.0057,0.0317,0.0370,0.0059,0.0107,0.0146,0.0089,-0.0004,0.0197,-0.0097,-0.0147,-0.0179,0.0151,0.0056,-0.0000,-1.0000,-1.0000,-1.0000,-1.0000,-1.0000,-1.0000,-1.0000,-1.0000,-1.0000,-1.0000,-1.0000,-1.0000,-1.0000,-1.0000,-1.0000,-1.0000,-1.0000,-1.0000,-1.0000,-1.0000,-1.0000,-1.0000,-1.0000,-1.0000,-1.0000,-1.0000,-1.0000,-1.0000,-1.0000,-1.0000,-1.0000,-1.0000,-1.0000,-1.0000,-1.0000,-1.0000,-1.0000,-1.0000,-1.0000,-1.0000,-1.0000,-1.0000,-1.0000,-1.0000,-1.0000,-1.0000,-1.0000,-1.0000,-1.0000,-1.0000,-1.0000,-1.0000,-1.0000,-1.0000,-1.0000,-1.0000,-1.0000,-1.0000,-1.0000,-1.0000,-1.0000,-1.0000,-1.0000,-1.0000,-1.0000,-1.0000,-1.0000,-1.0000,-1.0000,-1.0000,-1.0000,-1.0000,-1.0000,-1.0000,-1.0000,-1.0000,-1.0000,-1.0000,-1.0000,-1.0000,-1.0000,-1.0000,-1.0000,-1.0000,-1.0000,-1.0000,-1.0000,-1.0000,-1.0000,-1.0000,-1.0000,-1.0000,-1.0000,-1.0000,-1.0000,-1.0000,-1.0000,-1.0000,-1.0000,-1.0000,-1.0000,-1.0000,-1.0000,-1.0000,-1.0000,-1.0000,-1.0000,-1.0000,-1.0000,-1.0000,-1.0000,-1.0000,-1.0000,-1.0000,-1.0000,-1.0000,-1.0000,-1.0000,-1.0000,-1.0000,-1.0000,1.8436,1.8342,1.8332,1.8206,1.8410,1.8185,1.2552,1.3631,1.5079,1.3720,1.3229,1.5640,1.4279,1.4518,1.2856,1.4713,1.4133,1.4294,1.5454,1.5058,1.4670,1.4547,1.3868,1.4079,1.4107,1.3209,1.3396,1.3261,1.2943,1.3467,1.2683,1.2039,1.2638,1.2553,1.2055,1.2858,1.2311,1.2840,1.2087,1.2216,1.4377,1.5526,1.5139,1.4753,1.4614,1.3947,1.4181,1.4169,1.3297,1.3494,1.3362,1.3032,1.3531,1.2784,1.2155,1.2746,1.2664,1.2170,1.2957,1.2425,1.2927,1.2189,1.2326,0,1.0000,-3.8126,0.2856,-2.5528
284,0.5680,-0.3562,0.0262,0.0652,-1.4281,0.1068,-0.0000,0.0656,0.2103,0.0000,1.0267,0.9998,-0.0005,0.0173,0.0004,0.0003,-0.0129,0.0010,-0.0063,-0.0154,-0.0015,-0.0003,-0.0127,0.0008,-0.0062,-0.0157,0.0003,-0.0001,0.0318,-0.0006,-0.0002,0.0303,0.0071,0.0033,-0.0001,0.0317,0.0010,0.0000,0.0301,0.0072,0.0019,-0.0000,0.0865,0.0027,-0.0087,0.0277,0.0919,0.0019,0.0007,-0.0097,-0.0323,0.0013,0.0167,-0.0794,-0.0003,0.0021,-0.0264,-0.0046,-0.1045,-0.2044,-0.0057,0.0317,0.0370,0.0059,0.0107,0.0146,0.0089,-0.0004,0.0197,-0.0097,-0.0147,-0.0179,0.0151,0.0056,-0.0000,-1.0000,-1.0000,-1.0000,-1.0000,-1.0000,-1.0000,-1.0000,-1.0000,-1.0000,-1.0000,-1.0000,-1.0000,-1.0000,-1.0000,-1.0000,-1.0000,-1.0000,-1.0000,-1.0000,-1.0000,-1.0000,-1.0000,-1.0000,-1.0000,-1.0000,-1.0000,-1.0000,-1.0000,-1.0000,-1.0000,-1.0000,-1.0000,-1.0000,-1.0000,-1.0000,-1.0000,-1.0000,-1.0000,-1.0000,-1.0000,-1.0000,-1.0000,-1.0000,-1.0000,-1.0000,-1.0000,-1.0000,-1.0000,-1.0000,-1.0000,-1.0000,-1.0000,-1.0000,-1.0000,-1.0000,-1.0000,-1.0000,-1.0000,-1.0000,-1.0000,-1.0000,-1.0000,-1.0000,-1.0000,-1.0000,-1.0000,-1.0000,-1.0000,-1.0000,-1.0000,-1.0000,-1.0000,-1.0000,-1.0000,-1.0000,-1.0000,-1.0000,-1.0000,-1.0000,-1.0000,-1.0000,-1.0000,-1.0000,-1.0000,-1.0000,-1.0000,-1.0000,-1.0000,-1.0000,-1.0000,-1.0000,-1.0000,-1.0000,-1.0000,-1.0000,-1.0000,-1.0000,-1.0000,-1.0000,-1.0000,-1.0000,-1.0000,-1.0000,-1.0000,-1.0000,-1.0000,-1.0000,-1.0000,-1.0000,-1.0000,-1.0000,-1.0000,-1.0000,-1.0000,-1.0000,-1.0000,-1.0000,-1.0000,-1.0000,-1.0000,-1.0000,1.8436,1.8342,1.8332,1.8206,1.8410,1.8185,1.2552,1.3631,1.5079,1.3720,1.3229,1.5640,1.4279,1.4518,1.2856,1.4713,1.4133,1.4294,1.5454,1.5058,1.4670,1.4547,1.3868,1.4079,1.4107,1.3209,1.3396,1.3261,1.2943,1.3467,1.2683,1.2039,1.2638,1.2553,1.2055,1.2858,1.2311,1.2840,1.2087,1.2216,1.4377,1.5526,1.5139,1.4753,1.4614,1.3947,1.4181,1.4169,1.3297,1.3494,1.3362,1.3032,1.3531,1.2784,1.2155,1.2746,1.2664,1.2170,1.2957,1.2425,1.2927,1.2189,1.2326,0,1.0000,-3.8126,0.2856,-2.5528
285,0.5700,-0.3591,0.0264,0.0652,-1.4281,0.1068,-0.0000,0.0656,0.2105,0.0000,1.0267,0.9998,-0.0004,0.0174,0.0004,0.0003,-0.0129,0.0009,-0.0063,-0.0154,-0.0016,-0.0003,-0.0127,0.0008,-0.0062,-0.0160,-0.0003,-0.0001,0.0318,-0.0005,-0.0002,0.0303,0.0071,0.0033,-0.0001,0.0318,0.0010,-0.0000,0.0300,0.0072,0.0019,-0.0000,0.0869,0.0037,-0.0082,0.0443,0.0931,0.0022,0.0002,-0.0089,-0.0564,-0.0004,0.0061,-0.0149,0.0009,0.0018,-0.0404,-0.0049,-0.1091,-0.3467,-0.0077,0.0315,0.0418,0.0042,0.0166,0.0146,0.0089,-0.0004,0.0153,-0.0050,-0.0163,-0.0225,0.0149,0.0066,-0.0001,-1.0000,-1.0000,-1.0000,-1.0000,-1.0000,-1.0000,-1.0000,-1.0000,-1.0000,-1.0000,-1.0000,-1.0000,-1.0000,-1.0000,-1.0000,-1.0000,-1.0000,-1.0000,-1.0000,-1.0000,-1.0000,-1.0000,-1.0000,-1.0000,-1.0000,-1.0000,-1.0000,-1.0000,-1.0000,-1.0000,-1.0000,-1.0000,-1.0000,-1.0000,-1.0000,-1.0000,-1.0000,-1.0000,-1.0000,-1.0000,-1.0000,-1.0000,-1.0000,-1.0000,-1.0000,-1.0000,-1.0000,-1.0000,-1.0000,-1.0000,-1.0000,-1.0000,-1.0000,-1.0000,-1.0000,-1.0000,-1.0000,-1.0000,-1.0000,-1.0000,-1.0000,-1.0000,-1.0000,-1.0000,-1.0000,-1.0000,-1.0000,-1.0000,-1.0000,-1.0000,-1.0000,-1.0000,-1.0000,-1.0000,-1.0000,-1.0000,-1.0000,-1.0000,-1.0000,-1.0000,-1.0000,-1.0000,-1.0000,-1.0000,-1.0000,-1.0000,-1.0000,-1.0000,-1.0000,-1.0000,-1.0000,-1.0000,-1.0000,-1.0000,-1.0000,-1.0000,-1.0000,-1.0000,-1.0000,-1.0000,-1.0000,-1.0000,-1.0000,-1.0000,-1.0000,-1.0000,-1.0000,-1.0000,-1.0000,-1.0000,-1.0000,-1.0000,-1.0000,-1.0000,-1.0000,-1.0000,-1.0000,-1.0000,-1.0000,-1.0000,-1.0000,1.8447,1.8354,1.8343,1.8216,1.8421,1.8196,1.2564,1.3645,1.5092,1.3731,1.3244,1.5652,1.4290,1.4532,1.2868,1.4723,1.4147,1.4307,1.5466,1.5071,1.4683,1.4560,1.3879,1.4091,1.4120,1.3222,1.3408,1.3274,1.2955,1.3479,1.2695,1.2052,1.2653,1.2567,1.2070,1.2873,1.2324,1.2855,1.2103,1.2231,1.4391,1.5539,1.5152,1.4767,1.4627,1.3958,1.4193,1.4182,1.3311,1.3506,1.3375,1.3044,1.3544,1.2797,1.2169,1.2762,1.2679,1.2185,1.2972,1.2439,1.2943,1.2204,1.2342,0,1.0000,-3.8126,0.2856,-2.5528
286,0.5720,-0.3619,0.0267,0.0652,-1.4281,0.1068,-0.0000,0.0656,0.2107,0.0000,1.0266,0.9998,-0.0004,0.0175,0.0004,0.0003,-0.0129,0.0008,-0.0063,-0.0154,-0.0013,-0.0003,-0.0127,0.0007,-0.0062,-0.0162,-0.0009,-0.0001,0.0319,-0.0005,-0.0002,0.0303,0.0072,0.0033,-0.0001,0.0318,0.0010,-0.0001,0.0300,0.0073,0.0020,-0.0000,0.0873,0.0025,-0.0071,0.0259,0.0943,0.0013,0.0001,-0.0073,-0.0408,-0.0020,-0.0199,0.1458,0.0011,0.0001,-0.0215,-0.0052,-0.0967,-0.2521,-0.0044,0.0270,0.0358,0.0072,0.0110,0.0147,0.0084,-0.0004,0.0160,-0.0109,-0.0132,-0.0134,0.0151,0.0081,-0.0001,-1.0000,-1.0000,-1.0000,-1.0000,-1.0000,-1.0000,-1.0000,-1.0000,-1.0000,-1.0000,-1.0000,-1.0000,-1.0000,-1.0000,-1.0000,-1.0000,-1.0000,-1.0000,-1.0000,-1.0000,-1.0000,-1.0000,-1.0000,-1.0000,-1.0000,-1.0000,-1.0000,-1.0000,-1.0000,-1.0000,-1.0000,-1.0000,-1.0000,-1.0000,-1.0000,-1.0000,-1.0000,-1.0000,-1.0000,-1.0000,-1.0000,-1.0000,-1.0000,-1.0000,-1.0000,-1.0000,-1.0000,-1.0000,-1.0000,-1.0000,-1.0000,-1.0000,-1.0000,-1.0000,-1.0000,-1.0000,-1.0000,-1.0000,-1.0000,-1.0000,-1.0000,-1.0000,-1.0000,-1.0000,-1.0000,-1.0000,-1.0000,-1.0000,-1.0000,-1.0000,-1.0000,-1.0000,-1.0000,-1.0000,-1.0000,-1.0000,-1.0000,-1.0000,-1.0000,-1.0000,-1.0000,-1.0000,-1.0000,-1.0000,-1.0000,-1.0000,-1.0000,-1.0000,-1.0000,-1.0000,-1.0000,-1.0000,-1.0000,-1.0000,-1.0000,-1.0000,-1.0000,-1.0000,-1.0000,-1.0000,-1.0000,-1.0000,-1.0000,-1.0000,-1.0000,-1.0000,-1.0000,-1.0000,-1.0000,-1.0000,-1.0000,-1.0000,-1.0000,-1.0000,-1.0000,-1.0000,-1.0000,-1.0000,-1.0000,-1.0000,-1.0000,1.8458,1.8366,1.8354,1.8226,1.8433,1.8207,1.2576,1.3660,1.5106,1.3743,1.3259,1.5663,1.4301,1.4546,1.2880,1.4734,1.4161,1.4320,1.5478,1.5083,1.4696,1.4573,1.3891,1.4103,1.4133,1.3236,1.3420,1.3287,1.2967,1.3492,1.2708,1.2066,1.2669,1.2581,1.2084,1.2888,1.2338,1.2870,1.2118,1.2246,1.4404,1.5552,1.5165,1.4780,1.4640,1.3970,1.4205,1.4195,1.3325,1.3519,1.3389,1.3056,1.3557,1.2810,1.2184,1.2778,1.2693,1.2200,1.2988,1.2453,1.2958,1.2220,1.2358,0,1.0000,-3.8126,0.2856,-2.5528
286,0.5720,-0.3619,0.0267,0.0652,-1.4281,0.1068,-0.0000,0.0656,0.2107,0.0000,1.0266,0.9998,-0.0004,0.0175,0.0004,0.0003,-0.0129,0.0008,-0.0063,-0.0154,-0.0013,-0.0003,-0.0127,0.0007,-0.0062,-0.0162,-0.0009,-0.0001,0.0319,-0.0005,-0.0002,0.0303,0.0072,0.0033,-0.0001,0.0318,0.0010,-0.0001,0.0300,0.0073,0.0020,-0.0000,0.0873,0.0025,-0.0071,0.0259,0.0943,0.0013,0.0001,-0.0073,-0.0408,-0.0020,-0.0199,0.1458,0.0011,0.0001,-0.0215,-0.0052,-0.0967,-0.2521,-0.0044,0.0270,0.0358,0.0072,0.0110,0.0147,0.0084,-0.0004,0.0160,-0.0109,-0.0132,-0.0134,0.0151,0.0081,-0.0001,-1.0000,-1.0000,-1.0000,-1.0000,-1.0000,-1.0000,-1.0000,-1.0000,-1.0000,-1.0000,-1.0000,-1.0000,-1.0000,-1.0000,-1.0000,-1.0000,-1.0000,-1.0000,-1.0000,-1.0000,-1.0000,-1.0000,-1.0000,-1.0000,-1.0000,-1.0000,-1.0000,-1.0000,-1.0000,-1.0000,-1.0000,-1.0000,-1.0000,-1.0000,-1.0000,-1.0000,-1.0000,-1.0000,-1.0000,-1.0000,-1.0000,-1.0000,-1.0000,-1.0000,-1.0000,-1.0000,-1.0000,-1.0000,-1.0000,-1.0000,-1.0000,-1.0000,-1.0000,-1.0000,-1.0000,-1.0000,-1.0000,-1.0000,-1.0000,-1.0000,-1.0000,-1.0000,-1.0000,-1.0000,-1.0000,-1.0000,-1.0000,-1.0000,-1.0000,-1.0000,-1.0000,-1.0000,-1.0000,-1.0000,-1.0000,-1.0000,-1.0000,-1.0000,-1.0000,-1.0000,-1.0000,-1.0000,-1.0000,-1.0000,-1.0000,-1.0000,-1.0000,-1.0000,-1.0000,-1.0000,-1.0000,-1.0000,-1.0000,-1.0000,-1.0000,-1.0000,-1.0000,-1.0000,-1.0000,-1.0000,-1.0000,-1.0000,-1.0000,-1.0000,-1.0000,-1.0000,-1.0000,-1.0000,-1.0000,-1.0000,-1.0000,-1.0000,-1.0000,-1.0000,-1.0000,-1.0000,-1.0000,-1.0000,-1.0000,-1.0000,-1.0000,1.8458,1.8366,1.8354,1.8226,1.8433,1.8207,1.2576,1.3660,1.5106,1.3743,1.3259,1.5663,1.4301,1.4546,1.2880,1.4734,1.4161,1.4320,1.5478,1.5083,1.4696,1.4573,1.3891,1.4103,1.4133,1.3236,1.3420,1.3287,1.2967,1.3492,1.2708,1.2066,1.2669,1.2581,1.2084,1.2888,1.2338,1.2870,1.2118,1.2246,1.4404,1.5552,1.5165,1.4780,1.4640,1.3970,1.4205,1.4195,1.3325,1.3519,1.3389,1.3056,1.3557,1.2810,1.2184,1.2778,1.2693,1.2200,1.2988,1.2453,1.2958,1.2220,1.2358,0,1.0000,-3.8126,0.2856,-2.5528
287,0.5740,-0.3648,0.0269,0.0652,-1.4282,0.1068,-0.0000,0.0656,0.2108,0.0001,1.0266,0.9998,-0.0004,0.0176,0.0004,0.0003,-0.0129,0.0008,-0.0063,-0.0156,-0.0011,-0.0003,-0.0127,0.0007,-0.0062,-0.0163,-0.0012,-0.0001,0.0319,-0.0004,-0.0002,0.0304,0.0072,0.0033,-0.0001,0.0318,0.0009,-0.0001,0.0300,0.0073,0.0020,-0.0000,0.0878,0.0022,-0.0041,0.0206,0.0960,0.0009,0.0004,-0.0048,-0.0318,-0.0049,-0.0540,0.0959,0.0009,-0.0020,-0.0187,-0.0054,-0.0871,-0.1720,-0.0032,0.0250,0.0336,0.0083,0.0131,0.0148,0.0083,-0.0004,0.0157,-0.0128,-0.0119,-0.0062,0.0152,0.0074,-0.0001,-1.0000,-1.0000,-1.0000,-1.0000,-1.0000,-1.0000,-1.0000,-1.0000,-1.0000,-1.0000,-1.0000,-1.0000,-1.0000,-1.0000,-1.0000,-1.0000,-1.0000,-1.0000,-1.0000,-1.0000,-1.0000,-1.0000,-1.0000,-1.0000,-1.0000,-1.0000,-1.0000,-1.0000,-1.0000,-1.0000,-1.0000,-1.0000,-1.0000,-1.0000,-1.0000,-1.0000,-1.0000,-1.0000,-1.0000,-1.0000,-1.0000,-1.0000,-1.0000,-1.0000,-1.0000,-1.0000,-1.0000,-1.0000,-1.0000,-1.0000,-1.0000,-1.0000,-1.0000,-1.0000,-1.0000,-1.0000,-1.0000,-1.0000,-1.0000,-1.0000,-1.0000,-1.0000,-1.0000,-1.0000,-1.0000,-1.0000,-1.0000,-1.0000,-1.0000,-1.0000,-1.0000,-1.0000,-1.0000,-1.0000,-1.0000,-1.0000,-1.0000,-1.0000,-1.0000,-1.0000,-1.0000,-1.0000,-1.0000,-1.0000,-1.0000,-1.0000,-1.0000,-1.0000,-1.0000,-1.0000,-1.0000,-1.0000,-1.0000,-1.0000,-1.0000,-1.0000,-1.0000,-1.0000,-1.0000,-1.0000,-1.0000,-1.0000,-1.0000,-1.0000,-1.0000,-1.0000,-1.0000,-1.0000,-1.0000,-1.0000,-1.0000,-1.0000,-1.0000,-1.0000,-1.0000,-1.0000,-1.0000,-1.0000,-1.0000,-1.0000,-1.0000,1.8469,1.8378,1.8365,1.8237,1.8444,1.8218,1.2588,1.3675,1.5119,1.3754,1.3274,1.5675,1.4311,1.4560,1.2892,1.4745,1.4175,1.4333,1.5491,1.5096,1.4709,1.4585,1.3902,1.4115,1.4146,1.3250,1.3432,1.3300,1.2979,1.3504,1.2721,1.2080,1.2684,1.2595,1.2099,1.2903,1.2351,1.2885,1.2134,1.2261,1.4418,1.5565,1.5178,1.4793,1.4653,1.3982,1.4218,1.4208,1.3339,1.3531,1.3402,1.3069,1.3570,1.2823,1.2198,1.2794,1.2708,1.2215,1.3004,1.2467,1.2974,1.2237,1.2373,0,1.0000,-3.8126,0.2856,-2.5528
287,0.5740,-0.3648,0.0269,0.0652,-1.4282,0.1068,-0.0000,0.0656,0.2108,0.0001,1.0266,0.9998,-0.0004,0.0176,0.0004,0.0003,-0.0129,0.0008,-0.0063,-0.0156,-0.0011,-0.0003,-0.0127,0.0007,-0.0062,-0.0163,-0.0012,-0.0001,0.0319,-0.0004,-0.0002,0.0304,0.0072,0.0033,-0.0001,0.0318,0.0009,-0.0001,0.0300,0.0073,0.0020,-0.0000,0.0878,0.0022,-0.0041,0.0206,0.0960,0.0009,0.0004,-0.0048,-0.0318,-0.0049,-0.0540,0.0959,0.0009,-0.0020,-0.0187,-0.0054,-0.0871,-0.1720,-0.0032,0.0250,0.0336,0.0083,0.0131,0.0148,0.0083,-0.0004,0.0157,-0.0128,-0.0119,-0.0062,0.0152,0.0074,-0.0001,-1.0000,-1.0000,-1.0000,-1.0000,-1.0000,-1.0000,-1.0000,-1.0000,-1.0000,-1.0000,-1.0000,-1.0000,-1.0000,-1.0000,-1.0000,-1.0000,-1.0000,-1.0000,-1.0000,-1.0000,-1.0000,-1.0000,-1.0000,-1.0000,-1.0000,-1.0000,-1.0000,-1.0000,-1.0000,-1.0000,-1.0000,-1.0000,-1.0000,-1.0000,-1.0000,-1.0000,-1.0000,-1.0000,-1.0000,-1.0000,-1.0000,-1.0000,-1.0000,-1.0000,-1.0000,-1.0000,-1.0000,-1.0000,-1.0000,-1.0000,-1.0000,-1.0000,-1.0000,-1.0000,-1.0000,-1.0000,-1.0000,-1.0000,-1.0000,-1.0000,-1.0000,-1.0000,-1.0000,-1.0000,-1.0000,-1.0000,-1.0000,-1.0000,-1.0000,-1.0000,-1.0000,-1.0000,-1.0000,-1.0000,-1.0000,-1.0000,-1.0000,-1.0000,-1.0000,-1.0000,-1.0000,-1.0000,-1.0000,-1.0000,-1.0000,-1.0000,-1.0000,-1.0000,-1.0000,-1.0000,-1.0000,-1.0000,-1.0000,-1.0000,-1.0000,-1.0000,-1.0000,-1.0000,-1.0000,-1.0000,-1.0000,-1.0000,-1.0000,-1.0000,-1.0000,-1.0000,-1.0000,-1.0000,-1.0000,-1.0000,-1.0000,-1.0000,-1.0000,-1.0000,-1.0000,-1.0000,-1.0000,-1.0000,-1.0000,-1.0000,-1.0000,1.8469,1.8378,1.8365,1.8237,1.8444,1.8218,1.2588,1.3675,1.5119,1.3754,1.3274,1.5675,1.4311,1.4560,1.2892,1.4745,1.4175,1.4333,1.5491,1.5096,1.4709,1.4585,1.3902,1.4115,1.4146,1.3250,1.3432,1.3300,1.2979,1.3504,1.2721,1.2080,1.2684,1.2595,1.2099,1.2903,1.2351,1.2885,1.2134,1.2261,1.4418,1.5565,1.5178,1.4793,1.4653,1.3982,1.4218,1.4208,1.3339,1.3531,1.3402,1.3069,1.3570,1.2823,1.2198,1.2794,1.2708,1.2215,1.3004,1.2467,1.2974,1.2237,1.2373,0,1.0000,-3.8126,0.2856,-2.5528
288,0.5760,-0.3676,0.0271,0.0652,-1.4282,0.1068,-0.0000,0.0656,0.2110,0.0001,1.0266,0.9998,-0.0004,0.0177,0.0004,0.0003,-0.0130,0.0007,-0.0064,-0.0157,-0.0010,-0.0003,-0.0127,0.0007,-0.0063,-0.0165,-0.0014,-0.0001,0.0320,-0.0003,-0.0002,0.0304,0.0072,0.0033,-0.0001,0.0318,0.0009,-0.0001,0.0300,0.0073,0.0020,-0.0000,0.0883,0.0019,-0.0017,0.0160,0.0976,0.0006,0.0006,-0.0026,-0.0236,-0.0076,-0.0842,0.0471,0.0007,-0.0039,-0.0162,-0.0055,-0.0791,-0.1039,-0.0022,0.0230,0.0316,0.0092,0.0145,0.0148,0.0081,-0.0003,0.0151,-0.0146,-0.0108,-0.0004,0.0153,0.0066,-0.0001,-1.0000,-1.0000,-1.0000,-1.0000,-1.0000,-1.0000,-1.0000,-1.0000,-1.0000,-1.0000,-1.0000,-1.0000,-1.0000,-1.0000,-1.0000,-1.0000,-1.0000,-1.0000,-1.0000,-1.0000,-1.0000,-1.0000,-1.0000,-1.0000,-1.0000,-1.0000,-1.0000,-1.0000,-1.0000,-1.0000,-1.0000,-1.0000,-1.0000,-1.0000,-1.0000,-1.0000,-1.0000,-1.0000,-1.0000,-1.0000,-1.0000,-1.0000,-1.0000,-1.0000,-1.0000,-1.0000,-1.0000,-1.0000,-1.0000,-1.0000,-1.0000,-1.0000,-1.0000,-1.0000,-1.0000,-1.0000,-1.0000,-1.0000,-1.0000,-1.0000,-1.0000,-1.0000,-1.0000,-1.0000,-1.0000,-1.0000,-1.0000,-1.0000,-1.0000,-1.0000,-1.0000,-1.0000,-1.0000,-1.0000,-1.0000,-1.0000,-1.0000,-1.0000,-1.0000,-1.0000,-1.0000,-1.0000,-1.0000,-1.0000,-1.0000,-1.0000,-1.0000,-1.0000,-1.0000,-1.0000,-1.0000,-1.0000,-1.0000,-1.0000,-1.0000,-1.0000,-1.0000,-1.0000,-1.0000,-1.0000,-1.0000,-1.0000,-1.0000,-1.0000,-1.0000,-1.0000,-1.0000,-1.0000,-1.0000,-1.0000,-1.0000,-1.0000,-1.0000,-1.0000,-1.0000,-1.0000,-1.0000,-1.0000,-1.0000,-1.0000,-1.0000,1.8480,1.8390,1.8376,1.8247,1.8456,1.8229,1.2600,1.3689,1.5133,1.3765,1.3289,1.5687,1.4322,1.4574,1.2904,1.4755,1.4189,1.4346,1.5503,1.5109,1.4722,1.4598,1.3914,1.4127,1.4158,1.3264,1.3444,1.3313,1.2991,1.3517,1.2734,1.2094,1.2700,1.2609,1.2114,1.2919,1.2365,1.2901,1.2150,1.2277,1.4432,1.5577,1.5191,1.4806,1.4666,1.3994,1.4231,1.4221,1.3353,1.3544,1.3416,1.3082,1.3583,1.2836,1.2212,1.2810,1.2723,1.2230,1.3019,1.2481,1.2989,1.2253,1.2389,0,1.0000,-3.8126,0.2856,-2.5528
289,0.5780,-0.3705,0.0273,0.0652,-1.4282,0.1068,-0.0000,0.0656,0.2112,0.0001,1.0266,0.9998,-0.0003,0.0178,0.0004,0.0003,-0.0130,0.0007,-0.0064,-0.0159,-0.0010,-0.0003,-0.0127,0.0006,-0.0063,-0.0166,-0.0015,-0.0001,0.0320,-0.0003,-0.0001,0.0304,0.0072,0.0034,-0.0001,0.0319,0.0009,-0.0001,0.0300,0.0074,0.0020,-0.0000,0.0887,0.0017,0.0002,0.0119,0.0990,0.0004,0.0008,-0.0006,-0.0163,-0.0100,-0.1105,0.0011,0.0006,-0.0056,-0.0139,-0.0057,-0.0723,-0.0462,-0.0013,0.0208,0.0298,0.0100,0.0151,0.0149,0.0078,-0.0003,0.0142,-0.0162,-0.0098,0.0041,0.0153,0.0059,-0.0001,-1.0000,-1.0000,-1.0000,-1.0000,-1.0000,-1.0000,-1.0000,-1.0000,-1.0000,-1.0000,-1.0000,-1.0000,-1.0000,-1.0000,-1.0000,-1.0000,-1.0000,-1.0000,-1.0000,-1.0000,-1.0000,-1.0000,-1.0000,-1.0000,-1.0000,-1.0000,-1.0000,-1.0000,-1.0000,-1.0000,-1.0000,-1.0000,-1.0000,-1.0000,-1.0000,-1.0000,-1.0000,-1.0000,-1.0000,-1.0000,-1.0000,-1.0000,-1.0000,-1.0000,-1.0000,-1.0000,-1.0000,-1.0000,-1.0000,-1.0000,-1.0000,-1.0000,-1.0000,-1.0000,-1.0000,-1.0000,-1.0000,-1.0000,-1.0000,-1.0000,-1.0000,-1.0000,-1.0000,-1.0000,-1.0000,-1.0000,-1.0000,-1.0000,-1.0000,-1.0000,-1.0000,-1.0000,-1.0000,-1.0000,-1.0000,-1.0000,-1.0000,-1.0000,-1.0000,-1.0000,-1.0000,-1.0000,-1.0000,-1.0000,-1.0000,-1.0000,-1.0000,-1.0000,-1.0000,-1.0000,-1.0000,-1.0000,-1.0000,-1.0000,-1.0000,-1.0000,-1.0000,-1.0000,-1.0000,-1.0000,-1.0000,-1.0000,-1.0000,-1.0000,-1.0000,-1.0000,-1.0000,-1.0000,-1.0000,-1.0000,-1.0000,-1.0000,-1.0000,-1.0000,-1.0000,-1.0000,-1.0000,-1.0000,-1.0000,-1.0000,-1.0000,1.8491,1.8402,1.8387,1.8258,1.8467,1.8241,1.2612,1.3704,1.5146,1.3777,1.3304,1.5699,1.4333,1.4588,1.2916,1.4766,1.4204,1.4360,1.5516,1.5122,1.4735,1.4611,1.3925,1.4140,1.4171,1.3278,1.3456,1.3326,1.3003,1.3530,1.2747,1.2108,1.2715,1.2624,1.2128,1.2934,1.2379,1.2916,1.2165,1.2292,1.4445,1.5591,1.5204,1.4820,1.4680,1.4006,1.4243,1.4235,1.3368,1.3557,1.3429,1.3094,1.3596,1.2850,1.2227,1.2826,1.2737,1.2245,1.3035,1.2495,1.3005,1.2269,1.2405,0,1.0000,-3.8126,0.2856,-2.5528
290,0.5800,-0.3734,0.0275,0.0652,-1.4282,0.1068,-0.0000,0.0656,0.2114,0.0001,1.0266,0.9998,-0.0003,0.0179,0.0004,0.0003,-0.0129,0.0007,-0.0064,-0.0162,-0.0011,-0.0003,-0.0127,0.0006,-0.0063,-0.0168,-0.0015,-0.0001,0.0320,-0.0002,-0.0001,0.0305,0.0073,0.0034,-0.0001,0.0319,0.0008,-0.0001,0.0300,0.0074,0.0020,-0.0000,0.0891,0.0016,0.0017,0.0084,0.1004,0.0003,0.0009,0.0010,-0.0099,-0.0122,-0.1332,-0.0408,0.0004,-0.0071,-0.0119,-0.0059,-0.0668,0.0023,-0.0006,0.0185,0.0282,0.0106,0.0152,0.0149,0.0076,-0.0003,0.0131,-0.0175,-0.0090,0.0076,0.0154,0.0051,-0.0001,-1.0000,-1.0000,-1.0000,-1.0000,-1.0000,-1.0000,-1.0000,-1.0000,-1.0000,-1.0000,-1.0000,-1.0000,-1.0000,-1.0000,-1.0000,-1.0000,-1.0000,-1.0000,-1.0000,-1.0000,-1.0000,-1.0000,-1.0000,-1.0000,-1.0000,-1.0000,-1.0000,-1.0000,-1.0000,-1.0000,-1.0000,-1.0000,-1.0000,-1.0000,-1.0000,-1.0000,-1.0000,-1.0000,-1.0000,-1.0000,-1.0000,-1.0000,-1.0000,-1.0000,-1.0000,-1.0000,-1.0000,-1.0000,-1.0000,-1.0000,-1.0000,-1.0000,-1.0000,-1.0000,-1.0000,-1.0000,-1.0000,-1.0000,-1.0000,-1.0000,-1.0000,-1.0000,-1.0000,-1.0000,-1.0000,-1.0000,-1.0000,-1.0000,-1.0000,-1.0000,-1.0000,-1.0000,-1.0000,-1.0000,-1.0000,-1.0000,-1.0000,-1.0000,-1.0000,-1.0000,-1.0000,-1.0000,-1.0000,-1.0000,-1.0000,-1.0000,-1.0000,-1.0000,-1.0000,-1.0000,-1.0000,-1.0000,-1.0000,-1.0000,-1.0000,-1.0000,-1.0000,-1.0000,-1.0000,-1.0000,-1.0000,-1.0000,-1.0000,-1.0000,-1.0000,-1.0000,-1.0000,-1.0000,-1.0000,-1.0000,-1.0000,-1.0000,-1.0000,-1.0000,-1.0000,-1.0000,-1.0000,-1.0000,-1.0000,-1.0000,-1.0000,1.8502,1.8415,1.8398,1.8268,1.8479,1.8252,1.2625,1.3719,1.5160,1.3788,1.3320,1.5711,1.4345,1.4602,1.2928,1.4777,1.4218,1.4373,1.5529,1.5134,1.4748,1.4625,1.3937,1.4152,1.4185,1.3292,1.3469,1.3339,1.3016,1.3543,1.2760,1.2122,1.2731,1.2638,1.2143,1.2949,1.2393,1.2931,1.2181,1.2307,1.4459,1.5604,1.5218,1.4834,1.4693,1.4018,1.4256,1.4248,1.3382,1.3570,1.3443,1.3107,1.3609,1.2863,1.2242,1.2843,1.2752,1.2261,1.3051,1.2510,1.3021,1.2286,1.2421,0,1.0000,-3.8126,0.2856,-2.5528
290,0.5800,-0.3734,0.0275,0.0652,-1.4282,0.1068,-0.0000,0.0656,0.2114,0.0001,1.0266,0.9998,-0.0003,0.0179,0.0004,0.0003,-0.0129,0.0007,-0.0064,-0.0162,-0.0011,-0.0003,-0.0127,0.0006,-0.0063,-0.0168,-0.0015,-0.0001,0.0320,-0.0002,-0.0001,0.0305,0.0073,0.0034,-0.0001,0.0319,0.0008,-0.0001,0.0300,0.0074,0.0020,-0.0000,0.0891,0.0016,0.0017,0.0084,0.1004,0.0003,0.0009,0.0010,-0.0099,-0.0122,-0.1332,-0.0408,0.0004,-0.0071,-0.0119,-0.0059,-0.0668,0.0023,-0.0006,0.0185,0.0282,0.0106,0.0152,0.0149,0.0076,-0.0003,0.0131,-0.0175,-0.0090,0.0076,0.0154,0.0051,-0.0001,-1.0000,-1.0000,-1.0000,-1.0000,-1.0000,-1.0000,-1.0000,-1.0000,-1.0000,-1.0000,-1.0000,-1.0000,-1.0000,-1.0000,-1.0000,-1.0000,-1.0000,-1.0000,-1.0000,-1.0000,-1.0000,-1.0000,-1.0000,-1.0000,-1.0000,-1.0000,-1.0000,-1.0000,-1.0000,-1.0000,-1.0000,-1.0000,-1.0000,-1.0000,-1.0000,-1.0000,-1.0000,-1.0000,-1.0000,-1.0000,-1.0000,-1.0000,-1.0000,-1.0000,-1.0000,-1.0000,-1.0000,-1.0000,-1.0000,-1.0000,-1.0000,-1.0000,-1.0000,-1.0000,-1.0000,-1.0000,-1.0000,-1.0000,-1.0000,-1.0000,-1.0000,-1.0000,-1.0000,-1.0000,-1.0000,-1.0000,-1.0000,-1.0000,-1.0000,-1.0000,-1.0000,-1.0000,-1.0000,-1.0000,-1.0000,-1.0000,-1.0000,-1.0000,-1.0000,-1.0000,-1.0000,-1.0000,-1.0000,-1.0000,-1.0000,-1.0000,-1.0000,-1.0000,-1.0000,-1.0000,-1.0000,-1.0000,-1.0000,-1.0000,-1.0000,-1.0000,-1.0000,-1.0000,-1.0000,-1.0000,-1.0000,-1.0000,-1.0000,-1.0000,-1.0000,-1.0000,-1.0000,-1.0000,-1.0000,-1.0000,-1.0000,-1.0000,-1.0000,-1.0000,-1.0000,-1.0000,-1.0000,-1.0000,-1.0000,-1.0000,-1.0000,1.8502,1.8415,1.8398,1.8268,1.8479,1.8252,1.2625,1.3719,1.5160,1.3788,1.3320,1.5711,1.4345,1.4602,1.2928,1.4777,1.4218,1.4373,1.5529,1.5134,1.4748,1.4625,1.3937,1.4152,1.4185,1.3292,1.3469,1.3339,1.3016,1.3543,1.2760,1.2122,1.2731,1.2638,1.2143,1.2949,1.2393,1.2931,1.2181,1.2307,1.4459,1.5604,1.5218,1.4834,1.4693,1.4018,1.4256,1.4248,1.3382,1.3570,1.3443,1.3107,1.3609,1.2863,1.2242,1.2843,1.2752,1.2261,1.3051,1.2510,1.3021,1.2286,1.2421,0,1.0000,-3.8126,0.2856,-2.5528
291,0.5820,-0.3762,0.0277,0.0652,-1.4282,0.1068,-0.0000,0.0656,0.2116,0.0001,1.0266,0.9998,-0.0003,0.0180,0.0004,0.0003,-0.0129,0.0006,-0.0064,-0.0165,-0.0012,-0.0003,-0.0127,0.0005,-0.0063,-0.0169,-0.0012,-0.0001,0.0321,-0.0002,-0.0001,0.0305,0.0073,0.0034,-0.0001,0.0319,0.0008,-0.0002,0.0300,0.0074,0.0020,-0.0000,0.0895,0.0019,0.0001,0.0183,0.1012,0.0006,0.0009,0.0037,-0.0200,-0.0149,-0.1568,-0.0848,-0.0003,-0.0066,-0.0319,-0.0065,-0.0781,0.1613,-0.0018,0.0166,0.0316,0.0096,0.0147,0.0149,0.0073,-0.0003,0.0088,-0.0141,-0.0099,0.0009,0.0153,0.0040,-0.0001,-1.0000,-1.0000,-1.0000,-1.0000,-1.0000,-1.0000,-1.0000,-1.0000,-1.0000,-1.0000,-1.0000,-1.0000,-1.0000,-1.0000,-1.0000,-1.0000,-1.0000,-1.0000,-1.0000,-1.0000,-1.0000,-1.0000,-1.0000,-1.0000,-1.0000,-1.0000,-1.0000,-1.0000,-1.0000,-1.0000,-1.0000,-1.0000,-1.0000,-1.0000,-1.0000,-1.0000,-1.0000,-1.0000,-1.0000,-1.0000,-1.0000,-1.0000,-1.0000,-1.0000,-1.0000,-1.0000,-1.0000,-1.0000,-1.0000,-1.0000,-1.0000,-1.0000,-1.0000,-1.0000,-1.0000,-1.0000,-1.0000,-1.0000,-1.0000,-1.0000,-1.0000,-1.0000,-1.0000,-1.0000,-1.0000,-1.0000,-1.0000,-1.0000,-1.0000,-1.0000,-1.0000,-1.0000,-1.0000,-1.0000,-1.0000,-1.0000,-1.0000,-1.0000,-1.0000,-1.0000,-1.0000,-1.0000,-1.0000,-1.0000,-1.0000,-1.0000,-1.0000,-1.0000,-1.0000,-1.0000,-1.0000,-1.0000,-1.0000,-1.0000,-1.0000,-1.0000,-1.0000,-1.0000,-1.0000,-1.0000,-1.0000,-1.0000,-1.0000,-1.0000,-1.0000,-1.0000,-1.0000,-1.0000,-1.0000,-1.0000,-1.0000,-1.0000,-1.0000,-1.0000,-1.0000,-1.0000,-1.0000,-1.0000,-1.0000,-1.0000,-1.0000,1.8514,1.8427,1.8409,1.8279,1.8491,1.8264,1.2637,1.3734,1.5174,1.3800,1.3335,1.5723,1.4356,1.4617,1.2940,1.4789,1.4233,1.4387,1.5542,1.5148,1.4762,1.4638,1.3949,1.4164,1.4198,1.3306,1.3481,1.3352,1.3028,1.3556,1.2773,1.2136,1.2747,1.2652,1.2158,1.2965,1.2406,1.2947,1.2197,1.2323,1.4473,1.5617,1.5231,1.4847,1.4707,1.4030,1.4269,1.4262,1.3397,1.3583,1.3457,1.3120,1.3623,1.2877,1.2256,1.2859,1.2768,1.2277,1.3068,1.2524,1.3037,1.2302,1.2437,0,1.0000,-3.8126,0.2856,-2.5528
292,0.5840,-0.3791,0.0279,0.0652,-1.4282,0.1068,-0.0000,0.0656,0.2117,0.0001,1.0266,0.9998,-0.0003,0.0181,0.0004,0.0003,-0.0129,0.0006,-0.0065,-0.0168,-0.0010,-0.0003,-0.0127,0.0005,-0.0063,-0.0171,-0.0005,-0.0001,0.0321,-0.0001,-0.0001,0.0305,0.0073,0.0034,-0.0001,0.0319,0.0008,-0.0002,0.0300,0.0075,0.0020,-0.0000,0.0897,0.0015,-0.0039,0.0187,0.1014,0.0006,0.0005,0.0032,-0.0293,-0.0147,-0.1506,0.1076,-0.0007,-0.0056,-0.0397,-0.0071,-0.0876,0.3196,-0.0016,0.0124,0.0326,0.0099,0.0070,0.0148,0.0068,-0.0003,0.0047,-0.0131,-0.0095,-0.0060,0.0152,0.0028,-0.0001,-1.0000,-1.0000,-1.0000,-1.0000,-1.0000,-1.0000,-1.0000,-1.0000,-1.0000,-1.0000,-1.0000,-1.0000,-1.0000,-1.0000,-1.0000,-1.0000,-1.0000,-1.0000,-1.0000,-1.0000,-1.0000,-1.0000,-1.0000,-1.0000,-1.0000,-1.0000,-1.0000,-1.0000,-1.0000,-1.0000,-1.0000,-1.0000,-1.0000,-1.0000,-1.0000,-1.0000,-1.0000,-1.0000,-1.0000,-1.0000,-1.0000,-1.0000,-1.0000,-1.0000,-1.0000,-1.0000,-1.0000,-1.0000,-1.0000,-1.0000,-1.0000,-1.0000,-1.0000,-1.0000,-1.0000,-1.0000,-1.0000,-1.0000,-1.0000,-1.0000,-1.0000,-1.0000,-1.0000,-1.0000,-1.0000,-1.0000,-1.0000,-1.0000,-1.0000,-1.0000,-1.0000,-1.0000,-1.0000,-1.0000,-1.0000,-1.0000,-1.0000,-1.0000,-1.0000,-1.0000,-1.0000,-1.0000,-1.0000,-1.0000,-1.0000,-1.0000,-1.0000,-1.0000,-1.0000,-1.0000,-1.0000,-1.0000,-1.0000,-1.0000,-1.0000,-1.0000,-1.0000,-1.0000,-1.0000,-1.0000,-1.0000,-1.0000,-1.0000,-1.0000,-1.0000,-1.0000,-1.0000,-1.0000,-1.0000,-1.0000,-1.0000,-1.0000,-1.0000,-1.0000,-1.0000,-1.0000,-1.0000,-1.0000,-1.0000,-1.0000,-1.0000,1.8525,1.8439,1.8420,1.8290,1.8503,1.8275,1.2650,1.3749,1.5188,1.3812,1.3350,1.5736,1.4367,1.4631,1.2953,1.4800,1.4247,1.4400,1.5554,1.5161,1.4775,1.4651,1.3961,1.4177,1.4211,1.3320,1.3493,1.3366,1.3041,1.3569,1.2786,1.2150,1.2762,1.2667,1.2173,1.2981,1.2420,1.2962,1.2213,1.2338,1.4487,1.5630,1.5245,1.4861,1.4721,1.4042,1.4282,1.4275,1.3412,1.3596,1.3471,1.3133,1.3636,1.2891,1.2271,1.2875,1.2783,1.2292,1.3084,1.2539,1.3053,1.2319,1.2453,0,1.0000,-3.8126,0.2856,-2.5528
292,0.5840,-0.3791,0.0279,0.0652,-1.4282,0.1068,-0.0000,0.0656,0.2117,0.0001,1.0266,0.9998,-0.0003,0.0181,0.0004,0.0003,-0.0129,0.0006,-0.0065,-0.0168,-0.0010,-0.0003,-0.0127,0.0005,-0.0063,-0.0171,-0.0005,-0.0001,0.0321,-0.0001,-0.0001,0.0305,0.0073,0.0034,-0.0001,0.0319,0.0008,-0.0002,0.0300,0.0075,0.0020,-0.0000,0.0897,0.0015,-0.0039,0.0187,0.1014,0.0006,0.0005,0.0032,-0.0293,-0.0147,-0.1506,0.1076,-0.0007,-0.0056,-0.0397,-0.0071,-0.0876,0.3196,-0.0016,0.0124,0.0326,0.0099,0.0070,0.0148,0.0068,-0.0003,0.0047,-0.0131,-0.0095,-0.0060,0.0152,0.0028,-0.0001,-1.0000,-1.0000,-1.0000,-1.0000,-1.0000,-1.0000,-1.0000,-1.0000,-1.0000,-1.0000,-1.0000,-1.0000,-1.0000,-1.0000,-1.0000,-1.0000,-1.0000,-1.0000,-1.0000,-1.0000,-1.0000,-1.0000,-1.0000,-1.0000,-1.0000,-1.0000,-1.0000,-1.0000,-1.0000,-1.0000,-1.0000,-1.0000,-1.0000,-1.0000,-1.0000,-1.0000,-1.0000,-1.0000,-1.0000,-1.0000,-1.0000,-1.0000,-1.0000,-1.0000,-1.0000,-1.0000,-1.0000,-1.0000,-1.0000,-1.0000,-1.0000,-1.0000,-1.0000,-1.0000,-1.0000,-1.0000,-1.0000,-1.0000,-1.0000,-1.0000,-1.0000,-1.0000,-1.0000,-1.0000,-1.0000,-1.0000,-1.0000,-1.0000,-1.0000,-1.0000,-1.0000,-1.0000,-1.0000,-1.0000,-1.0000,-1.0000,-1.0000,-1.0000,-1.0000,-1.0000,-1.0000,-1.0000,-1.0000,-1.0000,-1.0000,-1.0000,-1.0000,-1.0000,-1.0000,-1.0000,-1.0000,-1.0000,-1.0000,-1.0000,-1.0000,-1.0000,-1.0000,-1.0000,-1.0000,-1.0000,-1.0000,-1.0000,-1.0000,-1.0000,-1.0000,-1.0000,-1.0000,-1.0000,-1.0000,-1.0000,-1.0000,-1.0000,-1.0000,-1.0000,-1.0000,-1.0000,-1.0000,-1.0000,-1.0000,-1.0000,-1.0000,1.8525,1.8439,1.8420,1.8290,1.8503,1.8275,1.2650,1.3749,1.5188,1.3812,1.3350,1.5736,1.4367,1.4631,1.2953,1.4800,1.4247,1.4400,1.5554,1.5161,1.4775,1.4651,1.3961,1.4177,1.4211,1.3320,1.3493,1.3366,1.3041,1.3569,1.2786,1.2150,1.2762,1.2667,1.2173,1.2981,1.2420,1.2962,1.2213,1.2338,1.4487,1.5630,1.5245,1.4861,1.4721,1.4042,1.4282,1.4275,1.3412,1.3596,1.3471,1.3133,1.3636,1.2891,1.2271,1.2875,1.2783,1.2292,1.3084,1.2539,1.3053,1.2319,1.2453,0,1.0000,-3.8126,0.2856,-2.5528
293,0.5860,-0.3819,0.0281,0.0652,-1.4282,0.1068,-0.0000,0.0656,0.2119,0.0001,1.0266,0.9998,-0.0003,0.0182,0.0004,0.0003,-0.0129,0.0005,-0.0065,-0.0171,-0.0007,-0.0003,-0.0128,0.0003,-0.0063,-0.0173,0.0004,-0.0001,0.0321,-0.0000,-0.0001,0.0305,0.0074,0.0034,-0.0001,0.0319,0.0008,-0.0002,0.0300,0.0075,0.0020,-0.0000,0.0901,0.0020,-0.0043,0.0343,0.1023,0.0010,0.0000,0.0007,-0.0500,-0.0140,-0.1269,0.1387,-0.0016,-0.0057,-0.0651,-0.0072,-0.0950,0.4481,-0.0034,0.0119,0.0381,0.0082,0.0110,0.0148,0.0067,-0.0003,0.0003,-0.0074,-0.0111,-0.0119,0.0151,0.0017,-0.0002,-1.0000,-1.0000,-1.0000,-1.0000,-1.0000,-1.0000,-1.0000,-1.0000,-1.0000,-1.0000,-1.0000,-1.0000,-1.0000,-1.0000,-1.0000,-1.0000,-1.0000,-1.0000,-1.0000,-1.0000,-1.0000,-1.0000,-1.0000,-1.0000,-1.0000,-1.0000,-1.0000,-1.0000,-1.0000,-1.0000,-1.0000,-1.0000,-1.0000,-1.0000,-1.0000,-1.0000,-1.0000,-1.0000,-1.0000,-1.0000,-1.0000,-1.0000,-1.0000,-1.0000,-1.0000,-1.0000,-1.0000,-1.0000,-1.0000,-1.0000,-1.0000,-1.0000,-1.0000,-1.0000,-1.0000,-1.0000,-1.0000,-1.0000,-1.0000,-1.0000,-1.0000,-1.0000,-1.0000,-1.0000,-1.0000,-1.0000,-1.0000,-1.0000,-1.0000,-1.0000,-1.0000,-1.0000,-1.0000,-1.0000,-1.0000,-1.0000,-1.0000,-1.0000,-1.0000,-1.0000,-1.0000,-1.0000,-1.0000,-1.0000,-1.0000,-1.0000,-1.0000,-1.0000,-1.0000,-1.0000,-1.0000,-1.0000,-1.0000,-1.0000,-1.0000,-1.0000,-1.0000,-1.0000,-1.0000,-1.0000,-1.0000,-1.0000,-1.0000,-1.0000,-1.0000,-1.0000,-1.0000,-1.0000,-1.0000,-1.0000,-1.0000,-1.0000,-1.0000,-1.0000,-1.0000,-1.0000,-1.0000,-1.0000,-1.0000,-1.0000,-1.0000,1.8536,1.8452,1.8431,1.8300,1.8515,1.8287,1.2662,1.3765,1.5202,1.3824,1.3366,1.5748,1.4379,1.4645,1.2965,1.4811,1.4262,1.4414,1.5567,1.5174,1.4788,1.4664,1.3972,1.4189,1.4224,1.3334,1.3506,1.3379,1.3053,1.3582,1.2799,1.2164,1.2778,1.2681,1.2188,1.2996,1.2434,1.2978,1.2229,1.2354,1.4501,1.5644,1.5258,1.4875,1.4734,1.4055,1.4296,1.4289,1.3426,1.3609,1.3485,1.3146,1.3650,1.2904,1.2286,1.2892,1.2798,1.2308,1.3100,1.2553,1.3069,1.2335,1.2470,0,1.0000,-3.8126,0.2856,-2.5528
294,0.5880,-0.3848,0.0284,0.0652,-1.4282,0.1068,-0.0000,0.0656,0.2121,0.0001,1.0266,0.9998,-0.0002,0.0183,0.0004,0.0003,-0.0130,0.0004,-0.0065,-0.0170,-0.0005,-0.0003,-0.0128,0.0003,-0.0063,-0.0175,0.0008,-0.0001,0.0321,0.0000,-0.0000,0.0305,0.0074,0.0034,-0.0001,0.0319,0.0007,-0.0002,0.0299,0.0075,0.0020,-0.0000,0.0904,0.0015,-0.0098,0.0188,0.1015,0.0000,-0.0010,-0.0186,-0.0302,0.0019,0.0486,0.1210,0.0007,-0.0025,-0.0341,-0.0089,-0.1046,0.1956,-0.0006,0.0049,0.0316,0.0107,-0.0045,0.0148,0.0059,-0.0003,-0.0024,-0.0139,-0.0086,-0.0150,0.0152,0.0007,-0.0001,-1.0000,-1.0000,-1.0000,-1.0000,-1.0000,-1.0000,-1.0000,-1.0000,-1.0000,-1.0000,-1.0000,-1.0000,-1.0000,-1.0000,-1.0000,-1.0000,-1.0000,-1.0000,-1.0000,-1.0000,-1.0000,-1.0000,-1.0000,-1.0000,-1.0000,-1.0000,-1.0000,-1.0000,-1.0000,-1.0000,-1.0000,-1.0000,-1.0000,-1.0000,-1.0000,-1.0000,-1.0000,-1.0000,-1.0000,-1.0000,-1.0000,-1.0000,-1.0000,-1.0000,-1.0000,-1.0000,-1.0000,-1.0000,-1.0000,-1.0000,-1.0000,-1.0000,-1.0000,-1.0000,-1.0000,-1.0000,-1.0000,-1.0000,-1.0000,-1.0000,-1.0000,-1.0000,-1.0000,-1.0000,-1.0000,-1.0000,-1.0000,-1.0000,-1.0000,-1.0000,-1.0000,-1.0000,-1.0000,-1.0000,-1.0000,-1.0000,-1.0000,-1.0000,-1.0000,-1.0000,-1.0000,-1.0000,-1.0000,-1.0000,-1.0000,-1.0000,-1.0000,-1.0000,-1.0000,-1.0000,-1.0000,-1.0000,-1.0000,-1.0000,-1.0000,-1.0000,-1.0000,-1.0000,-1.0000,-1.0000,-1.0000,-1.0000,-1.0000,-1.0000,-1.0000,-1.0000,-1.0000,-1.0000,-1.0000,-1.0000,-1.0000,-1.0000,-1.0000,-1.0000,-1.0000,-1.0000,-1.0000,-1.0000,-1.0000,-1.0000,-1.0000,1.8548,1.8464,1.8443,1.8311,1.8527,1.8298,1.2675,1.3780,1.5216,1.3835,1.3381,1.5760,1.4390,1.4660,1.2978,1.4822,1.4276,1.4427,1.5580,1.5187,1.4802,1.4678,1.3984,1.4202,1.4237,1.3348,1.3519,1.3393,1.3066,1.3595,1.2812,1.2179,1.2794,1.2696,1.2203,1.3012,1.2449,1.2994,1.2245,1.2370,1.4516,1.5657,1.5272,1.4889,1.4748,1.4067,1.4309,1.4302,1.3441,1.3622,1.3499,1.3159,1.3663,1.2918,1.2301,1.2908,1.2813,1.2323,1.3116,1.2568,1.3085,1.2352,1.2486,0,1.0000,-3.8126,0.2856,-2.5528
294,0.5880,-0.3848,0.0284,0.0652,-1.4282,0.1068,-0.0000,0.0656,0.2121,0.0001,1.0266,0.9998,-0.0002,0.0183,0.0004,0.0003,-0.0130,0.0004,-0.0065,-0.0170,-0.0005,-0.0003,-0.0128,0.0003,-0.0063,-0.0175,0.0008,-0.0001,0.0321,0.0000,-0.0000,0.0305,0.0074,0.0034,-0.0001,0.0319,0.0007,-0.0002,0.0299,0.0075,0.0020,-0.0000,0.0904,0.0015,-0.0098,0.0188,0.1015,0.0000,-0.0010,-0.0186,-0.0302,0.0019,0.0486,0.1210,0.0007,-0.0025,-0.0341,-0.0089,-0.1046,0.1956,-0.0006,0.0049,0.0316,0.0107,-0.0045,0.0148,0.0059,-0.0003,-0.0024,-0.0139,-0.0086,-0.0150,0.0152,0.0007,-0.0001,-1.0000,-1.0000,-1.0000,-1.0000,-1.0000,-1.0000,-1.0000,-1.0000,-1.0000,-1.0000,-1.0000,-1.0000,-1.0000,-1.0000,-1.0000,-1.0000,-1.0000,-1.0000,-1.0000,-1.0000,-1.0000,-1.0000,-1.0000,-1.0000,-1.0000,-1.0000,-1.0000,-1.0000,-1.0000,-1.0000,-1.0000,-1.0000,-1.0000,-1.0000,-1.0000,-1.0000,-1.0000,-1.0000,-1.0000,-1.0000,-1.0000,-1.0000,-1.0000,-1.0000,-1.0000,-1.0000,-1.0000,-1.0000,-1.0000,-1.0000,-1.0000,-1.0000,-1.0000,-1.0000,-1.0000,-1.0000,-1.0000,-1.0000,-1.0000,-1.0000,-1.0000,-1.0000,-1.0000,-1.0000,-1.0000,-1.0000,-1.0000,-1.0000,-1.0000,-1.0000,-1.0000,-1.0000,-1.0000,-1.0000,-1.0000,-1.0000,-1.0000,-1.0000,-1.0000,-1.0000,-1.0000,-1.0000,-1.0000,-1.0000,-1.0000,-1.0000,-1.0000,-1.0000,-1.0000,-1.0000,-1.0000,-1.0000,-1.0000,-1.0000,-1.0000,-1.0000,-1.0000,-1.0000,-1.0000,-1.0000,-1.0000,-1.0000,-1.0000,-1.0000,-1.0000,-1.0000,-1.0000,-1.0000,-1.0000,-1.0000,-1.0000,-1.0000,-1.0000,-1.0000,-1.0000,-1.0000,-1.0000,-1.0000,-1.0000,-1.0000,-1.0000,1.8548,1.8464,1.8443,1.8311,1.8527,1.8298,1.2675,1.3780,1.5216,1.3835,1.3381,1.5760,1.4390,1.4660,1.2978,1.4822,1.4276,1.4427,1.5580,1.5187,1.4802,1.4678,1.3984,1.4202,1.4237,1.3348,1.3519,1.3393,1.3066,1.3595,1.2812,1.2179,1.2794,1.2696,1.2203,1.3012,1.2449,1.2994,1.2245,1.2370,1.4516,1.5657,1.5272,1.4889,1.4748,1.4067,1.4309,1.4302,1.3441,1.3622,1.3499,1.3159,1.3663,1.2918,1.2301,1.2908,1.2813,1.2323,1.3116,1.2568,1.3085,1.2352,1.2486,0,1.0000,-3.8126,0.2856,-2.5528
295,0.5900,-0.3876,0.0286,0.0652,-1.4282,0.1068,-0.0000,0.0656,0.2123,0.0001,1.0266,0.9998,-0.0002,0.0184,0.0004,0.0003,-0.0130,0.0003,-0.0065,-0.0170,-0.0004,-0.0003,-0.0128,0.0002,-0.0064,-0.0177,0.0008,-0.0001,0.0321,0.0001,-0.0000,0.0305,0.0074,0.0034,-0.0001,0.0319,0.0007,-0.0002,0.0299,0.0075,0.0020,-0.0000,0.0909,0.0023,-0.0094,0.0283,0.1026,0.0002,-0.0005,-0.0137,-0.0400,-0.0025,-0.0018,0.0708,0.0009,-0.0028,-0.0365,-0.0094,-0.1088,-0.0022,-0.0016,0.0039,0.0335,0.0096,-0.0011,0.0148,0.0057,-0.0003,-0.0056,-0.0116,-0.0095,-0.0172,0.0151,-0.0002,-0.0002,-1.0000,-1.0000,-1.0000,-1.0000,-1.0000,-1.0000,-1.0000,-1.0000,-1.0000,-1.0000,-1.0000,-1.0000,-1.0000,-1.0000,-1.0000,-1.0000,-1.0000,-1.0000,-1.0000,-1.0000,-1.0000,-1.0000,-1.0000,-1.0000,-1.0000,-1.0000,-1.0000,-1.0000,-1.0000,-1.0000,-1.0000,-1.0000,-1.0000,-1.0000,-1.0000,-1.0000,-1.0000,-1.0000,-1.0000,-1.0000,-1.0000,-1.0000,-1.0000,-1.0000,-1.0000,-1.0000,-1.0000,-1.0000,-1.0000,-1.0000,-1.0000,-1.0000,-1.0000,-1.0000,-1.0000,-1.0000,-1.0000,-1.0000,-1.0000,-1.0000,-1.0000,-1.0000,-1.0000,-1.0000,-1.0000,-1.0000,-1.0000,-1.0000,-1.0000,-1.0000,-1.0000,-1.0000,-1.0000,-1.0000,-1.0000,-1.0000,-1.0000,-1.0000,-1.0000,-1.0000,-1.0000,-1.0000,-1.0000,-1.0000,-1.0000,-1.0000,-1.0000,-1.0000,-1.0000,-1.0000,-1.0000,-1.0000,-1.0000,-1.0000,-1.0000,-1.0000,-1.0000,-1.0000,-1.0000,-1.0000,-1.0000,-1.0000,-1.0000,-1.0000,-1.0000,-1.0000,-1.0000,-1.0000,-1.0000,-1.0000,-1.0000,-1.0000,-1.0000,-1.0000,-1.0000,-1.0000,-1.0000,-1.0000,-1.0000,-1.0000,-1.0000,1.8559,1.8476,1.8454,1.8322,1.8539,1.8310,1.2687,1.3795,1.5229,1.3847,1.3397,1.5772,1.4401,1.4674,1.2990,1.4833,1.4291,1.4441,1.5593,1.5200,1.4815,1.4691,1.3996,1.4215,1.4251,1.3362,1.3531,1.3406,1.3078,1.3608,1.2825,1.2193,1.2810,1.2711,1.2218,1.3028,1.2463,1.3009,1.2262,1.2386,1.4530,1.5670,1.5285,1.4903,1.4762,1.4079,1.4322,1.4316,1.3455,1.3635,1.3513,1.3172,1.3677,1.2932,1.2316,1.2925,1.2828,1.2339,1.3132,1.2582,1.3101,1.2369,1.2502,0,1.0000,-3.8126,0.2856,-2.5528
295,0.5900,-0.3876,0.0286,0.0652,-1.4282,0.1068,-0.0000,0.0656,0.2123,0.0001,1.0266,0.9998,-0.0002,0.0184,0.0004,0.0003,-0.0130,0.0003,-0.0065,-0.0170,-0.0004,-0.0003,-0.0128,0.0002,-0.0064,-0.0177,0.0008,-0.0001,0.0321,0.0001,-0.0000,0.0305,0.0074,0.0034,-0.0001,0.0319,0.0007,-0.0002,0.0299,0.0075,0.0020,-0.0000,0.0909,0.0023,-0.0094,0.0283,0.1026,0.0002,-0.0005,-0.0137,-0.0400,-0.0025,-0.0018,0.0708,0.0009,-0.0028,-0.0365,-0.0094,-0.1088,-0.0022,-0.0016,0.0039,0.0335,0.0096,-0.0011,0.0148,0.0057,-0.0003,-0.0056,-0.0116,-0.0095,-0.0172,0.0151,-0.0002,-0.0002,-1.0000,-1.0000,-1.0000,-1.0000,-1.0000,-1.0000,-1.0000,-1.0000,-1.0000,-1.0000,-1.0000,-1.0000,-1.0000,-1.0000,-1.0000,-1.0000,-1.0000,-1.0000,-1.0000,-1.0000,-1.0000,-1.0000,-1.0000,-1.0000,-1.0000,-1.0000,-1.0000,-1.0000,-1.0000,-1.0000,-1.0000,-1.0000,-1.0000,-1.0000,-1.0000,-1.0000,-1.0000,-1.0000,-1.0000,-1.0000,-1.0000,-1.0000,-1.0000,-1.0000,-1.0000,-1.0000,-1.0000,-1.0000,-1.0000,-1.0000,-1.0000,-1.0000,-1.0000,-1.0000,-1.0000,-1.0000,-1.0000,-1.0000,-1.0000,-1.0000,-1.0000,-1.0000,-1.0000,-1.0000,-1.0000,-1.0000,-1.0000,-1.0000,-1.0000,-1.0000,-1.0000,-1.0000,-1.0000,-1.0000,-1.0000,-1.0000,-1.0000,-1.0000,-1.0000,-1.0000,-1.0000,-1.0000,-1.0000,-1.0000,-1.0000,-1.0000,-1.0000,-1.0000,-1.0000,-1.0000,-1.0000,-1.0000,-1.0000,-1.0000,-1.0000,-1.0000,-1.0000,-1.0000,-1.0000,-1.0000,-1.0000,-1.0000,-1.0000,-1.0000,-1.0000,-1.0000,-1.0000,-1.0000,-1.0000,-1.0000,-1.0000,-1.0000,-1.0000,-1.0000,-1.0000,-1.0000,-1.0000,-1.0000,-1.0000,-1.0000,-1.0000,1.8559,1.8476,1.8454,1.8322,1.8539,1.8310,1.2687,1.3795,1.5229,1.3847,1.3397,1.5772,1.4401,1.4674,1.2990,1.4833,1.4291,1.4441,1.5593,1.5200,1.4815,1.4691,1.3996,1.4215,1.4251,1.3362,1.3531,1.3406,1.3078,1.3608,1.2825,1.2193,1.2810,1.2711,1.2218,1.3028,1.2463,1.3009,1.2262,1.2386,1.4530,1.5670,1.5285,1.4903,1.4762,1.4079,1.4322,1.4316,1.3455,1.3635,1.3513,1.3172,1.3677,1.2932,1.2316,1.2925,1.2828,1.2339,1.3132,1.2582,1.3101,1.2369,1.2502,0,1.0000,-3.8126,0.2856,-2.5528
296,0.5920,-0.3905,0.0288,0.0652,-1.4282,0.1068,-0.0000,0.0656,0.2125,0.0001,1.0266,0.9998,-0.0002,0.0185,0.0004,0.0003,-0.0130,0.0002,-0.0065,-0.0171,-0.0004,-0.0003,-0.0128,0.0001,-0.0064,-0.0179,0.0004,-0.0001,0.0321,0.0002,0.0000,0.0305,0.0074,0.0035,-0.0001,0.0319,0.0007,-0.0003,0.0299,0.0076,0.0020,-0.0000,0.0912,0.0030,-0.0103,0.0354,0.1036,0.0005,0.0002,-0.0083,-0.0442,-0.0070,-0.0564,-0.0353,0.0021,-0.0027,-0.0371,-0.0100,-0.1141,-0.1860,-0.0025,0.0021,0.0342,0.0089,-0.0008,0.0148,0.0054,-0.0003,-0.0090,-0.0106,-0.0100,-0.0206,0.0151,-0.0012,-0.0002,-1.0000,-1.0000,-1.0000,-1.0000,-1.0000,-1.0000,-1.0000,-1.0000,-1.0000,-1.0000,-1.0000,-1.0000,-1.0000,-1.0000,-1.0000,-1.0000,-1.0000,-1.0000,-1.0000,-1.0000,-1.0000,-1.0000,-1.0000,-1.0000,-1.0000,-1.0000,-1.0000,-1.0000,-1.0000,-1.0000,-1.0000,-1.0000,-1.0000,-1.0000,-1.0000,-1.0000,-1.0000,-1.0000,-1.0000,-1.0000,-1.0000,-1.0000,-1.0000,-1.0000,-1.0000,-1.0000,-1.0000,-1.0000,-1.0000,-1.0000,-1.0000,-1.0000,-1.0000,-1.0000,-1.0000,-1.0000,-1.0000,-1.0000,-1.0000,-1.0000,-1.0000,-1.0000,-1.0000,-1.0000,-1.0000,-1.0000,-1.0000,-1.0000,-1.0000,-1.0000,-1.0000,-1.0000,-1.0000,-1.0000,-1.0000,-1.0000,-1.0000,-1.0000,-1.0000,-1.0000,-1.0000,-1.0000,-1.0000,-1.0000,-1.0000,-1.0000,-1.0000,-1.0000,-1.0000,-1.0000,-1.0000,-1.0000,-1.0000,-1.0000,-1.0000,-1.0000,-1.0000,-1.0000,-1.0000,-1.0000,-1.0000,-1.0000,-1.0000,-1.0000,-1.0000,-1.0000,-1.0000,-1.0000,-1.0000,-1.0000,-1.0000,-1.0000,-1.0000,-1.0000,-1.0000,-1.0000,-1.0000,-1.0000,-1.0000,-1.0000,-1.0000,1.8571,1.8489,1.8465,1.8333,1.8551,1.8321,1.2700,1.3810,1.5243,1.3859,1.3412,1.5784,1.4413,1.4689,1.3003,1.4844,1.4306,1.4455,1.5606,1.5213,1.4828,1.4705,1.4008,1.4227,1.4264,1.3377,1.3544,1.3420,1.3091,1.3621,1.2839,1.2208,1.2826,1.2725,1.2234,1.3044,1.2477,1.3025,1.2278,1.2401,1.4544,1.5684,1.5299,1.4916,1.4775,1.4092,1.4335,1.4330,1.3470,1.3648,1.3527,1.3185,1.3690,1.2946,1.2331,1.2941,1.2843,1.2355,1.3149,1.2597,1.3117,1.2385,1.2518,0,1.0000,-3.8126,0.2856,-2.5528
297,0.5940,-0.3933,0.0290,0.0652,-1.4281,0.1068,-0.0000,0.0656,0.2126,0.0001,1.0265,0.9998,-0.0001,0.0186,0.0004,0.0003,-0.0130,0.0001,-0.0065,-0.0173,-0.0007,-0.0003,-0.0128,0.0000,-0.0064,-0.0182,-0.0003,-0.0002,0.0321,0.0002,0.0000,0.0305,0.0075,0.0035,-0.0001,0.0319,0.0007,-0.0003,0.0298,0.0076,0.0020,-0.0000,0.0916,0.0036,-0.0108,0.0399,0.1048,0.0009,0.0006,-0.0039,-0.0455,-0.0109,-0.1031,-0.1330,0.0037,-0.0009,-0.0353,-0.0121,-0.1339,-0.3440,-0.0030,0.0001,0.0340,0.0085,-0.0009,0.0148,0.0051,-0.0003,-0.0119,-0.0103,-0.0101,-0.0224,0.0150,-0.0022,-0.0002,-1.0000,-1.0000,-1.0000,-1.0000,-1.0000,-1.0000,-1.0000,-1.0000,-1.0000,-1.0000,-1.0000,-1.0000,-1.0000,-1.0000,-1.0000,-1.0000,-1.0000,-1.0000,-1.0000,-1.0000,-1.0000,-1.0000,-1.0000,-1.0000,-1.0000,-1.0000,-1.0000,-1.0000,-1.0000,-1.0000,-1.0000,-1.0000,-1.0000,-1.0000,-1.0000,-1.0000,-1.0000,-1.0000,-1.0000,-1.0000,-1.0000,-1.0000,-1.0000,-1.0000,-1.0000,-1.0000,-1.0000,-1.0000,-1.0000,-1.0000,-1.0000,-1.0000,-1.0000,-1.0000,-1.0000,-1.0000,-1.0000,-1.0000,-1.0000,-1.0000,-1.0000,-1.0000,-1.0000,-1.0000,-1.0000,-1.0000,-1.0000,-1.0000,-1.0000,-1.0000,-1.0000,-1.0000,-1.0000,-1.0000,-1.0000,-1.0000,-1.0000,-1.0000,-1.0000,-1.0000,-1.0000,-1.0000,-1.0000,-1.0000,-1.0000,-1.0000,-1.0000,-1.0000,-1.0000,-1.0000,-1.0000,-1.0000,-1.0000,-1.0000,-1.0000,-1.0000,-1.0000,-1.0000,-1.0000,-1.0000,-1.0000,-1.0000,-1.0000,-1.0000,-1.0000,-1.0000,-1.0000,-1.0000,-1.0000,-1.0000,-1.0000,-1.0000,-1.0000,-1.0000,-1.0000,-1.0000,-1.0000,-1.0000,-1.0000,-1.0000,-1.0000,1.8582,1.8501,1.8476,1.8343,1.8563,1.8333,1.2713,1.3825,1.5257,1.3871,1.3428,1.5797,1.4424,1.4703,1.3015,1.4856,1.4320,1.4469,1.5619,1.5226,1.4842,1.4718,1.4020,1.4240,1.4277,1.3391,1.3556,1.3433,1.3104,1.3634,1.2852,1.2222,1.2842,1.2740,1.2249,1.3059,1.2491,1.3041,1.2294,1.2417,1.4558,1.5697,1.5312,1.4930,1.4789,1.4104,1.4348,1.4343,1.3485,1.3661,1.3541,1.3199,1.3704,1.2959,1.2345,1.2958,1.2859,1.2370,1.3165,1.2612,1.3134,1.2402,1.2535,0,1.0000,-3.8126,0.2856,-2.5528
299,0.5980,-0.3991,0.0294,0.0652,-1.4281,0.1068,-0.0000,0.0656,0.2130,0.0001,1.0265,0.9998,-0.0000,0.0188,0.0004,0.0003,-0.0130,-0.0001,-0.0066,-0.0179,-0.0015,-0.0002,-0.0128,-0.0002,-0.0064,-0.0181,-0.0015,-0.0002,0.0321,0.0004,0.0000,0.0305,0.0075,0.0035,-0.0001,0.0318,0.0007,-0.0003,0.0297,0.0077,0.0020,-0.0000,0.0925,0.0044,-0.0105,0.0529,0.1065,0.0020,0.0000,0.0033,-0.0581,-0.0175,-0.1678,-0.2066,0.0050,-0.0157,-0.0528,-0.0019,-0.0121,-0.3076,-0.0046,-0.0030,0.0360,0.0076,0.0028,0.0148,0.0047,-0.0003,-0.0174,-0.0072,-0.0104,-0.0242,0.0149,-0.0039,-0.0002,-1.0000,-1.0000,-1.0000,-1.0000,-1.0000,-1.0000,-1.0000,-1.0000,-1.0000,-1.0000,-1.0000,-1.0000,-1.0000,-1.0000,-1.0000,-1.0000,-1.0000,-1.0000,-1.0000,-1.0000,-1.0000,-1.0000,-1.0000,-1.0000,-1.0000,-1.0000,-1.0000,-1.0000,-1.0000,-1.0000,-1.0000,-1.0000,-1.0000,-1.0000,-1.0000,-1.0000,-1.0000,-1.0000,-1.0000,-1.0000,-1.0000,-1.0000,-1.0000,-1.0000,-1.0000,-1.0000,-1.0000,-1.0000,-1.0000,-1.0000,-1.0000,-1.0000,-1.0000,-1.0000,-1.0000,-1.0000,-1.0000,-1.0000,-1.0000,-1.0000,-1.0000,-1.0000,-1.0000,-1.0000,-1.0000,-1.0000,-1.0000,-1.0000,-1.0000,-1.0000,-1.0000,-1.0000,-1.0000,-1.0000,-1.0000,-1.0000,-1.0000,-1.0000,-1.0000,-1.0000,-1.0000,-1.0000,-1.0000,-1.0000,-1.0000,-1.0000,-1.0000,-1.0000,-1.0000,-1.0000,-1.0000,-1.0000,-1.0000,-1.0000,-1.0000,-1.0000,-1.0000,-1.0000,-1.0000,-1.0000,-1.0000,-1.0000,-1.0000,-1.0000,-1.0000,-1.0000,-1.0000,-1.0000,-1.0000,-1.0000,-1.0000,-1.0000,-1.0000,-1.0000,-1.0000,-1.0000,-1.0000,-1.0000,-1.0000,-1.0000,-1.0000,1.8605,1.8526,1.8499,1.8365,1.8587,1.8356,1.2738,1.3856,1.5285,1.3895,1.3459,1.5821,1.4447,1.4732,1.3040,1.4878,1.4350,1.4496,1.5645,1.5253,1.4869,1.4745,1.4045,1.4266,1.4304,1.3420,1.3582,1.3461,1.3130,1.3661,1.2879,1.2251,1.2875,1.2770,1.2280,1.3091,1.2520,1.3072,1.2327,1.2449,1.4586,1.5724,1.5340,1.4958,1.4817,1.4129,1.4374,1.4371,1.3514,1.3687,1.3569,1.3225,1.3731,1.2987,1.2375,1.2991,1.2889,1.2402,1.3198,1.2641,1.3166,1.2435,1.2568,0,1.0000,-3.8126,0.2856,-2.5528
299,0.5980,-0.3991,0.0294,0.0652,-1.4281,0.1068,-0.0000,0.0656,0.2130,0.0001,1.0265,0.9998,-0.0000,0.0188,0.0004,0.0003,-0.0130,-0.0001,-0.0066,-0.0179,-0.0015,-0.0002,-0.0128,-0.0002,-0.0064,-0.0181,-0.0015,-0.0002,0.0321,0.0004,0.0000,0.0305,0.0075,0.0035,-0.0001,0.0318,0.0007,-0.0003,0.0297,0.0077,0.0020,-0.0000,0.0925,0.0044,-0.0105,0.0529,0.1065,0.0020,0.0000,0.0033,-0.0581,-0.0175,-0.1678,-0.2066,0.0050,-0.0157,-0.0528,-0.0019,-0.0121,-0.3076,-0.0046,-0.0030,0.0360,0.0076,0.0028,0.0148,0.0047,-0.0003,-0.0174,-0.0072,-0.0104,-0.0242,0.0149,-0.0039,-0.0002,-1.0000,-1.0000,-1.0000,-1.0000,-1.0000,-1.0000,-1.0000,-1.0000,-1.0000,-1.0000,-1.0000,-1.0000,-1.0000,-1.0000,-1.0000,-1.0000,-1.0000,-1.0000,-1.0000,-1.0000,-1.0000,-1.0000,-1.0000,-1.0000,-1.0000,-1.0000,-1.0000,-1.0000,-1.0000,-1.0000,-1.0000,-1.0000,-1.0000,-1.0000,-1.0000,-1.0000,-1.0000,-1.0000,-1.0000,-1.0000,-1.0000,-1.0000,-1.0000,-1.0000,-1.0000,-1.0000,-1.0000,-1.0000,-1.0000,-1.0000,-1.0000,-1.0000,-1.0000,-1.0000,-1.0000,-1.0000,-1.0000,-1.0000,-1.0000,-1.0000,-1.0000,-1.0000,-1.0000,-1.0000,-1.0000,-1.0000,-1.0000,-1.0000,-1.0000,-1.0000,-1.0000,-1.0000,-1.0000,-1.0000,-1.0000,-1.0000,-1.0000,-1.0000,-1.0000,-1.0000,-1.0000,-1.0000,-1.0000,-1.0000,-1.0000,-1.0000,-1.0000,-1.0000,-1.0000,-1.0000,-1.0000,-1.0000,-1.0000,-1.0000,-1.0000,-1.0000,-1.0000,-1.0000,-1.0000,-1.0000,-1.0000,-1.0000,-1.0000,-1.0000,-1.0000,-1.0000,-1.0000,-1.0000,-1.0000,-1.0000,-1.0000,-1.0000,-1.0000,-1.0000,-1.0000,-1.0000,-1.0000,-1.0000,-1.0000,-1.0000,-1.0000,1.8605,1.8526,1.8499,1.8365,1.8587,1.8356,1.2738,1.3856,1.5285,1.3895,1.3459,1.5821,1.4447,1.4732,1.3040,1.4878,1.4350,1.4496,1.5645,1.5253,1.4869,1.4745,1.4045,1.4266,1.4304,1.3420,1.3582,1.3461,1.3130,1.3661,1.2879,1.2251,1.2875,1.2770,1.2280,1.3091,1.2520,1.3072,1.2327,1.2449,1.4586,1.5724,1.5340,1.4958,1.4817,1.4129,1.4374,1.4371,1.3514,1.3687,1.3569,1.3225,1.3731,1.2987,1.2375,1.2991,1.2889,1.2402,1.3198,1.2641,1.3166,1.2435,1.2568,0,1.0000,-3.8126,0.2856,-2.5528
300,0.6000,-0.4019,0.0296,0.0652,-1.4281,0.1068,-0.0000,0.0656,0.2132,0.0001,1.0265,0.9998,0.0000,0.0189,0.0004,0.0003,-0.0130,-0.0002,-0.0066,-0.0182,-0.0015,-0.0002,-0.0129,-0.0003,-0.0064,-0.0183,-0.0022,-0.0002,0.0321,0.0005,0.0001,0.0305,0.0076,0.0035,-0.0001,0.0318,0.0006,-0.0003,0.0297,0.0077,0.0020,-0.0000,0.0930,0.0035,-0.0096,0.0384,0.1079,0.0013,-0.0001,0.0012,-0.0487,-0.0168,-0.1598,-0.0216,0.0042,-0.0093,-0.0331,-0.0079,-0.0744,-0.3350,-0.0020,-0.0068,0.0306,0.0098,-0.0017,0.0149,0.0042,-0.0002,-0.0169,-0.0120,-0.0078,-0.0165,0.0151,-0.0045,-0.0002,-1.0000,-1.0000,-1.0000,-1.0000,-1.0000,-1.0000,-1.0000,-1.0000,-1.0000,-1.0000,-1.0000,-1.0000,-1.0000,-1.0000,-1.0000,-1.0000,-1.0000,-1.0000,-1.0000,-1.0000,-1.0000,-1.0000,-1.0000,-1.0000,-1.0000,-1.0000,-1.0000,-1.0000,-1.0000,-1.0000,-1.0000,-1.0000,-1.0000,-1.0000,-1.0000,-1.0000,-1.0000,-1.0000,-1.0000,-1.0000,-1.0000,-1.0000,-1.0000,-1.0000,-1.0000,-1.0000,-1.0000,-1.0000,-1.0000,-1.0000,-1.0000,-1.0000,-1.0000,-1.0000,-1.0000,-1.0000,-1.0000,-1.0000,-1.0000,-1.0000,-1.0000,-1.0000,-1.0000,-1.0000,-1.0000,-1.0000,-1.0000,-1.0000,-1.0000,-1.0000,-1.0000,-1.0000,-1.0000,-1.0000,-1.0000,-1.0000,-1.0000,-1.0000,-1.0000,-1.0000,-1.0000,-1.0000,-1.0000,-1.0000,-1.0000,-1.0000,-1.0000,-1.0000,-1.0000,-1.0000,-1.0000,-1.0000,-1.0000,-1.0000,-1.0000,-1.0000,-1.0000,-1.0000,-1.0000,-1.0000,-1.0000,-1.0000,-1.0000,-1.0000,-1.0000,-1.0000,-1.0000,-1.0000,-1.0000,-1.0000,-1.0000,-1.0000,-1.0000,-1.0000,-1.0000,-1.0000,-1.0000,-1.0000,-1.0000,-1.0000,-1.0000,1.8617,1.8539,1.8510,1.8376,1.8599,1.8368,1.2751,1.3871,1.5299,1.3907,1.3474,1.5834,1.4459,1.4747,1.3053,1.4890,1.4365,1.4510,1.5659,1.5267,1.4883,1.4759,1.4057,1.4279,1.4318,1.3435,1.3595,1.3475,1.3143,1.3675,1.2893,1.2266,1.2891,1.2785,1.2295,1.3108,1.2534,1.3088,1.2343,1.2465,1.4600,1.5737,1.5353,1.4972,1.4831,1.4141,1.4387,1.4384,1.3529,1.3700,1.3583,1.3238,1.3744,1.3001,1.2390,1.3008,1.2904,1.2418,1.3214,1.2656,1.3182,1.2452,1.2584,0,1.0000,-3.8126,0.2856,-2.5528
300,0.6000,-0.4019,0.0296,0.0652,-1.4281,0.1068,-0.0000,0.0656,0.2132,0.0001,1.0265,0.9998,0.0000,0.0189,0.0004,0.0003,-0.0130,-0.0002,-0.0066,-0.0182,-0.0015,-0.0002,-0.0129,-0.0003,-0.0064,-0.0183,-0.0022,-0.0002,0.0321,0.0005,0.0001,0.0305,0.0076,0.0035,-0.0001,0.0318,0.0006,-0.0003,0.0297,0.0077,0.0020,-0.0000,0.0930,0.0035,-0.0096,0.0384,0.1079,0.0013,-0.0001,0.0012,-0.0487,-0.0168,-0.1598,-0.0216,0.0042,-0.0093,-0.0331,-0.0079,-0.0744,-0.3350,-0.0020,-0.0068,0.0306,0.0098,-0.0017,0.0149,0.0042,-0.0002,-0.0169,-0.0120,-0.0078,-0.0165,0.0151,-0.0045,-0.0002,-1.0000,-1.0000,-1.0000,-1.0000,-1.0000,-1.0000,-1.0000,-1.0000,-1.0000,-1.0000,-1.0000,-1.0000,-1.0000,-1.0000,-1.0000,-1.0000,-1.0000,-1.0000,-1.0000,-1.0000,-1.0000,-1.0000,-1.0000,-1.0000,-1.0000,-1.0000,-1.0000,-1.0000,-1.0000,-1.0000,-1.0000,-1.0000,-1.0000,-1.0000,-1.0000,-1.0000,-1.0000,-1.0000,-1.0000,-1.0000,-1.0000,-1.0000,-1.0000,-1.0000,-1.0000,-1.0000,-1.0000,-1.0000,-1.0000,-1.0000,-1.0000,-1.0000,-1.0000,-1.0000,-1.0000,-1.0000,-1.0000,-1.0000,-1.0000,-1.0000,-1.0000,-1.0000,-1.0000,-1.0000,-1.0000,-1.0000,-1.0000,-1.0000,-1.0000,-1.0000,-1.0000,-1.0000,-1.0000,-1.0000,-1.0000,-1.0000,-1.0000,-1.0000,-1.0000,-1.0000,-1.0000,-1.0000,-1.0000,-1.0000,-1.0000,-1.0000,-1.0000,-1.0000,-1.0000,-1.0000,-1.0000,-1.0000,-1.0000,-1.0000,-1.0000,-1.0000,-1.0000,-1.0000,-1.0000,-1.0000,-1.0000,-1.0000,-1.0000,-1.0000,-1.0000,-1.0000,-1.0000,-1.0000,-1.0000,-1.0000,-1.0000,-1.0000,-1.0000,-1.0000,-1.0000,-1.0000,-1.0000,-1.0000,-1.0000,-1.0000,-1.0000,1.8617,1.8539,1.8510,1.8376,1.8599,1.8368,1.2751,1.3871,1.5299,1.3907,1.3474,1.5834,1.4459,1.4747,1.3053,1.4890,1.4365,1.4510,1.5659,1.5267,1.4883,1.4759,1.4057,1.4279,1.4318,1.3435,1.3595,1.3475,1.3143,1.3675,1.2893,1.2266,1.2891,1.2785,1.2295,1.3108,1.2534,1.3088,1.2343,1.2465,1.4600,1.5737,1.5353,1.4972,1.4831,1.4141,1.4387,1.4384,1.3529,1.3700,1.3583,1.3238,1.3744,1.3001,1.2390,1.3008,1.2904,1.2418,1.3214,1.2656,1.3182,1.2452,1.2584,0,1.0000,-3.8126,0.2856,-2.5528
301,0.6020,-0.4048,0.0299,0.0652,-1.4281,0.1068,-0.0000,0.0656,0.2134,0.0001,1.0265,0.9998,0.0001,0.0190,0.0004,0.0003,-0.0130,-0.0003,-0.0067,-0.0185,-0.0014,-0.0002,-0.0129,-0.0003,-0.0064,-0.0185,-0.0029,-0.0002,0.0321,0.0005,0.0001,0.0305,0.0076,0.0035,-0.0001,0.0317,0.0006,-0.0003,0.0297,0.0077,0.0020,-0.0000,0.0935,0.0035,-0.0062,0.0382,0.1097,0.0012,-0.0003,-0.0026,-0.0508,-0.0156,-0.1373,0.0250,0.0034,-0.0048,-0.0319,-0.0127,-0.1246,-0.3544,-0.0015,-0.0076,0.0295,0.0100,0.0031,0.0149,0.0041,-0.0002,-0.0172,-0.0121,-0.0072,-0.0101,0.0151,-0.0050,-0.0002,-1.0000,-1.0000,-1.0000,-1.0000,-1.0000,-1.0000,-1.0000,-1.0000,-1.0000,-1.0000,-1.0000,-1.0000,-1.0000,-1.0000,-1.0000,-1.0000,-1.0000,-1.0000,-1.0000,-1.0000,-1.0000,-1.0000,-1.0000,-1.0000,-1.0000,-1.0000,-1.0000,-1.0000,-1.0000,-1.0000,-1.0000,-1.0000,-1.0000,-1.0000,-1.0000,-1.0000,-1.0000,-1.0000,-1.0000,-1.0000,-1.0000,-1.0000,-1.0000,-1.0000,-1.0000,-1.0000,-1.0000,-1.0000,-1.0000,-1.0000,-1.0000,-1.0000,-1.0000,-1.0000,-1.0000,-1.0000,-1.0000,-1.0000,-1.0000,-1.0000,-1.0000,-1.0000,-1.0000,-1.0000,-1.0000,-1.0000,-1.0000,-1.0000,-1.0000,-1.0000,-1.0000,-1.0000,-1.0000,-1.0000,-1.0000,-1.0000,-1.0000,-1.0000,-1.0000,-1.0000,-1.0000,-1.0000,-1.0000,-1.0000,-1.0000,-1.0000,-1.0000,-1.0000,-1.0000,-1.0000,-1.0000,-1.0000,-1.0000,-1.0000,-1.0000,-1.0000,-1.0000,-1.0000,-1.0000,-1.0000,-1.0000,-1.0000,-1.0000,-1.0000,-1.0000,-1.0000,-1.0000,-1.0000,-1.0000,-1.0000,-1.0000,-1.0000,-1.0000,-1.0000,-1.0000,-1.0000,-1.0000,-1.0000,-1.0000,-1.0000,-1.0000,1.8629,1.8552,1.8522,1.8387,1.8611,1.8380,1.2764,1.3886,1.5314,1.3919,1.3490,1.5846,1.4470,1.4761,1.3066,1.4901,1.4380,1.4524,1.5672,1.5280,1.4897,1.4773,1.4069,1.4292,1.4332,1.3449,1.3608,1.3489,1.3156,1.3688,1.2906,1.2281,1.2908,1.2800,1.2311,1.3124,1.2549,1.3105,1.2360,1.2482,1.4615,1.5751,1.5367,1.4986,1.4845,1.4154,1.4401,1.4398,1.3544,1.3713,1.3597,1.3251,1.3758,1.3015,1.2406,1.3025,1.2920,1.2434,1.3231,1.2671,1.3199,1.2469,1.2601,0,1.0000,-3.8126,0.2856,-2.5528
302,0.6040,-0.4076,0.0301,0.0652,-1.4281,0.1068,-0.0000,0.0656,0.2136,0.0001,1.0265,0.9998,0.0001,0.0192,0.0004,0.0003,-0.0130,-0.0004,-0.0067,-0.0188,-0.0013,-0.0002,-0.0129,-0.0004,-0.0065,-0.0188,-0.0031,-0.0002,0.0321,0.0006,0.0001,0.0305,0.0076,0.0035,-0.0001,0.0317,0.0006,-0.0004,0.0296,0.0078,0.0020,-0.0000,0.0940,0.0035,-0.0047,0.0441,0.1110,0.0013,-0.0005,-0.0052,-0.0598,-0.0148,-0.1179,0.0669,0.0025,-0.0056,-0.0500,-0.0131,-0.1255,-0.1273,-0.0019,-0.0084,0.0313,0.0094,0.0068,0.0149,0.0040,-0.0002,-0.0191,-0.0095,-0.0073,-0.0092,0.0151,-0.0057,-0.0003,-1.0000,-1.0000,-1.0000,-1.0000,-1.0000,-1.0000,-1.0000,-1.0000,-1.0000,-1.0000,-1.0000,-1.0000,-1.0000,-1.0000,-1.0000,-1.0000,-1.0000,-1.0000,-1.0000,-1.0000,-1.0000,-1.0000,-1.0000,-1.0000,-1.0000,-1.0000,-1.0000,-1.0000,-1.0000,-1.0000,-1.0000,-1.0000,-1.0000,-1.0000,-1.0000,-1.0000,-1.0000,-1.0000,-1.0000,-1.0000,-1.0000,-1.0000,-1.0000,-1.0000,-1.0000,-1.0000,-1.0000,-1.0000,-1.0000,-1.0000,-1.0000,-1.0000,-1.0000,-1.0000,-1.0000,-1.0000,-1.0000,-1.0000,-1.0000,-1.0000,-1.0000,-1.0000,-1.0000,-1.0000,-1.0000,-1.0000,-1.0000,-1.0000,-1.0000,-1.0000,-1.0000,-1.0000,-1.0000,-1.0000,-1.0000,-1.0000,-1.0000,-1.0000,-1.0000,-1.0000,-1.0000,-1.0000,-1.0000,-1.0000,-1.0000,-1.0000,-1.0000,-1.0000,-1.0000,-1.0000,-1.0000,-1.0000,-1.0000,-1.0000,-1.0000,-1.0000,-1.0000,-1.0000,-1.0000,-1.0000,-1.0000,-1.0000,-1.0000,-1.0000,-1.0000,-1.0000,-1.0000,-1.0000,-1.0000,-1.0000,-1.0000,-1.0000,-1.0000,-1.0000,-1.0000,-1.0000,-1.0000,-1.0000,-1.0000,-1.0000,-1.0000,1.8640,1.8564,1.8533,1.8398,1.8623,1.8392,1.2777,1.3902,1.5328,1.3931,1.3506,1.5859,1.4482,1.4776,1.3079,1.4913,1.4395,1.4539,1.5685,1.5294,1.4910,1.4786,1.4082,1.4305,1.4345,1.3464,1.3621,1.3503,1.3169,1.3702,1.2920,1.2296,1.2924,1.2816,1.2326,1.3140,1.2563,1.3121,1.2377,1.2498,1.4629,1.5764,1.5381,1.5000,1.4859,1.4167,1.4414,1.4412,1.3559,1.3727,1.3612,1.3265,1.3772,1.3029,1.2421,1.3041,1.2935,1.2450,1.3247,1.2686,1.3215,1.2486,1.2617,0,1.0000,-3.8126,0.2856,-2.5528
302,0.6040,-0.4076,0.0301,0.0652,-1.4281,0.1068,-0.0000,0.0656,0.2136,0.0001,1.0265,0.9998,0.0001,0.0192,0.0004,0.0003,-0.0130,-0.0004,-0.0067,-0.0188,-0.0013,-0.0002,-0.0129,-0.0004,-0.0065,-0.0188,-0.0031,-0.0002,0.0321,0.0006,0.0001,0.0305,0.0076,0.0035,-0.0001,0.0317,0.0006,-0.0004,0.0296,0.0078,0.0020,-0.0000,0.0940,0.0035,-0.0047,0.0441,0.1110,0.0013,-0.0005,-0.0052,-0.0598,-0.0148,-0.1179,0.0669,0.0025,-0.0056,-0.0500,-0.0131,-0.1255,-0.1273,-0.0019,-0.0084,0.0313,0.0094,0.0068,0.0149,0.0040,-0.0002,-0.0191,-0.0095,-0.0073,-0.0092,0.0151,-0.0057,-0.0003,-1.0000,-1.0000,-1.0000,-1.0000,-1.0000,-1.0000,-1.0000,-1.0000,-1.0000,-1.0000,-1.0000,-1.0000,-1.0000,-1.0000,-1.0000,-1.0000,-1.0000,-1.0000,-1.0000,-1.0000,-1.0000,-1.0000,-1.0000,-1.0000,-1.0000,-1.0000,-1.0000,-1.0000,-1.0000,-1.0000,-1.0000,-1.0000,-1.0000,-1.0000,-1.0000,-1.0000,-1.0000,-1.0000,-1.0000,-1.0000,-1.0000,-1.0000,-1.0000,-1.0000,-1.0000,-1.0000,-1.0000,-1.0000,-1.0000,-1.0000,-1.0000,-1.0000,-1.0000,-1.0000,-1.0000,-1.0000,-1.0000,-1.0000,-1.0000,-1.0000,-1.0000,-1.0000,-1.0000,-1.0000,-1.0000,-1.0000,-1.0000,-1.0000,-1.0000,-1.0000,-1.0000,-1.0000,-1.0000,-1.0000,-1.0000,-1.0000,-1.0000,-1.0000,-1.0000,-1.0000,-1.0000,-1.0000,-1.0000,-1.0000,-1.0000,-1.0000,-1.0000,-1.0000,-1.0000,-1.0000,-1.0000,-1.0000,-1.0000,-1.0000,-1.0000,-1.0000,-1.0000,-1.0000,-1.0000,-1.0000,-1.0000,-1.0000,-1.0000,-1.0000,-1.0000,-1.0000,-1.0000,-1.0000,-1.0000,-1.0000,-1.0000,-1.0000,-1.0000,-1.0000,-1.0000,-1.0000,-1.0000,-1.0000,-1.0000,-1.0000,-1.0000,1.8640,1.8564,1.8533,1.8398,1.8623,1.8392,1.2777,1.3902,1.5328,1.3931,1.3506,1.5859,1.4482,1.4776,1.3079,1.4913,1.4395,1.4539,1.5685,1.5294,1.4910,1.4786,1.4082,1.4305,1.4345,1.3464,1.3621,1.3503,1.3169,1.3702,1.2920,1.2296,1.2924,1.2816,1.2326,1.3140,1.2563,1.3121,1.2377,1.2498,1.4629,1.5764,1.5381,1.5000,1.4859,1.4167,1.4414,1.4412,1.3559,1.3727,1.3612,1.3265,1.3772,1.3029,1.2421,1.3041,1.2935,1.2450,1.3247,1.2686,1.3215,1.2486,1.2617,0,1.0000,-3.8126,0.2856,-2.5528
303,0.6060,-0.4105,0.0303,0.0652,-1.4281,0.1068,-0.0000,0.0656,0.2138,0.0001,1.0264,0.9998,0.0001,0.0193,0.0004,0.0003,-0.0130,-0.0006,-0.0067,-0.0190,-0.0011,-0.0002,-0.0129,-0.0006,-0.0065,-0.0190,-0.0030,-0.0002,0.0321,0.0006,0.0001,0.0306,0.0077,0.0035,-0.0001,0.0316,0.0006,-0.0004,0.0296,0.0078,0.0020,-0.0000,0.0945,0.0035,-0.0038,0.0505,0.1121,0.0014,-0.0008,-0.0074,-0.0692,-0.0142,-0.1019,0.1020,0.0017,-0.0063,-0.0677,-0.0134,-0.1261,0.0773,-0.0023,-0.0094,0.0333,0.0089,0.0094,0.0149,0.0038,-0.0002,-0.0213,-0.0067,-0.0075,-0.0095,0.0150,-0.0065,-0.0003,-1.0000,-1.0000,-1.0000,-1.0000,-1.0000,-1.0000,-1.0000,-1.0000,-1.0000,-1.0000,-1.0000,-1.0000,-1.0000,-1.0000,-1.0000,-1.0000,-1.0000,-1.0000,-1.0000,-1.0000,-1.0000,-1.0000,-1.0000,-1.0000,-1.0000,-1.0000,-1.0000,-1.0000,-1.0000,-1.0000,-1.0000,-1.0000,-1.0000,-1.0000,-1.0000,-1.0000,-1.0000,-1.0000,-1.0000,-1.0000,-1.0000,-1.0000,-1.0000,-1.0000,-1.0000,-1.0000,-1.0000,-1.0000,-1.0000,-1.0000,-1.0000,-1.0000,-1.0000,-1.0000,-1.0000,-1.0000,-1.0000,-1.0000,-1.0000,-1.0000,-1.0000,-1.0000,-1.0000,-1.0000,-1.0000,-1.0000,-1.0000,-1.0000,-1.0000,-1.0000,-1.0000,-1.0000,-1.0000,-1.0000,-1.0000,-1.0000,-1.0000,-1.0000,-1.0000,-1.0000,-1.0000,-1.0000,-1.0000,-1.0000,-1.0000,-1.0000,-1.0000,-1.0000,-1.0000,-1.0000,-1.0000,-1.0000,-1.0000,-1.0000,-1.0000,-1.0000,-1.0000,-1.0000,-1.0000,-1.0000,-1.0000,-1.0000,-1.0000,-1.0000,-1.0000,-1.0000,-1.0000,-1.0000,-1.0000,-1.0000,-1.0000,-1.0000,-1.0000,-1.0000,-1.0000,-1.0000,-1.0000,-1.0000,-1.0000,-1.0000,-1.0000,1.8652,1.8577,1.8545,1.8410,1.8636,1.8404,1.2790,1.3918,1.5342,1.3944,1.3522,1.5872,1.4494,1.4791,1.3092,1.4925,1.4410,1.4553,1.5699,1.5308,1.4924,1.4800,1.4094,1.4318,1.4359,1.3479,1.3634,1.3517,1.3182,1.3715,1.2934,1.2311,1.2941,1.2831,1.2342,1.3156,1.2578,1.3137,1.2394,1.2514,1.4644,1.5778,1.5395,1.5014,1.4873,1.4179,1.4428,1.4427,1.3575,1.3740,1.3626,1.3279,1.3786,1.3043,1.2436,1.3058,1.2951,1.2466,1.3264,1.2701,1.3232,1.2504,1.2634,0,1.0000,-3.8126,0.2856,-2.5528
304,0.6080,-0.4133,0.0305,0.0652,-1.4281,0.1068,-0.0000,0.0656,0.2140,0.0001,1.0264,0.9998,0.0002,0.0194,0.0004,0.0003,-0.0131,-0.0007,-0.0067,-0.0188,-0.0009,-0.0002,-0.0129,-0.0007,-0.0065,-0.0193,-0.0024,-0.0002,0.0320,0.0007,0.0001,0.0305,0.0077,0.0035,-0.0001,0.0316,0.0005,-0.0004,0.0296,0.0078,0.0019,-0.0000,0.0949,0.0023,-0.0097,0.0328,0.1110,0.0004,-0.0006,-0.0260,-0.0461,0.0014,0.0683,0.0914,0.0016,-0.0042,-0.0561,-0.0143,-0.1265,0.2986,0.0010,-0.0165,0.0274,0.0116,-0.0074,0.0150,0.0029,-0.0002,-0.0233,-0.0123,-0.0046,-0.0121,0.0151,-0.0073,-0.0003,-1.0000,-1.0000,-1.0000,-1.0000,-1.0000,-1.0000,-1.0000,-1.0000,-1.0000,-1.0000,-1.0000,-1.0000,-1.0000,-1.0000,-1.0000,-1.0000,-1.0000,-1.0000,-1.0000,-1.0000,-1.0000,-1.0000,-1.0000,-1.0000,-1.0000,-1.0000,-1.0000,-1.0000,-1.0000,-1.0000,-1.0000,-1.0000,-1.0000,-1.0000,-1.0000,-1.0000,-1.0000,-1.0000,-1.0000,-1.0000,-1.0000,-1.0000,-1.0000,-1.0000,-1.0000,-1.0000,-1.0000,-1.0000,-1.0000,-1.0000,-1.0000,-1.0000,-1.0000,-1.0000,-1.0000,-1.0000,-1.0000,-1.0000,-1.0000,-1.0000,-1.0000,-1.0000,-1.0000,-1.0000,-1.0000,-1.0000,-1.0000,-1.0000,-1.0000,-1.0000,-1.0000,-1.0000,-1.0000,-1.0000,-1.0000,-1.0000,-1.0000,-1.0000,-1.0000,-1.0000,-1.0000,-1.0000,-1.0000,-1.0000,-1.0000,-1.0000,-1.0000,-1.0000,-1.0000,-1.0000,-1.0000,-1.0000,-1.0000,-1.0000,-1.0000,-1.0000,-1.0000,-1.0000,-1.0000,-1.0000,-1.0000,-1.0000,-1.0000,-1.0000,-1.0000,-1.0000,-1.0000,-1.0000,-1.0000,-1.0000,-1.0000,-1.0000,-1.0000,-1.0000,-1.0000,-1.0000,-1.0000,-1.0000,-1.0000,-1.0000,-1.0000,1.8664,1.8590,1.8557,1.8421,1.8648,1.8416,1.2804,1.3933,1.5357,1.3956,1.3538,1.5885,1.4506,1.4806,1.3105,1.4936,1.4425,1.4567,1.5713,1.5322,1.4939,1.4814,1.4107,1.4331,1.4373,1.3494,1.3647,1.3531,1.3196,1.3729,1.2948,1.2326,1.2957,1.2846,1.2358,1.3173,1.2593,1.3153,1.2411,1.2531,1.4658,1.5792,1.5409,1.5029,1.4887,1.4192,1.4441,1.4441,1.3590,1.3754,1.3641,1.3292,1.3800,1.3057,1.2452,1.3075,1.2967,1.2482,1.3281,1.2716,1.3249,1.2521,1.2651,0,1.0000,-3.8126,0.2856,-2.5528
304,0.6080,-0.4133,0.0305,0.0652,-1.4281,0.1068,-0.0000,0.0656,0.2140,0.0001,1.0264,0.9998,0.0002,0.0194,0.0004,0.0003,-0.0131,-0.0007,-0.0067,-0.0188,-0.0009,-0.0002,-0.0129,-0.0007,-0.0065,-0.0193,-0.0024,-0.0002,0.0320,0.0007,0.0001,0.0305,0.0077,0.0035,-0.0001,0.0316,0.0005,-0.0004,0.0296,0.0078,0.0019,-0.0000,0.0949,0.0023,-0.0097,0.0328,0.1110,0.0004,-0.0006,-0.0260,-0.0461,0.0014,0.0683,0.0914,0.0016,-0.0042,-0.0561,-0.0143,-0.1265,0.2986,0.0010,-0.0165,0.0274,0.0116,-0.0074,0.0150,0.0029,-0.0002,-0.0233,-0.0123,-0.0046,-0.0121,0.0151,-0.0073,-0.0003,-1.0000,-1.0000,-1.0000,-1.0000,-1.0000,-1.0000,-1.0000,-1.0000,-1.0000,-1.0000,-1.0000,-1.0000,-1.0000,-1.0000,-1.0000,-1.0000,-1.0000,-1.0000,-1.0000,-1.0000,-1.0000,-1.0000,-1.0000,-1.0000,-1.0000,-1.0000,-1.0000,-1.0000,-1.0000,-1.0000,-1.0000,-1.0000,-1.0000,-1.0000,-1.0000,-1.0000,-1.0000,-1.0000,-1.0000,-1.0000,-1.0000,-1.0000,-1.0000,-1.0000,-1.0000,-1.0000,-1.0000,-1.0000,-1.0000,-1.0000,-1.0000,-1.0000,-1.0000,-1.0000,-1.0000,-1.0000,-1.0000,-1.0000,-1.0000,-1.0000,-1.0000,-1.0000,-1.0000,-1.0000,-1.0000,-1.0000,-1.0000,-1.0000,-1.0000,-1.0000,-1.0000,-1.0000,-1.0000,-1.0000,-1.0000,-1.0000,-1.0000,-1.0000,-1.0000,-1.0000,-1.0000,-1.0000,-1.0000,-1.0000,-1.0000,-1.0000,-1.0000,-1.0000,-1.0000,-1.0000,-1.0000,-1.0000,-1.0000,-1.0000,-1.0000,-1.0000,-1.0000,-1.0000,-1.0000,-1.0000,-1.0000,-1.0000,-1.0000,-1.0000,-1.0000,-1.0000,-1.0000,-1.0000,-1.0000,-1.0000,-1.0000,-1.0000,-1.0000,-1.0000,-1.0000,-1.0000,-1.0000,-1.0000,-1.0000,-1.0000,-1.0000,1.8664,1.8590,1.8557,1.8421,1.8648,1.8416,1.2804,1.3933,1.5357,1.3956,1.3538,1.5885,1.4506,1.4806,1.3105,1.4936,1.4425,1.4567,1.5713,1.5322,1.4939,1.4814,1.4107,1.4331,1.4373,1.3494,1.3647,1.3531,1.3196,1.3729,1.2948,1.2326,1.2957,1.2846,1.2358,1.3173,1.2593,1.3153,1.2411,1.2531,1.4658,1.5792,1.5409,1.5029,1.4887,1.4192,1.4441,1.4441,1.3590,1.3754,1.3641,1.3292,1.3800,1.3057,1.2452,1.3075,1.2967,1.2482,1.3281,1.2716,1.3249,1.2521,1.2651,0,1.0000,-3.8126,0.2856,-2.5528
305,0.6100,-0.4162,0.0307,0.0652,-1.4281,0.1068,-0.0000,0.0656,0.2141,0.0001,1.0264,0.9998,0.0002,0.0195,0.0004,0.0003,-0.0131,-0.0008,-0.0067,-0.0188,-0.0004,-0.0002,-0.0129,-0.0008,-0.0065,-0.0195,-0.0014,-0.0002,0.0320,0.0008,0.0002,0.0305,0.0077,0.0035,-0.0001,0.0316,0.0005,-0.0004,0.0296,0.0078,0.0019,-0.0000,0.0952,0.0015,-0.0124,0.0288,0.1114,0.0002,-0.0002,-0.0220,-0.0492,-0.0012,0.0290,0.2706,0.0012,-0.0040,-0.0595,-0.0146,-0.1268,0.4803,0.0020,-0.0203,0.0267,0.0124,-0.0140,0.0150,0.0024,-0.0002,-0.0256,-0.0125,-0.0035,-0.0145,0.0151,-0.0060,-0.0003,-1.0000,-1.0000,-1.0000,-1.0000,-1.0000,-1.0000,-1.0000,-1.0000,-1.0000,-1.0000,-1.0000,-1.0000,-1.0000,-1.0000,-1.0000,-1.0000,-1.0000,-1.0000,-1.0000,-1.0000,-1.0000,-1.0000,-1.0000,-1.0000,-1.0000,-1.0000,-1.0000,-1.0000,-1.0000,-1.0000,-1.0000,-1.0000,-1.0000,-1.0000,-1.0000,-1.0000,-1.0000,-1.0000,-1.0000,-1.0000,-1.0000,-1.0000,-1.0000,-1.0000,-1.0000,-1.0000,-1.0000,-1.0000,-1.0000,-1.0000,-1.0000,-1.0000,-1.0000,-1.0000,-1.0000,-1.0000,-1.0000,-1.0000,-1.0000,-1.0000,-1.0000,-1.0000,-1.0000,-1.0000,-1.0000,-1.0000,-1.0000,-1.0000,-1.0000,-1.0000,-1.0000,-1.0000,-1.0000,-1.0000,-1.0000,-1.0000,-1.0000,-1.0000,-1.0000,-1.0000,-1.0000,-1.0000,-1.0000,-1.0000,-1.0000,-1.0000,-1.0000,-1.0000,-1.0000,-1.0000,-1.0000,-1.0000,-1.0000,-1.0000,-1.0000,-1.0000,-1.0000,-1.0000,-1.0000,-1.0000,-1.0000,-1.0000,-1.0000,-1.0000,-1.0000,-1.0000,-1.0000,-1.0000,-1.0000,-1.0000,-1.0000,-1.0000,-1.0000,-1.0000,-1.0000,-1.0000,-1.0000,-1.0000,-1.0000,-1.0000,-1.0000,1.8676,1.8603,1.8569,1.8432,1.8661,1.8428,1.2817,1.3949,1.5371,1.3968,1.3554,1.5897,1.4518,1.4821,1.3118,1.4948,1.4440,1.4582,1.5726,1.5335,1.4953,1.4828,1.4119,1.4345,1.4387,1.3509,1.3661,1.3545,1.3209,1.3743,1.2962,1.2341,1.2974,1.2862,1.2374,1.3189,1.2608,1.3170,1.2427,1.2547,1.4673,1.5806,1.5424,1.5043,1.4902,1.4205,1.4455,1.4455,1.3605,1.3767,1.3655,1.3306,1.3814,1.3072,1.2467,1.3093,1.2983,1.2498,1.3298,1.2731,1.3265,1.2538,1.2668,0,1.0000,-3.8126,0.2856,-2.5528
305,0.6100,-0.4162,0.0307,0.0652,-1.4281,0.1068,-0.0000,0.0656,0.2141,0.0001,1.0264,0.9998,0.0002,0.0195,0.0004,0.0003,-0.0131,-0.0008,-0.0067,-0.0188,-0.0004,-0.0002,-0.0129,-0.0008,-0.0065,-0.0195,-0.0014,-0.0002,0.0320,0.0008,0.0002,0.0305,0.0077,0.0035,-0.0001,0.0316,0.0005,-0.0004,0.0296,0.0078,0.0019,-0.0000,0.0952,0.0015,-0.0124,0.0288,0.1114,0.0002,-0.0002,-0.0220,-0.0492,-0.0012,0.0290,0.2706,0.0012,-0.0040,-0.0595,-0.0146,-0.1268,0.4803,0.0020,-0.0203,0.0267,0.0124,-0.0140,0.0150,0.0024,-0.0002,-0.0256,-0.0125,-0.0035,-0.0145,0.0151,-0.0060,-0.0003,-1.0000,-1.0000,-1.0000,-1.0000,-1.0000,-1.0000,-1.0000,-1.0000,-1.0000,-1.0000,-1.0000,-1.0000,-1.0000,-1.0000,-1.0000,-1.0000,-1.0000,-1.0000,-1.0000,-1.0000,-1.0000,-1.0000,-1.0000,-1.0000,-1.0000,-1.0000,-1.0000,-1.0000,-1.0000,-1.0000,-1.0000,-1.0000,-1.0000,-1.0000,-1.0000,-1.0000,-1.0000,-1.0000,-1.0000,-1.0000,-1.0000,-1.0000,-1.0000,-1.0000,-1.0000,-1.0000,-1.0000,-1.0000,-1.0000,-1.0000,-1.0000,-1.0000,-1.0000,-1.0000,-1.0000,-1.0000,-1.0000,-1.0000,-1.0000,-1.0000,-1.0000,-1.0000,-1.0000,-1.0000,-1.0000,-1.0000,-1.0000,-1.0000,-1.0000,-1.0000,-1.0000,-1.0000,-1.0000,-1.0000,-1.0000,-1.0000,-1.0000,-1.0000,-1.0000,-1.0000,-1.0000,-1.0000,-1.0000,-1.0000,-1.0000,-1.0000,-1.0000,-1.0000,-1.0000,-1.0000,-1.0000,-1.0000,-1.0000,-1.0000,-1.0000,-1.0000,-1.0000,-1.0000,-1.0000,-1.0000,-1.0000,-1.0000,-1.0000,-1.0000,-1.0000,-1.0000,-1.0000,-1.0000,-1.0000,-1.0000,-1.0000,-1.0000,-1.0000,-1.0000,-1.0000,-1.0000,-1.0000,-1.0000,-1.0000,-1.0000,-1.0000,1.8676,1.8603,1.8569,1.8432,1.8661,1.8428,1.2817,1.3949,1.5371,1.3968,1.3554,1.5897,1.4518,1.4821,1.3118,1.4948,1.4440,1.4582,1.5726,1.5335,1.4953,1.4828,1.4119,1.4345,1.4387,1.3509,1.3661,1.3545,1.3209,1.3743,1.2962,1.2341,1.2974,1.2862,1.2374,1.3189,1.2608,1.3170,1.2427,1.2547,1.4673,1.5806,1.5424,1.5043,1.4902,1.4205,1.4455,1.4455,1.3605,1.3767,1.3655,1.3306,1.3814,1.3072,1.2467,1.3093,1.2983,1.2498,1.3298,1.2731,1.3265,1.2538,1.2668,0,1.0000,-3.8126,0.2856,-2.5528
306,0.6120,-0.4191,0.0309,0.0652,-1.4281,0.1068,-0.0000,0.0656,0.2143,0.0001,1.0264,0.9998,0.0002,0.0196,0.0004,0.0003,-0.0132,-0.0008,-0.0067,-0.0188,-0.0001,-0.0002,-0.0129,-0.0009,-0.0066,-0.0197,-0.0005,-0.0002,0.0320,0.0008,0.0002,0.0305,0.0077,0.0035,-0.0001,0.0315,0.0005,-0.0004,0.0296,0.0079,0.0019,-0.0000,0.0959,0.0010,-0.0085,0.0178,0.1131,-0.0003,0.0007,-0.0178,-0.0303,-0.0051,-0.0224,0.1605,0.0007,-0.0074,-0.0448,-0.0139,-0.1043,0.4568,0.0039,-0.0220,0.0217,0.0137,-0.0117,0.0151,0.0021,-0.0002,-0.0240,-0.0163,-0.0016,-0.0035,0.0153,-0.0042,-0.0003,-1.0000,-1.0000,-1.0000,-1.0000,-1.0000,-1.0000,-1.0000,-1.0000,-1.0000,-1.0000,-1.0000,-1.0000,-1.0000,-1.0000,-1.0000,-1.0000,-1.0000,-1.0000,-1.0000,-1.0000,-1.0000,-1.0000,-1.0000,-1.0000,-1.0000,-1.0000,-1.0000,-1.0000,-1.0000,-1.0000,-1.0000,-1.0000,-1.0000,-1.0000,-1.0000,-1.0000,-1.0000,-1.0000,-1.0000,-1.0000,-1.0000,-1.0000,-1.0000,-1.0000,-1.0000,-1.0000,-1.0000,-1.0000,-1.0000,-1.0000,-1.0000,-1.0000,-1.0000,-1.0000,-1.0000,-1.0000,-1.0000,-1.0000,-1.0000,-1.0000,-1.0000,-1.0000,-1.0000,-1.0000,-1.0000,-1.0000,-1.0000,-1.0000,-1.0000,-1.0000,-1.0000,-1.0000,-1.0000,-1.0000,-1.0000,-1.0000,-1.0000,-1.0000,-1.0000,-1.0000,-1.0000,-1.0000,-1.0000,-1.0000,-1.0000,-1.0000,-1.0000,-1.0000,-1.0000,-1.0000,-1.0000,-1.0000,-1.0000,-1.0000,-1.0000,-1.0000,-1.0000,-1.0000,-1.0000,-1.0000,-1.0000,-1.0000,-1.0000,-1.0000,-1.0000,-1.0000,-1.0000,-1.0000,-1.0000,-1.0000,-1.0000,-1.0000,-1.0000,-1.0000,-1.0000,-1.0000,-1.0000,-1.0000,-1.0000,-1.0000,-1.0000,1.8688,1.8616,1.8581,1.8444,1.8673,1.8440,1.2830,1.3965,1.5386,1.3981,1.3570,1.5910,1.4530,1.4836,1.3131,1.4960,1.4455,1.4596,1.5740,1.5349,1.4967,1.4842,1.4132,1.4358,1.4401,1.3524,1.3674,1.3559,1.3222,1.3757,1.2976,1.2356,1.2991,1.2877,1.2390,1.3206,1.2623,1.3186,1.2444,1.2564,1.4688,1.5820,1.5438,1.5058,1.4916,1.4218,1.4469,1.4469,1.3620,1.3781,1.3670,1.3320,1.3828,1.3086,1.2483,1.3110,1.2998,1.2515,1.3314,1.2747,1.3282,1.2555,1.2685,0,1.0000,-3.8126,0.2856,-2.5528
307,0.6140,-0.4219,0.0311,0.0652,-1.4281,0.1068,-0.0000,0.0656,0.2145,0.0002,1.0264,0.9998,0.0002,0.0197,0.0004,0.0003,-0.0132,-0.0008,-0.0067,-0.0189,0.0001,-0.0002,-0.0130,-0.0009,-0.0066,-0.0199,0.0004,-0.0002,0.0319,0.0008,0.0002,0.0305,0.0078,0.0035,-0.0001,0.0315,0.0004,-0.0004,0.0296,0.0079,0.0019,-0.0000,0.0965,0.0006,-0.0053,0.0078,0.1148,-0.0005,0.0014,-0.0141,-0.0131,-0.0085,-0.0671,0.0577,0.0003,-0.0101,-0.0314,-0.0135,-0.0864,0.4322,0.0055,-0.0238,0.0173,0.0148,-0.0105,0.0152,0.0019,-0.0001,-0.0229,-0.0196,-0.0000,0.0055,0.0154,-0.0025,-0.0003,-1.0000,-1.0000,-1.0000,-1.0000,-1.0000,-1.0000,-1.0000,-1.0000,-1.0000,-1.0000,-1.0000,-1.0000,-1.0000,-1.0000,-1.0000,-1.0000,-1.0000,-1.0000,-1.0000,-1.0000,-1.0000,-1.0000,-1.0000,-1.0000,-1.0000,-1.0000,-1.0000,-1.0000,-1.0000,-1.0000,-1.0000,-1.0000,-1.0000,-1.0000,-1.0000,-1.0000,-1.0000,-1.0000,-1.0000,-1.0000,-1.0000,-1.0000,-1.0000,-1.0000,-1.0000,-1.0000,-1.0000,-1.0000,-1.0000,-1.0000,-1.0000,-1.0000,-1.0000,-1.0000,-1.0000,-1.0000,-1.0000,-1.0000,-1.0000,-1.0000,-1.0000,-1.0000,-1.0000,-1.0000,-1.0000,-1.0000,-1.0000,-1.0000,-1.0000,-1.0000,-1.0000,-1.0000,-1.0000,-1.0000,-1.0000,-1.0000,-1.0000,-1.0000,-1.0000,-1.0000,-1.0000,-1.0000,-1.0000,-1.0000,-1.0000,-1.0000,-1.0000,-1.0000,-1.0000,-1.0000,-1.0000,-1.0000,-1.0000,-1.0000,-1.0000,-1.0000,-1.0000,-1.0000,-1.0000,-1.0000,-1.0000,-1.0000,-1.0000,-1.0000,-1.0000,-1.0000,-1.0000,-1.0000,-1.0000,-1.0000,-1.0000,-1.0000,-1.0000,-1.0000,-1.0000,-1.0000,-1.0000,-1.0000,-1.0000,-1.0000,-1.0000,1.8700,1.8629,1.8592,1.8455,1.8686,1.8452,1.2843,1.3981,1.5400,1.3994,1.3586,1.5923,1.4542,1.4851,1.3144,1.4972,1.4471,1.4610,1.5753,1.5363,1.4981,1.4857,1.4145,1.4371,1.4415,1.3539,1.3687,1.3574,1.3236,1.3771,1.2990,1.2371,1.3007,1.2892,1.2406,1.3222,1.2638,1.3203,1.2461,1.2580,1.4703,1.5834,1.5452,1.5072,1.4930,1.4231,1.4482,1.4483,1.3636,1.3795,1.3685,1.3333,1.3842,1.3101,1.2498,1.3127,1.3014,1.2531,1.3331,1.2762,1.3299,1.2573,1.2702,0,1.0000,-3.8126,0.2856,-2.5528
308,0.6160,-0.4248,0.0314,0.0652,-1.4281,0.1068,-0.0000,0.0656,0.2147,0.0002,1.0264,0.9998,0.0003,0.0198,0.0004,0.0003,-0.0132,-0.0009,-0.0068,-0.0192,-0.0001,-0.0002,-0.0130,-0.0010,-0.0066,-0.0197,0.0011,-0.0002,0.0319,0.0009,0.0003,0.0305,0.0078,0.0035,-0.0001,0.0314,0.0004,-0.0004,0.0296,0.0079,0.0019,-0.0000,0.0969,0.0018,-0.0092,0.0272,0.1141,0.0002,0.0019,-0.0066,-0.0318,-0.0134,-0.1153,-0.0591,-0.0031,-0.0311,-0.0533,0.0036,0.0976,0.3743,0.0028,-0.0248,0.0227,0.0121,-0.0103,0.0150,0.0016,-0.0001,-0.0288,-0.0136,-0.0025,-0.0075,0.0152,-0.0015,-0.0003,-1.0000,-1.0000,-1.0000,-1.0000,-1.0000,-1.0000,-1.0000,-1.0000,-1.0000,-1.0000,-1.0000,-1.0000,-1.0000,-1.0000,-1.0000,-1.0000,-1.0000,-1.0000,-1.0000,-1.0000,-1.0000,-1.0000,-1.0000,-1.0000,-1.0000,-1.0000,-1.0000,-1.0000,-1.0000,-1.0000,-1.0000,-1.0000,-1.0000,-1.0000,-1.0000,-1.0000,-1.0000,-1.0000,-1.0000,-1.0000,-1.0000,-1.0000,-1.0000,-1.0000,-1.0000,-1.0000,-1.0000,-1.0000,-1.0000,-1.0000,-1.0000,-1.0000,-1.0000,-1.0000,-1.0000,-1.0000,-1.0000,-1.0000,-1.0000,-1.0000,-1.0000,-1.0000,-1.0000,-1.0000,-1.0000,-1.0000,-1.0000,-1.0000,-1.0000,-1.0000,-1.0000,-1.0000,-1.0000,-1.0000,-1.0000,-1.0000,-1.0000,-1.0000,-1.0000,-1.0000,-1.0000,-1.0000,-1.0000,-1.0000,-1.0000,-1.0000,-1.0000,-1.0000,-1.0000,-1.0000,-1.0000,-1.0000,-1.0000,-1.0000,-1.0000,-1.0000,-1.0000,-1.0000,-1.0000,-1.0000,-1.0000,-1.0000,-1.0000,-1.0000,-1.0000,-1.0000,-1.0000,-1.0000,-1.0000,-1.0000,-1.0000,-1.0000,-1.0000,-1.0000,-1.0000,-1.0000,-1.0000,-1.0000,-1.0000,-1.0000,-1.0000,1.8712,1.8642,1.8604,1.8467,1.8698,1.8464,1.2857,1.3997,1.5415,1.4006,1.3602,1.5936,1.4555,1.4866,1.3158,1.4984,1.4486,1.4625,1.5767,1.5377,1.4995,1.4871,1.4157,1.4384,1.4429,1.3554,1.3701,1.3588,1.3249,1.3785,1.3004,1.2386,1.3024,1.2908,1.2422,1.3239,1.2652,1.3219,1.2478,1.2597,1.4718,1.5848,1.5466,1.5087,1.4945,1.4245,1.4496,1.4498,1.3652,1.3809,1.3700,1.3347,1.3857,1.3115,1.2514,1.3144,1.3031,1.2548,1.3349,1.2778,1.3316,1.2590,1.2719,0,1.0000,-3.8126,0.2856,-2.5528
308,0.6160,-0.4248,0.0314,0.0652,-1.4281,0.1068,-0.0000,0.0656,0.2147,0.0002,1.0264,0.9998,0.0003,0.0198,0.0004,0.0003,-0.0132,-0.0009,-0.0068,-0.0192,-0.0001,-0.0002,-0.0130,-0.0010,-0.0066,-0.0197,0.0011,-0.0002,0.0319,0.0009,0.0003,0.0305,0.0078,0.0035,-0.0001,0.0314,0.0004,-0.0004,0.0296,0.0079,0.0019,-0.0000,0.0969,0.0018,-0.0092,0.0272,0.1141,0.0002,0.0019,-0.0066,-0.0318,-0.0134,-0.1153,-0.0591,-0.0031,-0.0311,-0.0533,0.0036,0.0976,0.3743,0.0028,-0.0248,0.0227,0.0121,-0.0103,0.0150,0.0016,-0.0001,-0.0288,-0.0136,-0.0025,-0.0075,0.0152,-0.0015,-0.0003,-1.0000,-1.0000,-1.0000,-1.0000,-1.0000,-1.0000,-1.0000,-1.0000,-1.0000,-1.0000,-1.0000,-1.0000,-1.0000,-1.0000,-1.0000,-1.0000,-1.0000,-1.0000,-1.0000,-1.0000,-1.0000,-1.0000,-1.0000,-1.0000,-1.0000,-1.0000,-1.0000,-1.0000,-1.0000,-1.0000,-1.0000,-1.0000,-1.0000,-1.0000,-1.0000,-1.0000,-1.0000,-1.0000,-1.0000,-1.0000,-1.0000,-1.0000,-1.0000,-1.0000,-1.0000,-1.0000,-1.0000,-1.0000,-1.0000,-1.0000,-1.0000,-1.0000,-1.0000,-1.0000,-1.0000,-1.0000,-1.0000,-1.0000,-1.0000,-1.0000,-1.0000,-1.0000,-1.0000,-1.0000,-1.0000,-1.0000,-1.0000,-1.0000,-1.0000,-1.0000,-1.0000,-1.0000,-1.0000,-1.0000,-1.0000,-1.0000,-1.0000,-1.0000,-1.0000,-1.0000,-1.0000,-1.0000,-1.0000,-1.0000,-1.0000,-1.0000,-1.0000,-1.0000,-1.0000,-1.0000,-1.0000,-1.0000,-1.0000,-1.0000,-1.0000,-1.0000,-1.0000,-1.0000,-1.0000,-1.0000,-1.0000,-1.0000,-1.0000,-1.0000,-1.0000,-1.0000,-1.0000,-1.0000,-1.0000,-1.0000,-1.0000,-1.0000,-1.0000,-1.0000,-1.0000,-1.0000,-1.0000,-1.0000,-1.0000,-1.0000,-1.0000,1.8712,1.8642,1.8604,1.8467,1.8698,1.8464,1.2857,1.3997,1.5415,1.4006,1.3602,1.5936,1.4555,1.4866,1.3158,1.4984,1.4486,1.4625,1.5767,1.5377,1.4995,1.4871,1.4157,1.4384,1.4429,1.3554,1.3701,1.3588,1.3249,1.3785,1.3004,1.2386,1.3024,1.2908,1.2422,1.3239,1.2652,1.3219,1.2478,1.2597,1.4718,1.5848,1.5466,1.5087,1.4945,1.4245,1.4496,1.4498,1.3652,1.3809,1.3700,1.3347,1.3857,1.3115,1.2514,1.3144,1.3031,1.2548,1.3349,1.2778,1.3316,1.2590,1.2719,0,1.0000,-3.8126,0.2856,-2.5528
