step,time,obst_px,obst_py,obst_pz,obst_vx,obst_vy,obst_vz,obst_radius,qpos_0,qpos_1,qpos_2,qpos_3,qpos_4,qpos_5,qpos_6,qpos_7,qpos_8,qpos_9,qpos_10,qpos_11,qpos_12,qpos_13,qpos_14,qpos_15,qpos_16,qpos_17,qpos_18,qpos_19,qpos_20,qpos_21,qpos_22,qpos_23,qpos_24,qpos_25,qpos_26,qpos_27,qpos_28,qpos_29,qpos_30,qpos_31,qpos_32,qpos_33,qvel_0,qvel_1,qvel_2,qvel_3,qvel_4,qvel_5,qvel_6,qvel_7,qvel_8,qvel_9,qvel_10,qvel_11,qvel_12,qvel_13,qvel_14,qvel_15,qvel_16,qvel_17,qvel_18,qvel_19,qvel_20,qvel_21,qvel_22,qvel_23,qvel_24,qvel_25,qvel_26,qvel_27,qvel_28,qvel_29,qvel_30,qvel_31,qvel_32,cap_site_0_head_sensor_0,cap_site_1_head_sensor_1,cap_site_2_head_sensor_2,cap_site_3_head_sensor_3,cap_site_4_head_sensor_4,cap_site_5_head_sensor_5,cap_site_6_torso_sensor_0,cap_site_7_torso_sensor_1,cap_site_8_torso_sensor_2,cap_site_9_torso_sensor_3,cap_site_10_torso_sensor_4,cap_site_11_torso_sensor_5,cap_site_12_torso_sensor_6,cap_site_13_torso_sensor_7,cap_site_14_torso_sensor_8,cap_site_15_torso_sensor_9,cap_site_16_torso_sensor_10,cap_site_17_left_shoulder_roll_sensor_0,cap_site_18_left_shoulder_roll_sensor_1,cap_site_19_left_shoulder_roll_sensor_2,cap_site_20_left_shoulder_roll_sensor_3,cap_site_21_left_shoulder_roll_sensor_4,cap_site_22_left_shoulder_roll_sensor_5,cap_site_23_left_shoulder_roll_sensor_6,cap_site_24_left_shoulder_roll_sensor_7,cap_site_25_left_shoulder_yaw_sensor_0,cap_site_26_left_shoulder_yaw_sensor_1,cap_site_27_left_shoulder_yaw_sensor_2,cap_site_28_left_shoulder_yaw_sensor_3,cap_site_29_left_shoulder_yaw_sensor_4,cap_site_30_left_shoulder_yaw_sensor_5,cap_site_31_left_elbow_sensor_0,cap_site_32_left_elbow_sensor_1,cap_site_33_left_elbow_sensor_2,cap_site_34_left_elbow_sensor_3,cap_site_35_left_elbow_sensor_4,cap_site_36_left_elbow_sensor_5,cap_site_37_left_elbow_sensor_6,cap_site_38_left_elbow_sensor_7,cap_site_39_left_elbow_sensor_8,cap_site_41_right_shoulder_roll_sensor_0,cap_site_42_right_shoulder_roll_sensor_1,cap_site_43_right_shoulder_roll_sensor_2,cap_site_44_right_shoulder_roll_sensor_3,cap_site_45_right_shoulder_roll_sensor_4,cap_site_46_right_shoulder_roll_sensor_5,cap_site_47_right_shoulder_roll_sensor_6,cap_site_48_right_shoulder_roll_sensor_7,cap_site_49_right_shoulder_yaw_sensor_0,cap_site_50_right_shoulder_yaw_sensor_1,cap_site_51_right_shoulder_yaw_sensor_2,cap_site_52_right_shoulder_yaw_sensor_3,cap_site_53_right_shoulder_yaw_sensor_4,cap_site_54_right_shoulder_yaw_sensor_5,cap_site_55_right_elbow_sensor_0,cap_site_56_right_elbow_sensor_1,cap_site_57_right_elbow_sensor_2,cap_site_58_right_elbow_sensor_3,cap_site_59_right_elbow_sensor_4,cap_site_60_right_elbow_sensor_5,cap_site_61_right_elbow_sensor_6,cap_site_62_right_elbow_sensor_7,cap_site_63_right_elbow_sensor_8,tof_reading_0,tof_reading_1,tof_reading_2,tof_reading_3,tof_reading_4,tof_reading_5,tof_reading_6,tof_reading_7,tof_reading_8,tof_reading_9,tof_reading_10,tof_reading_11,tof_reading_12,tof_reading_13,tof_reading_14,tof_reading_15,tof_reading_16,tof_reading_17,tof_reading_18,tof_reading_19,tof_reading_20,tof_reading_21,tof_reading_22,tof_reading_23,tof_reading_24,tof_reading_25,tof_reading_26,tof_reading_27,tof_reading_28,tof_reading_29,tof_reading_30,tof_reading_31,tof_reading_32,tof_reading_33,tof_reading_34,tof_reading_35,tof_reading_36,tof_reading_37,tof_reading_38,tof_reading_39,tof_reading_40,tof_reading_41,tof_reading_42,tof_reading_43,tof_reading_44,tof_reading_45,tof_reading_46,tof_reading_47,tof_reading_48,tof_reading_49,tof_reading_50,tof_reading_51,tof_reading_52,tof_reading_53,tof_reading_54,tof_reading_55,tof_reading_56,tof_reading_57,dist_to_obst_0,dist_to_obst_1,dist_to_obst_2,dist_to_obst_3,dist_to_obst_4,dist_to_obst_5,dist_to_obst_6,dist_to_obst_7,dist_to_obst_8,dist_to_obst_9,dist_to_obst_10,dist_to_obst_11,dist_to_obst_12,dist_to_obst_13,dist_to_obst_14,dist_to_obst_15,dist_to_obst_16,dist_to_obst_17,dist_to_obst_18,dist_to_obst_19,dist_to_obst_20,dist_to_obst_21,dist_to_obst_22,dist_to_obst_23,dist_to_obst_24,dist_to_obst_25,dist_to_obst_26,dist_to_obst_27,dist_to_obst_28,dist_to_obst_29,dist_to_obst_30,dist_to_obst_31,dist_to_obst_32,dist_to_obst_33,dist_to_obst_34,dist_to_obst_35,dist_to_obst_36,dist_to_obst_37,dist_to_obst_38,dist_to_obst_39,dist_to_obst_40,dist_to_obst_41,dist_to_obst_42,dist_to_obst_43,dist_to_obst_44,dist_to_obst_45,dist_to_obst_46,dist_to_obst_47,dist_to_obst_48,dist_to_obst_49,dist_to_obst_50,dist_to_obst_51,dist_to_obst_52,dist_to_obst_53,dist_to_obst_54,dist_to_obst_55,dist_to_obst_56,dist_to_obst_57,dist_to_obst_58,dist_to_obst_59,dist_to_obst_60,dist_to_obst_61,dist_to_obst_62,collision,min_obst_dist,cmd_vx,cmd_vy,cmd_vz
0,0.0000,1.2000,0.0000,0.9500,0.0000,0.0000,0.0000,0.1161,0.1900,0.0000,1.0280,1.0000,0.0000,0.0000,0.0000,0.0000,0.0000,0.0000,0.0000,0.0000,0.0000,0.0000,0.0000,0.0000,0.0000,0.0000,0.0000,0.0000,0.0000,0.0000,0.0000,0.0000,0.0000,0.0000,0.0000,0.0000,0.0000,0.0000,0.0000,0.0000,0.0000,0.0000,0.0000,0.0000,0.0000,0.0000,0.0000,0.0000,0.0000,0.0000,0.0000,0.0000,0.0000,0.0000,0.0000,0.0000,0.0000,0.0000,0.0000,0.0000,0.0000,0.0000,0.0000,0.0000,0.0000,0.0000,0.0000,0.0000,0.0000,0.0000,0.0000,0.0000,0.0000,0.0000,0.0000,-1.0000,-1.0000,-1.0000,-1.0000,-1.0000,-1.0000,-1.0000,-1.0000,-1.0000,-1.0000,-1.0000,-1.0000,-1.0000,-1.0000,-1.0000,-1.0000,-1.0000,-1.0000,-1.0000,-1.0000,-1.0000,-1.0000,-1.0000,-1.0000,-1.0000,-1.0000,-1.0000,-1.0000,-1.0000,-1.0000,-1.0000,-1.0000,-1.0000,-1.0000,-1.0000,-1.0000,-1.0000,-1.0000,-1.0000,-1.0000,-1.0000,-1.0000,-1.0000,-1.0000,-1.0000,-1.0000,-1.0000,-1.0000,-1.0000,-1.0000,-1.0000,-1.0000,-1.0000,-1.0000,-1.0000,-1.0000,-1.0000,-1.0000,-1.0000,-1.0000,-1.0000,-1.0000,-1.0000,-1.0000,-1.0000,-1.0000,-1.0000,-1.0000,-1.0000,-1.0000,-1.0000,-1.0000,-1.0000,-1.0000,-1.0000,-1.0000,-1.0000,-1.0000,-1.0000,-1.0000,-1.0000,-1.0000,-1.0000,-1.0000,-1.0000,-1.0000,-1.0000,-1.0000,-1.0000,-1.0000,-1.0000,-1.0000,-1.0000,-1.0000,-1.0000,-1.0000,-1.0000,-1.0000,-1.0000,-1.0000,-1.0000,-1.0000,-1.0000,-1.0000,-1.0000,-1.0000,-1.0000,-1.0000,-1.0000,-1.0000,-1.0000,-1.0000,-1.0000,-1.0000,-1.0000,-1.0000,-1.0000,-1.0000,-1.0000,-1.0000,-1.0000,2.0397,2.0173,2.0573,2.0280,2.0493,1.9876,1.5291,1.6155,1.7135,1.6752,1.5318,1.8513,1.6825,1.7010,1.6068,1.7644,1.6169,1.5408,1.6579,1.6106,1.5743,1.5937,1.5478,1.5131,1.5712,1.4476,1.4717,1.4416,1.4549,1.5232,1.4076,1.3224,1.3475,1.3585,1.3142,1.3821,1.3477,1.4030,1.3223,1.3209,1.8046,1.8908,1.8678,1.8370,1.8032,1.7899,1.8297,1.7631,1.7192,1.7724,1.7529,1.7240,1.7212,1.7126,1.6703,1.6814,1.6973,1.6582,1.6874,1.6904,1.6704,1.6280,1.6562,0,1.0000,1.1249,2.8190,-0.4085
1,0.0020,0.6210,1.3073,1.0000,-1.2936,-4.3513,2.2937,0.1161,0.1900,0.0000,1.0280,1.0000,0.0000,-0.0000,0.0000,0.0000,-0.0000,0.0000,0.0000,0.0003,-0.0000,0.0000,-0.0000,0.0000,0.0000,0.0003,-0.0000,-0.0000,0.0000,-0.0000,-0.0000,0.0000,0.0000,0.0000,-0.0000,0.0000,0.0000,0.0000,0.0000,0.0000,0.0000,0.0000,0.0002,0.0000,-0.0127,0.0000,-0.0001,0.0004,0.0005,-0.0162,0.0007,0.0124,0.1421,-0.0144,0.0017,-0.0156,0.0008,0.0120,0.1421,-0.0143,-0.0003,0.0038,-0.0004,-0.0002,0.0118,0.0001,0.0013,-0.0000,0.0039,0.0002,0.0002,0.0118,0.0001,0.0001,0.0000,-1.0000,-1.0000,-1.0000,-1.0000,-1.0000,-1.0000,-1.0000,-1.0000,-1.0000,-1.0000,-1.0000,-1.0000,-1.0000,-1.0000,-1.0000,-1.0000,-1.0000,-1.0000,-1.0000,-1.0000,-1.0000,-1.0000,-1.0000,-1.0000,-1.0000,-1.0000,-1.0000,-1.0000,-1.0000,-1.0000,-1.0000,-1.0000,-1.0000,-1.0000,-1.0000,-1.0000,-1.0000,-1.0000,-1.0000,-1.0000,-1.0000,-1.0000,-1.0000,-1.0000,-1.0000,-1.0000,-1.0000,-1.0000,-1.0000,-1.0000,-1.0000,-1.0000,-1.0000,-1.0000,-1.0000,-1.0000,-1.0000,-1.0000,-1.0000,-1.0000,-1.0000,-1.0000,-1.0000,-1.0000,-1.0000,-1.0000,-1.0000,-1.0000,-1.0000,-1.0000,-1.0000,-1.0000,-1.0000,-1.0000,-1.0000,-1.0000,-1.0000,0.9577,-1.0000,-1.0000,0.9615,-1.0000,0.9633,0.9598,0.9798,-1.0000,-1.0000,-1.0000,-1.0000,-1.0000,-1.0000,-1.0000,-1.0000,-1.0000,-1.0000,-1.0000,-1.0000,-1.0000,-1.0000,-1.0000,-1.0000,-1.0000,-1.0000,-1.0000,-1.0000,-1.0000,-1.0000,-1.0000,-1.0000,-1.0000,-1.0000,-1.0000,-1.0000,-1.0000,-1.0000,-1.0000,-1.0000,-1.0000,-1.0000,-1.0000,-1.0000,1.2750,1.2070,1.2860,1.3096,1.2434,1.2564,1.1278,0.9790,1.0424,1.1620,0.9672,1.1550,1.1846,1.0151,1.1342,1.2014,0.9998,1.0557,1.1048,1.0887,1.0729,1.0701,1.1508,1.1210,1.0733,1.0306,1.1219,1.0741,1.1180,1.0841,1.0929,1.0543,0.9577,1.0276,1.0155,0.9615,1.0607,0.9633,0.9598,0.9798,1.0557,1.1048,1.0887,1.0729,1.0701,1.1508,1.1210,1.0733,1.0306,1.1219,1.0741,1.1180,1.0841,1.0929,1.0543,0.9577,1.0276,1.0155,0.9615,1.0607,0.9633,0.9598,0.9798,0,0.9577,-1.2936,-4.3513,2.2937
1,0.0020,0.6210,1.3073,1.0000,-1.2936,-4.3513,2.2937,0.1161,0.1900,0.0000,1.0280,1.0000,0.0000,-0.0000,0.0000,0.0000,-0.0000,0.0000,0.0000,0.0003,-0.0000,0.0000,-0.0000,0.0000,0.0000,0.0003,-0.0000,-0.0000,0.0000,-0.0000,-0.0000,0.0000,0.0000,0.0000,-0.0000,0.0000,0.0000,0.0000,0.0000,0.0000,0.0000,0.0000,0.0002,0.0000,-0.0127,0.0000,-0.0001,0.0004,0.0005,-0.0162,0.0007,0.0124,0.1421,-0.0144,0.0017,-0.0156,0.0008,0.0120,0.1421,-0.0143,-0.0003,0.0038,-0.0004,-0.0002,0.0118,0.0001,0.0013,-0.0000,0.0039,0.0002,0.0002,0.0118,0.0001,0.0001,0.0000,-1.0000,-1.0000,-1.0000,-1.0000,-1.0000,-1.0000,-1.0000,-1.0000,-1.0000,-1.0000,-1.0000,-1.0000,-1.0000,-1.0000,-1.0000,-1.0000,-1.0000,-1.0000,-1.0000,-1.0000,-1.0000,-1.0000,-1.0000,-1.0000,-1.0000,-1.0000,-1.0000,-1.0000,-1.0000,-1.0000,-1.0000,-1.0000,-1.0000,-1.0000,-1.0000,-1.0000,-1.0000,-1.0000,-1.0000,-1.0000,-1.0000,-1.0000,-1.0000,-1.0000,-1.0000,-1.0000,-1.0000,-1.0000,-1.0000,-1.0000,-1.0000,-1.0000,-1.0000,-1.0000,-1.0000,-1.0000,-1.0000,-1.0000,-1.0000,-1.0000,-1.0000,-1.0000,-1.0000,-1.0000,-1.0000,-1.0000,-1.0000,-1.0000,-1.0000,-1.0000,-1.0000,-1.0000,-1.0000,-1.0000,-1.0000,-1.0000,-1.0000,0.9577,-1.0000,-1.0000,0.9615,-1.0000,0.9633,0.9598,0.9798,-1.0000,-1.0000,-1.0000,-1.0000,-1.0000,-1.0000,-1.0000,-1.0000,-1.0000,-1.0000,-1.0000,-1.0000,-1.0000,-1.0000,-1.0000,-1.0000,-1.0000,-1.0000,-1.0000,-1.0000,-1.0000,-1.0000,-1.0000,-1.0000,-1.0000,-1.0000,-1.0000,-1.0000,-1.0000,-1.0000,-1.0000,-1.0000,-1.0000,-1.0000,-1.0000,-1.0000,1.2750,1.2070,1.2860,1.3096,1.2434,1.2564,1.1278,0.9790,1.0424,1.1620,0.9672,1.1550,1.1846,1.0151,1.1342,1.2014,0.9998,1.0557,1.1048,1.0887,1.0729,1.0701,1.1508,1.1210,1.0733,1.0306,1.1219,1.0741,1.1180,1.0841,1.0929,1.0543,0.9577,1.0276,1.0155,0.9615,1.0607,0.9633,0.9598,0.9798,1.0557,1.1048,1.0887,1.0729,1.0701,1.1508,1.1210,1.0733,1.0306,1.1219,1.0741,1.1180,1.0841,1.0929,1.0543,0.9577,1.0276,1.0155,0.9615,1.0607,0.9633,0.9598,0.9798,0,0.9577,-1.2936,-4.3513,2.2937
2,0.0040,0.6185,1.2985,1.0045,-1.2936,-4.3513,2.2741,0.1161,0.1900,0.0000,1.0279,1.0000,0.0000,0.0000,0.0000,0.0000,-0.0001,0.0000,0.0000,0.0004,-0.0002,0.0000,-0.0001,0.0000,0.0000,0.0004,-0.0002,-0.0000,0.0000,-0.0000,-0.0000,0.0001,0.0000,0.0000,-0.0000,0.0000,0.0000,0.0000,0.0001,0.0000,0.0000,0.0000,0.0004,0.0002,-0.0177,0.0003,0.0028,0.0006,0.0008,-0.0128,0.0030,0.0072,0.0815,-0.0784,0.0021,-0.0120,0.0030,0.0066,0.0811,-0.0785,-0.0004,0.0122,-0.0014,-0.0007,0.0350,0.0002,0.0029,-0.0000,0.0124,0.0005,0.0005,0.0347,0.0002,0.0007,0.0000,-1.0000,-1.0000,-1.0000,-1.0000,-1.0000,-1.0000,-1.0000,-1.0000,-1.0000,-1.0000,-1.0000,-1.0000,-1.0000,-1.0000,-1.0000,-1.0000,-1.0000,-1.0000,-1.0000,-1.0000,-1.0000,-1.0000,-1.0000,-1.0000,-1.0000,-1.0000,-1.0000,-1.0000,-1.0000,-1.0000,-1.0000,-1.0000,-1.0000,-1.0000,-1.0000,-1.0000,-1.0000,-1.0000,-1.0000,-1.0000,-1.0000,-1.0000,-1.0000,-1.0000,-1.0000,-1.0000,-1.0000,-1.0000,-1.0000,-1.0000,-1.0000,-1.0000,-1.0000,-1.0000,-1.0000,-1.0000,-1.0000,-1.0000,-1.0000,-1.0000,-1.0000,-1.0000,-1.0000,-1.0000,-1.0000,-1.0000,-1.0000,-1.0000,-1.0000,-1.0000,-1.0000,-1.0000,-1.0000,-1.0000,-1.0000,-1.0000,-1.0000,-1.0000,-1.0000,-1.0000,-1.0000,-1.0000,-1.0000,-1.0000,-1.0000,-1.0000,-1.0000,-1.0000,-1.0000,-1.0000,-1.0000,-1.0000,-1.0000,-1.0000,-1.0000,-1.0000,-1.0000,-1.0000,-1.0000,-1.0000,-1.0000,-1.0000,-1.0000,-1.0000,-1.0000,-1.0000,-1.0000,-1.0000,-1.0000,-1.0000,-1.0000,-1.0000,-1.0000,-1.0000,-1.0000,-1.0000,-1.0000,-1.0000,-1.0000,-1.0000,-1.0000,1.5686,1.5438,1.6087,1.5704,1.5897,1.5059,1.3620,1.3961,1.3883,1.4584,1.3139,1.5440,1.4114,1.4311,1.4445,1.4946,1.3413,1.2002,1.2539,1.2231,1.2096,1.2523,1.2543,1.1813,1.2649,1.1827,1.1943,1.1668,1.2182,1.2611,1.1809,1.1380,1.1123,1.1313,1.1275,1.1344,1.1418,1.1646,1.1389,1.1213,1.6095,1.6277,1.6316,1.6221,1.5797,1.6205,1.6655,1.5600,1.5873,1.6423,1.6302,1.6119,1.5579,1.6231,1.6284,1.5987,1.6215,1.6137,1.5839,1.6312,1.5582,1.5726,1.5995,0,1.0000,-1.2936,-4.3513,2.2937
2,0.0040,0.6185,1.2985,1.0045,-1.2936,-4.3513,2.2741,0.1161,0.1900,0.0000,1.0279,1.0000,0.0000,0.0000,0.0000,0.0000,-0.0001,0.0000,0.0000,0.0004,-0.0002,0.0000,-0.0001,0.0000,0.0000,0.0004,-0.0002,-0.0000,0.0000,-0.0000,-0.0000,0.0001,0.0000,0.0000,-0.0000,0.0000,0.0000,0.0000,0.0001,0.0000,0.0000,0.0000,0.0004,0.0002,-0.0177,0.0003,0.0028,0.0006,0.0008,-0.0128,0.0030,0.0072,0.0815,-0.0784,0.0021,-0.0120,0.0030,0.0066,0.0811,-0.0785,-0.0004,0.0122,-0.0014,-0.0007,0.0350,0.0002,0.0029,-0.0000,0.0124,0.0005,0.0005,0.0347,0.0002,0.0007,0.0000,-1.0000,-1.0000,-1.0000,-1.0000,-1.0000,-1.0000,-1.0000,-1.0000,-1.0000,-1.0000,-1.0000,-1.0000,-1.0000,-1.0000,-1.0000,-1.0000,-1.0000,-1.0000,-1.0000,-1.0000,-1.0000,-1.0000,-1.0000,-1.0000,-1.0000,-1.0000,-1.0000,-1.0000,-1.0000,-1.0000,-1.0000,-1.0000,-1.0000,-1.0000,-1.0000,-1.0000,-1.0000,-1.0000,-1.0000,-1.0000,-1.0000,-1.0000,-1.0000,-1.0000,-1.0000,-1.0000,-1.0000,-1.0000,-1.0000,-1.0000,-1.0000,-1.0000,-1.0000,-1.0000,-1.0000,-1.0000,-1.0000,-1.0000,-1.0000,-1.0000,-1.0000,-1.0000,-1.0000,-1.0000,-1.0000,-1.0000,-1.0000,-1.0000,-1.0000,-1.0000,-1.0000,-1.0000,-1.0000,-1.0000,-1.0000,-1.0000,-1.0000,-1.0000,-1.0000,-1.0000,-1.0000,-1.0000,-1.0000,-1.0000,-1.0000,-1.0000,-1.0000,-1.0000,-1.0000,-1.0000,-1.0000,-1.0000,-1.0000,-1.0000,-1.0000,-1.0000,-1.0000,-1.0000,-1.0000,-1.0000,-1.0000,-1.0000,-1.0000,-1.0000,-1.0000,-1.0000,-1.0000,-1.0000,-1.0000,-1.0000,-1.0000,-1.0000,-1.0000,-1.0000,-1.0000,-1.0000,-1.0000,-1.0000,-1.0000,-1.0000,-1.0000,1.5686,1.5438,1.6087,1.5704,1.5897,1.5059,1.3620,1.3961,1.3883,1.4584,1.3139,1.5440,1.4114,1.4311,1.4445,1.4946,1.3413,1.2002,1.2539,1.2231,1.2096,1.2523,1.2543,1.1813,1.2649,1.1827,1.1943,1.1668,1.2182,1.2611,1.1809,1.1380,1.1123,1.1313,1.1275,1.1344,1.1418,1.1646,1.1389,1.1213,1.6095,1.6277,1.6316,1.6221,1.5797,1.6205,1.6655,1.5600,1.5873,1.6423,1.6302,1.6119,1.5579,1.6231,1.6284,1.5987,1.6215,1.6137,1.5839,1.6312,1.5582,1.5726,1.5995,0,1.0000,-1.2936,-4.3513,2.2937
3,0.0060,0.6159,1.2898,1.0091,-1.2936,-4.3513,2.2545,0.1161,0.1900,0.0000,1.0279,1.0000,0.0000,0.0000,0.0000,0.0000,-0.0001,0.0000,0.0000,0.0005,-0.0005,0.0000,-0.0001,0.0000,0.0000,0.0005,-0.0005,-0.0000,0.0001,-0.0000,-0.0000,0.0002,0.0000,0.0000,-0.0000,0.0001,0.0000,0.0000,0.0002,0.0000,0.0000,0.0000,0.0006,0.0005,-0.0221,0.0006,0.0058,0.0008,0.0010,-0.0102,0.0053,0.0025,0.0271,-0.1431,0.0025,-0.0091,0.0053,0.0017,0.0263,-0.1436,-0.0006,0.0211,-0.0026,-0.0012,0.0583,0.0003,0.0046,-0.0000,0.0212,0.0008,0.0008,0.0578,0.0003,0.0013,0.0000,-1.0000,-1.0000,-1.0000,-1.0000,-1.0000,-1.0000,-1.0000,-1.0000,-1.0000,-1.0000,-1.0000,-1.0000,-1.0000,-1.0000,-1.0000,-1.0000,-1.0000,-1.0000,-1.0000,-1.0000,-1.0000,-1.0000,-1.0000,-1.0000,-1.0000,-1.0000,-1.0000,-1.0000,-1.0000,-1.0000,-1.0000,-1.0000,-1.0000,-1.0000,-1.0000,-1.0000,-1.0000,-1.0000,-1.0000,-1.0000,-1.0000,-1.0000,-1.0000,-1.0000,-1.0000,-1.0000,-1.0000,-1.0000,-1.0000,-1.0000,-1.0000,-1.0000,-1.0000,-1.0000,-1.0000,-1.0000,-1.0000,-1.0000,-1.0000,-1.0000,-1.0000,-1.0000,-1.0000,-1.0000,-1.0000,-1.0000,-1.0000,-1.0000,-1.0000,-1.0000,-1.0000,-1.0000,-1.0000,-1.0000,-1.0000,-1.0000,-1.0000,-1.0000,-1.0000,-1.0000,-1.0000,-1.0000,-1.0000,-1.0000,-1.0000,-1.0000,-1.0000,-1.0000,-1.0000,-1.0000,-1.0000,-1.0000,-1.0000,-1.0000,-1.0000,-1.0000,-1.0000,-1.0000,-1.0000,-1.0000,-1.0000,-1.0000,-1.0000,-1.0000,-1.0000,-1.0000,-1.0000,-1.0000,-1.0000,-1.0000,-1.0000,-1.0000,-1.0000,-1.0000,-1.0000,-1.0000,-1.0000,-1.0000,-1.0000,-1.0000,-1.0000,1.5585,1.5337,1.5986,1.5602,1.5795,1.4957,1.3524,1.3864,1.3783,1.4485,1.3041,1.5339,1.4014,1.4211,1.4347,1.4846,1.3314,1.1902,1.2438,1.2130,1.1996,1.2422,1.2444,1.1714,1.2549,1.1729,1.1844,1.1571,1.2085,1.2513,1.1712,1.1286,1.1028,1.1217,1.1181,1.1248,1.1323,1.1550,1.1295,1.1119,1.5997,1.6177,1.6216,1.6122,1.5698,1.6106,1.6557,1.5502,1.5776,1.6326,1.6205,1.6022,1.5481,1.6135,1.6191,1.5893,1.6120,1.6044,1.5744,1.6217,1.5487,1.5633,1.5902,0,1.0000,-1.2936,-4.3513,2.2937
3,0.0060,0.6159,1.2898,1.0091,-1.2936,-4.3513,2.2545,0.1161,0.1900,0.0000,1.0279,1.0000,0.0000,0.0000,0.0000,0.0000,-0.0001,0.0000,0.0000,0.0005,-0.0005,0.0000,-0.0001,0.0000,0.0000,0.0005,-0.0005,-0.0000,0.0001,-0.0000,-0.0000,0.0002,0.0000,0.0000,-0.0000,0.0001,0.0000,0.0000,0.0002,0.0000,0.0000,0.0000,0.0006,0.0005,-0.0221,0.0006,0.0058,0.0008,0.0010,-0.0102,0.0053,0.0025,0.0271,-0.1431,0.0025,-0.0091,0.0053,0.0017,0.0263,-0.1436,-0.0006,0.0211,-0.0026,-0.0012,0.0583,0.0003,0.0046,-0.0000,0.0212,0.0008,0.0008,0.0578,0.0003,0.0013,0.0000,-1.0000,-1.0000,-1.0000,-1.0000,-1.0000,-1.0000,-1.0000,-1.0000,-1.0000,-1.0000,-1.0000,-1.0000,-1.0000,-1.0000,-1.0000,-1.0000,-1.0000,-1.0000,-1.0000,-1.0000,-1.0000,-1.0000,-1.0000,-1.0000,-1.0000,-1.0000,-1.0000,-1.0000,-1.0000,-1.0000,-1.0000,-1.0000,-1.0000,-1.0000,-1.0000,-1.0000,-1.0000,-1.0000,-1.0000,-1.0000,-1.0000,-1.0000,-1.0000,-1.0000,-1.0000,-1.0000,-1.0000,-1.0000,-1.0000,-1.0000,-1.0000,-1.0000,-1.0000,-1.0000,-1.0000,-1.0000,-1.0000,-1.0000,-1.0000,-1.0000,-1.0000,-1.0000,-1.0000,-1.0000,-1.0000,-1.0000,-1.0000,-1.0000,-1.0000,-1.0000,-1.0000,-1.0000,-1.0000,-1.0000,-1.0000,-1.0000,-1.0000,-1.0000,-1.0000,-1.0000,-1.0000,-1.0000,-1.0000,-1.0000,-1.0000,-1.0000,-1.0000,-1.0000,-1.0000,-1.0000,-1.0000,-1.0000,-1.0000,-1.0000,-1.0000,-1.0000,-1.0000,-1.0000,-1.0000,-1.0000,-1.0000,-1.0000,-1.0000,-1.0000,-1.0000,-1.0000,-1.0000,-1.0000,-1.0000,-1.0000,-1.0000,-1.0000,-1.0000,-1.0000,-1.0000,-1.0000,-1.0000,-1.0000,-1.0000,-1.0000,-1.0000,1.5585,1.5337,1.5986,1.5602,1.5795,1.4957,1.3524,1.3864,1.3783,1.4485,1.3041,1.5339,1.4014,1.4211,1.4347,1.4846,1.3314,1.1902,1.2438,1.2130,1.1996,1.2422,1.2444,1.1714,1.2549,1.1729,1.1844,1.1571,1.2085,1.2513,1.1712,1.1286,1.1028,1.1217,1.1181,1.1248,1.1323,1.1550,1.1295,1.1119,1.5997,1.6177,1.6216,1.6122,1.5698,1.6106,1.6557,1.5502,1.5776,1.6326,1.6205,1.6022,1.5481,1.6135,1.6191,1.5893,1.6120,1.6044,1.5744,1.6217,1.5487,1.5633,1.5902,0,1.0000,-1.2936,-4.3513,2.2937
4,0.0080,0.6133,1.2811,1.0135,-1.2936,-4.3513,2.2349,0.1161,0.1900,0.0000,1.0278,1.0000,0.0000,0.0000,0.0000,0.0000,-0.0001,0.0000,0.0000,0.0005,-0.0009,0.0000,-0.0001,0.0000,0.0000,0.0005,-0.0009,-0.0000,0.0001,-0.0000,-0.0000,0.0004,0.0000,0.0000,-0.0000,0.0001,0.0000,0.0000,0.0004,0.0000,0.0000,0.0000,0.0007,0.0007,-0.0258,0.0009,0.0090,0.0010,0.0013,-0.0083,0.0078,-0.0019,-0.0215,-0.2081,0.0029,-0.0069,0.0077,-0.0028,-0.0228,-0.2093,-0.0007,0.0303,-0.0037,-0.0018,0.0816,0.0005,0.0064,-0.0000,0.0304,0.0010,0.0011,0.0810,0.0005,0.0019,0.0000,-1.0000,-1.0000,-1.0000,-1.0000,-1.0000,-1.0000,-1.0000,-1.0000,-1.0000,-1.0000,-1.0000,-1.0000,-1.0000,-1.0000,-1.0000,-1.0000,-1.0000,-1.0000,-1.0000,-1.0000,-1.0000,-1.0000,-1.0000,-1.0000,-1.0000,-1.0000,-1.0000,-1.0000,-1.0000,-1.0000,-1.0000,-1.0000,-1.0000,-1.0000,-1.0000,-1.0000,-1.0000,-1.0000,-1.0000,-1.0000,-1.0000,-1.0000,-1.0000,-1.0000,-1.0000,-1.0000,-1.0000,-1.0000,-1.0000,-1.0000,-1.0000,-1.0000,-1.0000,-1.0000,-1.0000,-1.0000,-1.0000,-1.0000,-1.0000,-1.0000,-1.0000,-1.0000,-1.0000,-1.0000,-1.0000,-1.0000,-1.0000,-1.0000,-1.0000,-1.0000,-1.0000,-1.0000,-1.0000,-1.0000,-1.0000,-1.0000,-1.0000,-1.0000,-1.0000,-1.0000,-1.0000,-1.0000,-1.0000,-1.0000,-1.0000,-1.0000,-1.0000,-1.0000,-1.0000,-1.0000,-1.0000,-1.0000,-1.0000,-1.0000,-1.0000,-1.0000,-1.0000,-1.0000,-1.0000,-1.0000,-1.0000,-1.0000,-1.0000,-1.0000,-1.0000,-1.0000,-1.0000,-1.0000,-1.0000,-1.0000,-1.0000,-1.0000,-1.0000,-1.0000,-1.0000,-1.0000,-1.0000,-1.0000,-1.0000,-1.0000,-1.0000,1.5484,1.5235,1.5884,1.5501,1.5694,1.4856,1.3427,1.3766,1.3682,1.4386,1.2944,1.5239,1.3914,1.4112,1.4251,1.4746,1.3215,1.1802,1.2337,1.2030,1.1895,1.2322,1.2345,1.1614,1.2450,1.1631,1.1746,1.1473,1.1988,1.2414,1.1616,1.1192,1.0932,1.1121,1.1087,1.1152,1.1228,1.1454,1.1202,1.1025,1.5899,1.6077,1.6117,1.6023,1.5599,1.6008,1.6459,1.5403,1.5680,1.6229,1.6109,1.5926,1.5384,1.6040,1.6097,1.5799,1.6026,1.5950,1.5650,1.6123,1.5392,1.5540,1.5809,0,1.0000,-1.2936,-4.3513,2.2937
5,0.0100,0.6107,1.2724,1.0180,-1.2936,-4.3513,2.2152,0.1161,0.1900,0.0000,1.0278,1.0000,0.0000,0.0000,0.0000,0.0000,-0.0001,0.0001,0.0000,0.0003,-0.0014,0.0000,-0.0001,0.0001,0.0000,0.0003,-0.0014,-0.0000,0.0002,-0.0000,-0.0000,0.0006,0.0000,0.0000,-0.0000,0.0002,0.0000,0.0000,0.0006,0.0000,0.0000,0.0000,0.0009,0.0010,-0.0288,0.0012,0.0124,0.0012,0.0016,-0.0070,0.0102,-0.0059,-0.0648,-0.2734,0.0033,-0.0054,0.0101,-0.0070,-0.0666,-0.2753,-0.0009,0.0399,-0.0050,-0.0023,0.1049,0.0006,0.0081,-0.0001,0.0400,0.0012,0.0014,0.1041,0.0006,0.0027,0.0000,-1.0000,-1.0000,-1.0000,-1.0000,-1.0000,-1.0000,-1.0000,-1.0000,-1.0000,-1.0000,-1.0000,-1.0000,-1.0000,-1.0000,-1.0000,-1.0000,-1.0000,-1.0000,-1.0000,-1.0000,-1.0000,-1.0000,-1.0000,-1.0000,-1.0000,-1.0000,-1.0000,-1.0000,-1.0000,-1.0000,-1.0000,-1.0000,-1.0000,-1.0000,-1.0000,-1.0000,-1.0000,-1.0000,-1.0000,-1.0000,-1.0000,-1.0000,-1.0000,-1.0000,-1.0000,-1.0000,-1.0000,-1.0000,-1.0000,-1.0000,-1.0000,-1.0000,-1.0000,-1.0000,-1.0000,-1.0000,-1.0000,-1.0000,-1.0000,-1.0000,-1.0000,-1.0000,-1.0000,-1.0000,-1.0000,-1.0000,-1.0000,-1.0000,-1.0000,-1.0000,-1.0000,-1.0000,-1.0000,-1.0000,-1.0000,-1.0000,-1.0000,-1.0000,-1.0000,-1.0000,-1.0000,-1.0000,-1.0000,-1.0000,-1.0000,-1.0000,-1.0000,-1.0000,-1.0000,-1.0000,-1.0000,-1.0000,-1.0000,-1.0000,-1.0000,-1.0000,-1.0000,-1.0000,-1.0000,-1.0000,-1.0000,-1.0000,-1.0000,-1.0000,-1.0000,-1.0000,-1.0000,-1.0000,-1.0000,-1.0000,-1.0000,-1.0000,-1.0000,-1.0000,-1.0000,-1.0000,-1.0000,-1.0000,-1.0000,-1.0000,-1.0000,1.5382,1.5134,1.5783,1.5400,1.5592,1.4755,1.3331,1.3668,1.3582,1.4288,1.2848,1.5138,1.3815,1.4013,1.4154,1.4646,1.3116,1.1703,1.2236,1.1929,1.1795,1.2222,1.2246,1.1515,1.2350,1.1534,1.1648,1.1375,1.1891,1.2316,1.1520,1.1098,1.0837,1.1026,1.0993,1.1056,1.1133,1.1357,1.1108,1.0931,1.5801,1.5977,1.6018,1.5924,1.5501,1.5910,1.6361,1.5305,1.5584,1.6132,1.6012,1.5830,1.5286,1.5944,1.6004,1.5706,1.5932,1.5858,1.5555,1.6029,1.5297,1.5448,1.5716,0,1.0000,-1.2936,-4.3513,2.2937
5,0.0100,0.6107,1.2724,1.0180,-1.2936,-4.3513,2.2152,0.1161,0.1900,0.0000,1.0278,1.0000,0.0000,0.0000,0.0000,0.0000,-0.0001,0.0001,0.0000,0.0003,-0.0014,0.0000,-0.0001,0.0001,0.0000,0.0003,-0.0014,-0.0000,0.0002,-0.0000,-0.0000,0.0006,0.0000,0.0000,-0.0000,0.0002,0.0000,0.0000,0.0006,0.0000,0.0000,0.0000,0.0009,0.0010,-0.0288,0.0012,0.0124,0.0012,0.0016,-0.0070,0.0102,-0.0059,-0.0648,-0.2734,0.0033,-0.0054,0.0101,-0.0070,-0.0666,-0.2753,-0.0009,0.0399,-0.0050,-0.0023,0.1049,0.0006,0.0081,-0.0001,0.0400,0.0012,0.0014,0.1041,0.0006,0.0027,0.0000,-1.0000,-1.0000,-1.0000,-1.0000,-1.0000,-1.0000,-1.0000,-1.0000,-1.0000,-1.0000,-1.0000,-1.0000,-1.0000,-1.0000,-1.0000,-1.0000,-1.0000,-1.0000,-1.0000,-1.0000,-1.0000,-1.0000,-1.0000,-1.0000,-1.0000,-1.0000,-1.0000,-1.0000,-1.0000,-1.0000,-1.0000,-1.0000,-1.0000,-1.0000,-1.0000,-1.0000,-1.0000,-1.0000,-1.0000,-1.0000,-1.0000,-1.0000,-1.0000,-1.0000,-1.0000,-1.0000,-1.0000,-1.0000,-1.0000,-1.0000,-1.0000,-1.0000,-1.0000,-1.0000,-1.0000,-1.0000,-1.0000,-1.0000,-1.0000,-1.0000,-1.0000,-1.0000,-1.0000,-1.0000,-1.0000,-1.0000,-1.0000,-1.0000,-1.0000,-1.0000,-1.0000,-1.0000,-1.0000,-1.0000,-1.0000,-1.0000,-1.0000,-1.0000,-1.0000,-1.0000,-1.0000,-1.0000,-1.0000,-1.0000,-1.0000,-1.0000,-1.0000,-1.0000,-1.0000,-1.0000,-1.0000,-1.0000,-1.0000,-1.0000,-1.0000,-1.0000,-1.0000,-1.0000,-1.0000,-1.0000,-1.0000,-1.0000,-1.0000,-1.0000,-1.0000,-1.0000,-1.0000,-1.0000,-1.0000,-1.0000,-1.0000,-1.0000,-1.0000,-1.0000,-1.0000,-1.0000,-1.0000,-1.0000,-1.0000,-1.0000,-1.0000,1.5382,1.5134,1.5783,1.5400,1.5592,1.4755,1.3331,1.3668,1.3582,1.4288,1.2848,1.5138,1.3815,1.4013,1.4154,1.4646,1.3116,1.1703,1.2236,1.1929,1.1795,1.2222,1.2246,1.1515,1.2350,1.1534,1.1648,1.1375,1.1891,1.2316,1.1520,1.1098,1.0837,1.1026,1.0993,1.1056,1.1133,1.1357,1.1108,1.0931,1.5801,1.5977,1.6018,1.5924,1.5501,1.5910,1.6361,1.5305,1.5584,1.6132,1.6012,1.5830,1.5286,1.5944,1.6004,1.5706,1.5932,1.5858,1.5555,1.6029,1.5297,1.5448,1.5716,0,1.0000,-1.2936,-4.3513,2.2937
6,0.0120,0.6081,1.2637,1.0223,-1.2936,-4.3513,2.1956,0.1161,0.1900,0.0000,1.0277,1.0000,0.0000,0.0000,0.0000,0.0000,-0.0001,0.0001,0.0000,0.0001,-0.0020,0.0000,-0.0001,0.0001,0.0000,0.0001,-0.0020,-0.0000,0.0003,-0.0000,-0.0000,0.0008,0.0000,0.0001,-0.0000,0.0003,0.0000,0.0000,0.0008,0.0000,0.0000,0.0000,0.0011,0.0011,-0.0296,0.0011,0.0162,0.0012,0.0013,-0.0068,0.0111,-0.0094,-0.1002,-0.2914,0.0032,-0.0053,0.0110,-0.0104,-0.1020,-0.2930,-0.0008,0.0506,-0.0061,-0.0028,0.1305,0.0008,0.0100,-0.0001,0.0509,0.0018,0.0019,0.1298,0.0008,0.0035,0.0000,-1.0000,-1.0000,-1.0000,-1.0000,-1.0000,-1.0000,-1.0000,-1.0000,-1.0000,-1.0000,-1.0000,-1.0000,-1.0000,-1.0000,-1.0000,-1.0000,-1.0000,-1.0000,-1.0000,-1.0000,-1.0000,-1.0000,-1.0000,-1.0000,-1.0000,-1.0000,-1.0000,-1.0000,-1.0000,-1.0000,-1.0000,-1.0000,-1.0000,-1.0000,-1.0000,-1.0000,-1.0000,-1.0000,-1.0000,-1.0000,-1.0000,-1.0000,-1.0000,-1.0000,-1.0000,-1.0000,-1.0000,-1.0000,-1.0000,-1.0000,-1.0000,-1.0000,-1.0000,-1.0000,-1.0000,-1.0000,-1.0000,-1.0000,-1.0000,-1.0000,-1.0000,-1.0000,-1.0000,-1.0000,-1.0000,-1.0000,-1.0000,-1.0000,-1.0000,-1.0000,-1.0000,-1.0000,-1.0000,-1.0000,-1.0000,-1.0000,-1.0000,-1.0000,-1.0000,-1.0000,-1.0000,-1.0000,-1.0000,-1.0000,-1.0000,-1.0000,-1.0000,-1.0000,-1.0000,-1.0000,-1.0000,-1.0000,-1.0000,-1.0000,-1.0000,-1.0000,-1.0000,-1.0000,-1.0000,-1.0000,-1.0000,-1.0000,-1.0000,-1.0000,-1.0000,-1.0000,-1.0000,-1.0000,-1.0000,-1.0000,-1.0000,-1.0000,-1.0000,-1.0000,-1.0000,-1.0000,-1.0000,-1.0000,-1.0000,-1.0000,-1.0000,1.5281,1.5033,1.5682,1.5299,1.5491,1.4654,1.3235,1.3571,1.3482,1.4189,1.2751,1.5037,1.3716,1.3914,1.4057,1.4546,1.3017,1.1603,1.2135,1.1828,1.1695,1.2122,1.2147,1.1416,1.2251,1.1437,1.1551,1.1278,1.1794,1.2218,1.1424,1.1005,1.0742,1.0931,1.0900,1.0960,1.1039,1.1262,1.1015,1.0837,1.5702,1.5877,1.5918,1.5826,1.5402,1.5812,1.6263,1.5206,1.5488,1.6035,1.5916,1.5734,1.5189,1.5849,1.5911,1.5612,1.5837,1.5765,1.5461,1.5935,1.5203,1.5355,1.5623,0,1.0000,-1.2936,-4.3513,2.2937
6,0.0120,0.6081,1.2637,1.0223,-1.2936,-4.3513,2.1956,0.1161,0.1900,0.0000,1.0277,1.0000,0.0000,0.0000,0.0000,0.0000,-0.0001,0.0001,0.0000,0.0001,-0.0020,0.0000,-0.0001,0.0001,0.0000,0.0001,-0.0020,-0.0000,0.0003,-0.0000,-0.0000,0.0008,0.0000,0.0001,-0.0000,0.0003,0.0000,0.0000,0.0008,0.0000,0.0000,0.0000,0.0011,0.0011,-0.0296,0.0011,0.0162,0.0012,0.0013,-0.0068,0.0111,-0.0094,-0.1002,-0.2914,0.0032,-0.0053,0.0110,-0.0104,-0.1020,-0.2930,-0.0008,0.0506,-0.0061,-0.0028,0.1305,0.0008,0.0100,-0.0001,0.0509,0.0018,0.0019,0.1298,0.0008,0.0035,0.0000,-1.0000,-1.0000,-1.0000,-1.0000,-1.0000,-1.0000,-1.0000,-1.0000,-1.0000,-1.0000,-1.0000,-1.0000,-1.0000,-1.0000,-1.0000,-1.0000,-1.0000,-1.0000,-1.0000,-1.0000,-1.0000,-1.0000,-1.0000,-1.0000,-1.0000,-1.0000,-1.0000,-1.0000,-1.0000,-1.0000,-1.0000,-1.0000,-1.0000,-1.0000,-1.0000,-1.0000,-1.0000,-1.0000,-1.0000,-1.0000,-1.0000,-1.0000,-1.0000,-1.0000,-1.0000,-1.0000,-1.0000,-1.0000,-1.0000,-1.0000,-1.0000,-1.0000,-1.0000,-1.0000,-1.0000,-1.0000,-1.0000,-1.0000,-1.0000,-1.0000,-1.0000,-1.0000,-1.0000,-1.0000,-1.0000,-1.0000,-1.0000,-1.0000,-1.0000,-1.0000,-1.0000,-1.0000,-1.0000,-1.0000,-1.0000,-1.0000,-1.0000,-1.0000,-1.0000,-1.0000,-1.0000,-1.0000,-1.0000,-1.0000,-1.0000,-1.0000,-1.0000,-1.0000,-1.0000,-1.0000,-1.0000,-1.0000,-1.0000,-1.0000,-1.0000,-1.0000,-1.0000,-1.0000,-1.0000,-1.0000,-1.0000,-1.0000,-1.0000,-1.0000,-1.0000,-1.0000,-1.0000,-1.0000,-1.0000,-1.0000,-1.0000,-1.0000,-1.0000,-1.0000,-1.0000,-1.0000,-1.0000,-1.0000,-1.0000,-1.0000,-1.0000,1.5281,1.5033,1.5682,1.5299,1.5491,1.4654,1.3235,1.3571,1.3482,1.4189,1.2751,1.5037,1.3716,1.3914,1.4057,1.4546,1.3017,1.1603,1.2135,1.1828,1.1695,1.2122,1.2147,1.1416,1.2251,1.1437,1.1551,1.1278,1.1794,1.2218,1.1424,1.1005,1.0742,1.0931,1.0900,1.0960,1.1039,1.1262,1.1015,1.0837,1.5702,1.5877,1.5918,1.5826,1.5402,1.5812,1.6263,1.5206,1.5488,1.6035,1.5916,1.5734,1.5189,1.5849,1.5911,1.5612,1.5837,1.5765,1.5461,1.5935,1.5203,1.5355,1.5623,0,1.0000,-1.2936,-4.3513,2.2937
7,0.0140,0.6055,1.2550,1.0267,-1.2936,-4.3513,2.1760,0.1161,0.1900,0.0000,1.0277,1.0000,0.0000,0.0001,0.0000,0.0000,-0.0001,0.0001,-0.0000,-0.0000,-0.0024,0.0000,-0.0001,0.0001,-0.0000,-0.0000,-0.0024,-0.0000,0.0004,-0.0001,-0.0000,0.0012,0.0000,0.0001,-0.0000,0.0004,0.0000,0.0000,0.0012,0.0000,0.0000,0.0000,0.0013,0.0009,-0.0269,0.0006,0.0201,0.0012,0.0006,-0.0135,0.0076,-0.0079,-0.0753,-0.1957,0.0026,-0.0122,0.0075,-0.0087,-0.0768,-0.1971,-0.0006,0.0633,-0.0067,-0.0033,0.1608,0.0010,0.0122,-0.0001,0.0638,0.0031,0.0025,0.1604,0.0010,0.0047,0.0001,-1.0000,-1.0000,-1.0000,-1.0000,-1.0000,-1.0000,-1.0000,-1.0000,-1.0000,-1.0000,-1.0000,-1.0000,-1.0000,-1.0000,-1.0000,-1.0000,-1.0000,-1.0000,-1.0000,-1.0000,-1.0000,-1.0000,-1.0000,-1.0000,-1.0000,-1.0000,-1.0000,-1.0000,-1.0000,-1.0000,-1.0000,-1.0000,-1.0000,-1.0000,-1.0000,-1.0000,-1.0000,-1.0000,-1.0000,-1.0000,-1.0000,-1.0000,-1.0000,-1.0000,-1.0000,-1.0000,-1.0000,-1.0000,-1.0000,-1.0000,-1.0000,-1.0000,-1.0000,-1.0000,-1.0000,-1.0000,-1.0000,-1.0000,-1.0000,-1.0000,-1.0000,-1.0000,-1.0000,-1.0000,-1.0000,-1.0000,-1.0000,-1.0000,-1.0000,-1.0000,-1.0000,-1.0000,-1.0000,-1.0000,-1.0000,-1.0000,-1.0000,-1.0000,-1.0000,-1.0000,-1.0000,-1.0000,-1.0000,-1.0000,-1.0000,-1.0000,-1.0000,-1.0000,-1.0000,-1.0000,-1.0000,-1.0000,-1.0000,-1.0000,-1.0000,-1.0000,-1.0000,-1.0000,-1.0000,-1.0000,-1.0000,-1.0000,-1.0000,-1.0000,-1.0000,-1.0000,-1.0000,-1.0000,-1.0000,-1.0000,-1.0000,-1.0000,-1.0000,-1.0000,-1.0000,-1.0000,-1.0000,-1.0000,-1.0000,-1.0000,-1.0000,1.5180,1.4932,1.5581,1.5198,1.5390,1.4553,1.3139,1.3474,1.3382,1.4091,1.2654,1.4937,1.3616,1.3815,1.3960,1.4446,1.2919,1.1503,1.2034,1.1728,1.1595,1.2022,1.2049,1.1317,1.2152,1.1339,1.1453,1.1180,1.1698,1.2120,1.1328,1.0911,1.0647,1.0835,1.0807,1.0864,1.0944,1.1166,1.0922,1.0744,1.5605,1.5778,1.5819,1.5727,1.5303,1.5714,1.6166,1.5108,1.5392,1.5938,1.5820,1.5638,1.5092,1.5754,1.5818,1.5519,1.5743,1.5672,1.5367,1.5841,1.5108,1.5263,1.5531,0,1.0000,-1.2936,-4.3513,2.2937
8,0.0160,0.6029,1.2463,1.0310,-1.2936,-4.3513,2.1564,0.1161,0.1900,0.0000,1.0276,1.0000,0.0000,0.0001,0.0000,0.0000,-0.0002,0.0001,-0.0000,-0.0001,-0.0026,0.0000,-0.0002,0.0001,-0.0000,-0.0001,-0.0026,-0.0000,0.0006,-0.0001,-0.0000,0.0015,0.0000,0.0001,-0.0000,0.0006,0.0000,0.0000,0.0015,0.0000,0.0000,0.0000,0.0016,0.0007,-0.0241,0.0001,0.0240,0.0011,0.0001,-0.0198,0.0044,-0.0067,-0.0528,-0.1107,0.0021,-0.0188,0.0043,-0.0072,-0.0541,-0.1121,-0.0004,0.0759,-0.0072,-0.0038,0.1895,0.0012,0.0143,-0.0001,0.0767,0.0044,0.0031,0.1894,0.0012,0.0059,0.0001,-1.0000,-1.0000,-1.0000,-1.0000,-1.0000,-1.0000,-1.0000,-1.0000,-1.0000,-1.0000,-1.0000,-1.0000,-1.0000,-1.0000,-1.0000,-1.0000,-1.0000,-1.0000,-1.0000,-1.0000,-1.0000,-1.0000,-1.0000,-1.0000,-1.0000,-1.0000,-1.0000,-1.0000,-1.0000,-1.0000,-1.0000,-1.0000,-1.0000,-1.0000,-1.0000,-1.0000,-1.0000,-1.0000,-1.0000,-1.0000,-1.0000,-1.0000,-1.0000,-1.0000,-1.0000,-1.0000,-1.0000,-1.0000,-1.0000,-1.0000,-1.0000,-1.0000,-1.0000,-1.0000,-1.0000,-1.0000,-1.0000,-1.0000,-1.0000,-1.0000,-1.0000,-1.0000,-1.0000,-1.0000,-1.0000,-1.0000,-1.0000,-1.0000,-1.0000,-1.0000,-1.0000,-1.0000,-1.0000,-1.0000,-1.0000,-1.0000,-1.0000,-1.0000,-1.0000,-1.0000,-1.0000,-1.0000,-1.0000,-1.0000,-1.0000,-1.0000,-1.0000,-1.0000,-1.0000,-1.0000,-1.0000,-1.0000,-1.0000,-1.0000,-1.0000,-1.0000,-1.0000,-1.0000,-1.0000,-1.0000,-1.0000,-1.0000,-1.0000,-1.0000,-1.0000,-1.0000,-1.0000,-1.0000,-1.0000,-1.0000,-1.0000,-1.0000,-1.0000,-1.0000,-1.0000,-1.0000,-1.0000,-1.0000,-1.0000,-1.0000,-1.0000,1.5080,1.4832,1.5480,1.5097,1.5289,1.4452,1.3043,1.3376,1.3282,1.3993,1.2558,1.4837,1.3517,1.3716,1.3864,1.4347,1.2820,1.1404,1.1933,1.1627,1.1495,1.1923,1.1951,1.1218,1.2053,1.1242,1.1356,1.1083,1.1601,1.2022,1.1232,1.0818,1.0553,1.0740,1.0714,1.0769,1.0850,1.1070,1.0829,1.0650,1.5507,1.5678,1.5721,1.5629,1.5205,1.5616,1.6068,1.5010,1.5296,1.5842,1.5724,1.5542,1.4995,1.5659,1.5725,1.5426,1.5649,1.5580,1.5273,1.5748,1.5014,1.5171,1.5438,0,1.0000,-1.2936,-4.3513,2.2937
8,0.0160,0.6029,1.2463,1.0310,-1.2936,-4.3513,2.1564,0.1161,0.1900,0.0000,1.0276,1.0000,0.0000,0.0001,0.0000,0.0000,-0.0002,0.0001,-0.0000,-0.0001,-0.0026,0.0000,-0.0002,0.0001,-0.0000,-0.0001,-0.0026,-0.0000,0.0006,-0.0001,-0.0000,0.0015,0.0000,0.0001,-0.0000,0.0006,0.0000,0.0000,0.0015,0.0000,0.0000,0.0000,0.0016,0.0007,-0.0241,0.0001,0.0240,0.0011,0.0001,-0.0198,0.0044,-0.0067,-0.0528,-0.1107,0.0021,-0.0188,0.0043,-0.0072,-0.0541,-0.1121,-0.0004,0.0759,-0.0072,-0.0038,0.1895,0.0012,0.0143,-0.0001,0.0767,0.0044,0.0031,0.1894,0.0012,0.0059,0.0001,-1.0000,-1.0000,-1.0000,-1.0000,-1.0000,-1.0000,-1.0000,-1.0000,-1.0000,-1.0000,-1.0000,-1.0000,-1.0000,-1.0000,-1.0000,-1.0000,-1.0000,-1.0000,-1.0000,-1.0000,-1.0000,-1.0000,-1.0000,-1.0000,-1.0000,-1.0000,-1.0000,-1.0000,-1.0000,-1.0000,-1.0000,-1.0000,-1.0000,-1.0000,-1.0000,-1.0000,-1.0000,-1.0000,-1.0000,-1.0000,-1.0000,-1.0000,-1.0000,-1.0000,-1.0000,-1.0000,-1.0000,-1.0000,-1.0000,-1.0000,-1.0000,-1.0000,-1.0000,-1.0000,-1.0000,-1.0000,-1.0000,-1.0000,-1.0000,-1.0000,-1.0000,-1.0000,-1.0000,-1.0000,-1.0000,-1.0000,-1.0000,-1.0000,-1.0000,-1.0000,-1.0000,-1.0000,-1.0000,-1.0000,-1.0000,-1.0000,-1.0000,-1.0000,-1.0000,-1.0000,-1.0000,-1.0000,-1.0000,-1.0000,-1.0000,-1.0000,-1.0000,-1.0000,-1.0000,-1.0000,-1.0000,-1.0000,-1.0000,-1.0000,-1.0000,-1.0000,-1.0000,-1.0000,-1.0000,-1.0000,-1.0000,-1.0000,-1.0000,-1.0000,-1.0000,-1.0000,-1.0000,-1.0000,-1.0000,-1.0000,-1.0000,-1.0000,-1.0000,-1.0000,-1.0000,-1.0000,-1.0000,-1.0000,-1.0000,-1.0000,-1.0000,1.5080,1.4832,1.5480,1.5097,1.5289,1.4452,1.3043,1.3376,1.3282,1.3993,1.2558,1.4837,1.3517,1.3716,1.3864,1.4347,1.2820,1.1404,1.1933,1.1627,1.1495,1.1923,1.1951,1.1218,1.2053,1.1242,1.1356,1.1083,1.1601,1.2022,1.1232,1.0818,1.0553,1.0740,1.0714,1.0769,1.0850,1.1070,1.0829,1.0650,1.5507,1.5678,1.5721,1.5629,1.5205,1.5616,1.6068,1.5010,1.5296,1.5842,1.5724,1.5542,1.4995,1.5659,1.5725,1.5426,1.5649,1.5580,1.5273,1.5748,1.5014,1.5171,1.5438,0,1.0000,-1.2936,-4.3513,2.2937
9,0.0180,0.6003,1.2376,1.0353,-1.2936,-4.3513,2.1368,0.1161,0.1900,0.0000,1.0276,1.0000,0.0000,0.0001,0.0000,0.0000,-0.0002,0.0001,-0.0000,-0.0002,-0.0027,0.0000,-0.0002,0.0001,-0.0000,-0.0002,-0.0027,-0.0000,0.0008,-0.0001,-0.0000,0.0020,0.0000,0.0002,-0.0000,0.0008,0.0000,0.0000,0.0020,0.0000,0.0001,0.0000,0.0019,0.0005,-0.0214,-0.0002,0.0278,0.0011,-0.0003,-0.0258,0.0015,-0.0058,-0.0330,-0.0374,0.0018,-0.0250,0.0014,-0.0061,-0.0341,-0.0389,-0.0002,0.0885,-0.0078,-0.0043,0.2165,0.0014,0.0164,-0.0001,0.0895,0.0057,0.0036,0.2167,0.0014,0.0071,0.0001,-1.0000,-1.0000,-1.0000,-1.0000,-1.0000,-1.0000,-1.0000,-1.0000,-1.0000,-1.0000,-1.0000,-1.0000,-1.0000,-1.0000,-1.0000,-1.0000,-1.0000,-1.0000,-1.0000,-1.0000,-1.0000,-1.0000,-1.0000,-1.0000,-1.0000,-1.0000,-1.0000,-1.0000,-1.0000,-1.0000,-1.0000,-1.0000,-1.0000,-1.0000,-1.0000,-1.0000,-1.0000,-1.0000,-1.0000,-1.0000,-1.0000,-1.0000,-1.0000,-1.0000,-1.0000,-1.0000,-1.0000,-1.0000,-1.0000,-1.0000,-1.0000,-1.0000,-1.0000,-1.0000,-1.0000,-1.0000,-1.0000,-1.0000,-1.0000,-1.0000,-1.0000,-1.0000,-1.0000,-1.0000,-1.0000,-1.0000,-1.0000,-1.0000,-1.0000,-1.0000,-1.0000,-1.0000,-1.0000,-1.0000,-1.0000,-1.0000,-1.0000,-1.0000,-1.0000,-1.0000,-1.0000,-1.0000,-1.0000,-1.0000,-1.0000,-1.0000,-1.0000,-1.0000,-1.0000,-1.0000,-1.0000,-1.0000,-1.0000,-1.0000,-1.0000,-1.0000,-1.0000,-1.0000,-1.0000,-1.0000,-1.0000,-1.0000,-1.0000,-1.0000,-1.0000,-1.0000,-1.0000,-1.0000,-1.0000,-1.0000,-1.0000,-1.0000,-1.0000,-1.0000,-1.0000,-1.0000,-1.0000,-1.0000,-1.0000,-1.0000,-1.0000,1.4979,1.4731,1.5379,1.4996,1.5189,1.4352,1.2947,1.3279,1.3182,1.3895,1.2461,1.4736,1.3418,1.3617,1.3767,1.4248,1.2722,1.1305,1.1833,1.1527,1.1395,1.1823,1.1852,1.1119,1.1954,1.1145,1.1258,1.0986,1.1505,1.1924,1.1137,1.0725,1.0458,1.0646,1.0621,1.0673,1.0756,1.0975,1.0737,1.0557,1.5409,1.5579,1.5622,1.5530,1.5106,1.5519,1.5971,1.4912,1.5201,1.5745,1.5628,1.5446,1.4898,1.5564,1.5632,1.5333,1.5556,1.5487,1.5179,1.5654,1.4920,1.5079,1.5346,0,1.0000,-1.2936,-4.3513,2.2937
9,0.0180,0.6003,1.2376,1.0353,-1.2936,-4.3513,2.1368,0.1161,0.1900,0.0000,1.0276,1.0000,0.0000,0.0001,0.0000,0.0000,-0.0002,0.0001,-0.0000,-0.0002,-0.0027,0.0000,-0.0002,0.0001,-0.0000,-0.0002,-0.0027,-0.0000,0.0008,-0.0001,-0.0000,0.0020,0.0000,0.0002,-0.0000,0.0008,0.0000,0.0000,0.0020,0.0000,0.0001,0.0000,0.0019,0.0005,-0.0214,-0.0002,0.0278,0.0011,-0.0003,-0.0258,0.0015,-0.0058,-0.0330,-0.0374,0.0018,-0.0250,0.0014,-0.0061,-0.0341,-0.0389,-0.0002,0.0885,-0.0078,-0.0043,0.2165,0.0014,0.0164,-0.0001,0.0895,0.0057,0.0036,0.2167,0.0014,0.0071,0.0001,-1.0000,-1.0000,-1.0000,-1.0000,-1.0000,-1.0000,-1.0000,-1.0000,-1.0000,-1.0000,-1.0000,-1.0000,-1.0000,-1.0000,-1.0000,-1.0000,-1.0000,-1.0000,-1.0000,-1.0000,-1.0000,-1.0000,-1.0000,-1.0000,-1.0000,-1.0000,-1.0000,-1.0000,-1.0000,-1.0000,-1.0000,-1.0000,-1.0000,-1.0000,-1.0000,-1.0000,-1.0000,-1.0000,-1.0000,-1.0000,-1.0000,-1.0000,-1.0000,-1.0000,-1.0000,-1.0000,-1.0000,-1.0000,-1.0000,-1.0000,-1.0000,-1.0000,-1.0000,-1.0000,-1.0000,-1.0000,-1.0000,-1.0000,-1.0000,-1.0000,-1.0000,-1.0000,-1.0000,-1.0000,-1.0000,-1.0000,-1.0000,-1.0000,-1.0000,-1.0000,-1.0000,-1.0000,-1.0000,-1.0000,-1.0000,-1.0000,-1.0000,-1.0000,-1.0000,-1.0000,-1.0000,-1.0000,-1.0000,-1.0000,-1.0000,-1.0000,-1.0000,-1.0000,-1.0000,-1.0000,-1.0000,-1.0000,-1.0000,-1.0000,-1.0000,-1.0000,-1.0000,-1.0000,-1.0000,-1.0000,-1.0000,-1.0000,-1.0000,-1.0000,-1.0000,-1.0000,-1.0000,-1.0000,-1.0000,-1.0000,-1.0000,-1.0000,-1.0000,-1.0000,-1.0000,-1.0000,-1.0000,-1.0000,-1.0000,-1.0000,-1.0000,1.4979,1.4731,1.5379,1.4996,1.5189,1.4352,1.2947,1.3279,1.3182,1.3895,1.2461,1.4736,1.3418,1.3617,1.3767,1.4248,1.2722,1.1305,1.1833,1.1527,1.1395,1.1823,1.1852,1.1119,1.1954,1.1145,1.1258,1.0986,1.1505,1.1924,1.1137,1.0725,1.0458,1.0646,1.0621,1.0673,1.0756,1.0975,1.0737,1.0557,1.5409,1.5579,1.5622,1.5530,1.5106,1.5519,1.5971,1.4912,1.5201,1.5745,1.5628,1.5446,1.4898,1.5564,1.5632,1.5333,1.5556,1.5487,1.5179,1.5654,1.4920,1.5079,1.5346,0,1.0000,-1.2936,-4.3513,2.2937
10,0.0200,0.5978,1.2289,1.0395,-1.2936,-4.3513,2.1171,0.1161,0.1900,0.0000,1.0275,1.0000,0.0000,0.0001,0.0000,0.0000,-0.0003,0.0001,-0.0000,-0.0002,-0.0027,0.0000,-0.0003,0.0001,-0.0001,-0.0002,-0.0027,-0.0000,0.0010,-0.0001,-0.0001,0.0025,0.0000,0.0002,-0.0000,0.0010,0.0001,0.0000,0.0025,0.0000,0.0001,0.0000,0.0022,0.0004,-0.0188,-0.0005,0.0317,0.0011,-0.0007,-0.0315,-0.0009,-0.0051,-0.0157,0.0243,0.0014,-0.0309,-0.0010,-0.0053,-0.0167,0.0226,-0.0000,0.1010,-0.0083,-0.0047,0.2418,0.0016,0.0185,-0.0001,0.1022,0.0069,0.0042,0.2422,0.0016,0.0083,0.0001,-1.0000,-1.0000,-1.0000,-1.0000,-1.0000,-1.0000,-1.0000,-1.0000,-1.0000,-1.0000,-1.0000,-1.0000,-1.0000,-1.0000,-1.0000,-1.0000,-1.0000,-1.0000,-1.0000,-1.0000,-1.0000,-1.0000,-1.0000,-1.0000,-1.0000,-1.0000,-1.0000,-1.0000,-1.0000,-1.0000,-1.0000,-1.0000,-1.0000,-1.0000,-1.0000,-1.0000,-1.0000,-1.0000,-1.0000,-1.0000,-1.0000,-1.0000,-1.0000,-1.0000,-1.0000,-1.0000,-1.0000,-1.0000,-1.0000,-1.0000,-1.0000,-1.0000,-1.0000,-1.0000,-1.0000,-1.0000,-1.0000,-1.0000,-1.0000,-1.0000,-1.0000,-1.0000,-1.0000,-1.0000,-1.0000,-1.0000,-1.0000,-1.0000,-1.0000,-1.0000,-1.0000,-1.0000,-1.0000,-1.0000,-1.0000,-1.0000,-1.0000,-1.0000,-1.0000,-1.0000,-1.0000,-1.0000,-1.0000,-1.0000,-1.0000,-1.0000,-1.0000,-1.0000,-1.0000,-1.0000,-1.0000,-1.0000,-1.0000,-1.0000,-1.0000,-1.0000,-1.0000,-1.0000,-1.0000,-1.0000,-1.0000,-1.0000,-1.0000,-1.0000,-1.0000,-1.0000,-1.0000,-1.0000,-1.0000,-1.0000,-1.0000,-1.0000,-1.0000,-1.0000,-1.0000,-1.0000,-1.0000,-1.0000,-1.0000,-1.0000,-1.0000,1.4879,1.4631,1.5279,1.4896,1.5089,1.4251,1.2852,1.3182,1.3083,1.3797,1.2365,1.4636,1.3320,1.3519,1.3671,1.4148,1.2624,1.1206,1.1732,1.1427,1.1295,1.1724,1.1754,1.1021,1.1855,1.1049,1.1161,1.0889,1.1409,1.1827,1.1042,1.0632,1.0364,1.0551,1.0528,1.0578,1.0662,1.0879,1.0645,1.0464,1.5312,1.5480,1.5523,1.5432,1.5008,1.5421,1.5873,1.4815,1.5105,1.5649,1.5532,1.5350,1.4801,1.5469,1.5539,1.5240,1.5462,1.5395,1.5085,1.5561,1.4826,1.4988,1.5254,0,1.0000,-1.2936,-4.3513,2.2937
11,0.0220,0.5952,1.2202,1.0437,-1.2936,-4.3513,2.0975,0.1161,0.1900,0.0000,1.0275,1.0000,0.0000,0.0002,0.0000,0.0000,-0.0004,0.0001,-0.0001,-0.0002,-0.0025,0.0000,-0.0004,0.0001,-0.0001,-0.0003,-0.0025,-0.0000,0.0012,-0.0001,-0.0001,0.0030,0.0000,0.0002,-0.0000,0.0012,0.0001,0.0000,0.0030,0.0000,0.0001,0.0000,0.0025,0.0002,-0.0164,-0.0008,0.0354,0.0011,-0.0009,-0.0369,-0.0030,-0.0047,-0.0008,0.0752,0.0012,-0.0364,-0.0031,-0.0048,-0.0017,0.0734,0.0001,0.1133,-0.0088,-0.0051,0.2654,0.0018,0.0207,-0.0001,0.1147,0.0081,0.0046,0.2659,0.0018,0.0096,0.0001,-1.0000,-1.0000,-1.0000,-1.0000,-1.0000,-1.0000,-1.0000,-1.0000,-1.0000,-1.0000,-1.0000,-1.0000,-1.0000,-1.0000,-1.0000,-1.0000,-1.0000,-1.0000,-1.0000,-1.0000,-1.0000,-1.0000,-1.0000,-1.0000,-1.0000,-1.0000,-1.0000,-1.0000,-1.0000,-1.0000,-1.0000,-1.0000,-1.0000,-1.0000,-1.0000,-1.0000,-1.0000,-1.0000,-1.0000,-1.0000,-1.0000,-1.0000,-1.0000,-1.0000,-1.0000,-1.0000,-1.0000,-1.0000,-1.0000,-1.0000,-1.0000,-1.0000,-1.0000,-1.0000,-1.0000,-1.0000,-1.0000,-1.0000,-1.0000,-1.0000,-1.0000,-1.0000,-1.0000,-1.0000,-1.0000,-1.0000,-1.0000,-1.0000,-1.0000,-1.0000,-1.0000,-1.0000,-1.0000,-1.0000,-1.0000,-1.0000,-1.0000,-1.0000,-1.0000,-1.0000,-1.0000,-1.0000,-1.0000,-1.0000,-1.0000,-1.0000,-1.0000,-1.0000,-1.0000,-1.0000,-1.0000,-1.0000,-1.0000,-1.0000,-1.0000,-1.0000,-1.0000,-1.0000,-1.0000,-1.0000,-1.0000,-1.0000,-1.0000,-1.0000,-1.0000,-1.0000,-1.0000,-1.0000,-1.0000,-1.0000,-1.0000,-1.0000,-1.0000,-1.0000,-1.0000,-1.0000,-1.0000,-1.0000,-1.0000,-1.0000,-1.0000,1.4779,1.4531,1.5179,1.4796,1.4988,1.4151,1.2756,1.3086,1.2983,1.3699,1.2269,1.4537,1.3221,1.3420,1.3575,1.4049,1.2525,1.1107,1.1632,1.1327,1.1196,1.1624,1.1656,1.0923,1.1756,1.0952,1.1064,1.0792,1.1313,1.1730,1.0947,1.0540,1.0270,1.0457,1.0436,1.0483,1.0568,1.0784,1.0552,1.0371,1.5214,1.5381,1.5425,1.5334,1.4910,1.5324,1.5776,1.4717,1.5010,1.5553,1.5437,1.5255,1.4705,1.5375,1.5447,1.5147,1.5368,1.5303,1.4991,1.5467,1.4732,1.4896,1.5162,0,1.0000,-1.2936,-4.3513,2.2937
11,0.0220,0.5952,1.2202,1.0437,-1.2936,-4.3513,2.0975,0.1161,0.1900,0.0000,1.0275,1.0000,0.0000,0.0002,0.0000,0.0000,-0.0004,0.0001,-0.0001,-0.0002,-0.0025,0.0000,-0.0004,0.0001,-0.0001,-0.0003,-0.0025,-0.0000,0.0012,-0.0001,-0.0001,0.0030,0.0000,0.0002,-0.0000,0.0012,0.0001,0.0000,0.0030,0.0000,0.0001,0.0000,0.0025,0.0002,-0.0164,-0.0008,0.0354,0.0011,-0.0009,-0.0369,-0.0030,-0.0047,-0.0008,0.0752,0.0012,-0.0364,-0.0031,-0.0048,-0.0017,0.0734,0.0001,0.1133,-0.0088,-0.0051,0.2654,0.0018,0.0207,-0.0001,0.1147,0.0081,0.0046,0.2659,0.0018,0.0096,0.0001,-1.0000,-1.0000,-1.0000,-1.0000,-1.0000,-1.0000,-1.0000,-1.0000,-1.0000,-1.0000,-1.0000,-1.0000,-1.0000,-1.0000,-1.0000,-1.0000,-1.0000,-1.0000,-1.0000,-1.0000,-1.0000,-1.0000,-1.0000,-1.0000,-1.0000,-1.0000,-1.0000,-1.0000,-1.0000,-1.0000,-1.0000,-1.0000,-1.0000,-1.0000,-1.0000,-1.0000,-1.0000,-1.0000,-1.0000,-1.0000,-1.0000,-1.0000,-1.0000,-1.0000,-1.0000,-1.0000,-1.0000,-1.0000,-1.0000,-1.0000,-1.0000,-1.0000,-1.0000,-1.0000,-1.0000,-1.0000,-1.0000,-1.0000,-1.0000,-1.0000,-1.0000,-1.0000,-1.0000,-1.0000,-1.0000,-1.0000,-1.0000,-1.0000,-1.0000,-1.0000,-1.0000,-1.0000,-1.0000,-1.0000,-1.0000,-1.0000,-1.0000,-1.0000,-1.0000,-1.0000,-1.0000,-1.0000,-1.0000,-1.0000,-1.0000,-1.0000,-1.0000,-1.0000,-1.0000,-1.0000,-1.0000,-1.0000,-1.0000,-1.0000,-1.0000,-1.0000,-1.0000,-1.0000,-1.0000,-1.0000,-1.0000,-1.0000,-1.0000,-1.0000,-1.0000,-1.0000,-1.0000,-1.0000,-1.0000,-1.0000,-1.0000,-1.0000,-1.0000,-1.0000,-1.0000,-1.0000,-1.0000,-1.0000,-1.0000,-1.0000,-1.0000,1.4779,1.4531,1.5179,1.4796,1.4988,1.4151,1.2756,1.3086,1.2983,1.3699,1.2269,1.4537,1.3221,1.3420,1.3575,1.4049,1.2525,1.1107,1.1632,1.1327,1.1196,1.1624,1.1656,1.0923,1.1756,1.0952,1.1064,1.0792,1.1313,1.1730,1.0947,1.0540,1.0270,1.0457,1.0436,1.0483,1.0568,1.0784,1.0552,1.0371,1.5214,1.5381,1.5425,1.5334,1.4910,1.5324,1.5776,1.4717,1.5010,1.5553,1.5437,1.5255,1.4705,1.5375,1.5447,1.5147,1.5368,1.5303,1.4991,1.5467,1.4732,1.4896,1.5162,0,1.0000,-1.2936,-4.3513,2.2937
12,0.0240,0.5926,1.2115,1.0479,-1.2936,-4.3513,2.0779,0.1161,0.1900,0.0000,1.0275,1.0000,0.0000,0.0002,0.0000,0.0000,-0.0005,0.0001,-0.0001,-0.0002,-0.0023,0.0001,-0.0004,0.0001,-0.0001,-0.0002,-0.0023,-0.0000,0.0015,-0.0001,-0.0001,0.0036,0.0000,0.0003,-0.0000,0.0015,0.0001,0.0001,0.0036,0.0000,0.0001,0.0000,0.0028,0.0001,-0.0142,-0.0009,0.0392,0.0011,-0.0012,-0.0419,-0.0047,-0.0045,0.0119,0.1163,0.0009,-0.0415,-0.0048,-0.0045,0.0111,0.1144,0.0003,0.1255,-0.0093,-0.0055,0.2871,0.0020,0.0228,-0.0002,0.1270,0.0093,0.0051,0.2878,0.0020,0.0108,0.0001,-1.0000,-1.0000,-1.0000,-1.0000,-1.0000,-1.0000,-1.0000,-1.0000,-1.0000,-1.0000,-1.0000,-1.0000,-1.0000,-1.0000,-1.0000,-1.0000,-1.0000,-1.0000,-1.0000,-1.0000,-1.0000,-1.0000,-1.0000,-1.0000,-1.0000,-1.0000,-1.0000,-1.0000,-1.0000,-1.0000,-1.0000,-1.0000,-1.0000,-1.0000,-1.0000,-1.0000,-1.0000,-1.0000,-1.0000,-1.0000,-1.0000,-1.0000,-1.0000,-1.0000,-1.0000,-1.0000,-1.0000,-1.0000,-1.0000,-1.0000,-1.0000,-1.0000,-1.0000,-1.0000,-1.0000,-1.0000,-1.0000,-1.0000,-1.0000,-1.0000,-1.0000,-1.0000,-1.0000,-1.0000,-1.0000,-1.0000,-1.0000,-1.0000,-1.0000,-1.0000,-1.0000,-1.0000,-1.0000,-1.0000,-1.0000,-1.0000,-1.0000,-1.0000,-1.0000,-1.0000,-1.0000,-1.0000,-1.0000,-1.0000,-1.0000,-1.0000,-1.0000,-1.0000,-1.0000,-1.0000,-1.0000,-1.0000,-1.0000,-1.0000,-1.0000,-1.0000,-1.0000,-1.0000,-1.0000,-1.0000,-1.0000,-1.0000,-1.0000,-1.0000,-1.0000,-1.0000,-1.0000,-1.0000,-1.0000,-1.0000,-1.0000,-1.0000,-1.0000,-1.0000,-1.0000,-1.0000,-1.0000,-1.0000,-1.0000,-1.0000,-1.0000,1.4679,1.4431,1.5079,1.4696,1.4889,1.4052,1.2661,1.2989,1.2884,1.3601,1.2173,1.4437,1.3122,1.3322,1.3479,1.3950,1.2427,1.1008,1.1532,1.1227,1.1096,1.1525,1.1559,1.0824,1.1658,1.0856,1.0968,1.0696,1.1217,1.1632,1.0852,1.0447,1.0176,1.0362,1.0343,1.0388,1.0475,1.0689,1.0460,1.0279,1.5117,1.5282,1.5326,1.5236,1.4812,1.5227,1.5679,1.4619,1.4915,1.5457,1.5341,1.5159,1.4608,1.5280,1.5354,1.5054,1.5275,1.5211,1.4898,1.5374,1.4638,1.4804,1.5070,0,1.0000,-1.2936,-4.3513,2.2937
12,0.0240,0.5926,1.2115,1.0479,-1.2936,-4.3513,2.0779,0.1161,0.1900,0.0000,1.0275,1.0000,0.0000,0.0002,0.0000,0.0000,-0.0005,0.0001,-0.0001,-0.0002,-0.0023,0.0001,-0.0004,0.0001,-0.0001,-0.0002,-0.0023,-0.0000,0.0015,-0.0001,-0.0001,0.0036,0.0000,0.0003,-0.0000,0.0015,0.0001,0.0001,0.0036,0.0000,0.0001,0.0000,0.0028,0.0001,-0.0142,-0.0009,0.0392,0.0011,-0.0012,-0.0419,-0.0047,-0.0045,0.0119,0.1163,0.0009,-0.0415,-0.0048,-0.0045,0.0111,0.1144,0.0003,0.1255,-0.0093,-0.0055,0.2871,0.0020,0.0228,-0.0002,0.1270,0.0093,0.0051,0.2878,0.0020,0.0108,0.0001,-1.0000,-1.0000,-1.0000,-1.0000,-1.0000,-1.0000,-1.0000,-1.0000,-1.0000,-1.0000,-1.0000,-1.0000,-1.0000,-1.0000,-1.0000,-1.0000,-1.0000,-1.0000,-1.0000,-1.0000,-1.0000,-1.0000,-1.0000,-1.0000,-1.0000,-1.0000,-1.0000,-1.0000,-1.0000,-1.0000,-1.0000,-1.0000,-1.0000,-1.0000,-1.0000,-1.0000,-1.0000,-1.0000,-1.0000,-1.0000,-1.0000,-1.0000,-1.0000,-1.0000,-1.0000,-1.0000,-1.0000,-1.0000,-1.0000,-1.0000,-1.0000,-1.0000,-1.0000,-1.0000,-1.0000,-1.0000,-1.0000,-1.0000,-1.0000,-1.0000,-1.0000,-1.0000,-1.0000,-1.0000,-1.0000,-1.0000,-1.0000,-1.0000,-1.0000,-1.0000,-1.0000,-1.0000,-1.0000,-1.0000,-1.0000,-1.0000,-1.0000,-1.0000,-1.0000,-1.0000,-1.0000,-1.0000,-1.0000,-1.0000,-1.0000,-1.0000,-1.0000,-1.0000,-1.0000,-1.0000,-1.0000,-1.0000,-1.0000,-1.0000,-1.0000,-1.0000,-1.0000,-1.0000,-1.0000,-1.0000,-1.0000,-1.0000,-1.0000,-1.0000,-1.0000,-1.0000,-1.0000,-1.0000,-1.0000,-1.0000,-1.0000,-1.0000,-1.0000,-1.0000,-1.0000,-1.0000,-1.0000,-1.0000,-1.0000,-1.0000,-1.0000,1.4679,1.4431,1.5079,1.4696,1.4889,1.4052,1.2661,1.2989,1.2884,1.3601,1.2173,1.4437,1.3122,1.3322,1.3479,1.3950,1.2427,1.1008,1.1532,1.1227,1.1096,1.1525,1.1559,1.0824,1.1658,1.0856,1.0968,1.0696,1.1217,1.1632,1.0852,1.0447,1.0176,1.0362,1.0343,1.0388,1.0475,1.0689,1.0460,1.0279,1.5117,1.5282,1.5326,1.5236,1.4812,1.5227,1.5679,1.4619,1.4915,1.5457,1.5341,1.5159,1.4608,1.5280,1.5354,1.5054,1.5275,1.5211,1.4898,1.5374,1.4638,1.4804,1.5070,0,1.0000,-1.2936,-4.3513,2.2937
13,0.0260,0.5900,1.2028,1.0520,-1.2936,-4.3513,2.0583,0.1161,0.1900,0.0000,1.0274,1.0000,0.0000,0.0003,0.0000,0.0000,-0.0006,0.0000,-0.0001,-0.0002,-0.0019,0.0001,-0.0006,0.0000,-0.0001,0.0001,-0.0021,-0.0000,0.0017,-0.0001,-0.0001,0.0042,0.0000,0.0003,-0.0000,0.0017,0.0001,0.0001,0.0041,0.0000,0.0001,0.0000,0.0031,0.0012,-0.0170,0.0230,0.0413,0.0007,-0.0009,-0.0448,-0.0367,-0.0047,0.0239,0.1619,0.0003,-0.0606,-0.0346,0.0076,0.1599,0.1146,-0.0022,0.1385,-0.0012,-0.0085,0.3076,0.0021,0.0249,-0.0002,0.1325,0.0186,0.0026,0.2919,0.0020,0.0116,0.0001,-1.0000,-1.0000,-1.0000,-1.0000,-1.0000,-1.0000,-1.0000,-1.0000,-1.0000,-1.0000,-1.0000,-1.0000,-1.0000,-1.0000,-1.0000,-1.0000,-1.0000,-1.0000,-1.0000,-1.0000,-1.0000,-1.0000,-1.0000,-1.0000,-1.0000,-1.0000,-1.0000,-1.0000,-1.0000,-1.0000,-1.0000,-1.0000,-1.0000,-1.0000,-1.0000,-1.0000,-1.0000,-1.0000,-1.0000,-1.0000,-1.0000,-1.0000,-1.0000,-1.0000,-1.0000,-1.0000,-1.0000,-1.0000,-1.0000,-1.0000,-1.0000,-1.0000,-1.0000,-1.0000,-1.0000,-1.0000,-1.0000,-1.0000,-1.0000,-1.0000,-1.0000,-1.0000,-1.0000,-1.0000,-1.0000,-1.0000,-1.0000,-1.0000,-1.0000,-1.0000,-1.0000,-1.0000,-1.0000,-1.0000,-1.0000,-1.0000,-1.0000,-1.0000,-1.0000,-1.0000,-1.0000,-1.0000,-1.0000,-1.0000,-1.0000,-1.0000,-1.0000,-1.0000,-1.0000,-1.0000,-1.0000,-1.0000,-1.0000,-1.0000,-1.0000,-1.0000,-1.0000,-1.0000,-1.0000,-1.0000,-1.0000,-1.0000,-1.0000,-1.0000,-1.0000,-1.0000,-1.0000,-1.0000,-1.0000,-1.0000,-1.0000,-1.0000,-1.0000,-1.0000,-1.0000,-1.0000,-1.0000,-1.0000,-1.0000,-1.0000,-1.0000,1.4580,1.4332,1.4979,1.4597,1.4789,1.3952,1.2566,1.2892,1.2785,1.3504,1.2077,1.4337,1.3024,1.3224,1.3383,1.3851,1.2330,1.0909,1.1432,1.1128,1.0997,1.1426,1.1461,1.0726,1.1560,1.0759,1.0871,1.0600,1.1122,1.1535,1.0757,1.0355,1.0082,1.0268,1.0251,1.0293,1.0382,1.0594,1.0369,1.0187,1.5020,1.5183,1.5228,1.5139,1.4714,1.5129,1.5582,1.4522,1.4819,1.5361,1.5246,1.5064,1.4512,1.5186,1.5262,1.4962,1.5182,1.5119,1.4805,1.5281,1.4544,1.4713,1.4978,0,1.0000,-1.2936,-4.3513,2.2937
14,0.0280,0.5874,1.1941,1.0561,-1.2936,-4.3513,2.0387,0.1161,0.1900,0.0000,1.0274,1.0000,0.0001,0.0003,0.0000,0.0000,-0.0006,-0.0001,-0.0001,-0.0001,-0.0016,0.0001,-0.0007,-0.0001,-0.0000,0.0003,-0.0015,-0.0000,0.0020,-0.0001,-0.0001,0.0048,0.0000,0.0004,-0.0000,0.0020,0.0002,0.0001,0.0048,0.0000,0.0002,0.0000,0.0034,0.0014,-0.0171,0.0333,0.0446,0.0006,-0.0010,-0.0490,-0.0508,-0.0048,0.0333,0.1918,0.0006,-0.0598,-0.0551,0.0039,0.1229,0.2761,-0.0031,0.1507,0.0024,-0.0098,0.3261,0.0022,0.0270,-0.0002,0.1416,0.0235,0.0020,0.3039,0.0021,0.0126,0.0001,-1.0000,-1.0000,-1.0000,-1.0000,-1.0000,-1.0000,-1.0000,-1.0000,-1.0000,-1.0000,-1.0000,-1.0000,-1.0000,-1.0000,-1.0000,-1.0000,-1.0000,-1.0000,-1.0000,-1.0000,-1.0000,-1.0000,-1.0000,-1.0000,-1.0000,-1.0000,-1.0000,-1.0000,-1.0000,-1.0000,-1.0000,-1.0000,-1.0000,-1.0000,-1.0000,-1.0000,-1.0000,-1.0000,-1.0000,-1.0000,-1.0000,-1.0000,-1.0000,-1.0000,-1.0000,-1.0000,-1.0000,-1.0000,-1.0000,-1.0000,-1.0000,-1.0000,-1.0000,-1.0000,-1.0000,-1.0000,-1.0000,-1.0000,-1.0000,-1.0000,-1.0000,-1.0000,-1.0000,-1.0000,-1.0000,-1.0000,-1.0000,-1.0000,-1.0000,-1.0000,-1.0000,-1.0000,-1.0000,-1.0000,-1.0000,-1.0000,-1.0000,-1.0000,-1.0000,-1.0000,-1.0000,-1.0000,-1.0000,-1.0000,-1.0000,-1.0000,-1.0000,-1.0000,-1.0000,-1.0000,-1.0000,-1.0000,-1.0000,-1.0000,-1.0000,-1.0000,-1.0000,-1.0000,-1.0000,-1.0000,-1.0000,-1.0000,-1.0000,-1.0000,-1.0000,-1.0000,-1.0000,-1.0000,-1.0000,-1.0000,-1.0000,-1.0000,-1.0000,-1.0000,-1.0000,-1.0000,-1.0000,-1.0000,-1.0000,-1.0000,-1.0000,1.4480,1.4232,1.4879,1.4498,1.4690,1.3853,1.2471,1.2796,1.2686,1.3407,1.1981,1.4238,1.2926,1.3126,1.3287,1.3753,1.2232,1.0811,1.1332,1.1028,1.0898,1.1327,1.1364,1.0629,1.1462,1.0663,1.0775,1.0503,1.1027,1.1439,1.0662,1.0263,0.9988,1.0174,1.0160,1.0199,1.0289,1.0499,1.0277,1.0094,1.4923,1.5084,1.5130,1.5041,1.4616,1.5032,1.5485,1.4425,1.4725,1.5265,1.5151,1.4969,1.4415,1.5091,1.5170,1.4869,1.5089,1.5027,1.4711,1.5188,1.4451,1.4622,1.4886,0,0.9988,-1.2936,-4.3513,2.2937
14,0.0280,0.5874,1.1941,1.0561,-1.2936,-4.3513,2.0387,0.1161,0.1900,0.0000,1.0274,1.0000,0.0001,0.0003,0.0000,0.0000,-0.0006,-0.0001,-0.0001,-0.0001,-0.0016,0.0001,-0.0007,-0.0001,-0.0000,0.0003,-0.0015,-0.0000,0.0020,-0.0001,-0.0001,0.0048,0.0000,0.0004,-0.0000,0.0020,0.0002,0.0001,0.0048,0.0000,0.0002,0.0000,0.0034,0.0014,-0.0171,0.0333,0.0446,0.0006,-0.0010,-0.0490,-0.0508,-0.0048,0.0333,0.1918,0.0006,-0.0598,-0.0551,0.0039,0.1229,0.2761,-0.0031,0.1507,0.0024,-0.0098,0.3261,0.0022,0.0270,-0.0002,0.1416,0.0235,0.0020,0.3039,0.0021,0.0126,0.0001,-1.0000,-1.0000,-1.0000,-1.0000,-1.0000,-1.0000,-1.0000,-1.0000,-1.0000,-1.0000,-1.0000,-1.0000,-1.0000,-1.0000,-1.0000,-1.0000,-1.0000,-1.0000,-1.0000,-1.0000,-1.0000,-1.0000,-1.0000,-1.0000,-1.0000,-1.0000,-1.0000,-1.0000,-1.0000,-1.0000,-1.0000,-1.0000,-1.0000,-1.0000,-1.0000,-1.0000,-1.0000,-1.0000,-1.0000,-1.0000,-1.0000,-1.0000,-1.0000,-1.0000,-1.0000,-1.0000,-1.0000,-1.0000,-1.0000,-1.0000,-1.0000,-1.0000,-1.0000,-1.0000,-1.0000,-1.0000,-1.0000,-1.0000,-1.0000,-1.0000,-1.0000,-1.0000,-1.0000,-1.0000,-1.0000,-1.0000,-1.0000,-1.0000,-1.0000,-1.0000,-1.0000,-1.0000,-1.0000,-1.0000,-1.0000,-1.0000,-1.0000,-1.0000,-1.0000,-1.0000,-1.0000,-1.0000,-1.0000,-1.0000,-1.0000,-1.0000,-1.0000,-1.0000,-1.0000,-1.0000,-1.0000,-1.0000,-1.0000,-1.0000,-1.0000,-1.0000,-1.0000,-1.0000,-1.0000,-1.0000,-1.0000,-1.0000,-1.0000,-1.0000,-1.0000,-1.0000,-1.0000,-1.0000,-1.0000,-1.0000,-1.0000,-1.0000,-1.0000,-1.0000,-1.0000,-1.0000,-1.0000,-1.0000,-1.0000,-1.0000,-1.0000,1.4480,1.4232,1.4879,1.4498,1.4690,1.3853,1.2471,1.2796,1.2686,1.3407,1.1981,1.4238,1.2926,1.3126,1.3287,1.3753,1.2232,1.0811,1.1332,1.1028,1.0898,1.1327,1.1364,1.0629,1.1462,1.0663,1.0775,1.0503,1.1027,1.1439,1.0662,1.0263,0.9988,1.0174,1.0160,1.0199,1.0289,1.0499,1.0277,1.0094,1.4923,1.5084,1.5130,1.5041,1.4616,1.5032,1.5485,1.4425,1.4725,1.5265,1.5151,1.4969,1.4415,1.5091,1.5170,1.4869,1.5089,1.5027,1.4711,1.5188,1.4451,1.4622,1.4886,0,0.9988,-1.2936,-4.3513,2.2937
15,0.0300,0.5848,1.1854,1.0601,-1.2936,-4.3513,2.0190,0.1161,0.1901,0.0000,1.0274,1.0000,0.0001,0.0004,0.0000,0.0000,-0.0008,-0.0002,-0.0001,-0.0000,-0.0011,0.0001,-0.0008,-0.0002,-0.0001,0.0005,-0.0011,-0.0000,0.0024,-0.0001,-0.0001,0.0055,0.0000,0.0004,-0.0000,0.0023,0.0002,0.0001,0.0054,0.0000,0.0002,0.0000,0.0037,0.0013,-0.0149,0.0316,0.0484,0.0007,-0.0012,-0.0535,-0.0495,-0.0052,0.0403,0.2082,0.0010,-0.0586,-0.0501,-0.0006,0.0800,0.2161,-0.0027,0.1622,0.0008,-0.0096,0.3428,0.0024,0.0290,-0.0002,0.1540,0.0234,0.0029,0.3226,0.0023,0.0139,0.0001,-1.0000,-1.0000,-1.0000,-1.0000,-1.0000,-1.0000,-1.0000,-1.0000,-1.0000,-1.0000,-1.0000,-1.0000,-1.0000,-1.0000,-1.0000,-1.0000,-1.0000,-1.0000,-1.0000,-1.0000,-1.0000,-1.0000,-1.0000,-1.0000,-1.0000,-1.0000,-1.0000,-1.0000,-1.0000,-1.0000,-1.0000,-1.0000,-1.0000,-1.0000,-1.0000,-1.0000,-1.0000,-1.0000,-1.0000,-1.0000,-1.0000,-1.0000,-1.0000,-1.0000,-1.0000,-1.0000,-1.0000,-1.0000,-1.0000,-1.0000,-1.0000,-1.0000,-1.0000,-1.0000,-1.0000,-1.0000,-1.0000,-1.0000,-1.0000,-1.0000,-1.0000,-1.0000,-1.0000,-1.0000,-1.0000,-1.0000,-1.0000,-1.0000,-1.0000,-1.0000,-1.0000,-1.0000,-1.0000,-1.0000,-1.0000,-1.0000,-1.0000,-1.0000,-1.0000,-1.0000,-1.0000,-1.0000,-1.0000,-1.0000,-1.0000,-1.0000,-1.0000,-1.0000,-1.0000,-1.0000,-1.0000,-1.0000,-1.0000,-1.0000,-1.0000,-1.0000,-1.0000,-1.0000,-1.0000,-1.0000,-1.0000,-1.0000,-1.0000,-1.0000,-1.0000,-1.0000,-1.0000,-1.0000,-1.0000,-1.0000,-1.0000,-1.0000,-1.0000,-1.0000,-1.0000,-1.0000,-1.0000,-1.0000,-1.0000,-1.0000,-1.0000,1.4382,1.4134,1.4780,1.4399,1.4591,1.3754,1.2376,1.2700,1.2587,1.3309,1.1886,1.4139,1.2828,1.3028,1.3192,1.3655,1.2134,1.0713,1.1233,1.0929,1.0800,1.1229,1.1267,1.0531,1.1364,1.0567,1.0679,1.0407,1.0931,1.1342,1.0568,1.0171,0.9895,1.0081,1.0068,1.0104,1.0196,1.0405,1.0186,1.0002,1.4826,1.4986,1.5032,1.4944,1.4519,1.4936,1.5389,1.4328,1.4630,1.5169,1.5056,1.4874,1.4319,1.4997,1.5078,1.4777,1.4995,1.4936,1.4618,1.5095,1.4357,1.4531,1.4795,0,0.9895,-1.2936,-4.3513,2.2937
15,0.0300,0.5848,1.1854,1.0601,-1.2936,-4.3513,2.0190,0.1161,0.1901,0.0000,1.0274,1.0000,0.0001,0.0004,0.0000,0.0000,-0.0008,-0.0002,-0.0001,-0.0000,-0.0011,0.0001,-0.0008,-0.0002,-0.0001,0.0005,-0.0011,-0.0000,0.0024,-0.0001,-0.0001,0.0055,0.0000,0.0004,-0.0000,0.0023,0.0002,0.0001,0.0054,0.0000,0.0002,0.0000,0.0037,0.0013,-0.0149,0.0316,0.0484,0.0007,-0.0012,-0.0535,-0.0495,-0.0052,0.0403,0.2082,0.0010,-0.0586,-0.0501,-0.0006,0.0800,0.2161,-0.0027,0.1622,0.0008,-0.0096,0.3428,0.0024,0.0290,-0.0002,0.1540,0.0234,0.0029,0.3226,0.0023,0.0139,0.0001,-1.0000,-1.0000,-1.0000,-1.0000,-1.0000,-1.0000,-1.0000,-1.0000,-1.0000,-1.0000,-1.0000,-1.0000,-1.0000,-1.0000,-1.0000,-1.0000,-1.0000,-1.0000,-1.0000,-1.0000,-1.0000,-1.0000,-1.0000,-1.0000,-1.0000,-1.0000,-1.0000,-1.0000,-1.0000,-1.0000,-1.0000,-1.0000,-1.0000,-1.0000,-1.0000,-1.0000,-1.0000,-1.0000,-1.0000,-1.0000,-1.0000,-1.0000,-1.0000,-1.0000,-1.0000,-1.0000,-1.0000,-1.0000,-1.0000,-1.0000,-1.0000,-1.0000,-1.0000,-1.0000,-1.0000,-1.0000,-1.0000,-1.0000,-1.0000,-1.0000,-1.0000,-1.0000,-1.0000,-1.0000,-1.0000,-1.0000,-1.0000,-1.0000,-1.0000,-1.0000,-1.0000,-1.0000,-1.0000,-1.0000,-1.0000,-1.0000,-1.0000,-1.0000,-1.0000,-1.0000,-1.0000,-1.0000,-1.0000,-1.0000,-1.0000,-1.0000,-1.0000,-1.0000,-1.0000,-1.0000,-1.0000,-1.0000,-1.0000,-1.0000,-1.0000,-1.0000,-1.0000,-1.0000,-1.0000,-1.0000,-1.0000,-1.0000,-1.0000,-1.0000,-1.0000,-1.0000,-1.0000,-1.0000,-1.0000,-1.0000,-1.0000,-1.0000,-1.0000,-1.0000,-1.0000,-1.0000,-1.0000,-1.0000,-1.0000,-1.0000,-1.0000,1.4382,1.4134,1.4780,1.4399,1.4591,1.3754,1.2376,1.2700,1.2587,1.3309,1.1886,1.4139,1.2828,1.3028,1.3192,1.3655,1.2134,1.0713,1.1233,1.0929,1.0800,1.1229,1.1267,1.0531,1.1364,1.0567,1.0679,1.0407,1.0931,1.1342,1.0568,1.0171,0.9895,1.0081,1.0068,1.0104,1.0196,1.0405,1.0186,1.0002,1.4826,1.4986,1.5032,1.4944,1.4519,1.4936,1.5389,1.4328,1.4630,1.5169,1.5056,1.4874,1.4319,1.4997,1.5078,1.4777,1.4995,1.4936,1.4618,1.5095,1.4357,1.4531,1.4795,0,0.9895,-1.2936,-4.3513,2.2937
16,0.0320,0.5822,1.1767,1.0641,-1.2936,-4.3513,1.9994,0.1161,0.1901,0.0000,1.0274,1.0000,0.0001,0.0004,0.0000,-0.0000,-0.0009,-0.0003,-0.0001,0.0001,-0.0007,0.0001,-0.0009,-0.0003,-0.0001,0.0006,-0.0008,-0.0000,0.0027,-0.0001,-0.0001,0.0062,0.0000,0.0005,-0.0000,0.0027,0.0003,0.0001,0.0061,0.0000,0.0002,0.0000,0.0040,0.0012,-0.0128,0.0298,0.0522,0.0008,-0.0014,-0.0578,-0.0477,-0.0057,0.0459,0.2191,0.0012,-0.0579,-0.0450,-0.0047,0.0435,0.1580,-0.0023,0.1735,-0.0009,-0.0095,0.3577,0.0026,0.0311,-0.0002,0.1661,0.0232,0.0037,0.3397,0.0025,0.0153,0.0002,-1.0000,-1.0000,-1.0000,-1.0000,-1.0000,-1.0000,-1.0000,-1.0000,-1.0000,-1.0000,-1.0000,-1.0000,-1.0000,-1.0000,-1.0000,-1.0000,-1.0000,-1.0000,-1.0000,-1.0000,-1.0000,-1.0000,-1.0000,-1.0000,-1.0000,-1.0000,-1.0000,-1.0000,-1.0000,-1.0000,-1.0000,-1.0000,-1.0000,-1.0000,-1.0000,-1.0000,-1.0000,-1.0000,-1.0000,-1.0000,-1.0000,-1.0000,-1.0000,-1.0000,-1.0000,-1.0000,-1.0000,-1.0000,-1.0000,-1.0000,-1.0000,-1.0000,-1.0000,-1.0000,-1.0000,-1.0000,-1.0000,-1.0000,-1.0000,-1.0000,-1.0000,-1.0000,-1.0000,-1.0000,-1.0000,-1.0000,-1.0000,-1.0000,-1.0000,-1.0000,-1.0000,-1.0000,-1.0000,-1.0000,-1.0000,-1.0000,-1.0000,-1.0000,-1.0000,-1.0000,-1.0000,-1.0000,-1.0000,-1.0000,-1.0000,-1.0000,-1.0000,-1.0000,-1.0000,-1.0000,-1.0000,-1.0000,-1.0000,-1.0000,-1.0000,-1.0000,-1.0000,-1.0000,-1.0000,-1.0000,-1.0000,-1.0000,-1.0000,-1.0000,-1.0000,-1.0000,-1.0000,-1.0000,-1.0000,-1.0000,-1.0000,-1.0000,-1.0000,-1.0000,-1.0000,-1.0000,-1.0000,-1.0000,-1.0000,-1.0000,-1.0000,1.4283,1.4035,1.4682,1.4300,1.4492,1.3656,1.2281,1.2604,1.2489,1.3212,1.1790,1.4040,1.2730,1.2931,1.3096,1.3556,1.2037,1.0615,1.1134,1.0830,1.0701,1.1130,1.1170,1.0434,1.1266,1.0472,1.0583,1.0312,1.0836,1.1245,1.0474,1.0080,0.9802,0.9987,0.9976,1.0010,1.0103,1.0310,1.0094,0.9910,1.4729,1.4888,1.4934,1.4847,1.4422,1.4839,1.5292,1.4231,1.4535,1.5074,1.4961,1.4779,1.4223,1.4903,1.4986,1.4685,1.4902,1.4844,1.4525,1.5003,1.4264,1.4440,1.4703,0,0.9802,-1.2936,-4.3513,2.2937
17,0.0340,0.5797,1.1680,1.0681,-1.2936,-4.3513,1.9798,0.1161,0.1901,0.0000,1.0273,1.0000,0.0002,0.0005,0.0000,-0.0000,-0.0010,-0.0004,-0.0001,0.0002,-0.0003,0.0001,-0.0010,-0.0004,-0.0001,0.0006,-0.0007,-0.0000,0.0031,-0.0001,-0.0002,0.0070,0.0000,0.0006,-0.0000,0.0030,0.0003,0.0001,0.0068,0.0000,0.0003,0.0000,0.0043,0.0013,-0.0116,0.0310,0.0559,0.0007,-0.0015,-0.0618,-0.0497,-0.0063,0.0505,0.2272,0.0019,-0.0564,-0.0414,-0.0095,0.0019,0.0495,-0.0023,0.1847,-0.0015,-0.0096,0.3710,0.0028,0.0312,-0.0002,0.1771,0.0238,0.0041,0.3529,0.0027,0.0165,0.0002,-1.0000,-1.0000,-1.0000,-1.0000,-1.0000,-1.0000,-1.0000,-1.0000,-1.0000,-1.0000,-1.0000,-1.0000,-1.0000,-1.0000,-1.0000,-1.0000,-1.0000,-1.0000,-1.0000,-1.0000,-1.0000,-1.0000,-1.0000,-1.0000,-1.0000,-1.0000,-1.0000,-1.0000,-1.0000,-1.0000,-1.0000,-1.0000,-1.0000,-1.0000,-1.0000,-1.0000,-1.0000,-1.0000,-1.0000,-1.0000,-1.0000,-1.0000,-1.0000,-1.0000,-1.0000,-1.0000,-1.0000,-1.0000,-1.0000,-1.0000,-1.0000,-1.0000,-1.0000,-1.0000,-1.0000,-1.0000,-1.0000,-1.0000,-1.0000,-1.0000,-1.0000,-1.0000,-1.0000,-1.0000,-1.0000,-1.0000,-1.0000,-1.0000,-1.0000,-1.0000,-1.0000,-1.0000,-1.0000,-1.0000,-1.0000,-1.0000,-1.0000,-1.0000,-1.0000,-1.0000,-1.0000,-1.0000,-1.0000,-1.0000,-1.0000,-1.0000,-1.0000,-1.0000,-1.0000,-1.0000,-1.0000,-1.0000,-1.0000,-1.0000,-1.0000,-1.0000,-1.0000,-1.0000,-1.0000,-1.0000,-1.0000,-1.0000,-1.0000,-1.0000,-1.0000,-1.0000,-1.0000,-1.0000,-1.0000,-1.0000,-1.0000,-1.0000,-1.0000,-1.0000,-1.0000,-1.0000,-1.0000,-1.0000,-1.0000,-1.0000,-1.0000,1.4185,1.3936,1.4583,1.4202,1.4393,1.3557,1.2186,1.2508,1.2390,1.3115,1.1695,1.3941,1.2633,1.2833,1.3001,1.3458,1.1940,1.0517,1.1035,1.0731,1.0602,1.1032,1.1073,1.0336,1.1168,1.0376,1.0487,1.0216,1.0742,1.1149,1.0380,0.9988,0.9709,0.9894,0.9885,0.9916,1.0010,1.0216,1.0003,0.9819,1.4633,1.4789,1.4837,1.4749,1.4324,1.4742,1.5196,1.4134,1.4440,1.4978,1.4866,1.4684,1.4127,1.4809,1.4894,1.4593,1.4810,1.4753,1.4432,1.4910,1.4171,1.4349,1.4612,0,0.9709,-1.2936,-4.3513,2.2937
17,0.0340,0.5797,1.1680,1.0681,-1.2936,-4.3513,1.9798,0.1161,0.1901,0.0000,1.0273,1.0000,0.0002,0.0005,0.0000,-0.0000,-0.0010,-0.0004,-0.0001,0.0002,-0.0003,0.0001,-0.0010,-0.0004,-0.0001,0.0006,-0.0007,-0.0000,0.0031,-0.0001,-0.0002,0.0070,0.0000,0.0006,-0.0000,0.0030,0.0003,0.0001,0.0068,0.0000,0.0003,0.0000,0.0043,0.0013,-0.0116,0.0310,0.0559,0.0007,-0.0015,-0.0618,-0.0497,-0.0063,0.0505,0.2272,0.0019,-0.0564,-0.0414,-0.0095,0.0019,0.0495,-0.0023,0.1847,-0.0015,-0.0096,0.3710,0.0028,0.0312,-0.0002,0.1771,0.0238,0.0041,0.3529,0.0027,0.0165,0.0002,-1.0000,-1.0000,-1.0000,-1.0000,-1.0000,-1.0000,-1.0000,-1.0000,-1.0000,-1.0000,-1.0000,-1.0000,-1.0000,-1.0000,-1.0000,-1.0000,-1.0000,-1.0000,-1.0000,-1.0000,-1.0000,-1.0000,-1.0000,-1.0000,-1.0000,-1.0000,-1.0000,-1.0000,-1.0000,-1.0000,-1.0000,-1.0000,-1.0000,-1.0000,-1.0000,-1.0000,-1.0000,-1.0000,-1.0000,-1.0000,-1.0000,-1.0000,-1.0000,-1.0000,-1.0000,-1.0000,-1.0000,-1.0000,-1.0000,-1.0000,-1.0000,-1.0000,-1.0000,-1.0000,-1.0000,-1.0000,-1.0000,-1.0000,-1.0000,-1.0000,-1.0000,-1.0000,-1.0000,-1.0000,-1.0000,-1.0000,-1.0000,-1.0000,-1.0000,-1.0000,-1.0000,-1.0000,-1.0000,-1.0000,-1.0000,-1.0000,-1.0000,-1.0000,-1.0000,-1.0000,-1.0000,-1.0000,-1.0000,-1.0000,-1.0000,-1.0000,-1.0000,-1.0000,-1.0000,-1.0000,-1.0000,-1.0000,-1.0000,-1.0000,-1.0000,-1.0000,-1.0000,-1.0000,-1.0000,-1.0000,-1.0000,-1.0000,-1.0000,-1.0000,-1.0000,-1.0000,-1.0000,-1.0000,-1.0000,-1.0000,-1.0000,-1.0000,-1.0000,-1.0000,-1.0000,-1.0000,-1.0000,-1.0000,-1.0000,-1.0000,-1.0000,1.4185,1.3936,1.4583,1.4202,1.4393,1.3557,1.2186,1.2508,1.2390,1.3115,1.1695,1.3941,1.2633,1.2833,1.3001,1.3458,1.1940,1.0517,1.1035,1.0731,1.0602,1.1032,1.1073,1.0336,1.1168,1.0376,1.0487,1.0216,1.0742,1.1149,1.0380,0.9988,0.9709,0.9894,0.9885,0.9916,1.0010,1.0216,1.0003,0.9819,1.4633,1.4789,1.4837,1.4749,1.4324,1.4742,1.5196,1.4134,1.4440,1.4978,1.4866,1.4684,1.4127,1.4809,1.4894,1.4593,1.4810,1.4753,1.4432,1.4910,1.4171,1.4349,1.4612,0,0.9709,-1.2936,-4.3513,2.2937
18,0.0360,0.5771,1.1593,1.0720,-1.2936,-4.3513,1.9602,0.1161,0.1901,0.0000,1.0273,1.0000,0.0002,0.0005,0.0000,-0.0000,-0.0011,-0.0005,-0.0001,0.0003,0.0005,0.0001,-0.0011,-0.0004,-0.0001,0.0005,-0.0008,-0.0000,0.0035,-0.0001,-0.0002,0.0077,0.0001,0.0006,-0.0000,0.0034,0.0004,0.0001,0.0075,0.0001,0.0003,0.0000,0.0045,0.0006,-0.0136,0.0178,0.0590,0.0009,-0.0022,-0.0630,-0.0393,-0.0086,0.0361,0.3549,0.0022,-0.0545,-0.0192,-0.0142,-0.0376,-0.0659,-0.0006,0.1915,-0.0068,-0.0079,0.3725,0.0030,0.0309,-0.0002,0.1883,0.0196,0.0061,0.3643,0.0030,0.0178,0.0002,-1.0000,-1.0000,-1.0000,-1.0000,-1.0000,-1.0000,-1.0000,-1.0000,-1.0000,-1.0000,-1.0000,-1.0000,-1.0000,-1.0000,-1.0000,-1.0000,-1.0000,-1.0000,-1.0000,-1.0000,-1.0000,-1.0000,-1.0000,-1.0000,-1.0000,-1.0000,-1.0000,-1.0000,-1.0000,-1.0000,-1.0000,-1.0000,-1.0000,-1.0000,-1.0000,-1.0000,-1.0000,-1.0000,-1.0000,-1.0000,-1.0000,-1.0000,-1.0000,-1.0000,-1.0000,-1.0000,-1.0000,-1.0000,-1.0000,-1.0000,-1.0000,-1.0000,-1.0000,-1.0000,-1.0000,-1.0000,-1.0000,-1.0000,-1.0000,-1.0000,-1.0000,-1.0000,-1.0000,-1.0000,-1.0000,-1.0000,-1.0000,-1.0000,-1.0000,-1.0000,-1.0000,-1.0000,-1.0000,-1.0000,-1.0000,-1.0000,-1.0000,-1.0000,-1.0000,-1.0000,-1.0000,-1.0000,-1.0000,-1.0000,-1.0000,-1.0000,-1.0000,-1.0000,-1.0000,-1.0000,-1.0000,-1.0000,-1.0000,-1.0000,-1.0000,-1.0000,-1.0000,-1.0000,-1.0000,-1.0000,-1.0000,-1.0000,-1.0000,-1.0000,-1.0000,-1.0000,-1.0000,-1.0000,-1.0000,-1.0000,-1.0000,-1.0000,-1.0000,-1.0000,-1.0000,-1.0000,-1.0000,-1.0000,-1.0000,-1.0000,-1.0000,1.4086,1.3838,1.4484,1.4103,1.4295,1.3459,1.2092,1.2412,1.2292,1.3019,1.1600,1.3842,1.2535,1.2736,1.2906,1.3360,1.1843,1.0419,1.0935,1.0632,1.0504,1.0934,1.0976,1.0239,1.1071,1.0281,1.0391,1.0120,1.0647,1.1053,1.0286,0.9897,0.9616,0.9800,0.9794,0.9822,0.9918,1.0122,0.9912,0.9727,1.4536,1.4691,1.4739,1.4652,1.4227,1.4646,1.5099,1.4037,1.4346,1.4883,1.4771,1.4590,1.4032,1.4715,1.4803,1.4501,1.4717,1.4662,1.4339,1.4818,1.4078,1.4258,1.4521,0,0.9616,-1.2936,-4.3513,2.2937
18,0.0360,0.5771,1.1593,1.0720,-1.2936,-4.3513,1.9602,0.1161,0.1901,0.0000,1.0273,1.0000,0.0002,0.0005,0.0000,-0.0000,-0.0011,-0.0005,-0.0001,0.0003,0.0005,0.0001,-0.0011,-0.0004,-0.0001,0.0005,-0.0008,-0.0000,0.0035,-0.0001,-0.0002,0.0077,0.0001,0.0006,-0.0000,0.0034,0.0004,0.0001,0.0075,0.0001,0.0003,0.0000,0.0045,0.0006,-0.0136,0.0178,0.0590,0.0009,-0.0022,-0.0630,-0.0393,-0.0086,0.0361,0.3549,0.0022,-0.0545,-0.0192,-0.0142,-0.0376,-0.0659,-0.0006,0.1915,-0.0068,-0.0079,0.3725,0.0030,0.0309,-0.0002,0.1883,0.0196,0.0061,0.3643,0.0030,0.0178,0.0002,-1.0000,-1.0000,-1.0000,-1.0000,-1.0000,-1.0000,-1.0000,-1.0000,-1.0000,-1.0000,-1.0000,-1.0000,-1.0000,-1.0000,-1.0000,-1.0000,-1.0000,-1.0000,-1.0000,-1.0000,-1.0000,-1.0000,-1.0000,-1.0000,-1.0000,-1.0000,-1.0000,-1.0000,-1.0000,-1.0000,-1.0000,-1.0000,-1.0000,-1.0000,-1.0000,-1.0000,-1.0000,-1.0000,-1.0000,-1.0000,-1.0000,-1.0000,-1.0000,-1.0000,-1.0000,-1.0000,-1.0000,-1.0000,-1.0000,-1.0000,-1.0000,-1.0000,-1.0000,-1.0000,-1.0000,-1.0000,-1.0000,-1.0000,-1.0000,-1.0000,-1.0000,-1.0000,-1.0000,-1.0000,-1.0000,-1.0000,-1.0000,-1.0000,-1.0000,-1.0000,-1.0000,-1.0000,-1.0000,-1.0000,-1.0000,-1.0000,-1.0000,-1.0000,-1.0000,-1.0000,-1.0000,-1.0000,-1.0000,-1.0000,-1.0000,-1.0000,-1.0000,-1.0000,-1.0000,-1.0000,-1.0000,-1.0000,-1.0000,-1.0000,-1.0000,-1.0000,-1.0000,-1.0000,-1.0000,-1.0000,-1.0000,-1.0000,-1.0000,-1.0000,-1.0000,-1.0000,-1.0000,-1.0000,-1.0000,-1.0000,-1.0000,-1.0000,-1.0000,-1.0000,-1.0000,-1.0000,-1.0000,-1.0000,-1.0000,-1.0000,-1.0000,1.4086,1.3838,1.4484,1.4103,1.4295,1.3459,1.2092,1.2412,1.2292,1.3019,1.1600,1.3842,1.2535,1.2736,1.2906,1.3360,1.1843,1.0419,1.0935,1.0632,1.0504,1.0934,1.0976,1.0239,1.1071,1.0281,1.0391,1.0120,1.0647,1.1053,1.0286,0.9897,0.9616,0.9800,0.9794,0.9822,0.9918,1.0122,0.9912,0.9727,1.4536,1.4691,1.4739,1.4652,1.4227,1.4646,1.5099,1.4037,1.4346,1.4883,1.4771,1.4590,1.4032,1.4715,1.4803,1.4501,1.4717,1.4662,1.4339,1.4818,1.4078,1.4258,1.4521,0,0.9616,-1.2936,-4.3513,2.2937
19,0.0380,0.5745,1.1506,1.0759,-1.2936,-4.3513,1.9406,0.1161,0.1901,0.0000,1.0273,1.0000,0.0002,0.0006,0.0000,-0.0000,-0.0013,-0.0005,-0.0002,0.0003,0.0008,0.0001,-0.0012,-0.0004,-0.0001,0.0004,-0.0010,-0.0000,0.0039,-0.0002,-0.0002,0.0085,0.0001,0.0007,-0.0000,0.0038,0.0004,0.0001,0.0083,0.0001,0.0003,0.0000,0.0047,0.0003,-0.0137,0.0076,0.0625,0.0010,-0.0015,-0.0648,-0.0178,-0.0107,0.0234,0.1635,0.0019,-0.0543,-0.0042,-0.0180,-0.0643,-0.1166,0.0005,0.1999,-0.0118,-0.0068,0.3775,0.0033,0.0308,-0.0002,0.2000,0.0156,0.0076,0.3767,0.0033,0.0191,0.0002,-1.0000,-1.0000,-1.0000,-1.0000,-1.0000,-1.0000,-1.0000,-1.0000,-1.0000,-1.0000,-1.0000,-1.0000,-1.0000,-1.0000,-1.0000,-1.0000,-1.0000,-1.0000,-1.0000,-1.0000,-1.0000,-1.0000,-1.0000,-1.0000,-1.0000,-1.0000,-1.0000,-1.0000,-1.0000,-1.0000,-1.0000,-1.0000,-1.0000,-1.0000,-1.0000,-1.0000,-1.0000,-1.0000,-1.0000,-1.0000,-1.0000,-1.0000,-1.0000,-1.0000,-1.0000,-1.0000,-1.0000,-1.0000,-1.0000,-1.0000,-1.0000,-1.0000,-1.0000,-1.0000,-1.0000,-1.0000,-1.0000,-1.0000,-1.0000,-1.0000,-1.0000,-1.0000,-1.0000,-1.0000,-1.0000,-1.0000,-1.0000,-1.0000,-1.0000,-1.0000,-1.0000,-1.0000,-1.0000,-1.0000,-1.0000,-1.0000,-1.0000,-1.0000,-1.0000,-1.0000,-1.0000,-1.0000,-1.0000,-1.0000,-1.0000,-1.0000,-1.0000,-1.0000,-1.0000,-1.0000,-1.0000,-1.0000,-1.0000,-1.0000,-1.0000,-1.0000,-1.0000,-1.0000,-1.0000,-1.0000,-1.0000,-1.0000,-1.0000,-1.0000,-1.0000,-1.0000,-1.0000,-1.0000,-1.0000,-1.0000,-1.0000,-1.0000,-1.0000,-1.0000,-1.0000,-1.0000,-1.0000,-1.0000,-1.0000,-1.0000,-1.0000,1.3988,1.3740,1.4386,1.4005,1.4197,1.3361,1.1997,1.2316,1.2193,1.2922,1.1504,1.3744,1.2437,1.2638,1.2811,1.3262,1.1745,1.0321,1.0836,1.0534,1.0406,1.0835,1.0880,1.0142,1.0973,1.0185,1.0296,1.0025,1.0552,1.0957,1.0192,0.9806,0.9523,0.9707,0.9703,0.9728,0.9826,1.0028,0.9822,0.9636,1.4440,1.4593,1.4642,1.4555,1.4130,1.4549,1.5003,1.3941,1.4251,1.4787,1.4676,1.4495,1.3936,1.4622,1.4711,1.4409,1.4624,1.4571,1.4247,1.4725,1.3985,1.4168,1.4430,0,0.9523,-1.2936,-4.3513,2.2937
20,0.0400,0.5719,1.1419,1.0797,-1.2936,-4.3513,1.9209,0.1161,0.1901,0.0000,1.0273,1.0000,0.0002,0.0007,0.0000,-0.0000,-0.0014,-0.0005,-0.0002,0.0003,0.0008,0.0001,-0.0014,-0.0004,-0.0002,0.0002,-0.0014,-0.0000,0.0043,-0.0002,-0.0002,0.0092,0.0001,0.0007,-0.0000,0.0042,0.0004,0.0001,0.0090,0.0001,0.0004,0.0000,0.0050,0.0001,-0.0139,-0.0028,0.0658,0.0012,-0.0009,-0.0668,0.0034,-0.0126,0.0136,-0.0141,0.0017,-0.0545,0.0108,-0.0215,-0.0866,-0.1632,0.0017,0.2079,-0.0167,-0.0058,0.3811,0.0035,0.0307,-0.0003,0.2113,0.0117,0.0090,0.3876,0.0036,0.0205,0.0002,-1.0000,-1.0000,-1.0000,-1.0000,-1.0000,-1.0000,-1.0000,-1.0000,-1.0000,-1.0000,-1.0000,-1.0000,-1.0000,-1.0000,-1.0000,-1.0000,-1.0000,-1.0000,-1.0000,-1.0000,-1.0000,-1.0000,-1.0000,-1.0000,-1.0000,-1.0000,-1.0000,-1.0000,-1.0000,-1.0000,-1.0000,-1.0000,-1.0000,-1.0000,-1.0000,-1.0000,-1.0000,-1.0000,-1.0000,-1.0000,-1.0000,-1.0000,-1.0000,-1.0000,-1.0000,-1.0000,-1.0000,-1.0000,-1.0000,-1.0000,-1.0000,-1.0000,-1.0000,-1.0000,-1.0000,-1.0000,-1.0000,-1.0000,-1.0000,-1.0000,-1.0000,-1.0000,-1.0000,-1.0000,-1.0000,-1.0000,-1.0000,-1.0000,-1.0000,-1.0000,-1.0000,-1.0000,-1.0000,-1.0000,-1.0000,-1.0000,-1.0000,-1.0000,-1.0000,-1.0000,-1.0000,-1.0000,-1.0000,-1.0000,-1.0000,-1.0000,-1.0000,-1.0000,-1.0000,-1.0000,-1.0000,-1.0000,-1.0000,-1.0000,-1.0000,-1.0000,-1.0000,-1.0000,-1.0000,-1.0000,-1.0000,-1.0000,-1.0000,-1.0000,-1.0000,-1.0000,-1.0000,-1.0000,-1.0000,-1.0000,-1.0000,-1.0000,-1.0000,-1.0000,-1.0000,-1.0000,-1.0000,-1.0000,-1.0000,-1.0000,-1.0000,1.3890,1.3642,1.4288,1.3907,1.4098,1.3263,1.1903,1.2220,1.2095,1.2825,1.1409,1.3645,1.2340,1.2541,1.2716,1.3164,1.1648,1.0223,1.0737,1.0435,1.0307,1.0737,1.0783,1.0045,1.0876,1.0090,1.0200,0.9930,1.0458,1.0861,1.0099,0.9715,0.9430,0.9614,0.9613,0.9634,0.9734,0.9934,0.9731,0.9545,1.4344,1.4495,1.4544,1.4458,1.4033,1.4453,1.4907,1.3844,1.4157,1.4692,1.4582,1.4401,1.3840,1.4528,1.4620,1.4317,1.4532,1.4480,1.4154,1.4633,1.3892,1.4077,1.4339,0,0.9430,-1.2936,-4.3513,2.2937
20,0.0400,0.5719,1.1419,1.0797,-1.2936,-4.3513,1.9209,0.1161,0.1901,0.0000,1.0273,1.0000,0.0002,0.0007,0.0000,-0.0000,-0.0014,-0.0005,-0.0002,0.0003,0.0008,0.0001,-0.0014,-0.0004,-0.0002,0.0002,-0.0014,-0.0000,0.0043,-0.0002,-0.0002,0.0092,0.0001,0.0007,-0.0000,0.0042,0.0004,0.0001,0.0090,0.0001,0.0004,0.0000,0.0050,0.0001,-0.0139,-0.0028,0.0658,0.0012,-0.0009,-0.0668,0.0034,-0.0126,0.0136,-0.0141,0.0017,-0.0545,0.0108,-0.0215,-0.0866,-0.1632,0.0017,0.2079,-0.0167,-0.0058,0.3811,0.0035,0.0307,-0.0003,0.2113,0.0117,0.0090,0.3876,0.0036,0.0205,0.0002,-1.0000,-1.0000,-1.0000,-1.0000,-1.0000,-1.0000,-1.0000,-1.0000,-1.0000,-1.0000,-1.0000,-1.0000,-1.0000,-1.0000,-1.0000,-1.0000,-1.0000,-1.0000,-1.0000,-1.0000,-1.0000,-1.0000,-1.0000,-1.0000,-1.0000,-1.0000,-1.0000,-1.0000,-1.0000,-1.0000,-1.0000,-1.0000,-1.0000,-1.0000,-1.0000,-1.0000,-1.0000,-1.0000,-1.0000,-1.0000,-1.0000,-1.0000,-1.0000,-1.0000,-1.0000,-1.0000,-1.0000,-1.0000,-1.0000,-1.0000,-1.0000,-1.0000,-1.0000,-1.0000,-1.0000,-1.0000,-1.0000,-1.0000,-1.0000,-1.0000,-1.0000,-1.0000,-1.0000,-1.0000,-1.0000,-1.0000,-1.0000,-1.0000,-1.0000,-1.0000,-1.0000,-1.0000,-1.0000,-1.0000,-1.0000,-1.0000,-1.0000,-1.0000,-1.0000,-1.0000,-1.0000,-1.0000,-1.0000,-1.0000,-1.0000,-1.0000,-1.0000,-1.0000,-1.0000,-1.0000,-1.0000,-1.0000,-1.0000,-1.0000,-1.0000,-1.0000,-1.0000,-1.0000,-1.0000,-1.0000,-1.0000,-1.0000,-1.0000,-1.0000,-1.0000,-1.0000,-1.0000,-1.0000,-1.0000,-1.0000,-1.0000,-1.0000,-1.0000,-1.0000,-1.0000,-1.0000,-1.0000,-1.0000,-1.0000,-1.0000,-1.0000,1.3890,1.3642,1.4288,1.3907,1.4098,1.3263,1.1903,1.2220,1.2095,1.2825,1.1409,1.3645,1.2340,1.2541,1.2716,1.3164,1.1648,1.0223,1.0737,1.0435,1.0307,1.0737,1.0783,1.0045,1.0876,1.0090,1.0200,0.9930,1.0458,1.0861,1.0099,0.9715,0.9430,0.9614,0.9613,0.9634,0.9734,0.9934,0.9731,0.9545,1.4344,1.4495,1.4544,1.4458,1.4033,1.4453,1.4907,1.3844,1.4157,1.4692,1.4582,1.4401,1.3840,1.4528,1.4620,1.4317,1.4532,1.4480,1.4154,1.4633,1.3892,1.4077,1.4339,0,0.9430,-1.2936,-4.3513,2.2937
21,0.0420,0.5693,1.1332,1.0835,-1.2936,-4.3513,1.9013,0.1161,0.1901,0.0000,1.0272,1.0000,0.0002,0.0007,0.0000,-0.0000,-0.0015,-0.0004,-0.0002,0.0003,0.0004,0.0001,-0.0015,-0.0003,-0.0002,0.0001,-0.0016,-0.0000,0.0047,-0.0003,-0.0002,0.0100,0.0001,0.0008,-0.0000,0.0047,0.0004,0.0002,0.0098,0.0001,0.0004,0.0000,0.0053,-0.0006,-0.0131,-0.0183,0.0692,0.0015,-0.0006,-0.0690,0.0305,-0.0145,0.0065,-0.1733,0.0011,-0.0606,0.0268,-0.0207,-0.0574,-0.0960,0.0033,0.2155,-0.0230,-0.0042,0.3837,0.0038,0.0307,-0.0003,0.2238,0.0064,0.0109,0.4008,0.0039,0.0220,0.0002,-1.0000,-1.0000,-1.0000,-1.0000,-1.0000,-1.0000,-1.0000,-1.0000,-1.0000,-1.0000,-1.0000,-1.0000,-1.0000,-1.0000,-1.0000,-1.0000,-1.0000,-1.0000,-1.0000,-1.0000,-1.0000,-1.0000,-1.0000,-1.0000,-1.0000,-1.0000,-1.0000,-1.0000,-1.0000,-1.0000,-1.0000,-1.0000,-1.0000,-1.0000,-1.0000,-1.0000,-1.0000,-1.0000,-1.0000,-1.0000,-1.0000,-1.0000,-1.0000,-1.0000,-1.0000,-1.0000,-1.0000,-1.0000,-1.0000,-1.0000,-1.0000,-1.0000,-1.0000,-1.0000,-1.0000,-1.0000,-1.0000,-1.0000,-1.0000,-1.0000,-1.0000,-1.0000,-1.0000,-1.0000,-1.0000,-1.0000,-1.0000,-1.0000,-1.0000,-1.0000,-1.0000,-1.0000,-1.0000,-1.0000,-1.0000,-1.0000,-1.0000,-1.0000,-1.0000,-1.0000,-1.0000,-1.0000,-1.0000,-1.0000,-1.0000,-1.0000,-1.0000,-1.0000,-1.0000,-1.0000,-1.0000,-1.0000,-1.0000,-1.0000,-1.0000,-1.0000,-1.0000,-1.0000,-1.0000,-1.0000,-1.0000,-1.0000,-1.0000,-1.0000,-1.0000,-1.0000,-1.0000,-1.0000,-1.0000,-1.0000,-1.0000,-1.0000,-1.0000,-1.0000,-1.0000,-1.0000,-1.0000,-1.0000,-1.0000,-1.0000,-1.0000,1.3792,1.3544,1.4189,1.3809,1.4000,1.3165,1.1809,1.2124,1.1997,1.2729,1.1314,1.3546,1.2243,1.2443,1.2621,1.3066,1.1551,1.0125,1.0638,1.0336,1.0209,1.0639,1.0687,0.9948,1.0778,0.9995,1.0105,0.9834,1.0364,1.0765,1.0005,0.9625,0.9338,0.9522,0.9522,0.9540,0.9642,0.9841,0.9641,0.9454,1.4247,1.4397,1.4447,1.4362,1.3936,1.4357,1.4811,1.3748,1.4063,1.4597,1.4487,1.4306,1.3745,1.4435,1.4528,1.4226,1.4440,1.4389,1.4062,1.4541,1.3800,1.3987,1.4248,0,0.9338,-1.2936,-4.3513,2.2937
21,0.0420,0.5693,1.1332,1.0835,-1.2936,-4.3513,1.9013,0.1161,0.1901,0.0000,1.0272,1.0000,0.0002,0.0007,0.0000,-0.0000,-0.0015,-0.0004,-0.0002,0.0003,0.0004,0.0001,-0.0015,-0.0003,-0.0002,0.0001,-0.0016,-0.0000,0.0047,-0.0003,-0.0002,0.0100,0.0001,0.0008,-0.0000,0.0047,0.0004,0.0002,0.0098,0.0001,0.0004,0.0000,0.0053,-0.0006,-0.0131,-0.0183,0.0692,0.0015,-0.0006,-0.0690,0.0305,-0.0145,0.0065,-0.1733,0.0011,-0.0606,0.0268,-0.0207,-0.0574,-0.0960,0.0033,0.2155,-0.0230,-0.0042,0.3837,0.0038,0.0307,-0.0003,0.2238,0.0064,0.0109,0.4008,0.0039,0.0220,0.0002,-1.0000,-1.0000,-1.0000,-1.0000,-1.0000,-1.0000,-1.0000,-1.0000,-1.0000,-1.0000,-1.0000,-1.0000,-1.0000,-1.0000,-1.0000,-1.0000,-1.0000,-1.0000,-1.0000,-1.0000,-1.0000,-1.0000,-1.0000,-1.0000,-1.0000,-1.0000,-1.0000,-1.0000,-1.0000,-1.0000,-1.0000,-1.0000,-1.0000,-1.0000,-1.0000,-1.0000,-1.0000,-1.0000,-1.0000,-1.0000,-1.0000,-1.0000,-1.0000,-1.0000,-1.0000,-1.0000,-1.0000,-1.0000,-1.0000,-1.0000,-1.0000,-1.0000,-1.0000,-1.0000,-1.0000,-1.0000,-1.0000,-1.0000,-1.0000,-1.0000,-1.0000,-1.0000,-1.0000,-1.0000,-1.0000,-1.0000,-1.0000,-1.0000,-1.0000,-1.0000,-1.0000,-1.0000,-1.0000,-1.0000,-1.0000,-1.0000,-1.0000,-1.0000,-1.0000,-1.0000,-1.0000,-1.0000,-1.0000,-1.0000,-1.0000,-1.0000,-1.0000,-1.0000,-1.0000,-1.0000,-1.0000,-1.0000,-1.0000,-1.0000,-1.0000,-1.0000,-1.0000,-1.0000,-1.0000,-1.0000,-1.0000,-1.0000,-1.0000,-1.0000,-1.0000,-1.0000,-1.0000,-1.0000,-1.0000,-1.0000,-1.0000,-1.0000,-1.0000,-1.0000,-1.0000,-1.0000,-1.0000,-1.0000,-1.0000,-1.0000,-1.0000,1.3792,1.3544,1.4189,1.3809,1.4000,1.3165,1.1809,1.2124,1.1997,1.2729,1.1314,1.3546,1.2243,1.2443,1.2621,1.3066,1.1551,1.0125,1.0638,1.0336,1.0209,1.0639,1.0687,0.9948,1.0778,0.9995,1.0105,0.9834,1.0364,1.0765,1.0005,0.9625,0.9338,0.9522,0.9522,0.9540,0.9642,0.9841,0.9641,0.9454,1.4247,1.4397,1.4447,1.4362,1.3936,1.4357,1.4811,1.3748,1.4063,1.4597,1.4487,1.4306,1.3745,1.4435,1.4528,1.4226,1.4440,1.4389,1.4062,1.4541,1.3800,1.3987,1.4248,0,0.9338,-1.2936,-4.3513,2.2937
22,0.0440,0.5667,1.1245,1.0873,-1.2936,-4.3513,1.8817,0.1161,0.1901,0.0000,1.0272,1.0000,0.0001,0.0008,0.0000,-0.0000,-0.0017,-0.0003,-0.0002,0.0003,-0.0002,0.0001,-0.0016,-0.0003,-0.0003,0.0000,-0.0016,-0.0000,0.0051,-0.0003,-0.0002,0.0108,0.0001,0.0009,-0.0000,0.0051,0.0004,0.0002,0.0107,0.0001,0.0005,0.0000,0.0055,-0.0011,-0.0126,-0.0330,0.0724,0.0018,-0.0004,-0.0712,0.0559,-0.0163,0.0013,-0.3216,0.0005,-0.0660,0.0422,-0.0203,-0.0327,-0.0393,0.0048,0.2229,-0.0288,-0.0028,0.3849,0.0041,0.0306,-0.0003,0.2357,0.0015,0.0125,0.4117,0.0042,0.0235,0.0003,-1.0000,-1.0000,-1.0000,-1.0000,-1.0000,-1.0000,-1.0000,-1.0000,-1.0000,-1.0000,-1.0000,-1.0000,-1.0000,-1.0000,-1.0000,-1.0000,-1.0000,-1.0000,-1.0000,-1.0000,-1.0000,-1.0000,-1.0000,-1.0000,-1.0000,-1.0000,-1.0000,-1.0000,-1.0000,-1.0000,-1.0000,-1.0000,-1.0000,-1.0000,-1.0000,-1.0000,-1.0000,-1.0000,-1.0000,-1.0000,-1.0000,-1.0000,-1.0000,-1.0000,-1.0000,-1.0000,-1.0000,-1.0000,-1.0000,-1.0000,-1.0000,-1.0000,-1.0000,-1.0000,-1.0000,-1.0000,-1.0000,-1.0000,-1.0000,-1.0000,-1.0000,-1.0000,-1.0000,-1.0000,-1.0000,-1.0000,-1.0000,-1.0000,-1.0000,-1.0000,-1.0000,-1.0000,-1.0000,-1.0000,-1.0000,-1.0000,-1.0000,-1.0000,-1.0000,-1.0000,-1.0000,-1.0000,-1.0000,-1.0000,-1.0000,-1.0000,-1.0000,-1.0000,-1.0000,-1.0000,-1.0000,-1.0000,-1.0000,-1.0000,-1.0000,-1.0000,-1.0000,-1.0000,-1.0000,-1.0000,-1.0000,-1.0000,-1.0000,-1.0000,-1.0000,-1.0000,-1.0000,-1.0000,-1.0000,-1.0000,-1.0000,-1.0000,-1.0000,-1.0000,-1.0000,-1.0000,-1.0000,-1.0000,-1.0000,-1.0000,-1.0000,1.3694,1.3446,1.4091,1.3711,1.3902,1.3067,1.1715,1.2029,1.1898,1.2632,1.1219,1.3448,1.2145,1.2346,1.2526,1.2969,1.1454,1.0028,1.0540,1.0237,1.0111,1.0541,1.0591,0.9852,1.0681,0.9900,1.0009,0.9739,1.0269,1.0669,0.9912,0.9534,0.9246,0.9429,0.9432,0.9447,0.9550,0.9747,0.9551,0.9363,1.4151,1.4300,1.4349,1.4265,1.3839,1.4260,1.4715,1.3651,1.3969,1.4502,1.4393,1.4212,1.3649,1.4341,1.4437,1.4134,1.4347,1.4298,1.3970,1.4449,1.3707,1.3897,1.4158,0,0.9246,-1.2936,-4.3513,2.2937
23,0.0460,0.5641,1.1158,1.0910,-1.2936,-4.3513,1.8621,0.1161,0.1901,0.0000,1.0272,1.0000,0.0001,0.0009,0.0000,-0.0000,-0.0018,-0.0003,-0.0003,0.0003,-0.0004,0.0001,-0.0018,-0.0002,-0.0003,0.0003,-0.0017,-0.0000,0.0056,-0.0004,-0.0002,0.0115,0.0001,0.0009,-0.0000,0.0056,0.0004,0.0002,0.0115,0.0001,0.0005,0.0000,0.0058,-0.0007,-0.0178,-0.0183,0.0739,0.0020,-0.0012,-0.0711,0.0258,-0.0185,-0.0039,-0.0710,0.0014,-0.0867,0.0236,-0.0071,0.1414,-0.0239,0.0028,0.2314,-0.0227,-0.0048,0.3865,0.0041,0.0306,-0.0003,0.2395,0.0079,0.0105,0.4022,0.0042,0.0241,0.0003,-1.0000,-1.0000,-1.0000,-1.0000,-1.0000,-1.0000,-1.0000,-1.0000,-1.0000,-1.0000,-1.0000,-1.0000,-1.0000,-1.0000,-1.0000,-1.0000,-1.0000,-1.0000,-1.0000,-1.0000,-1.0000,-1.0000,-1.0000,-1.0000,-1.0000,-1.0000,-1.0000,-1.0000,-1.0000,-1.0000,-1.0000,-1.0000,-1.0000,-1.0000,-1.0000,-1.0000,-1.0000,-1.0000,-1.0000,-1.0000,-1.0000,-1.0000,-1.0000,-1.0000,-1.0000,-1.0000,-1.0000,-1.0000,-1.0000,-1.0000,-1.0000,-1.0000,-1.0000,-1.0000,-1.0000,-1.0000,-1.0000,-1.0000,-1.0000,-1.0000,-1.0000,-1.0000,-1.0000,-1.0000,-1.0000,-1.0000,-1.0000,-1.0000,-1.0000,-1.0000,-1.0000,-1.0000,-1.0000,-1.0000,-1.0000,-1.0000,-1.0000,-1.0000,-1.0000,-1.0000,-1.0000,-1.0000,-1.0000,-1.0000,-1.0000,-1.0000,-1.0000,-1.0000,-1.0000,-1.0000,-1.0000,-1.0000,-1.0000,-1.0000,-1.0000,-1.0000,-1.0000,-1.0000,-1.0000,-1.0000,-1.0000,-1.0000,-1.0000,-1.0000,-1.0000,-1.0000,-1.0000,-1.0000,-1.0000,-1.0000,-1.0000,-1.0000,-1.0000,-1.0000,-1.0000,-1.0000,-1.0000,-1.0000,-1.0000,-1.0000,-1.0000,1.3596,1.3348,1.3993,1.3613,1.3804,1.2969,1.1620,1.1933,1.1800,1.2535,1.1125,1.3349,1.2048,1.2249,1.2431,1.2871,1.1357,0.9930,1.0441,1.0139,1.0013,1.0443,1.0494,0.9755,1.0584,0.9805,0.9914,0.9644,1.0175,1.0573,0.9819,0.9444,0.9154,0.9337,0.9342,0.9354,0.9459,0.9654,0.9461,0.9273,1.4055,1.4202,1.4252,1.4168,1.3742,1.4164,1.4619,1.3555,1.3875,1.4407,1.4299,1.4118,1.3554,1.4248,1.4346,1.4043,1.4255,1.4208,1.3877,1.4357,1.3615,1.3807,1.4067,0,0.9154,-1.2936,-4.3513,2.2937
23,0.0460,0.5641,1.1158,1.0910,-1.2936,-4.3513,1.8621,0.1161,0.1901,0.0000,1.0272,1.0000,0.0001,0.0009,0.0000,-0.0000,-0.0018,-0.0003,-0.0003,0.0003,-0.0004,0.0001,-0.0018,-0.0002,-0.0003,0.0003,-0.0017,-0.0000,0.0056,-0.0004,-0.0002,0.0115,0.0001,0.0009,-0.0000,0.0056,0.0004,0.0002,0.0115,0.0001,0.0005,0.0000,0.0058,-0.0007,-0.0178,-0.0183,0.0739,0.0020,-0.0012,-0.0711,0.0258,-0.0185,-0.0039,-0.0710,0.0014,-0.0867,0.0236,-0.0071,0.1414,-0.0239,0.0028,0.2314,-0.0227,-0.0048,0.3865,0.0041,0.0306,-0.0003,0.2395,0.0079,0.0105,0.4022,0.0042,0.0241,0.0003,-1.0000,-1.0000,-1.0000,-1.0000,-1.0000,-1.0000,-1.0000,-1.0000,-1.0000,-1.0000,-1.0000,-1.0000,-1.0000,-1.0000,-1.0000,-1.0000,-1.0000,-1.0000,-1.0000,-1.0000,-1.0000,-1.0000,-1.0000,-1.0000,-1.0000,-1.0000,-1.0000,-1.0000,-1.0000,-1.0000,-1.0000,-1.0000,-1.0000,-1.0000,-1.0000,-1.0000,-1.0000,-1.0000,-1.0000,-1.0000,-1.0000,-1.0000,-1.0000,-1.0000,-1.0000,-1.0000,-1.0000,-1.0000,-1.0000,-1.0000,-1.0000,-1.0000,-1.0000,-1.0000,-1.0000,-1.0000,-1.0000,-1.0000,-1.0000,-1.0000,-1.0000,-1.0000,-1.0000,-1.0000,-1.0000,-1.0000,-1.0000,-1.0000,-1.0000,-1.0000,-1.0000,-1.0000,-1.0000,-1.0000,-1.0000,-1.0000,-1.0000,-1.0000,-1.0000,-1.0000,-1.0000,-1.0000,-1.0000,-1.0000,-1.0000,-1.0000,-1.0000,-1.0000,-1.0000,-1.0000,-1.0000,-1.0000,-1.0000,-1.0000,-1.0000,-1.0000,-1.0000,-1.0000,-1.0000,-1.0000,-1.0000,-1.0000,-1.0000,-1.0000,-1.0000,-1.0000,-1.0000,-1.0000,-1.0000,-1.0000,-1.0000,-1.0000,-1.0000,-1.0000,-1.0000,-1.0000,-1.0000,-1.0000,-1.0000,-1.0000,-1.0000,1.3596,1.3348,1.3993,1.3613,1.3804,1.2969,1.1620,1.1933,1.1800,1.2535,1.1125,1.3349,1.2048,1.2249,1.2431,1.2871,1.1357,0.9930,1.0441,1.0139,1.0013,1.0443,1.0494,0.9755,1.0584,0.9805,0.9914,0.9644,1.0175,1.0573,0.9819,0.9444,0.9154,0.9337,0.9342,0.9354,0.9459,0.9654,0.9461,0.9273,1.4055,1.4202,1.4252,1.4168,1.3742,1.4164,1.4619,1.3555,1.3875,1.4407,1.4299,1.4118,1.3554,1.4248,1.4346,1.4043,1.4255,1.4208,1.3877,1.4357,1.3615,1.3807,1.4067,0,0.9154,-1.2936,-4.3513,2.2937
24,0.0480,0.5615,1.1071,1.0947,-1.2936,-4.3513,1.8425,0.1161,0.1901,0.0000,1.0271,1.0000,0.0001,0.0009,0.0000,-0.0000,-0.0020,-0.0002,-0.0003,0.0004,-0.0004,0.0001,-0.0020,-0.0002,-0.0003,0.0006,-0.0016,-0.0000,0.0061,-0.0004,-0.0002,0.0123,0.0001,0.0010,-0.0000,0.0061,0.0005,0.0002,0.0123,0.0001,0.0006,0.0000,0.0061,-0.0007,-0.0130,-0.0164,0.0777,0.0021,-0.0016,-0.0760,0.0212,-0.0190,0.0103,-0.0200,0.0010,-0.0886,0.0191,-0.0094,0.1264,0.0236,0.0025,0.2432,-0.0221,-0.0054,0.3985,0.0043,0.0310,-0.0003,0.2507,0.0097,0.0103,0.4125,0.0044,0.0255,0.0003,-1.0000,-1.0000,-1.0000,-1.0000,-1.0000,-1.0000,-1.0000,-1.0000,-1.0000,-1.0000,-1.0000,-1.0000,-1.0000,-1.0000,-1.0000,-1.0000,-1.0000,-1.0000,-1.0000,-1.0000,-1.0000,-1.0000,-1.0000,-1.0000,-1.0000,-1.0000,-1.0000,-1.0000,-1.0000,-1.0000,-1.0000,-1.0000,-1.0000,-1.0000,-1.0000,-1.0000,-1.0000,-1.0000,-1.0000,-1.0000,-1.0000,-1.0000,-1.0000,-1.0000,-1.0000,-1.0000,-1.0000,-1.0000,-1.0000,-1.0000,-1.0000,-1.0000,-1.0000,-1.0000,-1.0000,-1.0000,-1.0000,-1.0000,-1.0000,-1.0000,-1.0000,-1.0000,-1.0000,-1.0000,-1.0000,-1.0000,-1.0000,-1.0000,-1.0000,-1.0000,-1.0000,-1.0000,-1.0000,-1.0000,-1.0000,-1.0000,-1.0000,-1.0000,-1.0000,-1.0000,-1.0000,-1.0000,-1.0000,-1.0000,-1.0000,-1.0000,-1.0000,-1.0000,-1.0000,-1.0000,-1.0000,-1.0000,-1.0000,-1.0000,-1.0000,-1.0000,-1.0000,-1.0000,-1.0000,-1.0000,-1.0000,-1.0000,-1.0000,-1.0000,-1.0000,-1.0000,-1.0000,-1.0000,-1.0000,-1.0000,-1.0000,-1.0000,-1.0000,-1.0000,-1.0000,-1.0000,-1.0000,-1.0000,-1.0000,-1.0000,-1.0000,1.3498,1.3250,1.3895,1.3515,1.3706,1.2871,1.1526,1.1838,1.1702,1.2439,1.1030,1.3251,1.1951,1.2152,1.2336,1.2773,1.1261,0.9833,1.0342,1.0040,0.9915,1.0345,1.0398,0.9658,1.0487,0.9710,0.9819,0.9550,1.0082,1.0477,0.9726,0.9354,0.9062,0.9244,0.9252,0.9261,0.9367,0.9560,0.9372,0.9183,1.3959,1.4104,1.4155,1.4071,1.3645,1.4068,1.4523,1.3458,1.3781,1.4312,1.4204,1.4024,1.3459,1.4155,1.4256,1.3952,1.4163,1.4117,1.3785,1.4265,1.3522,1.3717,1.3977,0,0.9062,-1.2936,-4.3513,2.2937
24,0.0480,0.5615,1.1071,1.0947,-1.2936,-4.3513,1.8425,0.1161,0.1901,0.0000,1.0271,1.0000,0.0001,0.0009,0.0000,-0.0000,-0.0020,-0.0002,-0.0003,0.0004,-0.0004,0.0001,-0.0020,-0.0002,-0.0003,0.0006,-0.0016,-0.0000,0.0061,-0.0004,-0.0002,0.0123,0.0001,0.0010,-0.0000,0.0061,0.0005,0.0002,0.0123,0.0001,0.0006,0.0000,0.0061,-0.0007,-0.0130,-0.0164,0.0777,0.0021,-0.0016,-0.0760,0.0212,-0.0190,0.0103,-0.0200,0.0010,-0.0886,0.0191,-0.0094,0.1264,0.0236,0.0025,0.2432,-0.0221,-0.0054,0.3985,0.0043,0.0310,-0.0003,0.2507,0.0097,0.0103,0.4125,0.0044,0.0255,0.0003,-1.0000,-1.0000,-1.0000,-1.0000,-1.0000,-1.0000,-1.0000,-1.0000,-1.0000,-1.0000,-1.0000,-1.0000,-1.0000,-1.0000,-1.0000,-1.0000,-1.0000,-1.0000,-1.0000,-1.0000,-1.0000,-1.0000,-1.0000,-1.0000,-1.0000,-1.0000,-1.0000,-1.0000,-1.0000,-1.0000,-1.0000,-1.0000,-1.0000,-1.0000,-1.0000,-1.0000,-1.0000,-1.0000,-1.0000,-1.0000,-1.0000,-1.0000,-1.0000,-1.0000,-1.0000,-1.0000,-1.0000,-1.0000,-1.0000,-1.0000,-1.0000,-1.0000,-1.0000,-1.0000,-1.0000,-1.0000,-1.0000,-1.0000,-1.0000,-1.0000,-1.0000,-1.0000,-1.0000,-1.0000,-1.0000,-1.0000,-1.0000,-1.0000,-1.0000,-1.0000,-1.0000,-1.0000,-1.0000,-1.0000,-1.0000,-1.0000,-1.0000,-1.0000,-1.0000,-1.0000,-1.0000,-1.0000,-1.0000,-1.0000,-1.0000,-1.0000,-1.0000,-1.0000,-1.0000,-1.0000,-1.0000,-1.0000,-1.0000,-1.0000,-1.0000,-1.0000,-1.0000,-1.0000,-1.0000,-1.0000,-1.0000,-1.0000,-1.0000,-1.0000,-1.0000,-1.0000,-1.0000,-1.0000,-1.0000,-1.0000,-1.0000,-1.0000,-1.0000,-1.0000,-1.0000,-1.0000,-1.0000,-1.0000,-1.0000,-1.0000,-1.0000,1.3498,1.3250,1.3895,1.3515,1.3706,1.2871,1.1526,1.1838,1.1702,1.2439,1.1030,1.3251,1.1951,1.2152,1.2336,1.2773,1.1261,0.9833,1.0342,1.0040,0.9915,1.0345,1.0398,0.9658,1.0487,0.9710,0.9819,0.9550,1.0082,1.0477,0.9726,0.9354,0.9062,0.9244,0.9252,0.9261,0.9367,0.9560,0.9372,0.9183,1.3959,1.4104,1.4155,1.4071,1.3645,1.4068,1.4523,1.3458,1.3781,1.4312,1.4204,1.4024,1.3459,1.4155,1.4256,1.3952,1.4163,1.4117,1.3785,1.4265,1.3522,1.3717,1.3977,0,0.9062,-1.2936,-4.3513,2.2937
25,0.0500,0.5590,1.0984,1.0983,-1.2936,-4.3513,1.8228,0.1161,0.1902,0.0000,1.0271,1.0000,0.0001,0.0010,0.0000,-0.0000,-0.0021,-0.0002,-0.0004,0.0004,-0.0004,0.0001,-0.0021,-0.0001,-0.0003,0.0007,-0.0017,0.0000,0.0066,-0.0004,-0.0003,0.0132,0.0001,0.0011,-0.0000,0.0066,0.0005,0.0002,0.0131,0.0001,0.0006,0.0000,0.0064,-0.0004,-0.0098,-0.0107,0.0814,0.0021,-0.0019,-0.0806,0.0119,-0.0196,0.0223,0.0241,0.0010,-0.0867,0.0138,-0.0146,0.0797,-0.0155,0.0019,0.2545,-0.0204,-0.0064,0.4080,0.0045,0.0313,-0.0003,0.2602,0.0123,0.0095,0.4176,0.0046,0.0268,0.0003,-1.0000,-1.0000,-1.0000,-1.0000,-1.0000,-1.0000,-1.0000,-1.0000,-1.0000,-1.0000,-1.0000,-1.0000,-1.0000,-1.0000,-1.0000,-1.0000,-1.0000,-1.0000,-1.0000,-1.0000,-1.0000,-1.0000,-1.0000,-1.0000,-1.0000,-1.0000,-1.0000,-1.0000,-1.0000,-1.0000,-1.0000,-1.0000,-1.0000,-1.0000,-1.0000,-1.0000,-1.0000,-1.0000,-1.0000,-1.0000,-1.0000,-1.0000,-1.0000,-1.0000,-1.0000,-1.0000,-1.0000,-1.0000,-1.0000,-1.0000,-1.0000,-1.0000,-1.0000,-1.0000,-1.0000,-1.0000,-1.0000,-1.0000,-1.0000,-1.0000,-1.0000,-1.0000,-1.0000,-1.0000,-1.0000,-1.0000,-1.0000,-1.0000,-1.0000,-1.0000,-1.0000,-1.0000,-1.0000,-1.0000,-1.0000,-1.0000,-1.0000,-1.0000,-1.0000,-1.0000,-1.0000,-1.0000,-1.0000,-1.0000,-1.0000,-1.0000,-1.0000,-1.0000,-1.0000,-1.0000,-1.0000,-1.0000,-1.0000,-1.0000,-1.0000,-1.0000,-1.0000,-1.0000,-1.0000,-1.0000,-1.0000,-1.0000,-1.0000,-1.0000,-1.0000,-1.0000,-1.0000,-1.0000,-1.0000,-1.0000,-1.0000,-1.0000,-1.0000,-1.0000,-1.0000,-1.0000,-1.0000,-1.0000,-1.0000,-1.0000,-1.0000,1.3401,1.3152,1.3797,1.3418,1.3608,1.2774,1.1433,1.1742,1.1604,1.2343,1.0935,1.3153,1.1854,1.2055,1.2241,1.2675,1.1164,0.9735,1.0243,0.9942,0.9817,1.0248,1.0302,0.9562,1.0390,0.9615,0.9724,0.9455,0.9988,1.0382,0.9633,0.9264,0.8970,0.9152,0.9162,0.9168,0.9276,0.9467,0.9282,0.9093,1.3863,1.4006,1.4058,1.3975,1.3549,1.3972,1.4427,1.3362,1.3687,1.4218,1.4110,1.3930,1.3364,1.4062,1.4165,1.3861,1.4071,1.4027,1.3694,1.4174,1.3430,1.3628,1.3887,0,0.8970,-1.2936,-4.3513,2.2937
25,0.0500,0.5590,1.0984,1.0983,-1.2936,-4.3513,1.8228,0.1161,0.1902,0.0000,1.0271,1.0000,0.0001,0.0010,0.0000,-0.0000,-0.0021,-0.0002,-0.0004,0.0004,-0.0004,0.0001,-0.0021,-0.0001,-0.0003,0.0007,-0.0017,0.0000,0.0066,-0.0004,-0.0003,0.0132,0.0001,0.0011,-0.0000,0.0066,0.0005,0.0002,0.0131,0.0001,0.0006,0.0000,0.0064,-0.0004,-0.0098,-0.0107,0.0814,0.0021,-0.0019,-0.0806,0.0119,-0.0196,0.0223,0.0241,0.0010,-0.0867,0.0138,-0.0146,0.0797,-0.0155,0.0019,0.2545,-0.0204,-0.0064,0.4080,0.0045,0.0313,-0.0003,0.2602,0.0123,0.0095,0.4176,0.0046,0.0268,0.0003,-1.0000,-1.0000,-1.0000,-1.0000,-1.0000,-1.0000,-1.0000,-1.0000,-1.0000,-1.0000,-1.0000,-1.0000,-1.0000,-1.0000,-1.0000,-1.0000,-1.0000,-1.0000,-1.0000,-1.0000,-1.0000,-1.0000,-1.0000,-1.0000,-1.0000,-1.0000,-1.0000,-1.0000,-1.0000,-1.0000,-1.0000,-1.0000,-1.0000,-1.0000,-1.0000,-1.0000,-1.0000,-1.0000,-1.0000,-1.0000,-1.0000,-1.0000,-1.0000,-1.0000,-1.0000,-1.0000,-1.0000,-1.0000,-1.0000,-1.0000,-1.0000,-1.0000,-1.0000,-1.0000,-1.0000,-1.0000,-1.0000,-1.0000,-1.0000,-1.0000,-1.0000,-1.0000,-1.0000,-1.0000,-1.0000,-1.0000,-1.0000,-1.0000,-1.0000,-1.0000,-1.0000,-1.0000,-1.0000,-1.0000,-1.0000,-1.0000,-1.0000,-1.0000,-1.0000,-1.0000,-1.0000,-1.0000,-1.0000,-1.0000,-1.0000,-1.0000,-1.0000,-1.0000,-1.0000,-1.0000,-1.0000,-1.0000,-1.0000,-1.0000,-1.0000,-1.0000,-1.0000,-1.0000,-1.0000,-1.0000,-1.0000,-1.0000,-1.0000,-1.0000,-1.0000,-1.0000,-1.0000,-1.0000,-1.0000,-1.0000,-1.0000,-1.0000,-1.0000,-1.0000,-1.0000,-1.0000,-1.0000,-1.0000,-1.0000,-1.0000,-1.0000,1.3401,1.3152,1.3797,1.3418,1.3608,1.2774,1.1433,1.1742,1.1604,1.2343,1.0935,1.3153,1.1854,1.2055,1.2241,1.2675,1.1164,0.9735,1.0243,0.9942,0.9817,1.0248,1.0302,0.9562,1.0390,0.9615,0.9724,0.9455,0.9988,1.0382,0.9633,0.9264,0.8970,0.9152,0.9162,0.9168,0.9276,0.9467,0.9282,0.9093,1.3863,1.4006,1.4058,1.3975,1.3549,1.3972,1.4427,1.3362,1.3687,1.4218,1.4110,1.3930,1.3364,1.4062,1.4165,1.3861,1.4071,1.4027,1.3694,1.4174,1.3430,1.3628,1.3887,0,0.8970,-1.2936,-4.3513,2.2937
26,0.0520,0.5564,1.0897,1.1019,-1.2936,-4.3513,1.8032,0.1161,0.1902,0.0000,1.0271,1.0000,0.0001,0.0011,0.0000,-0.0000,-0.0023,-0.0002,-0.0004,0.0005,-0.0003,0.0001,-0.0023,-0.0001,-0.0004,0.0008,-0.0018,0.0000,0.0071,-0.0005,-0.0003,0.0140,0.0001,0.0011,-0.0000,0.0072,0.0005,0.0003,0.0140,0.0001,0.0007,0.0000,0.0067,-0.0002,-0.0072,-0.0057,0.0850,0.0020,-0.0021,-0.0848,0.0039,-0.0203,0.0322,0.0604,0.0010,-0.0853,0.0094,-0.0193,0.0395,-0.0534,0.0013,0.2651,-0.0189,-0.0072,0.4150,0.0047,0.0317,-0.0003,0.2692,0.0146,0.0089,0.4209,0.0048,0.0280,0.0003,-1.0000,-1.0000,-1.0000,-1.0000,-1.0000,-1.0000,-1.0000,-1.0000,-1.0000,-1.0000,-1.0000,-1.0000,-1.0000,-1.0000,-1.0000,-1.0000,-1.0000,-1.0000,-1.0000,-1.0000,-1.0000,-1.0000,-1.0000,-1.0000,-1.0000,-1.0000,-1.0000,-1.0000,-1.0000,-1.0000,-1.0000,-1.0000,-1.0000,-1.0000,-1.0000,-1.0000,-1.0000,-1.0000,-1.0000,-1.0000,-1.0000,-1.0000,-1.0000,-1.0000,-1.0000,-1.0000,-1.0000,-1.0000,-1.0000,-1.0000,-1.0000,-1.0000,-1.0000,-1.0000,-1.0000,-1.0000,-1.0000,-1.0000,-1.0000,-1.0000,-1.0000,-1.0000,-1.0000,-1.0000,-1.0000,-1.0000,-1.0000,-1.0000,-1.0000,-1.0000,-1.0000,-1.0000,-1.0000,-1.0000,-1.0000,-1.0000,-1.0000,-1.0000,-1.0000,-1.0000,-1.0000,-1.0000,-1.0000,-1.0000,-1.0000,-1.0000,-1.0000,-1.0000,-1.0000,-1.0000,-1.0000,-1.0000,-1.0000,-1.0000,-1.0000,-1.0000,-1.0000,-1.0000,-1.0000,-1.0000,-1.0000,-1.0000,-1.0000,-1.0000,-1.0000,-1.0000,-1.0000,-1.0000,-1.0000,-1.0000,-1.0000,-1.0000,-1.0000,-1.0000,-1.0000,-1.0000,-1.0000,-1.0000,-1.0000,-1.0000,-1.0000,1.3304,1.3055,1.3700,1.3320,1.3511,1.2677,1.1339,1.1647,1.1507,1.2247,1.0841,1.3054,1.1757,1.1958,1.2147,1.2578,1.1067,0.9638,1.0145,0.9844,0.9719,1.0150,1.0207,0.9466,1.0293,0.9521,0.9630,0.9360,0.9894,1.0286,0.9540,0.9174,0.8878,0.9060,0.9073,0.9075,0.9185,0.9374,0.9193,0.9003,1.3767,1.3909,1.3961,1.3878,1.3452,1.3876,1.4331,1.3266,1.3593,1.4123,1.4016,1.3836,1.3269,1.3969,1.4074,1.3770,1.3979,1.3937,1.3602,1.4082,1.3338,1.3538,1.3796,0,0.8878,-1.2936,-4.3513,2.2937
27,0.0540,0.5538,1.0810,1.1055,-1.2936,-4.3513,1.7836,0.1161,0.1902,0.0000,1.0271,1.0000,0.0001,0.0012,0.0000,-0.0000,-0.0025,-0.0002,-0.0004,0.0005,0.0002,0.0001,-0.0025,-0.0001,-0.0004,0.0008,-0.0020,0.0000,0.0077,-0.0005,-0.0003,0.0148,0.0001,0.0012,-0.0000,0.0077,0.0005,0.0003,0.0148,0.0001,0.0007,0.0000,0.0069,-0.0009,-0.0082,-0.0168,0.0879,0.0021,-0.0027,-0.0861,0.0101,-0.0226,0.0228,0.2204,0.0008,-0.0834,0.0255,-0.0240,0.0024,-0.0976,0.0026,0.2710,-0.0224,-0.0059,0.4095,0.0049,0.0316,-0.0003,0.2785,0.0115,0.0101,0.4227,0.0050,0.0292,0.0003,-1.0000,-1.0000,-1.0000,-1.0000,-1.0000,-1.0000,-1.0000,-1.0000,-1.0000,-1.0000,-1.0000,-1.0000,-1.0000,-1.0000,-1.0000,-1.0000,-1.0000,-1.0000,-1.0000,-1.0000,-1.0000,-1.0000,-1.0000,-1.0000,-1.0000,-1.0000,-1.0000,-1.0000,-1.0000,-1.0000,-1.0000,-1.0000,-1.0000,-1.0000,-1.0000,-1.0000,-1.0000,-1.0000,-1.0000,-1.0000,-1.0000,-1.0000,-1.0000,-1.0000,-1.0000,-1.0000,-1.0000,-1.0000,-1.0000,-1.0000,-1.0000,-1.0000,-1.0000,-1.0000,-1.0000,-1.0000,-1.0000,-1.0000,-1.0000,-1.0000,-1.0000,-1.0000,-1.0000,-1.0000,-1.0000,-1.0000,-1.0000,-1.0000,-1.0000,-1.0000,-1.0000,-1.0000,-1.0000,-1.0000,-1.0000,-1.0000,-1.0000,-1.0000,-1.0000,-1.0000,-1.0000,-1.0000,-1.0000,-1.0000,-1.0000,-1.0000,-1.0000,-1.0000,-1.0000,-1.0000,-1.0000,-1.0000,-1.0000,-1.0000,-1.0000,-1.0000,-1.0000,-1.0000,-1.0000,-1.0000,-1.0000,-1.0000,-1.0000,-1.0000,-1.0000,-1.0000,-1.0000,-1.0000,-1.0000,-1.0000,-1.0000,-1.0000,-1.0000,-1.0000,-1.0000,-1.0000,-1.0000,-1.0000,-1.0000,-1.0000,-1.0000,1.3207,1.2958,1.3603,1.3224,1.3414,1.2580,1.1245,1.1552,1.1409,1.2151,1.0746,1.2957,1.1660,1.1861,1.2053,1.2481,1.0971,0.9541,1.0047,0.9746,0.9622,1.0053,1.0111,0.9370,1.0197,0.9426,0.9535,0.9266,0.9801,1.0191,0.9448,0.9085,0.8787,0.8968,0.8983,0.8982,0.9094,0.9281,0.9104,0.8913,1.3672,1.3812,1.3864,1.3782,1.3356,1.3781,1.4236,1.3170,1.3500,1.4028,1.3922,1.3742,1.3174,1.3876,1.3983,1.3679,1.3888,1.3847,1.3510,1.3991,1.3246,1.3449,1.3706,0,0.8787,-1.2936,-4.3513,2.2937
27,0.0540,0.5538,1.0810,1.1055,-1.2936,-4.3513,1.7836,0.1161,0.1902,0.0000,1.0271,1.0000,0.0001,0.0012,0.0000,-0.0000,-0.0025,-0.0002,-0.0004,0.0005,0.0002,0.0001,-0.0025,-0.0001,-0.0004,0.0008,-0.0020,0.0000,0.0077,-0.0005,-0.0003,0.0148,0.0001,0.0012,-0.0000,0.0077,0.0005,0.0003,0.0148,0.0001,0.0007,0.0000,0.0069,-0.0009,-0.0082,-0.0168,0.0879,0.0021,-0.0027,-0.0861,0.0101,-0.0226,0.0228,0.2204,0.0008,-0.0834,0.0255,-0.0240,0.0024,-0.0976,0.0026,0.2710,-0.0224,-0.0059,0.4095,0.0049,0.0316,-0.0003,0.2785,0.0115,0.0101,0.4227,0.0050,0.0292,0.0003,-1.0000,-1.0000,-1.0000,-1.0000,-1.0000,-1.0000,-1.0000,-1.0000,-1.0000,-1.0000,-1.0000,-1.0000,-1.0000,-1.0000,-1.0000,-1.0000,-1.0000,-1.0000,-1.0000,-1.0000,-1.0000,-1.0000,-1.0000,-1.0000,-1.0000,-1.0000,-1.0000,-1.0000,-1.0000,-1.0000,-1.0000,-1.0000,-1.0000,-1.0000,-1.0000,-1.0000,-1.0000,-1.0000,-1.0000,-1.0000,-1.0000,-1.0000,-1.0000,-1.0000,-1.0000,-1.0000,-1.0000,-1.0000,-1.0000,-1.0000,-1.0000,-1.0000,-1.0000,-1.0000,-1.0000,-1.0000,-1.0000,-1.0000,-1.0000,-1.0000,-1.0000,-1.0000,-1.0000,-1.0000,-1.0000,-1.0000,-1.0000,-1.0000,-1.0000,-1.0000,-1.0000,-1.0000,-1.0000,-1.0000,-1.0000,-1.0000,-1.0000,-1.0000,-1.0000,-1.0000,-1.0000,-1.0000,-1.0000,-1.0000,-1.0000,-1.0000,-1.0000,-1.0000,-1.0000,-1.0000,-1.0000,-1.0000,-1.0000,-1.0000,-1.0000,-1.0000,-1.0000,-1.0000,-1.0000,-1.0000,-1.0000,-1.0000,-1.0000,-1.0000,-1.0000,-1.0000,-1.0000,-1.0000,-1.0000,-1.0000,-1.0000,-1.0000,-1.0000,-1.0000,-1.0000,-1.0000,-1.0000,-1.0000,-1.0000,-1.0000,-1.0000,1.3207,1.2958,1.3603,1.3224,1.3414,1.2580,1.1245,1.1552,1.1409,1.2151,1.0746,1.2957,1.1660,1.1861,1.2053,1.2481,1.0971,0.9541,1.0047,0.9746,0.9622,1.0053,1.0111,0.9370,1.0197,0.9426,0.9535,0.9266,0.9801,1.0191,0.9448,0.9085,0.8787,0.8968,0.8983,0.8982,0.9094,0.9281,0.9104,0.8913,1.3672,1.3812,1.3864,1.3782,1.3356,1.3781,1.4236,1.3170,1.3500,1.4028,1.3922,1.3742,1.3174,1.3876,1.3983,1.3679,1.3888,1.3847,1.3510,1.3991,1.3246,1.3449,1.3706,0,0.8787,-1.2936,-4.3513,2.2937
28,0.0560,0.5512,1.0723,1.1090,-1.2936,-4.3513,1.7640,0.1161,0.1902,0.0000,1.0271,1.0000,0.0000,0.0013,0.0000,-0.0000,-0.0026,-0.0001,-0.0005,0.0005,0.0002,0.0001,-0.0026,-0.0000,-0.0005,0.0008,-0.0022,0.0000,0.0082,-0.0006,-0.0003,0.0156,0.0001,0.0012,-0.0000,0.0083,0.0006,0.0003,0.0157,0.0001,0.0008,0.0000,0.0072,-0.0009,-0.0085,-0.0235,0.0909,0.0023,-0.0020,-0.0878,0.0273,-0.0246,0.0147,0.0270,0.0005,-0.0821,0.0356,-0.0283,-0.0295,-0.1388,0.0031,0.2776,-0.0255,-0.0053,0.4057,0.0051,0.0317,-0.0003,0.2870,0.0088,0.0106,0.4230,0.0053,0.0303,0.0003,-1.0000,-1.0000,-1.0000,-1.0000,-1.0000,-1.0000,-1.0000,-1.0000,-1.0000,-1.0000,-1.0000,-1.0000,-1.0000,-1.0000,-1.0000,-1.0000,-1.0000,-1.0000,-1.0000,-1.0000,-1.0000,-1.0000,-1.0000,-1.0000,-1.0000,-1.0000,-1.0000,-1.0000,-1.0000,-1.0000,-1.0000,-1.0000,-1.0000,-1.0000,-1.0000,-1.0000,-1.0000,-1.0000,-1.0000,-1.0000,-1.0000,-1.0000,-1.0000,-1.0000,-1.0000,-1.0000,-1.0000,-1.0000,-1.0000,-1.0000,-1.0000,-1.0000,-1.0000,-1.0000,-1.0000,-1.0000,-1.0000,-1.0000,-1.0000,-1.0000,-1.0000,-1.0000,-1.0000,-1.0000,-1.0000,-1.0000,-1.0000,-1.0000,-1.0000,-1.0000,-1.0000,-1.0000,-1.0000,-1.0000,-1.0000,-1.0000,-1.0000,-1.0000,-1.0000,-1.0000,-1.0000,-1.0000,-1.0000,-1.0000,-1.0000,-1.0000,-1.0000,-1.0000,-1.0000,-1.0000,-1.0000,-1.0000,-1.0000,-1.0000,-1.0000,-1.0000,-1.0000,-1.0000,-1.0000,-1.0000,-1.0000,-1.0000,-1.0000,-1.0000,-1.0000,-1.0000,-1.0000,-1.0000,-1.0000,-1.0000,-1.0000,-1.0000,-1.0000,-1.0000,-1.0000,-1.0000,-1.0000,-1.0000,-1.0000,-1.0000,-1.0000,1.3111,1.2862,1.3506,1.3127,1.3317,1.2484,1.1152,1.1457,1.1311,1.2055,1.0652,1.2859,1.1563,1.1765,1.1958,1.2384,1.0875,0.9444,0.9949,0.9648,0.9524,0.9955,1.0016,0.9274,1.0100,0.9332,0.9441,0.9172,0.9708,1.0096,0.9356,0.8996,0.8696,0.8877,0.8894,0.8890,0.9004,0.9189,0.9015,0.8823,1.3576,1.3714,1.3767,1.3686,1.3260,1.3685,1.4140,1.3074,1.3406,1.3934,1.3829,1.3648,1.3079,1.3783,1.3893,1.3589,1.3796,1.3757,1.3418,1.3899,1.3154,1.3359,1.3617,0,0.8696,-1.2936,-4.3513,2.2937
28,0.0560,0.5512,1.0723,1.1090,-1.2936,-4.3513,1.7640,0.1161,0.1902,0.0000,1.0271,1.0000,0.0000,0.0013,0.0000,-0.0000,-0.0026,-0.0001,-0.0005,0.0005,0.0002,0.0001,-0.0026,-0.0000,-0.0005,0.0008,-0.0022,0.0000,0.0082,-0.0006,-0.0003,0.0156,0.0001,0.0012,-0.0000,0.0083,0.0006,0.0003,0.0157,0.0001,0.0008,0.0000,0.0072,-0.0009,-0.0085,-0.0235,0.0909,0.0023,-0.0020,-0.0878,0.0273,-0.0246,0.0147,0.0270,0.0005,-0.0821,0.0356,-0.0283,-0.0295,-0.1388,0.0031,0.2776,-0.0255,-0.0053,0.4057,0.0051,0.0317,-0.0003,0.2870,0.0088,0.0106,0.4230,0.0053,0.0303,0.0003,-1.0000,-1.0000,-1.0000,-1.0000,-1.0000,-1.0000,-1.0000,-1.0000,-1.0000,-1.0000,-1.0000,-1.0000,-1.0000,-1.0000,-1.0000,-1.0000,-1.0000,-1.0000,-1.0000,-1.0000,-1.0000,-1.0000,-1.0000,-1.0000,-1.0000,-1.0000,-1.0000,-1.0000,-1.0000,-1.0000,-1.0000,-1.0000,-1.0000,-1.0000,-1.0000,-1.0000,-1.0000,-1.0000,-1.0000,-1.0000,-1.0000,-1.0000,-1.0000,-1.0000,-1.0000,-1.0000,-1.0000,-1.0000,-1.0000,-1.0000,-1.0000,-1.0000,-1.0000,-1.0000,-1.0000,-1.0000,-1.0000,-1.0000,-1.0000,-1.0000,-1.0000,-1.0000,-1.0000,-1.0000,-1.0000,-1.0000,-1.0000,-1.0000,-1.0000,-1.0000,-1.0000,-1.0000,-1.0000,-1.0000,-1.0000,-1.0000,-1.0000,-1.0000,-1.0000,-1.0000,-1.0000,-1.0000,-1.0000,-1.0000,-1.0000,-1.0000,-1.0000,-1.0000,-1.0000,-1.0000,-1.0000,-1.0000,-1.0000,-1.0000,-1.0000,-1.0000,-1.0000,-1.0000,-1.0000,-1.0000,-1.0000,-1.0000,-1.0000,-1.0000,-1.0000,-1.0000,-1.0000,-1.0000,-1.0000,-1.0000,-1.0000,-1.0000,-1.0000,-1.0000,-1.0000,-1.0000,-1.0000,-1.0000,-1.0000,-1.0000,-1.0000,1.3111,1.2862,1.3506,1.3127,1.3317,1.2484,1.1152,1.1457,1.1311,1.2055,1.0652,1.2859,1.1563,1.1765,1.1958,1.2384,1.0875,0.9444,0.9949,0.9648,0.9524,0.9955,1.0016,0.9274,1.0100,0.9332,0.9441,0.9172,0.9708,1.0096,0.9356,0.8996,0.8696,0.8877,0.8894,0.8890,0.9004,0.9189,0.9015,0.8823,1.3576,1.3714,1.3767,1.3686,1.3260,1.3685,1.4140,1.3074,1.3406,1.3934,1.3829,1.3648,1.3079,1.3783,1.3893,1.3589,1.3796,1.3757,1.3418,1.3899,1.3154,1.3359,1.3617,0,0.8696,-1.2936,-4.3513,2.2937
29,0.0580,0.5486,1.0636,1.1125,-1.2936,-4.3513,1.7444,0.1161,0.1902,0.0000,1.0271,1.0000,0.0000,0.0014,0.0000,-0.0000,-0.0028,-0.0000,-0.0005,0.0006,-0.0001,0.0001,-0.0028,0.0000,-0.0005,0.0007,-0.0021,0.0000,0.0088,-0.0006,-0.0003,0.0164,0.0001,0.0013,-0.0000,0.0089,0.0006,0.0003,0.0165,0.0001,0.0008,0.0000,0.0074,-0.0009,-0.0113,-0.0227,0.0933,0.0022,-0.0020,-0.0888,0.0360,-0.0267,0.0089,-0.1678,0.0002,-0.0840,0.0250,-0.0298,-0.0275,0.0581,0.0030,0.2838,-0.0250,-0.0055,0.3998,0.0052,0.0317,-0.0003,0.2928,0.0093,0.0101,0.4160,0.0054,0.0313,0.0003,-1.0000,-1.0000,-1.0000,-1.0000,-1.0000,-1.0000,-1.0000,-1.0000,-1.0000,-1.0000,-1.0000,-1.0000,-1.0000,-1.0000,-1.0000,-1.0000,-1.0000,-1.0000,-1.0000,-1.0000,-1.0000,-1.0000,-1.0000,-1.0000,-1.0000,-1.0000,-1.0000,-1.0000,-1.0000,-1.0000,-1.0000,-1.0000,-1.0000,-1.0000,-1.0000,-1.0000,-1.0000,-1.0000,-1.0000,-1.0000,-1.0000,-1.0000,-1.0000,-1.0000,-1.0000,-1.0000,-1.0000,-1.0000,-1.0000,-1.0000,-1.0000,-1.0000,-1.0000,-1.0000,-1.0000,-1.0000,-1.0000,-1.0000,-1.0000,-1.0000,-1.0000,-1.0000,-1.0000,-1.0000,-1.0000,-1.0000,-1.0000,-1.0000,-1.0000,-1.0000,-1.0000,-1.0000,-1.0000,-1.0000,-1.0000,-1.0000,-1.0000,-1.0000,-1.0000,-1.0000,-1.0000,-1.0000,-1.0000,-1.0000,-1.0000,-1.0000,-1.0000,-1.0000,-1.0000,-1.0000,-1.0000,-1.0000,-1.0000,-1.0000,-1.0000,-1.0000,-1.0000,-1.0000,-1.0000,-1.0000,-1.0000,-1.0000,-1.0000,-1.0000,-1.0000,-1.0000,-1.0000,-1.0000,-1.0000,-1.0000,-1.0000,-1.0000,-1.0000,-1.0000,-1.0000,-1.0000,-1.0000,-1.0000,-1.0000,-1.0000,-1.0000,1.3014,1.2765,1.3409,1.3030,1.3220,1.2387,1.1058,1.1362,1.1214,1.1959,1.0558,1.2761,1.1467,1.1668,1.1864,1.2287,1.0778,0.9348,0.9851,0.9550,0.9427,0.9858,0.9920,0.9178,1.0003,0.9238,0.9347,0.9078,0.9614,1.0001,0.9263,0.8906,0.8605,0.8785,0.8805,0.8797,0.8913,0.9096,0.8926,0.8734,1.3481,1.3617,1.3671,1.3590,1.3163,1.3589,1.4045,1.2979,1.3313,1.3840,1.3735,1.3555,1.2984,1.3690,1.3803,1.3498,1.3705,1.3667,1.3327,1.3808,1.3062,1.3270,1.3527,0,0.8605,-1.2936,-4.3513,2.2937
30,0.0600,0.5460,1.0549,1.1160,-1.2936,-4.3513,1.7247,0.1161,0.1902,0.0000,1.0270,1.0000,-0.0000,0.0015,0.0000,-0.0000,-0.0030,0.0001,-0.0006,0.0010,-0.0004,0.0001,-0.0030,0.0001,-0.0006,0.0006,-0.0016,0.0000,0.0094,-0.0007,-0.0003,0.0172,0.0002,0.0014,-0.0000,0.0095,0.0006,0.0003,0.0173,0.0002,0.0009,0.0000,0.0076,-0.0017,-0.0173,-0.0342,0.0941,0.0021,-0.0016,-0.1112,0.0496,-0.0116,0.2035,-0.1432,-0.0002,-0.0839,0.0299,-0.0314,-0.0257,0.2558,0.0044,0.2861,-0.0278,-0.0040,0.3843,0.0054,0.0313,-0.0003,0.2984,0.0063,0.0111,0.4077,0.0056,0.0322,0.0003,-1.0000,-1.0000,-1.0000,-1.0000,-1.0000,-1.0000,-1.0000,-1.0000,-1.0000,-1.0000,-1.0000,-1.0000,-1.0000,-1.0000,-1.0000,-1.0000,-1.0000,-1.0000,-1.0000,-1.0000,-1.0000,-1.0000,-1.0000,-1.0000,-1.0000,-1.0000,-1.0000,-1.0000,-1.0000,-1.0000,-1.0000,-1.0000,-1.0000,-1.0000,-1.0000,-1.0000,-1.0000,-1.0000,-1.0000,-1.0000,-1.0000,-1.0000,-1.0000,-1.0000,-1.0000,-1.0000,-1.0000,-1.0000,-1.0000,-1.0000,-1.0000,-1.0000,-1.0000,-1.0000,-1.0000,-1.0000,-1.0000,-1.0000,-1.0000,-1.0000,-1.0000,-1.0000,-1.0000,-1.0000,-1.0000,-1.0000,-1.0000,-1.0000,-1.0000,-1.0000,-1.0000,-1.0000,-1.0000,-1.0000,-1.0000,-1.0000,-1.0000,-1.0000,-1.0000,-1.0000,-1.0000,-1.0000,-1.0000,-1.0000,-1.0000,-1.0000,-1.0000,-1.0000,-1.0000,-1.0000,-1.0000,-1.0000,-1.0000,-1.0000,-1.0000,-1.0000,-1.0000,-1.0000,-1.0000,-1.0000,-1.0000,-1.0000,-1.0000,-1.0000,-1.0000,-1.0000,-1.0000,-1.0000,-1.0000,-1.0000,-1.0000,-1.0000,-1.0000,-1.0000,-1.0000,-1.0000,-1.0000,-1.0000,-1.0000,-1.0000,-1.0000,1.2918,1.2668,1.3312,1.2934,1.3124,1.2291,1.0965,1.1267,1.1117,1.1863,1.0464,1.2663,1.1370,1.1572,1.1770,1.2190,1.0682,0.9251,0.9753,0.9453,0.9329,0.9761,0.9825,0.9082,0.9907,0.9144,0.9253,0.8984,0.9521,0.9906,0.9171,0.8818,0.8514,0.8694,0.8716,0.8705,0.8823,0.9003,0.8837,0.8645,1.3385,1.3520,1.3574,1.3494,1.3067,1.3494,1.3950,1.2883,1.3220,1.3745,1.3641,1.3461,1.2889,1.3598,1.3712,1.3408,1.3613,1.3577,1.3236,1.3717,1.2971,1.3181,1.3437,0,0.8514,-1.2936,-4.3513,2.2937
30,0.0600,0.5460,1.0549,1.1160,-1.2936,-4.3513,1.7247,0.1161,0.1902,0.0000,1.0270,1.0000,-0.0000,0.0015,0.0000,-0.0000,-0.0030,0.0001,-0.0006,0.0010,-0.0004,0.0001,-0.0030,0.0001,-0.0006,0.0006,-0.0016,0.0000,0.0094,-0.0007,-0.0003,0.0172,0.0002,0.0014,-0.0000,0.0095,0.0006,0.0003,0.0173,0.0002,0.0009,0.0000,0.0076,-0.0017,-0.0173,-0.0342,0.0941,0.0021,-0.0016,-0.1112,0.0496,-0.0116,0.2035,-0.1432,-0.0002,-0.0839,0.0299,-0.0314,-0.0257,0.2558,0.0044,0.2861,-0.0278,-0.0040,0.3843,0.0054,0.0313,-0.0003,0.2984,0.0063,0.0111,0.4077,0.0056,0.0322,0.0003,-1.0000,-1.0000,-1.0000,-1.0000,-1.0000,-1.0000,-1.0000,-1.0000,-1.0000,-1.0000,-1.0000,-1.0000,-1.0000,-1.0000,-1.0000,-1.0000,-1.0000,-1.0000,-1.0000,-1.0000,-1.0000,-1.0000,-1.0000,-1.0000,-1.0000,-1.0000,-1.0000,-1.0000,-1.0000,-1.0000,-1.0000,-1.0000,-1.0000,-1.0000,-1.0000,-1.0000,-1.0000,-1.0000,-1.0000,-1.0000,-1.0000,-1.0000,-1.0000,-1.0000,-1.0000,-1.0000,-1.0000,-1.0000,-1.0000,-1.0000,-1.0000,-1.0000,-1.0000,-1.0000,-1.0000,-1.0000,-1.0000,-1.0000,-1.0000,-1.0000,-1.0000,-1.0000,-1.0000,-1.0000,-1.0000,-1.0000,-1.0000,-1.0000,-1.0000,-1.0000,-1.0000,-1.0000,-1.0000,-1.0000,-1.0000,-1.0000,-1.0000,-1.0000,-1.0000,-1.0000,-1.0000,-1.0000,-1.0000,-1.0000,-1.0000,-1.0000,-1.0000,-1.0000,-1.0000,-1.0000,-1.0000,-1.0000,-1.0000,-1.0000,-1.0000,-1.0000,-1.0000,-1.0000,-1.0000,-1.0000,-1.0000,-1.0000,-1.0000,-1.0000,-1.0000,-1.0000,-1.0000,-1.0000,-1.0000,-1.0000,-1.0000,-1.0000,-1.0000,-1.0000,-1.0000,-1.0000,-1.0000,-1.0000,-1.0000,-1.0000,-1.0000,1.2918,1.2668,1.3312,1.2934,1.3124,1.2291,1.0965,1.1267,1.1117,1.1863,1.0464,1.2663,1.1370,1.1572,1.1770,1.2190,1.0682,0.9251,0.9753,0.9453,0.9329,0.9761,0.9825,0.9082,0.9907,0.9144,0.9253,0.8984,0.9521,0.9906,0.9171,0.8818,0.8514,0.8694,0.8716,0.8705,0.8823,0.9003,0.8837,0.8645,1.3385,1.3520,1.3574,1.3494,1.3067,1.3494,1.3950,1.2883,1.3220,1.3745,1.3641,1.3461,1.2889,1.3598,1.3712,1.3408,1.3613,1.3577,1.3236,1.3717,1.2971,1.3181,1.3437,0,0.8514,-1.2936,-4.3513,2.2937
31,0.0620,0.5434,1.0462,1.1194,-1.2936,-4.3513,1.7051,0.1161,0.1902,0.0000,1.0270,1.0000,-0.0000,0.0016,0.0000,-0.0000,-0.0032,0.0001,-0.0006,0.0012,-0.0009,0.0001,-0.0031,0.0001,-0.0007,0.0006,-0.0008,0.0000,0.0100,-0.0007,-0.0003,0.0180,0.0002,0.0014,-0.0000,0.0101,0.0006,0.0004,0.0181,0.0002,0.0010,0.0000,0.0079,-0.0011,-0.0174,-0.0215,0.0970,0.0019,-0.0009,-0.1043,0.0389,-0.0198,0.1199,-0.2500,-0.0004,-0.0866,0.0066,-0.0327,-0.0232,0.4075,0.0028,0.2950,-0.0230,-0.0057,0.3858,0.0055,0.0316,-0.0003,0.3031,0.0113,0.0091,0.3995,0.0057,0.0330,0.0003,-1.0000,-1.0000,-1.0000,-1.0000,-1.0000,-1.0000,-1.0000,-1.0000,-1.0000,-1.0000,-1.0000,-1.0000,-1.0000,-1.0000,-1.0000,-1.0000,-1.0000,-1.0000,-1.0000,-1.0000,-1.0000,-1.0000,-1.0000,-1.0000,-1.0000,-1.0000,-1.0000,-1.0000,-1.0000,-1.0000,-1.0000,-1.0000,-1.0000,-1.0000,-1.0000,-1.0000,-1.0000,-1.0000,-1.0000,-1.0000,-1.0000,-1.0000,-1.0000,-1.0000,-1.0000,-1.0000,-1.0000,-1.0000,-1.0000,-1.0000,-1.0000,-1.0000,-1.0000,-1.0000,-1.0000,-1.0000,-1.0000,-1.0000,-1.0000,-1.0000,-1.0000,-1.0000,-1.0000,-1.0000,-1.0000,-1.0000,-1.0000,-1.0000,-1.0000,-1.0000,-1.0000,-1.0000,-1.0000,-1.0000,-1.0000,-1.0000,-1.0000,-1.0000,-1.0000,-1.0000,-1.0000,-1.0000,-1.0000,-1.0000,-1.0000,-1.0000,-1.0000,-1.0000,-1.0000,-1.0000,-1.0000,-1.0000,-1.0000,-1.0000,-1.0000,-1.0000,-1.0000,-1.0000,-1.0000,-1.0000,-1.0000,-1.0000,-1.0000,-1.0000,-1.0000,-1.0000,-1.0000,-1.0000,-1.0000,-1.0000,-1.0000,-1.0000,-1.0000,-1.0000,-1.0000,-1.0000,-1.0000,-1.0000,-1.0000,-1.0000,-1.0000,1.2821,1.2572,1.3215,1.2837,1.3027,1.2195,1.0872,1.1172,1.1019,1.1767,1.0370,1.2566,1.1274,1.1475,1.1676,1.2093,1.0586,0.9154,0.9655,0.9355,0.9232,0.9664,0.9730,0.8986,0.9811,0.9050,0.9158,0.8890,0.9429,0.9811,0.9079,0.8729,0.8423,0.8603,0.8628,0.8613,0.8733,0.8911,0.8749,0.8556,1.3290,1.3423,1.3478,1.3398,1.2971,1.3399,1.3854,1.2787,1.3126,1.3651,1.3548,1.3368,1.2795,1.3505,1.3622,1.3317,1.3522,1.3488,1.3144,1.3626,1.2879,1.3092,1.3348,0,0.8423,-1.2936,-4.3513,2.2937
31,0.0620,0.5434,1.0462,1.1194,-1.2936,-4.3513,1.7051,0.1161,0.1902,0.0000,1.0270,1.0000,-0.0000,0.0016,0.0000,-0.0000,-0.0032,0.0001,-0.0006,0.0012,-0.0009,0.0001,-0.0031,0.0001,-0.0007,0.0006,-0.0008,0.0000,0.0100,-0.0007,-0.0003,0.0180,0.0002,0.0014,-0.0000,0.0101,0.0006,0.0004,0.0181,0.0002,0.0010,0.0000,0.0079,-0.0011,-0.0174,-0.0215,0.0970,0.0019,-0.0009,-0.1043,0.0389,-0.0198,0.1199,-0.2500,-0.0004,-0.0866,0.0066,-0.0327,-0.0232,0.4075,0.0028,0.2950,-0.0230,-0.0057,0.3858,0.0055,0.0316,-0.0003,0.3031,0.0113,0.0091,0.3995,0.0057,0.0330,0.0003,-1.0000,-1.0000,-1.0000,-1.0000,-1.0000,-1.0000,-1.0000,-1.0000,-1.0000,-1.0000,-1.0000,-1.0000,-1.0000,-1.0000,-1.0000,-1.0000,-1.0000,-1.0000,-1.0000,-1.0000,-1.0000,-1.0000,-1.0000,-1.0000,-1.0000,-1.0000,-1.0000,-1.0000,-1.0000,-1.0000,-1.0000,-1.0000,-1.0000,-1.0000,-1.0000,-1.0000,-1.0000,-1.0000,-1.0000,-1.0000,-1.0000,-1.0000,-1.0000,-1.0000,-1.0000,-1.0000,-1.0000,-1.0000,-1.0000,-1.0000,-1.0000,-1.0000,-1.0000,-1.0000,-1.0000,-1.0000,-1.0000,-1.0000,-1.0000,-1.0000,-1.0000,-1.0000,-1.0000,-1.0000,-1.0000,-1.0000,-1.0000,-1.0000,-1.0000,-1.0000,-1.0000,-1.0000,-1.0000,-1.0000,-1.0000,-1.0000,-1.0000,-1.0000,-1.0000,-1.0000,-1.0000,-1.0000,-1.0000,-1.0000,-1.0000,-1.0000,-1.0000,-1.0000,-1.0000,-1.0000,-1.0000,-1.0000,-1.0000,-1.0000,-1.0000,-1.0000,-1.0000,-1.0000,-1.0000,-1.0000,-1.0000,-1.0000,-1.0000,-1.0000,-1.0000,-1.0000,-1.0000,-1.0000,-1.0000,-1.0000,-1.0000,-1.0000,-1.0000,-1.0000,-1.0000,-1.0000,-1.0000,-1.0000,-1.0000,-1.0000,-1.0000,1.2821,1.2572,1.3215,1.2837,1.3027,1.2195,1.0872,1.1172,1.1019,1.1767,1.0370,1.2566,1.1274,1.1475,1.1676,1.2093,1.0586,0.9154,0.9655,0.9355,0.9232,0.9664,0.9730,0.8986,0.9811,0.9050,0.9158,0.8890,0.9429,0.9811,0.9079,0.8729,0.8423,0.8603,0.8628,0.8613,0.8733,0.8911,0.8749,0.8556,1.3290,1.3423,1.3478,1.3398,1.2971,1.3399,1.3854,1.2787,1.3126,1.3651,1.3548,1.3368,1.2795,1.3505,1.3622,1.3317,1.3522,1.3488,1.3144,1.3626,1.2879,1.3092,1.3348,0,0.8423,-1.2936,-4.3513,2.2937
32,0.0640,0.5408,1.0375,1.1227,-1.2936,-4.3513,1.6855,0.1161,0.1903,0.0000,1.0270,1.0000,-0.0001,0.0017,0.0000,-0.0000,-0.0034,0.0002,-0.0007,0.0013,-0.0016,0.0001,-0.0033,0.0001,-0.0007,0.0006,-0.0000,0.0000,0.0106,-0.0008,-0.0003,0.0187,0.0002,0.0015,-0.0000,0.0107,0.0006,0.0004,0.0189,0.0002,0.0010,0.0000,0.0081,-0.0012,-0.0139,-0.0265,0.1004,0.0020,-0.0007,-0.0998,0.0493,-0.0267,0.0544,-0.3364,-0.0007,-0.0923,0.0135,-0.0323,0.0009,0.3866,0.0033,0.3027,-0.0249,-0.0053,0.3864,0.0057,0.0319,-0.0003,0.3121,0.0098,0.0094,0.4029,0.0060,0.0343,0.0003,-1.0000,-1.0000,-1.0000,-1.0000,-1.0000,-1.0000,-1.0000,-1.0000,-1.0000,-1.0000,-1.0000,-1.0000,-1.0000,-1.0000,-1.0000,-1.0000,-1.0000,-1.0000,-1.0000,-1.0000,-1.0000,-1.0000,-1.0000,-1.0000,-1.0000,-1.0000,-1.0000,-1.0000,-1.0000,-1.0000,-1.0000,-1.0000,-1.0000,-1.0000,-1.0000,-1.0000,-1.0000,-1.0000,-1.0000,-1.0000,-1.0000,-1.0000,-1.0000,-1.0000,-1.0000,-1.0000,-1.0000,-1.0000,-1.0000,-1.0000,-1.0000,-1.0000,-1.0000,-1.0000,-1.0000,-1.0000,-1.0000,-1.0000,-1.0000,-1.0000,-1.0000,-1.0000,-1.0000,-1.0000,-1.0000,-1.0000,-1.0000,-1.0000,-1.0000,-1.0000,-1.0000,-1.0000,-1.0000,-1.0000,-1.0000,-1.0000,-1.0000,-1.0000,-1.0000,-1.0000,-1.0000,-1.0000,-1.0000,-1.0000,-1.0000,-1.0000,-1.0000,-1.0000,-1.0000,-1.0000,-1.0000,-1.0000,-1.0000,-1.0000,-1.0000,-1.0000,-1.0000,-1.0000,-1.0000,-1.0000,-1.0000,-1.0000,-1.0000,-1.0000,-1.0000,-1.0000,-1.0000,-1.0000,-1.0000,-1.0000,-1.0000,-1.0000,-1.0000,-1.0000,-1.0000,-1.0000,-1.0000,-1.0000,-1.0000,-1.0000,-1.0000,1.2725,1.2476,1.3119,1.2741,1.2931,1.2099,1.0779,1.1078,1.0922,1.1671,1.0276,1.2468,1.1177,1.1379,1.1582,1.1996,1.0490,0.9058,0.9557,0.9258,0.9135,0.9567,0.9635,0.8891,0.9714,0.8956,0.9065,0.8796,0.9336,0.9716,0.8988,0.8640,0.8332,0.8512,0.8539,0.8521,0.8643,0.8819,0.8661,0.8467,1.3195,1.3326,1.3381,1.3302,1.2875,1.3303,1.3759,1.2692,1.3033,1.3557,1.3454,1.3274,1.2700,1.3413,1.3532,1.3227,1.3431,1.3398,1.3053,1.3535,1.2788,1.3003,1.3258,0,0.8332,-1.2936,-4.3513,2.2937
33,0.0660,0.5383,1.0288,1.1261,-1.2936,-4.3513,1.6659,0.1161,0.1903,0.0000,1.0269,1.0000,-0.0001,0.0018,0.0000,-0.0000,-0.0036,0.0003,-0.0007,0.0013,-0.0023,0.0001,-0.0035,0.0001,-0.0008,0.0009,0.0006,0.0000,0.0112,-0.0008,-0.0003,0.0195,0.0002,0.0016,-0.0000,0.0113,0.0007,0.0004,0.0197,0.0002,0.0011,0.0000,0.0084,0.0002,-0.0158,-0.0005,0.1020,0.0018,-0.0002,-0.0934,0.0185,-0.0337,-0.0058,-0.3697,-0.0035,-0.1130,-0.0166,-0.0190,0.1674,0.3300,0.0003,0.3119,-0.0159,-0.0085,0.3882,0.0057,0.0323,-0.0004,0.3133,0.0186,0.0058,0.3861,0.0059,0.0350,0.0003,-1.0000,-1.0000,-1.0000,-1.0000,-1.0000,-1.0000,-1.0000,-1.0000,-1.0000,-1.0000,-1.0000,-1.0000,-1.0000,-1.0000,-1.0000,-1.0000,-1.0000,-1.0000,-1.0000,-1.0000,-1.0000,-1.0000,-1.0000,-1.0000,-1.0000,-1.0000,-1.0000,-1.0000,-1.0000,-1.0000,-1.0000,-1.0000,-1.0000,-1.0000,-1.0000,-1.0000,-1.0000,-1.0000,-1.0000,-1.0000,-1.0000,-1.0000,-1.0000,-1.0000,-1.0000,-1.0000,-1.0000,-1.0000,-1.0000,-1.0000,-1.0000,-1.0000,-1.0000,-1.0000,-1.0000,-1.0000,-1.0000,-1.0000,-1.0000,-1.0000,-1.0000,-1.0000,-1.0000,-1.0000,-1.0000,-1.0000,-1.0000,-1.0000,-1.0000,-1.0000,-1.0000,-1.0000,-1.0000,-1.0000,-1.0000,-1.0000,-1.0000,-1.0000,-1.0000,-1.0000,-1.0000,-1.0000,-1.0000,-1.0000,-1.0000,-1.0000,-1.0000,-1.0000,-1.0000,-1.0000,-1.0000,-1.0000,-1.0000,-1.0000,-1.0000,-1.0000,-1.0000,-1.0000,-1.0000,-1.0000,-1.0000,-1.0000,-1.0000,-1.0000,-1.0000,-1.0000,-1.0000,-1.0000,-1.0000,-1.0000,-1.0000,-1.0000,-1.0000,-1.0000,-1.0000,-1.0000,-1.0000,-1.0000,-1.0000,-1.0000,-1.0000,1.2630,1.2380,1.3023,1.2645,1.2835,1.2003,1.0686,1.0983,1.0825,1.1576,1.0182,1.2371,1.1081,1.1283,1.1488,1.1899,1.0394,0.8961,0.9459,0.9160,0.9038,0.9470,0.9540,0.8795,0.9618,0.8862,0.8971,0.8702,0.9243,0.9622,0.8896,0.8552,0.8242,0.8421,0.8451,0.8429,0.8553,0.8727,0.8573,0.8378,1.3099,1.3229,1.3285,1.3206,1.2779,1.3208,1.3664,1.2596,1.2940,1.3463,1.3361,1.3181,1.2606,1.3321,1.3442,1.3137,1.3340,1.3309,1.2962,1.3444,1.2697,1.2915,1.3169,0,0.8242,-1.2936,-4.3513,2.2937
33,0.0660,0.5383,1.0288,1.1261,-1.2936,-4.3513,1.6659,0.1161,0.1903,0.0000,1.0269,1.0000,-0.0001,0.0018,0.0000,-0.0000,-0.0036,0.0003,-0.0007,0.0013,-0.0023,0.0001,-0.0035,0.0001,-0.0008,0.0009,0.0006,0.0000,0.0112,-0.0008,-0.0003,0.0195,0.0002,0.0016,-0.0000,0.0113,0.0007,0.0004,0.0197,0.0002,0.0011,0.0000,0.0084,0.0002,-0.0158,-0.0005,0.1020,0.0018,-0.0002,-0.0934,0.0185,-0.0337,-0.0058,-0.3697,-0.0035,-0.1130,-0.0166,-0.0190,0.1674,0.3300,0.0003,0.3119,-0.0159,-0.0085,0.3882,0.0057,0.0323,-0.0004,0.3133,0.0186,0.0058,0.3861,0.0059,0.0350,0.0003,-1.0000,-1.0000,-1.0000,-1.0000,-1.0000,-1.0000,-1.0000,-1.0000,-1.0000,-1.0000,-1.0000,-1.0000,-1.0000,-1.0000,-1.0000,-1.0000,-1.0000,-1.0000,-1.0000,-1.0000,-1.0000,-1.0000,-1.0000,-1.0000,-1.0000,-1.0000,-1.0000,-1.0000,-1.0000,-1.0000,-1.0000,-1.0000,-1.0000,-1.0000,-1.0000,-1.0000,-1.0000,-1.0000,-1.0000,-1.0000,-1.0000,-1.0000,-1.0000,-1.0000,-1.0000,-1.0000,-1.0000,-1.0000,-1.0000,-1.0000,-1.0000,-1.0000,-1.0000,-1.0000,-1.0000,-1.0000,-1.0000,-1.0000,-1.0000,-1.0000,-1.0000,-1.0000,-1.0000,-1.0000,-1.0000,-1.0000,-1.0000,-1.0000,-1.0000,-1.0000,-1.0000,-1.0000,-1.0000,-1.0000,-1.0000,-1.0000,-1.0000,-1.0000,-1.0000,-1.0000,-1.0000,-1.0000,-1.0000,-1.0000,-1.0000,-1.0000,-1.0000,-1.0000,-1.0000,-1.0000,-1.0000,-1.0000,-1.0000,-1.0000,-1.0000,-1.0000,-1.0000,-1.0000,-1.0000,-1.0000,-1.0000,-1.0000,-1.0000,-1.0000,-1.0000,-1.0000,-1.0000,-1.0000,-1.0000,-1.0000,-1.0000,-1.0000,-1.0000,-1.0000,-1.0000,-1.0000,-1.0000,-1.0000,-1.0000,-1.0000,-1.0000,1.2630,1.2380,1.3023,1.2645,1.2835,1.2003,1.0686,1.0983,1.0825,1.1576,1.0182,1.2371,1.1081,1.1283,1.1488,1.1899,1.0394,0.8961,0.9459,0.9160,0.9038,0.9470,0.9540,0.8795,0.9618,0.8862,0.8971,0.8702,0.9243,0.9622,0.8896,0.8552,0.8242,0.8421,0.8451,0.8429,0.8553,0.8727,0.8573,0.8378,1.3099,1.3229,1.3285,1.3206,1.2779,1.3208,1.3664,1.2596,1.2940,1.3463,1.3361,1.3181,1.2606,1.3321,1.3442,1.3137,1.3340,1.3309,1.2962,1.3444,1.2697,1.2915,1.3169,0,0.8242,-1.2936,-4.3513,2.2937
34,0.0680,0.5357,1.0201,1.1294,-1.2936,-4.3513,1.6463,0.1161,0.1903,0.0000,1.0269,1.0000,-0.0001,0.0019,0.0000,-0.0000,-0.0038,0.0003,-0.0008,0.0012,-0.0031,0.0001,-0.0038,0.0001,-0.0008,0.0012,0.0009,0.0000,0.0118,-0.0008,-0.0004,0.0203,0.0002,0.0016,-0.0000,0.0120,0.0007,0.0004,0.0204,0.0002,0.0012,0.0000,0.0086,0.0010,-0.0144,0.0087,0.1051,0.0021,-0.0006,-0.0907,0.0079,-0.0393,-0.0518,-0.3948,-0.0020,-0.1113,-0.0181,-0.0233,0.1301,0.1139,-0.0011,0.3199,-0.0135,-0.0096,0.3885,0.0059,0.0326,-0.0004,0.3184,0.0210,0.0045,0.3800,0.0060,0.0359,0.0003,-1.0000,-1.0000,-1.0000,-1.0000,-1.0000,-1.0000,-1.0000,-1.0000,-1.0000,-1.0000,-1.0000,-1.0000,-1.0000,-1.0000,-1.0000,-1.0000,-1.0000,-1.0000,-1.0000,-1.0000,-1.0000,-1.0000,-1.0000,-1.0000,-1.0000,-1.0000,-1.0000,-1.0000,-1.0000,-1.0000,-1.0000,-1.0000,-1.0000,-1.0000,-1.0000,-1.0000,-1.0000,-1.0000,-1.0000,-1.0000,-1.0000,-1.0000,-1.0000,-1.0000,-1.0000,-1.0000,-1.0000,-1.0000,-1.0000,-1.0000,-1.0000,-1.0000,-1.0000,-1.0000,-1.0000,-1.0000,-1.0000,-1.0000,-1.0000,-1.0000,-1.0000,-1.0000,-1.0000,-1.0000,-1.0000,-1.0000,-1.0000,-1.0000,-1.0000,-1.0000,-1.0000,-1.0000,-1.0000,-1.0000,-1.0000,-1.0000,-1.0000,-1.0000,-1.0000,-1.0000,-1.0000,-1.0000,-1.0000,-1.0000,-1.0000,-1.0000,-1.0000,-1.0000,-1.0000,-1.0000,-1.0000,-1.0000,-1.0000,-1.0000,-1.0000,-1.0000,-1.0000,-1.0000,-1.0000,-1.0000,-1.0000,-1.0000,-1.0000,-1.0000,-1.0000,-1.0000,-1.0000,-1.0000,-1.0000,-1.0000,-1.0000,-1.0000,-1.0000,-1.0000,-1.0000,-1.0000,-1.0000,-1.0000,-1.0000,-1.0000,-1.0000,1.2534,1.2285,1.2927,1.2550,1.2739,1.1908,1.0593,1.0889,1.0728,1.1481,1.0088,1.2274,1.0985,1.1187,1.1394,1.1803,1.0298,0.8865,0.9362,0.9063,0.8941,0.9373,0.9445,0.8700,0.9522,0.8769,0.8877,0.8609,0.9151,0.9527,0.8805,0.8464,0.8151,0.8330,0.8363,0.8338,0.8463,0.8635,0.8485,0.8290,1.3004,1.3133,1.3189,1.3111,1.2683,1.3113,1.3569,1.2501,1.2847,1.3369,1.3268,1.3088,1.2512,1.3228,1.3352,1.3047,1.3249,1.3219,1.2871,1.3353,1.2605,1.2826,1.3080,0,0.8151,-1.2936,-4.3513,2.2937
34,0.0680,0.5357,1.0201,1.1294,-1.2936,-4.3513,1.6463,0.1161,0.1903,0.0000,1.0269,1.0000,-0.0001,0.0019,0.0000,-0.0000,-0.0038,0.0003,-0.0008,0.0012,-0.0031,0.0001,-0.0038,0.0001,-0.0008,0.0012,0.0009,0.0000,0.0118,-0.0008,-0.0004,0.0203,0.0002,0.0016,-0.0000,0.0120,0.0007,0.0004,0.0204,0.0002,0.0012,0.0000,0.0086,0.0010,-0.0144,0.0087,0.1051,0.0021,-0.0006,-0.0907,0.0079,-0.0393,-0.0518,-0.3948,-0.0020,-0.1113,-0.0181,-0.0233,0.1301,0.1139,-0.0011,0.3199,-0.0135,-0.0096,0.3885,0.0059,0.0326,-0.0004,0.3184,0.0210,0.0045,0.3800,0.0060,0.0359,0.0003,-1.0000,-1.0000,-1.0000,-1.0000,-1.0000,-1.0000,-1.0000,-1.0000,-1.0000,-1.0000,-1.0000,-1.0000,-1.0000,-1.0000,-1.0000,-1.0000,-1.0000,-1.0000,-1.0000,-1.0000,-1.0000,-1.0000,-1.0000,-1.0000,-1.0000,-1.0000,-1.0000,-1.0000,-1.0000,-1.0000,-1.0000,-1.0000,-1.0000,-1.0000,-1.0000,-1.0000,-1.0000,-1.0000,-1.0000,-1.0000,-1.0000,-1.0000,-1.0000,-1.0000,-1.0000,-1.0000,-1.0000,-1.0000,-1.0000,-1.0000,-1.0000,-1.0000,-1.0000,-1.0000,-1.0000,-1.0000,-1.0000,-1.0000,-1.0000,-1.0000,-1.0000,-1.0000,-1.0000,-1.0000,-1.0000,-1.0000,-1.0000,-1.0000,-1.0000,-1.0000,-1.0000,-1.0000,-1.0000,-1.0000,-1.0000,-1.0000,-1.0000,-1.0000,-1.0000,-1.0000,-1.0000,-1.0000,-1.0000,-1.0000,-1.0000,-1.0000,-1.0000,-1.0000,-1.0000,-1.0000,-1.0000,-1.0000,-1.0000,-1.0000,-1.0000,-1.0000,-1.0000,-1.0000,-1.0000,-1.0000,-1.0000,-1.0000,-1.0000,-1.0000,-1.0000,-1.0000,-1.0000,-1.0000,-1.0000,-1.0000,-1.0000,-1.0000,-1.0000,-1.0000,-1.0000,-1.0000,-1.0000,-1.0000,-1.0000,-1.0000,-1.0000,1.2534,1.2285,1.2927,1.2550,1.2739,1.1908,1.0593,1.0889,1.0728,1.1481,1.0088,1.2274,1.0985,1.1187,1.1394,1.1803,1.0298,0.8865,0.9362,0.9063,0.8941,0.9373,0.9445,0.8700,0.9522,0.8769,0.8877,0.8609,0.9151,0.9527,0.8805,0.8464,0.8151,0.8330,0.8363,0.8338,0.8463,0.8635,0.8485,0.8290,1.3004,1.3133,1.3189,1.3111,1.2683,1.3113,1.3569,1.2501,1.2847,1.3369,1.3268,1.3088,1.2512,1.3228,1.3352,1.3047,1.3249,1.3219,1.2871,1.3353,1.2605,1.2826,1.3080,0,0.8151,-1.2936,-4.3513,2.2937
35,0.0700,0.5331,1.0114,1.1326,-1.2936,-4.3513,1.6266,0.1161,0.1903,0.0000,1.0269,1.0000,-0.0000,0.0020,0.0000,-0.0001,-0.0040,0.0003,-0.0009,0.0010,-0.0039,0.0001,-0.0040,0.0000,-0.0009,0.0014,0.0007,0.0000,0.0125,-0.0009,-0.0004,0.0211,0.0002,0.0017,-0.0000,0.0126,0.0007,0.0004,0.0212,0.0002,0.0013,0.0000,0.0088,0.0017,-0.0130,0.0159,0.1082,0.0024,-0.0009,-0.0887,-0.0002,-0.0443,-0.0899,-0.4185,-0.0007,-0.1089,-0.0188,-0.0283,0.0863,-0.0657,-0.0022,0.3272,-0.0118,-0.0103,0.3872,0.0060,0.0329,-0.0004,0.3235,0.0227,0.0034,0.3738,0.0061,0.0368,0.0003,-1.0000,-1.0000,-1.0000,-1.0000,-1.0000,-1.0000,-1.0000,-1.0000,-1.0000,-1.0000,-1.0000,-1.0000,-1.0000,-1.0000,-1.0000,-1.0000,-1.0000,-1.0000,-1.0000,-1.0000,-1.0000,-1.0000,-1.0000,-1.0000,-1.0000,-1.0000,-1.0000,-1.0000,-1.0000,-1.0000,-1.0000,-1.0000,-1.0000,-1.0000,-1.0000,-1.0000,-1.0000,-1.0000,-1.0000,-1.0000,-1.0000,-1.0000,-1.0000,-1.0000,-1.0000,-1.0000,-1.0000,-1.0000,-1.0000,-1.0000,-1.0000,-1.0000,-1.0000,-1.0000,-1.0000,-1.0000,-1.0000,-1.0000,-1.0000,-1.0000,-1.0000,-1.0000,-1.0000,-1.0000,-1.0000,-1.0000,-1.0000,-1.0000,-1.0000,-1.0000,-1.0000,-1.0000,-1.0000,-1.0000,-1.0000,-1.0000,-1.0000,-1.0000,-1.0000,-1.0000,-1.0000,-1.0000,-1.0000,-1.0000,-1.0000,-1.0000,-1.0000,-1.0000,-1.0000,-1.0000,-1.0000,-1.0000,-1.0000,-1.0000,-1.0000,-1.0000,-1.0000,-1.0000,-1.0000,-1.0000,-1.0000,-1.0000,-1.0000,-1.0000,-1.0000,-1.0000,-1.0000,-1.0000,-1.0000,-1.0000,-1.0000,-1.0000,-1.0000,-1.0000,-1.0000,-1.0000,-1.0000,-1.0000,-1.0000,-1.0000,-1.0000,1.2440,1.2190,1.2832,1.2455,1.2644,1.1813,1.0500,1.0794,1.0631,1.1385,0.9995,1.2177,1.0889,1.1091,1.1301,1.1707,1.0203,0.8769,0.9265,0.8966,0.8845,0.9277,0.9351,0.8605,0.9427,0.8675,0.8784,0.8515,0.9058,0.9433,0.8713,0.8375,0.8061,0.8240,0.8275,0.8246,0.8374,0.8543,0.8397,0.8201,1.2910,1.3036,1.3093,1.3015,1.2588,1.3018,1.3474,1.2406,1.2754,1.3275,1.3175,1.2995,1.2417,1.3136,1.3262,1.2957,1.3158,1.3130,1.2780,1.3262,1.2514,1.2737,1.2990,0,0.8061,-1.2936,-4.3513,2.2937
36,0.0720,0.5305,1.0027,1.1358,-1.2936,-4.3513,1.6070,0.1161,0.1903,0.0000,1.0268,1.0000,-0.0000,0.0021,0.0001,-0.0001,-0.0042,0.0003,-0.0010,0.0009,-0.0043,0.0001,-0.0042,0.0000,-0.0009,0.0015,0.0002,0.0000,0.0131,-0.0009,-0.0004,0.0218,0.0002,0.0018,-0.0000,0.0133,0.0008,0.0004,0.0219,0.0002,0.0013,0.0000,0.0090,0.0017,-0.0135,0.0167,0.1107,0.0026,-0.0015,-0.0924,-0.0133,-0.0446,-0.0732,-0.1707,0.0003,-0.1064,-0.0114,-0.0328,0.0488,-0.2375,-0.0024,0.3321,-0.0113,-0.0100,0.3801,0.0062,0.0331,-0.0004,0.3283,0.0229,0.0032,0.3664,0.0063,0.0377,0.0003,-1.0000,-1.0000,-1.0000,-1.0000,-1.0000,-1.0000,-1.0000,-1.0000,-1.0000,-1.0000,-1.0000,-1.0000,-1.0000,-1.0000,-1.0000,-1.0000,-1.0000,-1.0000,-1.0000,-1.0000,-1.0000,-1.0000,-1.0000,-1.0000,-1.0000,-1.0000,-1.0000,-1.0000,-1.0000,-1.0000,-1.0000,-1.0000,-1.0000,-1.0000,-1.0000,-1.0000,-1.0000,-1.0000,-1.0000,-1.0000,-1.0000,-1.0000,-1.0000,-1.0000,-1.0000,-1.0000,-1.0000,-1.0000,-1.0000,-1.0000,-1.0000,-1.0000,-1.0000,-1.0000,-1.0000,-1.0000,-1.0000,-1.0000,-1.0000,-1.0000,-1.0000,-1.0000,-1.0000,-1.0000,-1.0000,-1.0000,-1.0000,-1.0000,-1.0000,-1.0000,-1.0000,-1.0000,-1.0000,-1.0000,-1.0000,-1.0000,-1.0000,-1.0000,-1.0000,-1.0000,-1.0000,-1.0000,-1.0000,-1.0000,-1.0000,-1.0000,-1.0000,-1.0000,-1.0000,-1.0000,-1.0000,-1.0000,-1.0000,-1.0000,-1.0000,-1.0000,-1.0000,-1.0000,-1.0000,-1.0000,-1.0000,-1.0000,-1.0000,-1.0000,-1.0000,-1.0000,-1.0000,-1.0000,-1.0000,-1.0000,-1.0000,-1.0000,-1.0000,-1.0000,-1.0000,-1.0000,-1.0000,-1.0000,-1.0000,-1.0000,-1.0000,1.2345,1.2095,1.2737,1.2360,1.2549,1.1719,1.0407,1.0700,1.0535,1.1290,0.9901,1.2080,1.0794,1.0995,1.1207,1.1610,1.0107,0.8673,0.9168,0.8869,0.8748,0.9181,0.9256,0.8510,0.9331,0.8582,0.8691,0.8422,0.8966,0.9339,0.8622,0.8287,0.7971,0.8149,0.8187,0.8155,0.8284,0.8452,0.8310,0.8113,1.2815,1.2940,1.2997,1.2920,1.2492,1.2923,1.3380,1.2311,1.2662,1.3181,1.3081,1.2902,1.2323,1.3044,1.3173,1.2867,1.3067,1.3041,1.2690,1.3172,1.2423,1.2649,1.2901,0,0.7971,-1.2936,-4.3513,2.2937
36,0.0720,0.5305,1.0027,1.1358,-1.2936,-4.3513,1.6070,0.1161,0.1903,0.0000,1.0268,1.0000,-0.0000,0.0021,0.0001,-0.0001,-0.0042,0.0003,-0.0010,0.0009,-0.0043,0.0001,-0.0042,0.0000,-0.0009,0.0015,0.0002,0.0000,0.0131,-0.0009,-0.0004,0.0218,0.0002,0.0018,-0.0000,0.0133,0.0008,0.0004,0.0219,0.0002,0.0013,0.0000,0.0090,0.0017,-0.0135,0.0167,0.1107,0.0026,-0.0015,-0.0924,-0.0133,-0.0446,-0.0732,-0.1707,0.0003,-0.1064,-0.0114,-0.0328,0.0488,-0.2375,-0.0024,0.3321,-0.0113,-0.0100,0.3801,0.0062,0.0331,-0.0004,0.3283,0.0229,0.0032,0.3664,0.0063,0.0377,0.0003,-1.0000,-1.0000,-1.0000,-1.0000,-1.0000,-1.0000,-1.0000,-1.0000,-1.0000,-1.0000,-1.0000,-1.0000,-1.0000,-1.0000,-1.0000,-1.0000,-1.0000,-1.0000,-1.0000,-1.0000,-1.0000,-1.0000,-1.0000,-1.0000,-1.0000,-1.0000,-1.0000,-1.0000,-1.0000,-1.0000,-1.0000,-1.0000,-1.0000,-1.0000,-1.0000,-1.0000,-1.0000,-1.0000,-1.0000,-1.0000,-1.0000,-1.0000,-1.0000,-1.0000,-1.0000,-1.0000,-1.0000,-1.0000,-1.0000,-1.0000,-1.0000,-1.0000,-1.0000,-1.0000,-1.0000,-1.0000,-1.0000,-1.0000,-1.0000,-1.0000,-1.0000,-1.0000,-1.0000,-1.0000,-1.0000,-1.0000,-1.0000,-1.0000,-1.0000,-1.0000,-1.0000,-1.0000,-1.0000,-1.0000,-1.0000,-1.0000,-1.0000,-1.0000,-1.0000,-1.0000,-1.0000,-1.0000,-1.0000,-1.0000,-1.0000,-1.0000,-1.0000,-1.0000,-1.0000,-1.0000,-1.0000,-1.0000,-1.0000,-1.0000,-1.0000,-1.0000,-1.0000,-1.0000,-1.0000,-1.0000,-1.0000,-1.0000,-1.0000,-1.0000,-1.0000,-1.0000,-1.0000,-1.0000,-1.0000,-1.0000,-1.0000,-1.0000,-1.0000,-1.0000,-1.0000,-1.0000,-1.0000,-1.0000,-1.0000,-1.0000,-1.0000,1.2345,1.2095,1.2737,1.2360,1.2549,1.1719,1.0407,1.0700,1.0535,1.1290,0.9901,1.2080,1.0794,1.0995,1.1207,1.1610,1.0107,0.8673,0.9168,0.8869,0.8748,0.9181,0.9256,0.8510,0.9331,0.8582,0.8691,0.8422,0.8966,0.9339,0.8622,0.8287,0.7971,0.8149,0.8187,0.8155,0.8284,0.8452,0.8310,0.8113,1.2815,1.2940,1.2997,1.2920,1.2492,1.2923,1.3380,1.2311,1.2662,1.3181,1.3081,1.2902,1.2323,1.3044,1.3173,1.2867,1.3067,1.3041,1.2690,1.3172,1.2423,1.2649,1.2901,0,0.7971,-1.2936,-4.3513,2.2937
37,0.0740,0.5279,0.9940,1.1390,-1.2936,-4.3513,1.5874,0.1161,0.1903,0.0000,1.0268,1.0000,-0.0000,0.0022,0.0001,-0.0001,-0.0044,0.0002,-0.0011,0.0008,-0.0044,0.0001,-0.0044,-0.0000,-0.0010,0.0015,-0.0005,0.0000,0.0138,-0.0009,-0.0004,0.0226,0.0002,0.0018,-0.0000,0.0139,0.0008,0.0004,0.0226,0.0002,0.0014,0.0000,0.0092,0.0026,-0.0112,0.0311,0.1135,0.0026,-0.0018,-0.0978,-0.0355,-0.0441,-0.0442,-0.0855,0.0012,-0.1053,-0.0225,-0.0367,0.0196,-0.3775,-0.0041,0.3401,-0.0067,-0.0115,0.3816,0.0063,0.0335,-0.0004,0.3320,0.0273,0.0014,0.3584,0.0064,0.0386,0.0003,-1.0000,-1.0000,-1.0000,-1.0000,-1.0000,-1.0000,-1.0000,-1.0000,-1.0000,-1.0000,-1.0000,-1.0000,-1.0000,-1.0000,-1.0000,-1.0000,-1.0000,-1.0000,-1.0000,-1.0000,-1.0000,-1.0000,-1.0000,-1.0000,-1.0000,-1.0000,-1.0000,-1.0000,-1.0000,-1.0000,-1.0000,-1.0000,-1.0000,-1.0000,-1.0000,-1.0000,-1.0000,-1.0000,-1.0000,-1.0000,-1.0000,-1.0000,-1.0000,-1.0000,-1.0000,-1.0000,-1.0000,-1.0000,-1.0000,-1.0000,-1.0000,-1.0000,-1.0000,-1.0000,-1.0000,-1.0000,-1.0000,-1.0000,-1.0000,-1.0000,-1.0000,-1.0000,-1.0000,-1.0000,-1.0000,-1.0000,-1.0000,-1.0000,-1.0000,-1.0000,-1.0000,-1.0000,-1.0000,-1.0000,-1.0000,-1.0000,-1.0000,-1.0000,-1.0000,-1.0000,-1.0000,-1.0000,-1.0000,-1.0000,-1.0000,-1.0000,-1.0000,-1.0000,-1.0000,-1.0000,-1.0000,-1.0000,-1.0000,-1.0000,-1.0000,-1.0000,-1.0000,-1.0000,-1.0000,-1.0000,-1.0000,-1.0000,-1.0000,-1.0000,-1.0000,-1.0000,-1.0000,-1.0000,-1.0000,-1.0000,-1.0000,-1.0000,-1.0000,-1.0000,-1.0000,-1.0000,-1.0000,-1.0000,-1.0000,-1.0000,-1.0000,1.2251,1.2001,1.2642,1.2266,1.2454,1.1625,1.0315,1.0606,1.0439,1.1195,0.9808,1.1983,1.0698,1.0899,1.1114,1.1514,1.0012,0.8577,0.9071,0.8773,0.8652,0.9084,0.9162,0.8416,0.9236,0.8489,0.8598,0.8329,0.8874,0.9245,0.8531,0.8200,0.7881,0.8059,0.8100,0.8063,0.8195,0.8360,0.8222,0.8025,1.2720,1.2844,1.2902,1.2825,1.2397,1.2828,1.3285,1.2216,1.2569,1.3088,1.2989,1.2809,1.2229,1.2952,1.3083,1.2777,1.2976,1.2952,1.2599,1.3081,1.2332,1.2560,1.2812,0,0.7881,-1.2936,-4.3513,2.2937
37,0.0740,0.5279,0.9940,1.1390,-1.2936,-4.3513,1.5874,0.1161,0.1903,0.0000,1.0268,1.0000,-0.0000,0.0022,0.0001,-0.0001,-0.0044,0.0002,-0.0011,0.0008,-0.0044,0.0001,-0.0044,-0.0000,-0.0010,0.0015,-0.0005,0.0000,0.0138,-0.0009,-0.0004,0.0226,0.0002,0.0018,-0.0000,0.0139,0.0008,0.0004,0.0226,0.0002,0.0014,0.0000,0.0092,0.0026,-0.0112,0.0311,0.1135,0.0026,-0.0018,-0.0978,-0.0355,-0.0441,-0.0442,-0.0855,0.0012,-0.1053,-0.0225,-0.0367,0.0196,-0.3775,-0.0041,0.3401,-0.0067,-0.0115,0.3816,0.0063,0.0335,-0.0004,0.3320,0.0273,0.0014,0.3584,0.0064,0.0386,0.0003,-1.0000,-1.0000,-1.0000,-1.0000,-1.0000,-1.0000,-1.0000,-1.0000,-1.0000,-1.0000,-1.0000,-1.0000,-1.0000,-1.0000,-1.0000,-1.0000,-1.0000,-1.0000,-1.0000,-1.0000,-1.0000,-1.0000,-1.0000,-1.0000,-1.0000,-1.0000,-1.0000,-1.0000,-1.0000,-1.0000,-1.0000,-1.0000,-1.0000,-1.0000,-1.0000,-1.0000,-1.0000,-1.0000,-1.0000,-1.0000,-1.0000,-1.0000,-1.0000,-1.0000,-1.0000,-1.0000,-1.0000,-1.0000,-1.0000,-1.0000,-1.0000,-1.0000,-1.0000,-1.0000,-1.0000,-1.0000,-1.0000,-1.0000,-1.0000,-1.0000,-1.0000,-1.0000,-1.0000,-1.0000,-1.0000,-1.0000,-1.0000,-1.0000,-1.0000,-1.0000,-1.0000,-1.0000,-1.0000,-1.0000,-1.0000,-1.0000,-1.0000,-1.0000,-1.0000,-1.0000,-1.0000,-1.0000,-1.0000,-1.0000,-1.0000,-1.0000,-1.0000,-1.0000,-1.0000,-1.0000,-1.0000,-1.0000,-1.0000,-1.0000,-1.0000,-1.0000,-1.0000,-1.0000,-1.0000,-1.0000,-1.0000,-1.0000,-1.0000,-1.0000,-1.0000,-1.0000,-1.0000,-1.0000,-1.0000,-1.0000,-1.0000,-1.0000,-1.0000,-1.0000,-1.0000,-1.0000,-1.0000,-1.0000,-1.0000,-1.0000,-1.0000,1.2251,1.2001,1.2642,1.2266,1.2454,1.1625,1.0315,1.0606,1.0439,1.1195,0.9808,1.1983,1.0698,1.0899,1.1114,1.1514,1.0012,0.8577,0.9071,0.8773,0.8652,0.9084,0.9162,0.8416,0.9236,0.8489,0.8598,0.8329,0.8874,0.9245,0.8531,0.8200,0.7881,0.8059,0.8100,0.8063,0.8195,0.8360,0.8222,0.8025,1.2720,1.2844,1.2902,1.2825,1.2397,1.2828,1.3285,1.2216,1.2569,1.3088,1.2989,1.2809,1.2229,1.2952,1.3083,1.2777,1.2976,1.2952,1.2599,1.3081,1.2332,1.2560,1.2812,0,0.7881,-1.2936,-4.3513,2.2937
38,0.0760,0.5253,0.9853,1.1421,-1.2936,-4.3513,1.5678,0.1161,0.1904,0.0000,1.0268,1.0000,0.0000,0.0023,0.0001,-0.0001,-0.0046,0.0001,-0.0012,0.0007,-0.0045,0.0001,-0.0046,-0.0001,-0.0011,0.0014,-0.0014,0.0000,0.0145,-0.0009,-0.0005,0.0233,0.0003,0.0019,-0.0000,0.0146,0.0009,0.0004,0.0234,0.0003,0.0015,0.0000,0.0094,0.0029,-0.0081,0.0370,0.1166,0.0025,-0.0020,-0.1030,-0.0464,-0.0438,-0.0200,-0.0170,0.0015,-0.1022,-0.0260,-0.0424,-0.0296,-0.4554,-0.0046,0.3470,-0.0050,-0.0117,0.3807,0.0065,0.0339,-0.0004,0.3371,0.0289,0.0007,0.3542,0.0065,0.0396,0.0003,-1.0000,-1.0000,-1.0000,-1.0000,-1.0000,-1.0000,-1.0000,-1.0000,-1.0000,-1.0000,-1.0000,-1.0000,-1.0000,-1.0000,-1.0000,-1.0000,-1.0000,-1.0000,-1.0000,-1.0000,-1.0000,-1.0000,-1.0000,-1.0000,-1.0000,-1.0000,-1.0000,-1.0000,-1.0000,-1.0000,-1.0000,-1.0000,-1.0000,-1.0000,-1.0000,-1.0000,-1.0000,-1.0000,-1.0000,-1.0000,-1.0000,-1.0000,-1.0000,-1.0000,-1.0000,-1.0000,-1.0000,-1.0000,-1.0000,-1.0000,-1.0000,-1.0000,-1.0000,-1.0000,-1.0000,-1.0000,-1.0000,-1.0000,-1.0000,-1.0000,-1.0000,-1.0000,-1.0000,-1.0000,-1.0000,-1.0000,-1.0000,-1.0000,-1.0000,-1.0000,-1.0000,-1.0000,-1.0000,-1.0000,-1.0000,-1.0000,-1.0000,-1.0000,-1.0000,-1.0000,-1.0000,-1.0000,-1.0000,-1.0000,-1.0000,-1.0000,-1.0000,-1.0000,-1.0000,-1.0000,-1.0000,-1.0000,-1.0000,-1.0000,-1.0000,-1.0000,-1.0000,-1.0000,-1.0000,-1.0000,-1.0000,-1.0000,-1.0000,-1.0000,-1.0000,-1.0000,-1.0000,-1.0000,-1.0000,-1.0000,-1.0000,-1.0000,-1.0000,-1.0000,-1.0000,-1.0000,-1.0000,-1.0000,-1.0000,-1.0000,-1.0000,1.2157,1.1907,1.2547,1.2172,1.2360,1.1531,1.0222,1.0512,1.0342,1.1100,0.9715,1.1887,1.0603,1.0804,1.1020,1.1419,0.9917,0.8481,0.8975,0.8676,0.8556,0.8988,0.9068,0.8321,0.9140,0.8396,0.8505,0.8236,0.8782,0.9151,0.8440,0.8112,0.7792,0.7969,0.8012,0.7972,0.8106,0.8269,0.8135,0.7937,1.2626,1.2748,1.2806,1.2730,1.2302,1.2734,1.3191,1.2121,1.2476,1.2994,1.2896,1.2716,1.2135,1.2860,1.2993,1.2688,1.2885,1.2862,1.2509,1.2991,1.2242,1.2472,1.2723,0,0.7792,-1.2936,-4.3513,2.2937
39,0.0780,0.5227,0.9766,1.1452,-1.2936,-4.3513,1.5482,0.1161,0.1904,0.0000,1.0268,1.0000,0.0001,0.0025,0.0001,-0.0001,-0.0048,-0.0000,-0.0012,0.0007,-0.0044,0.0001,-0.0048,-0.0001,-0.0012,0.0013,-0.0024,0.0000,0.0152,-0.0009,-0.0005,0.0241,0.0003,0.0020,-0.0000,0.0153,0.0010,0.0004,0.0241,0.0003,0.0016,0.0000,0.0096,0.0030,-0.0046,0.0373,0.1196,0.0023,-0.0021,-0.1077,-0.0495,-0.0437,0.0000,0.0381,0.0014,-0.0999,-0.0252,-0.0476,-0.0710,-0.4738,-0.0043,0.3527,-0.0051,-0.0112,0.3777,0.0067,0.0343,-0.0005,0.3429,0.0286,0.0008,0.3519,0.0068,0.0406,0.0003,-1.0000,-1.0000,-1.0000,-1.0000,-1.0000,-1.0000,-1.0000,-1.0000,-1.0000,-1.0000,-1.0000,-1.0000,-1.0000,-1.0000,-1.0000,-1.0000,-1.0000,-1.0000,-1.0000,-1.0000,-1.0000,-1.0000,-1.0000,-1.0000,-1.0000,-1.0000,-1.0000,-1.0000,-1.0000,-1.0000,-1.0000,-1.0000,-1.0000,-1.0000,-1.0000,-1.0000,-1.0000,-1.0000,-1.0000,-1.0000,-1.0000,-1.0000,-1.0000,-1.0000,-1.0000,-1.0000,-1.0000,-1.0000,-1.0000,-1.0000,-1.0000,-1.0000,-1.0000,-1.0000,-1.0000,-1.0000,-1.0000,-1.0000,-1.0000,-1.0000,-1.0000,-1.0000,-1.0000,-1.0000,-1.0000,-1.0000,-1.0000,-1.0000,-1.0000,-1.0000,-1.0000,-1.0000,-1.0000,-1.0000,-1.0000,-1.0000,-1.0000,-1.0000,-1.0000,-1.0000,-1.0000,-1.0000,-1.0000,-1.0000,-1.0000,-1.0000,-1.0000,-1.0000,-1.0000,-1.0000,-1.0000,-1.0000,-1.0000,-1.0000,-1.0000,-1.0000,-1.0000,-1.0000,-1.0000,-1.0000,-1.0000,-1.0000,-1.0000,-1.0000,-1.0000,-1.0000,-1.0000,-1.0000,-1.0000,-1.0000,-1.0000,-1.0000,-1.0000,-1.0000,-1.0000,-1.0000,-1.0000,-1.0000,-1.0000,-1.0000,-1.0000,1.2063,1.1813,1.2453,1.2078,1.2266,1.1438,1.0130,1.0418,1.0246,1.1006,0.9622,1.1791,1.0508,1.0709,1.0927,1.1323,0.9822,0.8386,0.8879,0.8580,0.8460,0.8893,0.8974,0.8227,0.9045,0.8303,0.8412,0.8144,0.8691,0.9057,0.8350,0.8025,0.7702,0.7879,0.7925,0.7881,0.8017,0.8178,0.8048,0.7849,1.2531,1.2652,1.2711,1.2635,1.2207,1.2639,1.3096,1.2026,1.2384,1.2901,1.2803,1.2623,1.2042,1.2768,1.2904,1.2598,1.2795,1.2774,1.2418,1.2900,1.2151,1.2384,1.2635,0,0.7702,-1.2936,-4.3513,2.2937
39,0.0780,0.5227,0.9766,1.1452,-1.2936,-4.3513,1.5482,0.1161,0.1904,0.0000,1.0268,1.0000,0.0001,0.0025,0.0001,-0.0001,-0.0048,-0.0000,-0.0012,0.0007,-0.0044,0.0001,-0.0048,-0.0001,-0.0012,0.0013,-0.0024,0.0000,0.0152,-0.0009,-0.0005,0.0241,0.0003,0.0020,-0.0000,0.0153,0.0010,0.0004,0.0241,0.0003,0.0016,0.0000,0.0096,0.0030,-0.0046,0.0373,0.1196,0.0023,-0.0021,-0.1077,-0.0495,-0.0437,0.0000,0.0381,0.0014,-0.0999,-0.0252,-0.0476,-0.0710,-0.4738,-0.0043,0.3527,-0.0051,-0.0112,0.3777,0.0067,0.0343,-0.0005,0.3429,0.0286,0.0008,0.3519,0.0068,0.0406,0.0003,-1.0000,-1.0000,-1.0000,-1.0000,-1.0000,-1.0000,-1.0000,-1.0000,-1.0000,-1.0000,-1.0000,-1.0000,-1.0000,-1.0000,-1.0000,-1.0000,-1.0000,-1.0000,-1.0000,-1.0000,-1.0000,-1.0000,-1.0000,-1.0000,-1.0000,-1.0000,-1.0000,-1.0000,-1.0000,-1.0000,-1.0000,-1.0000,-1.0000,-1.0000,-1.0000,-1.0000,-1.0000,-1.0000,-1.0000,-1.0000,-1.0000,-1.0000,-1.0000,-1.0000,-1.0000,-1.0000,-1.0000,-1.0000,-1.0000,-1.0000,-1.0000,-1.0000,-1.0000,-1.0000,-1.0000,-1.0000,-1.0000,-1.0000,-1.0000,-1.0000,-1.0000,-1.0000,-1.0000,-1.0000,-1.0000,-1.0000,-1.0000,-1.0000,-1.0000,-1.0000,-1.0000,-1.0000,-1.0000,-1.0000,-1.0000,-1.0000,-1.0000,-1.0000,-1.0000,-1.0000,-1.0000,-1.0000,-1.0000,-1.0000,-1.0000,-1.0000,-1.0000,-1.0000,-1.0000,-1.0000,-1.0000,-1.0000,-1.0000,-1.0000,-1.0000,-1.0000,-1.0000,-1.0000,-1.0000,-1.0000,-1.0000,-1.0000,-1.0000,-1.0000,-1.0000,-1.0000,-1.0000,-1.0000,-1.0000,-1.0000,-1.0000,-1.0000,-1.0000,-1.0000,-1.0000,-1.0000,-1.0000,-1.0000,-1.0000,-1.0000,-1.0000,1.2063,1.1813,1.2453,1.2078,1.2266,1.1438,1.0130,1.0418,1.0246,1.1006,0.9622,1.1791,1.0508,1.0709,1.0927,1.1323,0.9822,0.8386,0.8879,0.8580,0.8460,0.8893,0.8974,0.8227,0.9045,0.8303,0.8412,0.8144,0.8691,0.9057,0.8350,0.8025,0.7702,0.7879,0.7925,0.7881,0.8017,0.8178,0.8048,0.7849,1.2531,1.2652,1.2711,1.2635,1.2207,1.2639,1.3096,1.2026,1.2384,1.2901,1.2803,1.2623,1.2042,1.2768,1.2904,1.2598,1.2795,1.2774,1.2418,1.2900,1.2151,1.2384,1.2635,0,0.7702,-1.2936,-4.3513,2.2937
40,0.0800,0.5201,0.9679,1.1483,-1.2936,-4.3513,1.5285,0.1161,0.1904,0.0000,1.0268,1.0000,0.0001,0.0026,0.0001,-0.0001,-0.0050,-0.0001,-0.0013,0.0008,-0.0042,0.0001,-0.0050,-0.0002,-0.0013,0.0012,-0.0028,-0.0000,0.0159,-0.0009,-0.0005,0.0248,0.0003,0.0020,-0.0000,0.0160,0.0010,0.0004,0.0247,0.0003,0.0017,0.0000,0.0097,0.0029,-0.0029,0.0427,0.1220,0.0021,-0.0021,-0.1115,-0.0582,-0.0438,0.0174,0.0865,0.0012,-0.1032,-0.0430,-0.0482,-0.0578,-0.2344,-0.0046,0.3579,-0.0024,-0.0112,0.3730,0.0069,0.0346,-0.0005,0.3466,0.0309,0.0003,0.3445,0.0069,0.0415,0.0003,-1.0000,-1.0000,-1.0000,-1.0000,-1.0000,-1.0000,-1.0000,-1.0000,-1.0000,-1.0000,-1.0000,-1.0000,-1.0000,-1.0000,-1.0000,-1.0000,-1.0000,-1.0000,-1.0000,-1.0000,-1.0000,-1.0000,-1.0000,-1.0000,-1.0000,-1.0000,-1.0000,-1.0000,-1.0000,-1.0000,-1.0000,-1.0000,-1.0000,-1.0000,-1.0000,-1.0000,-1.0000,-1.0000,-1.0000,-1.0000,-1.0000,-1.0000,-1.0000,-1.0000,-1.0000,-1.0000,-1.0000,-1.0000,-1.0000,-1.0000,-1.0000,-1.0000,-1.0000,-1.0000,-1.0000,-1.0000,-1.0000,-1.0000,-1.0000,-1.0000,-1.0000,-1.0000,-1.0000,-1.0000,-1.0000,-1.0000,-1.0000,-1.0000,-1.0000,-1.0000,-1.0000,-1.0000,-1.0000,-1.0000,-1.0000,-1.0000,-1.0000,-1.0000,-1.0000,-1.0000,-1.0000,-1.0000,-1.0000,-1.0000,-1.0000,-1.0000,-1.0000,-1.0000,-1.0000,-1.0000,-1.0000,-1.0000,-1.0000,-1.0000,-1.0000,-1.0000,-1.0000,-1.0000,-1.0000,-1.0000,-1.0000,-1.0000,-1.0000,-1.0000,-1.0000,-1.0000,-1.0000,-1.0000,-1.0000,-1.0000,-1.0000,-1.0000,-1.0000,-1.0000,-1.0000,-1.0000,-1.0000,-1.0000,-1.0000,-1.0000,-1.0000,1.1970,1.1719,1.2360,1.1985,1.2172,1.1344,1.0038,1.0324,1.0150,1.0911,0.9529,1.1695,1.0413,1.0614,1.0834,1.1228,0.9727,0.8291,0.8782,0.8484,0.8364,0.8797,0.8881,0.8133,0.8950,0.8210,0.8319,0.8051,0.8599,0.8963,0.8259,0.7937,0.7613,0.7789,0.7838,0.7790,0.7928,0.8086,0.7961,0.7762,1.2437,1.2557,1.2615,1.2540,1.2112,1.2545,1.3002,1.1932,1.2292,1.2807,1.2710,1.2531,1.1948,1.2677,1.2814,1.2509,1.2704,1.2685,1.2328,1.2810,1.2060,1.2296,1.2546,0,0.7613,-1.2936,-4.3513,2.2937
40,0.0800,0.5201,0.9679,1.1483,-1.2936,-4.3513,1.5285,0.1161,0.1904,0.0000,1.0268,1.0000,0.0001,0.0026,0.0001,-0.0001,-0.0050,-0.0001,-0.0013,0.0008,-0.0042,0.0001,-0.0050,-0.0002,-0.0013,0.0012,-0.0028,-0.0000,0.0159,-0.0009,-0.0005,0.0248,0.0003,0.0020,-0.0000,0.0160,0.0010,0.0004,0.0247,0.0003,0.0017,0.0000,0.0097,0.0029,-0.0029,0.0427,0.1220,0.0021,-0.0021,-0.1115,-0.0582,-0.0438,0.0174,0.0865,0.0012,-0.1032,-0.0430,-0.0482,-0.0578,-0.2344,-0.0046,0.3579,-0.0024,-0.0112,0.3730,0.0069,0.0346,-0.0005,0.3466,0.0309,0.0003,0.3445,0.0069,0.0415,0.0003,-1.0000,-1.0000,-1.0000,-1.0000,-1.0000,-1.0000,-1.0000,-1.0000,-1.0000,-1.0000,-1.0000,-1.0000,-1.0000,-1.0000,-1.0000,-1.0000,-1.0000,-1.0000,-1.0000,-1.0000,-1.0000,-1.0000,-1.0000,-1.0000,-1.0000,-1.0000,-1.0000,-1.0000,-1.0000,-1.0000,-1.0000,-1.0000,-1.0000,-1.0000,-1.0000,-1.0000,-1.0000,-1.0000,-1.0000,-1.0000,-1.0000,-1.0000,-1.0000,-1.0000,-1.0000,-1.0000,-1.0000,-1.0000,-1.0000,-1.0000,-1.0000,-1.0000,-1.0000,-1.0000,-1.0000,-1.0000,-1.0000,-1.0000,-1.0000,-1.0000,-1.0000,-1.0000,-1.0000,-1.0000,-1.0000,-1.0000,-1.0000,-1.0000,-1.0000,-1.0000,-1.0000,-1.0000,-1.0000,-1.0000,-1.0000,-1.0000,-1.0000,-1.0000,-1.0000,-1.0000,-1.0000,-1.0000,-1.0000,-1.0000,-1.0000,-1.0000,-1.0000,-1.0000,-1.0000,-1.0000,-1.0000,-1.0000,-1.0000,-1.0000,-1.0000,-1.0000,-1.0000,-1.0000,-1.0000,-1.0000,-1.0000,-1.0000,-1.0000,-1.0000,-1.0000,-1.0000,-1.0000,-1.0000,-1.0000,-1.0000,-1.0000,-1.0000,-1.0000,-1.0000,-1.0000,-1.0000,-1.0000,-1.0000,-1.0000,-1.0000,-1.0000,1.1970,1.1719,1.2360,1.1985,1.2172,1.1344,1.0038,1.0324,1.0150,1.0911,0.9529,1.1695,1.0413,1.0614,1.0834,1.1228,0.9727,0.8291,0.8782,0.8484,0.8364,0.8797,0.8881,0.8133,0.8950,0.8210,0.8319,0.8051,0.8599,0.8963,0.8259,0.7937,0.7613,0.7789,0.7838,0.7790,0.7928,0.8086,0.7961,0.7762,1.2437,1.2557,1.2615,1.2540,1.2112,1.2545,1.3002,1.1932,1.2292,1.2807,1.2710,1.2531,1.1948,1.2677,1.2814,1.2509,1.2704,1.2685,1.2328,1.2810,1.2060,1.2296,1.2546,0,0.7613,-1.2936,-4.3513,2.2937
41,0.0820,0.5176,0.9592,1.1513,-1.2936,-4.3513,1.5089,0.1161,0.1904,0.0000,1.0268,1.0000,0.0002,0.0027,0.0001,-0.0001,-0.0052,-0.0003,-0.0014,0.0008,-0.0040,0.0001,-0.0052,-0.0003,-0.0014,0.0011,-0.0029,-0.0000,0.0167,-0.0009,-0.0005,0.0256,0.0003,0.0021,-0.0000,0.0167,0.0011,0.0004,0.0254,0.0003,0.0017,0.0000,0.0099,0.0028,-0.0019,0.0486,0.1242,0.0019,-0.0020,-0.1148,-0.0673,-0.0440,0.0319,0.1270,0.0011,-0.1061,-0.0605,-0.0488,-0.0464,-0.0187,-0.0049,0.3624,0.0004,-0.0112,0.3668,0.0070,0.0348,-0.0005,0.3495,0.0332,-0.0003,0.3353,0.0070,0.0422,0.0003,-1.0000,-1.0000,-1.0000,-1.0000,-1.0000,-1.0000,-1.0000,-1.0000,-1.0000,-1.0000,-1.0000,-1.0000,-1.0000,-1.0000,-1.0000,-1.0000,-1.0000,-1.0000,-1.0000,-1.0000,-1.0000,-1.0000,-1.0000,-1.0000,-1.0000,-1.0000,-1.0000,-1.0000,-1.0000,-1.0000,-1.0000,-1.0000,-1.0000,-1.0000,-1.0000,-1.0000,-1.0000,-1.0000,-1.0000,-1.0000,-1.0000,-1.0000,-1.0000,-1.0000,-1.0000,-1.0000,-1.0000,-1.0000,-1.0000,-1.0000,-1.0000,-1.0000,-1.0000,-1.0000,-1.0000,-1.0000,-1.0000,-1.0000,-1.0000,-1.0000,-1.0000,-1.0000,-1.0000,-1.0000,-1.0000,-1.0000,-1.0000,-1.0000,-1.0000,-1.0000,-1.0000,-1.0000,-1.0000,-1.0000,-1.0000,-1.0000,-1.0000,-1.0000,-1.0000,-1.0000,-1.0000,-1.0000,-1.0000,-1.0000,-1.0000,-1.0000,-1.0000,-1.0000,-1.0000,-1.0000,-1.0000,-1.0000,-1.0000,-1.0000,-1.0000,-1.0000,-1.0000,-1.0000,-1.0000,-1.0000,-1.0000,-1.0000,-1.0000,-1.0000,-1.0000,-1.0000,-1.0000,-1.0000,-1.0000,-1.0000,-1.0000,-1.0000,-1.0000,-1.0000,-1.0000,-1.0000,-1.0000,-1.0000,-1.0000,-1.0000,-1.0000,1.1877,1.1626,1.2266,1.1892,1.2079,1.1252,0.9946,1.0231,1.0055,1.0817,0.9436,1.1599,1.0318,1.0518,1.0741,1.1132,0.9632,0.8195,0.8686,0.8388,0.8269,0.8701,0.8787,0.8039,0.8855,0.8117,0.8227,0.7959,0.8508,0.8870,0.8169,0.7850,0.7523,0.7699,0.7751,0.7700,0.7840,0.7995,0.7874,0.7674,1.2343,1.2461,1.2520,1.2445,1.2017,1.2450,1.2908,1.1837,1.2199,1.2714,1.2618,1.2438,1.1854,1.2585,1.2725,1.2419,1.2614,1.2596,1.2238,1.2720,1.1970,1.2208,1.2457,0,0.7523,-1.2936,-4.3513,2.2937
42,0.0840,0.5150,0.9504,1.1543,-1.2936,-4.3513,1.4893,0.1161,0.1904,0.0000,1.0268,1.0000,0.0002,0.0028,0.0001,-0.0001,-0.0055,-0.0004,-0.0015,0.0009,-0.0037,0.0001,-0.0055,-0.0004,-0.0015,0.0011,-0.0028,-0.0000,0.0174,-0.0009,-0.0005,0.0263,0.0003,0.0022,-0.0000,0.0174,0.0012,0.0004,0.0261,0.0003,0.0018,0.0000,0.0101,0.0023,0.0017,0.0398,0.1267,0.0017,-0.0020,-0.1181,-0.0574,-0.0444,0.0430,0.1529,0.0009,-0.1110,-0.0518,-0.0483,-0.0202,0.0342,-0.0035,0.3657,-0.0025,-0.0093,0.3592,0.0073,0.0351,-0.0005,0.3555,0.0298,0.0010,0.3352,0.0073,0.0433,0.0003,-1.0000,-1.0000,-1.0000,-1.0000,-1.0000,-1.0000,-1.0000,-1.0000,-1.0000,-1.0000,-1.0000,-1.0000,-1.0000,-1.0000,-1.0000,-1.0000,-1.0000,-1.0000,-1.0000,-1.0000,-1.0000,-1.0000,-1.0000,-1.0000,-1.0000,-1.0000,-1.0000,-1.0000,-1.0000,-1.0000,-1.0000,-1.0000,-1.0000,-1.0000,-1.0000,-1.0000,-1.0000,-1.0000,-1.0000,-1.0000,-1.0000,-1.0000,-1.0000,-1.0000,-1.0000,-1.0000,-1.0000,-1.0000,-1.0000,-1.0000,-1.0000,-1.0000,-1.0000,-1.0000,-1.0000,-1.0000,-1.0000,-1.0000,-1.0000,-1.0000,-1.0000,-1.0000,-1.0000,-1.0000,-1.0000,-1.0000,-1.0000,-1.0000,-1.0000,-1.0000,-1.0000,-1.0000,-1.0000,-1.0000,-1.0000,-1.0000,-1.0000,-1.0000,-1.0000,-1.0000,-1.0000,-1.0000,-1.0000,-1.0000,-1.0000,-1.0000,-1.0000,-1.0000,-1.0000,-1.0000,-1.0000,-1.0000,-1.0000,-1.0000,-1.0000,-1.0000,-1.0000,-1.0000,-1.0000,-1.0000,-1.0000,-1.0000,-1.0000,-1.0000,-1.0000,-1.0000,-1.0000,-1.0000,-1.0000,-1.0000,-1.0000,-1.0000,-1.0000,-1.0000,-1.0000,-1.0000,-1.0000,-1.0000,-1.0000,-1.0000,-1.0000,1.1784,1.1533,1.2173,1.1799,1.1986,1.1159,0.9854,1.0137,0.9959,1.0722,0.9343,1.1503,1.0223,1.0424,1.0648,1.1037,0.9537,0.8100,0.8591,0.8293,0.8173,0.8606,0.8694,0.7945,0.8760,0.8025,0.8135,0.7866,0.8417,0.8776,0.8078,0.7763,0.7434,0.7610,0.7664,0.7609,0.7751,0.7905,0.7787,0.7587,1.2249,1.2366,1.2425,1.2351,1.1922,1.2356,1.2814,1.1743,1.2107,1.2621,1.2525,1.2346,1.1761,1.2493,1.2636,1.2330,1.2524,1.2507,1.2148,1.2630,1.1879,1.2120,1.2369,0,0.7434,-1.2936,-4.3513,2.2937
42,0.0840,0.5150,0.9504,1.1543,-1.2936,-4.3513,1.4893,0.1161,0.1904,0.0000,1.0268,1.0000,0.0002,0.0028,0.0001,-0.0001,-0.0055,-0.0004,-0.0015,0.0009,-0.0037,0.0001,-0.0055,-0.0004,-0.0015,0.0011,-0.0028,-0.0000,0.0174,-0.0009,-0.0005,0.0263,0.0003,0.0022,-0.0000,0.0174,0.0012,0.0004,0.0261,0.0003,0.0018,0.0000,0.0101,0.0023,0.0017,0.0398,0.1267,0.0017,-0.0020,-0.1181,-0.0574,-0.0444,0.0430,0.1529,0.0009,-0.1110,-0.0518,-0.0483,-0.0202,0.0342,-0.0035,0.3657,-0.0025,-0.0093,0.3592,0.0073,0.0351,-0.0005,0.3555,0.0298,0.0010,0.3352,0.0073,0.0433,0.0003,-1.0000,-1.0000,-1.0000,-1.0000,-1.0000,-1.0000,-1.0000,-1.0000,-1.0000,-1.0000,-1.0000,-1.0000,-1.0000,-1.0000,-1.0000,-1.0000,-1.0000,-1.0000,-1.0000,-1.0000,-1.0000,-1.0000,-1.0000,-1.0000,-1.0000,-1.0000,-1.0000,-1.0000,-1.0000,-1.0000,-1.0000,-1.0000,-1.0000,-1.0000,-1.0000,-1.0000,-1.0000,-1.0000,-1.0000,-1.0000,-1.0000,-1.0000,-1.0000,-1.0000,-1.0000,-1.0000,-1.0000,-1.0000,-1.0000,-1.0000,-1.0000,-1.0000,-1.0000,-1.0000,-1.0000,-1.0000,-1.0000,-1.0000,-1.0000,-1.0000,-1.0000,-1.0000,-1.0000,-1.0000,-1.0000,-1.0000,-1.0000,-1.0000,-1.0000,-1.0000,-1.0000,-1.0000,-1.0000,-1.0000,-1.0000,-1.0000,-1.0000,-1.0000,-1.0000,-1.0000,-1.0000,-1.0000,-1.0000,-1.0000,-1.0000,-1.0000,-1.0000,-1.0000,-1.0000,-1.0000,-1.0000,-1.0000,-1.0000,-1.0000,-1.0000,-1.0000,-1.0000,-1.0000,-1.0000,-1.0000,-1.0000,-1.0000,-1.0000,-1.0000,-1.0000,-1.0000,-1.0000,-1.0000,-1.0000,-1.0000,-1.0000,-1.0000,-1.0000,-1.0000,-1.0000,-1.0000,-1.0000,-1.0000,-1.0000,-1.0000,-1.0000,1.1784,1.1533,1.2173,1.1799,1.1986,1.1159,0.9854,1.0137,0.9959,1.0722,0.9343,1.1503,1.0223,1.0424,1.0648,1.1037,0.9537,0.8100,0.8591,0.8293,0.8173,0.8606,0.8694,0.7945,0.8760,0.8025,0.8135,0.7866,0.8417,0.8776,0.8078,0.7763,0.7434,0.7610,0.7664,0.7609,0.7751,0.7905,0.7787,0.7587,1.2249,1.2366,1.2425,1.2351,1.1922,1.2356,1.2814,1.1743,1.2107,1.2621,1.2525,1.2346,1.1761,1.2493,1.2636,1.2330,1.2524,1.2507,1.2148,1.2630,1.1879,1.2120,1.2369,0,0.7434,-1.2936,-4.3513,2.2937
43,0.0860,0.5124,0.9417,1.1572,-1.2936,-4.3513,1.4697,0.1161,0.1905,0.0001,1.0268,1.0000,0.0002,0.0030,0.0001,-0.0001,-0.0057,-0.0005,-0.0016,0.0010,-0.0033,0.0001,-0.0057,-0.0005,-0.0016,0.0011,-0.0026,-0.0000,0.0181,-0.0009,-0.0006,0.0270,0.0003,0.0022,-0.0000,0.0181,0.0012,0.0004,0.0268,0.0003,0.0019,0.0000,0.0103,0.0017,0.0046,0.0319,0.1290,0.0015,-0.0020,-0.1210,-0.0485,-0.0448,0.0522,0.1735,0.0007,-0.1152,-0.0440,-0.0481,0.0017,0.0775,-0.0023,0.3683,-0.0049,-0.0076,0.3504,0.0075,0.0352,-0.0005,0.3605,0.0269,0.0021,0.3329,0.0076,0.0443,0.0004,-1.0000,-1.0000,-1.0000,-1.0000,-1.0000,-1.0000,-1.0000,-1.0000,-1.0000,-1.0000,-1.0000,-1.0000,-1.0000,-1.0000,-1.0000,-1.0000,-1.0000,-1.0000,-1.0000,-1.0000,-1.0000,-1.0000,-1.0000,-1.0000,-1.0000,-1.0000,-1.0000,-1.0000,-1.0000,-1.0000,-1.0000,-1.0000,-1.0000,-1.0000,-1.0000,-1.0000,-1.0000,-1.0000,-1.0000,-1.0000,-1.0000,-1.0000,-1.0000,-1.0000,-1.0000,-1.0000,-1.0000,-1.0000,-1.0000,-1.0000,-1.0000,-1.0000,-1.0000,-1.0000,-1.0000,-1.0000,-1.0000,-1.0000,-1.0000,-1.0000,-1.0000,-1.0000,-1.0000,-1.0000,-1.0000,-1.0000,-1.0000,-1.0000,-1.0000,-1.0000,-1.0000,-1.0000,-1.0000,-1.0000,-1.0000,-1.0000,-1.0000,-1.0000,-1.0000,-1.0000,-1.0000,-1.0000,-1.0000,-1.0000,-1.0000,-1.0000,-1.0000,-1.0000,-1.0000,-1.0000,-1.0000,-1.0000,-1.0000,-1.0000,-1.0000,-1.0000,-1.0000,-1.0000,-1.0000,-1.0000,-1.0000,-1.0000,-1.0000,-1.0000,-1.0000,-1.0000,-1.0000,-1.0000,-1.0000,-1.0000,-1.0000,-1.0000,-1.0000,-1.0000,-1.0000,-1.0000,-1.0000,-1.0000,-1.0000,-1.0000,-1.0000,1.1692,1.1441,1.2080,1.1706,1.1893,1.1067,0.9762,1.0044,0.9864,1.0628,0.9250,1.1407,1.0128,1.0329,1.0555,1.0942,0.9443,0.8005,0.8495,0.8197,0.8078,0.8511,0.8601,0.7851,0.8665,0.7932,0.8042,0.7774,0.8325,0.8683,0.7988,0.7677,0.7345,0.7521,0.7578,0.7519,0.7663,0.7814,0.7701,0.7500,1.2155,1.2271,1.2330,1.2256,1.1828,1.2262,1.2720,1.1649,1.2015,1.2528,1.2433,1.2253,1.1667,1.2402,1.2546,1.2241,1.2433,1.2418,1.2058,1.2539,1.1789,1.2032,1.2280,0,0.7345,-1.2936,-4.3513,2.2937
43,0.0860,0.5124,0.9417,1.1572,-1.2936,-4.3513,1.4697,0.1161,0.1905,0.0001,1.0268,1.0000,0.0002,0.0030,0.0001,-0.0001,-0.0057,-0.0005,-0.0016,0.0010,-0.0033,0.0001,-0.0057,-0.0005,-0.0016,0.0011,-0.0026,-0.0000,0.0181,-0.0009,-0.0006,0.0270,0.0003,0.0022,-0.0000,0.0181,0.0012,0.0004,0.0268,0.0003,0.0019,0.0000,0.0103,0.0017,0.0046,0.0319,0.1290,0.0015,-0.0020,-0.1210,-0.0485,-0.0448,0.0522,0.1735,0.0007,-0.1152,-0.0440,-0.0481,0.0017,0.0775,-0.0023,0.3683,-0.0049,-0.0076,0.3504,0.0075,0.0352,-0.0005,0.3605,0.0269,0.0021,0.3329,0.0076,0.0443,0.0004,-1.0000,-1.0000,-1.0000,-1.0000,-1.0000,-1.0000,-1.0000,-1.0000,-1.0000,-1.0000,-1.0000,-1.0000,-1.0000,-1.0000,-1.0000,-1.0000,-1.0000,-1.0000,-1.0000,-1.0000,-1.0000,-1.0000,-1.0000,-1.0000,-1.0000,-1.0000,-1.0000,-1.0000,-1.0000,-1.0000,-1.0000,-1.0000,-1.0000,-1.0000,-1.0000,-1.0000,-1.0000,-1.0000,-1.0000,-1.0000,-1.0000,-1.0000,-1.0000,-1.0000,-1.0000,-1.0000,-1.0000,-1.0000,-1.0000,-1.0000,-1.0000,-1.0000,-1.0000,-1.0000,-1.0000,-1.0000,-1.0000,-1.0000,-1.0000,-1.0000,-1.0000,-1.0000,-1.0000,-1.0000,-1.0000,-1.0000,-1.0000,-1.0000,-1.0000,-1.0000,-1.0000,-1.0000,-1.0000,-1.0000,-1.0000,-1.0000,-1.0000,-1.0000,-1.0000,-1.0000,-1.0000,-1.0000,-1.0000,-1.0000,-1.0000,-1.0000,-1.0000,-1.0000,-1.0000,-1.0000,-1.0000,-1.0000,-1.0000,-1.0000,-1.0000,-1.0000,-1.0000,-1.0000,-1.0000,-1.0000,-1.0000,-1.0000,-1.0000,-1.0000,-1.0000,-1.0000,-1.0000,-1.0000,-1.0000,-1.0000,-1.0000,-1.0000,-1.0000,-1.0000,-1.0000,-1.0000,-1.0000,-1.0000,-1.0000,-1.0000,-1.0000,1.1692,1.1441,1.2080,1.1706,1.1893,1.1067,0.9762,1.0044,0.9864,1.0628,0.9250,1.1407,1.0128,1.0329,1.0555,1.0942,0.9443,0.8005,0.8495,0.8197,0.8078,0.8511,0.8601,0.7851,0.8665,0.7932,0.8042,0.7774,0.8325,0.8683,0.7988,0.7677,0.7345,0.7521,0.7578,0.7519,0.7663,0.7814,0.7701,0.7500,1.2155,1.2271,1.2330,1.2256,1.1828,1.2262,1.2720,1.1649,1.2015,1.2528,1.2433,1.2253,1.1667,1.2402,1.2546,1.2241,1.2433,1.2418,1.2058,1.2539,1.1789,1.2032,1.2280,0,0.7345,-1.2936,-4.3513,2.2937
44,0.0880,0.5098,0.9330,1.1601,-1.2936,-4.3513,1.4501,0.1161,0.1905,0.0001,1.0268,1.0000,0.0003,0.0031,0.0001,-0.0001,-0.0060,-0.0006,-0.0017,0.0012,-0.0029,0.0001,-0.0059,-0.0006,-0.0017,0.0011,-0.0024,-0.0000,0.0189,-0.0009,-0.0006,0.0277,0.0003,0.0023,-0.0000,0.0189,0.0013,0.0004,0.0274,0.0003,0.0020,0.0000,0.0105,0.0013,0.0069,0.0251,0.1311,0.0014,-0.0020,-0.1235,-0.0407,-0.0453,0.0597,0.1895,0.0005,-0.1188,-0.0370,-0.0480,0.0198,0.1126,-0.0012,0.3705,-0.0069,-0.0061,0.3406,0.0077,0.0354,-0.0005,0.3648,0.0242,0.0029,0.3288,0.0079,0.0431,0.0004,-1.0000,-1.0000,-1.0000,-1.0000,-1.0000,-1.0000,-1.0000,-1.0000,-1.0000,-1.0000,-1.0000,-1.0000,-1.0000,-1.0000,-1.0000,-1.0000,-1.0000,-1.0000,-1.0000,-1.0000,-1.0000,-1.0000,-1.0000,-1.0000,-1.0000,-1.0000,-1.0000,-1.0000,-1.0000,-1.0000,-1.0000,-1.0000,-1.0000,-1.0000,-1.0000,-1.0000,-1.0000,-1.0000,-1.0000,-1.0000,-1.0000,-1.0000,-1.0000,-1.0000,-1.0000,-1.0000,-1.0000,-1.0000,-1.0000,-1.0000,-1.0000,-1.0000,-1.0000,-1.0000,-1.0000,-1.0000,-1.0000,-1.0000,-1.0000,-1.0000,-1.0000,-1.0000,-1.0000,-1.0000,-1.0000,-1.0000,-1.0000,-1.0000,-1.0000,-1.0000,-1.0000,-1.0000,-1.0000,-1.0000,-1.0000,-1.0000,-1.0000,-1.0000,-1.0000,-1.0000,-1.0000,-1.0000,-1.0000,-1.0000,-1.0000,-1.0000,-1.0000,-1.0000,-1.0000,-1.0000,-1.0000,-1.0000,-1.0000,-1.0000,-1.0000,-1.0000,-1.0000,-1.0000,-1.0000,-1.0000,-1.0000,-1.0000,-1.0000,-1.0000,-1.0000,-1.0000,-1.0000,-1.0000,-1.0000,-1.0000,-1.0000,-1.0000,-1.0000,-1.0000,-1.0000,-1.0000,-1.0000,-1.0000,-1.0000,-1.0000,-1.0000,1.1600,1.1348,1.1987,1.1614,1.1800,1.0975,0.9670,0.9950,0.9768,1.0534,0.9158,1.1312,1.0034,1.0234,1.0463,1.0847,0.9348,0.7910,0.8400,0.8102,0.7982,0.8415,0.8507,0.7757,0.8571,0.7840,0.7950,0.7682,0.8234,0.8590,0.7898,0.7590,0.7257,0.7431,0.7491,0.7428,0.7575,0.7723,0.7615,0.7413,1.2061,1.2176,1.2236,1.2162,1.1733,1.2168,1.2626,1.1555,1.1923,1.2435,1.2340,1.2161,1.1574,1.2310,1.2457,1.2152,1.2343,1.2330,1.1968,1.2449,1.1699,1.1944,1.2192,0,0.7257,-1.2936,-4.3513,2.2937
45,0.0900,0.5072,0.9243,1.1630,-1.2936,-4.3513,1.4304,0.1161,0.1905,0.0001,1.0268,1.0000,0.0003,0.0032,0.0001,-0.0001,-0.0062,-0.0006,-0.0018,0.0013,-0.0025,0.0001,-0.0062,-0.0007,-0.0018,0.0012,-0.0021,-0.0000,0.0196,-0.0010,-0.0006,0.0283,0.0004,0.0024,-0.0000,0.0196,0.0013,0.0004,0.0281,0.0004,0.0021,0.0000,0.0107,0.0008,0.0087,0.0191,0.1330,0.0012,-0.0020,-0.1257,-0.0337,-0.0458,0.0658,0.2016,0.0004,-0.1219,-0.0308,-0.0481,0.0347,0.1405,-0.0003,0.3721,-0.0085,-0.0048,0.3300,0.0079,0.0355,-0.0005,0.3682,0.0218,0.0036,0.3231,0.0081,0.0418,0.0004,-1.0000,-1.0000,-1.0000,-1.0000,-1.0000,-1.0000,-1.0000,-1.0000,-1.0000,-1.0000,-1.0000,-1.0000,-1.0000,-1.0000,-1.0000,-1.0000,-1.0000,-1.0000,-1.0000,-1.0000,-1.0000,-1.0000,-1.0000,-1.0000,-1.0000,-1.0000,-1.0000,-1.0000,-1.0000,-1.0000,-1.0000,-1.0000,-1.0000,-1.0000,-1.0000,-1.0000,-1.0000,-1.0000,-1.0000,-1.0000,-1.0000,-1.0000,-1.0000,-1.0000,-1.0000,-1.0000,-1.0000,-1.0000,-1.0000,-1.0000,-1.0000,-1.0000,-1.0000,-1.0000,-1.0000,-1.0000,-1.0000,-1.0000,-1.0000,-1.0000,-1.0000,-1.0000,-1.0000,-1.0000,-1.0000,-1.0000,-1.0000,-1.0000,-1.0000,-1.0000,-1.0000,-1.0000,-1.0000,-1.0000,-1.0000,-1.0000,-1.0000,-1.0000,-1.0000,-1.0000,-1.0000,-1.0000,-1.0000,-1.0000,-1.0000,-1.0000,-1.0000,-1.0000,-1.0000,-1.0000,-1.0000,-1.0000,-1.0000,-1.0000,-1.0000,-1.0000,-1.0000,-1.0000,-1.0000,-1.0000,-1.0000,-1.0000,-1.0000,-1.0000,-1.0000,-1.0000,-1.0000,-1.0000,-1.0000,-1.0000,-1.0000,-1.0000,-1.0000,-1.0000,-1.0000,-1.0000,-1.0000,-1.0000,-1.0000,-1.0000,-1.0000,1.1508,1.1256,1.1894,1.1522,1.1708,1.0883,0.9578,0.9857,0.9673,1.0440,0.9065,1.1216,0.9939,1.0139,1.0370,1.0752,0.9253,0.7815,0.8304,0.8006,0.7887,0.8320,0.8414,0.7664,0.8476,0.7748,0.7858,0.7590,0.8143,0.8497,0.7808,0.7504,0.7168,0.7342,0.7405,0.7338,0.7487,0.7633,0.7529,0.7326,1.1967,1.2080,1.2141,1.2067,1.1639,1.2074,1.2532,1.1460,1.1831,1.2342,1.2248,1.2069,1.1481,1.2219,1.2368,1.2063,1.2253,1.2241,1.1878,1.2360,1.1609,1.1856,1.2103,0,0.7168,-1.2936,-4.3513,2.2937
45,0.0900,0.5072,0.9243,1.1630,-1.2936,-4.3513,1.4304,0.1161,0.1905,0.0001,1.0268,1.0000,0.0003,0.0032,0.0001,-0.0001,-0.0062,-0.0006,-0.0018,0.0013,-0.0025,0.0001,-0.0062,-0.0007,-0.0018,0.0012,-0.0021,-0.0000,0.0196,-0.0010,-0.0006,0.0283,0.0004,0.0024,-0.0000,0.0196,0.0013,0.0004,0.0281,0.0004,0.0021,0.0000,0.0107,0.0008,0.0087,0.0191,0.1330,0.0012,-0.0020,-0.1257,-0.0337,-0.0458,0.0658,0.2016,0.0004,-0.1219,-0.0308,-0.0481,0.0347,0.1405,-0.0003,0.3721,-0.0085,-0.0048,0.3300,0.0079,0.0355,-0.0005,0.3682,0.0218,0.0036,0.3231,0.0081,0.0418,0.0004,-1.0000,-1.0000,-1.0000,-1.0000,-1.0000,-1.0000,-1.0000,-1.0000,-1.0000,-1.0000,-1.0000,-1.0000,-1.0000,-1.0000,-1.0000,-1.0000,-1.0000,-1.0000,-1.0000,-1.0000,-1.0000,-1.0000,-1.0000,-1.0000,-1.0000,-1.0000,-1.0000,-1.0000,-1.0000,-1.0000,-1.0000,-1.0000,-1.0000,-1.0000,-1.0000,-1.0000,-1.0000,-1.0000,-1.0000,-1.0000,-1.0000,-1.0000,-1.0000,-1.0000,-1.0000,-1.0000,-1.0000,-1.0000,-1.0000,-1.0000,-1.0000,-1.0000,-1.0000,-1.0000,-1.0000,-1.0000,-1.0000,-1.0000,-1.0000,-1.0000,-1.0000,-1.0000,-1.0000,-1.0000,-1.0000,-1.0000,-1.0000,-1.0000,-1.0000,-1.0000,-1.0000,-1.0000,-1.0000,-1.0000,-1.0000,-1.0000,-1.0000,-1.0000,-1.0000,-1.0000,-1.0000,-1.0000,-1.0000,-1.0000,-1.0000,-1.0000,-1.0000,-1.0000,-1.0000,-1.0000,-1.0000,-1.0000,-1.0000,-1.0000,-1.0000,-1.0000,-1.0000,-1.0000,-1.0000,-1.0000,-1.0000,-1.0000,-1.0000,-1.0000,-1.0000,-1.0000,-1.0000,-1.0000,-1.0000,-1.0000,-1.0000,-1.0000,-1.0000,-1.0000,-1.0000,-1.0000,-1.0000,-1.0000,-1.0000,-1.0000,-1.0000,1.1508,1.1256,1.1894,1.1522,1.1708,1.0883,0.9578,0.9857,0.9673,1.0440,0.9065,1.1216,0.9939,1.0139,1.0370,1.0752,0.9253,0.7815,0.8304,0.8006,0.7887,0.8320,0.8414,0.7664,0.8476,0.7748,0.7858,0.7590,0.8143,0.8497,0.7808,0.7504,0.7168,0.7342,0.7405,0.7338,0.7487,0.7633,0.7529,0.7326,1.1967,1.2080,1.2141,1.2067,1.1639,1.2074,1.2532,1.1460,1.1831,1.2342,1.2248,1.2069,1.1481,1.2219,1.2368,1.2063,1.2253,1.2241,1.1878,1.2360,1.1609,1.1856,1.2103,0,0.7168,-1.2936,-4.3513,2.2937
46,0.0920,0.5046,0.9156,1.1658,-1.2936,-4.3513,1.4108,0.1161,0.1905,0.0001,1.0268,1.0000,0.0003,0.0034,0.0001,-0.0001,-0.0065,-0.0007,-0.0019,0.0014,-0.0021,0.0001,-0.0064,-0.0008,-0.0018,0.0015,-0.0019,-0.0000,0.0204,-0.0010,-0.0006,0.0290,0.0004,0.0025,-0.0000,0.0203,0.0014,0.0004,0.0287,0.0004,0.0022,0.0000,0.0109,0.0018,0.0049,0.0399,0.1331,0.0015,-0.0020,-0.1257,-0.0607,-0.0467,0.0723,0.2231,0.0005,-0.1393,-0.0564,-0.0355,0.1898,0.1339,-0.0028,0.3744,-0.0008,-0.0066,0.3195,0.0080,0.0356,-0.0005,0.3646,0.0282,0.0007,0.2988,0.0081,0.0399,0.0003,-1.0000,-1.0000,-1.0000,-1.0000,-1.0000,-1.0000,-1.0000,-1.0000,-1.0000,-1.0000,-1.0000,-1.0000,-1.0000,-1.0000,-1.0000,-1.0000,-1.0000,-1.0000,-1.0000,-1.0000,-1.0000,-1.0000,-1.0000,-1.0000,-1.0000,-1.0000,-1.0000,-1.0000,-1.0000,-1.0000,-1.0000,-1.0000,-1.0000,-1.0000,-1.0000,-1.0000,-1.0000,-1.0000,-1.0000,-1.0000,-1.0000,-1.0000,-1.0000,-1.0000,-1.0000,-1.0000,-1.0000,-1.0000,-1.0000,-1.0000,-1.0000,-1.0000,-1.0000,-1.0000,-1.0000,-1.0000,-1.0000,-1.0000,-1.0000,-1.0000,-1.0000,-1.0000,-1.0000,-1.0000,-1.0000,-1.0000,-1.0000,-1.0000,-1.0000,-1.0000,-1.0000,-1.0000,-1.0000,-1.0000,-1.0000,-1.0000,-1.0000,-1.0000,-1.0000,-1.0000,-1.0000,-1.0000,-1.0000,-1.0000,-1.0000,-1.0000,-1.0000,-1.0000,-1.0000,-1.0000,-1.0000,-1.0000,-1.0000,-1.0000,-1.0000,-1.0000,-1.0000,-1.0000,-1.0000,-1.0000,-1.0000,-1.0000,-1.0000,-1.0000,-1.0000,-1.0000,-1.0000,-1.0000,-1.0000,-1.0000,-1.0000,-1.0000,-1.0000,-1.0000,-1.0000,-1.0000,-1.0000,-1.0000,-1.0000,-1.0000,-1.0000,1.1416,1.1164,1.1802,1.1430,1.1616,1.0792,0.9487,0.9764,0.9578,1.0346,0.8973,1.1121,0.9845,1.0044,1.0277,1.0657,0.9159,0.7721,0.8209,0.7911,0.7792,0.8225,0.8321,0.7570,0.8382,0.7655,0.7766,0.7498,0.8053,0.8404,0.7718,0.7417,0.7080,0.7253,0.7319,0.7248,0.7399,0.7542,0.7443,0.7240,1.1873,1.1985,1.2046,1.1973,1.1544,1.1980,1.2438,1.1366,1.1739,1.2249,1.2156,1.1976,1.1388,1.2128,1.2279,1.1974,1.2163,1.2153,1.1788,1.2270,1.1519,1.1769,1.2015,0,0.7080,-1.2936,-4.3513,2.2937
46,0.0920,0.5046,0.9156,1.1658,-1.2936,-4.3513,1.4108,0.1161,0.1905,0.0001,1.0268,1.0000,0.0003,0.0034,0.0001,-0.0001,-0.0065,-0.0007,-0.0019,0.0014,-0.0021,0.0001,-0.0064,-0.0008,-0.0018,0.0015,-0.0019,-0.0000,0.0204,-0.0010,-0.0006,0.0290,0.0004,0.0025,-0.0000,0.0203,0.0014,0.0004,0.0287,0.0004,0.0022,0.0000,0.0109,0.0018,0.0049,0.0399,0.1331,0.0015,-0.0020,-0.1257,-0.0607,-0.0467,0.0723,0.2231,0.0005,-0.1393,-0.0564,-0.0355,0.1898,0.1339,-0.0028,0.3744,-0.0008,-0.0066,0.3195,0.0080,0.0356,-0.0005,0.3646,0.0282,0.0007,0.2988,0.0081,0.0399,0.0003,-1.0000,-1.0000,-1.0000,-1.0000,-1.0000,-1.0000,-1.0000,-1.0000,-1.0000,-1.0000,-1.0000,-1.0000,-1.0000,-1.0000,-1.0000,-1.0000,-1.0000,-1.0000,-1.0000,-1.0000,-1.0000,-1.0000,-1.0000,-1.0000,-1.0000,-1.0000,-1.0000,-1.0000,-1.0000,-1.0000,-1.0000,-1.0000,-1.0000,-1.0000,-1.0000,-1.0000,-1.0000,-1.0000,-1.0000,-1.0000,-1.0000,-1.0000,-1.0000,-1.0000,-1.0000,-1.0000,-1.0000,-1.0000,-1.0000,-1.0000,-1.0000,-1.0000,-1.0000,-1.0000,-1.0000,-1.0000,-1.0000,-1.0000,-1.0000,-1.0000,-1.0000,-1.0000,-1.0000,-1.0000,-1.0000,-1.0000,-1.0000,-1.0000,-1.0000,-1.0000,-1.0000,-1.0000,-1.0000,-1.0000,-1.0000,-1.0000,-1.0000,-1.0000,-1.0000,-1.0000,-1.0000,-1.0000,-1.0000,-1.0000,-1.0000,-1.0000,-1.0000,-1.0000,-1.0000,-1.0000,-1.0000,-1.0000,-1.0000,-1.0000,-1.0000,-1.0000,-1.0000,-1.0000,-1.0000,-1.0000,-1.0000,-1.0000,-1.0000,-1.0000,-1.0000,-1.0000,-1.0000,-1.0000,-1.0000,-1.0000,-1.0000,-1.0000,-1.0000,-1.0000,-1.0000,-1.0000,-1.0000,-1.0000,-1.0000,-1.0000,-1.0000,1.1416,1.1164,1.1802,1.1430,1.1616,1.0792,0.9487,0.9764,0.9578,1.0346,0.8973,1.1121,0.9845,1.0044,1.0277,1.0657,0.9159,0.7721,0.8209,0.7911,0.7792,0.8225,0.8321,0.7570,0.8382,0.7655,0.7766,0.7498,0.8053,0.8404,0.7718,0.7417,0.7080,0.7253,0.7319,0.7248,0.7399,0.7542,0.7443,0.7240,1.1873,1.1985,1.2046,1.1973,1.1544,1.1980,1.2438,1.1366,1.1739,1.2249,1.2156,1.1976,1.1388,1.2128,1.2279,1.1974,1.2163,1.2153,1.1788,1.2270,1.1519,1.1769,1.2015,0,0.7080,-1.2936,-4.3513,2.2937
47,0.0940,0.5020,0.9069,1.1686,-1.2936,-4.3513,1.3912,0.1161,0.1906,0.0001,1.0269,1.0000,0.0004,0.0035,0.0001,-0.0001,-0.0067,-0.0008,-0.0020,0.0016,-0.0016,0.0001,-0.0067,-0.0009,-0.0019,0.0019,-0.0016,-0.0000,0.0211,-0.0010,-0.0006,0.0296,0.0004,0.0025,-0.0000,0.0211,0.0014,0.0004,0.0292,0.0004,0.0022,0.0000,0.0111,0.0013,0.0069,0.0313,0.1348,0.0015,-0.0021,-0.1274,-0.0500,-0.0473,0.0757,0.2263,0.0004,-0.1386,-0.0468,-0.0380,0.1708,0.1606,-0.0016,0.3749,-0.0034,-0.0048,0.3078,0.0082,0.0356,-0.0005,0.3678,0.0247,0.0018,0.2942,0.0083,0.0387,0.0004,-1.0000,-1.0000,-1.0000,-1.0000,-1.0000,-1.0000,-1.0000,-1.0000,-1.0000,-1.0000,-1.0000,-1.0000,-1.0000,-1.0000,-1.0000,-1.0000,-1.0000,-1.0000,-1.0000,-1.0000,-1.0000,-1.0000,-1.0000,-1.0000,-1.0000,-1.0000,-1.0000,-1.0000,-1.0000,-1.0000,-1.0000,-1.0000,-1.0000,-1.0000,-1.0000,-1.0000,-1.0000,-1.0000,-1.0000,-1.0000,-1.0000,-1.0000,-1.0000,-1.0000,-1.0000,-1.0000,-1.0000,-1.0000,-1.0000,-1.0000,-1.0000,-1.0000,-1.0000,-1.0000,-1.0000,-1.0000,-1.0000,-1.0000,-1.0000,-1.0000,-1.0000,-1.0000,-1.0000,-1.0000,-1.0000,-1.0000,-1.0000,-1.0000,-1.0000,-1.0000,-1.0000,-1.0000,-1.0000,-1.0000,-1.0000,-1.0000,-1.0000,-1.0000,-1.0000,-1.0000,-1.0000,-1.0000,-1.0000,-1.0000,-1.0000,-1.0000,-1.0000,-1.0000,-1.0000,-1.0000,-1.0000,-1.0000,-1.0000,-1.0000,-1.0000,-1.0000,-1.0000,-1.0000,-1.0000,-1.0000,-1.0000,-1.0000,-1.0000,-1.0000,-1.0000,-1.0000,-1.0000,-1.0000,-1.0000,-1.0000,-1.0000,-1.0000,-1.0000,-1.0000,-1.0000,-1.0000,-1.0000,-1.0000,-1.0000,-1.0000,-1.0000,1.1325,1.1073,1.1710,1.1338,1.1524,1.0700,0.9395,0.9671,0.9483,1.0252,0.8880,1.1026,0.9750,0.9950,1.0185,1.0562,0.9065,0.7626,0.8114,0.7816,0.7697,0.8130,0.8229,0.7477,0.8287,0.7563,0.7675,0.7406,0.7962,0.8311,0.7629,0.7331,0.6991,0.7164,0.7233,0.7158,0.7312,0.7452,0.7357,0.7153,1.1779,1.1890,1.1952,1.1879,1.1450,1.1886,1.2344,1.1272,1.1647,1.2156,1.2064,1.1884,1.1295,1.2036,1.2190,1.1885,1.2073,1.2065,1.1698,1.2180,1.1429,1.1681,1.1927,0,0.6991,-1.2936,-4.3513,2.2937
48,0.0960,0.4994,0.8982,1.1713,-1.2936,-4.3513,1.3716,0.1161,0.1906,0.0001,1.0269,1.0000,0.0004,0.0036,0.0001,-0.0001,-0.0070,-0.0009,-0.0021,0.0017,-0.0012,0.0001,-0.0070,-0.0009,-0.0020,0.0021,-0.0013,-0.0000,0.0219,-0.0010,-0.0006,0.0302,0.0004,0.0026,-0.0000,0.0218,0.0014,0.0004,0.0298,0.0004,0.0023,0.0000,0.0112,0.0011,0.0077,0.0276,0.1364,0.0014,-0.0021,-0.1290,-0.0455,-0.0479,0.0785,0.2291,0.0005,-0.1344,-0.0396,-0.0429,0.1225,0.1076,-0.0010,0.3752,-0.0044,-0.0036,0.2956,0.0084,0.0357,-0.0005,0.3693,0.0225,0.0022,0.2856,0.0086,0.0374,0.0004,-1.0000,-1.0000,-1.0000,-1.0000,-1.0000,-1.0000,-1.0000,-1.0000,-1.0000,-1.0000,-1.0000,-1.0000,-1.0000,-1.0000,-1.0000,-1.0000,-1.0000,-1.0000,-1.0000,-1.0000,-1.0000,-1.0000,-1.0000,-1.0000,-1.0000,-1.0000,-1.0000,-1.0000,-1.0000,-1.0000,-1.0000,-1.0000,-1.0000,-1.0000,-1.0000,-1.0000,-1.0000,-1.0000,-1.0000,-1.0000,-1.0000,-1.0000,-1.0000,-1.0000,-1.0000,-1.0000,-1.0000,-1.0000,-1.0000,-1.0000,-1.0000,-1.0000,-1.0000,-1.0000,-1.0000,-1.0000,-1.0000,-1.0000,-1.0000,-1.0000,-1.0000,-1.0000,-1.0000,-1.0000,-1.0000,-1.0000,-1.0000,-1.0000,-1.0000,-1.0000,-1.0000,-1.0000,-1.0000,-1.0000,-1.0000,-1.0000,-1.0000,-1.0000,-1.0000,-1.0000,-1.0000,-1.0000,-1.0000,-1.0000,-1.0000,-1.0000,-1.0000,-1.0000,-1.0000,-1.0000,-1.0000,-1.0000,-1.0000,-1.0000,-1.0000,-1.0000,-1.0000,-1.0000,-1.0000,-1.0000,-1.0000,-1.0000,-1.0000,-1.0000,-1.0000,-1.0000,-1.0000,-1.0000,-1.0000,-1.0000,-1.0000,-1.0000,-1.0000,-1.0000,-1.0000,-1.0000,-1.0000,-1.0000,-1.0000,-1.0000,-1.0000,1.1234,1.0981,1.1618,1.1247,1.1432,1.0610,0.9304,0.9578,0.9388,1.0158,0.8788,1.0931,0.9656,0.9855,1.0093,1.0468,0.8970,0.7531,0.8019,0.7721,0.7602,0.8035,0.8136,0.7384,0.8193,0.7471,0.7583,0.7314,0.7872,0.8218,0.7539,0.7245,0.6903,0.7076,0.7147,0.7069,0.7224,0.7362,0.7271,0.7067,1.1686,1.1796,1.1857,1.1785,1.1356,1.1792,1.2251,1.1178,1.1556,1.2063,1.1971,1.1792,1.1201,1.1945,1.2101,1.1797,1.1983,1.1976,1.1609,1.2090,1.1339,1.1594,1.1839,0,0.6903,-1.2936,-4.3513,2.2937
49,0.0980,0.4969,0.8895,1.1741,-1.2936,-4.3513,1.3520,0.1161,0.1906,0.0001,1.0269,1.0000,0.0004,0.0038,0.0001,-0.0001,-0.0072,-0.0010,-0.0022,0.0019,-0.0007,0.0001,-0.0073,-0.0010,-0.0021,0.0023,-0.0012,-0.0000,0.0226,-0.0010,-0.0006,0.0308,0.0004,0.0027,-0.0000,0.0225,0.0015,0.0005,0.0304,0.0004,0.0024,0.0000,0.0114,0.0009,0.0083,0.0243,0.1379,0.0013,-0.0021,-0.1304,-0.0414,-0.0485,0.0806,0.2300,0.0007,-0.1307,-0.0331,-0.0474,0.0807,0.0569,-0.0004,0.3750,-0.0053,-0.0025,0.2831,0.0086,0.0356,-0.0005,0.3701,0.0205,0.0024,0.2762,0.0088,0.0361,0.0004,-1.0000,-1.0000,-1.0000,-1.0000,-1.0000,-1.0000,-1.0000,-1.0000,-1.0000,-1.0000,-1.0000,-1.0000,-1.0000,-1.0000,-1.0000,-1.0000,-1.0000,-1.0000,-1.0000,-1.0000,-1.0000,-1.0000,-1.0000,-1.0000,-1.0000,-1.0000,-1.0000,-1.0000,-1.0000,-1.0000,-1.0000,-1.0000,-1.0000,-1.0000,-1.0000,-1.0000,-1.0000,-1.0000,-1.0000,-1.0000,-1.0000,-1.0000,-1.0000,-1.0000,-1.0000,-1.0000,-1.0000,-1.0000,-1.0000,-1.0000,-1.0000,-1.0000,-1.0000,-1.0000,-1.0000,-1.0000,-1.0000,-1.0000,-1.0000,-1.0000,-1.0000,-1.0000,-1.0000,-1.0000,-1.0000,-1.0000,-1.0000,-1.0000,-1.0000,-1.0000,-1.0000,-1.0000,-1.0000,-1.0000,-1.0000,-1.0000,-1.0000,-1.0000,-1.0000,-1.0000,-1.0000,-1.0000,-1.0000,-1.0000,-1.0000,-1.0000,-1.0000,-1.0000,-1.0000,-1.0000,-1.0000,-1.0000,-1.0000,-1.0000,-1.0000,-1.0000,-1.0000,-1.0000,-1.0000,-1.0000,-1.0000,-1.0000,-1.0000,-1.0000,-1.0000,-1.0000,-1.0000,-1.0000,-1.0000,-1.0000,-1.0000,-1.0000,-1.0000,-1.0000,-1.0000,-1.0000,-1.0000,-1.0000,-1.0000,-1.0000,-1.0000,1.1143,1.0890,1.1527,1.1156,1.1341,1.0519,0.9213,0.9484,0.9293,1.0064,0.8696,1.0836,0.9562,0.9761,1.0000,1.0373,0.8876,0.7437,0.7924,0.7626,0.7507,0.7940,0.8043,0.7291,0.8099,0.7380,0.7492,0.7223,0.7781,0.8125,0.7450,0.7160,0.6815,0.6987,0.7062,0.6979,0.7137,0.7272,0.7186,0.6981,1.1592,1.1701,1.1763,1.1691,1.1262,1.1698,1.2157,1.1085,1.1464,1.1971,1.1879,1.1700,1.1108,1.1854,1.2013,1.1708,1.1894,1.1888,1.1519,1.2001,1.1249,1.1507,1.1751,0,0.6815,-1.2936,-4.3513,2.2937
49,0.0980,0.4969,0.8895,1.1741,-1.2936,-4.3513,1.3520,0.1161,0.1906,0.0001,1.0269,1.0000,0.0004,0.0038,0.0001,-0.0001,-0.0072,-0.0010,-0.0022,0.0019,-0.0007,0.0001,-0.0073,-0.0010,-0.0021,0.0023,-0.0012,-0.0000,0.0226,-0.0010,-0.0006,0.0308,0.0004,0.0027,-0.0000,0.0225,0.0015,0.0005,0.0304,0.0004,0.0024,0.0000,0.0114,0.0009,0.0083,0.0243,0.1379,0.0013,-0.0021,-0.1304,-0.0414,-0.0485,0.0806,0.2300,0.0007,-0.1307,-0.0331,-0.0474,0.0807,0.0569,-0.0004,0.3750,-0.0053,-0.0025,0.2831,0.0086,0.0356,-0.0005,0.3701,0.0205,0.0024,0.2762,0.0088,0.0361,0.0004,-1.0000,-1.0000,-1.0000,-1.0000,-1.0000,-1.0000,-1.0000,-1.0000,-1.0000,-1.0000,-1.0000,-1.0000,-1.0000,-1.0000,-1.0000,-1.0000,-1.0000,-1.0000,-1.0000,-1.0000,-1.0000,-1.0000,-1.0000,-1.0000,-1.0000,-1.0000,-1.0000,-1.0000,-1.0000,-1.0000,-1.0000,-1.0000,-1.0000,-1.0000,-1.0000,-1.0000,-1.0000,-1.0000,-1.0000,-1.0000,-1.0000,-1.0000,-1.0000,-1.0000,-1.0000,-1.0000,-1.0000,-1.0000,-1.0000,-1.0000,-1.0000,-1.0000,-1.0000,-1.0000,-1.0000,-1.0000,-1.0000,-1.0000,-1.0000,-1.0000,-1.0000,-1.0000,-1.0000,-1.0000,-1.0000,-1.0000,-1.0000,-1.0000,-1.0000,-1.0000,-1.0000,-1.0000,-1.0000,-1.0000,-1.0000,-1.0000,-1.0000,-1.0000,-1.0000,-1.0000,-1.0000,-1.0000,-1.0000,-1.0000,-1.0000,-1.0000,-1.0000,-1.0000,-1.0000,-1.0000,-1.0000,-1.0000,-1.0000,-1.0000,-1.0000,-1.0000,-1.0000,-1.0000,-1.0000,-1.0000,-1.0000,-1.0000,-1.0000,-1.0000,-1.0000,-1.0000,-1.0000,-1.0000,-1.0000,-1.0000,-1.0000,-1.0000,-1.0000,-1.0000,-1.0000,-1.0000,-1.0000,-1.0000,-1.0000,-1.0000,-1.0000,1.1143,1.0890,1.1527,1.1156,1.1341,1.0519,0.9213,0.9484,0.9293,1.0064,0.8696,1.0836,0.9562,0.9761,1.0000,1.0373,0.8876,0.7437,0.7924,0.7626,0.7507,0.7940,0.8043,0.7291,0.8099,0.7380,0.7492,0.7223,0.7781,0.8125,0.7450,0.7160,0.6815,0.6987,0.7062,0.6979,0.7137,0.7272,0.7186,0.6981,1.1592,1.1701,1.1763,1.1691,1.1262,1.1698,1.2157,1.1085,1.1464,1.1971,1.1879,1.1700,1.1108,1.1854,1.2013,1.1708,1.1894,1.1888,1.1519,1.2001,1.1249,1.1507,1.1751,0,0.6815,-1.2936,-4.3513,2.2937
50,0.1000,0.4943,0.8808,1.1767,-1.2936,-4.3513,1.3323,0.1161,0.1906,0.0001,1.0269,1.0000,0.0004,0.0039,0.0001,-0.0001,-0.0075,-0.0011,-0.0023,0.0020,-0.0000,0.0001,-0.0075,-0.0010,-0.0022,0.0024,-0.0012,-0.0000,0.0234,-0.0010,-0.0006,0.0313,0.0004,0.0027,-0.0000,0.0233,0.0015,0.0005,0.0309,0.0004,0.0025,0.0000,0.0115,-0.0001,0.0058,0.0077,0.1388,0.0010,-0.0030,-0.1293,-0.0259,-0.0501,0.0657,0.3431,0.0009,-0.1267,-0.0095,-0.0517,0.0423,0.0019,0.0019,0.3711,-0.0101,0.0004,0.2609,0.0088,0.0352,-0.0004,0.3710,0.0143,0.0042,0.2663,0.0091,0.0348,0.0004,-1.0000,-1.0000,-1.0000,-1.0000,-1.0000,-1.0000,-1.0000,-1.0000,-1.0000,-1.0000,-1.0000,-1.0000,-1.0000,-1.0000,-1.0000,-1.0000,-1.0000,-1.0000,-1.0000,-1.0000,-1.0000,-1.0000,-1.0000,-1.0000,-1.0000,-1.0000,-1.0000,-1.0000,-1.0000,-1.0000,-1.0000,-1.0000,-1.0000,-1.0000,-1.0000,-1.0000,-1.0000,-1.0000,-1.0000,-1.0000,-1.0000,-1.0000,-1.0000,-1.0000,-1.0000,-1.0000,-1.0000,-1.0000,-1.0000,-1.0000,-1.0000,-1.0000,-1.0000,-1.0000,-1.0000,-1.0000,-1.0000,-1.0000,-1.0000,-1.0000,-1.0000,-1.0000,-1.0000,-1.0000,-1.0000,-1.0000,-1.0000,-1.0000,-1.0000,-1.0000,-1.0000,-1.0000,-1.0000,-1.0000,-1.0000,-1.0000,-1.0000,-1.0000,-1.0000,-1.0000,-1.0000,-1.0000,-1.0000,-1.0000,-1.0000,-1.0000,-1.0000,-1.0000,-1.0000,-1.0000,-1.0000,-1.0000,-1.0000,-1.0000,-1.0000,-1.0000,-1.0000,-1.0000,-1.0000,-1.0000,-1.0000,-1.0000,-1.0000,-1.0000,-1.0000,-1.0000,-1.0000,-1.0000,-1.0000,-1.0000,-1.0000,-1.0000,-1.0000,-1.0000,-1.0000,-1.0000,-1.0000,-1.0000,-1.0000,-1.0000,-1.0000,1.1052,1.0799,1.1435,1.1065,1.1250,1.0429,0.9121,0.9392,0.9198,0.9970,0.8604,1.0741,0.9468,0.9667,0.9908,1.0279,0.8782,0.7343,0.7829,0.7531,0.7413,0.7846,0.7951,0.7198,0.8005,0.7288,0.7400,0.7131,0.7691,0.8032,0.7361,0.7074,0.6727,0.6899,0.6976,0.6889,0.7050,0.7182,0.7101,0.6895,1.1499,1.1606,1.1669,1.1597,1.1168,1.1605,1.2064,1.0991,1.1372,1.1878,1.1787,1.1608,1.1016,1.1763,1.1924,1.1620,1.1804,1.1800,1.1430,1.1911,1.1159,1.1420,1.1663,0,0.6727,-1.2936,-4.3513,2.2937
50,0.1000,0.4943,0.8808,1.1767,-1.2936,-4.3513,1.3323,0.1161,0.1906,0.0001,1.0269,1.0000,0.0004,0.0039,0.0001,-0.0001,-0.0075,-0.0011,-0.0023,0.0020,-0.0000,0.0001,-0.0075,-0.0010,-0.0022,0.0024,-0.0012,-0.0000,0.0234,-0.0010,-0.0006,0.0313,0.0004,0.0027,-0.0000,0.0233,0.0015,0.0005,0.0309,0.0004,0.0025,0.0000,0.0115,-0.0001,0.0058,0.0077,0.1388,0.0010,-0.0030,-0.1293,-0.0259,-0.0501,0.0657,0.3431,0.0009,-0.1267,-0.0095,-0.0517,0.0423,0.0019,0.0019,0.3711,-0.0101,0.0004,0.2609,0.0088,0.0352,-0.0004,0.3710,0.0143,0.0042,0.2663,0.0091,0.0348,0.0004,-1.0000,-1.0000,-1.0000,-1.0000,-1.0000,-1.0000,-1.0000,-1.0000,-1.0000,-1.0000,-1.0000,-1.0000,-1.0000,-1.0000,-1.0000,-1.0000,-1.0000,-1.0000,-1.0000,-1.0000,-1.0000,-1.0000,-1.0000,-1.0000,-1.0000,-1.0000,-1.0000,-1.0000,-1.0000,-1.0000,-1.0000,-1.0000,-1.0000,-1.0000,-1.0000,-1.0000,-1.0000,-1.0000,-1.0000,-1.0000,-1.0000,-1.0000,-1.0000,-1.0000,-1.0000,-1.0000,-1.0000,-1.0000,-1.0000,-1.0000,-1.0000,-1.0000,-1.0000,-1.0000,-1.0000,-1.0000,-1.0000,-1.0000,-1.0000,-1.0000,-1.0000,-1.0000,-1.0000,-1.0000,-1.0000,-1.0000,-1.0000,-1.0000,-1.0000,-1.0000,-1.0000,-1.0000,-1.0000,-1.0000,-1.0000,-1.0000,-1.0000,-1.0000,-1.0000,-1.0000,-1.0000,-1.0000,-1.0000,-1.0000,-1.0000,-1.0000,-1.0000,-1.0000,-1.0000,-1.0000,-1.0000,-1.0000,-1.0000,-1.0000,-1.0000,-1.0000,-1.0000,-1.0000,-1.0000,-1.0000,-1.0000,-1.0000,-1.0000,-1.0000,-1.0000,-1.0000,-1.0000,-1.0000,-1.0000,-1.0000,-1.0000,-1.0000,-1.0000,-1.0000,-1.0000,-1.0000,-1.0000,-1.0000,-1.0000,-1.0000,-1.0000,1.1052,1.0799,1.1435,1.1065,1.1250,1.0429,0.9121,0.9392,0.9198,0.9970,0.8604,1.0741,0.9468,0.9667,0.9908,1.0279,0.8782,0.7343,0.7829,0.7531,0.7413,0.7846,0.7951,0.7198,0.8005,0.7288,0.7400,0.7131,0.7691,0.8032,0.7361,0.7074,0.6727,0.6899,0.6976,0.6889,0.7050,0.7182,0.7101,0.6895,1.1499,1.1606,1.1669,1.1597,1.1168,1.1605,1.2064,1.0991,1.1372,1.1878,1.1787,1.1608,1.1016,1.1763,1.1924,1.1620,1.1804,1.1800,1.1430,1.1911,1.1159,1.1420,1.1663,0,0.6727,-1.2936,-4.3513,2.2937
51,0.1020,0.4917,0.8721,1.1793,-1.2936,-4.3513,1.3127,0.1161,0.1906,0.0001,1.0269,1.0000,0.0004,0.0040,0.0001,-0.0001,-0.0078,-0.0011,-0.0024,0.0021,0.0005,0.0001,-0.0078,-0.0010,-0.0023,0.0024,-0.0013,-0.0000,0.0241,-0.0010,-0.0006,0.0318,0.0005,0.0028,-0.0000,0.0240,0.0015,0.0005,0.0314,0.0005,0.0025,0.0000,0.0116,-0.0002,0.0060,0.0049,0.1401,0.0009,-0.0025,-0.1286,-0.0193,-0.0520,0.0505,0.2750,0.0010,-0.1239,-0.0038,-0.0553,0.0109,-0.0442,0.0023,0.3700,-0.0108,0.0012,0.2483,0.0089,0.0351,-0.0004,0.3707,0.0122,0.0042,0.2559,0.0093,0.0334,0.0004,-1.0000,-1.0000,-1.0000,-1.0000,-1.0000,-1.0000,-1.0000,-1.0000,-1.0000,-1.0000,-1.0000,-1.0000,-1.0000,-1.0000,-1.0000,-1.0000,-1.0000,-1.0000,-1.0000,-1.0000,-1.0000,-1.0000,-1.0000,-1.0000,-1.0000,-1.0000,-1.0000,-1.0000,-1.0000,-1.0000,-1.0000,-1.0000,-1.0000,-1.0000,-1.0000,-1.0000,-1.0000,-1.0000,-1.0000,-1.0000,-1.0000,-1.0000,-1.0000,-1.0000,-1.0000,-1.0000,-1.0000,-1.0000,-1.0000,-1.0000,-1.0000,-1.0000,-1.0000,-1.0000,-1.0000,-1.0000,-1.0000,-1.0000,-1.0000,-1.0000,-1.0000,-1.0000,-1.0000,-1.0000,-1.0000,-1.0000,-1.0000,-1.0000,-1.0000,-1.0000,-1.0000,-1.0000,-1.0000,-1.0000,-1.0000,-1.0000,-1.0000,-1.0000,-1.0000,-1.0000,-1.0000,-1.0000,-1.0000,-1.0000,-1.0000,-1.0000,-1.0000,-1.0000,-1.0000,-1.0000,-1.0000,-1.0000,-1.0000,-1.0000,-1.0000,-1.0000,-1.0000,-1.0000,-1.0000,-1.0000,-1.0000,-1.0000,-1.0000,-1.0000,-1.0000,-1.0000,-1.0000,-1.0000,-1.0000,-1.0000,-1.0000,-1.0000,-1.0000,-1.0000,-1.0000,-1.0000,-1.0000,-1.0000,-1.0000,-1.0000,-1.0000,1.0962,1.0709,1.1344,1.0975,1.1159,1.0338,0.9030,0.9299,0.9103,0.9877,0.8511,1.0646,0.9374,0.9572,0.9816,1.0184,0.8688,0.7248,0.7735,0.7436,0.7318,0.7751,0.7858,0.7105,0.7911,0.7196,0.7309,0.7040,0.7601,0.7940,0.7272,0.6989,0.6639,0.6811,0.6891,0.6800,0.6963,0.7092,0.7016,0.6809,1.1405,1.1512,1.1574,1.1503,1.1073,1.1511,1.1970,1.0897,1.1281,1.1785,1.1696,1.1517,1.0923,1.1672,1.1835,1.1531,1.1714,1.1712,1.1341,1.1821,1.1070,1.1332,1.1576,0,0.6639,-1.2936,-4.3513,2.2937
52,0.1040,0.4891,0.8634,1.1819,-1.2936,-4.3513,1.2931,0.1161,0.1907,0.0001,1.0269,1.0000,0.0004,0.0042,0.0001,-0.0001,-0.0080,-0.0011,-0.0025,0.0022,0.0007,0.0001,-0.0080,-0.0010,-0.0024,0.0024,-0.0015,-0.0000,0.0248,-0.0011,-0.0006,0.0322,0.0005,0.0029,-0.0000,0.0248,0.0016,0.0005,0.0319,0.0005,0.0026,0.0000,0.0117,-0.0004,0.0044,-0.0052,0.1410,0.0009,-0.0014,-0.1283,0.0013,-0.0532,0.0405,0.1007,0.0010,-0.1208,0.0108,-0.0589,-0.0178,-0.0921,0.0035,0.3667,-0.0142,0.0030,0.2302,0.0091,0.0348,-0.0004,0.3702,0.0073,0.0049,0.2451,0.0095,0.0321,0.0004,-1.0000,-1.0000,-1.0000,-1.0000,-1.0000,-1.0000,-1.0000,-1.0000,-1.0000,-1.0000,-1.0000,-1.0000,-1.0000,-1.0000,-1.0000,-1.0000,-1.0000,-1.0000,-1.0000,-1.0000,-1.0000,-1.0000,-1.0000,-1.0000,-1.0000,-1.0000,-1.0000,-1.0000,-1.0000,-1.0000,-1.0000,-1.0000,-1.0000,-1.0000,-1.0000,-1.0000,-1.0000,-1.0000,-1.0000,-1.0000,-1.0000,-1.0000,-1.0000,-1.0000,-1.0000,-1.0000,-1.0000,-1.0000,-1.0000,-1.0000,-1.0000,-1.0000,-1.0000,-1.0000,-1.0000,-1.0000,-1.0000,-1.0000,-1.0000,-1.0000,-1.0000,-1.0000,-1.0000,-1.0000,-1.0000,-1.0000,-1.0000,-1.0000,-1.0000,-1.0000,-1.0000,-1.0000,-1.0000,-1.0000,-1.0000,-1.0000,-1.0000,-1.0000,-1.0000,-1.0000,-1.0000,-1.0000,-1.0000,-1.0000,-1.0000,-1.0000,-1.0000,-1.0000,-1.0000,-1.0000,-1.0000,-1.0000,-1.0000,-1.0000,-1.0000,-1.0000,-1.0000,-1.0000,-1.0000,-1.0000,-1.0000,-1.0000,-1.0000,-1.0000,-1.0000,-1.0000,-1.0000,-1.0000,-1.0000,-1.0000,-1.0000,-1.0000,-1.0000,-1.0000,-1.0000,-1.0000,-1.0000,-1.0000,-1.0000,-1.0000,-1.0000,1.0872,1.0618,1.1253,1.0884,1.1068,1.0248,0.8939,0.9206,0.9008,0.9783,0.8419,1.0551,0.9280,0.9478,0.9723,1.0090,0.8594,0.7154,0.7640,0.7342,0.7223,0.7656,0.7766,0.7013,0.7817,0.7104,0.7218,0.6949,0.7510,0.7847,0.7183,0.6904,0.6552,0.6723,0.6806,0.6711,0.6876,0.7003,0.6931,0.6724,1.1312,1.1417,1.1480,1.1409,1.0979,1.1418,1.1877,1.0803,1.1189,1.1693,1.1604,1.1425,1.0830,1.1581,1.1747,1.1443,1.1625,1.1624,1.1251,1.1732,1.0980,1.1245,1.1488,0,0.6552,-1.2936,-4.3513,2.2937
52,0.1040,0.4891,0.8634,1.1819,-1.2936,-4.3513,1.2931,0.1161,0.1907,0.0001,1.0269,1.0000,0.0004,0.0042,0.0001,-0.0001,-0.0080,-0.0011,-0.0025,0.0022,0.0007,0.0001,-0.0080,-0.0010,-0.0024,0.0024,-0.0015,-0.0000,0.0248,-0.0011,-0.0006,0.0322,0.0005,0.0029,-0.0000,0.0248,0.0016,0.0005,0.0319,0.0005,0.0026,0.0000,0.0117,-0.0004,0.0044,-0.0052,0.1410,0.0009,-0.0014,-0.1283,0.0013,-0.0532,0.0405,0.1007,0.0010,-0.1208,0.0108,-0.0589,-0.0178,-0.0921,0.0035,0.3667,-0.0142,0.0030,0.2302,0.0091,0.0348,-0.0004,0.3702,0.0073,0.0049,0.2451,0.0095,0.0321,0.0004,-1.0000,-1.0000,-1.0000,-1.0000,-1.0000,-1.0000,-1.0000,-1.0000,-1.0000,-1.0000,-1.0000,-1.0000,-1.0000,-1.0000,-1.0000,-1.0000,-1.0000,-1.0000,-1.0000,-1.0000,-1.0000,-1.0000,-1.0000,-1.0000,-1.0000,-1.0000,-1.0000,-1.0000,-1.0000,-1.0000,-1.0000,-1.0000,-1.0000,-1.0000,-1.0000,-1.0000,-1.0000,-1.0000,-1.0000,-1.0000,-1.0000,-1.0000,-1.0000,-1.0000,-1.0000,-1.0000,-1.0000,-1.0000,-1.0000,-1.0000,-1.0000,-1.0000,-1.0000,-1.0000,-1.0000,-1.0000,-1.0000,-1.0000,-1.0000,-1.0000,-1.0000,-1.0000,-1.0000,-1.0000,-1.0000,-1.0000,-1.0000,-1.0000,-1.0000,-1.0000,-1.0000,-1.0000,-1.0000,-1.0000,-1.0000,-1.0000,-1.0000,-1.0000,-1.0000,-1.0000,-1.0000,-1.0000,-1.0000,-1.0000,-1.0000,-1.0000,-1.0000,-1.0000,-1.0000,-1.0000,-1.0000,-1.0000,-1.0000,-1.0000,-1.0000,-1.0000,-1.0000,-1.0000,-1.0000,-1.0000,-1.0000,-1.0000,-1.0000,-1.0000,-1.0000,-1.0000,-1.0000,-1.0000,-1.0000,-1.0000,-1.0000,-1.0000,-1.0000,-1.0000,-1.0000,-1.0000,-1.0000,-1.0000,-1.0000,-1.0000,-1.0000,1.0872,1.0618,1.1253,1.0884,1.1068,1.0248,0.8939,0.9206,0.9008,0.9783,0.8419,1.0551,0.9280,0.9478,0.9723,1.0090,0.8594,0.7154,0.7640,0.7342,0.7223,0.7656,0.7766,0.7013,0.7817,0.7104,0.7218,0.6949,0.7510,0.7847,0.7183,0.6904,0.6552,0.6723,0.6806,0.6711,0.6876,0.7003,0.6931,0.6724,1.1312,1.1417,1.1480,1.1409,1.0979,1.1418,1.1877,1.0803,1.1189,1.1693,1.1604,1.1425,1.0830,1.1581,1.1747,1.1443,1.1625,1.1624,1.1251,1.1732,1.0980,1.1245,1.1488,0,0.6552,-1.2936,-4.3513,2.2937
53,0.1060,0.4865,0.8547,1.1845,-1.2936,-4.3513,1.2735,0.1161,0.1907,0.0001,1.0269,1.0000,0.0004,0.0043,0.0001,-0.0001,-0.0083,-0.0011,-0.0026,0.0023,0.0006,0.0001,-0.0082,-0.0010,-0.0026,0.0023,-0.0018,-0.0000,0.0256,-0.0011,-0.0006,0.0327,0.0005,0.0029,-0.0000,0.0255,0.0016,0.0005,0.0324,0.0005,0.0027,0.0000,0.0117,-0.0007,0.0026,-0.0152,0.1417,0.0008,-0.0005,-0.1280,0.0214,-0.0542,0.0326,-0.0617,0.0009,-0.1181,0.0253,-0.0622,-0.0430,-0.1378,0.0047,0.3630,-0.0176,0.0046,0.2122,0.0093,0.0345,-0.0004,0.3692,0.0025,0.0055,0.2340,0.0097,0.0308,0.0004,-1.0000,-1.0000,-1.0000,-1.0000,-1.0000,-1.0000,-1.0000,-1.0000,-1.0000,-1.0000,-1.0000,-1.0000,-1.0000,-1.0000,-1.0000,-1.0000,-1.0000,-1.0000,-1.0000,-1.0000,-1.0000,-1.0000,-1.0000,-1.0000,-1.0000,-1.0000,-1.0000,-1.0000,-1.0000,-1.0000,-1.0000,-1.0000,-1.0000,-1.0000,-1.0000,-1.0000,-1.0000,-1.0000,-1.0000,-1.0000,-1.0000,-1.0000,-1.0000,-1.0000,-1.0000,-1.0000,-1.0000,-1.0000,-1.0000,-1.0000,-1.0000,-1.0000,-1.0000,-1.0000,-1.0000,-1.0000,-1.0000,-1.0000,-1.0000,-1.0000,-1.0000,-1.0000,-1.0000,-1.0000,-1.0000,-1.0000,-1.0000,-1.0000,-1.0000,-1.0000,-1.0000,-1.0000,-1.0000,-1.0000,-1.0000,-1.0000,-1.0000,-1.0000,-1.0000,-1.0000,-1.0000,-1.0000,-1.0000,-1.0000,-1.0000,-1.0000,-1.0000,-1.0000,-1.0000,-1.0000,-1.0000,-1.0000,-1.0000,-1.0000,-1.0000,-1.0000,-1.0000,-1.0000,-1.0000,-1.0000,-1.0000,-1.0000,-1.0000,-1.0000,-1.0000,-1.0000,-1.0000,-1.0000,-1.0000,-1.0000,-1.0000,-1.0000,-1.0000,-1.0000,-1.0000,-1.0000,-1.0000,-1.0000,-1.0000,-1.0000,-1.0000,1.0781,1.0528,1.1162,1.0794,1.0977,1.0158,0.8848,0.9113,0.8913,0.9689,0.8327,1.0456,0.9186,0.9384,0.9631,0.9996,0.8500,0.7060,0.7546,0.7247,0.7129,0.7562,0.7674,0.6920,0.7723,0.7013,0.7127,0.6858,0.7420,0.7755,0.7094,0.6819,0.6464,0.6635,0.6721,0.6622,0.6789,0.6913,0.6846,0.6638,1.1219,1.1323,1.1386,1.1315,1.0885,1.1324,1.1783,1.0710,1.1098,1.1600,1.1512,1.1333,1.0737,1.1490,1.1658,1.1354,1.1535,1.1537,1.1162,1.1643,1.0891,1.1159,1.1400,0,0.6464,-1.2936,-4.3513,2.2937
54,0.1080,0.4839,0.8460,1.1870,-1.2936,-4.3513,1.2539,0.1161,0.1907,0.0001,1.0269,1.0000,0.0004,0.0045,0.0001,-0.0001,-0.0085,-0.0010,-0.0027,0.0023,0.0002,0.0001,-0.0085,-0.0009,-0.0027,0.0022,-0.0016,-0.0000,0.0263,-0.0011,-0.0006,0.0330,0.0005,0.0030,-0.0000,0.0262,0.0016,0.0005,0.0328,0.0005,0.0027,0.0000,0.0118,-0.0008,-0.0013,-0.0175,0.1418,0.0009,0.0004,-0.1271,0.0323,-0.0552,0.0258,-0.2266,0.0006,-0.1187,0.0186,-0.0623,-0.0343,0.0589,0.0048,0.3588,-0.0173,0.0053,0.1936,0.0094,0.0341,-0.0004,0.3656,0.0010,0.0051,0.2166,0.0099,0.0292,0.0004,-1.0000,-1.0000,-1.0000,-1.0000,-1.0000,-1.0000,-1.0000,-1.0000,-1.0000,-1.0000,-1.0000,-1.0000,-1.0000,-1.0000,-1.0000,-1.0000,-1.0000,-1.0000,-1.0000,-1.0000,-1.0000,-1.0000,-1.0000,-1.0000,-1.0000,-1.0000,-1.0000,-1.0000,-1.0000,-1.0000,-1.0000,-1.0000,-1.0000,-1.0000,-1.0000,-1.0000,-1.0000,-1.0000,-1.0000,-1.0000,-1.0000,-1.0000,-1.0000,-1.0000,-1.0000,-1.0000,-1.0000,-1.0000,-1.0000,-1.0000,-1.0000,-1.0000,-1.0000,-1.0000,-1.0000,-1.0000,-1.0000,-1.0000,-1.0000,-1.0000,-1.0000,-1.0000,-1.0000,-1.0000,-1.0000,-1.0000,-1.0000,-1.0000,-1.0000,-1.0000,-1.0000,-1.0000,-1.0000,-1.0000,-1.0000,-1.0000,-1.0000,-1.0000,-1.0000,-1.0000,-1.0000,-1.0000,-1.0000,-1.0000,-1.0000,-1.0000,-1.0000,-1.0000,-1.0000,-1.0000,-1.0000,-1.0000,-1.0000,-1.0000,-1.0000,-1.0000,-1.0000,-1.0000,-1.0000,-1.0000,-1.0000,-1.0000,-1.0000,-1.0000,-1.0000,-1.0000,-1.0000,-1.0000,-1.0000,-1.0000,-1.0000,-1.0000,-1.0000,-1.0000,-1.0000,-1.0000,-1.0000,-1.0000,-1.0000,-1.0000,-1.0000,1.0692,1.0438,1.1071,1.0704,1.0886,1.0069,0.8757,0.9020,0.8819,0.9596,0.8235,1.0362,0.9093,0.9290,0.9539,0.9901,0.8406,0.6965,0.7451,0.7152,0.7034,0.7467,0.7582,0.6827,0.7629,0.6921,0.7036,0.6766,0.7331,0.7662,0.7005,0.6734,0.6377,0.6547,0.6637,0.6533,0.6703,0.6824,0.6762,0.6553,1.1125,1.1228,1.1292,1.1221,1.0791,1.1230,1.1690,1.0616,1.1007,1.1508,1.1420,1.1241,1.0644,1.1400,1.1570,1.1266,1.1446,1.1449,1.1073,1.1553,1.0801,1.1072,1.1313,0,0.6377,-1.2936,-4.3513,2.2937
54,0.1080,0.4839,0.8460,1.1870,-1.2936,-4.3513,1.2539,0.1161,0.1907,0.0001,1.0269,1.0000,0.0004,0.0045,0.0001,-0.0001,-0.0085,-0.0010,-0.0027,0.0023,0.0002,0.0001,-0.0085,-0.0009,-0.0027,0.0022,-0.0016,-0.0000,0.0263,-0.0011,-0.0006,0.0330,0.0005,0.0030,-0.0000,0.0262,0.0016,0.0005,0.0328,0.0005,0.0027,0.0000,0.0118,-0.0008,-0.0013,-0.0175,0.1418,0.0009,0.0004,-0.1271,0.0323,-0.0552,0.0258,-0.2266,0.0006,-0.1187,0.0186,-0.0623,-0.0343,0.0589,0.0048,0.3588,-0.0173,0.0053,0.1936,0.0094,0.0341,-0.0004,0.3656,0.0010,0.0051,0.2166,0.0099,0.0292,0.0004,-1.0000,-1.0000,-1.0000,-1.0000,-1.0000,-1.0000,-1.0000,-1.0000,-1.0000,-1.0000,-1.0000,-1.0000,-1.0000,-1.0000,-1.0000,-1.0000,-1.0000,-1.0000,-1.0000,-1.0000,-1.0000,-1.0000,-1.0000,-1.0000,-1.0000,-1.0000,-1.0000,-1.0000,-1.0000,-1.0000,-1.0000,-1.0000,-1.0000,-1.0000,-1.0000,-1.0000,-1.0000,-1.0000,-1.0000,-1.0000,-1.0000,-1.0000,-1.0000,-1.0000,-1.0000,-1.0000,-1.0000,-1.0000,-1.0000,-1.0000,-1.0000,-1.0000,-1.0000,-1.0000,-1.0000,-1.0000,-1.0000,-1.0000,-1.0000,-1.0000,-1.0000,-1.0000,-1.0000,-1.0000,-1.0000,-1.0000,-1.0000,-1.0000,-1.0000,-1.0000,-1.0000,-1.0000,-1.0000,-1.0000,-1.0000,-1.0000,-1.0000,-1.0000,-1.0000,-1.0000,-1.0000,-1.0000,-1.0000,-1.0000,-1.0000,-1.0000,-1.0000,-1.0000,-1.0000,-1.0000,-1.0000,-1.0000,-1.0000,-1.0000,-1.0000,-1.0000,-1.0000,-1.0000,-1.0000,-1.0000,-1.0000,-1.0000,-1.0000,-1.0000,-1.0000,-1.0000,-1.0000,-1.0000,-1.0000,-1.0000,-1.0000,-1.0000,-1.0000,-1.0000,-1.0000,-1.0000,-1.0000,-1.0000,-1.0000,-1.0000,-1.0000,1.0692,1.0438,1.1071,1.0704,1.0886,1.0069,0.8757,0.9020,0.8819,0.9596,0.8235,1.0362,0.9093,0.9290,0.9539,0.9901,0.8406,0.6965,0.7451,0.7152,0.7034,0.7467,0.7582,0.6827,0.7629,0.6921,0.7036,0.6766,0.7331,0.7662,0.7005,0.6734,0.6377,0.6547,0.6637,0.6533,0.6703,0.6824,0.6762,0.6553,1.1125,1.1228,1.1292,1.1221,1.0791,1.1230,1.1690,1.0616,1.1007,1.1508,1.1420,1.1241,1.0644,1.1400,1.1570,1.1266,1.1446,1.1449,1.1073,1.1553,1.0801,1.1072,1.1313,0,0.6377,-1.2936,-4.3513,2.2937
55,0.1100,0.4813,0.8373,1.1895,-1.2936,-4.3513,1.2342,0.1161,0.1907,0.0001,1.0269,1.0000,0.0004,0.0046,0.0001,-0.0001,-0.0088,-0.0009,-0.0028,0.0023,-0.0004,0.0001,-0.0087,-0.0009,-0.0028,0.0022,-0.0015,0.0000,0.0270,-0.0012,-0.0006,0.0334,0.0005,0.0031,-0.0000,0.0270,0.0016,0.0005,0.0332,0.0005,0.0028,0.0000,0.0119,-0.0010,0.0005,-0.0224,0.1431,0.0008,0.0002,-0.1242,0.0401,-0.0588,-0.0070,-0.2588,0.0003,-0.1223,0.0231,-0.0613,-0.0098,0.0909,0.0053,0.3567,-0.0181,0.0061,0.1841,0.0096,0.0339,-0.0004,0.3647,-0.0013,0.0050,0.2099,0.0101,0.0280,0.0004,-1.0000,-1.0000,-1.0000,-1.0000,-1.0000,-1.0000,-1.0000,-1.0000,-1.0000,-1.0000,-1.0000,-1.0000,-1.0000,-1.0000,-1.0000,-1.0000,-1.0000,-1.0000,-1.0000,-1.0000,-1.0000,-1.0000,-1.0000,-1.0000,-1.0000,-1.0000,-1.0000,-1.0000,-1.0000,-1.0000,-1.0000,-1.0000,-1.0000,-1.0000,-1.0000,-1.0000,-1.0000,-1.0000,-1.0000,-1.0000,-1.0000,-1.0000,-1.0000,-1.0000,-1.0000,-1.0000,-1.0000,-1.0000,-1.0000,-1.0000,-1.0000,-1.0000,-1.0000,-1.0000,-1.0000,-1.0000,-1.0000,-1.0000,-1.0000,-1.0000,-1.0000,-1.0000,-1.0000,-1.0000,-1.0000,-1.0000,-1.0000,-1.0000,-1.0000,-1.0000,-1.0000,-1.0000,-1.0000,-1.0000,-1.0000,-1.0000,-1.0000,-1.0000,-1.0000,-1.0000,-1.0000,-1.0000,-1.0000,-1.0000,-1.0000,-1.0000,-1.0000,-1.0000,-1.0000,-1.0000,-1.0000,-1.0000,-1.0000,-1.0000,-1.0000,-1.0000,-1.0000,-1.0000,-1.0000,-1.0000,-1.0000,-1.0000,-1.0000,-1.0000,-1.0000,-1.0000,-1.0000,-1.0000,-1.0000,-1.0000,-1.0000,-1.0000,-1.0000,-1.0000,-1.0000,-1.0000,-1.0000,-1.0000,-1.0000,-1.0000,-1.0000,1.0602,1.0348,1.0981,1.0614,1.0796,0.9979,0.8666,0.8927,0.8724,0.9502,0.8143,1.0267,0.8999,0.9195,0.9447,0.9807,0.8312,0.6871,0.7357,0.7058,0.6940,0.7373,0.7489,0.6735,0.7535,0.6830,0.6945,0.6675,0.7241,0.7570,0.6917,0.6649,0.6290,0.6459,0.6552,0.6444,0.6616,0.6734,0.6677,0.6468,1.1032,1.1134,1.1197,1.1128,1.0698,1.1137,1.1597,1.0523,1.0915,1.1415,1.1328,1.1150,1.0552,1.1309,1.1482,1.1178,1.1357,1.1361,1.0984,1.1464,1.0712,1.0985,1.1225,0,0.6290,-1.2936,-4.3513,2.2937
56,0.1120,0.4787,0.8286,1.1919,-1.2936,-4.3513,1.2146,0.1161,0.1908,0.0001,1.0269,1.0000,0.0003,0.0048,0.0001,-0.0001,-0.0090,-0.0008,-0.0029,0.0023,-0.0007,0.0001,-0.0090,-0.0008,-0.0029,0.0022,-0.0012,0.0000,0.0277,-0.0012,-0.0006,0.0338,0.0006,0.0032,-0.0000,0.0277,0.0016,0.0005,0.0336,0.0006,0.0028,0.0000,0.0120,-0.0011,0.0030,-0.0214,0.1442,0.0009,-0.0002,-0.1266,0.0355,-0.0586,0.0094,-0.1837,0.0000,-0.1253,0.0207,-0.0605,0.0100,0.1157,0.0050,0.3552,-0.0166,0.0061,0.1778,0.0098,0.0339,-0.0004,0.3628,-0.0011,0.0042,0.2023,0.0102,0.0268,0.0004,-1.0000,-1.0000,-1.0000,-1.0000,-1.0000,-1.0000,-1.0000,-1.0000,-1.0000,-1.0000,-1.0000,-1.0000,-1.0000,-1.0000,-1.0000,-1.0000,-1.0000,-1.0000,-1.0000,-1.0000,-1.0000,-1.0000,-1.0000,-1.0000,-1.0000,-1.0000,-1.0000,-1.0000,-1.0000,-1.0000,-1.0000,-1.0000,-1.0000,-1.0000,-1.0000,-1.0000,-1.0000,-1.0000,-1.0000,-1.0000,-1.0000,-1.0000,-1.0000,-1.0000,-1.0000,-1.0000,-1.0000,-1.0000,-1.0000,-1.0000,-1.0000,-1.0000,-1.0000,-1.0000,-1.0000,-1.0000,-1.0000,-1.0000,-1.0000,-1.0000,-1.0000,-1.0000,-1.0000,-1.0000,-1.0000,-1.0000,-1.0000,-1.0000,-1.0000,-1.0000,-1.0000,-1.0000,-1.0000,-1.0000,-1.0000,-1.0000,-1.0000,-1.0000,-1.0000,-1.0000,-1.0000,-1.0000,-1.0000,-1.0000,-1.0000,-1.0000,-1.0000,-1.0000,-1.0000,-1.0000,-1.0000,-1.0000,-1.0000,-1.0000,-1.0000,-1.0000,-1.0000,-1.0000,-1.0000,-1.0000,-1.0000,-1.0000,-1.0000,-1.0000,-1.0000,-1.0000,-1.0000,-1.0000,-1.0000,-1.0000,-1.0000,-1.0000,-1.0000,-1.0000,-1.0000,-1.0000,-1.0000,-1.0000,-1.0000,-1.0000,-1.0000,1.0512,1.0258,1.0890,1.0524,1.0706,0.9890,0.8575,0.8834,0.8630,0.9409,0.8052,1.0172,0.8905,0.9101,0.9355,0.9713,0.8218,0.6777,0.7263,0.6964,0.6845,0.7278,0.7397,0.6642,0.7441,0.6739,0.6854,0.6584,0.7151,0.7477,0.6828,0.6565,0.6203,0.6372,0.6468,0.6355,0.6530,0.6645,0.6593,0.6383,1.0939,1.1039,1.1103,1.1034,1.0604,1.1043,1.1503,1.0429,1.0824,1.1323,1.1237,1.1058,1.0459,1.1218,1.1393,1.1090,1.1267,1.1274,1.0895,1.1375,1.0623,1.0898,1.1138,0,0.6203,-1.2936,-4.3513,2.2937
56,0.1120,0.4787,0.8286,1.1919,-1.2936,-4.3513,1.2146,0.1161,0.1908,0.0001,1.0269,1.0000,0.0003,0.0048,0.0001,-0.0001,-0.0090,-0.0008,-0.0029,0.0023,-0.0007,0.0001,-0.0090,-0.0008,-0.0029,0.0022,-0.0012,0.0000,0.0277,-0.0012,-0.0006,0.0338,0.0006,0.0032,-0.0000,0.0277,0.0016,0.0005,0.0336,0.0006,0.0028,0.0000,0.0120,-0.0011,0.0030,-0.0214,0.1442,0.0009,-0.0002,-0.1266,0.0355,-0.0586,0.0094,-0.1837,0.0000,-0.1253,0.0207,-0.0605,0.0100,0.1157,0.0050,0.3552,-0.0166,0.0061,0.1778,0.0098,0.0339,-0.0004,0.3628,-0.0011,0.0042,0.2023,0.0102,0.0268,0.0004,-1.0000,-1.0000,-1.0000,-1.0000,-1.0000,-1.0000,-1.0000,-1.0000,-1.0000,-1.0000,-1.0000,-1.0000,-1.0000,-1.0000,-1.0000,-1.0000,-1.0000,-1.0000,-1.0000,-1.0000,-1.0000,-1.0000,-1.0000,-1.0000,-1.0000,-1.0000,-1.0000,-1.0000,-1.0000,-1.0000,-1.0000,-1.0000,-1.0000,-1.0000,-1.0000,-1.0000,-1.0000,-1.0000,-1.0000,-1.0000,-1.0000,-1.0000,-1.0000,-1.0000,-1.0000,-1.0000,-1.0000,-1.0000,-1.0000,-1.0000,-1.0000,-1.0000,-1.0000,-1.0000,-1.0000,-1.0000,-1.0000,-1.0000,-1.0000,-1.0000,-1.0000,-1.0000,-1.0000,-1.0000,-1.0000,-1.0000,-1.0000,-1.0000,-1.0000,-1.0000,-1.0000,-1.0000,-1.0000,-1.0000,-1.0000,-1.0000,-1.0000,-1.0000,-1.0000,-1.0000,-1.0000,-1.0000,-1.0000,-1.0000,-1.0000,-1.0000,-1.0000,-1.0000,-1.0000,-1.0000,-1.0000,-1.0000,-1.0000,-1.0000,-1.0000,-1.0000,-1.0000,-1.0000,-1.0000,-1.0000,-1.0000,-1.0000,-1.0000,-1.0000,-1.0000,-1.0000,-1.0000,-1.0000,-1.0000,-1.0000,-1.0000,-1.0000,-1.0000,-1.0000,-1.0000,-1.0000,-1.0000,-1.0000,-1.0000,-1.0000,-1.0000,1.0512,1.0258,1.0890,1.0524,1.0706,0.9890,0.8575,0.8834,0.8630,0.9409,0.8052,1.0172,0.8905,0.9101,0.9355,0.9713,0.8218,0.6777,0.7263,0.6964,0.6845,0.7278,0.7397,0.6642,0.7441,0.6739,0.6854,0.6584,0.7151,0.7477,0.6828,0.6565,0.6203,0.6372,0.6468,0.6355,0.6530,0.6645,0.6593,0.6383,1.0939,1.1039,1.1103,1.1034,1.0604,1.1043,1.1503,1.0429,1.0824,1.1323,1.1237,1.1058,1.0459,1.1218,1.1393,1.1090,1.1267,1.1274,1.0895,1.1375,1.0623,1.0898,1.1138,0,0.6203,-1.2936,-4.3513,2.2937
57,0.1140,0.4762,0.8199,1.1943,-1.2936,-4.3513,1.1950,0.1161,0.1908,0.0001,1.0269,1.0000,0.0003,0.0049,0.0001,-0.0001,-0.0093,-0.0008,-0.0030,0.0024,-0.0010,0.0001,-0.0092,-0.0008,-0.0030,0.0023,-0.0010,0.0000,0.0284,-0.0012,-0.0005,0.0341,0.0006,0.0032,-0.0000,0.0284,0.0016,0.0005,0.0340,0.0006,0.0029,0.0000,0.0121,-0.0011,0.0050,-0.0204,0.1450,0.0010,-0.0005,-0.1287,0.0313,-0.0584,0.0233,-0.1193,-0.0002,-0.1278,0.0186,-0.0598,0.0264,0.1355,0.0047,0.3531,-0.0150,0.0062,0.1706,0.0099,0.0338,-0.0004,0.3604,-0.0011,0.0033,0.1937,0.0104,0.0256,0.0004,-1.0000,-1.0000,-1.0000,-1.0000,-1.0000,-1.0000,-1.0000,-1.0000,-1.0000,-1.0000,-1.0000,-1.0000,-1.0000,-1.0000,-1.0000,-1.0000,-1.0000,-1.0000,-1.0000,-1.0000,-1.0000,-1.0000,-1.0000,-1.0000,-1.0000,-1.0000,-1.0000,-1.0000,-1.0000,-1.0000,-1.0000,-1.0000,-1.0000,-1.0000,-1.0000,-1.0000,-1.0000,-1.0000,-1.0000,-1.0000,-1.0000,-1.0000,-1.0000,-1.0000,-1.0000,-1.0000,-1.0000,-1.0000,-1.0000,-1.0000,-1.0000,-1.0000,-1.0000,-1.0000,-1.0000,-1.0000,-1.0000,-1.0000,-1.0000,-1.0000,-1.0000,-1.0000,-1.0000,-1.0000,-1.0000,-1.0000,-1.0000,-1.0000,-1.0000,-1.0000,-1.0000,-1.0000,-1.0000,-1.0000,-1.0000,-1.0000,-1.0000,-1.0000,-1.0000,-1.0000,-1.0000,-1.0000,-1.0000,-1.0000,-1.0000,-1.0000,-1.0000,-1.0000,-1.0000,-1.0000,-1.0000,-1.0000,-1.0000,-1.0000,-1.0000,-1.0000,-1.0000,-1.0000,-1.0000,-1.0000,-1.0000,-1.0000,-1.0000,-1.0000,-1.0000,-1.0000,-1.0000,-1.0000,-1.0000,-1.0000,-1.0000,-1.0000,-1.0000,-1.0000,-1.0000,-1.0000,-1.0000,-1.0000,-1.0000,-1.0000,-1.0000,1.0423,1.0169,1.0800,1.0435,1.0616,0.9802,0.8484,0.8742,0.8535,0.9315,0.7960,1.0078,0.8812,0.9007,0.9263,0.9619,0.8124,0.6683,0.7169,0.6869,0.6751,0.7184,0.7306,0.6550,0.7347,0.6647,0.6763,0.6494,0.7061,0.7385,0.6740,0.6480,0.6116,0.6284,0.6384,0.6266,0.6444,0.6556,0.6509,0.6299,1.0846,1.0945,1.1009,1.0940,1.0510,1.0950,1.1410,1.0335,1.0733,1.1231,1.1145,1.0966,1.0366,1.1127,1.1305,1.1002,1.1178,1.1186,1.0806,1.1286,1.0534,1.0812,1.1051,0,0.6116,-1.2936,-4.3513,2.2937
57,0.1140,0.4762,0.8199,1.1943,-1.2936,-4.3513,1.1950,0.1161,0.1908,0.0001,1.0269,1.0000,0.0003,0.0049,0.0001,-0.0001,-0.0093,-0.0008,-0.0030,0.0024,-0.0010,0.0001,-0.0092,-0.0008,-0.0030,0.0023,-0.0010,0.0000,0.0284,-0.0012,-0.0005,0.0341,0.0006,0.0032,-0.0000,0.0284,0.0016,0.0005,0.0340,0.0006,0.0029,0.0000,0.0121,-0.0011,0.0050,-0.0204,0.1450,0.0010,-0.0005,-0.1287,0.0313,-0.0584,0.0233,-0.1193,-0.0002,-0.1278,0.0186,-0.0598,0.0264,0.1355,0.0047,0.3531,-0.0150,0.0062,0.1706,0.0099,0.0338,-0.0004,0.3604,-0.0011,0.0033,0.1937,0.0104,0.0256,0.0004,-1.0000,-1.0000,-1.0000,-1.0000,-1.0000,-1.0000,-1.0000,-1.0000,-1.0000,-1.0000,-1.0000,-1.0000,-1.0000,-1.0000,-1.0000,-1.0000,-1.0000,-1.0000,-1.0000,-1.0000,-1.0000,-1.0000,-1.0000,-1.0000,-1.0000,-1.0000,-1.0000,-1.0000,-1.0000,-1.0000,-1.0000,-1.0000,-1.0000,-1.0000,-1.0000,-1.0000,-1.0000,-1.0000,-1.0000,-1.0000,-1.0000,-1.0000,-1.0000,-1.0000,-1.0000,-1.0000,-1.0000,-1.0000,-1.0000,-1.0000,-1.0000,-1.0000,-1.0000,-1.0000,-1.0000,-1.0000,-1.0000,-1.0000,-1.0000,-1.0000,-1.0000,-1.0000,-1.0000,-1.0000,-1.0000,-1.0000,-1.0000,-1.0000,-1.0000,-1.0000,-1.0000,-1.0000,-1.0000,-1.0000,-1.0000,-1.0000,-1.0000,-1.0000,-1.0000,-1.0000,-1.0000,-1.0000,-1.0000,-1.0000,-1.0000,-1.0000,-1.0000,-1.0000,-1.0000,-1.0000,-1.0000,-1.0000,-1.0000,-1.0000,-1.0000,-1.0000,-1.0000,-1.0000,-1.0000,-1.0000,-1.0000,-1.0000,-1.0000,-1.0000,-1.0000,-1.0000,-1.0000,-1.0000,-1.0000,-1.0000,-1.0000,-1.0000,-1.0000,-1.0000,-1.0000,-1.0000,-1.0000,-1.0000,-1.0000,-1.0000,-1.0000,1.0423,1.0169,1.0800,1.0435,1.0616,0.9802,0.8484,0.8742,0.8535,0.9315,0.7960,1.0078,0.8812,0.9007,0.9263,0.9619,0.8124,0.6683,0.7169,0.6869,0.6751,0.7184,0.7306,0.6550,0.7347,0.6647,0.6763,0.6494,0.7061,0.7385,0.6740,0.6480,0.6116,0.6284,0.6384,0.6266,0.6444,0.6556,0.6509,0.6299,1.0846,1.0945,1.1009,1.0940,1.0510,1.0950,1.1410,1.0335,1.0733,1.1231,1.1145,1.0966,1.0366,1.1127,1.1305,1.1002,1.1178,1.1186,1.0806,1.1286,1.0534,1.0812,1.1051,0,0.6116,-1.2936,-4.3513,2.2937
58,0.1160,0.4736,0.8112,1.1966,-1.2936,-4.3513,1.1754,0.1161,0.1908,0.0001,1.0269,1.0000,0.0003,0.0050,0.0001,-0.0001,-0.0096,-0.0007,-0.0031,0.0028,-0.0012,0.0001,-0.0095,-0.0008,-0.0031,0.0027,-0.0007,0.0000,0.0291,-0.0013,-0.0005,0.0344,0.0006,0.0033,-0.0000,0.0291,0.0016,0.0005,0.0343,0.0006,0.0029,0.0000,0.0122,-0.0011,-0.0056,-0.0202,0.1417,0.0011,-0.0004,-0.1459,0.0301,-0.0427,0.2092,-0.0961,-0.0001,-0.1446,0.0192,-0.0443,0.2088,0.1208,0.0044,0.3447,-0.0135,0.0066,0.1430,0.0100,0.0329,-0.0004,0.3517,-0.0020,0.0023,0.1653,0.0104,0.0237,0.0004,-1.0000,-1.0000,-1.0000,-1.0000,-1.0000,-1.0000,-1.0000,-1.0000,-1.0000,-1.0000,-1.0000,-1.0000,-1.0000,-1.0000,-1.0000,-1.0000,-1.0000,-1.0000,-1.0000,-1.0000,-1.0000,-1.0000,-1.0000,-1.0000,-1.0000,-1.0000,-1.0000,-1.0000,-1.0000,-1.0000,-1.0000,-1.0000,-1.0000,-1.0000,-1.0000,-1.0000,-1.0000,-1.0000,-1.0000,-1.0000,-1.0000,-1.0000,-1.0000,-1.0000,-1.0000,-1.0000,-1.0000,-1.0000,-1.0000,-1.0000,-1.0000,-1.0000,-1.0000,-1.0000,-1.0000,-1.0000,-1.0000,-1.0000,-1.0000,-1.0000,-1.0000,-1.0000,-1.0000,-1.0000,-1.0000,-1.0000,-1.0000,-1.0000,-1.0000,-1.0000,-1.0000,-1.0000,-1.0000,-1.0000,-1.0000,-1.0000,-1.0000,-1.0000,-1.0000,-1.0000,-1.0000,-1.0000,-1.0000,-1.0000,-1.0000,-1.0000,-1.0000,-1.0000,-1.0000,-1.0000,-1.0000,-1.0000,-1.0000,-1.0000,-1.0000,-1.0000,-1.0000,-1.0000,-1.0000,-1.0000,-1.0000,-1.0000,-1.0000,-1.0000,-1.0000,-1.0000,-1.0000,-1.0000,-1.0000,-1.0000,-1.0000,-1.0000,-1.0000,-1.0000,-1.0000,-1.0000,-1.0000,-1.0000,-1.0000,-1.0000,-1.0000,1.0335,1.0080,1.0711,1.0346,1.0527,0.9713,0.8394,0.8649,0.8441,0.9222,0.7868,0.9984,0.8718,0.8913,0.9171,0.9525,0.8030,0.6589,0.7075,0.6775,0.6657,0.7090,0.7214,0.6458,0.7253,0.6556,0.6673,0.6403,0.6972,0.7293,0.6651,0.6396,0.6030,0.6197,0.6300,0.6178,0.6358,0.6467,0.6425,0.6214,1.0753,1.0851,1.0916,1.0847,1.0416,1.0857,1.1317,1.0242,1.0642,1.1138,1.1053,1.0875,1.0274,1.1037,1.1217,1.0914,1.1089,1.1098,1.0717,1.1197,1.0445,1.0725,1.0964,0,0.6030,-1.2936,-4.3513,2.2937
59,0.1180,0.4710,0.8025,1.1989,-1.2936,-4.3513,1.1558,0.1161,0.1908,0.0001,1.0269,1.0000,0.0003,0.0052,0.0001,-0.0001,-0.0099,-0.0007,-0.0032,0.0031,-0.0014,0.0001,-0.0098,-0.0007,-0.0032,0.0030,-0.0006,0.0000,0.0298,-0.0013,-0.0005,0.0347,0.0006,0.0034,-0.0000,0.0298,0.0015,0.0005,0.0347,0.0006,0.0030,0.0000,0.0123,-0.0010,-0.0037,-0.0199,0.1427,0.0012,-0.0006,-0.1395,0.0312,-0.0484,0.1446,-0.1294,0.0001,-0.1395,0.0210,-0.0490,0.1546,0.0718,0.0041,0.3418,-0.0127,0.0067,0.1361,0.0101,0.0328,-0.0004,0.3486,-0.0027,0.0015,0.1575,0.0106,0.0225,0.0004,-1.0000,-1.0000,-1.0000,-1.0000,-1.0000,-1.0000,-1.0000,-1.0000,-1.0000,-1.0000,-1.0000,-1.0000,-1.0000,-1.0000,-1.0000,-1.0000,-1.0000,-1.0000,-1.0000,-1.0000,-1.0000,-1.0000,-1.0000,-1.0000,-1.0000,-1.0000,-1.0000,-1.0000,-1.0000,-1.0000,-1.0000,-1.0000,-1.0000,-1.0000,-1.0000,-1.0000,-1.0000,-1.0000,-1.0000,-1.0000,-1.0000,-1.0000,-1.0000,-1.0000,-1.0000,-1.0000,-1.0000,-1.0000,-1.0000,-1.0000,-1.0000,-1.0000,-1.0000,-1.0000,-1.0000,-1.0000,-1.0000,-1.0000,-1.0000,-1.0000,-1.0000,-1.0000,-1.0000,-1.0000,-1.0000,-1.0000,-1.0000,-1.0000,-1.0000,-1.0000,-1.0000,-1.0000,-1.0000,-1.0000,-1.0000,-1.0000,-1.0000,-1.0000,-1.0000,-1.0000,-1.0000,-1.0000,-1.0000,-1.0000,-1.0000,-1.0000,-1.0000,-1.0000,-1.0000,-1.0000,-1.0000,-1.0000,-1.0000,-1.0000,-1.0000,-1.0000,-1.0000,-1.0000,-1.0000,-1.0000,-1.0000,-1.0000,-1.0000,-1.0000,-1.0000,-1.0000,-1.0000,-1.0000,-1.0000,-1.0000,-1.0000,-1.0000,-1.0000,-1.0000,-1.0000,-1.0000,-1.0000,-1.0000,-1.0000,-1.0000,-1.0000,1.0246,0.9991,1.0621,1.0257,1.0438,0.9625,0.8303,0.8557,0.8347,0.9129,0.7776,0.9889,0.8625,0.8820,0.9080,0.9431,0.7937,0.6495,0.6981,0.6681,0.6563,0.6996,0.7122,0.6366,0.7160,0.6465,0.6582,0.6312,0.6883,0.7201,0.6563,0.6312,0.5943,0.6110,0.6217,0.6089,0.6273,0.6378,0.6342,0.6130,1.0660,1.0757,1.0822,1.0753,1.0323,1.0763,1.1224,1.0149,1.0551,1.1046,1.0962,1.0783,1.0181,1.0946,1.1129,1.0826,1.1000,1.1011,1.0629,1.1108,1.0356,1.0639,1.0876,0,0.5943,-1.2936,-4.3513,2.2937
59,0.1180,0.4710,0.8025,1.1989,-1.2936,-4.3513,1.1558,0.1161,0.1908,0.0001,1.0269,1.0000,0.0003,0.0052,0.0001,-0.0001,-0.0099,-0.0007,-0.0032,0.0031,-0.0014,0.0001,-0.0098,-0.0007,-0.0032,0.0030,-0.0006,0.0000,0.0298,-0.0013,-0.0005,0.0347,0.0006,0.0034,-0.0000,0.0298,0.0015,0.0005,0.0347,0.0006,0.0030,0.0000,0.0123,-0.0010,-0.0037,-0.0199,0.1427,0.0012,-0.0006,-0.1395,0.0312,-0.0484,0.1446,-0.1294,0.0001,-0.1395,0.0210,-0.0490,0.1546,0.0718,0.0041,0.3418,-0.0127,0.0067,0.1361,0.0101,0.0328,-0.0004,0.3486,-0.0027,0.0015,0.1575,0.0106,0.0225,0.0004,-1.0000,-1.0000,-1.0000,-1.0000,-1.0000,-1.0000,-1.0000,-1.0000,-1.0000,-1.0000,-1.0000,-1.0000,-1.0000,-1.0000,-1.0000,-1.0000,-1.0000,-1.0000,-1.0000,-1.0000,-1.0000,-1.0000,-1.0000,-1.0000,-1.0000,-1.0000,-1.0000,-1.0000,-1.0000,-1.0000,-1.0000,-1.0000,-1.0000,-1.0000,-1.0000,-1.0000,-1.0000,-1.0000,-1.0000,-1.0000,-1.0000,-1.0000,-1.0000,-1.0000,-1.0000,-1.0000,-1.0000,-1.0000,-1.0000,-1.0000,-1.0000,-1.0000,-1.0000,-1.0000,-1.0000,-1.0000,-1.0000,-1.0000,-1.0000,-1.0000,-1.0000,-1.0000,-1.0000,-1.0000,-1.0000,-1.0000,-1.0000,-1.0000,-1.0000,-1.0000,-1.0000,-1.0000,-1.0000,-1.0000,-1.0000,-1.0000,-1.0000,-1.0000,-1.0000,-1.0000,-1.0000,-1.0000,-1.0000,-1.0000,-1.0000,-1.0000,-1.0000,-1.0000,-1.0000,-1.0000,-1.0000,-1.0000,-1.0000,-1.0000,-1.0000,-1.0000,-1.0000,-1.0000,-1.0000,-1.0000,-1.0000,-1.0000,-1.0000,-1.0000,-1.0000,-1.0000,-1.0000,-1.0000,-1.0000,-1.0000,-1.0000,-1.0000,-1.0000,-1.0000,-1.0000,-1.0000,-1.0000,-1.0000,-1.0000,-1.0000,-1.0000,1.0246,0.9991,1.0621,1.0257,1.0438,0.9625,0.8303,0.8557,0.8347,0.9129,0.7776,0.9889,0.8625,0.8820,0.9080,0.9431,0.7937,0.6495,0.6981,0.6681,0.6563,0.6996,0.7122,0.6366,0.7160,0.6465,0.6582,0.6312,0.6883,0.7201,0.6563,0.6312,0.5943,0.6110,0.6217,0.6089,0.6273,0.6378,0.6342,0.6130,1.0660,1.0757,1.0822,1.0753,1.0323,1.0763,1.1224,1.0149,1.0551,1.1046,1.0962,1.0783,1.0181,1.0946,1.1129,1.0826,1.1000,1.1011,1.0629,1.1108,1.0356,1.0639,1.0876,0,0.5943,-1.2936,-4.3513,2.2937
60,0.1200,0.4684,0.7938,1.2012,-1.2936,-4.3513,1.1361,0.1161,0.1909,0.0000,1.0269,1.0000,0.0003,0.0053,0.0001,-0.0001,-0.0101,-0.0006,-0.0033,0.0033,-0.0017,0.0001,-0.0101,-0.0007,-0.0033,0.0032,-0.0005,0.0000,0.0305,-0.0013,-0.0005,0.0349,0.0006,0.0034,-0.0000,0.0305,0.0015,0.0005,0.0350,0.0006,0.0030,0.0000,0.0124,-0.0008,-0.0022,-0.0195,0.1435,0.0013,-0.0007,-0.1340,0.0321,-0.0533,0.0894,-0.1623,0.0001,-0.1349,0.0226,-0.0531,0.1072,0.0232,0.0038,0.3384,-0.0118,0.0068,0.1287,0.0103,0.0325,-0.0004,0.3449,-0.0035,0.0007,0.1491,0.0108,0.0213,0.0004,-1.0000,-1.0000,-1.0000,-1.0000,-1.0000,-1.0000,-1.0000,-1.0000,-1.0000,-1.0000,-1.0000,-1.0000,-1.0000,-1.0000,-1.0000,-1.0000,-1.0000,-1.0000,-1.0000,-1.0000,-1.0000,-1.0000,-1.0000,-1.0000,-1.0000,-1.0000,-1.0000,-1.0000,-1.0000,-1.0000,-1.0000,-1.0000,-1.0000,-1.0000,-1.0000,-1.0000,-1.0000,-1.0000,-1.0000,-1.0000,-1.0000,-1.0000,-1.0000,-1.0000,-1.0000,-1.0000,-1.0000,-1.0000,-1.0000,-1.0000,-1.0000,-1.0000,-1.0000,-1.0000,-1.0000,-1.0000,-1.0000,-1.0000,-1.0000,-1.0000,-1.0000,-1.0000,-1.0000,-1.0000,-1.0000,-1.0000,-1.0000,-1.0000,-1.0000,-1.0000,-1.0000,-1.0000,-1.0000,-1.0000,-1.0000,-1.0000,-1.0000,-1.0000,-1.0000,-1.0000,-1.0000,-1.0000,-1.0000,-1.0000,-1.0000,-1.0000,-1.0000,-1.0000,-1.0000,-1.0000,-1.0000,-1.0000,-1.0000,-1.0000,-1.0000,-1.0000,-1.0000,-1.0000,-1.0000,-1.0000,-1.0000,-1.0000,-1.0000,-1.0000,-1.0000,-1.0000,-1.0000,-1.0000,-1.0000,-1.0000,-1.0000,-1.0000,-1.0000,-1.0000,-1.0000,-1.0000,-1.0000,-1.0000,-1.0000,-1.0000,-1.0000,1.0158,0.9902,1.0532,1.0169,1.0349,0.9537,0.8212,0.8464,0.8252,0.9036,0.7685,0.9795,0.8532,0.8726,0.8988,0.9338,0.7843,0.6402,0.6888,0.6588,0.6469,0.6902,0.7031,0.6274,0.7066,0.6374,0.6492,0.6222,0.6793,0.7109,0.6475,0.6229,0.5857,0.6023,0.6133,0.6001,0.6187,0.6289,0.6258,0.6046,1.0567,1.0663,1.0728,1.0660,1.0229,1.0670,1.1131,1.0055,1.0459,1.0954,1.0870,1.0692,1.0089,1.0856,1.1041,1.0739,1.0911,1.0924,1.0540,1.1019,1.0267,1.0552,1.0789,0,0.5857,-1.2936,-4.3513,2.2937
61,0.1220,0.4658,0.7851,1.2034,-1.2936,-4.3513,1.1165,0.1161,0.1909,0.0000,1.0269,1.0000,0.0002,0.0055,0.0001,-0.0001,-0.0104,-0.0005,-0.0034,0.0034,-0.0021,0.0001,-0.0103,-0.0006,-0.0034,0.0033,-0.0007,0.0001,0.0311,-0.0013,-0.0005,0.0352,0.0007,0.0035,-0.0000,0.0312,0.0015,0.0005,0.0352,0.0007,0.0030,0.0000,0.0124,-0.0005,-0.0017,-0.0158,0.1441,0.0015,-0.0008,-0.1290,0.0290,-0.0578,0.0413,-0.1952,0.0006,-0.1297,0.0224,-0.0574,0.0579,-0.0726,0.0030,0.3346,-0.0100,0.0065,0.1210,0.0104,0.0323,-0.0004,0.3400,-0.0034,-0.0006,0.1381,0.0109,0.0200,0.0004,-1.0000,-1.0000,-1.0000,-1.0000,-1.0000,-1.0000,-1.0000,-1.0000,-1.0000,-1.0000,-1.0000,-1.0000,-1.0000,-1.0000,-1.0000,-1.0000,-1.0000,-1.0000,-1.0000,-1.0000,-1.0000,-1.0000,-1.0000,-1.0000,-1.0000,-1.0000,-1.0000,-1.0000,-1.0000,-1.0000,-1.0000,-1.0000,-1.0000,-1.0000,-1.0000,-1.0000,-1.0000,-1.0000,-1.0000,-1.0000,-1.0000,-1.0000,-1.0000,-1.0000,-1.0000,-1.0000,-1.0000,-1.0000,-1.0000,-1.0000,-1.0000,-1.0000,-1.0000,-1.0000,-1.0000,-1.0000,-1.0000,-1.0000,-1.0000,-1.0000,-1.0000,-1.0000,-1.0000,-1.0000,-1.0000,-1.0000,-1.0000,-1.0000,-1.0000,0.9962,-1.0000,-1.0000,-1.0000,-1.0000,0.9996,-1.0000,-1.0000,-1.0000,-1.0000,-1.0000,-1.0000,-1.0000,-1.0000,-1.0000,-1.0000,-1.0000,-1.0000,-1.0000,-1.0000,-1.0000,-1.0000,-1.0000,-1.0000,-1.0000,-1.0000,-1.0000,-1.0000,-1.0000,-1.0000,-1.0000,-1.0000,-1.0000,-1.0000,-1.0000,-1.0000,-1.0000,-1.0000,-1.0000,-1.0000,-1.0000,-1.0000,-1.0000,-1.0000,-1.0000,-1.0000,-1.0000,-1.0000,-1.0000,-1.0000,-1.0000,-1.0000,1.0071,0.9814,1.0443,1.0081,1.0260,0.9450,0.8122,0.8372,0.8158,0.8943,0.7593,0.9702,0.8439,0.8632,0.8896,0.9244,0.7749,0.6308,0.6794,0.6494,0.6375,0.6808,0.6939,0.6182,0.6973,0.6283,0.6402,0.6131,0.6704,0.7017,0.6387,0.6145,0.5771,0.5936,0.6050,0.5913,0.6102,0.6201,0.6175,0.5962,1.0474,1.0569,1.0634,1.0567,1.0136,1.0577,1.1038,0.9962,1.0368,1.0862,1.0779,1.0600,0.9996,1.0765,1.0953,1.0651,1.0822,1.0836,1.0451,1.0930,1.0178,1.0466,1.0702,0,0.5771,-1.2936,-4.3513,2.2937
61,0.1220,0.4658,0.7851,1.2034,-1.2936,-4.3513,1.1165,0.1161,0.1909,0.0000,1.0269,1.0000,0.0002,0.0055,0.0001,-0.0001,-0.0104,-0.0005,-0.0034,0.0034,-0.0021,0.0001,-0.0103,-0.0006,-0.0034,0.0033,-0.0007,0.0001,0.0311,-0.0013,-0.0005,0.0352,0.0007,0.0035,-0.0000,0.0312,0.0015,0.0005,0.0352,0.0007,0.0030,0.0000,0.0124,-0.0005,-0.0017,-0.0158,0.1441,0.0015,-0.0008,-0.1290,0.0290,-0.0578,0.0413,-0.1952,0.0006,-0.1297,0.0224,-0.0574,0.0579,-0.0726,0.0030,0.3346,-0.0100,0.0065,0.1210,0.0104,0.0323,-0.0004,0.3400,-0.0034,-0.0006,0.1381,0.0109,0.0200,0.0004,-1.0000,-1.0000,-1.0000,-1.0000,-1.0000,-1.0000,-1.0000,-1.0000,-1.0000,-1.0000,-1.0000,-1.0000,-1.0000,-1.0000,-1.0000,-1.0000,-1.0000,-1.0000,-1.0000,-1.0000,-1.0000,-1.0000,-1.0000,-1.0000,-1.0000,-1.0000,-1.0000,-1.0000,-1.0000,-1.0000,-1.0000,-1.0000,-1.0000,-1.0000,-1.0000,-1.0000,-1.0000,-1.0000,-1.0000,-1.0000,-1.0000,-1.0000,-1.0000,-1.0000,-1.0000,-1.0000,-1.0000,-1.0000,-1.0000,-1.0000,-1.0000,-1.0000,-1.0000,-1.0000,-1.0000,-1.0000,-1.0000,-1.0000,-1.0000,-1.0000,-1.0000,-1.0000,-1.0000,-1.0000,-1.0000,-1.0000,-1.0000,-1.0000,-1.0000,0.9962,-1.0000,-1.0000,-1.0000,-1.0000,0.9996,-1.0000,-1.0000,-1.0000,-1.0000,-1.0000,-1.0000,-1.0000,-1.0000,-1.0000,-1.0000,-1.0000,-1.0000,-1.0000,-1.0000,-1.0000,-1.0000,-1.0000,-1.0000,-1.0000,-1.0000,-1.0000,-1.0000,-1.0000,-1.0000,-1.0000,-1.0000,-1.0000,-1.0000,-1.0000,-1.0000,-1.0000,-1.0000,-1.0000,-1.0000,-1.0000,-1.0000,-1.0000,-1.0000,-1.0000,-1.0000,-1.0000,-1.0000,-1.0000,-1.0000,-1.0000,-1.0000,1.0071,0.9814,1.0443,1.0081,1.0260,0.9450,0.8122,0.8372,0.8158,0.8943,0.7593,0.9702,0.8439,0.8632,0.8896,0.9244,0.7749,0.6308,0.6794,0.6494,0.6375,0.6808,0.6939,0.6182,0.6973,0.6283,0.6402,0.6131,0.6704,0.7017,0.6387,0.6145,0.5771,0.5936,0.6050,0.5913,0.6102,0.6201,0.6175,0.5962,1.0474,1.0569,1.0634,1.0567,1.0136,1.0577,1.1038,0.9962,1.0368,1.0862,1.0779,1.0600,0.9996,1.0765,1.0953,1.0651,1.0822,1.0836,1.0451,1.0930,1.0178,1.0466,1.0702,0,0.5771,-1.2936,-4.3513,2.2937
62,0.1240,0.4632,0.7764,1.2056,-1.2936,-4.3513,1.0969,0.1161,0.1909,0.0000,1.0269,1.0000,0.0002,0.0056,0.0001,-0.0001,-0.0106,-0.0005,-0.0036,0.0034,-0.0026,0.0001,-0.0106,-0.0006,-0.0036,0.0034,-0.0010,0.0001,0.0318,-0.0013,-0.0005,0.0354,0.0007,0.0035,-0.0000,0.0318,0.0015,0.0005,0.0355,0.0007,0.0031,0.0000,0.0124,-0.0001,-0.0014,-0.0122,0.1447,0.0017,-0.0009,-0.1246,0.0258,-0.0617,0.0002,-0.2272,0.0009,-0.1252,0.0220,-0.0612,0.0151,-0.1627,0.0022,0.3303,-0.0083,0.0062,0.1131,0.0105,0.0320,-0.0004,0.3347,-0.0034,-0.0018,0.1269,0.0110,0.0187,0.0003,-1.0000,-1.0000,-1.0000,-1.0000,-1.0000,-1.0000,-1.0000,-1.0000,-1.0000,-1.0000,-1.0000,-1.0000,-1.0000,-1.0000,-1.0000,-1.0000,-1.0000,-1.0000,-1.0000,-1.0000,-1.0000,-1.0000,-1.0000,-1.0000,-1.0000,-1.0000,-1.0000,-1.0000,-1.0000,-1.0000,-1.0000,-1.0000,-1.0000,-1.0000,-1.0000,-1.0000,-1.0000,-1.0000,-1.0000,-1.0000,-1.0000,-1.0000,-1.0000,-1.0000,-1.0000,-1.0000,-1.0000,-1.0000,-1.0000,-1.0000,-1.0000,-1.0000,-1.0000,-1.0000,-1.0000,-1.0000,-1.0000,-1.0000,-1.0000,-1.0000,-1.0000,-1.0000,-1.0000,-1.0000,-1.0000,-1.0000,-1.0000,-1.0000,-1.0000,0.9869,-1.0000,-1.0000,-1.0000,-1.0000,0.9904,-1.0000,-1.0000,-1.0000,-1.0000,-1.0000,-1.0000,-1.0000,-1.0000,-1.0000,-1.0000,-1.0000,-1.0000,-1.0000,-1.0000,-1.0000,-1.0000,-1.0000,-1.0000,-1.0000,-1.0000,-1.0000,-1.0000,-1.0000,-1.0000,-1.0000,-1.0000,-1.0000,-1.0000,-1.0000,-1.0000,-1.0000,-1.0000,-1.0000,-1.0000,-1.0000,-1.0000,-1.0000,-1.0000,-1.0000,-1.0000,-1.0000,-1.0000,-1.0000,-1.0000,-1.0000,-1.0000,0.9983,0.9727,1.0355,0.9993,1.0172,0.9363,0.8032,0.8280,0.8065,0.8850,0.7502,0.9608,0.8346,0.8538,0.8805,0.9151,0.7656,0.6215,0.6701,0.6400,0.6282,0.6714,0.6848,0.6090,0.6880,0.6192,0.6312,0.6041,0.6615,0.6925,0.6300,0.6062,0.5684,0.5850,0.5966,0.5825,0.6016,0.6112,0.6092,0.5878,1.0381,1.0475,1.0541,1.0473,1.0042,1.0484,1.0945,0.9869,1.0277,1.0770,1.0688,1.0509,0.9904,1.0675,1.0865,1.0563,1.0733,1.0749,1.0363,1.0841,1.0089,1.0380,1.0615,0,0.5684,-1.2936,-4.3513,2.2937
62,0.1240,0.4632,0.7764,1.2056,-1.2936,-4.3513,1.0969,0.1161,0.1909,0.0000,1.0269,1.0000,0.0002,0.0056,0.0001,-0.0001,-0.0106,-0.0005,-0.0036,0.0034,-0.0026,0.0001,-0.0106,-0.0006,-0.0036,0.0034,-0.0010,0.0001,0.0318,-0.0013,-0.0005,0.0354,0.0007,0.0035,-0.0000,0.0318,0.0015,0.0005,0.0355,0.0007,0.0031,0.0000,0.0124,-0.0001,-0.0014,-0.0122,0.1447,0.0017,-0.0009,-0.1246,0.0258,-0.0617,0.0002,-0.2272,0.0009,-0.1252,0.0220,-0.0612,0.0151,-0.1627,0.0022,0.3303,-0.0083,0.0062,0.1131,0.0105,0.0320,-0.0004,0.3347,-0.0034,-0.0018,0.1269,0.0110,0.0187,0.0003,-1.0000,-1.0000,-1.0000,-1.0000,-1.0000,-1.0000,-1.0000,-1.0000,-1.0000,-1.0000,-1.0000,-1.0000,-1.0000,-1.0000,-1.0000,-1.0000,-1.0000,-1.0000,-1.0000,-1.0000,-1.0000,-1.0000,-1.0000,-1.0000,-1.0000,-1.0000,-1.0000,-1.0000,-1.0000,-1.0000,-1.0000,-1.0000,-1.0000,-1.0000,-1.0000,-1.0000,-1.0000,-1.0000,-1.0000,-1.0000,-1.0000,-1.0000,-1.0000,-1.0000,-1.0000,-1.0000,-1.0000,-1.0000,-1.0000,-1.0000,-1.0000,-1.0000,-1.0000,-1.0000,-1.0000,-1.0000,-1.0000,-1.0000,-1.0000,-1.0000,-1.0000,-1.0000,-1.0000,-1.0000,-1.0000,-1.0000,-1.0000,-1.0000,-1.0000,0.9869,-1.0000,-1.0000,-1.0000,-1.0000,0.9904,-1.0000,-1.0000,-1.0000,-1.0000,-1.0000,-1.0000,-1.0000,-1.0000,-1.0000,-1.0000,-1.0000,-1.0000,-1.0000,-1.0000,-1.0000,-1.0000,-1.0000,-1.0000,-1.0000,-1.0000,-1.0000,-1.0000,-1.0000,-1.0000,-1.0000,-1.0000,-1.0000,-1.0000,-1.0000,-1.0000,-1.0000,-1.0000,-1.0000,-1.0000,-1.0000,-1.0000,-1.0000,-1.0000,-1.0000,-1.0000,-1.0000,-1.0000,-1.0000,-1.0000,-1.0000,-1.0000,0.9983,0.9727,1.0355,0.9993,1.0172,0.9363,0.8032,0.8280,0.8065,0.8850,0.7502,0.9608,0.8346,0.8538,0.8805,0.9151,0.7656,0.6215,0.6701,0.6400,0.6282,0.6714,0.6848,0.6090,0.6880,0.6192,0.6312,0.6041,0.6615,0.6925,0.6300,0.6062,0.5684,0.5850,0.5966,0.5825,0.6016,0.6112,0.6092,0.5878,1.0381,1.0475,1.0541,1.0473,1.0042,1.0484,1.0945,0.9869,1.0277,1.0770,1.0688,1.0509,0.9904,1.0675,1.0865,1.0563,1.0733,1.0749,1.0363,1.0841,1.0089,1.0380,1.0615,0,0.5684,-1.2936,-4.3513,2.2937
63,0.1260,0.4606,0.7677,1.2078,-1.2936,-4.3513,1.0773,0.1161,0.1909,0.0000,1.0269,1.0000,0.0002,0.0058,0.0001,-0.0001,-0.0109,-0.0004,-0.0037,0.0033,-0.0031,0.0001,-0.0108,-0.0005,-0.0037,0.0033,-0.0014,0.0001,0.0324,-0.0014,-0.0005,0.0356,0.0007,0.0036,-0.0000,0.0325,0.0015,0.0005,0.0357,0.0007,0.0031,0.0000,0.0124,0.0001,-0.0005,-0.0121,0.1452,0.0018,-0.0009,-0.1209,0.0270,-0.0651,-0.0341,-0.2573,0.0007,-0.1218,0.0236,-0.0644,-0.0179,-0.1996,0.0020,0.3255,-0.0076,0.0064,0.1050,0.0106,0.0316,-0.0004,0.3296,-0.0045,-0.0025,0.1182,0.0111,0.0175,0.0003,-1.0000,-1.0000,-1.0000,-1.0000,-1.0000,-1.0000,-1.0000,-1.0000,-1.0000,-1.0000,-1.0000,-1.0000,-1.0000,-1.0000,-1.0000,-1.0000,-1.0000,-1.0000,-1.0000,-1.0000,-1.0000,-1.0000,-1.0000,-1.0000,-1.0000,-1.0000,-1.0000,-1.0000,-1.0000,-1.0000,-1.0000,-1.0000,-1.0000,-1.0000,-1.0000,-1.0000,-1.0000,-1.0000,-1.0000,-1.0000,-1.0000,-1.0000,-1.0000,-1.0000,-1.0000,-1.0000,-1.0000,-1.0000,-1.0000,-1.0000,-1.0000,-1.0000,-1.0000,-1.0000,-1.0000,-1.0000,-1.0000,-1.0000,-1.0000,-1.0000,-1.0000,-1.0000,-1.0000,-1.0000,-1.0000,-1.0000,0.9949,-1.0000,-1.0000,0.9776,-1.0000,-1.0000,-1.0000,-1.0000,0.9812,-1.0000,-1.0000,-1.0000,-1.0000,-1.0000,-1.0000,-1.0000,-1.0000,-1.0000,-1.0000,-1.0000,-1.0000,-1.0000,-1.0000,-1.0000,-1.0000,-1.0000,-1.0000,-1.0000,-1.0000,-1.0000,-1.0000,-1.0000,-1.0000,-1.0000,-1.0000,-1.0000,-1.0000,-1.0000,-1.0000,-1.0000,-1.0000,-1.0000,-1.0000,-1.0000,-1.0000,-1.0000,-1.0000,-1.0000,-1.0000,-1.0000,-1.0000,-1.0000,-1.0000,-1.0000,-1.0000,0.9896,0.9639,1.0267,0.9906,1.0084,0.9277,0.7941,0.8187,0.7971,0.8757,0.7410,0.9514,0.8253,0.8445,0.8713,0.9057,0.7563,0.6121,0.6609,0.6307,0.6188,0.6620,0.6757,0.5999,0.6786,0.6101,0.6222,0.5951,0.6526,0.6833,0.6212,0.5979,0.5599,0.5763,0.5884,0.5737,0.5931,0.6024,0.6009,0.5795,1.0288,1.0382,1.0447,1.0380,0.9949,1.0391,1.0852,0.9776,1.0187,1.0678,1.0596,1.0418,0.9812,1.0584,1.0777,1.0476,1.0644,1.0662,1.0274,1.0752,1.0000,1.0294,1.0528,0,0.5599,-1.2936,-4.3513,2.2937
64,0.1280,0.4580,0.7590,1.2099,-1.2936,-4.3513,1.0577,0.1161,0.1910,0.0000,1.0269,1.0000,0.0002,0.0059,0.0001,-0.0001,-0.0111,-0.0004,-0.0038,0.0032,-0.0032,0.0001,-0.0111,-0.0005,-0.0038,0.0032,-0.0019,0.0001,0.0331,-0.0014,-0.0005,0.0358,0.0007,0.0037,-0.0000,0.0332,0.0015,0.0005,0.0359,0.0007,0.0032,0.0000,0.0124,-0.0004,-0.0013,-0.0195,0.1452,0.0015,-0.0013,-0.1214,0.0267,-0.0648,-0.0277,-0.0570,0.0006,-0.1182,0.0349,-0.0673,-0.0468,-0.2366,0.0029,0.3186,-0.0085,0.0076,0.0917,0.0108,0.0311,-0.0003,0.3245,-0.0073,-0.0023,0.1096,0.0113,0.0163,0.0003,-1.0000,-1.0000,-1.0000,-1.0000,-1.0000,-1.0000,-1.0000,-1.0000,-1.0000,-1.0000,-1.0000,-1.0000,-1.0000,-1.0000,-1.0000,-1.0000,-1.0000,-1.0000,-1.0000,-1.0000,-1.0000,-1.0000,-1.0000,-1.0000,-1.0000,-1.0000,-1.0000,-1.0000,-1.0000,-1.0000,-1.0000,-1.0000,-1.0000,-1.0000,-1.0000,-1.0000,-1.0000,-1.0000,-1.0000,-1.0000,-1.0000,-1.0000,-1.0000,-1.0000,-1.0000,-1.0000,-1.0000,-1.0000,-1.0000,-1.0000,-1.0000,-1.0000,-1.0000,-1.0000,-1.0000,-1.0000,-1.0000,-1.0000,-1.0000,-1.0000,-1.0000,-1.0000,-1.0000,-1.0000,-1.0000,-1.0000,0.9856,-1.0000,-1.0000,0.9683,-1.0000,-1.0000,-1.0000,-1.0000,0.9719,-1.0000,-1.0000,-1.0000,-1.0000,-1.0000,-1.0000,-1.0000,0.9911,-1.0000,-1.0000,-1.0000,-1.0000,-1.0000,-1.0000,-1.0000,-1.0000,-1.0000,-1.0000,-1.0000,-1.0000,-1.0000,-1.0000,-1.0000,-1.0000,-1.0000,-1.0000,-1.0000,-1.0000,-1.0000,-1.0000,-1.0000,-1.0000,-1.0000,-1.0000,-1.0000,-1.0000,-1.0000,-1.0000,-1.0000,-1.0000,-1.0000,-1.0000,-1.0000,-1.0000,-1.0000,-1.0000,0.9810,0.9553,1.0179,0.9819,0.9997,0.9191,0.7851,0.8095,0.7877,0.8664,0.7319,0.9421,0.8160,0.8352,0.8622,0.8964,0.7469,0.6028,0.6516,0.6214,0.6095,0.6527,0.6666,0.5907,0.6693,0.6011,0.6132,0.5861,0.6438,0.6741,0.6125,0.5896,0.5513,0.5677,0.5801,0.5649,0.5846,0.5935,0.5926,0.5711,1.0196,1.0288,1.0354,1.0287,0.9856,1.0298,1.0759,0.9683,1.0096,1.0586,1.0505,1.0327,0.9719,1.0494,1.0689,1.0388,1.0555,1.0574,1.0186,1.0663,0.9911,1.0207,1.0441,0,0.5513,-1.2936,-4.3513,2.2937
64,0.1280,0.4580,0.7590,1.2099,-1.2936,-4.3513,1.0577,0.1161,0.1910,0.0000,1.0269,1.0000,0.0002,0.0059,0.0001,-0.0001,-0.0111,-0.0004,-0.0038,0.0032,-0.0032,0.0001,-0.0111,-0.0005,-0.0038,0.0032,-0.0019,0.0001,0.0331,-0.0014,-0.0005,0.0358,0.0007,0.0037,-0.0000,0.0332,0.0015,0.0005,0.0359,0.0007,0.0032,0.0000,0.0124,-0.0004,-0.0013,-0.0195,0.1452,0.0015,-0.0013,-0.1214,0.0267,-0.0648,-0.0277,-0.0570,0.0006,-0.1182,0.0349,-0.0673,-0.0468,-0.2366,0.0029,0.3186,-0.0085,0.0076,0.0917,0.0108,0.0311,-0.0003,0.3245,-0.0073,-0.0023,0.1096,0.0113,0.0163,0.0003,-1.0000,-1.0000,-1.0000,-1.0000,-1.0000,-1.0000,-1.0000,-1.0000,-1.0000,-1.0000,-1.0000,-1.0000,-1.0000,-1.0000,-1.0000,-1.0000,-1.0000,-1.0000,-1.0000,-1.0000,-1.0000,-1.0000,-1.0000,-1.0000,-1.0000,-1.0000,-1.0000,-1.0000,-1.0000,-1.0000,-1.0000,-1.0000,-1.0000,-1.0000,-1.0000,-1.0000,-1.0000,-1.0000,-1.0000,-1.0000,-1.0000,-1.0000,-1.0000,-1.0000,-1.0000,-1.0000,-1.0000,-1.0000,-1.0000,-1.0000,-1.0000,-1.0000,-1.0000,-1.0000,-1.0000,-1.0000,-1.0000,-1.0000,-1.0000,-1.0000,-1.0000,-1.0000,-1.0000,-1.0000,-1.0000,-1.0000,0.9856,-1.0000,-1.0000,0.9683,-1.0000,-1.0000,-1.0000,-1.0000,0.9719,-1.0000,-1.0000,-1.0000,-1.0000,-1.0000,-1.0000,-1.0000,0.9911,-1.0000,-1.0000,-1.0000,-1.0000,-1.0000,-1.0000,-1.0000,-1.0000,-1.0000,-1.0000,-1.0000,-1.0000,-1.0000,-1.0000,-1.0000,-1.0000,-1.0000,-1.0000,-1.0000,-1.0000,-1.0000,-1.0000,-1.0000,-1.0000,-1.0000,-1.0000,-1.0000,-1.0000,-1.0000,-1.0000,-1.0000,-1.0000,-1.0000,-1.0000,-1.0000,-1.0000,-1.0000,-1.0000,0.9810,0.9553,1.0179,0.9819,0.9997,0.9191,0.7851,0.8095,0.7877,0.8664,0.7319,0.9421,0.8160,0.8352,0.8622,0.8964,0.7469,0.6028,0.6516,0.6214,0.6095,0.6527,0.6666,0.5907,0.6693,0.6011,0.6132,0.5861,0.6438,0.6741,0.6125,0.5896,0.5513,0.5677,0.5801,0.5649,0.5846,0.5935,0.5926,0.5711,1.0196,1.0288,1.0354,1.0287,0.9856,1.0298,1.0759,0.9683,1.0096,1.0586,1.0505,1.0327,0.9719,1.0494,1.0689,1.0388,1.0555,1.0574,1.0186,1.0663,0.9911,1.0207,1.0441,0,0.5513,-1.2936,-4.3513,2.2937
65,0.1300,0.4555,0.7503,1.2120,-1.2936,-4.3513,1.0380,0.1161,0.1910,0.0000,1.0269,1.0000,0.0002,0.0060,0.0001,-0.0001,-0.0114,-0.0003,-0.0040,0.0032,-0.0029,0.0001,-0.0113,-0.0004,-0.0040,0.0031,-0.0019,0.0001,0.0337,-0.0014,-0.0004,0.0359,0.0007,0.0037,-0.0000,0.0338,0.0015,0.0005,0.0361,0.0008,0.0032,0.0000,0.0124,-0.0010,-0.0042,-0.0207,0.1445,0.0015,-0.0017,-0.1210,0.0189,-0.0647,-0.0221,0.1411,0.0001,-0.1184,0.0271,-0.0666,-0.0375,-0.0336,0.0029,0.3112,-0.0063,0.0081,0.0777,0.0109,0.0304,-0.0003,0.3173,-0.0071,-0.0028,0.0956,0.0114,0.0149,0.0003,-1.0000,-1.0000,-1.0000,-1.0000,-1.0000,-1.0000,-1.0000,-1.0000,-1.0000,-1.0000,-1.0000,-1.0000,-1.0000,-1.0000,-1.0000,-1.0000,-1.0000,-1.0000,-1.0000,-1.0000,-1.0000,-1.0000,-1.0000,-1.0000,-1.0000,-1.0000,-1.0000,-1.0000,-1.0000,-1.0000,-1.0000,-1.0000,-1.0000,-1.0000,-1.0000,-1.0000,-1.0000,-1.0000,-1.0000,-1.0000,-1.0000,-1.0000,-1.0000,-1.0000,-1.0000,-1.0000,-1.0000,-1.0000,-1.0000,-1.0000,-1.0000,-1.0000,-1.0000,-1.0000,-1.0000,-1.0000,-1.0000,-1.0000,-1.0000,-1.0000,-1.0000,-1.0000,-1.0000,-1.0000,-1.0000,-1.0000,0.9762,-1.0000,-1.0000,0.9590,-1.0000,-1.0000,-1.0000,-1.0000,0.9627,-1.0000,-1.0000,-1.0000,-1.0000,-1.0000,-1.0000,-1.0000,0.9823,-1.0000,-1.0000,-1.0000,-1.0000,-1.0000,-1.0000,-1.0000,-1.0000,-1.0000,-1.0000,-1.0000,-1.0000,-1.0000,-1.0000,-1.0000,-1.0000,-1.0000,-1.0000,-1.0000,-1.0000,-1.0000,-1.0000,-1.0000,-1.0000,-1.0000,-1.0000,-1.0000,-1.0000,-1.0000,-1.0000,-1.0000,-1.0000,-1.0000,-1.0000,-1.0000,-1.0000,-1.0000,-1.0000,0.9724,0.9466,1.0092,0.9733,0.9910,0.9105,0.7761,0.8003,0.7784,0.8571,0.7228,0.9327,0.8068,0.8258,0.8530,0.8871,0.7376,0.5935,0.6423,0.6121,0.6001,0.6433,0.6575,0.5816,0.6600,0.5920,0.6042,0.5771,0.6349,0.6650,0.6037,0.5813,0.5427,0.5590,0.5718,0.5561,0.5762,0.5847,0.5844,0.5628,1.0103,1.0195,1.0261,1.0194,0.9762,1.0205,1.0666,0.9590,1.0005,1.0494,1.0414,1.0235,0.9627,1.0404,1.0601,1.0301,1.0466,1.0487,1.0097,1.0574,0.9823,1.0121,1.0354,0,0.5427,-1.2936,-4.3513,2.2937
66,0.1320,0.4529,0.7416,1.2140,-1.2936,-4.3513,1.0184,0.1161,0.1910,0.0000,1.0269,1.0000,0.0002,0.0062,0.0001,-0.0001,-0.0116,-0.0003,-0.0041,0.0032,-0.0026,0.0001,-0.0115,-0.0004,-0.0041,0.0031,-0.0019,0.0001,0.0343,-0.0014,-0.0004,0.0361,0.0008,0.0038,-0.0000,0.0344,0.0015,0.0005,0.0363,0.0008,0.0032,0.0000,0.0125,-0.0010,-0.0008,-0.0193,0.1449,0.0015,-0.0018,-0.1236,0.0160,-0.0635,0.0006,0.1660,-0.0003,-0.1212,0.0233,-0.0651,-0.0140,0.0123,0.0025,0.3066,-0.0044,0.0081,0.0755,0.0110,0.0302,-0.0003,0.3122,-0.0069,-0.0037,0.0916,0.0116,0.0139,0.0003,-1.0000,-1.0000,-1.0000,-1.0000,-1.0000,-1.0000,-1.0000,-1.0000,-1.0000,-1.0000,-1.0000,-1.0000,-1.0000,-1.0000,-1.0000,-1.0000,-1.0000,-1.0000,-1.0000,-1.0000,-1.0000,-1.0000,-1.0000,-1.0000,-1.0000,-1.0000,-1.0000,-1.0000,-1.0000,-1.0000,-1.0000,-1.0000,-1.0000,-1.0000,-1.0000,-1.0000,-1.0000,-1.0000,-1.0000,-1.0000,-1.0000,-1.0000,-1.0000,-1.0000,-1.0000,-1.0000,-1.0000,-1.0000,-1.0000,-1.0000,-1.0000,-1.0000,-1.0000,-1.0000,-1.0000,-1.0000,-1.0000,-1.0000,-1.0000,-1.0000,-1.0000,-1.0000,-1.0000,-1.0000,-1.0000,-1.0000,0.9669,-1.0000,-1.0000,0.9497,0.9914,-1.0000,-1.0000,-1.0000,0.9535,-1.0000,-1.0000,-1.0000,-1.0000,-1.0000,-1.0000,-1.0000,0.9734,-1.0000,-1.0000,-1.0000,-1.0000,-1.0000,-1.0000,-1.0000,-1.0000,-1.0000,-1.0000,-1.0000,-1.0000,-1.0000,-1.0000,-1.0000,-1.0000,-1.0000,-1.0000,-1.0000,-1.0000,-1.0000,-1.0000,-1.0000,-1.0000,-1.0000,-1.0000,-1.0000,-1.0000,-1.0000,-1.0000,-1.0000,-1.0000,-1.0000,-1.0000,-1.0000,-1.0000,-1.0000,-1.0000,0.9638,0.9380,1.0005,0.9646,0.9823,0.9019,0.7671,0.7911,0.7690,0.8479,0.7137,0.9234,0.7975,0.8165,0.8439,0.8778,0.7283,0.5841,0.6331,0.6028,0.5908,0.6340,0.6484,0.5725,0.6507,0.5830,0.5953,0.5681,0.6260,0.6558,0.5950,0.5730,0.5342,0.5504,0.5636,0.5474,0.5677,0.5759,0.5761,0.5545,1.0010,1.0102,1.0168,1.0101,0.9669,1.0112,1.0574,0.9497,0.9914,1.0402,1.0323,1.0144,0.9535,1.0314,1.0513,1.0213,1.0377,1.0400,1.0009,1.0486,0.9734,1.0035,1.0268,0,0.5342,-1.2936,-4.3513,2.2937
66,0.1320,0.4529,0.7416,1.2140,-1.2936,-4.3513,1.0184,0.1161,0.1910,0.0000,1.0269,1.0000,0.0002,0.0062,0.0001,-0.0001,-0.0116,-0.0003,-0.0041,0.0032,-0.0026,0.0001,-0.0115,-0.0004,-0.0041,0.0031,-0.0019,0.0001,0.0343,-0.0014,-0.0004,0.0361,0.0008,0.0038,-0.0000,0.0344,0.0015,0.0005,0.0363,0.0008,0.0032,0.0000,0.0125,-0.0010,-0.0008,-0.0193,0.1449,0.0015,-0.0018,-0.1236,0.0160,-0.0635,0.0006,0.1660,-0.0003,-0.1212,0.0233,-0.0651,-0.0140,0.0123,0.0025,0.3066,-0.0044,0.0081,0.0755,0.0110,0.0302,-0.0003,0.3122,-0.0069,-0.0037,0.0916,0.0116,0.0139,0.0003,-1.0000,-1.0000,-1.0000,-1.0000,-1.0000,-1.0000,-1.0000,-1.0000,-1.0000,-1.0000,-1.0000,-1.0000,-1.0000,-1.0000,-1.0000,-1.0000,-1.0000,-1.0000,-1.0000,-1.0000,-1.0000,-1.0000,-1.0000,-1.0000,-1.0000,-1.0000,-1.0000,-1.0000,-1.0000,-1.0000,-1.0000,-1.0000,-1.0000,-1.0000,-1.0000,-1.0000,-1.0000,-1.0000,-1.0000,-1.0000,-1.0000,-1.0000,-1.0000,-1.0000,-1.0000,-1.0000,-1.0000,-1.0000,-1.0000,-1.0000,-1.0000,-1.0000,-1.0000,-1.0000,-1.0000,-1.0000,-1.0000,-1.0000,-1.0000,-1.0000,-1.0000,-1.0000,-1.0000,-1.0000,-1.0000,-1.0000,0.9669,-1.0000,-1.0000,0.9497,0.9914,-1.0000,-1.0000,-1.0000,0.9535,-1.0000,-1.0000,-1.0000,-1.0000,-1.0000,-1.0000,-1.0000,0.9734,-1.0000,-1.0000,-1.0000,-1.0000,-1.0000,-1.0000,-1.0000,-1.0000,-1.0000,-1.0000,-1.0000,-1.0000,-1.0000,-1.0000,-1.0000,-1.0000,-1.0000,-1.0000,-1.0000,-1.0000,-1.0000,-1.0000,-1.0000,-1.0000,-1.0000,-1.0000,-1.0000,-1.0000,-1.0000,-1.0000,-1.0000,-1.0000,-1.0000,-1.0000,-1.0000,-1.0000,-1.0000,-1.0000,0.9638,0.9380,1.0005,0.9646,0.9823,0.9019,0.7671,0.7911,0.7690,0.8479,0.7137,0.9234,0.7975,0.8165,0.8439,0.8778,0.7283,0.5841,0.6331,0.6028,0.5908,0.6340,0.6484,0.5725,0.6507,0.5830,0.5953,0.5681,0.6260,0.6558,0.5950,0.5730,0.5342,0.5504,0.5636,0.5474,0.5677,0.5759,0.5761,0.5545,1.0010,1.0102,1.0168,1.0101,0.9669,1.0112,1.0574,0.9497,0.9914,1.0402,1.0323,1.0144,0.9535,1.0314,1.0513,1.0213,1.0377,1.0400,1.0009,1.0486,0.9734,1.0035,1.0268,0,0.5342,-1.2936,-4.3513,2.2937
67,0.1340,0.4503,0.7329,1.2160,-1.2936,-4.3513,0.9988,0.1161,0.1910,0.0000,1.0269,1.0000,0.0001,0.0063,0.0001,-0.0001,-0.0119,-0.0003,-0.0042,0.0032,-0.0022,0.0001,-0.0118,-0.0003,-0.0042,0.0031,-0.0018,0.0001,0.0349,-0.0014,-0.0004,0.0362,0.0008,0.0039,-0.0000,0.0350,0.0015,0.0005,0.0365,0.0008,0.0032,0.0000,0.0125,-0.0010,0.0019,-0.0179,0.1450,0.0016,-0.0019,-0.1255,0.0134,-0.0625,0.0193,0.1852,-0.0006,-0.1235,0.0198,-0.0638,0.0057,0.0504,0.0022,0.3014,-0.0026,0.0080,0.0722,0.0111,0.0299,-0.0003,0.3064,-0.0068,-0.0045,0.0865,0.0117,0.0128,0.0003,-1.0000,-1.0000,-1.0000,-1.0000,-1.0000,-1.0000,-1.0000,-1.0000,-1.0000,-1.0000,-1.0000,-1.0000,-1.0000,-1.0000,-1.0000,-1.0000,-1.0000,-1.0000,-1.0000,-1.0000,-1.0000,-1.0000,-1.0000,-1.0000,-1.0000,-1.0000,-1.0000,-1.0000,-1.0000,-1.0000,-1.0000,-1.0000,-1.0000,-1.0000,-1.0000,-1.0000,-1.0000,-1.0000,-1.0000,-1.0000,-1.0000,-1.0000,-1.0000,-1.0000,-1.0000,-1.0000,-1.0000,-1.0000,-1.0000,-1.0000,-1.0000,-1.0000,-1.0000,-1.0000,-1.0000,-1.0000,-1.0000,-1.0000,-1.0000,-1.0000,-1.0000,-1.0000,-1.0000,-1.0000,-1.0000,-1.0000,0.9576,-1.0000,-1.0000,0.9404,0.9823,-1.0000,-1.0000,-1.0000,0.9443,-1.0000,-1.0000,-1.0000,-1.0000,-1.0000,0.9921,-1.0000,0.9646,0.9949,-1.0000,-1.0000,-1.0000,-1.0000,-1.0000,-1.0000,-1.0000,-1.0000,-1.0000,-1.0000,-1.0000,-1.0000,-1.0000,-1.0000,-1.0000,-1.0000,-1.0000,-1.0000,-1.0000,-1.0000,-1.0000,-1.0000,-1.0000,-1.0000,-1.0000,-1.0000,-1.0000,-1.0000,-1.0000,-1.0000,-1.0000,-1.0000,-1.0000,-1.0000,-1.0000,-1.0000,-1.0000,0.9552,0.9294,0.9918,0.9561,0.9737,0.8935,0.7581,0.7819,0.7597,0.8386,0.7046,0.9141,0.7883,0.8072,0.8348,0.8685,0.7190,0.5748,0.6239,0.5935,0.5815,0.6247,0.6394,0.5634,0.6414,0.5739,0.5863,0.5591,0.6172,0.6467,0.5863,0.5648,0.5257,0.5418,0.5554,0.5386,0.5593,0.5671,0.5679,0.5462,0.9918,1.0008,1.0075,1.0008,0.9576,1.0019,1.0481,0.9404,0.9823,1.0310,1.0231,1.0053,0.9443,1.0223,1.0425,1.0126,1.0288,1.0313,0.9921,1.0397,0.9646,0.9949,1.0181,0,0.5257,-1.2936,-4.3513,2.2937
67,0.1340,0.4503,0.7329,1.2160,-1.2936,-4.3513,0.9988,0.1161,0.1910,0.0000,1.0269,1.0000,0.0001,0.0063,0.0001,-0.0001,-0.0119,-0.0003,-0.0042,0.0032,-0.0022,0.0001,-0.0118,-0.0003,-0.0042,0.0031,-0.0018,0.0001,0.0349,-0.0014,-0.0004,0.0362,0.0008,0.0039,-0.0000,0.0350,0.0015,0.0005,0.0365,0.0008,0.0032,0.0000,0.0125,-0.0010,0.0019,-0.0179,0.1450,0.0016,-0.0019,-0.1255,0.0134,-0.0625,0.0193,0.1852,-0.0006,-0.1235,0.0198,-0.0638,0.0057,0.0504,0.0022,0.3014,-0.0026,0.0080,0.0722,0.0111,0.0299,-0.0003,0.3064,-0.0068,-0.0045,0.0865,0.0117,0.0128,0.0003,-1.0000,-1.0000,-1.0000,-1.0000,-1.0000,-1.0000,-1.0000,-1.0000,-1.0000,-1.0000,-1.0000,-1.0000,-1.0000,-1.0000,-1.0000,-1.0000,-1.0000,-1.0000,-1.0000,-1.0000,-1.0000,-1.0000,-1.0000,-1.0000,-1.0000,-1.0000,-1.0000,-1.0000,-1.0000,-1.0000,-1.0000,-1.0000,-1.0000,-1.0000,-1.0000,-1.0000,-1.0000,-1.0000,-1.0000,-1.0000,-1.0000,-1.0000,-1.0000,-1.0000,-1.0000,-1.0000,-1.0000,-1.0000,-1.0000,-1.0000,-1.0000,-1.0000,-1.0000,-1.0000,-1.0000,-1.0000,-1.0000,-1.0000,-1.0000,-1.0000,-1.0000,-1.0000,-1.0000,-1.0000,-1.0000,-1.0000,0.9576,-1.0000,-1.0000,0.9404,0.9823,-1.0000,-1.0000,-1.0000,0.9443,-1.0000,-1.0000,-1.0000,-1.0000,-1.0000,0.9921,-1.0000,0.9646,0.9949,-1.0000,-1.0000,-1.0000,-1.0000,-1.0000,-1.0000,-1.0000,-1.0000,-1.0000,-1.0000,-1.0000,-1.0000,-1.0000,-1.0000,-1.0000,-1.0000,-1.0000,-1.0000,-1.0000,-1.0000,-1.0000,-1.0000,-1.0000,-1.0000,-1.0000,-1.0000,-1.0000,-1.0000,-1.0000,-1.0000,-1.0000,-1.0000,-1.0000,-1.0000,-1.0000,-1.0000,-1.0000,0.9552,0.9294,0.9918,0.9561,0.9737,0.8935,0.7581,0.7819,0.7597,0.8386,0.7046,0.9141,0.7883,0.8072,0.8348,0.8685,0.7190,0.5748,0.6239,0.5935,0.5815,0.6247,0.6394,0.5634,0.6414,0.5739,0.5863,0.5591,0.6172,0.6467,0.5863,0.5648,0.5257,0.5418,0.5554,0.5386,0.5593,0.5671,0.5679,0.5462,0.9918,1.0008,1.0075,1.0008,0.9576,1.0019,1.0481,0.9404,0.9823,1.0310,1.0231,1.0053,0.9443,1.0223,1.0425,1.0126,1.0288,1.0313,0.9921,1.0397,0.9646,0.9949,1.0181,0,0.5257,-1.2936,-4.3513,2.2937
68,0.1360,0.4477,0.7242,1.2180,-1.2936,-4.3513,0.9792,0.1161,0.1911,0.0000,1.0269,1.0000,0.0001,0.0065,0.0001,-0.0001,-0.0121,-0.0003,-0.0043,0.0033,-0.0018,0.0001,-0.0120,-0.0003,-0.0043,0.0032,-0.0017,0.0001,0.0355,-0.0014,-0.0004,0.0364,0.0008,0.0039,-0.0000,0.0356,0.0014,0.0005,0.0367,0.0008,0.0033,0.0000,0.0126,-0.0010,0.0041,-0.0166,0.1450,0.0016,-0.0020,-0.1270,0.0111,-0.0616,0.0346,0.1996,-0.0008,-0.1252,0.0168,-0.0626,0.0220,0.0819,0.0018,0.2957,-0.0008,0.0080,0.0681,0.0113,0.0295,-0.0003,0.3002,-0.0068,-0.0053,0.0808,0.0118,0.0117,0.0003,-1.0000,-1.0000,-1.0000,-1.0000,-1.0000,-1.0000,-1.0000,-1.0000,-1.0000,-1.0000,-1.0000,-1.0000,-1.0000,-1.0000,-1.0000,-1.0000,-1.0000,-1.0000,-1.0000,-1.0000,-1.0000,-1.0000,-1.0000,-1.0000,-1.0000,-1.0000,-1.0000,-1.0000,-1.0000,-1.0000,-1.0000,-1.0000,-1.0000,-1.0000,-1.0000,-1.0000,-1.0000,-1.0000,-1.0000,-1.0000,-1.0000,-1.0000,-1.0000,-1.0000,-1.0000,-1.0000,-1.0000,-1.0000,-1.0000,-1.0000,-1.0000,-1.0000,-1.0000,-1.0000,-1.0000,-1.0000,-1.0000,-1.0000,-1.0000,-1.0000,-1.0000,-1.0000,-1.0000,0.9915,0.9982,0.9916,0.9483,0.9927,-1.0000,0.9312,0.9733,-1.0000,-1.0000,0.9962,0.9351,-1.0000,-1.0000,-1.0000,-1.0000,-1.0000,0.9833,-1.0000,0.9557,0.9863,-1.0000,-1.0000,-1.0000,-1.0000,-1.0000,-1.0000,-1.0000,-1.0000,-1.0000,-1.0000,-1.0000,-1.0000,-1.0000,-1.0000,-1.0000,-1.0000,-1.0000,-1.0000,-1.0000,-1.0000,-1.0000,-1.0000,-1.0000,-1.0000,-1.0000,-1.0000,-1.0000,-1.0000,-1.0000,-1.0000,-1.0000,-1.0000,-1.0000,-1.0000,-1.0000,-1.0000,-1.0000,0.9467,0.9208,0.9832,0.9475,0.9651,0.8850,0.7491,0.7727,0.7504,0.8294,0.6955,0.9048,0.7791,0.7979,0.8257,0.8593,0.7097,0.5655,0.6147,0.5843,0.5722,0.6153,0.6303,0.5543,0.6321,0.5649,0.5774,0.5501,0.6084,0.6375,0.5776,0.5566,0.5172,0.5333,0.5472,0.5299,0.5509,0.5583,0.5597,0.5380,0.9825,0.9915,0.9982,0.9916,0.9483,0.9927,1.0389,0.9312,0.9733,1.0218,1.0140,0.9962,0.9351,1.0133,1.0337,1.0038,1.0200,1.0226,0.9833,1.0308,0.9557,0.9863,1.0094,0,0.5172,-1.2936,-4.3513,2.2937
69,0.1380,0.4451,0.7155,1.2199,-1.2936,-4.3513,0.9596,0.1161,0.1911,0.0000,1.0269,1.0000,0.0001,0.0066,0.0001,-0.0002,-0.0124,-0.0003,-0.0045,0.0034,-0.0014,0.0001,-0.0123,-0.0003,-0.0044,0.0035,-0.0015,0.0001,0.0361,-0.0014,-0.0004,0.0365,0.0008,0.0040,-0.0000,0.0362,0.0014,0.0005,0.0368,0.0009,0.0033,0.0000,0.0126,0.0002,0.0012,0.0082,0.1432,0.0025,-0.0025,-0.1261,-0.0209,-0.0613,0.0485,0.2215,-0.0011,-0.1400,-0.0141,-0.0492,0.1645,0.0817,-0.0021,0.2905,0.0089,0.0051,0.0642,0.0112,0.0291,-0.0003,0.2884,0.0008,-0.0093,0.0586,0.0117,0.0101,0.0003,-1.0000,-1.0000,-1.0000,-1.0000,-1.0000,-1.0000,-1.0000,-1.0000,-1.0000,-1.0000,-1.0000,-1.0000,-1.0000,-1.0000,-1.0000,-1.0000,-1.0000,-1.0000,-1.0000,-1.0000,-1.0000,-1.0000,-1.0000,-1.0000,-1.0000,-1.0000,-1.0000,-1.0000,-1.0000,-1.0000,-1.0000,-1.0000,-1.0000,-1.0000,-1.0000,-1.0000,-1.0000,-1.0000,-1.0000,-1.0000,-1.0000,-1.0000,-1.0000,-1.0000,-1.0000,-1.0000,-1.0000,-1.0000,-1.0000,-1.0000,-1.0000,-1.0000,-1.0000,-1.0000,-1.0000,-1.0000,-1.0000,-1.0000,-1.0000,-1.0000,-1.0000,-1.0000,-1.0000,0.9822,0.9889,0.9823,0.9391,0.9834,-1.0000,0.9219,0.9642,-1.0000,-1.0000,0.9871,0.9259,-1.0000,-1.0000,0.9951,-1.0000,-1.0000,0.9744,-1.0000,0.9469,0.9777,-1.0000,-1.0000,-1.0000,-1.0000,-1.0000,-1.0000,-1.0000,-1.0000,-1.0000,-1.0000,-1.0000,-1.0000,-1.0000,-1.0000,-1.0000,-1.0000,-1.0000,-1.0000,-1.0000,-1.0000,-1.0000,-1.0000,-1.0000,-1.0000,-1.0000,-1.0000,-1.0000,-1.0000,-1.0000,-1.0000,-1.0000,-1.0000,-1.0000,-1.0000,-1.0000,-1.0000,-1.0000,0.9383,0.9124,0.9746,0.9390,0.9565,0.8766,0.7402,0.7635,0.7411,0.8201,0.6864,0.8955,0.7698,0.7886,0.8165,0.8500,0.7004,0.5562,0.6056,0.5751,0.5629,0.6060,0.6213,0.5453,0.6229,0.5558,0.5685,0.5412,0.5996,0.6284,0.5689,0.5484,0.5087,0.5247,0.5390,0.5212,0.5425,0.5495,0.5516,0.5297,0.9733,0.9822,0.9889,0.9823,0.9391,0.9834,1.0296,0.9219,0.9642,1.0126,1.0049,0.9871,0.9259,1.0043,1.0250,0.9951,1.0111,1.0139,0.9744,1.0220,0.9469,0.9777,1.0007,0,0.5087,-1.2936,-4.3513,2.2937
69,0.1380,0.4451,0.7155,1.2199,-1.2936,-4.3513,0.9596,0.1161,0.1911,0.0000,1.0269,1.0000,0.0001,0.0066,0.0001,-0.0002,-0.0124,-0.0003,-0.0045,0.0034,-0.0014,0.0001,-0.0123,-0.0003,-0.0044,0.0035,-0.0015,0.0001,0.0361,-0.0014,-0.0004,0.0365,0.0008,0.0040,-0.0000,0.0362,0.0014,0.0005,0.0368,0.0009,0.0033,0.0000,0.0126,0.0002,0.0012,0.0082,0.1432,0.0025,-0.0025,-0.1261,-0.0209,-0.0613,0.0485,0.2215,-0.0011,-0.1400,-0.0141,-0.0492,0.1645,0.0817,-0.0021,0.2905,0.0089,0.0051,0.0642,0.0112,0.0291,-0.0003,0.2884,0.0008,-0.0093,0.0586,0.0117,0.0101,0.0003,-1.0000,-1.0000,-1.0000,-1.0000,-1.0000,-1.0000,-1.0000,-1.0000,-1.0000,-1.0000,-1.0000,-1.0000,-1.0000,-1.0000,-1.0000,-1.0000,-1.0000,-1.0000,-1.0000,-1.0000,-1.0000,-1.0000,-1.0000,-1.0000,-1.0000,-1.0000,-1.0000,-1.0000,-1.0000,-1.0000,-1.0000,-1.0000,-1.0000,-1.0000,-1.0000,-1.0000,-1.0000,-1.0000,-1.0000,-1.0000,-1.0000,-1.0000,-1.0000,-1.0000,-1.0000,-1.0000,-1.0000,-1.0000,-1.0000,-1.0000,-1.0000,-1.0000,-1.0000,-1.0000,-1.0000,-1.0000,-1.0000,-1.0000,-1.0000,-1.0000,-1.0000,-1.0000,-1.0000,0.9822,0.9889,0.9823,0.9391,0.9834,-1.0000,0.9219,0.9642,-1.0000,-1.0000,0.9871,0.9259,-1.0000,-1.0000,0.9951,-1.0000,-1.0000,0.9744,-1.0000,0.9469,0.9777,-1.0000,-1.0000,-1.0000,-1.0000,-1.0000,-1.0000,-1.0000,-1.0000,-1.0000,-1.0000,-1.0000,-1.0000,-1.0000,-1.0000,-1.0000,-1.0000,-1.0000,-1.0000,-1.0000,-1.0000,-1.0000,-1.0000,-1.0000,-1.0000,-1.0000,-1.0000,-1.0000,-1.0000,-1.0000,-1.0000,-1.0000,-1.0000,-1.0000,-1.0000,-1.0000,-1.0000,-1.0000,0.9383,0.9124,0.9746,0.9390,0.9565,0.8766,0.7402,0.7635,0.7411,0.8201,0.6864,0.8955,0.7698,0.7886,0.8165,0.8500,0.7004,0.5562,0.6056,0.5751,0.5629,0.6060,0.6213,0.5453,0.6229,0.5558,0.5685,0.5412,0.5996,0.6284,0.5689,0.5484,0.5087,0.5247,0.5390,0.5212,0.5425,0.5495,0.5516,0.5297,0.9733,0.9822,0.9889,0.9823,0.9391,0.9834,1.0296,0.9219,0.9642,1.0126,1.0049,0.9871,0.9259,1.0043,1.0250,0.9951,1.0111,1.0139,0.9744,1.0220,0.9469,0.9777,1.0007,0,0.5087,-1.2936,-4.3513,2.2937
70,0.1400,0.4425,0.7068,1.2218,-1.2936,-4.3513,0.9399,0.1161,0.1911,0.0000,1.0269,1.0000,0.0001,0.0068,0.0001,-0.0002,-0.0126,-0.0004,-0.0046,0.0035,-0.0009,0.0001,-0.0126,-0.0004,-0.0045,0.0038,-0.0010,0.0001,0.0367,-0.0014,-0.0004,0.0366,0.0009,0.0040,-0.0000,0.0368,0.0015,0.0004,0.0369,0.0009,0.0033,0.0000,0.0127,0.0005,0.0006,0.0201,0.1425,0.0029,-0.0027,-0.1263,-0.0360,-0.0607,0.0590,0.2330,-0.0016,-0.1359,-0.0363,-0.0509,0.1321,0.2378,-0.0038,0.2844,0.0145,0.0040,0.0593,0.0113,0.0287,-0.0003,0.2792,0.0045,-0.0112,0.0452,0.0117,0.0087,0.0002,-1.0000,-1.0000,-1.0000,-1.0000,-1.0000,-1.0000,-1.0000,-1.0000,-1.0000,-1.0000,-1.0000,-1.0000,-1.0000,-1.0000,-1.0000,-1.0000,-1.0000,-1.0000,-1.0000,-1.0000,-1.0000,-1.0000,-1.0000,-1.0000,-1.0000,-1.0000,-1.0000,-1.0000,-1.0000,-1.0000,-1.0000,-1.0000,-1.0000,-1.0000,-1.0000,-1.0000,-1.0000,-1.0000,-1.0000,-1.0000,-1.0000,-1.0000,-1.0000,-1.0000,-1.0000,-1.0000,-1.0000,-1.0000,-1.0000,-1.0000,-1.0000,-1.0000,-1.0000,-1.0000,-1.0000,-1.0000,-1.0000,-1.0000,-1.0000,-1.0000,-1.0000,-1.0000,-1.0000,0.9730,0.9796,0.9730,0.9298,0.9742,-1.0000,0.9126,0.9551,-1.0000,0.9958,0.9780,0.9167,0.9953,-1.0000,0.9864,-1.0000,-1.0000,0.9656,-1.0000,0.9380,0.9691,0.9921,-1.0000,-1.0000,-1.0000,-1.0000,-1.0000,-1.0000,-1.0000,-1.0000,-1.0000,-1.0000,-1.0000,-1.0000,-1.0000,-1.0000,-1.0000,-1.0000,-1.0000,-1.0000,-1.0000,-1.0000,-1.0000,-1.0000,-1.0000,-1.0000,-1.0000,-1.0000,-1.0000,-1.0000,-1.0000,-1.0000,-1.0000,-1.0000,-1.0000,-1.0000,-1.0000,-1.0000,0.9299,0.9039,0.9661,0.9306,0.9480,0.8683,0.7312,0.7543,0.7318,0.8109,0.6773,0.8863,0.7607,0.7793,0.8074,0.8408,0.6911,0.5470,0.5964,0.5659,0.5537,0.5968,0.6123,0.5362,0.6136,0.5468,0.5596,0.5322,0.5908,0.6193,0.5603,0.5402,0.5002,0.5162,0.5308,0.5125,0.5341,0.5407,0.5434,0.5215,0.9641,0.9730,0.9796,0.9730,0.9298,0.9742,1.0204,0.9126,0.9551,1.0035,0.9958,0.9780,0.9167,0.9953,1.0162,0.9864,1.0022,1.0052,0.9656,1.0131,0.9380,0.9691,0.9921,0,0.5002,-1.2936,-4.3513,2.2937
71,0.1420,0.4399,0.6981,1.2236,-1.2936,-4.3513,0.9203,0.1161,0.1911,0.0000,1.0269,1.0000,0.0001,0.0069,0.0001,-0.0002,-0.0129,-0.0004,-0.0047,0.0039,-0.0005,0.0001,-0.0128,-0.0004,-0.0047,0.0039,-0.0007,0.0001,0.0372,-0.0013,-0.0004,0.0367,0.0009,0.0041,-0.0000,0.0373,0.0014,0.0004,0.0369,0.0009,0.0033,0.0000,0.0127,-0.0007,-0.0028,-0.0040,0.1406,0.0015,-0.0038,-0.1406,-0.0046,-0.0474,0.1993,0.1994,-0.0008,-0.1288,-0.0028,-0.0548,0.0908,0.1645,0.0000,0.2723,0.0073,0.0079,0.0377,0.0115,0.0276,-0.0003,0.2731,-0.0048,-0.0084,0.0409,0.0120,0.0077,0.0003,-1.0000,-1.0000,-1.0000,-1.0000,-1.0000,-1.0000,-1.0000,-1.0000,-1.0000,-1.0000,-1.0000,-1.0000,-1.0000,-1.0000,-1.0000,-1.0000,-1.0000,-1.0000,-1.0000,-1.0000,-1.0000,-1.0000,-1.0000,-1.0000,-1.0000,-1.0000,-1.0000,-1.0000,-1.0000,-1.0000,-1.0000,-1.0000,-1.0000,-1.0000,-1.0000,-1.0000,-1.0000,-1.0000,-1.0000,-1.0000,-1.0000,-1.0000,-1.0000,-1.0000,-1.0000,-1.0000,-1.0000,-1.0000,-1.0000,-1.0000,-1.0000,-1.0000,-1.0000,-1.0000,-1.0000,-1.0000,-1.0000,-1.0000,-1.0000,-1.0000,-1.0000,-1.0000,-1.0000,0.9637,0.9703,0.9638,0.9205,0.9649,-1.0000,0.9034,0.9461,0.9943,0.9867,0.9689,0.9075,0.9863,-1.0000,0.9777,0.9933,0.9965,0.9568,-1.0000,0.9292,0.9605,0.9834,-1.0000,-1.0000,-1.0000,-1.0000,-1.0000,-1.0000,-1.0000,-1.0000,-1.0000,-1.0000,-1.0000,-1.0000,-1.0000,-1.0000,-1.0000,-1.0000,-1.0000,-1.0000,-1.0000,-1.0000,-1.0000,-1.0000,-1.0000,-1.0000,-1.0000,-1.0000,-1.0000,-1.0000,-1.0000,-1.0000,-1.0000,-1.0000,-1.0000,-1.0000,-1.0000,-1.0000,0.9216,0.8956,0.9576,0.9222,0.9396,0.8600,0.7223,0.7452,0.7225,0.8017,0.6682,0.8771,0.7515,0.7700,0.7984,0.8316,0.6818,0.5377,0.5873,0.5567,0.5445,0.5875,0.6033,0.5272,0.6044,0.5378,0.5507,0.5233,0.5820,0.6102,0.5516,0.5321,0.4917,0.5076,0.5227,0.5038,0.5257,0.5320,0.5352,0.5133,0.9549,0.9637,0.9703,0.9638,0.9205,0.9649,1.0111,0.9034,0.9461,0.9943,0.9867,0.9689,0.9075,0.9863,1.0074,0.9777,0.9933,0.9965,0.9568,1.0042,0.9292,0.9605,0.9834,0,0.4917,-1.2936,-4.3513,2.2937
71,0.1420,0.4399,0.6981,1.2236,-1.2936,-4.3513,0.9203,0.1161,0.1911,0.0000,1.0269,1.0000,0.0001,0.0069,0.0001,-0.0002,-0.0129,-0.0004,-0.0047,0.0039,-0.0005,0.0001,-0.0128,-0.0004,-0.0047,0.0039,-0.0007,0.0001,0.0372,-0.0013,-0.0004,0.0367,0.0009,0.0041,-0.0000,0.0373,0.0014,0.0004,0.0369,0.0009,0.0033,0.0000,0.0127,-0.0007,-0.0028,-0.0040,0.1406,0.0015,-0.0038,-0.1406,-0.0046,-0.0474,0.1993,0.1994,-0.0008,-0.1288,-0.0028,-0.0548,0.0908,0.1645,0.0000,0.2723,0.0073,0.0079,0.0377,0.0115,0.0276,-0.0003,0.2731,-0.0048,-0.0084,0.0409,0.0120,0.0077,0.0003,-1.0000,-1.0000,-1.0000,-1.0000,-1.0000,-1.0000,-1.0000,-1.0000,-1.0000,-1.0000,-1.0000,-1.0000,-1.0000,-1.0000,-1.0000,-1.0000,-1.0000,-1.0000,-1.0000,-1.0000,-1.0000,-1.0000,-1.0000,-1.0000,-1.0000,-1.0000,-1.0000,-1.0000,-1.0000,-1.0000,-1.0000,-1.0000,-1.0000,-1.0000,-1.0000,-1.0000,-1.0000,-1.0000,-1.0000,-1.0000,-1.0000,-1.0000,-1.0000,-1.0000,-1.0000,-1.0000,-1.0000,-1.0000,-1.0000,-1.0000,-1.0000,-1.0000,-1.0000,-1.0000,-1.0000,-1.0000,-1.0000,-1.0000,-1.0000,-1.0000,-1.0000,-1.0000,-1.0000,0.9637,0.9703,0.9638,0.9205,0.9649,-1.0000,0.9034,0.9461,0.9943,0.9867,0.9689,0.9075,0.9863,-1.0000,0.9777,0.9933,0.9965,0.9568,-1.0000,0.9292,0.9605,0.9834,-1.0000,-1.0000,-1.0000,-1.0000,-1.0000,-1.0000,-1.0000,-1.0000,-1.0000,-1.0000,-1.0000,-1.0000,-1.0000,-1.0000,-1.0000,-1.0000,-1.0000,-1.0000,-1.0000,-1.0000,-1.0000,-1.0000,-1.0000,-1.0000,-1.0000,-1.0000,-1.0000,-1.0000,-1.0000,-1.0000,-1.0000,-1.0000,-1.0000,-1.0000,-1.0000,-1.0000,0.9216,0.8956,0.9576,0.9222,0.9396,0.8600,0.7223,0.7452,0.7225,0.8017,0.6682,0.8771,0.7515,0.7700,0.7984,0.8316,0.6818,0.5377,0.5873,0.5567,0.5445,0.5875,0.6033,0.5272,0.6044,0.5378,0.5507,0.5233,0.5820,0.6102,0.5516,0.5321,0.4917,0.5076,0.5227,0.5038,0.5257,0.5320,0.5352,0.5133,0.9549,0.9637,0.9703,0.9638,0.9205,0.9649,1.0111,0.9034,0.9461,0.9943,0.9867,0.9689,0.9075,0.9863,1.0074,0.9777,0.9933,0.9965,0.9568,1.0042,0.9292,0.9605,0.9834,0,0.4917,-1.2936,-4.3513,2.2937
72,0.1440,0.4374,0.6894,1.2254,-1.2936,-4.3513,0.9007,0.1161,0.1912,0.0000,1.0269,1.0000,0.0001,0.0070,0.0001,-0.0002,-0.0132,-0.0004,-0.0048,0.0042,-0.0002,0.0001,-0.0131,-0.0004,-0.0048,0.0041,-0.0005,0.0001,0.0377,-0.0013,-0.0003,0.0368,0.0009,0.0041,-0.0000,0.0378,0.0014,0.0004,0.0370,0.0009,0.0033,0.0000,0.0128,-0.0006,-0.0012,-0.0042,0.1403,0.0015,-0.0030,-0.1350,-0.0018,-0.0509,0.1499,0.1436,-0.0005,-0.1248,0.0000,-0.0574,0.0583,0.1066,-0.0000,0.2651,0.0080,0.0082,0.0331,0.0116,0.0271,-0.0003,0.2658,-0.0060,-0.0088,0.0360,0.0121,0.0066,0.0002,-1.0000,-1.0000,-1.0000,-1.0000,-1.0000,-1.0000,-1.0000,-1.0000,-1.0000,-1.0000,-1.0000,-1.0000,-1.0000,-1.0000,-1.0000,-1.0000,-1.0000,-1.0000,-1.0000,-1.0000,-1.0000,-1.0000,-1.0000,-1.0000,-1.0000,-1.0000,-1.0000,-1.0000,-1.0000,-1.0000,-1.0000,-1.0000,-1.0000,-1.0000,-1.0000,-1.0000,-1.0000,-1.0000,-1.0000,-1.0000,-1.0000,-1.0000,-1.0000,-1.0000,-1.0000,-1.0000,-1.0000,-1.0000,-1.0000,-1.0000,-1.0000,-1.0000,-1.0000,-1.0000,-1.0000,-1.0000,-1.0000,-1.0000,-1.0000,-1.0000,-1.0000,-1.0000,-1.0000,0.9545,0.9611,0.9545,0.9113,0.9557,-1.0000,0.8941,0.9370,0.9851,0.9776,0.9598,0.8983,0.9772,0.9987,0.9689,0.9845,0.9878,0.9480,0.9954,0.9203,0.9520,0.9747,-1.0000,-1.0000,-1.0000,-1.0000,-1.0000,-1.0000,-1.0000,-1.0000,-1.0000,-1.0000,-1.0000,-1.0000,-1.0000,-1.0000,-1.0000,-1.0000,-1.0000,-1.0000,-1.0000,-1.0000,-1.0000,-1.0000,-1.0000,-1.0000,-1.0000,-1.0000,-1.0000,-1.0000,-1.0000,-1.0000,-1.0000,-1.0000,-1.0000,-1.0000,-1.0000,-1.0000,0.9133,0.8872,0.9491,0.9139,0.9312,0.8518,0.7133,0.7360,0.7133,0.7925,0.6591,0.8678,0.7423,0.7607,0.7893,0.8224,0.6726,0.5285,0.5783,0.5475,0.5352,0.5782,0.5943,0.5182,0.5951,0.5288,0.5419,0.5144,0.5732,0.6011,0.5430,0.5239,0.4833,0.4991,0.5146,0.4951,0.5174,0.5232,0.5271,0.5051,0.9457,0.9545,0.9611,0.9545,0.9113,0.9557,1.0019,0.8941,0.9370,0.9851,0.9776,0.9598,0.8983,0.9772,0.9987,0.9689,0.9845,0.9878,0.9480,0.9954,0.9203,0.9520,0.9747,0,0.4833,-1.2936,-4.3513,2.2937
72,0.1440,0.4374,0.6894,1.2254,-1.2936,-4.3513,0.9007,0.1161,0.1912,0.0000,1.0269,1.0000,0.0001,0.0070,0.0001,-0.0002,-0.0132,-0.0004,-0.0048,0.0042,-0.0002,0.0001,-0.0131,-0.0004,-0.0048,0.0041,-0.0005,0.0001,0.0377,-0.0013,-0.0003,0.0368,0.0009,0.0041,-0.0000,0.0378,0.0014,0.0004,0.0370,0.0009,0.0033,0.0000,0.0128,-0.0006,-0.0012,-0.0042,0.1403,0.0015,-0.0030,-0.1350,-0.0018,-0.0509,0.1499,0.1436,-0.0005,-0.1248,0.0000,-0.0574,0.0583,0.1066,-0.0000,0.2651,0.0080,0.0082,0.0331,0.0116,0.0271,-0.0003,0.2658,-0.0060,-0.0088,0.0360,0.0121,0.0066,0.0002,-1.0000,-1.0000,-1.0000,-1.0000,-1.0000,-1.0000,-1.0000,-1.0000,-1.0000,-1.0000,-1.0000,-1.0000,-1.0000,-1.0000,-1.0000,-1.0000,-1.0000,-1.0000,-1.0000,-1.0000,-1.0000,-1.0000,-1.0000,-1.0000,-1.0000,-1.0000,-1.0000,-1.0000,-1.0000,-1.0000,-1.0000,-1.0000,-1.0000,-1.0000,-1.0000,-1.0000,-1.0000,-1.0000,-1.0000,-1.0000,-1.0000,-1.0000,-1.0000,-1.0000,-1.0000,-1.0000,-1.0000,-1.0000,-1.0000,-1.0000,-1.0000,-1.0000,-1.0000,-1.0000,-1.0000,-1.0000,-1.0000,-1.0000,-1.0000,-1.0000,-1.0000,-1.0000,-1.0000,0.9545,0.9611,0.9545,0.9113,0.9557,-1.0000,0.8941,0.9370,0.9851,0.9776,0.9598,0.8983,0.9772,0.9987,0.9689,0.9845,0.9878,0.9480,0.9954,0.9203,0.9520,0.9747,-1.0000,-1.0000,-1.0000,-1.0000,-1.0000,-1.0000,-1.0000,-1.0000,-1.0000,-1.0000,-1.0000,-1.0000,-1.0000,-1.0000,-1.0000,-1.0000,-1.0000,-1.0000,-1.0000,-1.0000,-1.0000,-1.0000,-1.0000,-1.0000,-1.0000,-1.0000,-1.0000,-1.0000,-1.0000,-1.0000,-1.0000,-1.0000,-1.0000,-1.0000,-1.0000,-1.0000,0.9133,0.8872,0.9491,0.9139,0.9312,0.8518,0.7133,0.7360,0.7133,0.7925,0.6591,0.8678,0.7423,0.7607,0.7893,0.8224,0.6726,0.5285,0.5783,0.5475,0.5352,0.5782,0.5943,0.5182,0.5951,0.5288,0.5419,0.5144,0.5732,0.6011,0.5430,0.5239,0.4833,0.4991,0.5146,0.4951,0.5174,0.5232,0.5271,0.5051,0.9457,0.9545,0.9611,0.9545,0.9113,0.9557,1.0019,0.8941,0.9370,0.9851,0.9776,0.9598,0.8983,0.9772,0.9987,0.9689,0.9845,0.9878,0.9480,0.9954,0.9203,0.9520,0.9747,0,0.4833,-1.2936,-4.3513,2.2937
73,0.1460,0.4348,0.6807,1.2272,-1.2936,-4.3513,0.8811,0.1161,0.1912,0.0000,1.0269,1.0000,0.0001,0.0072,0.0001,-0.0002,-0.0134,-0.0004,-0.0049,0.0044,-0.0002,0.0001,-0.0133,-0.0004,-0.0049,0.0041,-0.0005,0.0001,0.0382,-0.0013,-0.0003,0.0368,0.0009,0.0042,-0.0000,0.0384,0.0014,0.0004,0.0371,0.0010,0.0033,0.0000,0.0128,-0.0003,-0.0012,-0.0039,0.1398,0.0015,-0.0020,-0.1286,0.0027,-0.0548,0.0954,0.0374,0.0002,-0.1197,0.0045,-0.0604,0.0196,-0.0009,-0.0002,0.2571,0.0084,0.0084,0.0263,0.0117,0.0265,-0.0002,0.2576,-0.0074,-0.0094,0.0286,0.0122,0.0055,0.0002,-1.0000,-1.0000,-1.0000,-1.0000,-1.0000,-1.0000,-1.0000,-1.0000,-1.0000,-1.0000,-1.0000,-1.0000,-1.0000,-1.0000,-1.0000,-1.0000,-1.0000,-1.0000,-1.0000,-1.0000,-1.0000,-1.0000,-1.0000,-1.0000,-1.0000,-1.0000,-1.0000,-1.0000,-1.0000,-1.0000,-1.0000,-1.0000,-1.0000,-1.0000,-1.0000,-1.0000,-1.0000,-1.0000,-1.0000,-1.0000,-1.0000,-1.0000,-1.0000,-1.0000,-1.0000,-1.0000,-1.0000,-1.0000,-1.0000,-1.0000,-1.0000,-1.0000,-1.0000,-1.0000,-1.0000,-1.0000,-1.0000,-1.0000,-1.0000,-1.0000,-1.0000,-1.0000,-1.0000,0.9452,0.9518,0.9453,0.9020,0.9464,0.9927,0.8849,0.9280,0.9760,0.9685,0.9507,0.8891,0.9682,0.9899,0.9602,0.9756,0.9791,0.9392,0.9865,0.9115,0.9434,0.9661,-1.0000,-1.0000,-1.0000,-1.0000,-1.0000,-1.0000,-1.0000,-1.0000,-1.0000,-1.0000,-1.0000,-1.0000,-1.0000,-1.0000,-1.0000,-1.0000,-1.0000,-1.0000,-1.0000,-1.0000,-1.0000,-1.0000,-1.0000,-1.0000,-1.0000,-1.0000,-1.0000,-1.0000,-1.0000,-1.0000,-1.0000,-1.0000,-1.0000,-1.0000,-1.0000,-1.0000,0.9050,0.8789,0.9407,0.9056,0.9228,0.8436,0.7044,0.7268,0.7040,0.7833,0.6500,0.8586,0.7332,0.7515,0.7802,0.8132,0.6633,0.5192,0.5692,0.5384,0.5260,0.5690,0.5854,0.5092,0.5859,0.5198,0.5330,0.5054,0.5644,0.5920,0.5344,0.5158,0.4749,0.4906,0.5065,0.4864,0.5091,0.5145,0.5190,0.4969,0.9365,0.9452,0.9518,0.9453,0.9020,0.9464,0.9927,0.8849,0.9280,0.9760,0.9685,0.9507,0.8891,0.9682,0.9899,0.9602,0.9756,0.9791,0.9392,0.9865,0.9115,0.9434,0.9661,0,0.4749,-1.2936,-4.3513,2.2937
74,0.1480,0.4322,0.6720,1.2289,-1.2936,-4.3513,0.8615,0.1161,0.1912,0.0000,1.0269,1.0000,0.0001,0.0073,0.0001,-0.0002,-0.0137,-0.0004,-0.0050,0.0045,-0.0003,0.0001,-0.0136,-0.0004,-0.0050,0.0041,-0.0006,0.0001,0.0387,-0.0013,-0.0003,0.0369,0.0009,0.0042,-0.0000,0.0389,0.0014,0.0004,0.0371,0.0010,0.0033,0.0000,0.0128,-0.0003,-0.0008,-0.0068,0.1393,0.0014,-0.0011,-0.1230,0.0108,-0.0580,0.0488,-0.0608,0.0002,-0.1159,0.0105,-0.0627,-0.0075,-0.0526,0.0000,0.2487,0.0079,0.0090,0.0194,0.0118,0.0258,-0.0002,0.2497,-0.0097,-0.0095,0.0235,0.0124,0.0045,0.0002,-1.0000,-1.0000,-1.0000,-1.0000,-1.0000,-1.0000,-1.0000,-1.0000,-1.0000,-1.0000,-1.0000,-1.0000,-1.0000,-1.0000,-1.0000,-1.0000,-1.0000,-1.0000,-1.0000,-1.0000,-1.0000,-1.0000,-1.0000,-1.0000,-1.0000,-1.0000,-1.0000,-1.0000,-1.0000,-1.0000,-1.0000,-1.0000,-1.0000,-1.0000,-1.0000,-1.0000,-1.0000,-1.0000,-1.0000,-1.0000,-1.0000,-1.0000,-1.0000,-1.0000,-1.0000,-1.0000,-1.0000,-1.0000,-1.0000,-1.0000,-1.0000,-1.0000,-1.0000,-1.0000,-1.0000,-1.0000,-1.0000,-1.0000,-1.0000,-1.0000,-1.0000,-1.0000,-1.0000,0.9360,0.9426,0.9361,0.8928,0.9372,0.9834,0.8757,0.9190,0.9668,0.9594,0.9416,0.8800,0.9592,0.9811,0.9515,0.9668,0.9704,0.9304,0.9777,0.9027,0.9348,0.9574,-1.0000,-1.0000,-1.0000,-1.0000,-1.0000,-1.0000,-1.0000,-1.0000,-1.0000,-1.0000,-1.0000,-1.0000,-1.0000,-1.0000,-1.0000,-1.0000,-1.0000,-1.0000,-1.0000,-1.0000,-1.0000,-1.0000,-1.0000,-1.0000,-1.0000,-1.0000,-1.0000,-1.0000,-1.0000,-1.0000,-1.0000,-1.0000,-1.0000,-1.0000,-1.0000,-1.0000,0.8968,0.8706,0.9323,0.8973,0.9144,0.8354,0.6954,0.7177,0.6948,0.7741,0.6410,0.8494,0.7240,0.7422,0.7711,0.8040,0.6540,0.5100,0.5602,0.5293,0.5168,0.5598,0.5764,0.5002,0.5767,0.5108,0.5242,0.4965,0.5557,0.5829,0.5258,0.5077,0.4665,0.4821,0.4984,0.4778,0.5008,0.5057,0.5110,0.4888,0.9273,0.9360,0.9426,0.9361,0.8928,0.9372,0.9834,0.8757,0.9190,0.9668,0.9594,0.9416,0.8800,0.9592,0.9811,0.9515,0.9668,0.9704,0.9304,0.9777,0.9027,0.9348,0.9574,0,0.4665,-1.2936,-4.3513,2.2937
74,0.1480,0.4322,0.6720,1.2289,-1.2936,-4.3513,0.8615,0.1161,0.1912,0.0000,1.0269,1.0000,0.0001,0.0073,0.0001,-0.0002,-0.0137,-0.0004,-0.0050,0.0045,-0.0003,0.0001,-0.0136,-0.0004,-0.0050,0.0041,-0.0006,0.0001,0.0387,-0.0013,-0.0003,0.0369,0.0009,0.0042,-0.0000,0.0389,0.0014,0.0004,0.0371,0.0010,0.0033,0.0000,0.0128,-0.0003,-0.0008,-0.0068,0.1393,0.0014,-0.0011,-0.1230,0.0108,-0.0580,0.0488,-0.0608,0.0002,-0.1159,0.0105,-0.0627,-0.0075,-0.0526,0.0000,0.2487,0.0079,0.0090,0.0194,0.0118,0.0258,-0.0002,0.2497,-0.0097,-0.0095,0.0235,0.0124,0.0045,0.0002,-1.0000,-1.0000,-1.0000,-1.0000,-1.0000,-1.0000,-1.0000,-1.0000,-1.0000,-1.0000,-1.0000,-1.0000,-1.0000,-1.0000,-1.0000,-1.0000,-1.0000,-1.0000,-1.0000,-1.0000,-1.0000,-1.0000,-1.0000,-1.0000,-1.0000,-1.0000,-1.0000,-1.0000,-1.0000,-1.0000,-1.0000,-1.0000,-1.0000,-1.0000,-1.0000,-1.0000,-1.0000,-1.0000,-1.0000,-1.0000,-1.0000,-1.0000,-1.0000,-1.0000,-1.0000,-1.0000,-1.0000,-1.0000,-1.0000,-1.0000,-1.0000,-1.0000,-1.0000,-1.0000,-1.0000,-1.0000,-1.0000,-1.0000,-1.0000,-1.0000,-1.0000,-1.0000,-1.0000,0.9360,0.9426,0.9361,0.8928,0.9372,0.9834,0.8757,0.9190,0.9668,0.9594,0.9416,0.8800,0.9592,0.9811,0.9515,0.9668,0.9704,0.9304,0.9777,0.9027,0.9348,0.9574,-1.0000,-1.0000,-1.0000,-1.0000,-1.0000,-1.0000,-1.0000,-1.0000,-1.0000,-1.0000,-1.0000,-1.0000,-1.0000,-1.0000,-1.0000,-1.0000,-1.0000,-1.0000,-1.0000,-1.0000,-1.0000,-1.0000,-1.0000,-1.0000,-1.0000,-1.0000,-1.0000,-1.0000,-1.0000,-1.0000,-1.0000,-1.0000,-1.0000,-1.0000,-1.0000,-1.0000,0.8968,0.8706,0.9323,0.8973,0.9144,0.8354,0.6954,0.7177,0.6948,0.7741,0.6410,0.8494,0.7240,0.7422,0.7711,0.8040,0.6540,0.5100,0.5602,0.5293,0.5168,0.5598,0.5764,0.5002,0.5767,0.5108,0.5242,0.4965,0.5557,0.5829,0.5258,0.5077,0.4665,0.4821,0.4984,0.4778,0.5008,0.5057,0.5110,0.4888,0.9273,0.9360,0.9426,0.9361,0.8928,0.9372,0.9834,0.8757,0.9190,0.9668,0.9594,0.9416,0.8800,0.9592,0.9811,0.9515,0.9668,0.9704,0.9304,0.9777,0.9027,0.9348,0.9574,0,0.4665,-1.2936,-4.3513,2.2937
75,0.1500,0.4296,0.6633,1.2306,-1.2936,-4.3513,0.8418,0.1161,0.1912,0.0000,1.0269,1.0000,0.0001,0.0075,0.0001,-0.0002,-0.0139,-0.0003,-0.0051,0.0045,-0.0006,0.0001,-0.0138,-0.0003,-0.0051,0.0040,-0.0008,0.0001,0.0392,-0.0013,-0.0003,0.0369,0.0010,0.0043,-0.0000,0.0393,0.0014,0.0004,0.0372,0.0010,0.0034,0.0000,0.0128,-0.0002,-0.0005,-0.0097,0.1387,0.0013,-0.0004,-0.1179,0.0187,-0.0609,0.0082,-0.1529,0.0003,-0.1125,0.0162,-0.0646,-0.0311,-0.0998,0.0003,0.2399,0.0075,0.0096,0.0126,0.0120,0.0251,-0.0002,0.2416,-0.0120,-0.0096,0.0182,0.0125,0.0034,0.0002,-1.0000,-1.0000,-1.0000,-1.0000,-1.0000,-1.0000,-1.0000,-1.0000,-1.0000,-1.0000,-1.0000,-1.0000,-1.0000,-1.0000,-1.0000,-1.0000,-1.0000,-1.0000,-1.0000,-1.0000,-1.0000,-1.0000,-1.0000,-1.0000,-1.0000,-1.0000,-1.0000,-1.0000,-1.0000,-1.0000,-1.0000,-1.0000,-1.0000,-1.0000,-1.0000,-1.0000,-1.0000,-1.0000,-1.0000,-1.0000,-1.0000,-1.0000,-1.0000,-1.0000,-1.0000,-1.0000,-1.0000,-1.0000,-1.0000,-1.0000,-1.0000,-1.0000,-1.0000,-1.0000,-1.0000,-1.0000,-1.0000,-1.0000,-1.0000,-1.0000,-1.0000,-1.0000,-1.0000,0.9268,0.9334,0.9269,0.8835,0.9279,0.9742,0.8664,0.9099,0.9577,0.9503,0.9325,0.8708,0.9502,0.9724,0.9428,0.9579,0.9617,0.9216,0.9688,0.8939,0.9262,0.9488,-1.0000,-1.0000,-1.0000,-1.0000,-1.0000,-1.0000,-1.0000,-1.0000,-1.0000,-1.0000,-1.0000,-1.0000,-1.0000,-1.0000,-1.0000,-1.0000,-1.0000,-1.0000,-1.0000,-1.0000,-1.0000,-1.0000,-1.0000,-1.0000,-1.0000,-1.0000,-1.0000,-1.0000,-1.0000,-1.0000,-1.0000,-1.0000,-1.0000,-1.0000,-1.0000,-1.0000,0.8886,0.8624,0.9240,0.8891,0.9061,0.8273,0.6865,0.7085,0.6856,0.7649,0.6319,0.8403,0.7149,0.7330,0.7620,0.7948,0.6448,0.5008,0.5512,0.5201,0.5076,0.5505,0.5675,0.4913,0.5675,0.5018,0.5153,0.4876,0.5469,0.5738,0.5172,0.4997,0.4581,0.4737,0.4904,0.4691,0.4925,0.4970,0.5029,0.4807,0.9181,0.9268,0.9334,0.9269,0.8835,0.9279,0.9742,0.8664,0.9099,0.9577,0.9503,0.9325,0.8708,0.9502,0.9724,0.9428,0.9579,0.9617,0.9216,0.9688,0.8939,0.9262,0.9488,0,0.4581,-1.2936,-4.3513,2.2937
76,0.1520,0.4270,0.6546,1.2322,-1.2936,-4.3513,0.8222,0.1161,0.1913,0.0000,1.0269,1.0000,0.0001,0.0076,0.0001,-0.0002,-0.0141,-0.0003,-0.0053,0.0045,-0.0011,0.0001,-0.0140,-0.0003,-0.0053,0.0040,-0.0006,0.0001,0.0397,-0.0013,-0.0003,0.0369,0.0010,0.0043,-0.0000,0.0398,0.0014,0.0003,0.0372,0.0010,0.0034,0.0000,0.0127,-0.0000,-0.0024,-0.0039,0.1374,0.0015,0.0002,-0.1121,0.0163,-0.0640,-0.0305,-0.2473,-0.0004,-0.1121,0.0003,-0.0634,-0.0256,0.0818,-0.0007,0.2311,0.0107,0.0092,0.0054,0.0120,0.0244,-0.0002,0.2312,-0.0107,-0.0108,0.0065,0.0126,0.0021,0.0002,-1.0000,-1.0000,-1.0000,-1.0000,-1.0000,-1.0000,-1.0000,-1.0000,-1.0000,-1.0000,-1.0000,-1.0000,-1.0000,-1.0000,-1.0000,-1.0000,-1.0000,-1.0000,-1.0000,-1.0000,-1.0000,-1.0000,-1.0000,-1.0000,-1.0000,-1.0000,-1.0000,-1.0000,-1.0000,-1.0000,-1.0000,-1.0000,-1.0000,-1.0000,-1.0000,-1.0000,-1.0000,-1.0000,-1.0000,-1.0000,-1.0000,-1.0000,-1.0000,-1.0000,-1.0000,-1.0000,-1.0000,-1.0000,-1.0000,-1.0000,-1.0000,-1.0000,-1.0000,-1.0000,-1.0000,-1.0000,-1.0000,-1.0000,-1.0000,-1.0000,-1.0000,-1.0000,-1.0000,0.9176,0.9241,0.9176,0.8743,0.9187,0.9650,0.8572,0.9009,0.9485,0.9413,0.9234,0.8616,0.9412,0.9636,0.9341,0.9491,0.9530,0.9128,0.9600,0.8851,0.9177,0.9402,-1.0000,-1.0000,-1.0000,-1.0000,-1.0000,-1.0000,-1.0000,-1.0000,-1.0000,-1.0000,-1.0000,-1.0000,-1.0000,-1.0000,-1.0000,-1.0000,-1.0000,-1.0000,-1.0000,-1.0000,-1.0000,-1.0000,-1.0000,-1.0000,-1.0000,-1.0000,-1.0000,-1.0000,-1.0000,-1.0000,-1.0000,-1.0000,-1.0000,-1.0000,-1.0000,-1.0000,0.8805,0.8542,0.9157,0.8809,0.8979,0.8192,0.6776,0.6994,0.6763,0.7557,0.6229,0.8311,0.7058,0.7237,0.7530,0.7857,0.6355,0.4915,0.5422,0.5111,0.4984,0.5413,0.5585,0.4823,0.5583,0.4928,0.5065,0.4788,0.5382,0.5647,0.5086,0.4917,0.4497,0.4653,0.4824,0.4605,0.4842,0.4883,0.4949,0.4726,0.9089,0.9176,0.9241,0.9176,0.8743,0.9187,0.9650,0.8572,0.9009,0.9485,0.9413,0.9234,0.8616,0.9412,0.9636,0.9341,0.9491,0.9530,0.9128,0.9600,0.8851,0.9177,0.9402,0,0.4497,-1.2936,-4.3513,2.2937
76,0.1520,0.4270,0.6546,1.2322,-1.2936,-4.3513,0.8222,0.1161,0.1913,0.0000,1.0269,1.0000,0.0001,0.0076,0.0001,-0.0002,-0.0141,-0.0003,-0.0053,0.0045,-0.0011,0.0001,-0.0140,-0.0003,-0.0053,0.0040,-0.0006,0.0001,0.0397,-0.0013,-0.0003,0.0369,0.0010,0.0043,-0.0000,0.0398,0.0014,0.0003,0.0372,0.0010,0.0034,0.0000,0.0127,-0.0000,-0.0024,-0.0039,0.1374,0.0015,0.0002,-0.1121,0.0163,-0.0640,-0.0305,-0.2473,-0.0004,-0.1121,0.0003,-0.0634,-0.0256,0.0818,-0.0007,0.2311,0.0107,0.0092,0.0054,0.0120,0.0244,-0.0002,0.2312,-0.0107,-0.0108,0.0065,0.0126,0.0021,0.0002,-1.0000,-1.0000,-1.0000,-1.0000,-1.0000,-1.0000,-1.0000,-1.0000,-1.0000,-1.0000,-1.0000,-1.0000,-1.0000,-1.0000,-1.0000,-1.0000,-1.0000,-1.0000,-1.0000,-1.0000,-1.0000,-1.0000,-1.0000,-1.0000,-1.0000,-1.0000,-1.0000,-1.0000,-1.0000,-1.0000,-1.0000,-1.0000,-1.0000,-1.0000,-1.0000,-1.0000,-1.0000,-1.0000,-1.0000,-1.0000,-1.0000,-1.0000,-1.0000,-1.0000,-1.0000,-1.0000,-1.0000,-1.0000,-1.0000,-1.0000,-1.0000,-1.0000,-1.0000,-1.0000,-1.0000,-1.0000,-1.0000,-1.0000,-1.0000,-1.0000,-1.0000,-1.0000,-1.0000,0.9176,0.9241,0.9176,0.8743,0.9187,0.9650,0.8572,0.9009,0.9485,0.9413,0.9234,0.8616,0.9412,0.9636,0.9341,0.9491,0.9530,0.9128,0.9600,0.8851,0.9177,0.9402,-1.0000,-1.0000,-1.0000,-1.0000,-1.0000,-1.0000,-1.0000,-1.0000,-1.0000,-1.0000,-1.0000,-1.0000,-1.0000,-1.0000,-1.0000,-1.0000,-1.0000,-1.0000,-1.0000,-1.0000,-1.0000,-1.0000,-1.0000,-1.0000,-1.0000,-1.0000,-1.0000,-1.0000,-1.0000,-1.0000,-1.0000,-1.0000,-1.0000,-1.0000,-1.0000,-1.0000,0.8805,0.8542,0.9157,0.8809,0.8979,0.8192,0.6776,0.6994,0.6763,0.7557,0.6229,0.8311,0.7058,0.7237,0.7530,0.7857,0.6355,0.4915,0.5422,0.5111,0.4984,0.5413,0.5585,0.4823,0.5583,0.4928,0.5065,0.4788,0.5382,0.5647,0.5086,0.4917,0.4497,0.4653,0.4824,0.4605,0.4842,0.4883,0.4949,0.4726,0.9089,0.9176,0.9241,0.9176,0.8743,0.9187,0.9650,0.8572,0.9009,0.9485,0.9413,0.9234,0.8616,0.9412,0.9636,0.9341,0.9491,0.9530,0.9128,0.9600,0.8851,0.9177,0.9402,0,0.4497,-1.2936,-4.3513,2.2937
77,0.1540,0.4244,0.6459,1.2338,-1.2936,-4.3513,0.8026,0.1161,0.1913,0.0000,1.0269,1.0000,0.0001,0.0077,0.0001,-0.0002,-0.0143,-0.0003,-0.0054,0.0043,-0.0017,0.0001,-0.0143,-0.0004,-0.0054,0.0043,-0.0005,0.0001,0.0401,-0.0012,-0.0003,0.0369,0.0010,0.0044,-0.0000,0.0402,0.0013,0.0003,0.0371,0.0011,0.0034,0.0000,0.0128,0.0011,-0.0059,0.0167,0.1351,0.0026,-0.0001,-0.1051,-0.0075,-0.0673,-0.0647,-0.2859,-0.0009,-0.1294,-0.0253,-0.0475,0.1432,0.0781,-0.0042,0.2233,0.0184,0.0068,0.0017,0.0120,0.0237,-0.0002,0.2180,-0.0050,-0.0141,-0.0122,0.0124,0.0006,0.0001,-1.0000,-1.0000,-1.0000,-1.0000,-1.0000,-1.0000,-1.0000,-1.0000,-1.0000,-1.0000,-1.0000,-1.0000,-1.0000,-1.0000,-1.0000,-1.0000,-1.0000,-1.0000,-1.0000,-1.0000,-1.0000,-1.0000,-1.0000,-1.0000,-1.0000,-1.0000,-1.0000,-1.0000,-1.0000,-1.0000,-1.0000,-1.0000,-1.0000,-1.0000,-1.0000,-1.0000,-1.0000,-1.0000,-1.0000,-1.0000,-1.0000,-1.0000,-1.0000,-1.0000,-1.0000,-1.0000,-1.0000,-1.0000,-1.0000,-1.0000,-1.0000,-1.0000,-1.0000,-1.0000,-1.0000,-1.0000,-1.0000,-1.0000,-1.0000,-1.0000,-1.0000,-1.0000,-1.0000,0.9084,0.9149,0.9084,0.8651,0.9095,0.9558,0.8480,0.8918,0.9394,0.9322,0.9143,0.8525,0.9322,0.9548,0.9254,0.9402,0.9444,0.9041,0.9511,0.8762,0.9091,0.9315,-1.0000,-1.0000,-1.0000,-1.0000,-1.0000,-1.0000,-1.0000,-1.0000,-1.0000,-1.0000,-1.0000,-1.0000,-1.0000,-1.0000,-1.0000,-1.0000,-1.0000,-1.0000,-1.0000,-1.0000,-1.0000,-1.0000,-1.0000,-1.0000,-1.0000,-1.0000,-1.0000,-1.0000,-1.0000,-1.0000,-1.0000,-1.0000,-1.0000,-1.0000,-1.0000,-1.0000,0.8724,0.8461,0.9074,0.8728,0.8896,0.8112,0.6687,0.6902,0.6671,0.7466,0.6138,0.8219,0.6967,0.7145,0.7439,0.7765,0.6263,0.4823,0.5332,0.5020,0.4893,0.5321,0.5496,0.4734,0.5491,0.4839,0.4977,0.4699,0.5295,0.5556,0.5000,0.4837,0.4414,0.4568,0.4744,0.4519,0.4760,0.4796,0.4869,0.4646,0.8997,0.9084,0.9149,0.9084,0.8651,0.9095,0.9558,0.8480,0.8918,0.9394,0.9322,0.9143,0.8525,0.9322,0.9548,0.9254,0.9402,0.9444,0.9041,0.9511,0.8762,0.9091,0.9315,0,0.4414,-1.2936,-4.3513,2.2937
77,0.1540,0.4244,0.6459,1.2338,-1.2936,-4.3513,0.8026,0.1161,0.1913,0.0000,1.0269,1.0000,0.0001,0.0077,0.0001,-0.0002,-0.0143,-0.0003,-0.0054,0.0043,-0.0017,0.0001,-0.0143,-0.0004,-0.0054,0.0043,-0.0005,0.0001,0.0401,-0.0012,-0.0003,0.0369,0.0010,0.0044,-0.0000,0.0402,0.0013,0.0003,0.0371,0.0011,0.0034,0.0000,0.0128,0.0011,-0.0059,0.0167,0.1351,0.0026,-0.0001,-0.1051,-0.0075,-0.0673,-0.0647,-0.2859,-0.0009,-0.1294,-0.0253,-0.0475,0.1432,0.0781,-0.0042,0.2233,0.0184,0.0068,0.0017,0.0120,0.0237,-0.0002,0.2180,-0.0050,-0.0141,-0.0122,0.0124,0.0006,0.0001,-1.0000,-1.0000,-1.0000,-1.0000,-1.0000,-1.0000,-1.0000,-1.0000,-1.0000,-1.0000,-1.0000,-1.0000,-1.0000,-1.0000,-1.0000,-1.0000,-1.0000,-1.0000,-1.0000,-1.0000,-1.0000,-1.0000,-1.0000,-1.0000,-1.0000,-1.0000,-1.0000,-1.0000,-1.0000,-1.0000,-1.0000,-1.0000,-1.0000,-1.0000,-1.0000,-1.0000,-1.0000,-1.0000,-1.0000,-1.0000,-1.0000,-1.0000,-1.0000,-1.0000,-1.0000,-1.0000,-1.0000,-1.0000,-1.0000,-1.0000,-1.0000,-1.0000,-1.0000,-1.0000,-1.0000,-1.0000,-1.0000,-1.0000,-1.0000,-1.0000,-1.0000,-1.0000,-1.0000,0.9084,0.9149,0.9084,0.8651,0.9095,0.9558,0.8480,0.8918,0.9394,0.9322,0.9143,0.8525,0.9322,0.9548,0.9254,0.9402,0.9444,0.9041,0.9511,0.8762,0.9091,0.9315,-1.0000,-1.0000,-1.0000,-1.0000,-1.0000,-1.0000,-1.0000,-1.0000,-1.0000,-1.0000,-1.0000,-1.0000,-1.0000,-1.0000,-1.0000,-1.0000,-1.0000,-1.0000,-1.0000,-1.0000,-1.0000,-1.0000,-1.0000,-1.0000,-1.0000,-1.0000,-1.0000,-1.0000,-1.0000,-1.0000,-1.0000,-1.0000,-1.0000,-1.0000,-1.0000,-1.0000,0.8724,0.8461,0.9074,0.8728,0.8896,0.8112,0.6687,0.6902,0.6671,0.7466,0.6138,0.8219,0.6967,0.7145,0.7439,0.7765,0.6263,0.4823,0.5332,0.5020,0.4893,0.5321,0.5496,0.4734,0.5491,0.4839,0.4977,0.4699,0.5295,0.5556,0.5000,0.4837,0.4414,0.4568,0.4744,0.4519,0.4760,0.4796,0.4869,0.4646,0.8997,0.9084,0.9149,0.9084,0.8651,0.9095,0.9558,0.8480,0.8918,0.9394,0.9322,0.9143,0.8525,0.9322,0.9548,0.9254,0.9402,0.9444,0.9041,0.9511,0.8762,0.9091,0.9315,0,0.4414,-1.2936,-4.3513,2.2937
78,0.1560,0.4218,0.6372,1.2354,-1.2936,-4.3513,0.7830,0.1161,0.1913,0.0000,1.0269,1.0000,0.0001,0.0079,0.0001,-0.0002,-0.0146,-0.0003,-0.0055,0.0042,-0.0018,0.0001,-0.0145,-0.0004,-0.0055,0.0045,-0.0004,0.0001,0.0406,-0.0012,-0.0002,0.0369,0.0010,0.0044,-0.0000,0.0407,0.0013,0.0003,0.0371,0.0011,0.0034,0.0000,0.0128,0.0004,-0.0055,0.0053,0.1342,0.0022,-0.0007,-0.1056,-0.0025,-0.0658,-0.0527,-0.0889,-0.0007,-0.1230,-0.0081,-0.0514,0.0949,0.0213,-0.0024,0.2128,0.0159,0.0088,-0.0072,0.0121,0.0229,-0.0002,0.2105,-0.0093,-0.0127,-0.0127,0.0126,-0.0003,0.0001,-1.0000,-1.0000,-1.0000,-1.0000,-1.0000,-1.0000,-1.0000,-1.0000,-1.0000,-1.0000,-1.0000,-1.0000,-1.0000,-1.0000,-1.0000,-1.0000,-1.0000,-1.0000,-1.0000,-1.0000,-1.0000,-1.0000,-1.0000,-1.0000,-1.0000,-1.0000,-1.0000,-1.0000,-1.0000,-1.0000,-1.0000,-1.0000,-1.0000,-1.0000,-1.0000,-1.0000,-1.0000,-1.0000,-1.0000,-1.0000,-1.0000,-1.0000,-1.0000,-1.0000,-1.0000,-1.0000,-1.0000,-1.0000,-1.0000,-1.0000,-1.0000,-1.0000,-1.0000,-1.0000,-1.0000,-1.0000,-1.0000,-1.0000,-1.0000,-1.0000,-1.0000,-1.0000,-1.0000,0.8992,0.9057,0.8992,0.8559,0.9003,0.9466,0.8388,0.8828,0.9302,0.9231,0.9053,0.8433,0.9232,0.9461,0.9167,0.9314,0.9357,0.8953,0.9423,0.8674,0.9006,0.9229,-1.0000,-1.0000,-1.0000,-1.0000,-1.0000,-1.0000,-1.0000,-1.0000,-1.0000,-1.0000,-1.0000,-1.0000,-1.0000,-1.0000,-1.0000,-1.0000,-1.0000,-1.0000,-1.0000,-1.0000,-1.0000,-1.0000,-1.0000,-1.0000,-1.0000,-1.0000,-1.0000,-1.0000,-1.0000,-1.0000,-1.0000,-1.0000,-1.0000,-1.0000,-1.0000,-1.0000,0.8644,0.8380,0.8992,0.8647,0.8815,0.8033,0.6598,0.6811,0.6580,0.7374,0.6048,0.8128,0.6876,0.7053,0.7349,0.7674,0.6171,0.4731,0.5243,0.4930,0.4801,0.5229,0.5408,0.4645,0.5399,0.4749,0.4890,0.4610,0.5208,0.5466,0.4915,0.4757,0.4331,0.4484,0.4665,0.4433,0.4678,0.4709,0.4790,0.4565,0.8905,0.8992,0.9057,0.8992,0.8559,0.9003,0.9466,0.8388,0.8828,0.9302,0.9231,0.9053,0.8433,0.9232,0.9461,0.9167,0.9314,0.9357,0.8953,0.9423,0.8674,0.9006,0.9229,0,0.4331,-1.2936,-4.3513,2.2937
79,0.1580,0.4192,0.6285,1.2369,-1.2936,-4.3513,0.7634,0.1161,0.1913,0.0000,1.0269,1.0000,0.0001,0.0080,0.0001,-0.0002,-0.0148,-0.0003,-0.0056,0.0042,-0.0019,0.0001,-0.0147,-0.0004,-0.0056,0.0046,-0.0005,0.0001,0.0410,-0.0012,-0.0002,0.0369,0.0011,0.0045,-0.0000,0.0411,0.0013,0.0003,0.0371,0.0011,0.0034,0.0000,0.0128,0.0005,-0.0027,0.0080,0.1337,0.0022,-0.0010,-0.1078,-0.0086,-0.0639,-0.0268,-0.0326,-0.0007,-0.1180,-0.0091,-0.0544,0.0547,-0.0276,-0.0029,0.2050,0.0176,0.0087,-0.0064,0.0123,0.0223,-0.0002,0.2019,-0.0092,-0.0133,-0.0139,0.0127,-0.0012,0.0001,-1.0000,-1.0000,-1.0000,-1.0000,-1.0000,-1.0000,-1.0000,-1.0000,-1.0000,-1.0000,-1.0000,-1.0000,-1.0000,-1.0000,-1.0000,-1.0000,-1.0000,-1.0000,-1.0000,-1.0000,-1.0000,-1.0000,-1.0000,-1.0000,-1.0000,-1.0000,-1.0000,-1.0000,-1.0000,-1.0000,-1.0000,-1.0000,-1.0000,-1.0000,-1.0000,-1.0000,-1.0000,-1.0000,-1.0000,-1.0000,-1.0000,-1.0000,-1.0000,-1.0000,-1.0000,-1.0000,-1.0000,-1.0000,-1.0000,-1.0000,-1.0000,-1.0000,-1.0000,-1.0000,-1.0000,-1.0000,-1.0000,-1.0000,-1.0000,-1.0000,-1.0000,-1.0000,-1.0000,0.8900,0.8965,0.8900,0.8466,0.8911,0.9374,0.8295,0.8738,0.9211,0.9140,0.8962,0.8341,0.9142,0.9373,0.9080,0.9225,0.9270,0.8865,0.9334,0.8586,0.8920,0.9142,-1.0000,-1.0000,-1.0000,-1.0000,-1.0000,-1.0000,-1.0000,-1.0000,-1.0000,-1.0000,-1.0000,-1.0000,-1.0000,-1.0000,-1.0000,-1.0000,-1.0000,-1.0000,-1.0000,-1.0000,-1.0000,-1.0000,-1.0000,-1.0000,-1.0000,-1.0000,-1.0000,-1.0000,-1.0000,-1.0000,-1.0000,-1.0000,-1.0000,-1.0000,-1.0000,-1.0000,0.8564,0.8300,0.8911,0.8567,0.8734,0.7954,0.6509,0.6720,0.6488,0.7283,0.5957,0.8037,0.6785,0.6961,0.7258,0.7583,0.6078,0.4640,0.5155,0.4839,0.4710,0.5137,0.5319,0.4556,0.5307,0.4660,0.4802,0.4522,0.5122,0.5375,0.4830,0.4678,0.4248,0.4401,0.4586,0.4347,0.4596,0.4623,0.4710,0.4485,0.8813,0.8900,0.8965,0.8900,0.8466,0.8911,0.9374,0.8295,0.8738,0.9211,0.9140,0.8962,0.8341,0.9142,0.9373,0.9080,0.9225,0.9270,0.8865,0.9334,0.8586,0.8920,0.9142,0,0.4248,-1.2936,-4.3513,2.2937
79,0.1580,0.4192,0.6285,1.2369,-1.2936,-4.3513,0.7634,0.1161,0.1913,0.0000,1.0269,1.0000,0.0001,0.0080,0.0001,-0.0002,-0.0148,-0.0003,-0.0056,0.0042,-0.0019,0.0001,-0.0147,-0.0004,-0.0056,0.0046,-0.0005,0.0001,0.0410,-0.0012,-0.0002,0.0369,0.0011,0.0045,-0.0000,0.0411,0.0013,0.0003,0.0371,0.0011,0.0034,0.0000,0.0128,0.0005,-0.0027,0.0080,0.1337,0.0022,-0.0010,-0.1078,-0.0086,-0.0639,-0.0268,-0.0326,-0.0007,-0.1180,-0.0091,-0.0544,0.0547,-0.0276,-0.0029,0.2050,0.0176,0.0087,-0.0064,0.0123,0.0223,-0.0002,0.2019,-0.0092,-0.0133,-0.0139,0.0127,-0.0012,0.0001,-1.0000,-1.0000,-1.0000,-1.0000,-1.0000,-1.0000,-1.0000,-1.0000,-1.0000,-1.0000,-1.0000,-1.0000,-1.0000,-1.0000,-1.0000,-1.0000,-1.0000,-1.0000,-1.0000,-1.0000,-1.0000,-1.0000,-1.0000,-1.0000,-1.0000,-1.0000,-1.0000,-1.0000,-1.0000,-1.0000,-1.0000,-1.0000,-1.0000,-1.0000,-1.0000,-1.0000,-1.0000,-1.0000,-1.0000,-1.0000,-1.0000,-1.0000,-1.0000,-1.0000,-1.0000,-1.0000,-1.0000,-1.0000,-1.0000,-1.0000,-1.0000,-1.0000,-1.0000,-1.0000,-1.0000,-1.0000,-1.0000,-1.0000,-1.0000,-1.0000,-1.0000,-1.0000,-1.0000,0.8900,0.8965,0.8900,0.8466,0.8911,0.9374,0.8295,0.8738,0.9211,0.9140,0.8962,0.8341,0.9142,0.9373,0.9080,0.9225,0.9270,0.8865,0.9334,0.8586,0.8920,0.9142,-1.0000,-1.0000,-1.0000,-1.0000,-1.0000,-1.0000,-1.0000,-1.0000,-1.0000,-1.0000,-1.0000,-1.0000,-1.0000,-1.0000,-1.0000,-1.0000,-1.0000,-1.0000,-1.0000,-1.0000,-1.0000,-1.0000,-1.0000,-1.0000,-1.0000,-1.0000,-1.0000,-1.0000,-1.0000,-1.0000,-1.0000,-1.0000,-1.0000,-1.0000,-1.0000,-1.0000,0.8564,0.8300,0.8911,0.8567,0.8734,0.7954,0.6509,0.6720,0.6488,0.7283,0.5957,0.8037,0.6785,0.6961,0.7258,0.7583,0.6078,0.4640,0.5155,0.4839,0.4710,0.5137,0.5319,0.4556,0.5307,0.4660,0.4802,0.4522,0.5122,0.5375,0.4830,0.4678,0.4248,0.4401,0.4586,0.4347,0.4596,0.4623,0.4710,0.4485,0.8813,0.8900,0.8965,0.8900,0.8466,0.8911,0.9374,0.8295,0.8738,0.9211,0.9140,0.8962,0.8341,0.9142,0.9373,0.9080,0.9225,0.9270,0.8865,0.9334,0.8586,0.8920,0.9142,0,0.4248,-1.2936,-4.3513,2.2937
80,0.1600,0.4167,0.6198,1.2384,-1.2936,-4.3513,0.7437,0.1161,0.1914,0.0000,1.0269,1.0000,0.0002,0.0081,0.0001,-0.0002,-0.0150,-0.0004,-0.0058,0.0042,-0.0019,0.0001,-0.0150,-0.0004,-0.0057,0.0046,-0.0006,0.0000,0.0414,-0.0011,-0.0002,0.0369,0.0011,0.0045,-0.0000,0.0414,0.0013,0.0002,0.0371,0.0011,0.0034,0.0000,0.0128,0.0006,-0.0004,0.0103,0.1330,0.0022,-0.0012,-0.1094,-0.0137,-0.0621,-0.0051,0.0147,-0.0006,-0.1133,-0.0097,-0.0570,0.0196,-0.0740,-0.0032,0.1968,0.0190,0.0087,-0.0066,0.0124,0.0217,-0.0002,0.1931,-0.0093,-0.0137,-0.0157,0.0128,-0.0021,0.0001,-1.0000,-1.0000,-1.0000,-1.0000,-1.0000,-1.0000,-1.0000,-1.0000,-1.0000,-1.0000,-1.0000,-1.0000,-1.0000,-1.0000,-1.0000,-1.0000,-1.0000,-1.0000,-1.0000,-1.0000,-1.0000,-1.0000,-1.0000,-1.0000,-1.0000,-1.0000,-1.0000,-1.0000,-1.0000,-1.0000,-1.0000,-1.0000,-1.0000,-1.0000,-1.0000,-1.0000,-1.0000,-1.0000,-1.0000,-1.0000,-1.0000,-1.0000,-1.0000,-1.0000,-1.0000,-1.0000,-1.0000,-1.0000,-1.0000,-1.0000,-1.0000,-1.0000,-1.0000,-1.0000,-1.0000,-1.0000,-1.0000,-1.0000,-1.0000,-1.0000,-1.0000,-1.0000,-1.0000,0.8809,0.8874,0.8809,0.8374,0.8819,0.9282,0.8203,0.8647,0.9119,0.9049,0.8871,0.8250,0.9053,0.9286,0.8994,0.9137,0.9183,0.8777,0.9246,0.8498,0.8835,0.9056,-1.0000,-1.0000,-1.0000,-1.0000,-1.0000,-1.0000,-1.0000,-1.0000,-1.0000,-1.0000,-1.0000,-1.0000,-1.0000,-1.0000,-1.0000,-1.0000,-1.0000,-1.0000,-1.0000,-1.0000,-1.0000,-1.0000,-1.0000,-1.0000,-1.0000,-1.0000,-1.0000,-1.0000,-1.0000,-1.0000,-1.0000,-1.0000,-1.0000,-1.0000,-1.0000,-1.0000,0.8485,0.8220,0.8830,0.8487,0.8653,0.7876,0.6420,0.6629,0.6397,0.7191,0.5867,0.7946,0.6695,0.6869,0.7168,0.7492,0.5986,0.4548,0.5066,0.4750,0.4619,0.5046,0.5230,0.4468,0.5215,0.4570,0.4715,0.4434,0.5035,0.5285,0.4745,0.4598,0.4165,0.4317,0.4507,0.4261,0.4515,0.4536,0.4631,0.4406,0.8722,0.8809,0.8874,0.8809,0.8374,0.8819,0.9282,0.8203,0.8647,0.9119,0.9049,0.8871,0.8250,0.9053,0.9286,0.8994,0.9137,0.9183,0.8777,0.9246,0.8498,0.8835,0.9056,0,0.4165,-1.2936,-4.3513,2.2937
81,0.1620,0.4141,0.6110,1.2399,-1.2936,-4.3513,0.7241,0.1161,0.1914,0.0000,1.0269,1.0000,0.0001,0.0083,0.0001,-0.0002,-0.0152,-0.0003,-0.0059,0.0045,-0.0018,0.0001,-0.0152,-0.0004,-0.0058,0.0046,-0.0009,0.0000,0.0417,-0.0011,-0.0002,0.0368,0.0011,0.0046,-0.0000,0.0418,0.0013,0.0002,0.0370,0.0012,0.0033,0.0000,0.0128,-0.0004,-0.0036,-0.0121,0.1305,0.0009,-0.0004,-0.1253,0.0141,-0.0468,0.1508,0.0172,-0.0001,-0.1061,0.0209,-0.0603,-0.0148,-0.1289,0.0004,0.1832,0.0123,0.0121,-0.0244,0.0125,0.0205,-0.0001,0.1849,-0.0179,-0.0110,-0.0175,0.0131,-0.0030,0.0001,-1.0000,-1.0000,-1.0000,-1.0000,-1.0000,-1.0000,-1.0000,-1.0000,-1.0000,-1.0000,-1.0000,-1.0000,-1.0000,-1.0000,-1.0000,-1.0000,-1.0000,-1.0000,-1.0000,-1.0000,-1.0000,-1.0000,-1.0000,-1.0000,-1.0000,-1.0000,-1.0000,-1.0000,-1.0000,-1.0000,-1.0000,-1.0000,-1.0000,-1.0000,-1.0000,-1.0000,-1.0000,-1.0000,-1.0000,-1.0000,-1.0000,-1.0000,-1.0000,-1.0000,-1.0000,-1.0000,-1.0000,-1.0000,-1.0000,-1.0000,-1.0000,-1.0000,-1.0000,-1.0000,-1.0000,-1.0000,-1.0000,-1.0000,-1.0000,-1.0000,-1.0000,-1.0000,-1.0000,0.8717,0.8782,0.8717,0.8283,0.8727,0.9190,0.8111,0.8557,0.9028,0.8959,0.8780,0.8158,0.8963,0.9198,0.8907,0.9049,0.9097,0.8690,0.9158,0.8410,0.8749,0.8970,-1.0000,-1.0000,-1.0000,-1.0000,-1.0000,-1.0000,-1.0000,-1.0000,-1.0000,-1.0000,-1.0000,-1.0000,-1.0000,-1.0000,-1.0000,-1.0000,-1.0000,-1.0000,-1.0000,-1.0000,-1.0000,-1.0000,-1.0000,-1.0000,-1.0000,-1.0000,-1.0000,-1.0000,-1.0000,-1.0000,-1.0000,-1.0000,-1.0000,-1.0000,-1.0000,-1.0000,0.8406,0.8141,0.8749,0.8408,0.8573,0.7798,0.6332,0.6537,0.6305,0.7100,0.5777,0.7856,0.6605,0.6777,0.7077,0.7401,0.5894,0.4456,0.4978,0.4660,0.4528,0.4954,0.5142,0.4379,0.5124,0.4481,0.4628,0.4346,0.4949,0.5195,0.4660,0.4520,0.4083,0.4234,0.4428,0.4176,0.4433,0.4450,0.4552,0.4326,0.8630,0.8717,0.8782,0.8717,0.8283,0.8727,0.9190,0.8111,0.8557,0.9028,0.8959,0.8780,0.8158,0.8963,0.9198,0.8907,0.9049,0.9097,0.8690,0.9158,0.8410,0.8749,0.8970,0,0.4083,-1.2936,-4.3513,2.2937
81,0.1620,0.4141,0.6110,1.2399,-1.2936,-4.3513,0.7241,0.1161,0.1914,0.0000,1.0269,1.0000,0.0001,0.0083,0.0001,-0.0002,-0.0152,-0.0003,-0.0059,0.0045,-0.0018,0.0001,-0.0152,-0.0004,-0.0058,0.0046,-0.0009,0.0000,0.0417,-0.0011,-0.0002,0.0368,0.0011,0.0046,-0.0000,0.0418,0.0013,0.0002,0.0370,0.0012,0.0033,0.0000,0.0128,-0.0004,-0.0036,-0.0121,0.1305,0.0009,-0.0004,-0.1253,0.0141,-0.0468,0.1508,0.0172,-0.0001,-0.1061,0.0209,-0.0603,-0.0148,-0.1289,0.0004,0.1832,0.0123,0.0121,-0.0244,0.0125,0.0205,-0.0001,0.1849,-0.0179,-0.0110,-0.0175,0.0131,-0.0030,0.0001,-1.0000,-1.0000,-1.0000,-1.0000,-1.0000,-1.0000,-1.0000,-1.0000,-1.0000,-1.0000,-1.0000,-1.0000,-1.0000,-1.0000,-1.0000,-1.0000,-1.0000,-1.0000,-1.0000,-1.0000,-1.0000,-1.0000,-1.0000,-1.0000,-1.0000,-1.0000,-1.0000,-1.0000,-1.0000,-1.0000,-1.0000,-1.0000,-1.0000,-1.0000,-1.0000,-1.0000,-1.0000,-1.0000,-1.0000,-1.0000,-1.0000,-1.0000,-1.0000,-1.0000,-1.0000,-1.0000,-1.0000,-1.0000,-1.0000,-1.0000,-1.0000,-1.0000,-1.0000,-1.0000,-1.0000,-1.0000,-1.0000,-1.0000,-1.0000,-1.0000,-1.0000,-1.0000,-1.0000,0.8717,0.8782,0.8717,0.8283,0.8727,0.9190,0.8111,0.8557,0.9028,0.8959,0.8780,0.8158,0.8963,0.9198,0.8907,0.9049,0.9097,0.8690,0.9158,0.8410,0.8749,0.8970,-1.0000,-1.0000,-1.0000,-1.0000,-1.0000,-1.0000,-1.0000,-1.0000,-1.0000,-1.0000,-1.0000,-1.0000,-1.0000,-1.0000,-1.0000,-1.0000,-1.0000,-1.0000,-1.0000,-1.0000,-1.0000,-1.0000,-1.0000,-1.0000,-1.0000,-1.0000,-1.0000,-1.0000,-1.0000,-1.0000,-1.0000,-1.0000,-1.0000,-1.0000,-1.0000,-1.0000,0.8406,0.8141,0.8749,0.8408,0.8573,0.7798,0.6332,0.6537,0.6305,0.7100,0.5777,0.7856,0.6605,0.6777,0.7077,0.7401,0.5894,0.4456,0.4978,0.4660,0.4528,0.4954,0.5142,0.4379,0.5124,0.4481,0.4628,0.4346,0.4949,0.5195,0.4660,0.4520,0.4083,0.4234,0.4428,0.4176,0.4433,0.4450,0.4552,0.4326,0.8630,0.8717,0.8782,0.8717,0.8283,0.8727,0.9190,0.8111,0.8557,0.9028,0.8959,0.8780,0.8158,0.8963,0.9198,0.8907,0.9049,0.9097,0.8690,0.9158,0.8410,0.8749,0.8970,0,0.4083,-1.2936,-4.3513,2.2937
82,0.1640,0.4115,0.6023,1.2413,-1.2936,-4.3513,0.7045,0.1161,0.1914,0.0000,1.0269,1.0000,0.0001,0.0084,0.0001,-0.0002,-0.0155,-0.0003,-0.0060,0.0047,-0.0017,0.0001,-0.0154,-0.0004,-0.0059,0.0045,-0.0012,0.0000,0.0421,-0.0011,-0.0002,0.0368,0.0011,0.0046,-0.0000,0.0422,0.0012,0.0002,0.0370,0.0012,0.0033,0.0000,0.0128,-0.0002,-0.0012,-0.0069,0.1297,0.0009,-0.0004,-0.1231,0.0054,-0.0475,0.1376,0.0607,0.0001,-0.1025,0.0163,-0.0620,-0.0401,-0.1672,-0.0003,0.1752,0.0149,0.0115,-0.0225,0.0126,0.0199,-0.0001,0.1755,-0.0168,-0.0120,-0.0198,0.0132,-0.0038,0.0001,-1.0000,-1.0000,-1.0000,-1.0000,-1.0000,-1.0000,-1.0000,-1.0000,-1.0000,-1.0000,-1.0000,-1.0000,-1.0000,-1.0000,-1.0000,-1.0000,-1.0000,-1.0000,-1.0000,-1.0000,-1.0000,-1.0000,-1.0000,-1.0000,-1.0000,-1.0000,-1.0000,-1.0000,-1.0000,-1.0000,-1.0000,-1.0000,-1.0000,-1.0000,-1.0000,-1.0000,-1.0000,-1.0000,-1.0000,-1.0000,-1.0000,-1.0000,-1.0000,-1.0000,-1.0000,-1.0000,-1.0000,-1.0000,-1.0000,-1.0000,-1.0000,-1.0000,-1.0000,-1.0000,-1.0000,-1.0000,-1.0000,-1.0000,-1.0000,-1.0000,-1.0000,-1.0000,-1.0000,0.8626,0.8690,0.8625,0.8191,0.8635,0.9098,0.8019,0.8467,0.8937,0.8868,0.8690,0.8067,0.8873,0.9111,0.8820,0.8960,0.9010,0.8602,0.9069,0.8322,0.8664,0.8883,-1.0000,-1.0000,-1.0000,-1.0000,-1.0000,-1.0000,-1.0000,-1.0000,-1.0000,-1.0000,-1.0000,-1.0000,-1.0000,-1.0000,-1.0000,-1.0000,-1.0000,-1.0000,-1.0000,-1.0000,-1.0000,-1.0000,-1.0000,-1.0000,-1.0000,-1.0000,-1.0000,-1.0000,-1.0000,-1.0000,-1.0000,-1.0000,-1.0000,-1.0000,-1.0000,-1.0000,0.8328,0.8062,0.8669,0.8329,0.8493,0.7721,0.6243,0.6446,0.6214,0.7009,0.5686,0.7765,0.6514,0.6685,0.6987,0.7310,0.5802,0.4365,0.4890,0.4571,0.4437,0.4863,0.5054,0.4291,0.5032,0.4391,0.4541,0.4258,0.4862,0.5104,0.4576,0.4441,0.4001,0.4151,0.4350,0.4091,0.4352,0.4363,0.4474,0.4247,0.8538,0.8626,0.8690,0.8625,0.8191,0.8635,0.9098,0.8019,0.8467,0.8937,0.8868,0.8690,0.8067,0.8873,0.9111,0.8820,0.8960,0.9010,0.8602,0.9069,0.8322,0.8664,0.8883,0,0.4001,-1.2936,-4.3513,2.2937
82,0.1640,0.4115,0.6023,1.2413,-1.2936,-4.3513,0.7045,0.1161,0.1914,0.0000,1.0269,1.0000,0.0001,0.0084,0.0001,-0.0002,-0.0155,-0.0003,-0.0060,0.0047,-0.0017,0.0001,-0.0154,-0.0004,-0.0059,0.0045,-0.0012,0.0000,0.0421,-0.0011,-0.0002,0.0368,0.0011,0.0046,-0.0000,0.0422,0.0012,0.0002,0.0370,0.0012,0.0033,0.0000,0.0128,-0.0002,-0.0012,-0.0069,0.1297,0.0009,-0.0004,-0.1231,0.0054,-0.0475,0.1376,0.0607,0.0001,-0.1025,0.0163,-0.0620,-0.0401,-0.1672,-0.0003,0.1752,0.0149,0.0115,-0.0225,0.0126,0.0199,-0.0001,0.1755,-0.0168,-0.0120,-0.0198,0.0132,-0.0038,0.0001,-1.0000,-1.0000,-1.0000,-1.0000,-1.0000,-1.0000,-1.0000,-1.0000,-1.0000,-1.0000,-1.0000,-1.0000,-1.0000,-1.0000,-1.0000,-1.0000,-1.0000,-1.0000,-1.0000,-1.0000,-1.0000,-1.0000,-1.0000,-1.0000,-1.0000,-1.0000,-1.0000,-1.0000,-1.0000,-1.0000,-1.0000,-1.0000,-1.0000,-1.0000,-1.0000,-1.0000,-1.0000,-1.0000,-1.0000,-1.0000,-1.0000,-1.0000,-1.0000,-1.0000,-1.0000,-1.0000,-1.0000,-1.0000,-1.0000,-1.0000,-1.0000,-1.0000,-1.0000,-1.0000,-1.0000,-1.0000,-1.0000,-1.0000,-1.0000,-1.0000,-1.0000,-1.0000,-1.0000,0.8626,0.8690,0.8625,0.8191,0.8635,0.9098,0.8019,0.8467,0.8937,0.8868,0.8690,0.8067,0.8873,0.9111,0.8820,0.8960,0.9010,0.8602,0.9069,0.8322,0.8664,0.8883,-1.0000,-1.0000,-1.0000,-1.0000,-1.0000,-1.0000,-1.0000,-1.0000,-1.0000,-1.0000,-1.0000,-1.0000,-1.0000,-1.0000,-1.0000,-1.0000,-1.0000,-1.0000,-1.0000,-1.0000,-1.0000,-1.0000,-1.0000,-1.0000,-1.0000,-1.0000,-1.0000,-1.0000,-1.0000,-1.0000,-1.0000,-1.0000,-1.0000,-1.0000,-1.0000,-1.0000,0.8328,0.8062,0.8669,0.8329,0.8493,0.7721,0.6243,0.6446,0.6214,0.7009,0.5686,0.7765,0.6514,0.6685,0.6987,0.7310,0.5802,0.4365,0.4890,0.4571,0.4437,0.4863,0.5054,0.4291,0.5032,0.4391,0.4541,0.4258,0.4862,0.5104,0.4576,0.4441,0.4001,0.4151,0.4350,0.4091,0.4352,0.4363,0.4474,0.4247,0.8538,0.8626,0.8690,0.8625,0.8191,0.8635,0.9098,0.8019,0.8467,0.8937,0.8868,0.8690,0.8067,0.8873,0.9111,0.8820,0.8960,0.9010,0.8602,0.9069,0.8322,0.8664,0.8883,0,0.4001,-1.2936,-4.3513,2.2937
83,0.1660,0.4089,0.5936,1.2426,-1.2936,-4.3513,0.6849,0.1161,0.1914,0.0000,1.0268,1.0000,0.0001,0.0085,0.0001,-0.0002,-0.0157,-0.0003,-0.0061,0.0049,-0.0013,0.0001,-0.0156,-0.0003,-0.0061,0.0045,-0.0014,0.0001,0.0424,-0.0010,-0.0001,0.0367,0.0012,0.0046,-0.0000,0.0425,0.0012,0.0002,0.0369,0.0012,0.0033,0.0000,0.0129,-0.0012,-0.0011,-0.0225,0.1283,-0.0000,-0.0004,-0.1188,0.0175,-0.0484,0.1086,0.2172,0.0003,-0.1033,0.0330,-0.0604,-0.0172,-0.1023,0.0021,0.1636,0.0114,0.0138,-0.0319,0.0128,0.0188,-0.0001,0.1676,-0.0219,-0.0102,-0.0185,0.0134,-0.0046,0.0001,-1.0000,-1.0000,-1.0000,-1.0000,-1.0000,-1.0000,-1.0000,-1.0000,-1.0000,-1.0000,-1.0000,-1.0000,-1.0000,-1.0000,-1.0000,-1.0000,-1.0000,-1.0000,-1.0000,-1.0000,-1.0000,-1.0000,-1.0000,-1.0000,-1.0000,-1.0000,-1.0000,-1.0000,-1.0000,-1.0000,-1.0000,-1.0000,-1.0000,-1.0000,-1.0000,-1.0000,-1.0000,-1.0000,-1.0000,-1.0000,-1.0000,-1.0000,-1.0000,-1.0000,-1.0000,-1.0000,-1.0000,-1.0000,-1.0000,-1.0000,-1.0000,-1.0000,-1.0000,-1.0000,-1.0000,-1.0000,-1.0000,-1.0000,-1.0000,-1.0000,-1.0000,-1.0000,-1.0000,0.8535,0.8599,0.8533,0.8099,0.8543,0.9006,0.7927,0.8377,0.8845,0.8777,0.8599,0.7975,0.8783,0.9023,0.8733,0.8872,0.8923,0.8514,0.8981,0.8235,0.8578,0.8797,-1.0000,-1.0000,-1.0000,-1.0000,-1.0000,-1.0000,-1.0000,-1.0000,-1.0000,-1.0000,-1.0000,-1.0000,-1.0000,-1.0000,-1.0000,-1.0000,-1.0000,-1.0000,-1.0000,-1.0000,-1.0000,-1.0000,-1.0000,-1.0000,-1.0000,-1.0000,-1.0000,-1.0000,-1.0000,-1.0000,-1.0000,-1.0000,-1.0000,-1.0000,-1.0000,-1.0000,0.8250,0.7984,0.8589,0.8251,0.8414,0.7645,0.6155,0.6355,0.6123,0.6917,0.5596,0.7674,0.6424,0.6593,0.6897,0.7220,0.5710,0.4273,0.4803,0.4482,0.4347,0.4772,0.4966,0.4203,0.4941,0.4302,0.4454,0.4170,0.4776,0.5014,0.4491,0.4363,0.3919,0.4068,0.4272,0.4006,0.4272,0.4277,0.4396,0.4169,0.8447,0.8535,0.8599,0.8533,0.8099,0.8543,0.9006,0.7927,0.8377,0.8845,0.8777,0.8599,0.7975,0.8783,0.9023,0.8733,0.8872,0.8923,0.8514,0.8981,0.8235,0.8578,0.8797,0,0.3919,-1.2936,-4.3513,2.2937
84,0.1680,0.4063,0.5849,1.2440,-1.2936,-4.3513,0.6653,0.1161,0.1915,0.0000,1.0269,1.0000,0.0001,0.0087,0.0001,-0.0002,-0.0160,-0.0002,-0.0062,0.0051,-0.0010,0.0001,-0.0158,-0.0002,-0.0062,0.0045,-0.0015,0.0001,0.0427,-0.0010,-0.0001,0.0366,0.0012,0.0047,-0.0000,0.0428,0.0011,0.0001,0.0369,0.0012,0.0033,0.0000,0.0129,-0.0013,0.0011,-0.0241,0.1273,-0.0001,0.0002,-0.1140,0.0224,-0.0507,0.0735,0.1559,0.0001,-0.1044,0.0324,-0.0587,0.0009,-0.0481,0.0022,0.1545,0.0118,0.0140,-0.0322,0.0129,0.0181,-0.0001,0.1587,-0.0229,-0.0104,-0.0184,0.0135,-0.0054,0.0001,-1.0000,-1.0000,-1.0000,-1.0000,-1.0000,-1.0000,-1.0000,-1.0000,-1.0000,-1.0000,-1.0000,-1.0000,-1.0000,-1.0000,-1.0000,-1.0000,-1.0000,-1.0000,-1.0000,-1.0000,-1.0000,-1.0000,-1.0000,-1.0000,-1.0000,-1.0000,-1.0000,-1.0000,-1.0000,-1.0000,-1.0000,-1.0000,-1.0000,-1.0000,-1.0000,-1.0000,-1.0000,-1.0000,-1.0000,-1.0000,-1.0000,-1.0000,-1.0000,-1.0000,-1.0000,-1.0000,-1.0000,-1.0000,-1.0000,-1.0000,-1.0000,-1.0000,-1.0000,-1.0000,-1.0000,-1.0000,-1.0000,-1.0000,-1.0000,-1.0000,-1.0000,-1.0000,-1.0000,0.8443,0.8507,0.8442,0.8007,0.8451,0.8914,0.7835,0.8287,0.8754,0.8686,0.8508,0.7884,0.8693,0.8936,0.8647,0.8783,0.8837,0.8427,0.8892,0.8147,0.8493,0.8711,-1.0000,-1.0000,-1.0000,-1.0000,-1.0000,-1.0000,-1.0000,-1.0000,-1.0000,-1.0000,-1.0000,-1.0000,-1.0000,-1.0000,-1.0000,-1.0000,-1.0000,-1.0000,-1.0000,-1.0000,-1.0000,-1.0000,-1.0000,-1.0000,-1.0000,-1.0000,-1.0000,-1.0000,-1.0000,-1.0000,-1.0000,-1.0000,-1.0000,-1.0000,-1.0000,-1.0000,0.8173,0.7906,0.8510,0.8173,0.8335,0.7569,0.6066,0.6264,0.6032,0.6826,0.5506,0.7584,0.6334,0.6501,0.6807,0.7129,0.5618,0.4182,0.4715,0.4393,0.4256,0.4681,0.4878,0.4115,0.4849,0.4213,0.4367,0.4082,0.4690,0.4924,0.4407,0.4286,0.3838,0.3985,0.4195,0.3921,0.4191,0.4191,0.4318,0.4090,0.8355,0.8443,0.8507,0.8442,0.8007,0.8451,0.8914,0.7835,0.8287,0.8754,0.8686,0.8508,0.7884,0.8693,0.8936,0.8647,0.8783,0.8837,0.8427,0.8892,0.8147,0.8493,0.8711,0,0.3838,-1.2936,-4.3513,2.2937
84,0.1680,0.4063,0.5849,1.2440,-1.2936,-4.3513,0.6653,0.1161,0.1915,0.0000,1.0269,1.0000,0.0001,0.0087,0.0001,-0.0002,-0.0160,-0.0002,-0.0062,0.0051,-0.0010,0.0001,-0.0158,-0.0002,-0.0062,0.0045,-0.0015,0.0001,0.0427,-0.0010,-0.0001,0.0366,0.0012,0.0047,-0.0000,0.0428,0.0011,0.0001,0.0369,0.0012,0.0033,0.0000,0.0129,-0.0013,0.0011,-0.0241,0.1273,-0.0001,0.0002,-0.1140,0.0224,-0.0507,0.0735,0.1559,0.0001,-0.1044,0.0324,-0.0587,0.0009,-0.0481,0.0022,0.1545,0.0118,0.0140,-0.0322,0.0129,0.0181,-0.0001,0.1587,-0.0229,-0.0104,-0.0184,0.0135,-0.0054,0.0001,-1.0000,-1.0000,-1.0000,-1.0000,-1.0000,-1.0000,-1.0000,-1.0000,-1.0000,-1.0000,-1.0000,-1.0000,-1.0000,-1.0000,-1.0000,-1.0000,-1.0000,-1.0000,-1.0000,-1.0000,-1.0000,-1.0000,-1.0000,-1.0000,-1.0000,-1.0000,-1.0000,-1.0000,-1.0000,-1.0000,-1.0000,-1.0000,-1.0000,-1.0000,-1.0000,-1.0000,-1.0000,-1.0000,-1.0000,-1.0000,-1.0000,-1.0000,-1.0000,-1.0000,-1.0000,-1.0000,-1.0000,-1.0000,-1.0000,-1.0000,-1.0000,-1.0000,-1.0000,-1.0000,-1.0000,-1.0000,-1.0000,-1.0000,-1.0000,-1.0000,-1.0000,-1.0000,-1.0000,0.8443,0.8507,0.8442,0.8007,0.8451,0.8914,0.7835,0.8287,0.8754,0.8686,0.8508,0.7884,0.8693,0.8936,0.8647,0.8783,0.8837,0.8427,0.8892,0.8147,0.8493,0.8711,-1.0000,-1.0000,-1.0000,-1.0000,-1.0000,-1.0000,-1.0000,-1.0000,-1.0000,-1.0000,-1.0000,-1.0000,-1.0000,-1.0000,-1.0000,-1.0000,-1.0000,-1.0000,-1.0000,-1.0000,-1.0000,-1.0000,-1.0000,-1.0000,-1.0000,-1.0000,-1.0000,-1.0000,-1.0000,-1.0000,-1.0000,-1.0000,-1.0000,-1.0000,-1.0000,-1.0000,0.8173,0.7906,0.8510,0.8173,0.8335,0.7569,0.6066,0.6264,0.6032,0.6826,0.5506,0.7584,0.6334,0.6501,0.6807,0.7129,0.5618,0.4182,0.4715,0.4393,0.4256,0.4681,0.4878,0.4115,0.4849,0.4213,0.4367,0.4082,0.4690,0.4924,0.4407,0.4286,0.3838,0.3985,0.4195,0.3921,0.4191,0.4191,0.4318,0.4090,0.8355,0.8443,0.8507,0.8442,0.8007,0.8451,0.8914,0.7835,0.8287,0.8754,0.8686,0.8508,0.7884,0.8693,0.8936,0.8647,0.8783,0.8837,0.8427,0.8892,0.8147,0.8493,0.8711,0,0.3838,-1.2936,-4.3513,2.2937
85,0.1700,0.4037,0.5762,1.2453,-1.2936,-4.3513,0.6456,0.1161,0.1915,0.0000,1.0268,1.0000,0.0001,0.0088,0.0001,-0.0002,-0.0162,-0.0002,-0.0063,0.0052,-0.0008,0.0001,-0.0160,-0.0002,-0.0063,0.0048,-0.0016,0.0001,0.0430,-0.0010,-0.0001,0.0366,0.0012,0.0047,-0.0000,0.0431,0.0011,0.0001,0.0368,0.0013,0.0033,0.0000,0.0130,-0.0001,-0.0022,-0.0013,0.1244,0.0013,-0.0000,-0.1064,-0.0031,-0.0539,0.0361,0.0910,0.0004,-0.1193,0.0030,-0.0436,0.1523,-0.0298,-0.0019,0.1460,0.0203,0.0110,-0.0328,0.0128,0.0174,-0.0001,0.1445,-0.0162,-0.0139,-0.0360,0.0134,-0.0067,0.0000,-1.0000,-1.0000,-1.0000,-1.0000,-1.0000,-1.0000,-1.0000,-1.0000,-1.0000,-1.0000,-1.0000,-1.0000,-1.0000,-1.0000,-1.0000,-1.0000,-1.0000,-1.0000,-1.0000,-1.0000,-1.0000,-1.0000,-1.0000,-1.0000,-1.0000,-1.0000,-1.0000,-1.0000,-1.0000,-1.0000,-1.0000,-1.0000,-1.0000,-1.0000,-1.0000,-1.0000,-1.0000,-1.0000,-1.0000,-1.0000,-1.0000,-1.0000,-1.0000,-1.0000,-1.0000,-1.0000,-1.0000,-1.0000,-1.0000,-1.0000,-1.0000,-1.0000,-1.0000,-1.0000,-1.0000,-1.0000,-1.0000,-1.0000,-1.0000,-1.0000,-1.0000,-1.0000,-1.0000,0.8352,0.8416,0.8350,0.7915,0.8359,0.8822,0.7744,0.8196,0.8662,0.8596,0.8417,0.7792,0.8603,0.8849,0.8560,0.8695,0.8750,0.8339,0.8804,0.8059,0.8408,0.8625,-1.0000,-1.0000,-1.0000,-1.0000,-1.0000,-1.0000,-1.0000,-1.0000,-1.0000,-1.0000,-1.0000,-1.0000,-1.0000,-1.0000,-1.0000,-1.0000,-1.0000,-1.0000,-1.0000,-1.0000,-1.0000,-1.0000,-1.0000,-1.0000,-1.0000,-1.0000,-1.0000,-1.0000,-1.0000,-1.0000,-1.0000,-1.0000,-1.0000,-1.0000,-1.0000,-1.0000,0.8097,0.7829,0.8431,0.8096,0.8257,0.7493,0.5978,0.6173,0.5941,0.6735,0.5416,0.7494,0.6244,0.6409,0.6716,0.7039,0.5526,0.4091,0.4629,0.4304,0.4166,0.4590,0.4791,0.4028,0.4758,0.4124,0.4281,0.3995,0.4605,0.4834,0.4323,0.4208,0.3757,0.3903,0.4118,0.3836,0.4111,0.4105,0.4241,0.4013,0.8264,0.8352,0.8416,0.8350,0.7915,0.8359,0.8822,0.7744,0.8196,0.8662,0.8596,0.8417,0.7792,0.8603,0.8849,0.8560,0.8695,0.8750,0.8339,0.8804,0.8059,0.8408,0.8625,0,0.3757,-1.2936,-4.3513,2.2937
86,0.1720,0.4011,0.5675,1.2465,-1.2936,-4.3513,0.6260,0.1161,0.1915,0.0000,1.0268,1.0000,0.0001,0.0089,0.0001,-0.0002,-0.0164,-0.0003,-0.0064,0.0052,-0.0007,0.0001,-0.0163,-0.0003,-0.0064,0.0050,-0.0013,0.0000,0.0433,-0.0009,-0.0001,0.0365,0.0012,0.0047,-0.0000,0.0434,0.0011,0.0001,0.0368,0.0013,0.0033,0.0000,0.0130,0.0002,-0.0029,0.0079,0.1228,0.0019,0.0000,-0.1011,-0.0115,-0.0561,0.0053,0.0308,-0.0002,-0.1147,-0.0169,-0.0446,0.1203,0.1462,-0.0034,0.1369,0.0245,0.0100,-0.0338,0.0129,0.0166,-0.0001,0.1331,-0.0135,-0.0153,-0.0438,0.0133,-0.0078,0.0000,-1.0000,-1.0000,-1.0000,-1.0000,-1.0000,-1.0000,-1.0000,-1.0000,-1.0000,-1.0000,-1.0000,-1.0000,-1.0000,-1.0000,-1.0000,-1.0000,-1.0000,-1.0000,-1.0000,-1.0000,-1.0000,-1.0000,-1.0000,-1.0000,-1.0000,-1.0000,-1.0000,-1.0000,-1.0000,-1.0000,-1.0000,-1.0000,-1.0000,-1.0000,-1.0000,-1.0000,-1.0000,-1.0000,-1.0000,-1.0000,-1.0000,-1.0000,-1.0000,-1.0000,-1.0000,-1.0000,-1.0000,-1.0000,-1.0000,-1.0000,-1.0000,-1.0000,-1.0000,-1.0000,-1.0000,-1.0000,-1.0000,-1.0000,-1.0000,-1.0000,-1.0000,-1.0000,-1.0000,0.8261,0.8324,0.8259,0.7823,0.8267,0.8731,0.7652,0.8106,0.8571,0.8505,0.8327,0.7701,0.8513,0.8761,0.8473,0.8607,0.8663,0.8252,0.8716,0.7971,0.8323,0.8539,-1.0000,-1.0000,-1.0000,-1.0000,-1.0000,-1.0000,-1.0000,-1.0000,-1.0000,-1.0000,-1.0000,-1.0000,-1.0000,-1.0000,-1.0000,-1.0000,-1.0000,-1.0000,-1.0000,-1.0000,-1.0000,-1.0000,-1.0000,-1.0000,-1.0000,-1.0000,-1.0000,-1.0000,-1.0000,-1.0000,-1.0000,-1.0000,-1.0000,-1.0000,-1.0000,-1.0000,0.8021,0.7753,0.8353,0.8020,0.8179,0.7419,0.5890,0.6082,0.5850,0.6644,0.5326,0.7404,0.6155,0.6318,0.6626,0.6949,0.5434,0.4000,0.4542,0.4216,0.4076,0.4499,0.4704,0.3941,0.4667,0.4035,0.4195,0.3907,0.4519,0.4744,0.4239,0.4132,0.3676,0.3821,0.4041,0.3751,0.4032,0.4019,0.4164,0.3935,0.8172,0.8261,0.8324,0.8259,0.7823,0.8267,0.8731,0.7652,0.8106,0.8571,0.8505,0.8327,0.7701,0.8513,0.8761,0.8473,0.8607,0.8663,0.8252,0.8716,0.7971,0.8323,0.8539,0,0.3676,-1.2936,-4.3513,2.2937
86,0.1720,0.4011,0.5675,1.2465,-1.2936,-4.3513,0.6260,0.1161,0.1915,0.0000,1.0268,1.0000,0.0001,0.0089,0.0001,-0.0002,-0.0164,-0.0003,-0.0064,0.0052,-0.0007,0.0001,-0.0163,-0.0003,-0.0064,0.0050,-0.0013,0.0000,0.0433,-0.0009,-0.0001,0.0365,0.0012,0.0047,-0.0000,0.0434,0.0011,0.0001,0.0368,0.0013,0.0033,0.0000,0.0130,0.0002,-0.0029,0.0079,0.1228,0.0019,0.0000,-0.1011,-0.0115,-0.0561,0.0053,0.0308,-0.0002,-0.1147,-0.0169,-0.0446,0.1203,0.1462,-0.0034,0.1369,0.0245,0.0100,-0.0338,0.0129,0.0166,-0.0001,0.1331,-0.0135,-0.0153,-0.0438,0.0133,-0.0078,0.0000,-1.0000,-1.0000,-1.0000,-1.0000,-1.0000,-1.0000,-1.0000,-1.0000,-1.0000,-1.0000,-1.0000,-1.0000,-1.0000,-1.0000,-1.0000,-1.0000,-1.0000,-1.0000,-1.0000,-1.0000,-1.0000,-1.0000,-1.0000,-1.0000,-1.0000,-1.0000,-1.0000,-1.0000,-1.0000,-1.0000,-1.0000,-1.0000,-1.0000,-1.0000,-1.0000,-1.0000,-1.0000,-1.0000,-1.0000,-1.0000,-1.0000,-1.0000,-1.0000,-1.0000,-1.0000,-1.0000,-1.0000,-1.0000,-1.0000,-1.0000,-1.0000,-1.0000,-1.0000,-1.0000,-1.0000,-1.0000,-1.0000,-1.0000,-1.0000,-1.0000,-1.0000,-1.0000,-1.0000,0.8261,0.8324,0.8259,0.7823,0.8267,0.8731,0.7652,0.8106,0.8571,0.8505,0.8327,0.7701,0.8513,0.8761,0.8473,0.8607,0.8663,0.8252,0.8716,0.7971,0.8323,0.8539,-1.0000,-1.0000,-1.0000,-1.0000,-1.0000,-1.0000,-1.0000,-1.0000,-1.0000,-1.0000,-1.0000,-1.0000,-1.0000,-1.0000,-1.0000,-1.0000,-1.0000,-1.0000,-1.0000,-1.0000,-1.0000,-1.0000,-1.0000,-1.0000,-1.0000,-1.0000,-1.0000,-1.0000,-1.0000,-1.0000,-1.0000,-1.0000,-1.0000,-1.0000,-1.0000,-1.0000,0.8021,0.7753,0.8353,0.8020,0.8179,0.7419,0.5890,0.6082,0.5850,0.6644,0.5326,0.7404,0.6155,0.6318,0.6626,0.6949,0.5434,0.4000,0.4542,0.4216,0.4076,0.4499,0.4704,0.3941,0.4667,0.4035,0.4195,0.3907,0.4519,0.4744,0.4239,0.4132,0.3676,0.3821,0.4041,0.3751,0.4032,0.4019,0.4164,0.3935,0.8172,0.8261,0.8324,0.8259,0.7823,0.8267,0.8731,0.7652,0.8106,0.8571,0.8505,0.8327,0.7701,0.8513,0.8761,0.8473,0.8607,0.8663,0.8252,0.8716,0.7971,0.8323,0.8539,0,0.3676,-1.2936,-4.3513,2.2937
87,0.1740,0.3985,0.5588,1.2477,-1.2936,-4.3513,0.6064,0.1161,0.1915,0.0000,1.0268,1.0000,0.0001,0.0090,0.0001,-0.0002,-0.0166,-0.0003,-0.0065,0.0051,-0.0008,0.0001,-0.0165,-0.0003,-0.0064,0.0052,-0.0011,0.0000,0.0435,-0.0009,-0.0000,0.0364,0.0013,0.0048,-0.0000,0.0436,0.0010,0.0001,0.0367,0.0013,0.0033,0.0000,0.0130,0.0002,-0.0013,0.0060,0.1218,0.0018,0.0002,-0.0974,-0.0067,-0.0575,-0.0185,-0.0206,-0.0002,-0.1090,-0.0119,-0.0475,0.0785,0.0898,-0.0032,0.1273,0.0241,0.0105,-0.0349,0.0130,0.0158,-0.0000,0.1239,-0.0151,-0.0151,-0.0435,0.0135,-0.0086,0.0000,-1.0000,-1.0000,-1.0000,-1.0000,-1.0000,-1.0000,-1.0000,-1.0000,-1.0000,-1.0000,-1.0000,-1.0000,-1.0000,-1.0000,-1.0000,-1.0000,-1.0000,-1.0000,-1.0000,-1.0000,-1.0000,-1.0000,-1.0000,-1.0000,-1.0000,-1.0000,-1.0000,-1.0000,-1.0000,-1.0000,-1.0000,-1.0000,-1.0000,-1.0000,-1.0000,-1.0000,-1.0000,-1.0000,-1.0000,-1.0000,-1.0000,-1.0000,-1.0000,-1.0000,-1.0000,-1.0000,-1.0000,-1.0000,-1.0000,-1.0000,-1.0000,-1.0000,-1.0000,-1.0000,-1.0000,-1.0000,-1.0000,-1.0000,-1.0000,-1.0000,-1.0000,-1.0000,-1.0000,0.8171,0.8233,0.8167,0.7732,0.8175,0.8639,0.7560,0.8016,0.8480,0.8415,0.8236,0.7609,0.8423,0.8674,0.8387,0.8518,0.8577,0.8164,0.8627,0.7883,0.8237,0.8453,-1.0000,-1.0000,-1.0000,-1.0000,-1.0000,-1.0000,-1.0000,-1.0000,-1.0000,-1.0000,-1.0000,-1.0000,-1.0000,-1.0000,-1.0000,-1.0000,-1.0000,-1.0000,-1.0000,-1.0000,-1.0000,-1.0000,-1.0000,-1.0000,-1.0000,-1.0000,-1.0000,-1.0000,-1.0000,-1.0000,-1.0000,-1.0000,-1.0000,-1.0000,-1.0000,-1.0000,0.7946,0.7677,0.8275,0.7944,0.8103,0.7345,0.5802,0.5991,0.5760,0.6553,0.5236,0.7315,0.6066,0.6226,0.6536,0.6859,0.5342,0.3909,0.4457,0.4128,0.3987,0.4408,0.4617,0.3854,0.4576,0.3946,0.4109,0.3820,0.4434,0.4654,0.4156,0.4055,0.3595,0.3739,0.3965,0.3667,0.3953,0.3934,0.4087,0.3858,0.8081,0.8171,0.8233,0.8167,0.7732,0.8175,0.8639,0.7560,0.8016,0.8480,0.8415,0.8236,0.7609,0.8423,0.8674,0.8387,0.8518,0.8577,0.8164,0.8627,0.7883,0.8237,0.8453,0,0.3595,-1.2936,-4.3513,2.2937
88,0.1760,0.3960,0.5501,1.2489,-1.2936,-4.3513,0.5868,0.1161,0.1916,0.0000,1.0268,1.0000,0.0001,0.0091,0.0001,-0.0002,-0.0167,-0.0003,-0.0066,0.0051,-0.0009,0.0001,-0.0167,-0.0003,-0.0065,0.0052,-0.0010,0.0000,0.0438,-0.0008,-0.0000,0.0364,0.0013,0.0048,-0.0000,0.0438,0.0010,0.0000,0.0366,0.0013,0.0033,0.0000,0.0130,0.0003,0.0000,0.0042,0.1206,0.0017,0.0003,-0.0939,-0.0023,-0.0586,-0.0396,-0.0689,-0.0002,-0.1037,-0.0074,-0.0499,0.0420,0.0365,-0.0029,0.1176,0.0238,0.0109,-0.0363,0.0131,0.0150,-0.0000,0.1145,-0.0167,-0.0149,-0.0436,0.0136,-0.0093,-0.0000,-1.0000,-1.0000,-1.0000,-1.0000,-1.0000,-1.0000,-1.0000,-1.0000,-1.0000,-1.0000,-1.0000,-1.0000,-1.0000,-1.0000,-1.0000,-1.0000,-1.0000,-1.0000,-1.0000,-1.0000,-1.0000,-1.0000,-1.0000,-1.0000,-1.0000,-1.0000,-1.0000,-1.0000,-1.0000,-1.0000,-1.0000,-1.0000,-1.0000,-1.0000,-1.0000,-1.0000,-1.0000,-1.0000,-1.0000,-1.0000,-1.0000,-1.0000,-1.0000,-1.0000,-1.0000,-1.0000,-1.0000,-1.0000,-1.0000,-1.0000,-1.0000,-1.0000,-1.0000,-1.0000,-1.0000,-1.0000,-1.0000,-1.0000,-1.0000,-1.0000,-1.0000,-1.0000,-1.0000,0.8080,0.8142,0.8076,0.7641,0.8084,0.8547,0.7468,0.7926,0.8389,0.8324,0.8146,0.7518,0.8333,0.8586,0.8300,0.8430,0.8490,0.8077,0.8539,0.7795,0.8152,0.8366,-1.0000,-1.0000,-1.0000,-1.0000,-1.0000,-1.0000,-1.0000,-1.0000,-1.0000,-1.0000,-1.0000,-1.0000,-1.0000,-1.0000,-1.0000,-1.0000,-1.0000,-1.0000,-1.0000,-1.0000,-1.0000,-1.0000,-1.0000,-1.0000,-1.0000,-1.0000,-1.0000,-1.0000,-1.0000,-1.0000,-1.0000,-1.0000,-1.0000,-1.0000,-1.0000,-1.0000,0.7871,0.7602,0.8199,0.7869,0.8026,0.7272,0.5714,0.5900,0.5670,0.6463,0.5146,0.7225,0.5976,0.6135,0.6446,0.6769,0.5251,0.3818,0.4371,0.4041,0.3897,0.4318,0.4530,0.3768,0.4485,0.3857,0.4023,0.3733,0.4349,0.4564,0.4073,0.3979,0.3515,0.3658,0.3889,0.3583,0.3874,0.3848,0.4011,0.3781,0.7990,0.8080,0.8142,0.8076,0.7641,0.8084,0.8547,0.7468,0.7926,0.8389,0.8324,0.8146,0.7518,0.8333,0.8586,0.8300,0.8430,0.8490,0.8077,0.8539,0.7795,0.8152,0.8366,0,0.3515,-1.2936,-4.3513,2.2937
88,0.1760,0.3960,0.5501,1.2489,-1.2936,-4.3513,0.5868,0.1161,0.1916,0.0000,1.0268,1.0000,0.0001,0.0091,0.0001,-0.0002,-0.0167,-0.0003,-0.0066,0.0051,-0.0009,0.0001,-0.0167,-0.0003,-0.0065,0.0052,-0.0010,0.0000,0.0438,-0.0008,-0.0000,0.0364,0.0013,0.0048,-0.0000,0.0438,0.0010,0.0000,0.0366,0.0013,0.0033,0.0000,0.0130,0.0003,0.0000,0.0042,0.1206,0.0017,0.0003,-0.0939,-0.0023,-0.0586,-0.0396,-0.0689,-0.0002,-0.1037,-0.0074,-0.0499,0.0420,0.0365,-0.0029,0.1176,0.0238,0.0109,-0.0363,0.0131,0.0150,-0.0000,0.1145,-0.0167,-0.0149,-0.0436,0.0136,-0.0093,-0.0000,-1.0000,-1.0000,-1.0000,-1.0000,-1.0000,-1.0000,-1.0000,-1.0000,-1.0000,-1.0000,-1.0000,-1.0000,-1.0000,-1.0000,-1.0000,-1.0000,-1.0000,-1.0000,-1.0000,-1.0000,-1.0000,-1.0000,-1.0000,-1.0000,-1.0000,-1.0000,-1.0000,-1.0000,-1.0000,-1.0000,-1.0000,-1.0000,-1.0000,-1.0000,-1.0000,-1.0000,-1.0000,-1.0000,-1.0000,-1.0000,-1.0000,-1.0000,-1.0000,-1.0000,-1.0000,-1.0000,-1.0000,-1.0000,-1.0000,-1.0000,-1.0000,-1.0000,-1.0000,-1.0000,-1.0000,-1.0000,-1.0000,-1.0000,-1.0000,-1.0000,-1.0000,-1.0000,-1.0000,0.8080,0.8142,0.8076,0.7641,0.8084,0.8547,0.7468,0.7926,0.8389,0.8324,0.8146,0.7518,0.8333,0.8586,0.8300,0.8430,0.8490,0.8077,0.8539,0.7795,0.8152,0.8366,-1.0000,-1.0000,-1.0000,-1.0000,-1.0000,-1.0000,-1.0000,-1.0000,-1.0000,-1.0000,-1.0000,-1.0000,-1.0000,-1.0000,-1.0000,-1.0000,-1.0000,-1.0000,-1.0000,-1.0000,-1.0000,-1.0000,-1.0000,-1.0000,-1.0000,-1.0000,-1.0000,-1.0000,-1.0000,-1.0000,-1.0000,-1.0000,-1.0000,-1.0000,-1.0000,-1.0000,0.7871,0.7602,0.8199,0.7869,0.8026,0.7272,0.5714,0.5900,0.5670,0.6463,0.5146,0.7225,0.5976,0.6135,0.6446,0.6769,0.5251,0.3818,0.4371,0.4041,0.3897,0.4318,0.4530,0.3768,0.4485,0.3857,0.4023,0.3733,0.4349,0.4564,0.4073,0.3979,0.3515,0.3658,0.3889,0.3583,0.3874,0.3848,0.4011,0.3781,0.7990,0.8080,0.8142,0.8076,0.7641,0.8084,0.8547,0.7468,0.7926,0.8389,0.8324,0.8146,0.7518,0.8333,0.8586,0.8300,0.8430,0.8490,0.8077,0.8539,0.7795,0.8152,0.8366,0,0.3515,-1.2936,-4.3513,2.2937
89,0.1780,0.3934,0.5414,1.2500,-1.2936,-4.3513,0.5672,0.1161,0.1916,0.0000,1.0268,1.0000,0.0001,0.0093,0.0001,-0.0002,-0.0169,-0.0003,-0.0067,0.0050,-0.0009,0.0001,-0.0169,-0.0003,-0.0067,0.0053,-0.0011,0.0000,0.0440,-0.0008,0.0000,0.0363,0.0013,0.0048,-0.0000,0.0441,0.0010,-0.0000,0.0365,0.0014,0.0032,0.0000,0.0131,0.0004,0.0020,0.0071,0.1194,0.0017,0.0000,-0.0949,-0.0081,-0.0567,-0.0181,-0.0199,-0.0002,-0.0990,-0.0086,-0.0518,0.0109,-0.0116,-0.0033,0.1086,0.0253,0.0107,-0.0348,0.0132,0.0143,-0.0000,0.1048,-0.0164,-0.0153,-0.0441,0.0136,-0.0101,-0.0000,-1.0000,-1.0000,-1.0000,-1.0000,-1.0000,-1.0000,-1.0000,-1.0000,-1.0000,-1.0000,-1.0000,-1.0000,-1.0000,-1.0000,-1.0000,-1.0000,-1.0000,-1.0000,-1.0000,-1.0000,-1.0000,-1.0000,-1.0000,-1.0000,-1.0000,-1.0000,-1.0000,-1.0000,-1.0000,-1.0000,-1.0000,-1.0000,-1.0000,-1.0000,-1.0000,-1.0000,-1.0000,-1.0000,-1.0000,-1.0000,-1.0000,-1.0000,-1.0000,-1.0000,-1.0000,-1.0000,-1.0000,-1.0000,-1.0000,-1.0000,-1.0000,-1.0000,-1.0000,-1.0000,-1.0000,-1.0000,-1.0000,-1.0000,-1.0000,-1.0000,-1.0000,-1.0000,-1.0000,0.7990,0.8051,0.7985,0.7549,0.7992,0.8456,0.7377,0.7836,0.8298,0.8233,0.8055,0.7427,0.8244,0.8499,0.8213,0.8342,0.8404,0.7989,0.8451,0.7708,0.8067,0.8280,-1.0000,-1.0000,-1.0000,-1.0000,-1.0000,-1.0000,-1.0000,-1.0000,-1.0000,-1.0000,-1.0000,-1.0000,-1.0000,-1.0000,-1.0000,-1.0000,-1.0000,-1.0000,-1.0000,-1.0000,-1.0000,-1.0000,-1.0000,-1.0000,-1.0000,-1.0000,-1.0000,-1.0000,-1.0000,-1.0000,-1.0000,-1.0000,-1.0000,-1.0000,-1.0000,-1.0000,0.7798,0.7528,0.8122,0.7795,0.7951,0.7200,0.5626,0.5809,0.5580,0.6372,0.5056,0.7136,0.5887,0.6044,0.6357,0.6680,0.5159,0.3727,0.4286,0.3954,0.3808,0.4228,0.4443,0.3681,0.4394,0.3769,0.3938,0.3647,0.4264,0.4474,0.3990,0.3904,0.3435,0.3577,0.3814,0.3499,0.3795,0.3763,0.3935,0.3705,0.7899,0.7990,0.8051,0.7985,0.7549,0.7992,0.8456,0.7377,0.7836,0.8298,0.8233,0.8055,0.7427,0.8244,0.8499,0.8213,0.8342,0.8404,0.7989,0.8451,0.7708,0.8067,0.8280,0,0.3435,-1.2936,-4.3513,2.2937
89,0.1780,0.3934,0.5414,1.2500,-1.2936,-4.3513,0.5672,0.1161,0.1916,0.0000,1.0268,1.0000,0.0001,0.0093,0.0001,-0.0002,-0.0169,-0.0003,-0.0067,0.0050,-0.0009,0.0001,-0.0169,-0.0003,-0.0067,0.0053,-0.0011,0.0000,0.0440,-0.0008,0.0000,0.0363,0.0013,0.0048,-0.0000,0.0441,0.0010,-0.0000,0.0365,0.0014,0.0032,0.0000,0.0131,0.0004,0.0020,0.0071,0.1194,0.0017,0.0000,-0.0949,-0.0081,-0.0567,-0.0181,-0.0199,-0.0002,-0.0990,-0.0086,-0.0518,0.0109,-0.0116,-0.0033,0.1086,0.0253,0.0107,-0.0348,0.0132,0.0143,-0.0000,0.1048,-0.0164,-0.0153,-0.0441,0.0136,-0.0101,-0.0000,-1.0000,-1.0000,-1.0000,-1.0000,-1.0000,-1.0000,-1.0000,-1.0000,-1.0000,-1.0000,-1.0000,-1.0000,-1.0000,-1.0000,-1.0000,-1.0000,-1.0000,-1.0000,-1.0000,-1.0000,-1.0000,-1.0000,-1.0000,-1.0000,-1.0000,-1.0000,-1.0000,-1.0000,-1.0000,-1.0000,-1.0000,-1.0000,-1.0000,-1.0000,-1.0000,-1.0000,-1.0000,-1.0000,-1.0000,-1.0000,-1.0000,-1.0000,-1.0000,-1.0000,-1.0000,-1.0000,-1.0000,-1.0000,-1.0000,-1.0000,-1.0000,-1.0000,-1.0000,-1.0000,-1.0000,-1.0000,-1.0000,-1.0000,-1.0000,-1.0000,-1.0000,-1.0000,-1.0000,0.7990,0.8051,0.7985,0.7549,0.7992,0.8456,0.7377,0.7836,0.8298,0.8233,0.8055,0.7427,0.8244,0.8499,0.8213,0.8342,0.8404,0.7989,0.8451,0.7708,0.8067,0.8280,-1.0000,-1.0000,-1.0000,-1.0000,-1.0000,-1.0000,-1.0000,-1.0000,-1.0000,-1.0000,-1.0000,-1.0000,-1.0000,-1.0000,-1.0000,-1.0000,-1.0000,-1.0000,-1.0000,-1.0000,-1.0000,-1.0000,-1.0000,-1.0000,-1.0000,-1.0000,-1.0000,-1.0000,-1.0000,-1.0000,-1.0000,-1.0000,-1.0000,-1.0000,-1.0000,-1.0000,0.7798,0.7528,0.8122,0.7795,0.7951,0.7200,0.5626,0.5809,0.5580,0.6372,0.5056,0.7136,0.5887,0.6044,0.6357,0.6680,0.5159,0.3727,0.4286,0.3954,0.3808,0.4228,0.4443,0.3681,0.4394,0.3769,0.3938,0.3647,0.4264,0.4474,0.3990,0.3904,0.3435,0.3577,0.3814,0.3499,0.3795,0.3763,0.3935,0.3705,0.7899,0.7990,0.8051,0.7985,0.7549,0.7992,0.8456,0.7377,0.7836,0.8298,0.8233,0.8055,0.7427,0.8244,0.8499,0.8213,0.8342,0.8404,0.7989,0.8451,0.7708,0.8067,0.8280,0,0.3435,-1.2936,-4.3513,2.2937
90,0.1800,0.3908,0.5327,1.2511,-1.2936,-4.3513,0.5475,0.1161,0.1916,0.0000,1.0268,1.0000,0.0001,0.0094,0.0001,-0.0002,-0.0171,-0.0003,-0.0068,0.0050,-0.0009,0.0001,-0.0171,-0.0003,-0.0068,0.0052,-0.0012,0.0000,0.0442,-0.0007,0.0000,0.0362,0.0013,0.0049,-0.0000,0.0442,0.0009,-0.0000,0.0364,0.0014,0.0032,0.0000,0.0131,0.0005,0.0035,0.0095,0.1181,0.0017,-0.0002,-0.0956,-0.0131,-0.0548,-0.0003,0.0212,-0.0002,-0.0946,-0.0094,-0.0535,-0.0164,-0.0573,-0.0036,0.0994,0.0266,0.0106,-0.0341,0.0132,0.0135,-0.0000,0.0950,-0.0163,-0.0156,-0.0450,0.0137,-0.0108,-0.0001,-1.0000,-1.0000,-1.0000,-1.0000,-1.0000,-1.0000,-1.0000,-1.0000,-1.0000,-1.0000,-1.0000,-1.0000,-1.0000,-1.0000,-1.0000,-1.0000,-1.0000,-1.0000,-1.0000,-1.0000,-1.0000,-1.0000,-1.0000,-1.0000,-1.0000,-1.0000,-1.0000,-1.0000,-1.0000,-1.0000,-1.0000,-1.0000,-1.0000,-1.0000,-1.0000,-1.0000,-1.0000,-1.0000,-1.0000,-1.0000,-1.0000,-1.0000,-1.0000,-1.0000,-1.0000,-1.0000,-1.0000,-1.0000,-1.0000,-1.0000,-1.0000,-1.0000,-1.0000,-1.0000,-1.0000,-1.0000,-1.0000,-1.0000,-1.0000,-1.0000,-1.0000,-1.0000,-1.0000,0.7900,0.7961,0.7894,0.7458,0.7900,0.8364,0.7285,0.7746,0.8206,0.8143,0.7964,0.7335,0.8154,0.8411,0.8127,0.8254,0.8317,0.7902,0.8362,0.7620,0.7982,0.8194,-1.0000,-1.0000,-1.0000,-1.0000,-1.0000,-1.0000,-1.0000,-1.0000,-1.0000,-1.0000,-1.0000,-1.0000,-1.0000,-1.0000,-1.0000,-1.0000,-1.0000,-1.0000,-1.0000,-1.0000,-1.0000,-1.0000,-1.0000,-1.0000,-1.0000,-1.0000,-1.0000,-1.0000,-1.0000,-1.0000,-1.0000,-1.0000,-1.0000,-1.0000,-1.0000,-1.0000,0.7725,0.7454,0.8047,0.7721,0.7876,0.7128,0.5538,0.5718,0.5490,0.6282,0.4966,0.7047,0.5799,0.5953,0.6267,0.6591,0.5068,0.3637,0.4202,0.3867,0.3719,0.4138,0.4357,0.3596,0.4304,0.3680,0.3853,0.3560,0.4180,0.4385,0.3908,0.3829,0.3356,0.3497,0.3739,0.3416,0.3717,0.3678,0.3860,0.3629,0.7808,0.7900,0.7961,0.7894,0.7458,0.7900,0.8364,0.7285,0.7746,0.8206,0.8143,0.7964,0.7335,0.8154,0.8411,0.8127,0.8254,0.8317,0.7902,0.8362,0.7620,0.7982,0.8194,0,0.3356,-1.2936,-4.3513,2.2937
91,0.1820,0.3882,0.5240,1.2522,-1.2936,-4.3513,0.5279,0.1161,0.1916,0.0000,1.0268,1.0000,0.0001,0.0095,0.0001,-0.0002,-0.0173,-0.0003,-0.0069,0.0053,-0.0009,0.0001,-0.0173,-0.0003,-0.0069,0.0051,-0.0014,0.0000,0.0444,-0.0007,0.0001,0.0361,0.0014,0.0049,-0.0000,0.0444,0.0009,-0.0001,0.0363,0.0014,0.0032,0.0000,0.0132,-0.0005,-0.0003,-0.0121,0.1150,0.0001,0.0004,-0.1101,0.0139,-0.0395,0.1488,0.0194,0.0005,-0.0876,0.0202,-0.0560,-0.0446,-0.1126,0.0002,0.0851,0.0199,0.0138,-0.0504,0.0134,0.0122,0.0000,0.0859,-0.0244,-0.0127,-0.0458,0.0139,-0.0115,-0.0000,-1.0000,-1.0000,-1.0000,-1.0000,-1.0000,-1.0000,-1.0000,-1.0000,-1.0000,-1.0000,-1.0000,-1.0000,-1.0000,-1.0000,-1.0000,-1.0000,-1.0000,-1.0000,-1.0000,-1.0000,-1.0000,-1.0000,-1.0000,-1.0000,-1.0000,-1.0000,-1.0000,-1.0000,-1.0000,-1.0000,-1.0000,-1.0000,-1.0000,-1.0000,-1.0000,-1.0000,-1.0000,-1.0000,-1.0000,-1.0000,-1.0000,-1.0000,-1.0000,-1.0000,-1.0000,-1.0000,-1.0000,-1.0000,-1.0000,-1.0000,-1.0000,-1.0000,-1.0000,-1.0000,-1.0000,-1.0000,-1.0000,-1.0000,-1.0000,-1.0000,-1.0000,-1.0000,-1.0000,0.7810,0.7870,0.7803,0.7367,0.7809,0.8273,0.7194,0.7656,0.8115,0.8052,0.7874,0.7244,0.8064,0.8324,0.8040,0.8165,0.8230,0.7814,0.8274,0.7532,0.7897,0.8108,-1.0000,-1.0000,-1.0000,-1.0000,-1.0000,-1.0000,-1.0000,-1.0000,-1.0000,-1.0000,-1.0000,-1.0000,-1.0000,-1.0000,-1.0000,-1.0000,-1.0000,-1.0000,-1.0000,-1.0000,-1.0000,-1.0000,-1.0000,-1.0000,-1.0000,-1.0000,-1.0000,-1.0000,-1.0000,-1.0000,-1.0000,-1.0000,-1.0000,-1.0000,-1.0000,-1.0000,0.7652,0.7381,0.7972,0.7648,0.7801,0.7057,0.5450,0.5627,0.5400,0.6191,0.4876,0.6959,0.5710,0.5862,0.6177,0.6502,0.4976,0.3547,0.4119,0.3781,0.3631,0.4048,0.4272,0.3510,0.4213,0.3592,0.3768,0.3474,0.4095,0.4295,0.3825,0.3754,0.3277,0.3416,0.3665,0.3332,0.3640,0.3593,0.3785,0.3554,0.7717,0.7810,0.7870,0.7803,0.7367,0.7809,0.8273,0.7194,0.7656,0.8115,0.8052,0.7874,0.7244,0.8064,0.8324,0.8040,0.8165,0.8230,0.7814,0.8274,0.7532,0.7897,0.8108,0,0.3277,-1.2936,-4.3513,2.2937
91,0.1820,0.3882,0.5240,1.2522,-1.2936,-4.3513,0.5279,0.1161,0.1916,0.0000,1.0268,1.0000,0.0001,0.0095,0.0001,-0.0002,-0.0173,-0.0003,-0.0069,0.0053,-0.0009,0.0001,-0.0173,-0.0003,-0.0069,0.0051,-0.0014,0.0000,0.0444,-0.0007,0.0001,0.0361,0.0014,0.0049,-0.0000,0.0444,0.0009,-0.0001,0.0363,0.0014,0.0032,0.0000,0.0132,-0.0005,-0.0003,-0.0121,0.1150,0.0001,0.0004,-0.1101,0.0139,-0.0395,0.1488,0.0194,0.0005,-0.0876,0.0202,-0.0560,-0.0446,-0.1126,0.0002,0.0851,0.0199,0.0138,-0.0504,0.0134,0.0122,0.0000,0.0859,-0.0244,-0.0127,-0.0458,0.0139,-0.0115,-0.0000,-1.0000,-1.0000,-1.0000,-1.0000,-1.0000,-1.0000,-1.0000,-1.0000,-1.0000,-1.0000,-1.0000,-1.0000,-1.0000,-1.0000,-1.0000,-1.0000,-1.0000,-1.0000,-1.0000,-1.0000,-1.0000,-1.0000,-1.0000,-1.0000,-1.0000,-1.0000,-1.0000,-1.0000,-1.0000,-1.0000,-1.0000,-1.0000,-1.0000,-1.0000,-1.0000,-1.0000,-1.0000,-1.0000,-1.0000,-1.0000,-1.0000,-1.0000,-1.0000,-1.0000,-1.0000,-1.0000,-1.0000,-1.0000,-1.0000,-1.0000,-1.0000,-1.0000,-1.0000,-1.0000,-1.0000,-1.0000,-1.0000,-1.0000,-1.0000,-1.0000,-1.0000,-1.0000,-1.0000,0.7810,0.7870,0.7803,0.7367,0.7809,0.8273,0.7194,0.7656,0.8115,0.8052,0.7874,0.7244,0.8064,0.8324,0.8040,0.8165,0.8230,0.7814,0.8274,0.7532,0.7897,0.8108,-1.0000,-1.0000,-1.0000,-1.0000,-1.0000,-1.0000,-1.0000,-1.0000,-1.0000,-1.0000,-1.0000,-1.0000,-1.0000,-1.0000,-1.0000,-1.0000,-1.0000,-1.0000,-1.0000,-1.0000,-1.0000,-1.0000,-1.0000,-1.0000,-1.0000,-1.0000,-1.0000,-1.0000,-1.0000,-1.0000,-1.0000,-1.0000,-1.0000,-1.0000,-1.0000,-1.0000,0.7652,0.7381,0.7972,0.7648,0.7801,0.7057,0.5450,0.5627,0.5400,0.6191,0.4876,0.6959,0.5710,0.5862,0.6177,0.6502,0.4976,0.3547,0.4119,0.3781,0.3631,0.4048,0.4272,0.3510,0.4213,0.3592,0.3768,0.3474,0.4095,0.4295,0.3825,0.3754,0.3277,0.3416,0.3665,0.3332,0.3640,0.3593,0.3785,0.3554,0.7717,0.7810,0.7870,0.7803,0.7367,0.7809,0.8273,0.7194,0.7656,0.8115,0.8052,0.7874,0.7244,0.8064,0.8324,0.8040,0.8165,0.8230,0.7814,0.8274,0.7532,0.7897,0.8108,0,0.3277,-1.2936,-4.3513,2.2937
92,0.1840,0.3856,0.5153,1.2532,-1.2936,-4.3513,0.5083,0.1161,0.1917,0.0000,1.0268,1.0000,0.0001,0.0096,0.0001,-0.0002,-0.0176,-0.0003,-0.0070,0.0056,-0.0005,0.0001,-0.0174,-0.0003,-0.0070,0.0051,-0.0012,0.0000,0.0445,-0.0006,0.0001,0.0360,0.0014,0.0049,-0.0000,0.0446,0.0008,-0.0001,0.0362,0.0015,0.0032,0.0000,0.0132,-0.0010,-0.0037,-0.0137,0.1124,-0.0001,0.0005,-0.1042,0.0074,-0.0406,0.1160,0.2038,0.0001,-0.0859,0.0135,-0.0542,-0.0386,0.0781,0.0005,0.0735,0.0214,0.0142,-0.0586,0.0134,0.0110,0.0001,0.0746,-0.0242,-0.0126,-0.0532,0.0140,-0.0125,-0.0001,-1.0000,-1.0000,-1.0000,-1.0000,-1.0000,-1.0000,-1.0000,-1.0000,-1.0000,-1.0000,-1.0000,-1.0000,-1.0000,-1.0000,-1.0000,-1.0000,-1.0000,-1.0000,-1.0000,-1.0000,-1.0000,-1.0000,-1.0000,-1.0000,-1.0000,-1.0000,-1.0000,-1.0000,-1.0000,-1.0000,-1.0000,-1.0000,-1.0000,-1.0000,-1.0000,-1.0000,-1.0000,-1.0000,-1.0000,-1.0000,-1.0000,-1.0000,-1.0000,-1.0000,-1.0000,-1.0000,-1.0000,-1.0000,-1.0000,-1.0000,-1.0000,-1.0000,-1.0000,-1.0000,-1.0000,-1.0000,-1.0000,-1.0000,-1.0000,-1.0000,-1.0000,-1.0000,-1.0000,0.7719,0.7779,0.7712,0.7276,0.7717,0.8181,0.7102,0.7566,0.8024,0.7962,0.7783,0.7153,0.7974,0.8237,0.7954,0.8077,0.8144,0.7727,0.8186,0.7445,0.7811,0.8022,-1.0000,-1.0000,-1.0000,-1.0000,-1.0000,-1.0000,-1.0000,-1.0000,-1.0000,-1.0000,-1.0000,-1.0000,-1.0000,-1.0000,-1.0000,-1.0000,-1.0000,-1.0000,-1.0000,-1.0000,-1.0000,-1.0000,-1.0000,-1.0000,-1.0000,-1.0000,-1.0000,-1.0000,-1.0000,-1.0000,-1.0000,-1.0000,-1.0000,-1.0000,-1.0000,-1.0000,0.7580,0.7309,0.7897,0.7576,0.7727,0.6987,0.5363,0.5537,0.5311,0.6101,0.4786,0.6870,0.5622,0.5771,0.6087,0.6413,0.4885,0.3457,0.4035,0.3695,0.3542,0.3959,0.4186,0.3425,0.4123,0.3503,0.3684,0.3388,0.4011,0.4206,0.3743,0.3680,0.3199,0.3337,0.3592,0.3250,0.3563,0.3509,0.3711,0.3480,0.7625,0.7719,0.7779,0.7712,0.7276,0.7717,0.8181,0.7102,0.7566,0.8024,0.7962,0.7783,0.7153,0.7974,0.8237,0.7954,0.8077,0.8144,0.7727,0.8186,0.7445,0.7811,0.8022,0,0.3199,-1.2936,-4.3513,2.2937
93,0.1860,0.3830,0.5066,1.2542,-1.2936,-4.3513,0.4887,0.1161,0.1917,0.0000,1.0268,1.0000,0.0001,0.0097,0.0001,-0.0002,-0.0178,-0.0003,-0.0071,0.0057,-0.0002,0.0001,-0.0176,-0.0002,-0.0071,0.0050,-0.0010,0.0000,0.0446,-0.0006,0.0001,0.0359,0.0014,0.0049,-0.0000,0.0447,0.0008,-0.0001,0.0361,0.0015,0.0031,0.0000,0.0133,-0.0012,-0.0011,-0.0162,0.1112,-0.0004,0.0011,-0.0988,0.0135,-0.0429,0.0779,0.1415,0.0000,-0.0871,0.0152,-0.0521,-0.0160,0.1055,0.0008,0.0642,0.0211,0.0144,-0.0565,0.0136,0.0102,0.0001,0.0658,-0.0254,-0.0124,-0.0498,0.0141,-0.0130,-0.0001,-1.0000,-1.0000,-1.0000,-1.0000,-1.0000,-1.0000,-1.0000,-1.0000,-1.0000,-1.0000,-1.0000,-1.0000,-1.0000,-1.0000,-1.0000,-1.0000,-1.0000,-1.0000,-1.0000,-1.0000,-1.0000,-1.0000,-1.0000,-1.0000,-1.0000,-1.0000,-1.0000,-1.0000,-1.0000,-1.0000,-1.0000,-1.0000,-1.0000,-1.0000,-1.0000,-1.0000,-1.0000,-1.0000,-1.0000,-1.0000,-1.0000,-1.0000,-1.0000,-1.0000,-1.0000,-1.0000,-1.0000,-1.0000,-1.0000,-1.0000,-1.0000,-1.0000,-1.0000,-1.0000,-1.0000,-1.0000,-1.0000,-1.0000,-1.0000,-1.0000,-1.0000,-1.0000,-1.0000,0.7630,0.7689,0.7621,0.7184,0.7626,0.8090,0.7011,0.7475,0.7933,0.7871,0.7692,0.7062,0.7884,0.8149,0.7867,0.7989,0.8057,0.7640,0.8097,0.7357,0.7726,0.7936,-1.0000,-1.0000,-1.0000,-1.0000,-1.0000,-1.0000,-1.0000,-1.0000,-1.0000,-1.0000,-1.0000,-1.0000,-1.0000,-1.0000,-1.0000,-1.0000,-1.0000,-1.0000,-1.0000,-1.0000,-1.0000,-1.0000,-1.0000,-1.0000,-1.0000,-1.0000,-1.0000,-1.0000,-1.0000,-1.0000,-1.0000,-1.0000,-1.0000,-1.0000,-1.0000,-1.0000,0.7509,0.7237,0.7823,0.7504,0.7654,0.6918,0.5275,0.5446,0.5221,0.6011,0.4697,0.6782,0.5534,0.5680,0.5998,0.6324,0.4793,0.3367,0.3953,0.3610,0.3454,0.3869,0.4101,0.3341,0.4032,0.3415,0.3600,0.3302,0.3928,0.4117,0.3662,0.3607,0.3121,0.3257,0.3519,0.3167,0.3486,0.3424,0.3637,0.3406,0.7534,0.7630,0.7689,0.7621,0.7184,0.7626,0.8090,0.7011,0.7475,0.7933,0.7871,0.7692,0.7062,0.7884,0.8149,0.7867,0.7989,0.8057,0.7640,0.8097,0.7357,0.7726,0.7936,0,0.3121,-1.2936,-4.3513,2.2937
93,0.1860,0.3830,0.5066,1.2542,-1.2936,-4.3513,0.4887,0.1161,0.1917,0.0000,1.0268,1.0000,0.0001,0.0097,0.0001,-0.0002,-0.0178,-0.0003,-0.0071,0.0057,-0.0002,0.0001,-0.0176,-0.0002,-0.0071,0.0050,-0.0010,0.0000,0.0446,-0.0006,0.0001,0.0359,0.0014,0.0049,-0.0000,0.0447,0.0008,-0.0001,0.0361,0.0015,0.0031,0.0000,0.0133,-0.0012,-0.0011,-0.0162,0.1112,-0.0004,0.0011,-0.0988,0.0135,-0.0429,0.0779,0.1415,0.0000,-0.0871,0.0152,-0.0521,-0.0160,0.1055,0.0008,0.0642,0.0211,0.0144,-0.0565,0.0136,0.0102,0.0001,0.0658,-0.0254,-0.0124,-0.0498,0.0141,-0.0130,-0.0001,-1.0000,-1.0000,-1.0000,-1.0000,-1.0000,-1.0000,-1.0000,-1.0000,-1.0000,-1.0000,-1.0000,-1.0000,-1.0000,-1.0000,-1.0000,-1.0000,-1.0000,-1.0000,-1.0000,-1.0000,-1.0000,-1.0000,-1.0000,-1.0000,-1.0000,-1.0000,-1.0000,-1.0000,-1.0000,-1.0000,-1.0000,-1.0000,-1.0000,-1.0000,-1.0000,-1.0000,-1.0000,-1.0000,-1.0000,-1.0000,-1.0000,-1.0000,-1.0000,-1.0000,-1.0000,-1.0000,-1.0000,-1.0000,-1.0000,-1.0000,-1.0000,-1.0000,-1.0000,-1.0000,-1.0000,-1.0000,-1.0000,-1.0000,-1.0000,-1.0000,-1.0000,-1.0000,-1.0000,0.7630,0.7689,0.7621,0.7184,0.7626,0.8090,0.7011,0.7475,0.7933,0.7871,0.7692,0.7062,0.7884,0.8149,0.7867,0.7989,0.8057,0.7640,0.8097,0.7357,0.7726,0.7936,-1.0000,-1.0000,-1.0000,-1.0000,-1.0000,-1.0000,-1.0000,-1.0000,-1.0000,-1.0000,-1.0000,-1.0000,-1.0000,-1.0000,-1.0000,-1.0000,-1.0000,-1.0000,-1.0000,-1.0000,-1.0000,-1.0000,-1.0000,-1.0000,-1.0000,-1.0000,-1.0000,-1.0000,-1.0000,-1.0000,-1.0000,-1.0000,-1.0000,-1.0000,-1.0000,-1.0000,0.7509,0.7237,0.7823,0.7504,0.7654,0.6918,0.5275,0.5446,0.5221,0.6011,0.4697,0.6782,0.5534,0.5680,0.5998,0.6324,0.4793,0.3367,0.3953,0.3610,0.3454,0.3869,0.4101,0.3341,0.4032,0.3415,0.3600,0.3302,0.3928,0.4117,0.3662,0.3607,0.3121,0.3257,0.3519,0.3167,0.3486,0.3424,0.3637,0.3406,0.7534,0.7630,0.7689,0.7621,0.7184,0.7626,0.8090,0.7011,0.7475,0.7933,0.7871,0.7692,0.7062,0.7884,0.8149,0.7867,0.7989,0.8057,0.7640,0.8097,0.7357,0.7726,0.7936,0,0.3121,-1.2936,-4.3513,2.2937
94,0.1880,0.3804,0.4979,1.2551,-1.2936,-4.3513,0.4691,0.1161,0.1917,0.0000,1.0268,1.0000,0.0001,0.0098,0.0001,-0.0002,-0.0179,-0.0003,-0.0072,0.0058,-0.0001,0.0001,-0.0178,-0.0003,-0.0072,0.0053,-0.0008,0.0000,0.0447,-0.0005,0.0001,0.0358,0.0015,0.0049,-0.0000,0.0448,0.0008,-0.0001,0.0360,0.0015,0.0031,0.0000,0.0134,0.0000,-0.0051,0.0037,0.1078,0.0009,0.0015,-0.0892,-0.0057,-0.0468,0.0271,0.0160,-0.0010,-0.1030,-0.0096,-0.0356,0.1471,0.0991,-0.0027,0.0550,0.0280,0.0117,-0.0572,0.0135,0.0094,0.0001,0.0517,-0.0198,-0.0153,-0.0651,0.0139,-0.0142,-0.0001,-1.0000,-1.0000,-1.0000,-1.0000,-1.0000,-1.0000,-1.0000,-1.0000,-1.0000,-1.0000,-1.0000,-1.0000,-1.0000,-1.0000,-1.0000,-1.0000,-1.0000,-1.0000,-1.0000,-1.0000,-1.0000,-1.0000,-1.0000,-1.0000,-1.0000,-1.0000,-1.0000,-1.0000,-1.0000,-1.0000,-1.0000,-1.0000,-1.0000,-1.0000,-1.0000,-1.0000,-1.0000,-1.0000,-1.0000,-1.0000,-1.0000,-1.0000,-1.0000,-1.0000,-1.0000,-1.0000,-1.0000,-1.0000,-1.0000,-1.0000,-1.0000,-1.0000,-1.0000,-1.0000,-1.0000,-1.0000,-1.0000,-1.0000,-1.0000,-1.0000,-1.0000,-1.0000,-1.0000,0.7540,0.7598,0.7530,0.7093,0.7534,0.7998,0.6919,0.7385,0.7842,0.7780,0.7602,0.6970,0.7794,0.8062,0.7781,0.7900,0.7971,0.7552,0.8009,0.7269,0.7641,0.7850,-1.0000,-1.0000,-1.0000,-1.0000,-1.0000,-1.0000,-1.0000,-1.0000,-1.0000,-1.0000,-1.0000,-1.0000,-1.0000,-1.0000,-1.0000,-1.0000,-1.0000,-1.0000,-1.0000,-1.0000,-1.0000,-1.0000,-1.0000,-1.0000,-1.0000,-1.0000,-1.0000,-1.0000,-1.0000,-1.0000,-1.0000,-1.0000,-1.0000,-1.0000,-1.0000,-1.0000,0.7439,0.7166,0.7750,0.7433,0.7582,0.6849,0.5188,0.5355,0.5132,0.5921,0.4607,0.6694,0.5446,0.5589,0.5908,0.6235,0.4702,0.3277,0.3870,0.3525,0.3367,0.3780,0.4016,0.3256,0.3942,0.3327,0.3516,0.3216,0.3844,0.4028,0.3581,0.3535,0.3044,0.3179,0.3446,0.3085,0.3410,0.3340,0.3564,0.3332,0.7443,0.7540,0.7598,0.7530,0.7093,0.7534,0.7998,0.6919,0.7385,0.7842,0.7780,0.7602,0.6970,0.7794,0.8062,0.7781,0.7900,0.7971,0.7552,0.8009,0.7269,0.7641,0.7850,0,0.3044,-1.2936,-4.3513,2.2937
94,0.1880,0.3804,0.4979,1.2551,-1.2936,-4.3513,0.4691,0.1161,0.1917,0.0000,1.0268,1.0000,0.0001,0.0098,0.0001,-0.0002,-0.0179,-0.0003,-0.0072,0.0058,-0.0001,0.0001,-0.0178,-0.0003,-0.0072,0.0053,-0.0008,0.0000,0.0447,-0.0005,0.0001,0.0358,0.0015,0.0049,-0.0000,0.0448,0.0008,-0.0001,0.0360,0.0015,0.0031,0.0000,0.0134,0.0000,-0.0051,0.0037,0.1078,0.0009,0.0015,-0.0892,-0.0057,-0.0468,0.0271,0.0160,-0.0010,-0.1030,-0.0096,-0.0356,0.1471,0.0991,-0.0027,0.0550,0.0280,0.0117,-0.0572,0.0135,0.0094,0.0001,0.0517,-0.0198,-0.0153,-0.0651,0.0139,-0.0142,-0.0001,-1.0000,-1.0000,-1.0000,-1.0000,-1.0000,-1.0000,-1.0000,-1.0000,-1.0000,-1.0000,-1.0000,-1.0000,-1.0000,-1.0000,-1.0000,-1.0000,-1.0000,-1.0000,-1.0000,-1.0000,-1.0000,-1.0000,-1.0000,-1.0000,-1.0000,-1.0000,-1.0000,-1.0000,-1.0000,-1.0000,-1.0000,-1.0000,-1.0000,-1.0000,-1.0000,-1.0000,-1.0000,-1.0000,-1.0000,-1.0000,-1.0000,-1.0000,-1.0000,-1.0000,-1.0000,-1.0000,-1.0000,-1.0000,-1.0000,-1.0000,-1.0000,-1.0000,-1.0000,-1.0000,-1.0000,-1.0000,-1.0000,-1.0000,-1.0000,-1.0000,-1.0000,-1.0000,-1.0000,0.7540,0.7598,0.7530,0.7093,0.7534,0.7998,0.6919,0.7385,0.7842,0.7780,0.7602,0.6970,0.7794,0.8062,0.7781,0.7900,0.7971,0.7552,0.8009,0.7269,0.7641,0.7850,-1.0000,-1.0000,-1.0000,-1.0000,-1.0000,-1.0000,-1.0000,-1.0000,-1.0000,-1.0000,-1.0000,-1.0000,-1.0000,-1.0000,-1.0000,-1.0000,-1.0000,-1.0000,-1.0000,-1.0000,-1.0000,-1.0000,-1.0000,-1.0000,-1.0000,-1.0000,-1.0000,-1.0000,-1.0000,-1.0000,-1.0000,-1.0000,-1.0000,-1.0000,-1.0000,-1.0000,0.7439,0.7166,0.7750,0.7433,0.7582,0.6849,0.5188,0.5355,0.5132,0.5921,0.4607,0.6694,0.5446,0.5589,0.5908,0.6235,0.4702,0.3277,0.3870,0.3525,0.3367,0.3780,0.4016,0.3256,0.3942,0.3327,0.3516,0.3216,0.3844,0.4028,0.3581,0.3535,0.3044,0.3179,0.3446,0.3085,0.3410,0.3340,0.3564,0.3332,0.7443,0.7540,0.7598,0.7530,0.7093,0.7534,0.7998,0.6919,0.7385,0.7842,0.7780,0.7602,0.6970,0.7794,0.8062,0.7781,0.7900,0.7971,0.7552,0.8009,0.7269,0.7641,0.7850,0,0.3044,-1.2936,-4.3513,2.2937
95,0.1900,0.3778,0.4892,1.2560,-1.2936,-4.3513,0.4494,0.1161,0.1918,0.0000,1.0268,1.0000,0.0001,0.0099,0.0001,-0.0002,-0.0181,-0.0003,-0.0073,0.0057,-0.0003,0.0001,-0.0180,-0.0003,-0.0072,0.0056,-0.0003,0.0000,0.0448,-0.0005,0.0002,0.0357,0.0015,0.0050,-0.0000,0.0449,0.0007,-0.0002,0.0358,0.0015,0.0031,0.0000,0.0134,0.0002,-0.0063,0.0106,0.1057,0.0015,0.0018,-0.0824,-0.0088,-0.0495,-0.0144,-0.0947,-0.0014,-0.0978,-0.0265,-0.0365,0.1141,0.2708,-0.0040,0.0454,0.0309,0.0109,-0.0581,0.0135,0.0085,0.0001,0.0404,-0.0178,-0.0161,-0.0709,0.0139,-0.0151,-0.0001,-1.0000,-1.0000,-1.0000,-1.0000,-1.0000,-1.0000,-1.0000,-1.0000,-1.0000,-1.0000,-1.0000,-1.0000,-1.0000,-1.0000,-1.0000,-1.0000,-1.0000,-1.0000,-1.0000,-1.0000,-1.0000,-1.0000,-1.0000,-1.0000,-1.0000,-1.0000,-1.0000,-1.0000,-1.0000,-1.0000,-1.0000,-1.0000,-1.0000,-1.0000,-1.0000,-1.0000,-1.0000,-1.0000,-1.0000,-1.0000,-1.0000,-1.0000,-1.0000,-1.0000,-1.0000,-1.0000,-1.0000,-1.0000,-1.0000,-1.0000,-1.0000,-1.0000,-1.0000,-1.0000,-1.0000,-1.0000,-1.0000,-1.0000,-1.0000,-1.0000,-1.0000,-1.0000,-1.0000,0.7450,0.7508,0.7439,0.7002,0.7443,0.7907,0.6828,0.7295,0.7751,0.7690,0.7511,0.6879,0.7704,0.7974,0.7694,0.7812,0.7884,0.7465,0.7921,0.7182,0.7556,0.7764,-1.0000,-1.0000,-1.0000,-1.0000,-1.0000,-1.0000,-1.0000,-1.0000,-1.0000,-1.0000,-1.0000,-1.0000,-1.0000,-1.0000,-1.0000,-1.0000,-1.0000,-1.0000,-1.0000,-1.0000,-1.0000,-1.0000,-1.0000,-1.0000,-1.0000,-1.0000,-1.0000,-1.0000,-1.0000,-1.0000,-1.0000,-1.0000,-1.0000,-1.0000,-1.0000,-1.0000,0.7369,0.7096,0.7677,0.7362,0.7510,0.6782,0.5101,0.5264,0.5043,0.5831,0.4517,0.6606,0.5358,0.5498,0.5818,0.6147,0.4611,0.3187,0.3789,0.3441,0.3279,0.3691,0.3931,0.3173,0.3852,0.3239,0.3433,0.3131,0.3761,0.3939,0.3500,0.3463,0.2967,0.3100,0.3375,0.3003,0.3335,0.3256,0.3491,0.3260,0.7353,0.7450,0.7508,0.7439,0.7002,0.7443,0.7907,0.6828,0.7295,0.7751,0.7690,0.7511,0.6879,0.7704,0.7974,0.7694,0.7812,0.7884,0.7465,0.7921,0.7182,0.7556,0.7764,0,0.2967,-1.2936,-4.3513,2.2937
96,0.1920,0.3753,0.4805,1.2569,-1.2936,-4.3513,0.4298,0.1161,0.1918,0.0000,1.0268,0.9999,0.0001,0.0100,0.0001,-0.0002,-0.0183,-0.0003,-0.0074,0.0056,-0.0007,0.0001,-0.0182,-0.0004,-0.0073,0.0057,0.0001,0.0000,0.0449,-0.0004,0.0002,0.0355,0.0015,0.0050,-0.0000,0.0449,0.0007,-0.0002,0.0357,0.0016,0.0030,0.0000,0.0135,0.0001,-0.0048,0.0045,0.1044,0.0012,0.0022,-0.0776,0.0031,-0.0511,-0.0465,-0.1876,-0.0010,-0.0921,-0.0157,-0.0392,0.0761,0.1987,-0.0030,0.0353,0.0287,0.0118,-0.0588,0.0136,0.0076,0.0001,0.0318,-0.0209,-0.0152,-0.0670,0.0140,-0.0156,-0.0002,-1.0000,-1.0000,-1.0000,-1.0000,-1.0000,-1.0000,-1.0000,-1.0000,-1.0000,-1.0000,-1.0000,-1.0000,-1.0000,-1.0000,-1.0000,-1.0000,-1.0000,-1.0000,-1.0000,-1.0000,-1.0000,-1.0000,-1.0000,-1.0000,-1.0000,-1.0000,-1.0000,-1.0000,-1.0000,-1.0000,-1.0000,-1.0000,4.0630,-1.0000,-1.0000,4.0140,-1.0000,-1.0000,-1.0000,-1.0000,-1.0000,-1.0000,-1.0000,-1.0000,-1.0000,-1.0000,-1.0000,-1.0000,-1.0000,-1.0000,-1.0000,-1.0000,-1.0000,-1.0000,-1.0000,-1.0000,-1.0000,-1.0000,-1.0000,-1.0000,-1.0000,-1.0000,-1.0000,0.7361,0.7418,0.7349,0.6912,0.7352,0.7816,0.6737,0.7205,0.7659,0.7599,0.7421,0.6788,0.7615,0.7887,0.7608,0.7724,0.7798,0.7378,0.7832,0.7094,0.7471,0.7678,-1.0000,-1.0000,-1.0000,-1.0000,-1.0000,-1.0000,-1.0000,-1.0000,-1.0000,-1.0000,-1.0000,-1.0000,-1.0000,-1.0000,-1.0000,-1.0000,-1.0000,-1.0000,-1.0000,-1.0000,-1.0000,-1.0000,-1.0000,-1.0000,-1.0000,-1.0000,-1.0000,-1.0000,-1.0000,-1.0000,-1.0000,-1.0000,-1.0000,-1.0000,-1.0000,-1.0000,0.7301,0.7026,0.7606,0.7293,0.7439,0.6715,0.5014,0.5174,0.4955,0.5741,0.4428,0.6518,0.5271,0.5408,0.5729,0.6059,0.4519,0.3098,0.3709,0.3357,0.3193,0.3603,0.3847,0.3090,0.3762,0.3151,0.3350,0.3046,0.3678,0.3850,0.3420,0.3392,0.2891,0.3023,0.3304,0.2921,0.3260,0.3173,0.3420,0.3188,0.7262,0.7361,0.7418,0.7349,0.6912,0.7352,0.7816,0.6737,0.7205,0.7659,0.7599,0.7421,0.6788,0.7615,0.7887,0.7608,0.7724,0.7798,0.7378,0.7832,0.7094,0.7471,0.7678,0,0.2891,-1.2936,-4.3513,2.2937
96,0.1920,0.3753,0.4805,1.2569,-1.2936,-4.3513,0.4298,0.1161,0.1918,0.0000,1.0268,0.9999,0.0001,0.0100,0.0001,-0.0002,-0.0183,-0.0003,-0.0074,0.0056,-0.0007,0.0001,-0.0182,-0.0004,-0.0073,0.0057,0.0001,0.0000,0.0449,-0.0004,0.0002,0.0355,0.0015,0.0050,-0.0000,0.0449,0.0007,-0.0002,0.0357,0.0016,0.0030,0.0000,0.0135,0.0001,-0.0048,0.0045,0.1044,0.0012,0.0022,-0.0776,0.0031,-0.0511,-0.0465,-0.1876,-0.0010,-0.0921,-0.0157,-0.0392,0.0761,0.1987,-0.0030,0.0353,0.0287,0.0118,-0.0588,0.0136,0.0076,0.0001,0.0318,-0.0209,-0.0152,-0.0670,0.0140,-0.0156,-0.0002,-1.0000,-1.0000,-1.0000,-1.0000,-1.0000,-1.0000,-1.0000,-1.0000,-1.0000,-1.0000,-1.0000,-1.0000,-1.0000,-1.0000,-1.0000,-1.0000,-1.0000,-1.0000,-1.0000,-1.0000,-1.0000,-1.0000,-1.0000,-1.0000,-1.0000,-1.0000,-1.0000,-1.0000,-1.0000,-1.0000,-1.0000,-1.0000,4.0630,-1.0000,-1.0000,4.0140,-1.0000,-1.0000,-1.0000,-1.0000,-1.0000,-1.0000,-1.0000,-1.0000,-1.0000,-1.0000,-1.0000,-1.0000,-1.0000,-1.0000,-1.0000,-1.0000,-1.0000,-1.0000,-1.0000,-1.0000,-1.0000,-1.0000,-1.0000,-1.0000,-1.0000,-1.0000,-1.0000,0.7361,0.7418,0.7349,0.6912,0.7352,0.7816,0.6737,0.7205,0.7659,0.7599,0.7421,0.6788,0.7615,0.7887,0.7608,0.7724,0.7798,0.7378,0.7832,0.7094,0.7471,0.7678,-1.0000,-1.0000,-1.0000,-1.0000,-1.0000,-1.0000,-1.0000,-1.0000,-1.0000,-1.0000,-1.0000,-1.0000,-1.0000,-1.0000,-1.0000,-1.0000,-1.0000,-1.0000,-1.0000,-1.0000,-1.0000,-1.0000,-1.0000,-1.0000,-1.0000,-1.0000,-1.0000,-1.0000,-1.0000,-1.0000,-1.0000,-1.0000,-1.0000,-1.0000,-1.0000,-1.0000,0.7301,0.7026,0.7606,0.7293,0.7439,0.6715,0.5014,0.5174,0.4955,0.5741,0.4428,0.6518,0.5271,0.5408,0.5729,0.6059,0.4519,0.3098,0.3709,0.3357,0.3193,0.3603,0.3847,0.3090,0.3762,0.3151,0.3350,0.3046,0.3678,0.3850,0.3420,0.3392,0.2891,0.3023,0.3304,0.2921,0.3260,0.3173,0.3420,0.3188,0.7262,0.7361,0.7418,0.7349,0.6912,0.7352,0.7816,0.6737,0.7205,0.7659,0.7599,0.7421,0.6788,0.7615,0.7887,0.7608,0.7724,0.7798,0.7378,0.7832,0.7094,0.7471,0.7678,0,0.2891,-1.2936,-4.3513,2.2937
97,0.1940,0.3727,0.4718,1.2577,-1.2936,-4.3513,0.4102,0.1161,0.1918,0.0000,1.0268,0.9999,0.0001,0.0101,0.0001,-0.0002,-0.0184,-0.0003,-0.0075,0.0055,-0.0012,0.0001,-0.0184,-0.0004,-0.0074,0.0058,0.0003,-0.0000,0.0450,-0.0004,0.0002,0.0354,0.0015,0.0050,-0.0000,0.0450,0.0006,-0.0002,0.0356,0.0016,0.0030,0.0000,0.0135,0.0004,-0.0034,0.0053,0.1031,0.0013,0.0021,-0.0733,0.0039,-0.0526,-0.0723,-0.2265,-0.0003,-0.0857,-0.0113,-0.0422,0.0320,0.0804,-0.0032,0.0261,0.0286,0.0118,-0.0573,0.0137,0.0067,0.0001,0.0224,-0.0216,-0.0152,-0.0660,0.0141,-0.0162,-0.0002,-1.0000,-1.0000,-1.0000,-1.0000,-1.0000,-1.0000,-1.0000,-1.0000,-1.0000,-1.0000,-1.0000,-1.0000,-1.0000,-1.0000,-1.0000,-1.0000,-1.0000,-1.0000,-1.0000,-1.0000,-1.0000,-1.0000,-1.0000,-1.0000,-1.0000,-1.0000,-1.0000,-1.0000,-1.0000,-1.0000,-1.0000,-1.0000,4.1912,-1.0000,-1.0000,4.1489,-1.0000,-1.0000,-1.0000,-1.0000,-1.0000,-1.0000,-1.0000,-1.0000,-1.0000,-1.0000,-1.0000,-1.0000,-1.0000,-1.0000,-1.0000,-1.0000,-1.0000,-1.0000,-1.0000,-1.0000,-1.0000,-1.0000,-1.0000,-1.0000,-1.0000,-1.0000,-1.0000,0.7272,0.7328,0.7258,0.6821,0.7260,0.7725,0.6646,0.7115,0.7568,0.7509,0.7330,0.6697,0.7525,0.7800,0.7522,0.7636,0.7711,0.7291,0.7744,0.7007,0.7386,0.7592,-1.0000,-1.0000,-1.0000,-1.0000,-1.0000,-1.0000,-1.0000,-1.0000,-1.0000,-1.0000,-1.0000,-1.0000,-1.0000,-1.0000,-1.0000,-1.0000,-1.0000,-1.0000,-1.0000,-1.0000,-1.0000,-1.0000,-1.0000,-1.0000,-1.0000,-1.0000,-1.0000,-1.0000,-1.0000,-1.0000,-1.0000,-1.0000,-1.0000,-1.0000,-1.0000,-1.0000,0.7233,0.6958,0.7535,0.7224,0.7369,0.6649,0.4927,0.5083,0.4867,0.5651,0.4338,0.6431,0.5183,0.5317,0.5640,0.5971,0.4428,0.3009,0.3629,0.3275,0.3106,0.3514,0.3763,0.3007,0.3673,0.3063,0.3268,0.2962,0.3596,0.3761,0.3340,0.3321,0.2816,0.2945,0.3234,0.2840,0.3186,0.3089,0.3349,0.3117,0.7171,0.7272,0.7328,0.7258,0.6821,0.7260,0.7725,0.6646,0.7115,0.7568,0.7509,0.7330,0.6697,0.7525,0.7800,0.7522,0.7636,0.7711,0.7291,0.7744,0.7007,0.7386,0.7592,0,0.2816,-1.2936,-4.3513,2.2937
98,0.1960,0.3701,0.4631,1.2585,-1.2936,-4.3513,0.3906,0.1161,0.1918,0.0000,1.0268,0.9999,0.0001,0.0102,0.0001,-0.0002,-0.0185,-0.0003,-0.0076,0.0054,-0.0015,0.0001,-0.0185,-0.0004,-0.0075,0.0058,0.0001,-0.0000,0.0450,-0.0003,0.0002,0.0353,0.0016,0.0050,-0.0000,0.0450,0.0006,-0.0003,0.0354,0.0016,0.0030,0.0000,0.0136,0.0011,-0.0023,0.0170,0.1015,0.0021,0.0011,-0.0742,-0.0145,-0.0506,-0.0462,-0.1477,0.0005,-0.0814,-0.0185,-0.0428,0.0072,-0.0775,-0.0052,0.0181,0.0324,0.0102,-0.0522,0.0137,0.0060,0.0001,0.0116,-0.0185,-0.0166,-0.0691,0.0141,-0.0169,-0.0002,-1.0000,-1.0000,-1.0000,-1.0000,-1.0000,-1.0000,-1.0000,-1.0000,-1.0000,-1.0000,-1.0000,-1.0000,-1.0000,-1.0000,-1.0000,-1.0000,-1.0000,4.0161,-1.0000,-1.0000,-1.0000,-1.0000,-1.0000,4.0072,-1.0000,-1.0000,-1.0000,4.0860,-1.0000,-1.0000,-1.0000,-1.0000,4.3264,4.1001,-1.0000,4.2924,-1.0000,-1.0000,-1.0000,-1.0000,-1.0000,-1.0000,-1.0000,-1.0000,-1.0000,-1.0000,-1.0000,-1.0000,-1.0000,-1.0000,-1.0000,-1.0000,-1.0000,-1.0000,-1.0000,-1.0000,-1.0000,-1.0000,-1.0000,-1.0000,-1.0000,-1.0000,-1.0000,0.7183,0.7238,0.7168,0.6730,0.7169,0.7633,0.6555,0.7025,0.7477,0.7418,0.7240,0.6605,0.7435,0.7712,0.7435,0.7547,0.7625,0.7203,0.7656,0.6919,0.7302,0.7506,-1.0000,-1.0000,-1.0000,-1.0000,-1.0000,-1.0000,-1.0000,-1.0000,-1.0000,-1.0000,-1.0000,-1.0000,-1.0000,-1.0000,-1.0000,-1.0000,-1.0000,-1.0000,-1.0000,-1.0000,-1.0000,-1.0000,-1.0000,-1.0000,-1.0000,-1.0000,-1.0000,-1.0000,-1.0000,-1.0000,-1.0000,-1.0000,-1.0000,-1.0000,-1.0000,-1.0000,0.7166,0.6890,0.7464,0.7156,0.7299,0.6584,0.4840,0.4993,0.4779,0.5561,0.4249,0.6344,0.5096,0.5227,0.5550,0.5884,0.4337,0.2920,0.3550,0.3192,0.3020,0.3426,0.3680,0.2926,0.3583,0.2976,0.3186,0.2877,0.3514,0.3672,0.3261,0.3252,0.2741,0.2869,0.3165,0.2760,0.3113,0.3006,0.3278,0.3047,0.7080,0.7183,0.7238,0.7168,0.6730,0.7169,0.7633,0.6555,0.7025,0.7477,0.7418,0.7240,0.6605,0.7435,0.7712,0.7435,0.7547,0.7625,0.7203,0.7656,0.6919,0.7302,0.7506,0,0.2741,-1.2936,-4.3513,2.2937
98,0.1960,0.3701,0.4631,1.2585,-1.2936,-4.3513,0.3906,0.1161,0.1918,0.0000,1.0268,0.9999,0.0001,0.0102,0.0001,-0.0002,-0.0185,-0.0003,-0.0076,0.0054,-0.0015,0.0001,-0.0185,-0.0004,-0.0075,0.0058,0.0001,-0.0000,0.0450,-0.0003,0.0002,0.0353,0.0016,0.0050,-0.0000,0.0450,0.0006,-0.0003,0.0354,0.0016,0.0030,0.0000,0.0136,0.0011,-0.0023,0.0170,0.1015,0.0021,0.0011,-0.0742,-0.0145,-0.0506,-0.0462,-0.1477,0.0005,-0.0814,-0.0185,-0.0428,0.0072,-0.0775,-0.0052,0.0181,0.0324,0.0102,-0.0522,0.0137,0.0060,0.0001,0.0116,-0.0185,-0.0166,-0.0691,0.0141,-0.0169,-0.0002,-1.0000,-1.0000,-1.0000,-1.0000,-1.0000,-1.0000,-1.0000,-1.0000,-1.0000,-1.0000,-1.0000,-1.0000,-1.0000,-1.0000,-1.0000,-1.0000,-1.0000,4.0161,-1.0000,-1.0000,-1.0000,-1.0000,-1.0000,4.0072,-1.0000,-1.0000,-1.0000,4.0860,-1.0000,-1.0000,-1.0000,-1.0000,4.3264,4.1001,-1.0000,4.2924,-1.0000,-1.0000,-1.0000,-1.0000,-1.0000,-1.0000,-1.0000,-1.0000,-1.0000,-1.0000,-1.0000,-1.0000,-1.0000,-1.0000,-1.0000,-1.0000,-1.0000,-1.0000,-1.0000,-1.0000,-1.0000,-1.0000,-1.0000,-1.0000,-1.0000,-1.0000,-1.0000,0.7183,0.7238,0.7168,0.6730,0.7169,0.7633,0.6555,0.7025,0.7477,0.7418,0.7240,0.6605,0.7435,0.7712,0.7435,0.7547,0.7625,0.7203,0.7656,0.6919,0.7302,0.7506,-1.0000,-1.0000,-1.0000,-1.0000,-1.0000,-1.0000,-1.0000,-1.0000,-1.0000,-1.0000,-1.0000,-1.0000,-1.0000,-1.0000,-1.0000,-1.0000,-1.0000,-1.0000,-1.0000,-1.0000,-1.0000,-1.0000,-1.0000,-1.0000,-1.0000,-1.0000,-1.0000,-1.0000,-1.0000,-1.0000,-1.0000,-1.0000,-1.0000,-1.0000,-1.0000,-1.0000,0.7166,0.6890,0.7464,0.7156,0.7299,0.6584,0.4840,0.4993,0.4779,0.5561,0.4249,0.6344,0.5096,0.5227,0.5550,0.5884,0.4337,0.2920,0.3550,0.3192,0.3020,0.3426,0.3680,0.2926,0.3583,0.2976,0.3186,0.2877,0.3514,0.3672,0.3261,0.3252,0.2741,0.2869,0.3165,0.2760,0.3113,0.3006,0.3278,0.3047,0.7080,0.7183,0.7238,0.7168,0.6730,0.7169,0.7633,0.6555,0.7025,0.7477,0.7418,0.7240,0.6605,0.7435,0.7712,0.7435,0.7547,0.7625,0.7203,0.7656,0.6919,0.7302,0.7506,0,0.2741,-1.2936,-4.3513,2.2937
99,0.1980,0.3675,0.4544,1.2592,-1.2936,-4.3513,0.3710,0.1161,0.1919,0.0000,1.0268,0.9999,0.0001,0.0103,0.0001,-0.0002,-0.0187,-0.0003,-0.0076,0.0056,-0.0017,0.0001,-0.0187,-0.0004,-0.0076,0.0057,-0.0003,-0.0000,0.0450,-0.0003,0.0003,0.0352,0.0016,0.0050,-0.0000,0.0450,0.0005,-0.0003,0.0353,0.0016,0.0029,0.0000,0.0137,0.0002,-0.0060,-0.0027,0.0981,0.0007,0.0029,-0.0907,0.0089,-0.0335,0.1194,-0.1215,0.0015,-0.0721,0.0118,-0.0466,-0.0370,-0.1964,-0.0017,0.0045,0.0258,0.0130,-0.0660,0.0139,0.0047,0.0002,0.0028,-0.0260,-0.0138,-0.0684,0.0143,-0.0175,-0.0002,-1.0000,-1.0000,-1.0000,-1.0000,-1.0000,-1.0000,-1.0000,-1.0000,-1.0000,-1.0000,-1.0000,-1.0000,-1.0000,-1.0000,-1.0000,-1.0000,-1.0000,4.1641,-1.0000,-1.0000,-1.0000,-1.0000,-1.0000,4.1418,-1.0000,4.0677,-1.0000,4.2308,-1.0000,-1.0000,-1.0000,-1.0000,4.4690,4.2316,-1.0000,4.4452,-1.0000,4.0104,-1.0000,-1.0000,-1.0000,-1.0000,-1.0000,-1.0000,-1.0000,-1.0000,-1.0000,-1.0000,-1.0000,-1.0000,-1.0000,-1.0000,-1.0000,-1.0000,-1.0000,-1.0000,-1.0000,-1.0000,-1.0000,-1.0000,-1.0000,-1.0000,-1.0000,0.7094,0.7148,0.7077,0.6640,0.7078,0.7542,0.6463,0.6935,0.7386,0.7328,0.7149,0.6514,0.7345,0.7625,0.7349,0.7459,0.7538,0.7116,0.7567,0.6832,0.7217,0.7420,-1.0000,-1.0000,-1.0000,-1.0000,-1.0000,-1.0000,-1.0000,-1.0000,-1.0000,-1.0000,-1.0000,-1.0000,-1.0000,-1.0000,-1.0000,-1.0000,-1.0000,-1.0000,-1.0000,-1.0000,-1.0000,-1.0000,-1.0000,-1.0000,-1.0000,-1.0000,-1.0000,-1.0000,-1.0000,-1.0000,-1.0000,-1.0000,-1.0000,-1.0000,-1.0000,-1.0000,0.7100,0.6823,0.7395,0.7090,0.7230,0.6521,0.4753,0.4902,0.4691,0.5472,0.4159,0.6258,0.5010,0.5137,0.5461,0.5797,0.4247,0.2832,0.3472,0.3111,0.2935,0.3339,0.3598,0.2844,0.3494,0.2888,0.3105,0.2794,0.3433,0.3584,0.3182,0.3183,0.2668,0.2793,0.3096,0.2680,0.3041,0.2924,0.3209,0.2977,0.6990,0.7094,0.7148,0.7077,0.6640,0.7078,0.7542,0.6463,0.6935,0.7386,0.7328,0.7149,0.6514,0.7345,0.7625,0.7349,0.7459,0.7538,0.7116,0.7567,0.6832,0.7217,0.7420,0,0.2668,-1.2936,-4.3513,2.2937
99,0.1980,0.3675,0.4544,1.2592,-1.2936,-4.3513,0.3710,0.1161,0.1919,0.0000,1.0268,0.9999,0.0001,0.0103,0.0001,-0.0002,-0.0187,-0.0003,-0.0076,0.0056,-0.0017,0.0001,-0.0187,-0.0004,-0.0076,0.0057,-0.0003,-0.0000,0.0450,-0.0003,0.0003,0.0352,0.0016,0.0050,-0.0000,0.0450,0.0005,-0.0003,0.0353,0.0016,0.0029,0.0000,0.0137,0.0002,-0.0060,-0.0027,0.0981,0.0007,0.0029,-0.0907,0.0089,-0.0335,0.1194,-0.1215,0.0015,-0.0721,0.0118,-0.0466,-0.0370,-0.1964,-0.0017,0.0045,0.0258,0.0130,-0.0660,0.0139,0.0047,0.0002,0.0028,-0.0260,-0.0138,-0.0684,0.0143,-0.0175,-0.0002,-1.0000,-1.0000,-1.0000,-1.0000,-1.0000,-1.0000,-1.0000,-1.0000,-1.0000,-1.0000,-1.0000,-1.0000,-1.0000,-1.0000,-1.0000,-1.0000,-1.0000,4.1641,-1.0000,-1.0000,-1.0000,-1.0000,-1.0000,4.1418,-1.0000,4.0677,-1.0000,4.2308,-1.0000,-1.0000,-1.0000,-1.0000,4.4690,4.2316,-1.0000,4.4452,-1.0000,4.0104,-1.0000,-1.0000,-1.0000,-1.0000,-1.0000,-1.0000,-1.0000,-1.0000,-1.0000,-1.0000,-1.0000,-1.0000,-1.0000,-1.0000,-1.0000,-1.0000,-1.0000,-1.0000,-1.0000,-1.0000,-1.0000,-1.0000,-1.0000,-1.0000,-1.0000,0.7094,0.7148,0.7077,0.6640,0.7078,0.7542,0.6463,0.6935,0.7386,0.7328,0.7149,0.6514,0.7345,0.7625,0.7349,0.7459,0.7538,0.7116,0.7567,0.6832,0.7217,0.7420,-1.0000,-1.0000,-1.0000,-1.0000,-1.0000,-1.0000,-1.0000,-1.0000,-1.0000,-1.0000,-1.0000,-1.0000,-1.0000,-1.0000,-1.0000,-1.0000,-1.0000,-1.0000,-1.0000,-1.0000,-1.0000,-1.0000,-1.0000,-1.0000,-1.0000,-1.0000,-1.0000,-1.0000,-1.0000,-1.0000,-1.0000,-1.0000,-1.0000,-1.0000,-1.0000,-1.0000,0.7100,0.6823,0.7395,0.7090,0.7230,0.6521,0.4753,0.4902,0.4691,0.5472,0.4159,0.6258,0.5010,0.5137,0.5461,0.5797,0.4247,0.2832,0.3472,0.3111,0.2935,0.3339,0.3598,0.2844,0.3494,0.2888,0.3105,0.2794,0.3433,0.3584,0.3182,0.3183,0.2668,0.2793,0.3096,0.2680,0.3041,0.2924,0.3209,0.2977,0.6990,0.7094,0.7148,0.7077,0.6640,0.7078,0.7542,0.6463,0.6935,0.7386,0.7328,0.7149,0.6514,0.7345,0.7625,0.7349,0.7459,0.7538,0.7116,0.7567,0.6832,0.7217,0.7420,0,0.2668,-1.2936,-4.3513,2.2937
100,0.2000,0.3649,0.4457,1.2599,-1.2936,-4.3513,0.3513,0.1161,0.1919,0.0000,1.0268,0.9999,0.0001,0.0104,0.0001,-0.0002,-0.0189,-0.0003,-0.0077,0.0059,-0.0018,0.0001,-0.0188,-0.0004,-0.0077,0.0056,-0.0007,-0.0000,0.0450,-0.0002,0.0003,0.0351,0.0016,0.0050,-0.0000,0.0450,0.0005,-0.0003,0.0352,0.0017,0.0029,0.0000,0.0138,0.0005,-0.0029,0.0019,0.0969,0.0007,0.0025,-0.0881,-0.0000,-0.0341,0.1078,-0.0571,0.0013,-0.0678,0.0080,-0.0483,-0.0652,-0.2342,-0.0022,-0.0032,0.0274,0.0123,-0.0596,0.0139,0.0040,0.0002,-0.0061,-0.0246,-0.0142,-0.0652,0.0143,-0.0180,-0.0002,-1.0000,-1.0000,-1.0000,-1.0000,-1.0000,-1.0000,-1.0000,-1.0000,-1.0000,-1.0000,-1.0000,-1.0000,-1.0000,-1.0000,-1.0000,-1.0000,-1.0000,4.3230,-1.0000,-1.0000,4.1327,-1.0000,-1.0000,4.2846,-1.0000,4.2172,-1.0000,4.3854,-1.0000,-1.0000,-1.0000,-1.0000,4.6193,4.3701,-1.0000,4.6080,-1.0000,4.1472,-1.0000,4.0345,-1.0000,-1.0000,-1.0000,-1.0000,-1.0000,-1.0000,-1.0000,-1.0000,-1.0000,-1.0000,-1.0000,-1.0000,-1.0000,-1.0000,-1.0000,-1.0000,-1.0000,-1.0000,-1.0000,-1.0000,-1.0000,-1.0000,-1.0000,0.7006,0.7058,0.6987,0.6549,0.6987,0.7451,0.6372,0.6845,0.7295,0.7237,0.7058,0.6423,0.7255,0.7537,0.7263,0.7371,0.7452,0.7029,0.7479,0.6744,0.7132,0.7334,-1.0000,-1.0000,-1.0000,-1.0000,-1.0000,-1.0000,-1.0000,-1.0000,-1.0000,-1.0000,-1.0000,-1.0000,-1.0000,-1.0000,-1.0000,-1.0000,-1.0000,-1.0000,-1.0000,-1.0000,-1.0000,-1.0000,-1.0000,-1.0000,-1.0000,-1.0000,-1.0000,-1.0000,-1.0000,-1.0000,-1.0000,-1.0000,-1.0000,-1.0000,-1.0000,-1.0000,0.7034,0.6757,0.7326,0.7023,0.7162,0.6458,0.4667,0.4812,0.4603,0.5383,0.4070,0.6172,0.4924,0.5047,0.5372,0.5710,0.4156,0.2743,0.3394,0.3030,0.2850,0.3251,0.3515,0.2764,0.3405,0.2801,0.3024,0.2710,0.3352,0.3496,0.3104,0.3115,0.2595,0.2718,0.3029,0.2600,0.2969,0.2841,0.3140,0.2909,0.6899,0.7006,0.7058,0.6987,0.6549,0.6987,0.7451,0.6372,0.6845,0.7295,0.7237,0.7058,0.6423,0.7255,0.7537,0.7263,0.7371,0.7452,0.7029,0.7479,0.6744,0.7132,0.7334,0,0.2595,-1.2936,-4.3513,2.2937
101,0.2020,0.3623,0.4370,1.2606,-1.2936,-4.3513,0.3317,0.1161,0.1919,0.0000,1.0268,0.9999,0.0001,0.0105,0.0001,-0.0001,-0.0191,-0.0003,-0.0078,0.0060,-0.0016,0.0001,-0.0189,-0.0003,-0.0078,0.0055,-0.0011,-0.0000,0.0450,-0.0002,0.0003,0.0349,0.0016,0.0050,-0.0000,0.0450,0.0004,-0.0004,0.0350,0.0017,0.0029,0.0000,0.0139,-0.0006,-0.0021,-0.0141,0.0951,-0.0005,0.0025,-0.0837,0.0119,-0.0344,0.0812,0.1132,0.0014,-0.0683,0.0248,-0.0465,-0.0409,-0.1593,0.0006,-0.0143,0.0231,0.0145,-0.0643,0.0141,0.0029,0.0002,-0.0133,-0.0294,-0.0118,-0.0585,0.0145,-0.0183,-0.0002,-1.0000,-1.0000,-1.0000,-1.0000,-1.0000,-1.0000,-1.0000,-1.0000,-1.0000,-1.0000,-1.0000,-1.0000,-1.0000,-1.0000,-1.0000,-1.0000,-1.0000,4.4939,-1.0000,-1.0000,4.2820,-1.0000,-1.0000,4.4360,-1.0000,4.3777,-1.0000,4.5507,-1.0000,-1.0000,-1.0000,-1.0000,4.7779,4.5165,-1.0000,4.7819,4.0510,4.2929,-1.0000,4.1473,-1.0000,-1.0000,-1.0000,-1.0000,-1.0000,-1.0000,-1.0000,-1.0000,-1.0000,-1.0000,-1.0000,-1.0000,-1.0000,-1.0000,-1.0000,-1.0000,-1.0000,-1.0000,-1.0000,-1.0000,-1.0000,-1.0000,-1.0000,0.6917,0.6969,0.6897,0.6459,0.6896,0.7360,0.6281,0.6755,0.7204,0.7146,0.6968,0.6332,0.7165,0.7450,0.7176,0.7283,0.7365,0.6942,0.7391,0.6657,0.7047,0.7249,-1.0000,-1.0000,-1.0000,-1.0000,-1.0000,-1.0000,-1.0000,-1.0000,-1.0000,-1.0000,-1.0000,-1.0000,-1.0000,-1.0000,-1.0000,-1.0000,-1.0000,-1.0000,-1.0000,-1.0000,-1.0000,-1.0000,-1.0000,-1.0000,-1.0000,-1.0000,-1.0000,-1.0000,-1.0000,-1.0000,-1.0000,-1.0000,-1.0000,-1.0000,-1.0000,-1.0000,0.6970,0.6692,0.7258,0.6958,0.7095,0.6396,0.4580,0.4721,0.4516,0.5293,0.3980,0.6086,0.4838,0.4957,0.5283,0.5623,0.4065,0.2655,0.3318,0.2950,0.2765,0.3164,0.3434,0.2684,0.3316,0.2714,0.2944,0.2628,0.3271,0.3408,0.3027,0.3049,0.2523,0.2644,0.2963,0.2521,0.2899,0.2759,0.3072,0.2841,0.6809,0.6917,0.6969,0.6897,0.6459,0.6896,0.7360,0.6281,0.6755,0.7204,0.7146,0.6968,0.6332,0.7165,0.7450,0.7176,0.7283,0.7365,0.6942,0.7391,0.6657,0.7047,0.7249,0,0.2521,-1.2936,-4.3513,2.2937
101,0.2020,0.3623,0.4370,1.2606,-1.2936,-4.3513,0.3317,0.1161,0.1919,0.0000,1.0268,0.9999,0.0001,0.0105,0.0001,-0.0001,-0.0191,-0.0003,-0.0078,0.0060,-0.0016,0.0001,-0.0189,-0.0003,-0.0078,0.0055,-0.0011,-0.0000,0.0450,-0.0002,0.0003,0.0349,0.0016,0.0050,-0.0000,0.0450,0.0004,-0.0004,0.0350,0.0017,0.0029,0.0000,0.0139,-0.0006,-0.0021,-0.0141,0.0951,-0.0005,0.0025,-0.0837,0.0119,-0.0344,0.0812,0.1132,0.0014,-0.0683,0.0248,-0.0465,-0.0409,-0.1593,0.0006,-0.0143,0.0231,0.0145,-0.0643,0.0141,0.0029,0.0002,-0.0133,-0.0294,-0.0118,-0.0585,0.0145,-0.0183,-0.0002,-1.0000,-1.0000,-1.0000,-1.0000,-1.0000,-1.0000,-1.0000,-1.0000,-1.0000,-1.0000,-1.0000,-1.0000,-1.0000,-1.0000,-1.0000,-1.0000,-1.0000,4.4939,-1.0000,-1.0000,4.2820,-1.0000,-1.0000,4.4360,-1.0000,4.3777,-1.0000,4.5507,-1.0000,-1.0000,-1.0000,-1.0000,4.7779,4.5165,-1.0000,4.7819,4.0510,4.2929,-1.0000,4.1473,-1.0000,-1.0000,-1.0000,-1.0000,-1.0000,-1.0000,-1.0000,-1.0000,-1.0000,-1.0000,-1.0000,-1.0000,-1.0000,-1.0000,-1.0000,-1.0000,-1.0000,-1.0000,-1.0000,-1.0000,-1.0000,-1.0000,-1.0000,0.6917,0.6969,0.6897,0.6459,0.6896,0.7360,0.6281,0.6755,0.7204,0.7146,0.6968,0.6332,0.7165,0.7450,0.7176,0.7283,0.7365,0.6942,0.7391,0.6657,0.7047,0.7249,-1.0000,-1.0000,-1.0000,-1.0000,-1.0000,-1.0000,-1.0000,-1.0000,-1.0000,-1.0000,-1.0000,-1.0000,-1.0000,-1.0000,-1.0000,-1.0000,-1.0000,-1.0000,-1.0000,-1.0000,-1.0000,-1.0000,-1.0000,-1.0000,-1.0000,-1.0000,-1.0000,-1.0000,-1.0000,-1.0000,-1.0000,-1.0000,-1.0000,-1.0000,-1.0000,-1.0000,0.6970,0.6692,0.7258,0.6958,0.7095,0.6396,0.4580,0.4721,0.4516,0.5293,0.3980,0.6086,0.4838,0.4957,0.5283,0.5623,0.4065,0.2655,0.3318,0.2950,0.2765,0.3164,0.3434,0.2684,0.3316,0.2714,0.2944,0.2628,0.3271,0.3408,0.3027,0.3049,0.2523,0.2644,0.2963,0.2521,0.2899,0.2759,0.3072,0.2841,0.6809,0.6917,0.6969,0.6897,0.6459,0.6896,0.7360,0.6281,0.6755,0.7204,0.7146,0.6968,0.6332,0.7165,0.7450,0.7176,0.7283,0.7365,0.6942,0.7391,0.6657,0.7047,0.7249,0,0.2521,-1.2936,-4.3513,2.2937
102,0.2040,0.3597,0.4283,1.2612,-1.2936,-4.3513,0.3121,0.1161,0.1919,0.0000,1.0268,0.9999,0.0001,0.0106,0.0001,-0.0001,-0.0192,-0.0002,-0.0079,0.0061,-0.0015,0.0001,-0.0191,-0.0003,-0.0078,0.0055,-0.0013,-0.0000,0.0449,-0.0001,0.0003,0.0348,0.0017,0.0050,-0.0000,0.0449,0.0004,-0.0004,0.0349,0.0017,0.0028,0.0000,0.0140,-0.0008,0.0005,-0.0172,0.0937,-0.0008,0.0028,-0.0780,0.0184,-0.0367,0.0431,0.0595,0.0011,-0.0690,0.0258,-0.0446,-0.0215,-0.0965,0.0011,-0.0229,0.0222,0.0146,-0.0612,0.0142,0.0021,0.0002,-0.0212,-0.0305,-0.0113,-0.0535,0.0146,-0.0186,-0.0002,-1.0000,-1.0000,-1.0000,-1.0000,-1.0000,-1.0000,-1.0000,-1.0000,-1.0000,-1.0000,-1.0000,-1.0000,-1.0000,-1.0000,-1.0000,-1.0000,-1.0000,4.6781,-1.0000,4.0969,4.4414,-1.0000,-1.0000,4.5968,-1.0000,4.5505,4.1072,4.7278,-1.0000,-1.0000,-1.0000,-1.0000,4.9452,4.6709,4.0523,4.9676,4.1686,4.4484,-1.0000,4.2645,-1.0000,-1.0000,-1.0000,-1.0000,-1.0000,-1.0000,-1.0000,-1.0000,-1.0000,-1.0000,-1.0000,-1.0000,-1.0000,-1.0000,-1.0000,-1.0000,-1.0000,-1.0000,-1.0000,-1.0000,-1.0000,-1.0000,-1.0000,0.6829,0.6879,0.6807,0.6368,0.6804,0.7269,0.6190,0.6665,0.7113,0.7056,0.6877,0.6241,0.7075,0.7362,0.7090,0.7194,0.7279,0.6855,0.7302,0.6569,0.6962,0.7163,-1.0000,-1.0000,-1.0000,-1.0000,-1.0000,-1.0000,-1.0000,-1.0000,-1.0000,-1.0000,-1.0000,-1.0000,-1.0000,-1.0000,-1.0000,-1.0000,-1.0000,-1.0000,-1.0000,-1.0000,-1.0000,-1.0000,-1.0000,-1.0000,-1.0000,-1.0000,-1.0000,-1.0000,-1.0000,-1.0000,-1.0000,-1.0000,-1.0000,-1.0000,-1.0000,-1.0000,0.6906,0.6628,0.7191,0.6894,0.7029,0.6335,0.4494,0.4631,0.4429,0.5204,0.3891,0.6000,0.4752,0.4867,0.5194,0.5536,0.3974,0.2568,0.3243,0.2871,0.2682,0.3078,0.3352,0.2605,0.3227,0.2628,0.2865,0.2545,0.3191,0.3320,0.2950,0.2983,0.2452,0.2571,0.2898,0.2443,0.2829,0.2678,0.3006,0.2775,0.6718,0.6829,0.6879,0.6807,0.6368,0.6804,0.7269,0.6190,0.6665,0.7113,0.7056,0.6877,0.6241,0.7075,0.7362,0.7090,0.7194,0.7279,0.6855,0.7302,0.6569,0.6962,0.7163,0,0.2443,-1.2936,-4.3513,2.2937
103,0.2060,0.3571,0.4196,1.2618,-1.2936,-4.3513,0.2925,0.1161,0.1920,0.0000,1.0268,0.9999,0.0001,0.0107,0.0001,-0.0001,-0.0194,-0.0002,-0.0079,0.0061,-0.0015,0.0001,-0.0193,-0.0003,-0.0079,0.0057,-0.0014,-0.0000,0.0449,-0.0000,0.0004,0.0347,0.0017,0.0050,-0.0000,0.0449,0.0003,-0.0004,0.0348,0.0018,0.0028,0.0000,0.0142,0.0004,-0.0026,0.0051,0.0904,0.0010,0.0022,-0.0695,-0.0068,-0.0400,0.0031,0.0014,0.0012,-0.0843,-0.0032,-0.0283,0.1356,-0.0715,-0.0030,-0.0307,0.0298,0.0114,-0.0584,0.0141,0.0014,0.0002,-0.0343,-0.0235,-0.0144,-0.0671,0.0144,-0.0196,-0.0003,-1.0000,-1.0000,-1.0000,-1.0000,-1.0000,-1.0000,-1.0000,-1.0000,-1.0000,-1.0000,-1.0000,-1.0000,-1.0000,-1.0000,-1.0000,-1.0000,-1.0000,4.8772,-1.0000,4.2323,4.6116,-1.0000,-1.0000,4.7674,-1.0000,4.7369,4.2444,4.9179,-1.0000,-1.0000,4.0923,4.0184,5.1216,4.8340,4.1601,5.1664,4.2913,4.6146,-1.0000,4.3863,-1.0000,-1.0000,-1.0000,-1.0000,-1.0000,-1.0000,-1.0000,-1.0000,-1.0000,-1.0000,-1.0000,-1.0000,-1.0000,-1.0000,-1.0000,-1.0000,-1.0000,-1.0000,-1.0000,-1.0000,-1.0000,-1.0000,-1.0000,0.6741,0.6790,0.6716,0.6278,0.6713,0.7178,0.6099,0.6575,0.7022,0.6965,0.6787,0.6150,0.6985,0.7275,0.7004,0.7106,0.7192,0.6768,0.7214,0.6482,0.6878,0.7077,-1.0000,-1.0000,-1.0000,-1.0000,-1.0000,-1.0000,-1.0000,-1.0000,-1.0000,-1.0000,-1.0000,-1.0000,-1.0000,-1.0000,-1.0000,-1.0000,-1.0000,-1.0000,-1.0000,-1.0000,-1.0000,-1.0000,-1.0000,-1.0000,-1.0000,-1.0000,-1.0000,-1.0000,-1.0000,-1.0000,-1.0000,-1.0000,-1.0000,-1.0000,-1.0000,-1.0000,0.6844,0.6565,0.7124,0.6830,0.6963,0.6275,0.4408,0.4541,0.4342,0.5115,0.3801,0.5914,0.4666,0.4777,0.5105,0.5450,0.3883,0.2480,0.3169,0.2793,0.2598,0.2992,0.3272,0.2528,0.3139,0.2541,0.2786,0.2463,0.3112,0.3232,0.2874,0.2919,0.2383,0.2499,0.2834,0.2366,0.2760,0.2597,0.2940,0.2710,0.6628,0.6741,0.6790,0.6716,0.6278,0.6713,0.7178,0.6099,0.6575,0.7022,0.6965,0.6787,0.6150,0.6985,0.7275,0.7004,0.7106,0.7192,0.6768,0.7214,0.6482,0.6878,0.7077,0,0.2366,-1.2936,-4.3513,2.2937
103,0.2060,0.3571,0.4196,1.2618,-1.2936,-4.3513,0.2925,0.1161,0.1920,0.0000,1.0268,0.9999,0.0001,0.0107,0.0001,-0.0001,-0.0194,-0.0002,-0.0079,0.0061,-0.0015,0.0001,-0.0193,-0.0003,-0.0079,0.0057,-0.0014,-0.0000,0.0449,-0.0000,0.0004,0.0347,0.0017,0.0050,-0.0000,0.0449,0.0003,-0.0004,0.0348,0.0018,0.0028,0.0000,0.0142,0.0004,-0.0026,0.0051,0.0904,0.0010,0.0022,-0.0695,-0.0068,-0.0400,0.0031,0.0014,0.0012,-0.0843,-0.0032,-0.0283,0.1356,-0.0715,-0.0030,-0.0307,0.0298,0.0114,-0.0584,0.0141,0.0014,0.0002,-0.0343,-0.0235,-0.0144,-0.0671,0.0144,-0.0196,-0.0003,-1.0000,-1.0000,-1.0000,-1.0000,-1.0000,-1.0000,-1.0000,-1.0000,-1.0000,-1.0000,-1.0000,-1.0000,-1.0000,-1.0000,-1.0000,-1.0000,-1.0000,4.8772,-1.0000,4.2323,4.6116,-1.0000,-1.0000,4.7674,-1.0000,4.7369,4.2444,4.9179,-1.0000,-1.0000,4.0923,4.0184,5.1216,4.8340,4.1601,5.1664,4.2913,4.6146,-1.0000,4.3863,-1.0000,-1.0000,-1.0000,-1.0000,-1.0000,-1.0000,-1.0000,-1.0000,-1.0000,-1.0000,-1.0000,-1.0000,-1.0000,-1.0000,-1.0000,-1.0000,-1.0000,-1.0000,-1.0000,-1.0000,-1.0000,-1.0000,-1.0000,0.6741,0.6790,0.6716,0.6278,0.6713,0.7178,0.6099,0.6575,0.7022,0.6965,0.6787,0.6150,0.6985,0.7275,0.7004,0.7106,0.7192,0.6768,0.7214,0.6482,0.6878,0.7077,-1.0000,-1.0000,-1.0000,-1.0000,-1.0000,-1.0000,-1.0000,-1.0000,-1.0000,-1.0000,-1.0000,-1.0000,-1.0000,-1.0000,-1.0000,-1.0000,-1.0000,-1.0000,-1.0000,-1.0000,-1.0000,-1.0000,-1.0000,-1.0000,-1.0000,-1.0000,-1.0000,-1.0000,-1.0000,-1.0000,-1.0000,-1.0000,-1.0000,-1.0000,-1.0000,-1.0000,0.6844,0.6565,0.7124,0.6830,0.6963,0.6275,0.4408,0.4541,0.4342,0.5115,0.3801,0.5914,0.4666,0.4777,0.5105,0.5450,0.3883,0.2480,0.3169,0.2793,0.2598,0.2992,0.3272,0.2528,0.3139,0.2541,0.2786,0.2463,0.3112,0.3232,0.2874,0.2919,0.2383,0.2499,0.2834,0.2366,0.2760,0.2597,0.2940,0.2710,0.6628,0.6741,0.6790,0.6716,0.6278,0.6713,0.7178,0.6099,0.6575,0.7022,0.6965,0.6787,0.6150,0.6985,0.7275,0.7004,0.7106,0.7192,0.6768,0.7214,0.6482,0.6878,0.7077,0,0.2366,-1.2936,-4.3513,2.2937
104,0.2080,0.3546,0.4109,1.2623,-1.2936,-4.3513,0.2729,0.1161,0.1920,0.0000,1.0268,0.9999,0.0001,0.0108,0.0001,-0.0001,-0.0195,-0.0003,-0.0080,0.0061,-0.0016,0.0001,-0.0194,-0.0003,-0.0080,0.0059,-0.0012,-0.0000,0.0448,0.0000,0.0004,0.0346,0.0017,0.0050,-0.0000,0.0448,0.0003,-0.0004,0.0347,0.0018,0.0028,0.0000,0.0143,0.0007,-0.0030,0.0132,0.0884,0.0016,0.0019,-0.0636,-0.0142,-0.0421,-0.0288,-0.0508,0.0004,-0.0792,-0.0222,-0.0289,0.1033,0.1141,-0.0044,-0.0389,0.0330,0.0103,-0.0564,0.0141,0.0006,0.0002,-0.0444,-0.0206,-0.0152,-0.0706,0.0144,-0.0202,-0.0003,-1.0000,-1.0000,-1.0000,-1.0000,-1.0000,-1.0000,-1.0000,-1.0000,-1.0000,-1.0000,-1.0000,-1.0000,-1.0000,-1.0000,-1.0000,-1.0000,-1.0000,5.0927,-1.0000,4.3748,4.7934,4.0388,-1.0000,4.9486,-1.0000,4.9385,4.3895,5.1221,-1.0000,-1.0000,4.2224,4.1233,5.3078,5.0063,4.2716,5.3796,4.4194,4.7925,4.0898,4.5127,-1.0000,-1.0000,-1.0000,-1.0000,-1.0000,-1.0000,-1.0000,-1.0000,-1.0000,-1.0000,-1.0000,-1.0000,-1.0000,-1.0000,-1.0000,-1.0000,-1.0000,-1.0000,-1.0000,-1.0000,-1.0000,-1.0000,-1.0000,0.6653,0.6701,0.6627,0.6188,0.6622,0.7087,0.6008,0.6485,0.6931,0.6875,0.6696,0.6059,0.6895,0.7187,0.6918,0.7018,0.7106,0.6680,0.7125,0.6394,0.6793,0.6991,-1.0000,-1.0000,-1.0000,-1.0000,-1.0000,-1.0000,-1.0000,-1.0000,-1.0000,-1.0000,-1.0000,-1.0000,-1.0000,-1.0000,-1.0000,-1.0000,-1.0000,-1.0000,-1.0000,-1.0000,-1.0000,-1.0000,-1.0000,-1.0000,-1.0000,-1.0000,-1.0000,-1.0000,-1.0000,-1.0000,-1.0000,-1.0000,-1.0000,-1.0000,-1.0000,-1.0000,0.6782,0.6502,0.7059,0.6768,0.6899,0.6216,0.4322,0.4450,0.4256,0.5026,0.3712,0.5829,0.4581,0.4688,0.5016,0.5364,0.3793,0.2394,0.3096,0.2716,0.2516,0.2906,0.3192,0.2451,0.3051,0.2455,0.2708,0.2382,0.3033,0.3145,0.2798,0.2855,0.2314,0.2428,0.2771,0.2289,0.2693,0.2517,0.2875,0.2646,0.6537,0.6653,0.6701,0.6627,0.6188,0.6622,0.7087,0.6008,0.6485,0.6931,0.6875,0.6696,0.6059,0.6895,0.7187,0.6918,0.7018,0.7106,0.6680,0.7125,0.6394,0.6793,0.6991,0,0.2289,-1.2936,-4.3513,2.2937
105,0.2100,0.3520,0.4022,1.2628,-1.2936,-4.3513,0.2532,0.1161,0.1920,0.0000,1.0268,0.9999,0.0001,0.0109,0.0001,-0.0001,-0.0196,-0.0003,-0.0081,0.0060,-0.0013,0.0001,-0.0196,-0.0003,-0.0080,0.0061,-0.0011,-0.0000,0.0447,0.0001,0.0004,0.0345,0.0018,0.0050,-0.0000,0.0447,0.0002,-0.0005,0.0345,0.0018,0.0027,0.0000,0.0144,-0.0001,-0.0031,0.0005,0.0865,0.0008,0.0016,-0.0619,-0.0065,-0.0405,-0.0296,0.1213,0.0005,-0.0720,-0.0032,-0.0322,0.0582,0.0542,-0.0022,-0.0493,0.0291,0.0121,-0.0613,0.0142,-0.0005,0.0002,-0.0517,-0.0246,-0.0131,-0.0661,0.0145,-0.0205,-0.0003,-1.0000,-1.0000,-1.0000,-1.0000,-1.0000,-1.0000,-1.0000,-1.0000,-1.0000,-1.0000,-1.0000,-1.0000,-1.0000,-1.0000,-1.0000,-1.0000,-1.0000,5.3265,-1.0000,4.5247,4.9879,4.1825,-1.0000,5.1409,-1.0000,5.1571,4.5431,5.3420,-1.0000,-1.0000,4.3595,4.2316,5.5039,5.1883,4.3868,5.6083,4.5528,4.9832,4.1988,4.6438,-1.0000,-1.0000,-1.0000,-1.0000,-1.0000,-1.0000,-1.0000,-1.0000,-1.0000,-1.0000,-1.0000,-1.0000,-1.0000,-1.0000,-1.0000,-1.0000,-1.0000,-1.0000,-1.0000,-1.0000,-1.0000,-1.0000,-1.0000,0.6565,0.6612,0.6537,0.6098,0.6532,0.6996,0.5918,0.6395,0.6840,0.6784,0.6605,0.5968,0.6805,0.7100,0.6832,0.6929,0.7019,0.6593,0.7037,0.6307,0.6708,0.6905,-1.0000,-1.0000,-1.0000,-1.0000,-1.0000,-1.0000,-1.0000,-1.0000,-1.0000,-1.0000,-1.0000,-1.0000,-1.0000,-1.0000,-1.0000,-1.0000,-1.0000,-1.0000,-1.0000,-1.0000,-1.0000,-1.0000,-1.0000,-1.0000,-1.0000,-1.0000,-1.0000,-1.0000,-1.0000,-1.0000,-1.0000,-1.0000,-1.0000,-1.0000,-1.0000,-1.0000,0.6721,0.6441,0.6994,0.6706,0.6835,0.6158,0.4236,0.4360,0.4170,0.4938,0.3623,0.5745,0.4497,0.4598,0.4927,0.5279,0.3702,0.2307,0.3024,0.2640,0.2435,0.2821,0.3113,0.2375,0.2963,0.2369,0.2631,0.2302,0.2955,0.3057,0.2724,0.2793,0.2247,0.2357,0.2710,0.2213,0.2626,0.2437,0.2812,0.2583,0.6447,0.6565,0.6612,0.6537,0.6098,0.6532,0.6996,0.5918,0.6395,0.6840,0.6784,0.6605,0.5968,0.6805,0.7100,0.6832,0.6929,0.7019,0.6593,0.7037,0.6307,0.6708,0.6905,0,0.2213,-1.2936,-4.3513,2.2937
105,0.2100,0.3520,0.4022,1.2628,-1.2936,-4.3513,0.2532,0.1161,0.1920,0.0000,1.0268,0.9999,0.0001,0.0109,0.0001,-0.0001,-0.0196,-0.0003,-0.0081,0.0060,-0.0013,0.0001,-0.0196,-0.0003,-0.0080,0.0061,-0.0011,-0.0000,0.0447,0.0001,0.0004,0.0345,0.0018,0.0050,-0.0000,0.0447,0.0002,-0.0005,0.0345,0.0018,0.0027,0.0000,0.0144,-0.0001,-0.0031,0.0005,0.0865,0.0008,0.0016,-0.0619,-0.0065,-0.0405,-0.0296,0.1213,0.0005,-0.0720,-0.0032,-0.0322,0.0582,0.0542,-0.0022,-0.0493,0.0291,0.0121,-0.0613,0.0142,-0.0005,0.0002,-0.0517,-0.0246,-0.0131,-0.0661,0.0145,-0.0205,-0.0003,-1.0000,-1.0000,-1.0000,-1.0000,-1.0000,-1.0000,-1.0000,-1.0000,-1.0000,-1.0000,-1.0000,-1.0000,-1.0000,-1.0000,-1.0000,-1.0000,-1.0000,5.3265,-1.0000,4.5247,4.9879,4.1825,-1.0000,5.1409,-1.0000,5.1571,4.5431,5.3420,-1.0000,-1.0000,4.3595,4.2316,5.5039,5.1883,4.3868,5.6083,4.5528,4.9832,4.1988,4.6438,-1.0000,-1.0000,-1.0000,-1.0000,-1.0000,-1.0000,-1.0000,-1.0000,-1.0000,-1.0000,-1.0000,-1.0000,-1.0000,-1.0000,-1.0000,-1.0000,-1.0000,-1.0000,-1.0000,-1.0000,-1.0000,-1.0000,-1.0000,0.6565,0.6612,0.6537,0.6098,0.6532,0.6996,0.5918,0.6395,0.6840,0.6784,0.6605,0.5968,0.6805,0.7100,0.6832,0.6929,0.7019,0.6593,0.7037,0.6307,0.6708,0.6905,-1.0000,-1.0000,-1.0000,-1.0000,-1.0000,-1.0000,-1.0000,-1.0000,-1.0000,-1.0000,-1.0000,-1.0000,-1.0000,-1.0000,-1.0000,-1.0000,-1.0000,-1.0000,-1.0000,-1.0000,-1.0000,-1.0000,-1.0000,-1.0000,-1.0000,-1.0000,-1.0000,-1.0000,-1.0000,-1.0000,-1.0000,-1.0000,-1.0000,-1.0000,-1.0000,-1.0000,0.6721,0.6441,0.6994,0.6706,0.6835,0.6158,0.4236,0.4360,0.4170,0.4938,0.3623,0.5745,0.4497,0.4598,0.4927,0.5279,0.3702,0.2307,0.3024,0.2640,0.2435,0.2821,0.3113,0.2375,0.2963,0.2369,0.2631,0.2302,0.2955,0.3057,0.2724,0.2793,0.2247,0.2357,0.2710,0.2213,0.2626,0.2437,0.2812,0.2583,0.6447,0.6565,0.6612,0.6537,0.6098,0.6532,0.6996,0.5918,0.6395,0.6840,0.6784,0.6605,0.5968,0.6805,0.7100,0.6832,0.6929,0.7019,0.6593,0.7037,0.6307,0.6708,0.6905,0,0.2213,-1.2936,-4.3513,2.2937
106,0.2120,0.3494,0.3935,1.2633,-1.2936,-4.3513,0.2336,0.1161,0.1921,0.0000,1.0267,0.9999,0.0001,0.0110,0.0001,-0.0001,-0.0197,-0.0003,-0.0082,0.0059,-0.0008,0.0001,-0.0197,-0.0003,-0.0081,0.0061,-0.0011,-0.0000,0.0446,0.0001,0.0004,0.0343,0.0018,0.0050,-0.0000,0.0446,0.0002,-0.0005,0.0344,0.0019,0.0027,0.0000,0.0145,-0.0009,-0.0036,-0.0121,0.0845,-0.0001,0.0012,-0.0601,0.0017,-0.0387,-0.0301,0.2797,0.0008,-0.0653,0.0154,-0.0350,0.0188,-0.0027,0.0000,-0.0597,0.0254,0.0137,-0.0666,0.0143,-0.0016,0.0003,-0.0590,-0.0285,-0.0111,-0.0623,0.0147,-0.0208,-0.0003,-1.0000,-1.0000,-1.0000,-1.0000,-1.0000,-1.0000,-1.0000,-1.0000,-1.0000,-1.0000,-1.0000,-1.0000,-1.0000,-1.0000,-1.0000,-1.0000,-1.0000,5.5815,-1.0000,4.6827,5.1966,4.3358,-1.0000,5.3453,4.0890,5.3951,4.7057,5.5792,4.0864,-1.0000,4.5038,4.3430,5.7101,5.3801,4.5053,5.8539,4.6916,5.1880,4.3113,4.7793,-1.0000,-1.0000,-1.0000,-1.0000,-1.0000,-1.0000,-1.0000,-1.0000,-1.0000,-1.0000,-1.0000,-1.0000,-1.0000,-1.0000,-1.0000,-1.0000,-1.0000,-1.0000,-1.0000,-1.0000,-1.0000,-1.0000,-1.0000,0.6478,0.6523,0.6447,0.6008,0.6441,0.6905,0.5827,0.6305,0.6749,0.6694,0.6515,0.5876,0.6715,0.7013,0.6745,0.6841,0.6933,0.6506,0.6948,0.6220,0.6624,0.6819,-1.0000,-1.0000,-1.0000,-1.0000,-1.0000,-1.0000,-1.0000,-1.0000,-1.0000,-1.0000,-1.0000,-1.0000,-1.0000,-1.0000,-1.0000,-1.0000,-1.0000,-1.0000,-1.0000,-1.0000,-1.0000,-1.0000,-1.0000,-1.0000,-1.0000,-1.0000,-1.0000,-1.0000,-1.0000,-1.0000,-1.0000,-1.0000,-1.0000,-1.0000,-1.0000,-1.0000,0.6662,0.6381,0.6930,0.6646,0.6773,0.6102,0.4151,0.4270,0.4085,0.4849,0.3534,0.5661,0.4413,0.4509,0.4838,0.5194,0.3612,0.2222,0.2954,0.2566,0.2354,0.2736,0.3034,0.2301,0.2876,0.2284,0.2555,0.2222,0.2877,0.2971,0.2650,0.2733,0.2181,0.2289,0.2650,0.2138,0.2562,0.2358,0.2750,0.2522,0.6357,0.6478,0.6523,0.6447,0.6008,0.6441,0.6905,0.5827,0.6305,0.6749,0.6694,0.6515,0.5876,0.6715,0.7013,0.6745,0.6841,0.6933,0.6506,0.6948,0.6220,0.6624,0.6819,0,0.2138,-1.2936,-4.3513,2.2937
106,0.2120,0.3494,0.3935,1.2633,-1.2936,-4.3513,0.2336,0.1161,0.1921,0.0000,1.0267,0.9999,0.0001,0.0110,0.0001,-0.0001,-0.0197,-0.0003,-0.0082,0.0059,-0.0008,0.0001,-0.0197,-0.0003,-0.0081,0.0061,-0.0011,-0.0000,0.0446,0.0001,0.0004,0.0343,0.0018,0.0050,-0.0000,0.0446,0.0002,-0.0005,0.0344,0.0019,0.0027,0.0000,0.0145,-0.0009,-0.0036,-0.0121,0.0845,-0.0001,0.0012,-0.0601,0.0017,-0.0387,-0.0301,0.2797,0.0008,-0.0653,0.0154,-0.0350,0.0188,-0.0027,0.0000,-0.0597,0.0254,0.0137,-0.0666,0.0143,-0.0016,0.0003,-0.0590,-0.0285,-0.0111,-0.0623,0.0147,-0.0208,-0.0003,-1.0000,-1.0000,-1.0000,-1.0000,-1.0000,-1.0000,-1.0000,-1.0000,-1.0000,-1.0000,-1.0000,-1.0000,-1.0000,-1.0000,-1.0000,-1.0000,-1.0000,5.5815,-1.0000,4.6827,5.1966,4.3358,-1.0000,5.3453,4.0890,5.3951,4.7057,5.5792,4.0864,-1.0000,4.5038,4.3430,5.7101,5.3801,4.5053,5.8539,4.6916,5.1880,4.3113,4.7793,-1.0000,-1.0000,-1.0000,-1.0000,-1.0000,-1.0000,-1.0000,-1.0000,-1.0000,-1.0000,-1.0000,-1.0000,-1.0000,-1.0000,-1.0000,-1.0000,-1.0000,-1.0000,-1.0000,-1.0000,-1.0000,-1.0000,-1.0000,0.6478,0.6523,0.6447,0.6008,0.6441,0.6905,0.5827,0.6305,0.6749,0.6694,0.6515,0.5876,0.6715,0.7013,0.6745,0.6841,0.6933,0.6506,0.6948,0.6220,0.6624,0.6819,-1.0000,-1.0000,-1.0000,-1.0000,-1.0000,-1.0000,-1.0000,-1.0000,-1.0000,-1.0000,-1.0000,-1.0000,-1.0000,-1.0000,-1.0000,-1.0000,-1.0000,-1.0000,-1.0000,-1.0000,-1.0000,-1.0000,-1.0000,-1.0000,-1.0000,-1.0000,-1.0000,-1.0000,-1.0000,-1.0000,-1.0000,-1.0000,-1.0000,-1.0000,-1.0000,-1.0000,0.6662,0.6381,0.6930,0.6646,0.6773,0.6102,0.4151,0.4270,0.4085,0.4849,0.3534,0.5661,0.4413,0.4509,0.4838,0.5194,0.3612,0.2222,0.2954,0.2566,0.2354,0.2736,0.3034,0.2301,0.2876,0.2284,0.2555,0.2222,0.2877,0.2971,0.2650,0.2733,0.2181,0.2289,0.2650,0.2138,0.2562,0.2358,0.2750,0.2522,0.6357,0.6478,0.6523,0.6447,0.6008,0.6441,0.6905,0.5827,0.6305,0.6749,0.6694,0.6515,0.5876,0.6715,0.7013,0.6745,0.6841,0.6933,0.6506,0.6948,0.6220,0.6624,0.6819,0,0.2138,-1.2936,-4.3513,2.2937
107,0.2140,0.3468,0.3848,1.2637,-1.2936,-4.3513,0.2140,0.1161,0.1921,0.0000,1.0267,0.9999,0.0001,0.0111,0.0001,-0.0001,-0.0199,-0.0003,-0.0083,0.0059,-0.0002,0.0001,-0.0198,-0.0003,-0.0082,0.0061,-0.0012,-0.0000,0.0444,0.0002,0.0005,0.0342,0.0018,0.0050,-0.0000,0.0444,0.0001,-0.0005,0.0343,0.0019,0.0026,0.0000,0.0147,-0.0007,-0.0008,-0.0072,0.0831,0.0002,0.0009,-0.0607,-0.0045,-0.0370,-0.0100,0.2784,0.0006,-0.0604,0.0115,-0.0367,-0.0130,-0.0483,-0.0008,-0.0666,0.0269,0.0127,-0.0598,0.0144,-0.0022,0.0003,-0.0670,-0.0268,-0.0116,-0.0592,0.0147,-0.0212,-0.0003,-1.0000,-1.0000,-1.0000,-1.0000,-1.0000,-1.0000,-1.0000,-1.0000,-1.0000,-1.0000,-1.0000,-1.0000,-1.0000,-1.0000,-1.0000,-1.0000,-1.0000,5.8603,4.0736,4.8491,5.4208,4.4998,-1.0000,5.5626,4.2402,5.6549,4.8780,5.8355,4.2186,4.0753,4.6558,4.4574,5.9266,5.5823,4.6269,6.1178,4.8356,5.4082,4.4272,4.9190,-1.0000,-1.0000,-1.0000,-1.0000,-1.0000,-1.0000,-1.0000,-1.0000,-1.0000,-1.0000,-1.0000,-1.0000,-1.0000,-1.0000,-1.0000,-1.0000,-1.0000,-1.0000,-1.0000,-1.0000,-1.0000,-1.0000,-1.0000,0.6391,0.6435,0.6358,0.5918,0.6350,0.6814,0.5736,0.6215,0.6658,0.6603,0.6424,0.5785,0.6625,0.6925,0.6659,0.6753,0.6846,0.6419,0.6860,0.6132,0.6539,0.6734,-1.0000,-1.0000,-1.0000,-1.0000,-1.0000,-1.0000,-1.0000,-1.0000,-1.0000,-1.0000,-1.0000,-1.0000,-1.0000,-1.0000,-1.0000,-1.0000,-1.0000,-1.0000,-1.0000,-1.0000,-1.0000,-1.0000,-1.0000,-1.0000,-1.0000,-1.0000,-1.0000,-1.0000,-1.0000,-1.0000,-1.0000,-1.0000,-1.0000,-1.0000,-1.0000,-1.0000,0.6603,0.6322,0.6868,0.6586,0.6711,0.6047,0.4066,0.4180,0.4000,0.4761,0.3444,0.5577,0.4329,0.4420,0.4749,0.5109,0.3522,0.2136,0.2885,0.2492,0.2275,0.2652,0.2957,0.2228,0.2788,0.2198,0.2480,0.2144,0.2800,0.2884,0.2578,0.2674,0.2117,0.2221,0.2591,0.2065,0.2498,0.2279,0.2689,0.2463,0.6267,0.6391,0.6435,0.6358,0.5918,0.6350,0.6814,0.5736,0.6215,0.6658,0.6603,0.6424,0.5785,0.6625,0.6925,0.6659,0.6753,0.6846,0.6419,0.6860,0.6132,0.6539,0.6734,0,0.2065,-1.2936,-4.3513,2.2937
108,0.2160,0.3442,0.3761,1.2641,-1.2936,-4.3513,0.1944,0.1161,0.1921,0.0000,1.0267,0.9999,0.0001,0.0111,0.0001,-0.0001,-0.0200,-0.0002,-0.0083,0.0062,0.0003,0.0001,-0.0199,-0.0002,-0.0083,0.0060,-0.0014,-0.0000,0.0443,0.0002,0.0005,0.0341,0.0018,0.0050,-0.0000,0.0443,0.0001,-0.0005,0.0342,0.0019,0.0026,0.0000,0.0149,-0.0016,-0.0039,-0.0286,0.0798,-0.0019,-0.0004,-0.0763,0.0239,-0.0203,0.1514,0.2354,0.0016,-0.0527,0.0408,-0.0394,-0.0452,-0.1044,0.0034,-0.0787,0.0197,0.0154,-0.0721,0.0145,-0.0035,0.0003,-0.0741,-0.0342,-0.0086,-0.0565,0.0149,-0.0214,-0.0003,-1.0000,-1.0000,-1.0000,-1.0000,-1.0000,-1.0000,-1.0000,-1.0000,-1.0000,-1.0000,-1.0000,-1.0000,-1.0000,-1.0000,-1.0000,-1.0000,-1.0000,6.1657,4.1884,5.0238,5.6615,4.6750,4.0813,5.7932,4.4022,5.9395,5.0605,6.1128,4.3581,4.2240,4.8160,4.5747,6.1535,5.7953,4.7517,6.4017,4.9850,5.6455,4.5466,5.0630,-1.0000,-1.0000,-1.0000,-1.0000,-1.0000,-1.0000,-1.0000,-1.0000,-1.0000,-1.0000,-1.0000,-1.0000,-1.0000,-1.0000,-1.0000,-1.0000,-1.0000,-1.0000,-1.0000,-1.0000,-1.0000,-1.0000,-1.0000,0.6304,0.6346,0.6268,0.5829,0.6259,0.6723,0.5646,0.6125,0.6567,0.6512,0.6333,0.5694,0.6535,0.6838,0.6573,0.6664,0.6760,0.6332,0.6771,0.6045,0.6454,0.6648,-1.0000,-1.0000,-1.0000,-1.0000,-1.0000,-1.0000,-1.0000,-1.0000,-1.0000,-1.0000,-1.0000,-1.0000,-1.0000,-1.0000,-1.0000,-1.0000,-1.0000,-1.0000,-1.0000,-1.0000,-1.0000,-1.0000,-1.0000,-1.0000,-1.0000,-1.0000,-1.0000,-1.0000,-1.0000,-1.0000,-1.0000,-1.0000,-1.0000,-1.0000,-1.0000,-1.0000,0.6546,0.6264,0.6806,0.6528,0.6650,0.5993,0.3980,0.4089,0.3915,0.4673,0.3355,0.5493,0.4245,0.4331,0.4661,0.5024,0.3432,0.2052,0.2818,0.2421,0.2196,0.2569,0.2880,0.2156,0.2702,0.2114,0.2406,0.2066,0.2725,0.2797,0.2506,0.2616,0.2055,0.2156,0.2535,0.1992,0.2436,0.2201,0.2629,0.2405,0.6176,0.6304,0.6346,0.6268,0.5829,0.6259,0.6723,0.5646,0.6125,0.6567,0.6512,0.6333,0.5694,0.6535,0.6838,0.6573,0.6664,0.6760,0.6332,0.6771,0.6045,0.6454,0.6648,0,0.1992,-1.2936,-4.3513,2.2937
108,0.2160,0.3442,0.3761,1.2641,-1.2936,-4.3513,0.1944,0.1161,0.1921,0.0000,1.0267,0.9999,0.0001,0.0111,0.0001,-0.0001,-0.0200,-0.0002,-0.0083,0.0062,0.0003,0.0001,-0.0199,-0.0002,-0.0083,0.0060,-0.0014,-0.0000,0.0443,0.0002,0.0005,0.0341,0.0018,0.0050,-0.0000,0.0443,0.0001,-0.0005,0.0342,0.0019,0.0026,0.0000,0.0149,-0.0016,-0.0039,-0.0286,0.0798,-0.0019,-0.0004,-0.0763,0.0239,-0.0203,0.1514,0.2354,0.0016,-0.0527,0.0408,-0.0394,-0.0452,-0.1044,0.0034,-0.0787,0.0197,0.0154,-0.0721,0.0145,-0.0035,0.0003,-0.0741,-0.0342,-0.0086,-0.0565,0.0149,-0.0214,-0.0003,-1.0000,-1.0000,-1.0000,-1.0000,-1.0000,-1.0000,-1.0000,-1.0000,-1.0000,-1.0000,-1.0000,-1.0000,-1.0000,-1.0000,-1.0000,-1.0000,-1.0000,6.1657,4.1884,5.0238,5.6615,4.6750,4.0813,5.7932,4.4022,5.9395,5.0605,6.1128,4.3581,4.2240,4.8160,4.5747,6.1535,5.7953,4.7517,6.4017,4.9850,5.6455,4.5466,5.0630,-1.0000,-1.0000,-1.0000,-1.0000,-1.0000,-1.0000,-1.0000,-1.0000,-1.0000,-1.0000,-1.0000,-1.0000,-1.0000,-1.0000,-1.0000,-1.0000,-1.0000,-1.0000,-1.0000,-1.0000,-1.0000,-1.0000,-1.0000,0.6304,0.6346,0.6268,0.5829,0.6259,0.6723,0.5646,0.6125,0.6567,0.6512,0.6333,0.5694,0.6535,0.6838,0.6573,0.6664,0.6760,0.6332,0.6771,0.6045,0.6454,0.6648,-1.0000,-1.0000,-1.0000,-1.0000,-1.0000,-1.0000,-1.0000,-1.0000,-1.0000,-1.0000,-1.0000,-1.0000,-1.0000,-1.0000,-1.0000,-1.0000,-1.0000,-1.0000,-1.0000,-1.0000,-1.0000,-1.0000,-1.0000,-1.0000,-1.0000,-1.0000,-1.0000,-1.0000,-1.0000,-1.0000,-1.0000,-1.0000,-1.0000,-1.0000,-1.0000,-1.0000,0.6546,0.6264,0.6806,0.6528,0.6650,0.5993,0.3980,0.4089,0.3915,0.4673,0.3355,0.5493,0.4245,0.4331,0.4661,0.5024,0.3432,0.2052,0.2818,0.2421,0.2196,0.2569,0.2880,0.2156,0.2702,0.2114,0.2406,0.2066,0.2725,0.2797,0.2506,0.2616,0.2055,0.2156,0.2535,0.1992,0.2436,0.2201,0.2629,0.2405,0.6176,0.6304,0.6346,0.6268,0.5829,0.6259,0.6723,0.5646,0.6125,0.6567,0.6512,0.6333,0.5694,0.6535,0.6838,0.6573,0.6664,0.6760,0.6332,0.6771,0.6045,0.6454,0.6648,0,0.1992,-1.2936,-4.3513,2.2937
109,0.2180,0.3416,0.3674,1.2645,-1.2936,-4.3513,0.1748,0.1161,0.1922,0.0000,1.0267,0.9999,0.0000,0.0112,0.0001,-0.0001,-0.0202,-0.0002,-0.0083,0.0064,0.0003,0.0001,-0.0200,-0.0001,-0.0083,0.0059,-0.0012,-0.0000,0.0441,0.0003,0.0005,0.0339,0.0019,0.0050,-0.0000,0.0441,-0.0000,-0.0005,0.0340,0.0019,0.0025,0.0000,0.0150,-0.0014,-0.0057,-0.0239,0.0774,-0.0015,0.0015,-0.0683,0.0275,-0.0231,0.0987,0.0365,0.0008,-0.0507,0.0256,-0.0376,-0.0432,0.0859,0.0024,-0.0869,0.0214,0.0143,-0.0726,0.0145,-0.0044,0.0003,-0.0835,-0.0325,-0.0092,-0.0610,0.0149,-0.0220,-0.0003,-1.0000,-1.0000,-1.0000,-1.0000,-1.0000,-1.0000,-1.0000,-1.0000,-1.0000,-1.0000,-1.0000,-1.0000,-1.0000,-1.0000,-1.0000,-1.0000,-1.0000,6.5020,4.3072,5.2078,5.9207,4.8630,4.2116,6.0380,4.5764,6.2525,5.2539,6.4134,4.5052,4.3834,4.9845,4.6944,6.3902,6.0188,4.8790,6.7069,5.1394,5.9014,4.6690,5.2103,-1.0000,-1.0000,-1.0000,-1.0000,-1.0000,-1.0000,-1.0000,-1.0000,-1.0000,-1.0000,-1.0000,-1.0000,-1.0000,-1.0000,-1.0000,-1.0000,-1.0000,-1.0000,-1.0000,-1.0000,-1.0000,-1.0000,-1.0000,0.6217,0.6258,0.6179,0.5739,0.6168,0.6632,0.5555,0.6035,0.6475,0.6422,0.6243,0.5603,0.6445,0.6750,0.6487,0.6576,0.6674,0.6245,0.6683,0.5958,0.6370,0.6562,-1.0000,-1.0000,-1.0000,-1.0000,-1.0000,-1.0000,-1.0000,-1.0000,-1.0000,-1.0000,-1.0000,-1.0000,-1.0000,-1.0000,-1.0000,-1.0000,-1.0000,-1.0000,-1.0000,-1.0000,-1.0000,-1.0000,-1.0000,-1.0000,-1.0000,-1.0000,-1.0000,-1.0000,-1.0000,-1.0000,-1.0000,-1.0000,-1.0000,-1.0000,-1.0000,-1.0000,0.6489,0.6207,0.6745,0.6470,0.6590,0.5939,0.3896,0.3999,0.3831,0.4585,0.3266,0.5410,0.4162,0.4242,0.4572,0.4940,0.3341,0.1968,0.2752,0.2350,0.2119,0.2486,0.2804,0.2086,0.2615,0.2029,0.2333,0.1989,0.2650,0.2711,0.2436,0.2560,0.1995,0.2092,0.2480,0.1921,0.2376,0.2125,0.2572,0.2349,0.6086,0.6217,0.6258,0.6179,0.5739,0.6168,0.6632,0.5555,0.6035,0.6475,0.6422,0.6243,0.5603,0.6445,0.6750,0.6487,0.6576,0.6674,0.6245,0.6683,0.5958,0.6370,0.6562,0,0.1921,-1.2936,-4.3513,2.2937
110,0.2200,0.3390,0.3587,1.2648,-1.2936,-4.3513,0.1551,0.1161,0.1922,0.0000,1.0267,0.9999,0.0000,0.0113,0.0001,-0.0001,-0.0203,-0.0001,-0.0084,0.0065,0.0001,0.0001,-0.0201,-0.0001,-0.0084,0.0058,-0.0010,-0.0000,0.0439,0.0003,0.0005,0.0338,0.0019,0.0050,-0.0000,0.0439,-0.0001,-0.0006,0.0339,0.0020,0.0025,0.0000,0.0152,-0.0017,-0.0041,-0.0338,0.0757,-0.0021,0.0032,-0.0623,0.0476,-0.0247,0.0567,-0.1284,0.0008,-0.0509,0.0364,-0.0359,-0.0226,0.1137,0.0039,-0.0953,0.0176,0.0151,-0.0727,0.0146,-0.0053,0.0004,-0.0896,-0.0359,-0.0078,-0.0546,0.0150,-0.0221,-0.0003,-1.0000,-1.0000,-1.0000,-1.0000,-1.0000,-1.0000,-1.0000,-1.0000,-1.0000,-1.0000,-1.0000,-1.0000,-1.0000,-1.0000,-1.0000,-1.0000,-1.0000,6.8732,4.4293,5.4005,6.1995,5.0647,4.3484,6.2971,4.7640,6.5978,5.4586,6.7395,4.6604,4.5545,5.1617,4.8163,6.6366,6.2530,5.0085,7.0352,5.2986,6.1779,4.7943,5.3609,-1.0000,-1.0000,-1.0000,-1.0000,-1.0000,-1.0000,-1.0000,-1.0000,-1.0000,-1.0000,-1.0000,-1.0000,-1.0000,-1.0000,-1.0000,-1.0000,-1.0000,-1.0000,-1.0000,-1.0000,-1.0000,-1.0000,-1.0000,0.6130,0.6169,0.6089,0.5649,0.6077,0.6541,0.5464,0.5945,0.6384,0.6331,0.6152,0.5512,0.6355,0.6663,0.6401,0.6488,0.6587,0.6159,0.6594,0.5871,0.6286,0.6477,-1.0000,-1.0000,-1.0000,-1.0000,-1.0000,-1.0000,-1.0000,-1.0000,-1.0000,-1.0000,-1.0000,-1.0000,-1.0000,-1.0000,-1.0000,-1.0000,-1.0000,-1.0000,-1.0000,-1.0000,-1.0000,-1.0000,-1.0000,-1.0000,-1.0000,-1.0000,-1.0000,-1.0000,-1.0000,-1.0000,-1.0000,-1.0000,-1.0000,-1.0000,-1.0000,-1.0000,0.6434,0.6151,0.6685,0.6413,0.6531,0.5888,0.3811,0.3909,0.3747,0.4497,0.3177,0.5327,0.4080,0.4153,0.4484,0.4856,0.3251,0.1885,0.2688,0.2282,0.2043,0.2404,0.2730,0.2018,0.2529,0.1946,0.2262,0.1914,0.2576,0.2626,0.2367,0.2506,0.1937,0.2029,0.2427,0.1851,0.2317,0.2049,0.2516,0.2295,0.5996,0.6130,0.6169,0.6089,0.5649,0.6077,0.6541,0.5464,0.5945,0.6384,0.6331,0.6152,0.5512,0.6355,0.6663,0.6401,0.6488,0.6587,0.6159,0.6594,0.5871,0.6286,0.6477,0,0.1851,-1.2936,-4.3513,2.2937
110,0.2200,0.3390,0.3587,1.2648,-1.2936,-4.3513,0.1551,0.1161,0.1922,0.0000,1.0267,0.9999,0.0000,0.0113,0.0001,-0.0001,-0.0203,-0.0001,-0.0084,0.0065,0.0001,0.0001,-0.0201,-0.0001,-0.0084,0.0058,-0.0010,-0.0000,0.0439,0.0003,0.0005,0.0338,0.0019,0.0050,-0.0000,0.0439,-0.0001,-0.0006,0.0339,0.0020,0.0025,0.0000,0.0152,-0.0017,-0.0041,-0.0338,0.0757,-0.0021,0.0032,-0.0623,0.0476,-0.0247,0.0567,-0.1284,0.0008,-0.0509,0.0364,-0.0359,-0.0226,0.1137,0.0039,-0.0953,0.0176,0.0151,-0.0727,0.0146,-0.0053,0.0004,-0.0896,-0.0359,-0.0078,-0.0546,0.0150,-0.0221,-0.0003,-1.0000,-1.0000,-1.0000,-1.0000,-1.0000,-1.0000,-1.0000,-1.0000,-1.0000,-1.0000,-1.0000,-1.0000,-1.0000,-1.0000,-1.0000,-1.0000,-1.0000,6.8732,4.4293,5.4005,6.1995,5.0647,4.3484,6.2971,4.7640,6.5978,5.4586,6.7395,4.6604,4.5545,5.1617,4.8163,6.6366,6.2530,5.0085,7.0352,5.2986,6.1779,4.7943,5.3609,-1.0000,-1.0000,-1.0000,-1.0000,-1.0000,-1.0000,-1.0000,-1.0000,-1.0000,-1.0000,-1.0000,-1.0000,-1.0000,-1.0000,-1.0000,-1.0000,-1.0000,-1.0000,-1.0000,-1.0000,-1.0000,-1.0000,-1.0000,0.6130,0.6169,0.6089,0.5649,0.6077,0.6541,0.5464,0.5945,0.6384,0.6331,0.6152,0.5512,0.6355,0.6663,0.6401,0.6488,0.6587,0.6159,0.6594,0.5871,0.6286,0.6477,-1.0000,-1.0000,-1.0000,-1.0000,-1.0000,-1.0000,-1.0000,-1.0000,-1.0000,-1.0000,-1.0000,-1.0000,-1.0000,-1.0000,-1.0000,-1.0000,-1.0000,-1.0000,-1.0000,-1.0000,-1.0000,-1.0000,-1.0000,-1.0000,-1.0000,-1.0000,-1.0000,-1.0000,-1.0000,-1.0000,-1.0000,-1.0000,-1.0000,-1.0000,-1.0000,-1.0000,0.6434,0.6151,0.6685,0.6413,0.6531,0.5888,0.3811,0.3909,0.3747,0.4497,0.3177,0.5327,0.4080,0.4153,0.4484,0.4856,0.3251,0.1885,0.2688,0.2282,0.2043,0.2404,0.2730,0.2018,0.2529,0.1946,0.2262,0.1914,0.2576,0.2626,0.2367,0.2506,0.1937,0.2029,0.2427,0.1851,0.2317,0.2049,0.2516,0.2295,0.5996,0.6130,0.6169,0.6089,0.5649,0.6077,0.6541,0.5464,0.5945,0.6384,0.6331,0.6152,0.5512,0.6355,0.6663,0.6401,0.6488,0.6587,0.6159,0.6594,0.5871,0.6286,0.6477,0,0.1851,-1.2936,-4.3513,2.2937
111,0.2220,0.3364,0.3500,1.2651,-1.2936,-4.3513,0.1355,0.1161,0.1922,0.0000,1.0267,0.9999,-0.0000,0.0114,0.0001,-0.0001,-0.0204,0.0001,-0.0084,0.0066,-0.0005,0.0001,-0.0202,0.0000,-0.0085,0.0058,-0.0007,-0.0000,0.0437,0.0003,0.0006,0.0336,0.0019,0.0050,-0.0000,0.0437,-0.0002,-0.0006,0.0338,0.0020,0.0025,0.0000,0.0154,-0.0020,-0.0031,-0.0432,0.0739,-0.0026,0.0046,-0.0568,0.0665,-0.0259,0.0212,-0.2799,0.0007,-0.0507,0.0468,-0.0343,-0.0058,0.1355,0.0052,-0.1037,0.0141,0.0158,-0.0734,0.0147,-0.0062,0.0004,-0.0958,-0.0391,-0.0066,-0.0494,0.0151,-0.0222,-0.0004,-1.0000,-1.0000,-1.0000,-1.0000,-1.0000,-1.0000,-1.0000,-1.0000,-1.0000,-1.0000,-1.0000,-1.0000,-1.0000,-1.0000,-1.0000,-1.0000,-1.0000,7.2845,4.5547,5.6021,6.4995,5.2815,4.4921,6.5708,4.9665,6.9807,5.6752,7.0937,4.8242,4.7387,5.3479,4.9399,6.8915,6.4977,5.1396,7.3879,5.4621,6.4771,4.9222,5.5140,-1.0000,-1.0000,-1.0000,-1.0000,-1.0000,-1.0000,-1.0000,-1.0000,-1.0000,-1.0000,-1.0000,-1.0000,-1.0000,-1.0000,-1.0000,-1.0000,-1.0000,-1.0000,-1.0000,-1.0000,-1.0000,-1.0000,-1.0000,0.6044,0.6081,0.6000,0.5560,0.5987,0.6450,0.5374,0.5855,0.6293,0.6240,0.6061,0.5421,0.6265,0.6575,0.6315,0.6399,0.6501,0.6072,0.6506,0.5783,0.6201,0.6391,-1.0000,-1.0000,-1.0000,-1.0000,-1.0000,-1.0000,-1.0000,-1.0000,-1.0000,-1.0000,-1.0000,-1.0000,-1.0000,-1.0000,-1.0000,-1.0000,-1.0000,-1.0000,-1.0000,-1.0000,-1.0000,-1.0000,-1.0000,-1.0000,-1.0000,-1.0000,-1.0000,-1.0000,-1.0000,-1.0000,-1.0000,-1.0000,-1.0000,-1.0000,-1.0000,-1.0000,0.6379,0.6096,0.6625,0.6358,0.6473,0.5837,0.3727,0.3819,0.3664,0.4409,0.3088,0.5245,0.3998,0.4065,0.4395,0.4773,0.3162,0.1803,0.2626,0.2215,0.1969,0.2323,0.2656,0.1952,0.2444,0.1863,0.2192,0.1840,0.2503,0.2540,0.2300,0.2454,0.1881,0.1969,0.2376,0.1784,0.2261,0.1974,0.2462,0.2244,0.5906,0.6044,0.6081,0.6000,0.5560,0.5987,0.6450,0.5374,0.5855,0.6293,0.6240,0.6061,0.5421,0.6265,0.6575,0.6315,0.6399,0.6501,0.6072,0.6506,0.5783,0.6201,0.6391,0,0.1784,-1.2936,-4.3513,2.2937
111,0.2220,0.3364,0.3500,1.2651,-1.2936,-4.3513,0.1355,0.1161,0.1922,0.0000,1.0267,0.9999,-0.0000,0.0114,0.0001,-0.0001,-0.0204,0.0001,-0.0084,0.0066,-0.0005,0.0001,-0.0202,0.0000,-0.0085,0.0058,-0.0007,-0.0000,0.0437,0.0003,0.0006,0.0336,0.0019,0.0050,-0.0000,0.0437,-0.0002,-0.0006,0.0338,0.0020,0.0025,0.0000,0.0154,-0.0020,-0.0031,-0.0432,0.0739,-0.0026,0.0046,-0.0568,0.0665,-0.0259,0.0212,-0.2799,0.0007,-0.0507,0.0468,-0.0343,-0.0058,0.1355,0.0052,-0.1037,0.0141,0.0158,-0.0734,0.0147,-0.0062,0.0004,-0.0958,-0.0391,-0.0066,-0.0494,0.0151,-0.0222,-0.0004,-1.0000,-1.0000,-1.0000,-1.0000,-1.0000,-1.0000,-1.0000,-1.0000,-1.0000,-1.0000,-1.0000,-1.0000,-1.0000,-1.0000,-1.0000,-1.0000,-1.0000,7.2845,4.5547,5.6021,6.4995,5.2815,4.4921,6.5708,4.9665,6.9807,5.6752,7.0937,4.8242,4.7387,5.3479,4.9399,6.8915,6.4977,5.1396,7.3879,5.4621,6.4771,4.9222,5.5140,-1.0000,-1.0000,-1.0000,-1.0000,-1.0000,-1.0000,-1.0000,-1.0000,-1.0000,-1.0000,-1.0000,-1.0000,-1.0000,-1.0000,-1.0000,-1.0000,-1.0000,-1.0000,-1.0000,-1.0000,-1.0000,-1.0000,-1.0000,0.6044,0.6081,0.6000,0.5560,0.5987,0.6450,0.5374,0.5855,0.6293,0.6240,0.6061,0.5421,0.6265,0.6575,0.6315,0.6399,0.6501,0.6072,0.6506,0.5783,0.6201,0.6391,-1.0000,-1.0000,-1.0000,-1.0000,-1.0000,-1.0000,-1.0000,-1.0000,-1.0000,-1.0000,-1.0000,-1.0000,-1.0000,-1.0000,-1.0000,-1.0000,-1.0000,-1.0000,-1.0000,-1.0000,-1.0000,-1.0000,-1.0000,-1.0000,-1.0000,-1.0000,-1.0000,-1.0000,-1.0000,-1.0000,-1.0000,-1.0000,-1.0000,-1.0000,-1.0000,-1.0000,0.6379,0.6096,0.6625,0.6358,0.6473,0.5837,0.3727,0.3819,0.3664,0.4409,0.3088,0.5245,0.3998,0.4065,0.4395,0.4773,0.3162,0.1803,0.2626,0.2215,0.1969,0.2323,0.2656,0.1952,0.2444,0.1863,0.2192,0.1840,0.2503,0.2540,0.2300,0.2454,0.1881,0.1969,0.2376,0.1784,0.2261,0.1974,0.2462,0.2244,0.5906,0.6044,0.6081,0.6000,0.5560,0.5987,0.6450,0.5374,0.5855,0.6293,0.6240,0.6061,0.5421,0.6265,0.6575,0.6315,0.6399,0.6501,0.6072,0.6506,0.5783,0.6201,0.6391,0,0.1784,-1.2936,-4.3513,2.2937
112,0.2240,0.3339,0.3413,1.2653,-1.2936,-4.3513,0.1159,0.1161,0.1922,0.0000,1.0267,0.9999,-0.0001,0.0114,0.0001,-0.0001,-0.0205,0.0001,-0.0085,0.0065,-0.0012,0.0001,-0.0203,0.0001,-0.0085,0.0061,-0.0005,-0.0000,0.0435,0.0004,0.0006,0.0335,0.0020,0.0050,-0.0000,0.0435,-0.0002,-0.0006,0.0337,0.0020,0.0024,0.0000,0.0157,-0.0006,-0.0067,-0.0212,0.0704,-0.0008,0.0044,-0.0458,0.0439,-0.0310,-0.0382,-0.3837,-0.0013,-0.0661,0.0196,-0.0175,0.1496,0.1231,0.0009,-0.1099,0.0211,0.0122,-0.0702,0.0146,-0.0069,0.0004,-0.1075,-0.0320,-0.0097,-0.0631,0.0149,-0.0230,-0.0004,-1.0000,-1.0000,-1.0000,-1.0000,-1.0000,-1.0000,-1.0000,-1.0000,-1.0000,-1.0000,-1.0000,-1.0000,-1.0000,-1.0000,-1.0000,-1.0000,-1.0000,7.7419,4.6830,5.8125,6.8223,5.5149,4.6431,6.8589,5.1855,7.4069,5.9041,7.4786,4.9970,4.9373,5.5433,5.0647,7.1538,6.7522,5.2718,7.7665,5.6295,6.8011,5.0521,5.6688,-1.0000,-1.0000,-1.0000,-1.0000,-1.0000,-1.0000,-1.0000,-1.0000,-1.0000,-1.0000,-1.0000,-1.0000,-1.0000,-1.0000,-1.0000,-1.0000,-1.0000,-1.0000,-1.0000,-1.0000,-1.0000,-1.0000,-1.0000,0.5958,0.5993,0.5911,0.5470,0.5896,0.6360,0.5283,0.5765,0.6202,0.6150,0.5971,0.5330,0.6175,0.6488,0.6229,0.6311,0.6414,0.5985,0.6417,0.5696,0.6117,0.6305,-1.0000,-1.0000,-1.0000,-1.0000,-1.0000,-1.0000,-1.0000,-1.0000,-1.0000,-1.0000,-1.0000,-1.0000,-1.0000,-1.0000,-1.0000,-1.0000,-1.0000,-1.0000,-1.0000,-1.0000,-1.0000,-1.0000,-1.0000,-1.0000,-1.0000,-1.0000,-1.0000,-1.0000,-1.0000,-1.0000,-1.0000,-1.0000,-1.0000,-1.0000,-1.0000,-1.0000,0.6326,0.6042,0.6567,0.6304,0.6417,0.5788,0.3642,0.3729,0.3581,0.4322,0.2999,0.5163,0.3916,0.3977,0.4307,0.4690,0.3072,0.1722,0.2565,0.2150,0.1896,0.2243,0.2584,0.1888,0.2358,0.1780,0.2124,0.1767,0.2431,0.2455,0.2234,0.2404,0.1828,0.1911,0.2327,0.1718,0.2206,0.1900,0.2409,0.2194,0.5816,0.5958,0.5993,0.5911,0.5470,0.5896,0.6360,0.5283,0.5765,0.6202,0.6150,0.5971,0.5330,0.6175,0.6488,0.6229,0.6311,0.6414,0.5985,0.6417,0.5696,0.6117,0.6305,0,0.1718,-1.2936,-4.3513,2.2937
113,0.2260,0.3313,0.3326,1.2655,-1.2936,-4.3513,0.0963,0.1161,0.1923,0.0000,1.0267,0.9999,-0.0001,0.0115,0.0001,-0.0001,-0.0206,0.0002,-0.0086,0.0063,-0.0021,0.0001,-0.0205,0.0001,-0.0085,0.0063,-0.0003,-0.0000,0.0432,0.0004,0.0006,0.0334,0.0020,0.0050,-0.0000,0.0433,-0.0003,-0.0006,0.0336,0.0021,0.0024,0.0000,0.0159,-0.0004,-0.0041,-0.0193,0.0694,-0.0004,0.0040,-0.0396,0.0428,-0.0343,-0.0806,-0.4091,-0.0012,-0.0594,0.0195,-0.0206,0.0988,0.0718,0.0003,-0.1159,0.0212,0.0114,-0.0642,0.0147,-0.0076,0.0004,-0.1140,-0.0312,-0.0099,-0.0590,0.0150,-0.0232,-0.0004,-1.0000,-1.0000,-1.0000,-1.0000,-1.0000,-1.0000,-1.0000,-1.0000,-1.0000,-1.0000,4.0319,-1.0000,-1.0000,-1.0000,-1.0000,-1.0000,-1.0000,8.2515,4.8133,6.0305,7.1685,5.7659,4.8014,7.1605,5.4228,7.8834,6.1454,7.8967,5.1792,5.1519,5.7480,5.1902,7.4218,7.0159,5.4045,8.1719,5.8000,7.1525,5.1837,5.8246,-1.0000,-1.0000,-1.0000,-1.0000,-1.0000,-1.0000,-1.0000,-1.0000,-1.0000,-1.0000,-1.0000,-1.0000,-1.0000,-1.0000,-1.0000,-1.0000,-1.0000,-1.0000,-1.0000,-1.0000,-1.0000,-1.0000,-1.0000,0.5872,0.5906,0.5822,0.5381,0.5806,0.6269,0.5193,0.5675,0.6111,0.6059,0.5880,0.5239,0.6085,0.6400,0.6143,0.6223,0.6328,0.5898,0.6329,0.5609,0.6033,0.6220,-1.0000,-1.0000,-1.0000,-1.0000,-1.0000,-1.0000,-1.0000,-1.0000,-1.0000,-1.0000,-1.0000,-1.0000,-1.0000,-1.0000,-1.0000,-1.0000,-1.0000,-1.0000,-1.0000,-1.0000,-1.0000,-1.0000,-1.0000,-1.0000,-1.0000,-1.0000,-1.0000,-1.0000,-1.0000,-1.0000,-1.0000,-1.0000,-1.0000,-1.0000,-1.0000,-1.0000,0.6274,0.5990,0.6510,0.6251,0.6361,0.5740,0.3559,0.3639,0.3499,0.4235,0.2910,0.5082,0.3835,0.3889,0.4219,0.4607,0.2982,0.1642,0.2508,0.2088,0.1825,0.2164,0.2513,0.1827,0.2274,0.1699,0.2057,0.1696,0.2361,0.2371,0.2170,0.2357,0.1777,0.1855,0.2280,0.1654,0.2154,0.1828,0.2359,0.2147,0.5727,0.5872,0.5906,0.5822,0.5381,0.5806,0.6269,0.5193,0.5675,0.6111,0.6059,0.5880,0.5239,0.6085,0.6400,0.6143,0.6223,0.6328,0.5898,0.6329,0.5609,0.6033,0.6220,0,0.1642,-1.2936,-4.3513,2.2937
113,0.2260,0.3313,0.3326,1.2655,-1.2936,-4.3513,0.0963,0.1161,0.1923,0.0000,1.0267,0.9999,-0.0001,0.0115,0.0001,-0.0001,-0.0206,0.0002,-0.0086,0.0063,-0.0021,0.0001,-0.0205,0.0001,-0.0085,0.0063,-0.0003,-0.0000,0.0432,0.0004,0.0006,0.0334,0.0020,0.0050,-0.0000,0.0433,-0.0003,-0.0006,0.0336,0.0021,0.0024,0.0000,0.0159,-0.0004,-0.0041,-0.0193,0.0694,-0.0004,0.0040,-0.0396,0.0428,-0.0343,-0.0806,-0.4091,-0.0012,-0.0594,0.0195,-0.0206,0.0988,0.0718,0.0003,-0.1159,0.0212,0.0114,-0.0642,0.0147,-0.0076,0.0004,-0.1140,-0.0312,-0.0099,-0.0590,0.0150,-0.0232,-0.0004,-1.0000,-1.0000,-1.0000,-1.0000,-1.0000,-1.0000,-1.0000,-1.0000,-1.0000,-1.0000,4.0319,-1.0000,-1.0000,-1.0000,-1.0000,-1.0000,-1.0000,8.2515,4.8133,6.0305,7.1685,5.7659,4.8014,7.1605,5.4228,7.8834,6.1454,7.8967,5.1792,5.1519,5.7480,5.1902,7.4218,7.0159,5.4045,8.1719,5.8000,7.1525,5.1837,5.8246,-1.0000,-1.0000,-1.0000,-1.0000,-1.0000,-1.0000,-1.0000,-1.0000,-1.0000,-1.0000,-1.0000,-1.0000,-1.0000,-1.0000,-1.0000,-1.0000,-1.0000,-1.0000,-1.0000,-1.0000,-1.0000,-1.0000,-1.0000,0.5872,0.5906,0.5822,0.5381,0.5806,0.6269,0.5193,0.5675,0.6111,0.6059,0.5880,0.5239,0.6085,0.6400,0.6143,0.6223,0.6328,0.5898,0.6329,0.5609,0.6033,0.6220,-1.0000,-1.0000,-1.0000,-1.0000,-1.0000,-1.0000,-1.0000,-1.0000,-1.0000,-1.0000,-1.0000,-1.0000,-1.0000,-1.0000,-1.0000,-1.0000,-1.0000,-1.0000,-1.0000,-1.0000,-1.0000,-1.0000,-1.0000,-1.0000,-1.0000,-1.0000,-1.0000,-1.0000,-1.0000,-1.0000,-1.0000,-1.0000,-1.0000,-1.0000,-1.0000,-1.0000,0.6274,0.5990,0.6510,0.6251,0.6361,0.5740,0.3559,0.3639,0.3499,0.4235,0.2910,0.5082,0.3835,0.3889,0.4219,0.4607,0.2982,0.1642,0.2508,0.2088,0.1825,0.2164,0.2513,0.1827,0.2274,0.1699,0.2057,0.1696,0.2361,0.2371,0.2170,0.2357,0.1777,0.1855,0.2280,0.1654,0.2154,0.1828,0.2359,0.2147,0.5727,0.5872,0.5906,0.5822,0.5381,0.5806,0.6269,0.5193,0.5675,0.6111,0.6059,0.5880,0.5239,0.6085,0.6400,0.6143,0.6223,0.6328,0.5898,0.6329,0.5609,0.6033,0.6220,0,0.1642,-1.2936,-4.3513,2.2937
114,0.2280,0.3287,0.3239,1.2656,-1.2936,-4.3513,0.0767,0.1161,0.1923,0.0000,1.0267,0.9999,-0.0001,0.0116,0.0001,-0.0001,-0.0206,0.0003,-0.0086,0.0061,-0.0029,0.0001,-0.0206,0.0001,-0.0086,0.0064,-0.0004,-0.0000,0.0430,0.0005,0.0006,0.0332,0.0020,0.0049,-0.0000,0.0431,-0.0003,-0.0006,0.0335,0.0021,0.0023,0.0000,0.0160,0.0001,-0.0026,-0.0144,0.0681,0.0001,0.0036,-0.0338,0.0379,-0.0371,-0.1171,-0.4337,-0.0007,-0.0521,0.0180,-0.0238,0.0446,-0.0291,-0.0009,-0.1218,0.0221,0.0102,-0.0592,0.0147,-0.0082,0.0004,-0.1210,-0.0298,-0.0104,-0.0580,0.0149,-0.0234,-0.0004,-1.0000,-1.0000,-1.0000,-1.0000,-1.0000,-1.0000,-1.0000,-1.0000,-1.0000,-1.0000,4.1816,-1.0000,-1.0000,-1.0000,-1.0000,-1.0000,4.0606,8.8214,4.9452,6.2555,7.5392,6.0363,4.9672,7.4744,5.6806,8.4191,6.3991,8.3507,5.3711,5.3844,5.9618,5.3156,7.6933,7.2872,5.5366,8.6048,5.9727,7.5337,5.3163,5.9802,-1.0000,-1.0000,-1.0000,-1.0000,-1.0000,-1.0000,-1.0000,-1.0000,-1.0000,-1.0000,-1.0000,-1.0000,-1.0000,-1.0000,-1.0000,-1.0000,-1.0000,-1.0000,-1.0000,-1.0000,-1.0000,-1.0000,-1.0000,0.5787,0.5818,0.5733,0.5292,0.5715,0.6178,0.5103,0.5584,0.6020,0.5968,0.5789,0.5148,0.5995,0.6312,0.6058,0.6134,0.6242,0.5811,0.6240,0.5522,0.5948,0.6134,-1.0000,-1.0000,-1.0000,-1.0000,-1.0000,-1.0000,-1.0000,-1.0000,-1.0000,-1.0000,-1.0000,-1.0000,-1.0000,-1.0000,-1.0000,-1.0000,-1.0000,-1.0000,-1.0000,-1.0000,-1.0000,-1.0000,-1.0000,-1.0000,-1.0000,-1.0000,-1.0000,-1.0000,-1.0000,-1.0000,-1.0000,-1.0000,-1.0000,-1.0000,-1.0000,-1.0000,0.6224,0.5939,0.6455,0.6199,0.6307,0.5694,0.3475,0.3549,0.3417,0.4148,0.2821,0.5002,0.3755,0.3801,0.4131,0.4525,0.2893,0.1564,0.2452,0.2029,0.1756,0.2087,0.2443,0.1768,0.2190,0.1618,0.1993,0.1628,0.2292,0.2287,0.2107,0.2311,0.1730,0.1802,0.2236,0.1592,0.2104,0.1757,0.2311,0.2102,0.5637,0.5787,0.5818,0.5733,0.5292,0.5715,0.6178,0.5103,0.5584,0.6020,0.5968,0.5789,0.5148,0.5995,0.6312,0.6058,0.6134,0.6242,0.5811,0.6240,0.5522,0.5948,0.6134,0,0.1564,-1.2936,-4.3513,2.2937
115,0.2300,0.3261,0.3152,1.2658,-1.2936,-4.3513,0.0570,0.1161,0.1923,0.0000,1.0267,0.9999,-0.0001,0.0116,0.0001,-0.0001,-0.0207,0.0003,-0.0087,0.0059,-0.0036,0.0001,-0.0207,0.0002,-0.0086,0.0064,-0.0006,-0.0000,0.0428,0.0005,0.0007,0.0331,0.0021,0.0049,-0.0000,0.0428,-0.0004,-0.0007,0.0334,0.0021,0.0023,0.0000,0.0162,0.0007,-0.0000,-0.0035,0.0669,0.0010,0.0025,-0.0352,0.0187,-0.0353,-0.0882,-0.3172,-0.0005,-0.0458,0.0085,-0.0261,-0.0006,-0.1169,-0.0029,-0.1263,0.0253,0.0082,-0.0502,0.0147,-0.0087,0.0004,-0.1282,-0.0257,-0.0116,-0.0572,0.0149,-0.0237,-0.0005,-1.0000,-1.0000,-1.0000,-1.0000,-1.0000,-1.0000,-1.0000,-1.0000,-1.0000,-1.0000,4.3427,-1.0000,-1.0000,-1.0000,-1.0000,-1.0000,4.2132,9.4608,5.0779,6.4863,7.9349,6.3277,5.1406,7.7986,5.9612,9.0243,6.6650,8.8428,5.5729,5.6368,6.1845,5.4401,7.9649,7.5641,5.6673,9.0645,6.1464,7.9472,5.4492,6.1342,-1.0000,-1.0000,-1.0000,-1.0000,-1.0000,-1.0000,-1.0000,-1.0000,-1.0000,-1.0000,-1.0000,-1.0000,-1.0000,-1.0000,-1.0000,-1.0000,-1.0000,-1.0000,-1.0000,-1.0000,-1.0000,-1.0000,-1.0000,0.5702,0.5731,0.5645,0.5204,0.5625,0.6088,0.5013,0.5494,0.5929,0.5878,0.5698,0.5056,0.5904,0.6225,0.5972,0.6046,0.6155,0.5724,0.6151,0.5435,0.5864,0.6049,-1.0000,-1.0000,-1.0000,-1.0000,-1.0000,-1.0000,-1.0000,-1.0000,-1.0000,-1.0000,-1.0000,-1.0000,-1.0000,-1.0000,-1.0000,-1.0000,-1.0000,-1.0000,-1.0000,-1.0000,-1.0000,-1.0000,-1.0000,-1.0000,-1.0000,-1.0000,-1.0000,-1.0000,-1.0000,-1.0000,-1.0000,-1.0000,-1.0000,-1.0000,-1.0000,-1.0000,0.6174,0.5889,0.6400,0.6149,0.6254,0.5649,0.3392,0.3459,0.3337,0.4061,0.2733,0.4922,0.3675,0.3713,0.4043,0.4444,0.2804,0.1487,0.2399,0.1972,0.1690,0.2010,0.2375,0.1712,0.2108,0.1538,0.1930,0.1561,0.2224,0.2204,0.2047,0.2268,0.1686,0.1752,0.2195,0.1533,0.2057,0.1688,0.2265,0.2060,0.5547,0.5702,0.5731,0.5645,0.5204,0.5625,0.6088,0.5013,0.5494,0.5929,0.5878,0.5698,0.5056,0.5904,0.6225,0.5972,0.6046,0.6155,0.5724,0.6151,0.5435,0.5864,0.6049,0,0.1487,-1.2936,-4.3513,2.2937
115,0.2300,0.3261,0.3152,1.2658,-1.2936,-4.3513,0.0570,0.1161,0.1923,0.0000,1.0267,0.9999,-0.0001,0.0116,0.0001,-0.0001,-0.0207,0.0003,-0.0087,0.0059,-0.0036,0.0001,-0.0207,0.0002,-0.0086,0.0064,-0.0006,-0.0000,0.0428,0.0005,0.0007,0.0331,0.0021,0.0049,-0.0000,0.0428,-0.0004,-0.0007,0.0334,0.0021,0.0023,0.0000,0.0162,0.0007,-0.0000,-0.0035,0.0669,0.0010,0.0025,-0.0352,0.0187,-0.0353,-0.0882,-0.3172,-0.0005,-0.0458,0.0085,-0.0261,-0.0006,-0.1169,-0.0029,-0.1263,0.0253,0.0082,-0.0502,0.0147,-0.0087,0.0004,-0.1282,-0.0257,-0.0116,-0.0572,0.0149,-0.0237,-0.0005,-1.0000,-1.0000,-1.0000,-1.0000,-1.0000,-1.0000,-1.0000,-1.0000,-1.0000,-1.0000,4.3427,-1.0000,-1.0000,-1.0000,-1.0000,-1.0000,4.2132,9.4608,5.0779,6.4863,7.9349,6.3277,5.1406,7.7986,5.9612,9.0243,6.6650,8.8428,5.5729,5.6368,6.1845,5.4401,7.9649,7.5641,5.6673,9.0645,6.1464,7.9472,5.4492,6.1342,-1.0000,-1.0000,-1.0000,-1.0000,-1.0000,-1.0000,-1.0000,-1.0000,-1.0000,-1.0000,-1.0000,-1.0000,-1.0000,-1.0000,-1.0000,-1.0000,-1.0000,-1.0000,-1.0000,-1.0000,-1.0000,-1.0000,-1.0000,0.5702,0.5731,0.5645,0.5204,0.5625,0.6088,0.5013,0.5494,0.5929,0.5878,0.5698,0.5056,0.5904,0.6225,0.5972,0.6046,0.6155,0.5724,0.6151,0.5435,0.5864,0.6049,-1.0000,-1.0000,-1.0000,-1.0000,-1.0000,-1.0000,-1.0000,-1.0000,-1.0000,-1.0000,-1.0000,-1.0000,-1.0000,-1.0000,-1.0000,-1.0000,-1.0000,-1.0000,-1.0000,-1.0000,-1.0000,-1.0000,-1.0000,-1.0000,-1.0000,-1.0000,-1.0000,-1.0000,-1.0000,-1.0000,-1.0000,-1.0000,-1.0000,-1.0000,-1.0000,-1.0000,0.6174,0.5889,0.6400,0.6149,0.6254,0.5649,0.3392,0.3459,0.3337,0.4061,0.2733,0.4922,0.3675,0.3713,0.4043,0.4444,0.2804,0.1487,0.2399,0.1972,0.1690,0.2010,0.2375,0.1712,0.2108,0.1538,0.1930,0.1561,0.2224,0.2204,0.2047,0.2268,0.1686,0.1752,0.2195,0.1533,0.2057,0.1688,0.2265,0.2060,0.5547,0.5702,0.5731,0.5645,0.5204,0.5625,0.6088,0.5013,0.5494,0.5929,0.5878,0.5698,0.5056,0.5904,0.6225,0.5972,0.6046,0.6155,0.5724,0.6151,0.5435,0.5864,0.6049,0,0.1487,-1.2936,-4.3513,2.2937
116,0.2320,0.3235,0.3065,1.2658,-1.2936,-4.3513,0.0374,0.1161,0.1924,0.0000,1.0267,0.9999,-0.0001,0.0117,0.0001,-0.0001,-0.0208,0.0003,-0.0088,0.0058,-0.0040,0.0001,-0.0207,0.0002,-0.0087,0.0063,-0.0010,-0.0000,0.0425,0.0006,0.0007,0.0331,0.0021,0.0049,-0.0000,0.0425,-0.0004,-0.0007,0.0333,0.0021,0.0022,0.0000,0.0164,0.0012,0.0020,0.0062,0.0656,0.0017,0.0017,-0.0361,0.0017,-0.0335,-0.0638,-0.2172,-0.0004,-0.0401,0.0003,-0.0281,-0.0401,-0.1997,-0.0046,-0.1309,0.0280,0.0066,-0.0431,0.0147,-0.0092,0.0004,-0.1352,-0.0222,-0.0125,-0.0570,0.0148,-0.0239,-0.0005,-1.0000,-1.0000,-1.0000,-1.0000,-1.0000,-1.0000,-1.0000,-1.0000,-1.0000,-1.0000,4.5165,-1.0000,-1.0000,-1.0000,-1.0000,-1.0000,4.3771,10.1792,5.2103,6.7207,8.3549,6.6416,5.3214,8.1299,6.2674,9.7117,6.9424,9.3743,5.7849,5.9116,6.4156,5.5626,8.2331,7.8442,5.7954,9.5496,6.3198,8.3956,5.5815,6.2853,-1.0000,-1.0000,-1.0000,-1.0000,-1.0000,-1.0000,-1.0000,-1.0000,-1.0000,-1.0000,-1.0000,-1.0000,-1.0000,-1.0000,-1.0000,-1.0000,-1.0000,-1.0000,-1.0000,-1.0000,-1.0000,-1.0000,-1.0000,0.5617,0.5644,0.5556,0.5115,0.5534,0.5997,0.4923,0.5404,0.5838,0.5787,0.5607,0.4965,0.5814,0.6137,0.5886,0.5957,0.6069,0.5638,0.6063,0.5348,0.5780,0.5963,-1.0000,-1.0000,-1.0000,-1.0000,-1.0000,-1.0000,-1.0000,-1.0000,-1.0000,-1.0000,-1.0000,-1.0000,-1.0000,-1.0000,-1.0000,-1.0000,-1.0000,-1.0000,-1.0000,-1.0000,-1.0000,-1.0000,-1.0000,-1.0000,-1.0000,-1.0000,-1.0000,-1.0000,-1.0000,-1.0000,-1.0000,-1.0000,-1.0000,-1.0000,-1.0000,-1.0000,0.6127,0.5841,0.6347,0.6100,0.6202,0.5606,0.3309,0.3369,0.3257,0.3975,0.2644,0.4842,0.3597,0.3626,0.3955,0.4363,0.2715,0.1412,0.2349,0.1918,0.1627,0.1936,0.2309,0.1660,0.2026,0.1460,0.1870,0.1497,0.2159,0.2122,0.1989,0.2228,0.1645,0.1705,0.2156,0.1477,0.2012,0.1621,0.2222,0.2021,0.5458,0.5617,0.5644,0.5556,0.5115,0.5534,0.5997,0.4923,0.5404,0.5838,0.5787,0.5607,0.4965,0.5814,0.6137,0.5886,0.5957,0.6069,0.5638,0.6063,0.5348,0.5780,0.5963,0,0.1412,-1.2936,-4.3513,2.2937
117,0.2340,0.3209,0.2978,1.2659,-1.2936,-4.3513,0.0178,0.1161,0.1924,0.0000,1.0267,0.9999,-0.0001,0.0118,0.0001,-0.0001,-0.0208,0.0003,-0.0088,0.0057,-0.0043,0.0001,-0.0208,0.0001,-0.0088,0.0062,-0.0015,-0.0000,0.0422,0.0006,0.0007,0.0330,0.0021,0.0049,-0.0000,0.0422,-0.0005,-0.0007,0.0331,0.0022,0.0022,0.0000,0.0166,0.0015,0.0042,0.0112,0.0643,0.0019,0.0012,-0.0368,-0.0085,-0.0316,-0.0435,-0.1336,-0.0006,-0.0351,-0.0042,-0.0298,-0.0714,-0.2313,-0.0052,-0.1358,0.0292,0.0056,-0.0375,0.0147,-0.0097,0.0004,-0.1413,-0.0201,-0.0126,-0.0547,0.0148,-0.0240,-0.0005,-1.0000,-1.0000,-1.0000,-1.0000,-1.0000,-1.0000,-1.0000,-1.0000,-1.0000,-1.0000,4.7046,-1.0000,-1.0000,-1.0000,-1.0000,-1.0000,4.5538,10.9874,5.3413,6.9566,8.7976,6.9796,5.5096,8.4642,6.6024,10.4968,7.2301,9.9456,6.0071,6.2114,6.6541,5.6821,8.4932,8.1240,5.9195,10.0566,6.4911,8.8809,5.7121,6.4316,-1.0000,-1.0000,-1.0000,-1.0000,-1.0000,-1.0000,-1.0000,-1.0000,-1.0000,-1.0000,-1.0000,-1.0000,-1.0000,-1.0000,-1.0000,-1.0000,-1.0000,-1.0000,-1.0000,-1.0000,-1.0000,-1.0000,-1.0000,0.5533,0.5558,0.5468,0.5027,0.5444,0.5907,0.4833,0.5314,0.5747,0.5696,0.5517,0.4874,0.5724,0.6050,0.5800,0.5869,0.5982,0.5551,0.5974,0.5261,0.5696,0.5878,-1.0000,-1.0000,-1.0000,-1.0000,-1.0000,-1.0000,-1.0000,-1.0000,-1.0000,-1.0000,-1.0000,-1.0000,-1.0000,-1.0000,-1.0000,-1.0000,-1.0000,-1.0000,-1.0000,-1.0000,-1.0000,-1.0000,-1.0000,-1.0000,-1.0000,-1.0000,-1.0000,-1.0000,-1.0000,-1.0000,-1.0000,-1.0000,-1.0000,-1.0000,-1.0000,-1.0000,0.6080,0.5794,0.6295,0.6053,0.6151,0.5565,0.3227,0.3279,0.3178,0.3889,0.2556,0.4764,0.3519,0.3540,0.3868,0.4283,0.2626,0.1340,0.2302,0.1868,0.1567,0.1863,0.2245,0.1611,0.1945,0.1383,0.1813,0.1436,0.2095,0.2040,0.1933,0.2190,0.1607,0.1661,0.2119,0.1424,0.1971,0.1556,0.2181,0.1985,0.5369,0.5533,0.5558,0.5468,0.5027,0.5444,0.5907,0.4833,0.5314,0.5747,0.5696,0.5517,0.4874,0.5724,0.6050,0.5800,0.5869,0.5982,0.5551,0.5974,0.5261,0.5696,0.5878,0,0.1340,-1.2936,-4.3513,2.2937
117,0.2340,0.3209,0.2978,1.2659,-1.2936,-4.3513,0.0178,0.1161,0.1924,0.0000,1.0267,0.9999,-0.0001,0.0118,0.0001,-0.0001,-0.0208,0.0003,-0.0088,0.0057,-0.0043,0.0001,-0.0208,0.0001,-0.0088,0.0062,-0.0015,-0.0000,0.0422,0.0006,0.0007,0.0330,0.0021,0.0049,-0.0000,0.0422,-0.0005,-0.0007,0.0331,0.0022,0.0022,0.0000,0.0166,0.0015,0.0042,0.0112,0.0643,0.0019,0.0012,-0.0368,-0.0085,-0.0316,-0.0435,-0.1336,-0.0006,-0.0351,-0.0042,-0.0298,-0.0714,-0.2313,-0.0052,-0.1358,0.0292,0.0056,-0.0375,0.0147,-0.0097,0.0004,-0.1413,-0.0201,-0.0126,-0.0547,0.0148,-0.0240,-0.0005,-1.0000,-1.0000,-1.0000,-1.0000,-1.0000,-1.0000,-1.0000,-1.0000,-1.0000,-1.0000,4.7046,-1.0000,-1.0000,-1.0000,-1.0000,-1.0000,4.5538,10.9874,5.3413,6.9566,8.7976,6.9796,5.5096,8.4642,6.6024,10.4968,7.2301,9.9456,6.0071,6.2114,6.6541,5.6821,8.4932,8.1240,5.9195,10.0566,6.4911,8.8809,5.7121,6.4316,-1.0000,-1.0000,-1.0000,-1.0000,-1.0000,-1.0000,-1.0000,-1.0000,-1.0000,-1.0000,-1.0000,-1.0000,-1.0000,-1.0000,-1.0000,-1.0000,-1.0000,-1.0000,-1.0000,-1.0000,-1.0000,-1.0000,-1.0000,0.5533,0.5558,0.5468,0.5027,0.5444,0.5907,0.4833,0.5314,0.5747,0.5696,0.5517,0.4874,0.5724,0.6050,0.5800,0.5869,0.5982,0.5551,0.5974,0.5261,0.5696,0.5878,-1.0000,-1.0000,-1.0000,-1.0000,-1.0000,-1.0000,-1.0000,-1.0000,-1.0000,-1.0000,-1.0000,-1.0000,-1.0000,-1.0000,-1.0000,-1.0000,-1.0000,-1.0000,-1.0000,-1.0000,-1.0000,-1.0000,-1.0000,-1.0000,-1.0000,-1.0000,-1.0000,-1.0000,-1.0000,-1.0000,-1.0000,-1.0000,-1.0000,-1.0000,-1.0000,-1.0000,0.6080,0.5794,0.6295,0.6053,0.6151,0.5565,0.3227,0.3279,0.3178,0.3889,0.2556,0.4764,0.3519,0.3540,0.3868,0.4283,0.2626,0.1340,0.2302,0.1868,0.1567,0.1863,0.2245,0.1611,0.1945,0.1383,0.1813,0.1436,0.2095,0.2040,0.1933,0.2190,0.1607,0.1661,0.2119,0.1424,0.1971,0.1556,0.2181,0.1985,0.5369,0.5533,0.5558,0.5468,0.5027,0.5444,0.5907,0.4833,0.5314,0.5747,0.5696,0.5517,0.4874,0.5724,0.6050,0.5800,0.5869,0.5982,0.5551,0.5974,0.5261,0.5696,0.5878,0,0.1340,-1.2936,-4.3513,2.2937
118,0.2360,0.3192,0.2901,1.2659,-0.8614,-3.8520,0.0135,0.1161,0.1924,0.0000,1.0267,0.9999,-0.0001,0.0118,0.0002,-0.0001,-0.0209,0.0003,-0.0089,0.0057,-0.0044,0.0001,-0.0208,0.0001,-0.0088,0.0060,-0.0020,0.0001,0.0422,0.0001,0.0009,0.0328,0.0021,0.0049,-0.0000,0.0420,-0.0005,-0.0008,0.0330,0.0022,0.0021,0.0000,0.0138,-0.0030,0.0058,0.0199,0.0431,0.0194,-0.0151,-0.0224,-0.0166,-0.0230,-0.0293,-0.0719,-0.0173,-0.0080,-0.0072,-0.0317,-0.1039,-0.2714,0.0810,0.0066,-0.2756,0.1235,-0.0936,0.0167,-0.0143,0.0016,-0.1048,-0.0217,-0.0322,-0.0613,0.0147,-0.0247,-0.0010,-1.0000,-1.0000,-1.0000,-1.0000,-1.0000,-1.0000,-1.0000,-1.0000,-1.0000,-1.0000,4.9088,-1.0000,-1.0000,-1.0000,-1.0000,-1.0000,4.7447,11.8969,5.4698,7.1913,9.2603,7.3433,5.7049,8.7960,6.9696,11.3980,7.5264,10.5550,6.2391,6.5395,6.8987,5.7972,8.7397,8.3989,6.0382,10.5795,6.6582,9.4044,5.8397,6.5710,-1.0000,-1.0000,-1.0000,-1.0000,-1.0000,-1.0000,-1.0000,-1.0000,-1.0000,-1.0000,-1.0000,-1.0000,-1.0000,-1.0000,-1.0000,-1.0000,-1.0000,-1.0000,-1.0000,-1.0000,-1.0000,-1.0000,-1.0000,0.5449,0.5471,0.5380,0.4939,0.5354,0.5817,0.4743,0.5224,0.5656,0.5605,0.5426,0.4783,0.5633,0.5962,0.5715,0.5780,0.5896,0.5465,0.5885,0.5174,0.5612,0.5792,-1.0000,-1.0000,-1.0000,-1.0000,-1.0000,-1.0000,-1.0000,-1.0000,-1.0000,-1.0000,-1.0000,-1.0000,-1.0000,-1.0000,-1.0000,-1.0000,-1.0000,-1.0000,-1.0000,-1.0000,-1.0000,-1.0000,-1.0000,-1.0000,-1.0000,-1.0000,-1.0000,-1.0000,-1.0000,-1.0000,-1.0000,-1.0000,-1.0000,-1.0000,-1.0000,-1.0000,0.6035,0.5749,0.6245,0.6007,0.6102,0.5525,0.3145,0.3189,0.3100,0.3803,0.2467,0.4686,0.3441,0.3453,0.3780,0.4204,0.2538,0.1271,0.2258,0.1821,0.1510,0.1792,0.2183,0.1567,0.1865,0.1307,0.1759,0.1377,0.2033,0.1959,0.1880,0.2155,0.1574,0.1621,0.2086,0.1375,0.1932,0.1493,0.2142,0.1952,0.5280,0.5449,0.5471,0.5380,0.4939,0.5354,0.5817,0.4743,0.5224,0.5656,0.5605,0.5426,0.4783,0.5633,0.5962,0.5715,0.5780,0.5896,0.5465,0.5885,0.5174,0.5612,0.5792,0,0.1271,-1.2936,-4.3513,2.2937
118,0.2360,0.3192,0.2901,1.2659,-0.8614,-3.8520,0.0135,0.1161,0.1924,0.0000,1.0267,0.9999,-0.0001,0.0118,0.0002,-0.0001,-0.0209,0.0003,-0.0089,0.0057,-0.0044,0.0001,-0.0208,0.0001,-0.0088,0.0060,-0.0020,0.0001,0.0422,0.0001,0.0009,0.0328,0.0021,0.0049,-0.0000,0.0420,-0.0005,-0.0008,0.0330,0.0022,0.0021,0.0000,0.0138,-0.0030,0.0058,0.0199,0.0431,0.0194,-0.0151,-0.0224,-0.0166,-0.0230,-0.0293,-0.0719,-0.0173,-0.0080,-0.0072,-0.0317,-0.1039,-0.2714,0.0810,0.0066,-0.2756,0.1235,-0.0936,0.0167,-0.0143,0.0016,-0.1048,-0.0217,-0.0322,-0.0613,0.0147,-0.0247,-0.0010,-1.0000,-1.0000,-1.0000,-1.0000,-1.0000,-1.0000,-1.0000,-1.0000,-1.0000,-1.0000,4.9088,-1.0000,-1.0000,-1.0000,-1.0000,-1.0000,4.7447,11.8969,5.4698,7.1913,9.2603,7.3433,5.7049,8.7960,6.9696,11.3980,7.5264,10.5550,6.2391,6.5395,6.8987,5.7972,8.7397,8.3989,6.0382,10.5795,6.6582,9.4044,5.8397,6.5710,-1.0000,-1.0000,-1.0000,-1.0000,-1.0000,-1.0000,-1.0000,-1.0000,-1.0000,-1.0000,-1.0000,-1.0000,-1.0000,-1.0000,-1.0000,-1.0000,-1.0000,-1.0000,-1.0000,-1.0000,-1.0000,-1.0000,-1.0000,0.5449,0.5471,0.5380,0.4939,0.5354,0.5817,0.4743,0.5224,0.5656,0.5605,0.5426,0.4783,0.5633,0.5962,0.5715,0.5780,0.5896,0.5465,0.5885,0.5174,0.5612,0.5792,-1.0000,-1.0000,-1.0000,-1.0000,-1.0000,-1.0000,-1.0000,-1.0000,-1.0000,-1.0000,-1.0000,-1.0000,-1.0000,-1.0000,-1.0000,-1.0000,-1.0000,-1.0000,-1.0000,-1.0000,-1.0000,-1.0000,-1.0000,-1.0000,-1.0000,-1.0000,-1.0000,-1.0000,-1.0000,-1.0000,-1.0000,-1.0000,-1.0000,-1.0000,-1.0000,-1.0000,0.6035,0.5749,0.6245,0.6007,0.6102,0.5525,0.3145,0.3189,0.3100,0.3803,0.2467,0.4686,0.3441,0.3453,0.3780,0.4204,0.2538,0.1271,0.2258,0.1821,0.1510,0.1792,0.2183,0.1567,0.1865,0.1307,0.1759,0.1377,0.2033,0.1959,0.1880,0.2155,0.1574,0.1621,0.2086,0.1375,0.1932,0.1493,0.2142,0.1952,0.5280,0.5449,0.5471,0.5380,0.4939,0.5354,0.5817,0.4743,0.5224,0.5656,0.5605,0.5426,0.4783,0.5633,0.5962,0.5715,0.5780,0.5896,0.5465,0.5885,0.5174,0.5612,0.5792,0,0.1271,-1.2936,-4.3513,2.2937
119,0.2380,0.3182,0.2831,1.2659,-0.5020,-3.4541,0.0070,0.1161,0.1925,0.0000,1.0267,0.9999,-0.0000,0.0118,0.0002,-0.0002,-0.0209,0.0003,-0.0089,0.0056,-0.0045,0.0000,-0.0208,0.0001,-0.0089,0.0058,-0.0024,0.0004,0.0425,-0.0010,0.0014,0.0325,0.0022,0.0048,-0.0000,0.0419,-0.0006,-0.0009,0.0329,0.0022,0.0021,0.0000,0.0115,-0.0072,0.0083,0.0201,0.0252,0.0345,-0.0294,-0.0106,-0.0145,-0.0150,-0.0178,-0.0221,-0.0322,0.0089,-0.0066,-0.0290,-0.0792,-0.1883,0.1508,0.1214,-0.5133,0.2104,-0.1375,0.0183,-0.0181,0.0026,-0.0760,-0.0250,-0.0462,-0.0613,0.0147,-0.0251,-0.0013,-1.0000,-1.0000,-1.0000,-1.0000,-1.0000,-1.0000,-1.0000,-1.0000,-1.0000,-1.0000,5.1022,-1.0000,-1.0000,-1.0000,-1.0000,-1.0000,4.9250,12.7299,5.5759,7.3842,9.6551,7.6697,5.8629,9.0347,7.3027,12.2224,7.7517,11.0367,6.4239,6.8308,7.0844,5.8755,8.9216,8.5946,6.1208,11.0143,6.7734,9.8705,5.9391,6.6719,-1.0000,-1.0000,-1.0000,-1.0000,-1.0000,-1.0000,-1.0000,-1.0000,-1.0000,-1.0000,-1.0000,-1.0000,-1.0000,-1.0000,-1.0000,-1.0000,-1.0000,-1.0000,-1.0000,-1.0000,-1.0000,-1.0000,-1.0000,0.5376,0.5396,0.5303,0.4862,0.5277,0.5738,0.4665,0.5145,0.5577,0.5527,0.5347,0.4705,0.5555,0.5886,0.5639,0.5703,0.5820,0.5388,0.5808,0.5098,0.5538,0.5717,-1.0000,-1.0000,-1.0000,-1.0000,-1.0000,-1.0000,-1.0000,-1.0000,-1.0000,-1.0000,-1.0000,-1.0000,-1.0000,-1.0000,-1.0000,-1.0000,-1.0000,-1.0000,-1.0000,-1.0000,-1.0000,-1.0000,-1.0000,-1.0000,-1.0000,-1.0000,-1.0000,-1.0000,-1.0000,-1.0000,-1.0000,-1.0000,-1.0000,-1.0000,-1.0000,-1.0000,0.5997,0.5710,0.6201,0.5968,0.6060,0.5491,0.3077,0.3111,0.3032,0.3731,0.2390,0.4619,0.3377,0.3378,0.3707,0.4137,0.2461,0.1216,0.2223,0.1784,0.1466,0.1734,0.2136,0.1537,0.1799,0.1248,0.1720,0.1336,0.1987,0.1894,0.1842,0.2132,0.1551,0.1594,0.2064,0.1338,0.1906,0.1443,0.2114,0.1929,0.5202,0.5376,0.5396,0.5303,0.4862,0.5277,0.5738,0.4665,0.5145,0.5577,0.5527,0.5347,0.4705,0.5555,0.5886,0.5639,0.5703,0.5820,0.5388,0.5808,0.5098,0.5538,0.5717,0,0.1216,-1.2936,-4.3513,2.2937
120,0.2400,0.3178,0.2769,1.2659,-0.2010,-3.1267,-0.0070,0.1161,0.1925,-0.0000,1.0267,0.9999,-0.0000,0.0119,0.0002,-0.0002,-0.0209,0.0002,-0.0089,0.0056,-0.0044,-0.0001,-0.0208,0.0001,-0.0089,0.0057,-0.0026,0.0008,0.0429,-0.0023,0.0019,0.0322,0.0022,0.0048,-0.0000,0.0418,-0.0006,-0.0010,0.0328,0.0023,0.0020,0.0000,0.0094,-0.0108,0.0102,0.0199,0.0096,0.0479,-0.0422,-0.0006,-0.0121,-0.0077,-0.0083,0.0197,-0.0454,0.0233,-0.0055,-0.0260,-0.0586,-0.1175,0.2051,0.2132,-0.6944,0.2659,-0.1704,0.0194,-0.0213,0.0034,-0.0556,-0.0271,-0.0563,-0.0602,0.0147,-0.0253,-0.0016,-1.0000,-1.0000,-1.0000,-1.0000,-1.0000,-1.0000,-1.0000,-1.0000,-1.0000,-1.0000,5.2865,-1.0000,-1.0000,-1.0000,-1.0000,-1.0000,5.0964,13.4676,5.6632,7.5399,9.9830,7.9590,5.9862,9.1871,7.6005,12.9476,7.9097,11.3851,6.5641,7.0844,7.2160,5.9231,9.0508,8.7209,6.1739,11.3680,6.8444,10.2808,6.0154,6.7416,-1.0000,-1.0000,-1.0000,-1.0000,-1.0000,-1.0000,-1.0000,-1.0000,-1.0000,-1.0000,-1.0000,-1.0000,-1.0000,-1.0000,-1.0000,-1.0000,-1.0000,-1.0000,-1.0000,-1.0000,-1.0000,-1.0000,-1.0000,0.5311,0.5329,0.5235,0.4793,0.5209,0.5669,0.4596,0.5076,0.5508,0.5457,0.5279,0.4636,0.5487,0.5819,0.5572,0.5635,0.5754,0.5320,0.5741,0.5030,0.5473,0.5651,-1.0000,-1.0000,-1.0000,-1.0000,-1.0000,-1.0000,-1.0000,-1.0000,-1.0000,-1.0000,-1.0000,-1.0000,-1.0000,-1.0000,-1.0000,-1.0000,-1.0000,-1.0000,-1.0000,-1.0000,-1.0000,-1.0000,-1.0000,-1.0000,-1.0000,-1.0000,-1.0000,-1.0000,-1.0000,-1.0000,-1.0000,-1.0000,-1.0000,-1.0000,-1.0000,-1.0000,0.5964,0.5676,0.6164,0.5935,0.6023,0.5463,0.3020,0.3041,0.2972,0.3670,0.2322,0.4560,0.3324,0.3311,0.3644,0.4081,0.2392,0.1173,0.2196,0.1756,0.1432,0.1686,0.2101,0.1519,0.1746,0.1202,0.1694,0.1308,0.1953,0.1842,0.1816,0.2118,0.1535,0.1577,0.2050,0.1310,0.1891,0.1403,0.2092,0.1913,0.5132,0.5311,0.5329,0.5235,0.4793,0.5209,0.5669,0.4596,0.5076,0.5508,0.5457,0.5279,0.4636,0.5487,0.5819,0.5572,0.5635,0.5754,0.5320,0.5741,0.5030,0.5473,0.5651,0,0.1173,-1.2936,-4.3513,2.2937
120,0.2400,0.3178,0.2769,1.2659,-0.2010,-3.1267,-0.0070,0.1161,0.1925,-0.0000,1.0267,0.9999,-0.0000,0.0119,0.0002,-0.0002,-0.0209,0.0002,-0.0089,0.0056,-0.0044,-0.0001,-0.0208,0.0001,-0.0089,0.0057,-0.0026,0.0008,0.0429,-0.0023,0.0019,0.0322,0.0022,0.0048,-0.0000,0.0418,-0.0006,-0.0010,0.0328,0.0023,0.0020,0.0000,0.0094,-0.0108,0.0102,0.0199,0.0096,0.0479,-0.0422,-0.0006,-0.0121,-0.0077,-0.0083,0.0197,-0.0454,0.0233,-0.0055,-0.0260,-0.0586,-0.1175,0.2051,0.2132,-0.6944,0.2659,-0.1704,0.0194,-0.0213,0.0034,-0.0556,-0.0271,-0.0563,-0.0602,0.0147,-0.0253,-0.0016,-1.0000,-1.0000,-1.0000,-1.0000,-1.0000,-1.0000,-1.0000,-1.0000,-1.0000,-1.0000,5.2865,-1.0000,-1.0000,-1.0000,-1.0000,-1.0000,5.0964,13.4676,5.6632,7.5399,9.9830,7.9590,5.9862,9.1871,7.6005,12.9476,7.9097,11.3851,6.5641,7.0844,7.2160,5.9231,9.0508,8.7209,6.1739,11.3680,6.8444,10.2808,6.0154,6.7416,-1.0000,-1.0000,-1.0000,-1.0000,-1.0000,-1.0000,-1.0000,-1.0000,-1.0000,-1.0000,-1.0000,-1.0000,-1.0000,-1.0000,-1.0000,-1.0000,-1.0000,-1.0000,-1.0000,-1.0000,-1.0000,-1.0000,-1.0000,0.5311,0.5329,0.5235,0.4793,0.5209,0.5669,0.4596,0.5076,0.5508,0.5457,0.5279,0.4636,0.5487,0.5819,0.5572,0.5635,0.5754,0.5320,0.5741,0.5030,0.5473,0.5651,-1.0000,-1.0000,-1.0000,-1.0000,-1.0000,-1.0000,-1.0000,-1.0000,-1.0000,-1.0000,-1.0000,-1.0000,-1.0000,-1.0000,-1.0000,-1.0000,-1.0000,-1.0000,-1.0000,-1.0000,-1.0000,-1.0000,-1.0000,-1.0000,-1.0000,-1.0000,-1.0000,-1.0000,-1.0000,-1.0000,-1.0000,-1.0000,-1.0000,-1.0000,-1.0000,-1.0000,0.5964,0.5676,0.6164,0.5935,0.6023,0.5463,0.3020,0.3041,0.2972,0.3670,0.2322,0.4560,0.3324,0.3311,0.3644,0.4081,0.2392,0.1173,0.2196,0.1756,0.1432,0.1686,0.2101,0.1519,0.1746,0.1202,0.1694,0.1308,0.1953,0.1842,0.1816,0.2118,0.1535,0.1577,0.2050,0.1310,0.1891,0.1403,0.2092,0.1913,0.5132,0.5311,0.5329,0.5235,0.4793,0.5209,0.5669,0.4596,0.5076,0.5508,0.5457,0.5279,0.4636,0.5487,0.5819,0.5572,0.5635,0.5754,0.5320,0.5741,0.5030,0.5473,0.5651,0,0.1173,-1.2936,-4.3513,2.2937
121,0.2420,0.3179,0.2712,1.2658,0.0425,-2.8711,-0.0263,0.1161,0.1925,-0.0000,1.0268,0.9999,-0.0000,0.0118,0.0003,-0.0004,-0.0209,0.0002,-0.0089,0.0056,-0.0043,-0.0002,-0.0207,0.0001,-0.0090,0.0056,-0.0027,0.0013,0.0435,-0.0040,0.0025,0.0318,0.0023,0.0047,-0.0000,0.0417,-0.0007,-0.0011,0.0327,0.0023,0.0020,0.0000,0.0076,-0.0138,0.0117,0.0192,-0.0036,0.0598,-0.0537,0.0077,-0.0093,-0.0011,-0.0005,0.0548,-0.0570,0.0352,-0.0039,-0.0227,-0.0418,-0.0578,0.2463,0.2825,-0.8257,0.3001,-0.1930,0.0202,-0.0239,0.0039,-0.0420,-0.0288,-0.0631,-0.0582,0.0146,-0.0255,-0.0018,-1.0000,-1.0000,-1.0000,-1.0000,-1.0000,-1.0000,-1.0000,-1.0000,4.0174,-1.0000,5.4627,-1.0000,-1.0000,-1.0000,-1.0000,-1.0000,5.2596,14.0915,5.7334,7.6614,10.2444,8.2107,6.0770,9.2619,7.8617,13.5552,8.0062,11.6037,6.6633,7.2996,7.2991,5.9459,9.1382,8.7890,6.2034,11.6495,6.8788,10.6381,6.0734,6.7864,-1.0000,-1.0000,-1.0000,-1.0000,-1.0000,-1.0000,-1.0000,-1.0000,-1.0000,-1.0000,-1.0000,-1.0000,-1.0000,-1.0000,-1.0000,-1.0000,-1.0000,-1.0000,-1.0000,-1.0000,-1.0000,-1.0000,-1.0000,0.5253,0.5269,0.5174,0.4733,0.5150,0.5608,0.4535,0.5014,0.5447,0.5395,0.5219,0.4575,0.5426,0.5760,0.5511,0.5574,0.5695,0.5259,0.5680,0.4968,0.5414,0.5591,-1.0000,-1.0000,-1.0000,-1.0000,-1.0000,-1.0000,-1.0000,-1.0000,-1.0000,-1.0000,-1.0000,-1.0000,-1.0000,-1.0000,-1.0000,-1.0000,-1.0000,-1.0000,-1.0000,-1.0000,-1.0000,-1.0000,-1.0000,-1.0000,-1.0000,-1.0000,-1.0000,-1.0000,-1.0000,-1.0000,-1.0000,-1.0000,-1.0000,-1.0000,-1.0000,-1.0000,0.5936,0.5645,0.6132,0.5907,0.5991,0.5438,0.2973,0.2978,0.2919,0.3618,0.2261,0.4509,0.3280,0.3251,0.3590,0.4032,0.2331,0.1140,0.2174,0.1735,0.1406,0.1648,0.2076,0.1510,0.1702,0.1168,0.1679,0.1292,0.1931,0.1800,0.1800,0.2112,0.1524,0.1568,0.2042,0.1288,0.1884,0.1370,0.2077,0.1904,0.5071,0.5253,0.5269,0.5174,0.4733,0.5150,0.5608,0.4535,0.5014,0.5447,0.5395,0.5219,0.4575,0.5426,0.5760,0.5511,0.5574,0.5695,0.5259,0.5680,0.4968,0.5414,0.5591,0,0.1140,-1.2936,-4.3513,2.2937
122,0.2440,0.3184,0.2658,1.2657,0.2416,-2.6653,-0.0547,0.1161,0.1925,-0.0001,1.0268,0.9999,0.0000,0.0118,0.0004,-0.0005,-0.0209,0.0002,-0.0089,0.0059,-0.0042,-0.0003,-0.0206,0.0001,-0.0090,0.0059,-0.0028,0.0019,0.0441,-0.0058,0.0031,0.0313,0.0023,0.0047,-0.0000,0.0416,-0.0007,-0.0012,0.0325,0.0023,0.0019,0.0000,0.0062,-0.0161,0.0011,0.0241,-0.0195,0.0725,-0.0594,0.0009,-0.0123,0.0202,0.1547,0.0598,-0.0628,0.0300,-0.0074,-0.0023,0.1520,-0.0407,0.2742,0.3295,-0.9167,0.3146,-0.2237,0.0207,-0.0266,0.0043,-0.0394,-0.0284,-0.0682,-0.0766,0.0145,-0.0262,-0.0020,-1.0000,-1.0000,-1.0000,-1.0000,-1.0000,-1.0000,-1.0000,4.0143,4.0954,-1.0000,5.6328,-1.0000,-1.0000,-1.0000,-1.0000,-1.0000,5.4164,14.5945,5.7891,7.7528,10.4435,8.4268,6.1396,9.2717,8.0879,14.0406,8.0501,11.7074,6.7272,7.4790,7.3419,5.9495,9.1938,8.8107,6.2147,11.8700,6.8844,10.9487,6.1172,6.8125,-1.0000,-1.0000,-1.0000,-1.0000,-1.0000,-1.0000,-1.0000,-1.0000,-1.0000,-1.0000,-1.0000,-1.0000,-1.0000,-1.0000,-1.0000,-1.0000,-1.0000,-1.0000,-1.0000,-1.0000,-1.0000,-1.0000,-1.0000,0.5201,0.5215,0.5118,0.4678,0.5097,0.5553,0.4480,0.4958,0.5393,0.5340,0.5166,0.4521,0.5372,0.5706,0.5456,0.5519,0.5641,0.5203,0.5626,0.4912,0.5361,0.5537,-1.0000,-1.0000,-1.0000,-1.0000,-1.0000,-1.0000,-1.0000,-1.0000,-1.0000,-1.0000,-1.0000,-1.0000,-1.0000,-1.0000,-1.0000,-1.0000,-1.0000,-1.0000,-1.0000,-1.0000,-1.0000,-1.0000,-1.0000,-1.0000,-1.0000,-1.0000,-1.0000,-1.0000,-1.0000,-1.0000,-1.0000,-1.0000,-1.0000,-1.0000,-1.0000,-1.0000,0.5911,0.5618,0.6103,0.5883,0.5962,0.5417,0.2934,0.2921,0.2872,0.3573,0.2205,0.4464,0.3243,0.3196,0.3544,0.3991,0.2276,0.1115,0.2157,0.1720,0.1388,0.1617,0.2059,0.1509,0.1666,0.1142,0.1672,0.1284,0.1917,0.1767,0.1792,0.2111,0.1518,0.1565,0.2039,0.1273,0.1883,0.1343,0.2065,0.1898,0.5014,0.5201,0.5215,0.5118,0.4678,0.5097,0.5553,0.4480,0.4958,0.5393,0.5340,0.5166,0.4521,0.5372,0.5706,0.5456,0.5519,0.5641,0.5203,0.5626,0.4912,0.5361,0.5537,0,0.1115,-1.2936,-4.3513,2.2937
122,0.2440,0.3184,0.2658,1.2657,0.2416,-2.6653,-0.0547,0.1161,0.1925,-0.0001,1.0268,0.9999,0.0000,0.0118,0.0004,-0.0005,-0.0209,0.0002,-0.0089,0.0059,-0.0042,-0.0003,-0.0206,0.0001,-0.0090,0.0059,-0.0028,0.0019,0.0441,-0.0058,0.0031,0.0313,0.0023,0.0047,-0.0000,0.0416,-0.0007,-0.0012,0.0325,0.0023,0.0019,0.0000,0.0062,-0.0161,0.0011,0.0241,-0.0195,0.0725,-0.0594,0.0009,-0.0123,0.0202,0.1547,0.0598,-0.0628,0.0300,-0.0074,-0.0023,0.1520,-0.0407,0.2742,0.3295,-0.9167,0.3146,-0.2237,0.0207,-0.0266,0.0043,-0.0394,-0.0284,-0.0682,-0.0766,0.0145,-0.0262,-0.0020,-1.0000,-1.0000,-1.0000,-1.0000,-1.0000,-1.0000,-1.0000,4.0143,4.0954,-1.0000,5.6328,-1.0000,-1.0000,-1.0000,-1.0000,-1.0000,5.4164,14.5945,5.7891,7.7528,10.4435,8.4268,6.1396,9.2717,8.0879,14.0406,8.0501,11.7074,6.7272,7.4790,7.3419,5.9495,9.1938,8.8107,6.2147,11.8700,6.8844,10.9487,6.1172,6.8125,-1.0000,-1.0000,-1.0000,-1.0000,-1.0000,-1.0000,-1.0000,-1.0000,-1.0000,-1.0000,-1.0000,-1.0000,-1.0000,-1.0000,-1.0000,-1.0000,-1.0000,-1.0000,-1.0000,-1.0000,-1.0000,-1.0000,-1.0000,0.5201,0.5215,0.5118,0.4678,0.5097,0.5553,0.4480,0.4958,0.5393,0.5340,0.5166,0.4521,0.5372,0.5706,0.5456,0.5519,0.5641,0.5203,0.5626,0.4912,0.5361,0.5537,-1.0000,-1.0000,-1.0000,-1.0000,-1.0000,-1.0000,-1.0000,-1.0000,-1.0000,-1.0000,-1.0000,-1.0000,-1.0000,-1.0000,-1.0000,-1.0000,-1.0000,-1.0000,-1.0000,-1.0000,-1.0000,-1.0000,-1.0000,-1.0000,-1.0000,-1.0000,-1.0000,-1.0000,-1.0000,-1.0000,-1.0000,-1.0000,-1.0000,-1.0000,-1.0000,-1.0000,0.5911,0.5618,0.6103,0.5883,0.5962,0.5417,0.2934,0.2921,0.2872,0.3573,0.2205,0.4464,0.3243,0.3196,0.3544,0.3991,0.2276,0.1115,0.2157,0.1720,0.1388,0.1617,0.2059,0.1509,0.1666,0.1142,0.1672,0.1284,0.1917,0.1767,0.1792,0.2111,0.1518,0.1565,0.2039,0.1273,0.1883,0.1343,0.2065,0.1898,0.5014,0.5201,0.5215,0.5118,0.4678,0.5097,0.5553,0.4480,0.4958,0.5393,0.5340,0.5166,0.4521,0.5372,0.5706,0.5456,0.5519,0.5641,0.5203,0.5626,0.4912,0.5361,0.5537,0,0.1115,-1.2936,-4.3513,2.2937
123,0.2460,0.3192,0.2608,1.2656,0.4003,-2.5047,-0.0766,0.1161,0.1925,-0.0001,1.0268,0.9999,0.0000,0.0118,0.0005,-0.0006,-0.0209,0.0002,-0.0089,0.0062,-0.0040,-0.0005,-0.0206,0.0001,-0.0090,0.0062,-0.0028,0.0025,0.0449,-0.0078,0.0037,0.0309,0.0023,0.0046,0.0000,0.0415,-0.0008,-0.0014,0.0324,0.0024,0.0019,0.0000,0.0050,-0.0184,0.0040,0.0217,-0.0285,0.0818,-0.0695,0.0095,-0.0085,0.0228,0.1298,0.0924,-0.0729,0.0414,-0.0046,-0.0017,0.1263,0.0120,0.2953,0.3679,-0.9806,0.3139,-0.2277,0.0210,-0.0282,0.0047,-0.0352,-0.0292,-0.0698,-0.0688,0.0145,-0.0261,-0.0022,-1.0000,-1.0000,-1.0000,-1.0000,-1.0000,-1.0000,4.0470,4.1006,4.1687,-1.0000,5.7980,-1.0000,-1.0000,-1.0000,-1.0000,-1.0000,5.5677,14.9732,5.8319,7.8175,10.5851,8.6091,6.1777,9.2286,8.2804,14.4027,8.0503,11.7136,6.7608,7.6248,7.3513,5.9382,9.2244,8.7958,6.2120,12.0382,6.8673,11.2171,6.1498,6.8237,-1.0000,-1.0000,-1.0000,-1.0000,-1.0000,-1.0000,-1.0000,-1.0000,-1.0000,-1.0000,-1.0000,-1.0000,-1.0000,-1.0000,-1.0000,-1.0000,-1.0000,-1.0000,-1.0000,-1.0000,-1.0000,-1.0000,-1.0000,0.5153,0.5165,0.5068,0.4628,0.5050,0.5503,0.4430,0.4906,0.5344,0.5289,0.5118,0.4471,0.5324,0.5658,0.5405,0.5469,0.5592,0.5151,0.5577,0.4861,0.5311,0.5487,-1.0000,-1.0000,-1.0000,-1.0000,-1.0000,-1.0000,-1.0000,-1.0000,-1.0000,-1.0000,-1.0000,-1.0000,-1.0000,-1.0000,-1.0000,-1.0000,-1.0000,-1.0000,-1.0000,-1.0000,-1.0000,-1.0000,-1.0000,-1.0000,-1.0000,-1.0000,-1.0000,-1.0000,-1.0000,-1.0000,-1.0000,-1.0000,-1.0000,-1.0000,-1.0000,-1.0000,0.5889,0.5594,0.6078,0.5863,0.5936,0.5399,0.2901,0.2869,0.2829,0.3534,0.2155,0.4424,0.3213,0.3146,0.3504,0.3956,0.2226,0.1098,0.2145,0.1709,0.1375,0.1592,0.2049,0.1514,0.1638,0.1124,0.1672,0.1284,0.1909,0.1742,0.1790,0.2114,0.1514,0.1567,0.2040,0.1261,0.1886,0.1322,0.2056,0.1896,0.4963,0.5153,0.5165,0.5068,0.4628,0.5050,0.5503,0.4430,0.4906,0.5344,0.5289,0.5118,0.4471,0.5324,0.5658,0.5405,0.5469,0.5592,0.5151,0.5577,0.4861,0.5311,0.5487,0,0.1098,-1.2936,-4.3513,2.2937
124,0.2480,0.3202,0.2560,1.2654,0.5238,-2.3817,-0.0985,0.1161,0.1925,-0.0002,1.0268,0.9999,0.0001,0.0118,0.0005,-0.0008,-0.0208,0.0002,-0.0088,0.0064,-0.0035,-0.0006,-0.0204,0.0001,-0.0090,0.0064,-0.0024,0.0031,0.0456,-0.0098,0.0043,0.0304,0.0024,0.0046,0.0000,0.0415,-0.0009,-0.0015,0.0322,0.0024,0.0018,0.0000,0.0039,-0.0206,0.0001,0.0209,-0.0372,0.0904,-0.0786,0.0192,-0.0129,0.0248,0.0929,0.2492,-0.0817,0.0535,-0.0108,-0.0007,0.0863,0.2061,0.3078,0.3921,-1.0173,0.3016,-0.2366,0.0212,-0.0298,0.0049,-0.0377,-0.0282,-0.0696,-0.0725,0.0145,-0.0242,-0.0022,-1.0000,-1.0000,-1.0000,-1.0000,-1.0000,-1.0000,4.0932,4.1843,4.2381,-1.0000,5.9600,-1.0000,-1.0000,-1.0000,-1.0000,-1.0000,5.7150,15.2308,5.8633,7.8584,10.6743,8.7599,6.1951,9.1439,8.4418,14.6497,8.0155,11.6420,6.7697,7.7406,7.3342,5.9156,9.2355,8.7529,6.1986,12.1625,6.8332,11.4485,6.1738,6.8238,-1.0000,-1.0000,-1.0000,-1.0000,-1.0000,-1.0000,-1.0000,-1.0000,-1.0000,-1.0000,-1.0000,-1.0000,-1.0000,-1.0000,-1.0000,-1.0000,-1.0000,-1.0000,-1.0000,-1.0000,-1.0000,-1.0000,-1.0000,0.5108,0.5119,0.5021,0.4581,0.5007,0.5458,0.4384,0.4859,0.5299,0.5242,0.5074,0.4427,0.5279,0.5613,0.5356,0.5422,0.5546,0.5103,0.5532,0.4812,0.5265,0.5441,-1.0000,-1.0000,-1.0000,-1.0000,-1.0000,-1.0000,-1.0000,-1.0000,-1.0000,-1.0000,-1.0000,-1.0000,-1.0000,-1.0000,-1.0000,-1.0000,-1.0000,-1.0000,-1.0000,-1.0000,-1.0000,-1.0000,-1.0000,-1.0000,-1.0000,-1.0000,-1.0000,-1.0000,-1.0000,-1.0000,-1.0000,-1.0000,-1.0000,-1.0000,-1.0000,-1.0000,0.5870,0.5572,0.6056,0.5845,0.5913,0.5383,0.2873,0.2820,0.2790,0.3501,0.2108,0.4387,0.3187,0.3100,0.3469,0.3925,0.2180,0.1087,0.2136,0.1703,0.1367,0.1572,0.2044,0.1524,0.1615,0.1113,0.1678,0.1289,0.1907,0.1722,0.1794,0.2120,0.1513,0.1573,0.2043,0.1252,0.1893,0.1304,0.2050,0.1896,0.4915,0.5108,0.5119,0.5021,0.4581,0.5007,0.5458,0.4384,0.4859,0.5299,0.5242,0.5074,0.4427,0.5279,0.5613,0.5356,0.5422,0.5546,0.5103,0.5532,0.4812,0.5265,0.5441,0,0.1087,-1.2936,-4.3513,2.2937
124,0.2480,0.3202,0.2560,1.2654,0.5238,-2.3817,-0.0985,0.1161,0.1925,-0.0002,1.0268,0.9999,0.0001,0.0118,0.0005,-0.0008,-0.0208,0.0002,-0.0088,0.0064,-0.0035,-0.0006,-0.0204,0.0001,-0.0090,0.0064,-0.0024,0.0031,0.0456,-0.0098,0.0043,0.0304,0.0024,0.0046,0.0000,0.0415,-0.0009,-0.0015,0.0322,0.0024,0.0018,0.0000,0.0039,-0.0206,0.0001,0.0209,-0.0372,0.0904,-0.0786,0.0192,-0.0129,0.0248,0.0929,0.2492,-0.0817,0.0535,-0.0108,-0.0007,0.0863,0.2061,0.3078,0.3921,-1.0173,0.3016,-0.2366,0.0212,-0.0298,0.0049,-0.0377,-0.0282,-0.0696,-0.0725,0.0145,-0.0242,-0.0022,-1.0000,-1.0000,-1.0000,-1.0000,-1.0000,-1.0000,4.0932,4.1843,4.2381,-1.0000,5.9600,-1.0000,-1.0000,-1.0000,-1.0000,-1.0000,5.7150,15.2308,5.8633,7.8584,10.6743,8.7599,6.1951,9.1439,8.4418,14.6497,8.0155,11.6420,6.7697,7.7406,7.3342,5.9156,9.2355,8.7529,6.1986,12.1625,6.8332,11.4485,6.1738,6.8238,-1.0000,-1.0000,-1.0000,-1.0000,-1.0000,-1.0000,-1.0000,-1.0000,-1.0000,-1.0000,-1.0000,-1.0000,-1.0000,-1.0000,-1.0000,-1.0000,-1.0000,-1.0000,-1.0000,-1.0000,-1.0000,-1.0000,-1.0000,0.5108,0.5119,0.5021,0.4581,0.5007,0.5458,0.4384,0.4859,0.5299,0.5242,0.5074,0.4427,0.5279,0.5613,0.5356,0.5422,0.5546,0.5103,0.5532,0.4812,0.5265,0.5441,-1.0000,-1.0000,-1.0000,-1.0000,-1.0000,-1.0000,-1.0000,-1.0000,-1.0000,-1.0000,-1.0000,-1.0000,-1.0000,-1.0000,-1.0000,-1.0000,-1.0000,-1.0000,-1.0000,-1.0000,-1.0000,-1.0000,-1.0000,-1.0000,-1.0000,-1.0000,-1.0000,-1.0000,-1.0000,-1.0000,-1.0000,-1.0000,-1.0000,-1.0000,-1.0000,-1.0000,0.5870,0.5572,0.6056,0.5845,0.5913,0.5383,0.2873,0.2820,0.2790,0.3501,0.2108,0.4387,0.3187,0.3100,0.3469,0.3925,0.2180,0.1087,0.2136,0.1703,0.1367,0.1572,0.2044,0.1524,0.1615,0.1113,0.1678,0.1289,0.1907,0.1722,0.1794,0.2120,0.1513,0.1573,0.2043,0.1252,0.1893,0.1304,0.2050,0.1896,0.4915,0.5108,0.5119,0.5021,0.4581,0.5007,0.5458,0.4384,0.4859,0.5299,0.5242,0.5074,0.4427,0.5279,0.5613,0.5356,0.5422,0.5546,0.5103,0.5532,0.4812,0.5265,0.5441,0,0.1087,-1.2936,-4.3513,2.2937
125,0.2500,0.3214,0.2515,1.2651,0.6122,-2.2917,-0.1191,0.1161,0.1925,-0.0002,1.0268,0.9999,0.0001,0.0117,0.0006,-0.0009,-0.0208,0.0002,-0.0087,0.0065,-0.0028,-0.0008,-0.0203,0.0001,-0.0090,0.0064,-0.0021,0.0037,0.0465,-0.0119,0.0049,0.0299,0.0024,0.0045,0.0000,0.0414,-0.0009,-0.0016,0.0321,0.0024,0.0018,-0.0000,0.0031,-0.0228,-0.0008,0.0073,-0.0433,0.0969,-0.0865,0.0259,-0.0003,0.0270,0.0623,0.3745,-0.0885,0.0645,0.0110,-0.0019,0.0384,0.1388,0.3151,0.4041,-1.0374,0.2837,-0.2390,0.0213,-0.0310,0.0051,-0.0409,-0.0315,-0.0660,-0.0658,0.0146,-0.0219,-0.0023,-1.0000,-1.0000,-1.0000,-1.0000,-1.0000,-1.0000,4.1335,4.2663,4.3044,-1.0000,6.1202,-1.0000,-1.0000,-1.0000,-1.0000,-1.0000,5.8596,15.3781,5.8852,7.8792,10.7184,8.8828,6.1959,9.0287,8.5755,14.7931,7.9541,11.5114,6.7590,7.8303,7.2967,5.8845,9.2306,8.6887,6.1769,12.2485,6.7862,11.6466,6.1906,6.8148,-1.0000,-1.0000,-1.0000,-1.0000,-1.0000,-1.0000,-1.0000,-1.0000,-1.0000,-1.0000,-1.0000,-1.0000,-1.0000,-1.0000,-1.0000,-1.0000,-1.0000,-1.0000,-1.0000,-1.0000,-1.0000,-1.0000,-1.0000,0.5067,0.5076,0.4976,0.4538,0.4968,0.5415,0.4342,0.4814,0.5257,0.5199,0.5034,0.4385,0.5237,0.5571,0.5311,0.5378,0.5503,0.5056,0.5489,0.4766,0.5222,0.5396,-1.0000,-1.0000,-1.0000,-1.0000,-1.0000,-1.0000,-1.0000,-1.0000,-1.0000,-1.0000,-1.0000,-1.0000,-1.0000,-1.0000,-1.0000,-1.0000,-1.0000,-1.0000,-1.0000,-1.0000,-1.0000,-1.0000,-1.0000,-1.0000,-1.0000,-1.0000,-1.0000,-1.0000,-1.0000,-1.0000,-1.0000,-1.0000,-1.0000,-1.0000,-1.0000,-1.0000,0.5852,0.5551,0.6036,0.5829,0.5891,0.5370,0.2849,0.2774,0.2753,0.3471,0.2064,0.4354,0.3165,0.3057,0.3438,0.3898,0.2137,0.1080,0.2129,0.1699,0.1363,0.1556,0.2044,0.1538,0.1596,0.1106,0.1687,0.1299,0.1910,0.1707,0.1801,0.2129,0.1513,0.1581,0.2049,0.1246,0.1904,0.1289,0.2045,0.1897,0.4870,0.5067,0.5076,0.4976,0.4538,0.4968,0.5415,0.4342,0.4814,0.5257,0.5199,0.5034,0.4385,0.5237,0.5571,0.5311,0.5378,0.5503,0.5056,0.5489,0.4766,0.5222,0.5396,0,0.1080,-1.2936,-4.3513,2.2937
126,0.2520,0.3228,0.2470,1.2649,0.6728,-2.2282,-0.1338,0.1161,0.1925,-0.0002,1.0268,0.9999,0.0001,0.0117,0.0007,-0.0011,-0.0207,0.0002,-0.0087,0.0065,-0.0021,-0.0010,-0.0202,0.0001,-0.0090,0.0064,-0.0019,0.0043,0.0473,-0.0140,0.0054,0.0295,0.0025,0.0044,0.0000,0.0413,-0.0010,-0.0018,0.0320,0.0024,0.0017,-0.0000,0.0025,-0.0238,0.0009,0.0072,-0.0471,0.1034,-0.0925,0.0307,0.0039,0.0275,0.0340,0.3052,-0.0948,0.0719,0.0148,-0.0021,-0.0012,0.0818,0.3136,0.4107,-1.0369,0.2579,-0.2283,0.0212,-0.0317,0.0052,-0.0477,-0.0303,-0.0629,-0.0594,0.0147,-0.0196,-0.0023,-1.0000,-1.0000,-1.0000,-1.0000,-1.0000,-1.0000,4.1691,4.3475,4.3685,-1.0000,6.2806,-1.0000,-1.0000,-1.0000,-1.0000,-1.0000,6.0032,15.4301,5.8990,7.8832,10.7246,8.9817,6.1838,8.8926,8.6860,14.8503,7.8738,11.3399,6.7336,7.8989,7.2446,5.8473,9.2126,8.6093,6.1492,12.3021,6.7303,11.8163,6.2020,6.7990,-1.0000,-1.0000,-1.0000,-1.0000,-1.0000,-1.0000,-1.0000,-1.0000,-1.0000,-1.0000,-1.0000,-1.0000,-1.0000,-1.0000,-1.0000,-1.0000,-1.0000,-1.0000,-1.0000,-1.0000,-1.0000,-1.0000,-1.0000,0.5027,0.5035,0.4934,0.4497,0.4931,0.5374,0.4301,0.4771,0.5218,0.5157,0.4996,0.4346,0.5198,0.5531,0.5267,0.5336,0.5462,0.5012,0.5449,0.4722,0.5180,0.5354,-1.0000,-1.0000,-1.0000,-1.0000,-1.0000,-1.0000,-1.0000,-1.0000,-1.0000,-1.0000,-1.0000,-1.0000,-1.0000,-1.0000,-1.0000,-1.0000,-1.0000,-1.0000,-1.0000,-1.0000,-1.0000,-1.0000,-1.0000,-1.0000,-1.0000,-1.0000,-1.0000,-1.0000,-1.0000,-1.0000,-1.0000,-1.0000,-1.0000,-1.0000,-1.0000,-1.0000,0.5836,0.5532,0.6017,0.5816,0.5872,0.5357,0.2829,0.2730,0.2719,0.3444,0.2022,0.4323,0.3147,0.3016,0.3409,0.3874,0.2096,0.1078,0.2125,0.1699,0.1362,0.1543,0.2047,0.1555,0.1581,0.1103,0.1700,0.1312,0.1915,0.1696,0.1810,0.2140,0.1516,0.1592,0.2056,0.1243,0.1916,0.1276,0.2042,0.1901,0.4827,0.5027,0.5035,0.4934,0.4497,0.4931,0.5374,0.4301,0.4771,0.5218,0.5157,0.4996,0.4346,0.5198,0.5531,0.5267,0.5336,0.5462,0.5012,0.5449,0.4722,0.5180,0.5354,0,0.1078,-1.2936,-4.3513,2.2937
126,0.2520,0.3228,0.2470,1.2649,0.6728,-2.2282,-0.1338,0.1161,0.1925,-0.0002,1.0268,0.9999,0.0001,0.0117,0.0007,-0.0011,-0.0207,0.0002,-0.0087,0.0065,-0.0021,-0.0010,-0.0202,0.0001,-0.0090,0.0064,-0.0019,0.0043,0.0473,-0.0140,0.0054,0.0295,0.0025,0.0044,0.0000,0.0413,-0.0010,-0.0018,0.0320,0.0024,0.0017,-0.0000,0.0025,-0.0238,0.0009,0.0072,-0.0471,0.1034,-0.0925,0.0307,0.0039,0.0275,0.0340,0.3052,-0.0948,0.0719,0.0148,-0.0021,-0.0012,0.0818,0.3136,0.4107,-1.0369,0.2579,-0.2283,0.0212,-0.0317,0.0052,-0.0477,-0.0303,-0.0629,-0.0594,0.0147,-0.0196,-0.0023,-1.0000,-1.0000,-1.0000,-1.0000,-1.0000,-1.0000,4.1691,4.3475,4.3685,-1.0000,6.2806,-1.0000,-1.0000,-1.0000,-1.0000,-1.0000,6.0032,15.4301,5.8990,7.8832,10.7246,8.9817,6.1838,8.8926,8.6860,14.8503,7.8738,11.3399,6.7336,7.8989,7.2446,5.8473,9.2126,8.6093,6.1492,12.3021,6.7303,11.8163,6.2020,6.7990,-1.0000,-1.0000,-1.0000,-1.0000,-1.0000,-1.0000,-1.0000,-1.0000,-1.0000,-1.0000,-1.0000,-1.0000,-1.0000,-1.0000,-1.0000,-1.0000,-1.0000,-1.0000,-1.0000,-1.0000,-1.0000,-1.0000,-1.0000,0.5027,0.5035,0.4934,0.4497,0.4931,0.5374,0.4301,0.4771,0.5218,0.5157,0.4996,0.4346,0.5198,0.5531,0.5267,0.5336,0.5462,0.5012,0.5449,0.4722,0.5180,0.5354,-1.0000,-1.0000,-1.0000,-1.0000,-1.0000,-1.0000,-1.0000,-1.0000,-1.0000,-1.0000,-1.0000,-1.0000,-1.0000,-1.0000,-1.0000,-1.0000,-1.0000,-1.0000,-1.0000,-1.0000,-1.0000,-1.0000,-1.0000,-1.0000,-1.0000,-1.0000,-1.0000,-1.0000,-1.0000,-1.0000,-1.0000,-1.0000,-1.0000,-1.0000,-1.0000,-1.0000,0.5836,0.5532,0.6017,0.5816,0.5872,0.5357,0.2829,0.2730,0.2719,0.3444,0.2022,0.4323,0.3147,0.3016,0.3409,0.3874,0.2096,0.1078,0.2125,0.1699,0.1362,0.1543,0.2047,0.1555,0.1581,0.1103,0.1700,0.1312,0.1915,0.1696,0.1810,0.2140,0.1516,0.1592,0.2056,0.1243,0.1916,0.1276,0.2042,0.1901,0.4827,0.5027,0.5035,0.4934,0.4497,0.4931,0.5374,0.4301,0.4771,0.5218,0.5157,0.4996,0.4346,0.5198,0.5531,0.5267,0.5336,0.5462,0.5012,0.5449,0.4722,0.5180,0.5354,0,0.1078,-1.2936,-4.3513,2.2937
127,0.2540,0.3242,0.2426,1.2646,0.7146,-2.1810,-0.1438,0.1161,0.1925,-0.0003,1.0268,0.9999,0.0001,0.0116,0.0009,-0.0013,-0.0207,0.0002,-0.0086,0.0066,-0.0017,-0.0012,-0.0200,0.0001,-0.0090,0.0064,-0.0019,0.0050,0.0481,-0.0160,0.0059,0.0291,0.0025,0.0044,0.0000,0.0412,-0.0010,-0.0019,0.0319,0.0025,0.0017,-0.0000,0.0020,-0.0247,0.0023,0.0069,-0.0498,0.1091,-0.0977,0.0344,0.0082,0.0278,0.0087,0.2395,-0.1001,0.0776,0.0187,-0.0018,-0.0363,0.0265,0.3076,0.4124,-1.0258,0.2282,-0.2162,0.0211,-0.0321,0.0052,-0.0566,-0.0287,-0.0587,-0.0534,0.0147,-0.0173,-0.0023,-1.0000,-1.0000,-1.0000,-1.0000,-1.0000,-1.0000,4.2013,4.4288,4.4310,-1.0000,6.4427,-1.0000,-1.0000,-1.0000,-1.0000,-1.0000,6.1470,15.4010,5.9058,7.8727,10.6986,9.0597,6.1621,8.7428,8.7767,14.8377,7.7808,11.1418,6.6978,7.9503,7.1823,5.8062,9.1840,8.5196,6.1173,12.3281,6.6686,11.9614,6.2090,6.7779,-1.0000,-1.0000,-1.0000,-1.0000,-1.0000,-1.0000,-1.0000,-1.0000,-1.0000,-1.0000,-1.0000,-1.0000,-1.0000,-1.0000,-1.0000,-1.0000,-1.0000,-1.0000,-1.0000,-1.0000,-1.0000,-1.0000,-1.0000,0.4989,0.4995,0.4894,0.4457,0.4896,0.5335,0.4262,0.4730,0.5180,0.5117,0.4959,0.4308,0.5160,0.5493,0.5224,0.5295,0.5423,0.4969,0.5410,0.4680,0.5139,0.5313,-1.0000,-1.0000,-1.0000,-1.0000,-1.0000,-1.0000,-1.0000,-1.0000,-1.0000,-1.0000,-1.0000,-1.0000,-1.0000,-1.0000,-1.0000,-1.0000,-1.0000,-1.0000,-1.0000,-1.0000,-1.0000,-1.0000,-1.0000,-1.0000,-1.0000,-1.0000,-1.0000,-1.0000,-1.0000,-1.0000,-1.0000,-1.0000,-1.0000,-1.0000,-1.0000,-1.0000,0.5822,0.5515,0.6000,0.5803,0.5853,0.5346,0.2810,0.2688,0.2687,0.3420,0.1982,0.4294,0.3130,0.2976,0.3383,0.3852,0.2057,0.1079,0.2123,0.1700,0.1365,0.1534,0.2053,0.1574,0.1569,0.1104,0.1715,0.1328,0.1923,0.1688,0.1822,0.2152,0.1519,0.1604,0.2065,0.1241,0.1930,0.1266,0.2041,0.1905,0.4786,0.4989,0.4995,0.4894,0.4457,0.4896,0.5335,0.4262,0.4730,0.5180,0.5117,0.4959,0.4308,0.5160,0.5493,0.5224,0.5295,0.5423,0.4969,0.5410,0.4680,0.5139,0.5313,0,0.1079,-1.2936,-4.3513,2.2937
128,0.2560,0.3257,0.2383,1.2643,0.7375,-2.1511,-0.1561,0.1161,0.1925,-0.0003,1.0268,0.9999,0.0001,0.0116,0.0010,-0.0015,-0.0206,0.0002,-0.0086,0.0065,-0.0013,-0.0014,-0.0199,0.0002,-0.0090,0.0062,-0.0019,0.0056,0.0489,-0.0180,0.0063,0.0286,0.0026,0.0043,0.0001,0.0410,-0.0011,-0.0020,0.0318,0.0025,0.0017,-0.0000,0.0017,-0.0254,0.0033,0.0064,-0.0517,0.1141,-0.1022,0.0374,0.0125,0.0278,-0.0145,0.1762,-0.1047,0.0818,0.0225,-0.0013,-0.0670,-0.0255,0.2980,0.4069,-1.0033,0.1963,-0.2016,0.0209,-0.0324,0.0052,-0.0673,-0.0268,-0.0537,-0.0479,0.0147,-0.0151,-0.0023,-1.0000,-1.0000,-1.0000,-1.0000,-1.0000,-1.0000,4.2307,4.5107,4.4923,-1.0000,6.6075,-1.0000,-1.0000,-1.0000,-1.0000,-1.0000,6.2920,15.3045,5.9066,7.8502,10.6462,9.1195,6.1331,8.5849,8.8504,14.7672,7.6791,10.9268,6.6541,7.9876,7.1130,5.7621,9.1456,8.4222,6.0819,12.3286,6.6027,12.0831,6.2122,6.7523,-1.0000,-1.0000,-1.0000,-1.0000,-1.0000,-1.0000,-1.0000,-1.0000,-1.0000,-1.0000,-1.0000,-1.0000,-1.0000,-1.0000,-1.0000,-1.0000,-1.0000,-1.0000,-1.0000,-1.0000,-1.0000,-1.0000,-1.0000,0.4953,0.4957,0.4855,0.4419,0.4862,0.5298,0.4225,0.4690,0.5144,0.5079,0.4924,0.4272,0.5123,0.5456,0.5182,0.5256,0.5384,0.4927,0.5373,0.4638,0.5099,0.5273,-1.0000,-1.0000,-1.0000,-1.0000,-1.0000,-1.0000,-1.0000,-1.0000,-1.0000,-1.0000,-1.0000,-1.0000,-1.0000,-1.0000,-1.0000,-1.0000,-1.0000,-1.0000,-1.0000,-1.0000,-1.0000,-1.0000,-1.0000,-1.0000,-1.0000,-1.0000,-1.0000,-1.0000,-1.0000,-1.0000,-1.0000,-1.0000,-1.0000,-1.0000,-1.0000,-1.0000,0.5808,0.5498,0.5984,0.5792,0.5836,0.5336,0.2794,0.2647,0.2656,0.3397,0.1943,0.4266,0.3116,0.2938,0.3359,0.3831,0.2019,0.1083,0.2123,0.1704,0.1369,0.1527,0.2061,0.1595,0.1560,0.1107,0.1732,0.1345,0.1933,0.1682,0.1836,0.2166,0.1523,0.1617,0.2074,0.1241,0.1945,0.1258,0.2040,0.1911,0.4746,0.4953,0.4957,0.4855,0.4419,0.4862,0.5298,0.4225,0.4690,0.5144,0.5079,0.4924,0.4272,0.5123,0.5456,0.5182,0.5256,0.5384,0.4927,0.5373,0.4638,0.5099,0.5273,0,0.1083,-1.2936,-4.3513,2.2937
128,0.2560,0.3257,0.2383,1.2643,0.7375,-2.1511,-0.1561,0.1161,0.1925,-0.0003,1.0268,0.9999,0.0001,0.0116,0.0010,-0.0015,-0.0206,0.0002,-0.0086,0.0065,-0.0013,-0.0014,-0.0199,0.0002,-0.0090,0.0062,-0.0019,0.0056,0.0489,-0.0180,0.0063,0.0286,0.0026,0.0043,0.0001,0.0410,-0.0011,-0.0020,0.0318,0.0025,0.0017,-0.0000,0.0017,-0.0254,0.0033,0.0064,-0.0517,0.1141,-0.1022,0.0374,0.0125,0.0278,-0.0145,0.1762,-0.1047,0.0818,0.0225,-0.0013,-0.0670,-0.0255,0.2980,0.4069,-1.0033,0.1963,-0.2016,0.0209,-0.0324,0.0052,-0.0673,-0.0268,-0.0537,-0.0479,0.0147,-0.0151,-0.0023,-1.0000,-1.0000,-1.0000,-1.0000,-1.0000,-1.0000,4.2307,4.5107,4.4923,-1.0000,6.6075,-1.0000,-1.0000,-1.0000,-1.0000,-1.0000,6.2920,15.3045,5.9066,7.8502,10.6462,9.1195,6.1331,8.5849,8.8504,14.7672,7.6791,10.9268,6.6541,7.9876,7.1130,5.7621,9.1456,8.4222,6.0819,12.3286,6.6027,12.0831,6.2122,6.7523,-1.0000,-1.0000,-1.0000,-1.0000,-1.0000,-1.0000,-1.0000,-1.0000,-1.0000,-1.0000,-1.0000,-1.0000,-1.0000,-1.0000,-1.0000,-1.0000,-1.0000,-1.0000,-1.0000,-1.0000,-1.0000,-1.0000,-1.0000,0.4953,0.4957,0.4855,0.4419,0.4862,0.5298,0.4225,0.4690,0.5144,0.5079,0.4924,0.4272,0.5123,0.5456,0.5182,0.5256,0.5384,0.4927,0.5373,0.4638,0.5099,0.5273,-1.0000,-1.0000,-1.0000,-1.0000,-1.0000,-1.0000,-1.0000,-1.0000,-1.0000,-1.0000,-1.0000,-1.0000,-1.0000,-1.0000,-1.0000,-1.0000,-1.0000,-1.0000,-1.0000,-1.0000,-1.0000,-1.0000,-1.0000,-1.0000,-1.0000,-1.0000,-1.0000,-1.0000,-1.0000,-1.0000,-1.0000,-1.0000,-1.0000,-1.0000,-1.0000,-1.0000,0.5808,0.5498,0.5984,0.5792,0.5836,0.5336,0.2794,0.2647,0.2656,0.3397,0.1943,0.4266,0.3116,0.2938,0.3359,0.3831,0.2019,0.1083,0.2123,0.1704,0.1369,0.1527,0.2061,0.1595,0.1560,0.1107,0.1732,0.1345,0.1933,0.1682,0.1836,0.2166,0.1523,0.1617,0.2074,0.1241,0.1945,0.1258,0.2040,0.1911,0.4746,0.4953,0.4957,0.4855,0.4419,0.4862,0.5298,0.4225,0.4690,0.5144,0.5079,0.4924,0.4272,0.5123,0.5456,0.5182,0.5256,0.5384,0.4927,0.5373,0.4638,0.5099,0.5273,0,0.1083,-1.2936,-4.3513,2.2937
129,0.2580,0.3272,0.2341,1.2639,0.7499,-2.1351,-0.1730,0.1161,0.1925,-0.0004,1.0268,0.9999,0.0001,0.0115,0.0011,-0.0017,-0.0205,0.0002,-0.0085,0.0064,-0.0012,-0.0016,-0.0197,0.0002,-0.0090,0.0060,-0.0021,0.0061,0.0497,-0.0200,0.0066,0.0283,0.0026,0.0042,0.0001,0.0409,-0.0011,-0.0021,0.0317,0.0025,0.0016,-0.0000,0.0013,-0.0261,0.0036,0.0036,-0.0532,0.1183,-0.1061,0.0408,0.0215,0.0273,-0.0445,0.0718,-0.1085,0.0853,0.0289,-0.0005,-0.0938,-0.0740,0.2867,0.3967,-0.9731,0.1632,-0.1874,0.0206,-0.0326,0.0052,-0.0788,-0.0258,-0.0480,-0.0427,0.0148,-0.0129,-0.0022,-1.0000,-1.0000,-1.0000,-1.0000,-1.0000,-1.0000,4.2580,4.5939,4.5529,-1.0000,6.7764,-1.0000,-1.0000,4.0473,-1.0000,-1.0000,6.4393,15.1532,5.9022,7.8172,10.5715,9.1634,6.0987,8.4228,8.9101,14.6531,7.5726,10.7034,6.6053,8.0138,7.0394,5.7165,9.0996,8.3204,6.0444,12.3080,6.5347,12.1850,6.2125,6.7235,-1.0000,-1.0000,-1.0000,-1.0000,-1.0000,-1.0000,-1.0000,-1.0000,-1.0000,-1.0000,-1.0000,-1.0000,-1.0000,-1.0000,-1.0000,-1.0000,-1.0000,-1.0000,-1.0000,-1.0000,-1.0000,-1.0000,-1.0000,0.4917,0.4919,0.4816,0.4382,0.4829,0.5261,0.4188,0.4651,0.5109,0.5041,0.4890,0.4237,0.5088,0.5419,0.5141,0.5217,0.5346,0.4885,0.5336,0.4597,0.5060,0.5234,-1.0000,-1.0000,-1.0000,-1.0000,-1.0000,-1.0000,-1.0000,-1.0000,-1.0000,-1.0000,-1.0000,-1.0000,-1.0000,-1.0000,-1.0000,-1.0000,-1.0000,-1.0000,-1.0000,-1.0000,-1.0000,-1.0000,-1.0000,-1.0000,-1.0000,-1.0000,-1.0000,-1.0000,-1.0000,-1.0000,-1.0000,-1.0000,-1.0000,-1.0000,-1.0000,-1.0000,0.5796,0.5482,0.5969,0.5781,0.5819,0.5327,0.2779,0.2607,0.2626,0.3375,0.1906,0.4239,0.3103,0.2901,0.3335,0.3812,0.1983,0.1090,0.2124,0.1709,0.1376,0.1521,0.2070,0.1617,0.1552,0.1112,0.1751,0.1364,0.1944,0.1678,0.1851,0.2179,0.1529,0.1632,0.2084,0.1243,0.1960,0.1251,0.2040,0.1917,0.4707,0.4917,0.4919,0.4816,0.4382,0.4829,0.5261,0.4188,0.4651,0.5109,0.5041,0.4890,0.4237,0.5088,0.5419,0.5141,0.5217,0.5346,0.4885,0.5336,0.4597,0.5060,0.5234,0,0.1090,-1.2936,-4.3513,2.2937
129,0.2580,0.3272,0.2341,1.2639,0.7499,-2.1351,-0.1730,0.1161,0.1925,-0.0004,1.0268,0.9999,0.0001,0.0115,0.0011,-0.0017,-0.0205,0.0002,-0.0085,0.0064,-0.0012,-0.0016,-0.0197,0.0002,-0.0090,0.0060,-0.0021,0.0061,0.0497,-0.0200,0.0066,0.0283,0.0026,0.0042,0.0001,0.0409,-0.0011,-0.0021,0.0317,0.0025,0.0016,-0.0000,0.0013,-0.0261,0.0036,0.0036,-0.0532,0.1183,-0.1061,0.0408,0.0215,0.0273,-0.0445,0.0718,-0.1085,0.0853,0.0289,-0.0005,-0.0938,-0.0740,0.2867,0.3967,-0.9731,0.1632,-0.1874,0.0206,-0.0326,0.0052,-0.0788,-0.0258,-0.0480,-0.0427,0.0148,-0.0129,-0.0022,-1.0000,-1.0000,-1.0000,-1.0000,-1.0000,-1.0000,4.2580,4.5939,4.5529,-1.0000,6.7764,-1.0000,-1.0000,4.0473,-1.0000,-1.0000,6.4393,15.1532,5.9022,7.8172,10.5715,9.1634,6.0987,8.4228,8.9101,14.6531,7.5726,10.7034,6.6053,8.0138,7.0394,5.7165,9.0996,8.3204,6.0444,12.3080,6.5347,12.1850,6.2125,6.7235,-1.0000,-1.0000,-1.0000,-1.0000,-1.0000,-1.0000,-1.0000,-1.0000,-1.0000,-1.0000,-1.0000,-1.0000,-1.0000,-1.0000,-1.0000,-1.0000,-1.0000,-1.0000,-1.0000,-1.0000,-1.0000,-1.0000,-1.0000,0.4917,0.4919,0.4816,0.4382,0.4829,0.5261,0.4188,0.4651,0.5109,0.5041,0.4890,0.4237,0.5088,0.5419,0.5141,0.5217,0.5346,0.4885,0.5336,0.4597,0.5060,0.5234,-1.0000,-1.0000,-1.0000,-1.0000,-1.0000,-1.0000,-1.0000,-1.0000,-1.0000,-1.0000,-1.0000,-1.0000,-1.0000,-1.0000,-1.0000,-1.0000,-1.0000,-1.0000,-1.0000,-1.0000,-1.0000,-1.0000,-1.0000,-1.0000,-1.0000,-1.0000,-1.0000,-1.0000,-1.0000,-1.0000,-1.0000,-1.0000,-1.0000,-1.0000,-1.0000,-1.0000,0.5796,0.5482,0.5969,0.5781,0.5819,0.5327,0.2779,0.2607,0.2626,0.3375,0.1906,0.4239,0.3103,0.2901,0.3335,0.3812,0.1983,0.1090,0.2124,0.1709,0.1376,0.1521,0.2070,0.1617,0.1552,0.1112,0.1751,0.1364,0.1944,0.1678,0.1851,0.2179,0.1529,0.1632,0.2084,0.1243,0.1960,0.1251,0.2040,0.1917,0.4707,0.4917,0.4919,0.4816,0.4382,0.4829,0.5261,0.4188,0.4651,0.5109,0.5041,0.4890,0.4237,0.5088,0.5419,0.5141,0.5217,0.5346,0.4885,0.5336,0.4597,0.5060,0.5234,0,0.1090,-1.2936,-4.3513,2.2937
130,0.2600,0.3287,0.2298,1.2635,0.7573,-2.1258,-0.1910,0.1161,0.1925,-0.0005,1.0268,0.9999,0.0001,0.0115,0.0012,-0.0020,-0.0204,0.0003,-0.0085,0.0063,-0.0012,-0.0019,-0.0195,0.0003,-0.0090,0.0058,-0.0023,0.0067,0.0505,-0.0219,0.0069,0.0279,0.0026,0.0042,0.0001,0.0407,-0.0012,-0.0022,0.0316,0.0026,0.0016,-0.0000,0.0011,-0.0266,0.0037,0.0007,-0.0545,0.1221,-0.1096,0.0439,0.0303,0.0266,-0.0711,-0.0259,-0.1120,0.0881,0.0352,0.0004,-0.1173,-0.1198,0.2744,0.3843,-0.9384,0.1297,-0.1728,0.0204,-0.0327,0.0051,-0.0907,-0.0246,-0.0421,-0.0379,0.0148,-0.0107,-0.0022,-1.0000,-1.0000,-1.0000,-1.0000,-1.0000,-1.0000,4.2840,4.6789,4.6131,-1.0000,6.9510,-1.0000,-1.0000,4.1080,-1.0000,-1.0000,6.5899,14.9561,5.8926,7.7746,10.4773,9.1928,6.0603,8.2588,8.9574,14.5053,7.4634,10.4767,6.5530,8.0310,6.9633,5.6700,9.0473,8.2162,6.0055,12.2696,6.4658,12.2698,6.2106,6.6923,-1.0000,-1.0000,-1.0000,-1.0000,-1.0000,-1.0000,-1.0000,-1.0000,-1.0000,-1.0000,-1.0000,-1.0000,-1.0000,-1.0000,-1.0000,-1.0000,-1.0000,-1.0000,-1.0000,-1.0000,-1.0000,-1.0000,-1.0000,0.4882,0.4882,0.4778,0.4345,0.4797,0.5225,0.4152,0.4612,0.5074,0.5003,0.4857,0.4202,0.5053,0.5383,0.5100,0.5178,0.5309,0.4844,0.5299,0.4556,0.5021,0.5195,-1.0000,-1.0000,-1.0000,-1.0000,-1.0000,-1.0000,-1.0000,-1.0000,-1.0000,-1.0000,-1.0000,-1.0000,-1.0000,-1.0000,-1.0000,-1.0000,-1.0000,-1.0000,-1.0000,-1.0000,-1.0000,-1.0000,-1.0000,-1.0000,-1.0000,-1.0000,-1.0000,-1.0000,-1.0000,-1.0000,-1.0000,-1.0000,-1.0000,-1.0000,-1.0000,-1.0000,0.5784,0.5467,0.5955,0.5772,0.5803,0.5319,0.2764,0.2567,0.2598,0.3355,0.1869,0.4213,0.3091,0.2864,0.3313,0.3793,0.1948,0.1099,0.2127,0.1716,0.1384,0.1518,0.2080,0.1641,0.1546,0.1119,0.1770,0.1385,0.1956,0.1675,0.1866,0.2194,0.1535,0.1647,0.2095,0.1245,0.1977,0.1245,0.2040,0.1924,0.4668,0.4882,0.4882,0.4778,0.4345,0.4797,0.5225,0.4152,0.4612,0.5074,0.5003,0.4857,0.4202,0.5053,0.5383,0.5100,0.5178,0.5309,0.4844,0.5299,0.4556,0.5021,0.5195,0,0.1099,-1.2936,-4.3513,2.2937
131,0.2620,0.3302,0.2256,1.2631,0.7578,-2.1252,-0.2106,0.1161,0.1925,-0.0005,1.0268,0.9999,0.0001,0.0114,0.0013,-0.0022,-0.0203,0.0004,-0.0084,0.0061,-0.0015,-0.0021,-0.0193,0.0004,-0.0090,0.0055,-0.0026,0.0072,0.0512,-0.0237,0.0071,0.0276,0.0027,0.0041,0.0001,0.0405,-0.0012,-0.0022,0.0315,0.0026,0.0016,-0.0000,0.0008,-0.0271,0.0037,-0.0022,-0.0555,0.1254,-0.1126,0.0465,0.0387,0.0260,-0.0946,-0.1174,-0.1149,0.0903,0.0412,0.0015,-0.1379,-0.1627,0.2609,0.3690,-0.8985,0.0962,-0.1575,0.0200,-0.0327,0.0050,-0.1032,-0.0233,-0.0361,-0.0335,0.0149,-0.0086,-0.0022,-1.0000,-1.0000,-1.0000,-1.0000,-1.0000,-1.0000,4.3087,4.7662,4.6729,-1.0000,7.1322,-1.0000,-1.0000,4.1694,-1.0000,-1.0000,6.7442,14.7201,5.8783,7.7231,10.3658,9.2082,6.0186,8.0944,8.9930,14.3296,7.3526,10.2492,6.4980,8.0402,6.8856,5.6232,8.9895,8.1104,5.9657,12.2149,6.3963,12.3385,6.2069,6.6592,-1.0000,-1.0000,-1.0000,-1.0000,-1.0000,-1.0000,-1.0000,-1.0000,-1.0000,-1.0000,-1.0000,-1.0000,-1.0000,-1.0000,-1.0000,-1.0000,-1.0000,-1.0000,-1.0000,-1.0000,-1.0000,-1.0000,-1.0000,0.4847,0.4846,0.4741,0.4309,0.4766,0.5189,0.4117,0.4573,0.5039,0.4966,0.4824,0.4168,0.5018,0.5347,0.5060,0.5140,0.5271,0.4803,0.5263,0.4515,0.4983,0.5156,-1.0000,-1.0000,-1.0000,-1.0000,-1.0000,-1.0000,-1.0000,-1.0000,-1.0000,-1.0000,-1.0000,-1.0000,-1.0000,-1.0000,-1.0000,-1.0000,-1.0000,-1.0000,-1.0000,-1.0000,-1.0000,-1.0000,-1.0000,-1.0000,-1.0000,-1.0000,-1.0000,-1.0000,-1.0000,-1.0000,-1.0000,-1.0000,-1.0000,-1.0000,-1.0000,-1.0000,0.5773,0.5453,0.5941,0.5763,0.5788,0.5311,0.2751,0.2528,0.2570,0.3335,0.1832,0.4188,0.3080,0.2828,0.3291,0.3776,0.1913,0.1109,0.2131,0.1725,0.1395,0.1516,0.2092,0.1665,0.1542,0.1128,0.1790,0.1406,0.1969,0.1674,0.1882,0.2208,0.1542,0.1663,0.2106,0.1249,0.1993,0.1241,0.2041,0.1932,0.4630,0.4847,0.4846,0.4741,0.4309,0.4766,0.5189,0.4117,0.4573,0.5039,0.4966,0.4824,0.4168,0.5018,0.5347,0.5060,0.5140,0.5271,0.4803,0.5263,0.4515,0.4983,0.5156,0,0.1109,-1.2936,-4.3513,2.2937
131,0.2620,0.3302,0.2256,1.2631,0.7578,-2.1252,-0.2106,0.1161,0.1925,-0.0005,1.0268,0.9999,0.0001,0.0114,0.0013,-0.0022,-0.0203,0.0004,-0.0084,0.0061,-0.0015,-0.0021,-0.0193,0.0004,-0.0090,0.0055,-0.0026,0.0072,0.0512,-0.0237,0.0071,0.0276,0.0027,0.0041,0.0001,0.0405,-0.0012,-0.0022,0.0315,0.0026,0.0016,-0.0000,0.0008,-0.0271,0.0037,-0.0022,-0.0555,0.1254,-0.1126,0.0465,0.0387,0.0260,-0.0946,-0.1174,-0.1149,0.0903,0.0412,0.0015,-0.1379,-0.1627,0.2609,0.3690,-0.8985,0.0962,-0.1575,0.0200,-0.0327,0.0050,-0.1032,-0.0233,-0.0361,-0.0335,0.0149,-0.0086,-0.0022,-1.0000,-1.0000,-1.0000,-1.0000,-1.0000,-1.0000,4.3087,4.7662,4.6729,-1.0000,7.1322,-1.0000,-1.0000,4.1694,-1.0000,-1.0000,6.7442,14.7201,5.8783,7.7231,10.3658,9.2082,6.0186,8.0944,8.9930,14.3296,7.3526,10.2492,6.4980,8.0402,6.8856,5.6232,8.9895,8.1104,5.9657,12.2149,6.3963,12.3385,6.2069,6.6592,-1.0000,-1.0000,-1.0000,-1.0000,-1.0000,-1.0000,-1.0000,-1.0000,-1.0000,-1.0000,-1.0000,-1.0000,-1.0000,-1.0000,-1.0000,-1.0000,-1.0000,-1.0000,-1.0000,-1.0000,-1.0000,-1.0000,-1.0000,0.4847,0.4846,0.4741,0.4309,0.4766,0.5189,0.4117,0.4573,0.5039,0.4966,0.4824,0.4168,0.5018,0.5347,0.5060,0.5140,0.5271,0.4803,0.5263,0.4515,0.4983,0.5156,-1.0000,-1.0000,-1.0000,-1.0000,-1.0000,-1.0000,-1.0000,-1.0000,-1.0000,-1.0000,-1.0000,-1.0000,-1.0000,-1.0000,-1.0000,-1.0000,-1.0000,-1.0000,-1.0000,-1.0000,-1.0000,-1.0000,-1.0000,-1.0000,-1.0000,-1.0000,-1.0000,-1.0000,-1.0000,-1.0000,-1.0000,-1.0000,-1.0000,-1.0000,-1.0000,-1.0000,0.5773,0.5453,0.5941,0.5763,0.5788,0.5311,0.2751,0.2528,0.2570,0.3335,0.1832,0.4188,0.3080,0.2828,0.3291,0.3776,0.1913,0.1109,0.2131,0.1725,0.1395,0.1516,0.2092,0.1665,0.1542,0.1128,0.1790,0.1406,0.1969,0.1674,0.1882,0.2208,0.1542,0.1663,0.2106,0.1249,0.1993,0.1241,0.2041,0.1932,0.4630,0.4847,0.4846,0.4741,0.4309,0.4766,0.5189,0.4117,0.4573,0.5039,0.4966,0.4824,0.4168,0.5018,0.5347,0.5060,0.5140,0.5271,0.4803,0.5263,0.4515,0.4983,0.5156,0,0.1109,-1.2936,-4.3513,2.2937
132,0.2640,0.3317,0.2213,1.2627,0.7578,-2.1252,-0.2302,0.1161,0.1925,-0.0006,1.0268,0.9999,0.0001,0.0113,0.0015,-0.0024,-0.0202,0.0004,-0.0084,0.0059,-0.0018,-0.0023,-0.0191,0.0004,-0.0090,0.0053,-0.0026,0.0077,0.0519,-0.0254,0.0072,0.0273,0.0027,0.0040,0.0001,0.0403,-0.0013,-0.0023,0.0315,0.0026,0.0016,-0.0000,0.0006,-0.0274,0.0023,0.0061,-0.0568,0.1293,-0.1155,0.0494,0.0313,0.0247,-0.1135,-0.1611,-0.1187,0.0886,0.0227,0.0062,-0.1269,0.0234,0.2454,0.3542,-0.8534,0.0623,-0.1406,0.0197,-0.0325,0.0049,-0.1174,-0.0174,-0.0315,-0.0354,0.0148,-0.0067,-0.0021,-1.0000,-1.0000,-1.0000,-1.0000,-1.0000,-1.0000,4.3327,4.8563,4.7326,-1.0000,7.3213,-1.0000,-1.0000,4.2320,-1.0000,-1.0000,6.9031,14.4528,5.8594,7.6634,10.2394,9.2105,5.9742,7.9308,9.0179,14.1326,7.2414,10.0236,6.4414,8.0427,6.8074,5.5763,8.9270,8.0042,5.9253,12.1461,6.3270,12.3923,6.2016,6.6245,-1.0000,-1.0000,-1.0000,-1.0000,-1.0000,-1.0000,-1.0000,-1.0000,-1.0000,-1.0000,-1.0000,-1.0000,-1.0000,-1.0000,-1.0000,-1.0000,-1.0000,-1.0000,-1.0000,-1.0000,-1.0000,-1.0000,-1.0000,0.4812,0.4810,0.4703,0.4272,0.4734,0.5154,0.4082,0.4535,0.5005,0.4929,0.4790,0.4134,0.4983,0.5311,0.5019,0.5102,0.5234,0.4762,0.5227,0.4475,0.4944,0.5117,-1.0000,-1.0000,-1.0000,-1.0000,-1.0000,-1.0000,-1.0000,-1.0000,-1.0000,-1.0000,-1.0000,-1.0000,-1.0000,-1.0000,-1.0000,-1.0000,-1.0000,-1.0000,-1.0000,-1.0000,-1.0000,-1.0000,-1.0000,-1.0000,-1.0000,-1.0000,-1.0000,-1.0000,-1.0000,-1.0000,-1.0000,-1.0000,-1.0000,-1.0000,-1.0000,-1.0000,0.5763,0.5439,0.5928,0.5755,0.5774,0.5304,0.2738,0.2489,0.2543,0.3316,0.1796,0.4163,0.3069,0.2793,0.3270,0.3759,0.1879,0.1122,0.2137,0.1735,0.1407,0.1516,0.2104,0.1691,0.1539,0.1138,0.1811,0.1428,0.1983,0.1673,0.1899,0.2223,0.1550,0.1679,0.2118,0.1253,0.2011,0.1237,0.2043,0.1940,0.4592,0.4812,0.4810,0.4703,0.4272,0.4734,0.5154,0.4082,0.4535,0.5005,0.4929,0.4790,0.4134,0.4983,0.5311,0.5019,0.5102,0.5234,0.4762,0.5227,0.4475,0.4944,0.5117,0,0.1122,-1.2936,-4.3513,2.2937
133,0.2660,0.3332,0.2171,1.2622,0.7578,-2.1252,-0.2498,0.1161,0.1925,-0.0006,1.0268,0.9999,0.0001,0.0113,0.0016,-0.0027,-0.0201,0.0005,-0.0083,0.0057,-0.0020,-0.0026,-0.0190,0.0005,-0.0090,0.0051,-0.0025,0.0082,0.0526,-0.0270,0.0072,0.0271,0.0028,0.0040,0.0001,0.0400,-0.0013,-0.0024,0.0314,0.0026,0.0016,-0.0000,0.0004,-0.0282,0.0049,0.0046,-0.0575,0.1320,-0.1187,0.0466,0.0315,0.0268,-0.0870,-0.1060,-0.1218,0.0849,0.0238,0.0108,-0.1004,0.0571,0.2319,0.3395,-0.8117,0.0309,-0.1208,0.0194,-0.0322,0.0047,-0.1286,-0.0146,-0.0257,-0.0272,0.0148,-0.0045,-0.0021,-1.0000,-1.0000,-1.0000,-1.0000,-1.0000,-1.0000,4.3557,4.9491,4.7919,-1.0000,7.5184,-1.0000,-1.0000,4.2956,-1.0000,-1.0000,7.0663,14.1587,5.8359,7.5961,10.0993,9.1996,5.9274,7.7684,9.0319,13.9168,7.1301,9.8007,6.3832,8.0384,6.7286,5.5294,8.8603,7.8978,5.8844,12.0640,6.2581,12.4311,6.1949,6.5885,-1.0000,-1.0000,-1.0000,-1.0000,-1.0000,-1.0000,-1.0000,-1.0000,-1.0000,-1.0000,-1.0000,-1.0000,-1.0000,-1.0000,-1.0000,-1.0000,-1.0000,-1.0000,-1.0000,-1.0000,-1.0000,-1.0000,-1.0000,0.4779,0.4774,0.4666,0.4237,0.4703,0.5118,0.4047,0.4497,0.4971,0.4892,0.4758,0.4100,0.4948,0.5275,0.4978,0.5064,0.5197,0.4721,0.5190,0.4434,0.4905,0.5078,-1.0000,-1.0000,-1.0000,-1.0000,-1.0000,-1.0000,-1.0000,-1.0000,-1.0000,-1.0000,-1.0000,-1.0000,-1.0000,-1.0000,-1.0000,-1.0000,-1.0000,-1.0000,-1.0000,-1.0000,-1.0000,-1.0000,-1.0000,-1.0000,-1.0000,-1.0000,-1.0000,-1.0000,-1.0000,-1.0000,-1.0000,-1.0000,-1.0000,-1.0000,-1.0000,-1.0000,0.5753,0.5426,0.5916,0.5747,0.5760,0.5298,0.2726,0.2451,0.2517,0.3297,0.1760,0.4139,0.3060,0.2758,0.3249,0.3742,0.1845,0.1136,0.2144,0.1747,0.1420,0.1517,0.2117,0.1717,0.1537,0.1149,0.1833,0.1450,0.1997,0.1674,0.1916,0.2239,0.1559,0.1696,0.2129,0.1259,0.2028,0.1234,0.2044,0.1948,0.4554,0.4779,0.4774,0.4666,0.4237,0.4703,0.5118,0.4047,0.4497,0.4971,0.4892,0.4758,0.4100,0.4948,0.5275,0.4978,0.5064,0.5197,0.4721,0.5190,0.4434,0.4905,0.5078,0,0.1136,-1.2936,-4.3513,2.2937
133,0.2660,0.3332,0.2171,1.2622,0.7578,-2.1252,-0.2498,0.1161,0.1925,-0.0006,1.0268,0.9999,0.0001,0.0113,0.0016,-0.0027,-0.0201,0.0005,-0.0083,0.0057,-0.0020,-0.0026,-0.0190,0.0005,-0.0090,0.0051,-0.0025,0.0082,0.0526,-0.0270,0.0072,0.0271,0.0028,0.0040,0.0001,0.0400,-0.0013,-0.0024,0.0314,0.0026,0.0016,-0.0000,0.0004,-0.0282,0.0049,0.0046,-0.0575,0.1320,-0.1187,0.0466,0.0315,0.0268,-0.0870,-0.1060,-0.1218,0.0849,0.0238,0.0108,-0.1004,0.0571,0.2319,0.3395,-0.8117,0.0309,-0.1208,0.0194,-0.0322,0.0047,-0.1286,-0.0146,-0.0257,-0.0272,0.0148,-0.0045,-0.0021,-1.0000,-1.0000,-1.0000,-1.0000,-1.0000,-1.0000,4.3557,4.9491,4.7919,-1.0000,7.5184,-1.0000,-1.0000,4.2956,-1.0000,-1.0000,7.0663,14.1587,5.8359,7.5961,10.0993,9.1996,5.9274,7.7684,9.0319,13.9168,7.1301,9.8007,6.3832,8.0384,6.7286,5.5294,8.8603,7.8978,5.8844,12.0640,6.2581,12.4311,6.1949,6.5885,-1.0000,-1.0000,-1.0000,-1.0000,-1.0000,-1.0000,-1.0000,-1.0000,-1.0000,-1.0000,-1.0000,-1.0000,-1.0000,-1.0000,-1.0000,-1.0000,-1.0000,-1.0000,-1.0000,-1.0000,-1.0000,-1.0000,-1.0000,0.4779,0.4774,0.4666,0.4237,0.4703,0.5118,0.4047,0.4497,0.4971,0.4892,0.4758,0.4100,0.4948,0.5275,0.4978,0.5064,0.5197,0.4721,0.5190,0.4434,0.4905,0.5078,-1.0000,-1.0000,-1.0000,-1.0000,-1.0000,-1.0000,-1.0000,-1.0000,-1.0000,-1.0000,-1.0000,-1.0000,-1.0000,-1.0000,-1.0000,-1.0000,-1.0000,-1.0000,-1.0000,-1.0000,-1.0000,-1.0000,-1.0000,-1.0000,-1.0000,-1.0000,-1.0000,-1.0000,-1.0000,-1.0000,-1.0000,-1.0000,-1.0000,-1.0000,-1.0000,-1.0000,0.5753,0.5426,0.5916,0.5747,0.5760,0.5298,0.2726,0.2451,0.2517,0.3297,0.1760,0.4139,0.3060,0.2758,0.3249,0.3742,0.1845,0.1136,0.2144,0.1747,0.1420,0.1517,0.2117,0.1717,0.1537,0.1149,0.1833,0.1450,0.1997,0.1674,0.1916,0.2239,0.1559,0.1696,0.2129,0.1259,0.2028,0.1234,0.2044,0.1948,0.4554,0.4779,0.4774,0.4666,0.4237,0.4703,0.5118,0.4047,0.4497,0.4971,0.4892,0.4758,0.4100,0.4948,0.5275,0.4978,0.5064,0.5197,0.4721,0.5190,0.4434,0.4905,0.5078,0,0.1136,-1.2936,-4.3513,2.2937
134,0.2680,0.3348,0.2128,1.2616,0.7578,-2.1252,-0.2694,0.1161,0.1925,-0.0007,1.0268,0.9999,0.0002,0.0112,0.0017,-0.0029,-0.0200,0.0005,-0.0083,0.0056,-0.0021,-0.0028,-0.0188,0.0005,-0.0089,0.0052,-0.0024,0.0086,0.0533,-0.0285,0.0072,0.0269,0.0028,0.0039,0.0001,0.0397,-0.0013,-0.0024,0.0313,0.0027,0.0016,-0.0000,0.0001,-0.0276,0.0019,0.0284,-0.0599,0.1373,-0.1235,0.0461,-0.0003,0.0281,-0.0628,-0.0471,-0.1175,0.0680,-0.0045,0.0288,0.0591,0.0566,0.2133,0.3250,-0.7615,-0.0025,-0.1016,0.0189,-0.0318,0.0046,-0.1451,-0.0037,-0.0234,-0.0373,0.0146,-0.0030,-0.0020,-1.0000,-1.0000,-1.0000,-1.0000,-1.0000,-1.0000,4.3778,5.0449,4.8506,-1.0000,7.7242,-1.0000,-1.0000,4.3601,-1.0000,-1.0000,7.2337,13.8425,5.8081,7.5216,9.9472,9.1755,5.8782,7.6077,9.0347,13.6848,7.0189,9.5809,6.3237,8.0273,6.6496,5.4827,8.7897,7.7914,5.8432,11.9695,6.1894,12.4545,6.1869,6.5512,-1.0000,-1.0000,-1.0000,-1.0000,-1.0000,-1.0000,-1.0000,-1.0000,-1.0000,-1.0000,-1.0000,-1.0000,-1.0000,-1.0000,-1.0000,-1.0000,-1.0000,-1.0000,-1.0000,-1.0000,-1.0000,-1.0000,-1.0000,0.4745,0.4739,0.4630,0.4201,0.4672,0.5083,0.4012,0.4458,0.4937,0.4856,0.4725,0.4066,0.4913,0.5239,0.4937,0.5025,0.5159,0.4680,0.5154,0.4393,0.4866,0.5039,-1.0000,-1.0000,-1.0000,-1.0000,-1.0000,-1.0000,-1.0000,-1.0000,-1.0000,-1.0000,-1.0000,-1.0000,-1.0000,-1.0000,-1.0000,-1.0000,-1.0000,-1.0000,-1.0000,-1.0000,-1.0000,-1.0000,-1.0000,-1.0000,-1.0000,-1.0000,-1.0000,-1.0000,-1.0000,-1.0000,-1.0000,-1.0000,-1.0000,-1.0000,-1.0000,-1.0000,0.5744,0.5414,0.5905,0.5740,0.5747,0.5293,0.2714,0.2412,0.2492,0.3279,0.1725,0.4115,0.3051,0.2724,0.3228,0.3727,0.1812,0.1152,0.2152,0.1760,0.1435,0.1520,0.2131,0.1744,0.1537,0.1161,0.1855,0.1474,0.2011,0.1676,0.1934,0.2254,0.1568,0.1714,0.2141,0.1266,0.2046,0.1233,0.2046,0.1956,0.4516,0.4745,0.4739,0.4630,0.4201,0.4672,0.5083,0.4012,0.4458,0.4937,0.4856,0.4725,0.4066,0.4913,0.5239,0.4937,0.5025,0.5159,0.4680,0.5154,0.4393,0.4866,0.5039,0,0.1152,-1.2936,-4.3513,2.2937
135,0.2700,0.3363,0.2086,1.2610,0.7578,-2.1252,-0.2891,0.1161,0.1925,-0.0007,1.0268,0.9999,0.0002,0.0112,0.0019,-0.0031,-0.0200,0.0006,-0.0082,0.0057,-0.0022,-0.0030,-0.0187,0.0005,-0.0088,0.0053,-0.0022,0.0090,0.0539,-0.0300,0.0072,0.0267,0.0028,0.0039,0.0001,0.0394,-0.0013,-0.0024,0.0313,0.0027,0.0016,-0.0000,0.0001,-0.0297,-0.0000,0.0012,-0.0623,0.1388,-0.1164,0.0301,0.0352,0.0437,0.0764,-0.0434,-0.1215,0.0711,0.0284,0.0294,0.0510,0.0903,0.2038,0.3056,-0.7292,-0.0277,-0.0988,0.0187,-0.0319,0.0045,-0.1539,-0.0097,-0.0142,-0.0271,0.0149,-0.0008,-0.0020,-1.0000,-1.0000,-1.0000,-1.0000,-1.0000,-1.0000,4.3989,5.1434,4.9085,-1.0000,7.9386,-1.0000,-1.0000,4.4254,-1.0000,-1.0000,7.4047,13.5092,5.7759,7.4405,9.7845,9.1381,5.8269,7.4492,9.0260,13.4390,6.9081,9.3648,6.2628,8.0091,6.5703,5.4361,8.7155,7.6854,5.8016,11.8633,6.1212,12.4620,6.1775,6.5128,-1.0000,-1.0000,-1.0000,-1.0000,-1.0000,-1.0000,-1.0000,-1.0000,-1.0000,-1.0000,-1.0000,-1.0000,-1.0000,-1.0000,-1.0000,-1.0000,-1.0000,-1.0000,-1.0000,-1.0000,-1.0000,-1.0000,-1.0000,0.4712,0.4703,0.4593,0.4166,0.4642,0.5048,0.3977,0.4420,0.4903,0.4819,0.4692,0.4033,0.4879,0.5203,0.4896,0.4987,0.5122,0.4639,0.5118,0.4353,0.4827,0.5000,-1.0000,-1.0000,-1.0000,-1.0000,-1.0000,-1.0000,-1.0000,-1.0000,-1.0000,-1.0000,-1.0000,-1.0000,-1.0000,-1.0000,-1.0000,-1.0000,-1.0000,-1.0000,-1.0000,-1.0000,-1.0000,-1.0000,-1.0000,-1.0000,-1.0000,-1.0000,-1.0000,-1.0000,-1.0000,-1.0000,-1.0000,-1.0000,-1.0000,-1.0000,-1.0000,-1.0000,0.5736,0.5403,0.5894,0.5734,0.5735,0.5289,0.2703,0.2374,0.2467,0.3262,0.1690,0.4093,0.3044,0.2690,0.3208,0.3712,0.1781,0.1170,0.2161,0.1774,0.1452,0.1524,0.2146,0.1772,0.1538,0.1174,0.1878,0.1498,0.2027,0.1679,0.1952,0.2270,0.1577,0.1731,0.2154,0.1273,0.2064,0.1232,0.2049,0.1965,0.4478,0.4712,0.4703,0.4593,0.4166,0.4642,0.5048,0.3977,0.4420,0.4903,0.4819,0.4692,0.4033,0.4879,0.5203,0.4896,0.4987,0.5122,0.4639,0.5118,0.4353,0.4827,0.5000,0,0.1170,-1.2936,-4.3513,2.2937
135,0.2700,0.3363,0.2086,1.2610,0.7578,-2.1252,-0.2891,0.1161,0.1925,-0.0007,1.0268,0.9999,0.0002,0.0112,0.0019,-0.0031,-0.0200,0.0006,-0.0082,0.0057,-0.0022,-0.0030,-0.0187,0.0005,-0.0088,0.0053,-0.0022,0.0090,0.0539,-0.0300,0.0072,0.0267,0.0028,0.0039,0.0001,0.0394,-0.0013,-0.0024,0.0313,0.0027,0.0016,-0.0000,0.0001,-0.0297,-0.0000,0.0012,-0.0623,0.1388,-0.1164,0.0301,0.0352,0.0437,0.0764,-0.0434,-0.1215,0.0711,0.0284,0.0294,0.0510,0.0903,0.2038,0.3056,-0.7292,-0.0277,-0.0988,0.0187,-0.0319,0.0045,-0.1539,-0.0097,-0.0142,-0.0271,0.0149,-0.0008,-0.0020,-1.0000,-1.0000,-1.0000,-1.0000,-1.0000,-1.0000,4.3989,5.1434,4.9085,-1.0000,7.9386,-1.0000,-1.0000,4.4254,-1.0000,-1.0000,7.4047,13.5092,5.7759,7.4405,9.7845,9.1381,5.8269,7.4492,9.0260,13.4390,6.9081,9.3648,6.2628,8.0091,6.5703,5.4361,8.7155,7.6854,5.8016,11.8633,6.1212,12.4620,6.1775,6.5128,-1.0000,-1.0000,-1.0000,-1.0000,-1.0000,-1.0000,-1.0000,-1.0000,-1.0000,-1.0000,-1.0000,-1.0000,-1.0000,-1.0000,-1.0000,-1.0000,-1.0000,-1.0000,-1.0000,-1.0000,-1.0000,-1.0000,-1.0000,0.4712,0.4703,0.4593,0.4166,0.4642,0.5048,0.3977,0.4420,0.4903,0.4819,0.4692,0.4033,0.4879,0.5203,0.4896,0.4987,0.5122,0.4639,0.5118,0.4353,0.4827,0.5000,-1.0000,-1.0000,-1.0000,-1.0000,-1.0000,-1.0000,-1.0000,-1.0000,-1.0000,-1.0000,-1.0000,-1.0000,-1.0000,-1.0000,-1.0000,-1.0000,-1.0000,-1.0000,-1.0000,-1.0000,-1.0000,-1.0000,-1.0000,-1.0000,-1.0000,-1.0000,-1.0000,-1.0000,-1.0000,-1.0000,-1.0000,-1.0000,-1.0000,-1.0000,-1.0000,-1.0000,0.5736,0.5403,0.5894,0.5734,0.5735,0.5289,0.2703,0.2374,0.2467,0.3262,0.1690,0.4093,0.3044,0.2690,0.3208,0.3712,0.1781,0.1170,0.2161,0.1774,0.1452,0.1524,0.2146,0.1772,0.1538,0.1174,0.1878,0.1498,0.2027,0.1679,0.1952,0.2270,0.1577,0.1731,0.2154,0.1273,0.2064,0.1232,0.2049,0.1965,0.4478,0.4712,0.4703,0.4593,0.4166,0.4642,0.5048,0.3977,0.4420,0.4903,0.4819,0.4692,0.4033,0.4879,0.5203,0.4896,0.4987,0.5122,0.4639,0.5118,0.4353,0.4827,0.5000,0,0.1170,-1.2936,-4.3513,2.2937
136,0.2720,0.3378,0.2043,1.2604,0.7578,-2.1252,-0.3087,0.1161,0.1925,-0.0008,1.0268,0.9999,0.0002,0.0111,0.0020,-0.0034,-0.0199,0.0006,-0.0081,0.0059,-0.0022,-0.0033,-0.0186,0.0005,-0.0088,0.0053,-0.0017,0.0094,0.0544,-0.0313,0.0071,0.0265,0.0029,0.0038,0.0001,0.0391,-0.0013,-0.0025,0.0312,0.0027,0.0016,-0.0000,-0.0001,-0.0298,-0.0003,0.0154,-0.0635,0.1414,-0.1204,0.0323,0.0161,0.0422,0.0685,0.0045,-0.1245,0.0731,0.0039,0.0315,0.0227,0.2473,0.1885,0.2911,-0.6820,-0.0572,-0.0791,0.0183,-0.0314,0.0043,-0.1673,-0.0012,-0.0108,-0.0295,0.0147,0.0009,-0.0019,-1.0000,-1.0000,-1.0000,-1.0000,-1.0000,-1.0000,4.4190,5.2453,4.9660,-1.0000,8.1626,-1.0000,-1.0000,4.4920,-1.0000,-1.0000,7.5805,13.1651,5.7402,7.3542,9.6145,9.0893,5.7739,7.2932,9.0068,13.1807,6.7977,9.1523,6.2007,7.9846,6.4907,5.3892,8.6367,7.5789,5.7591,11.7441,6.0528,12.4516,6.1661,6.4725,-1.0000,-1.0000,-1.0000,-1.0000,-1.0000,-1.0000,-1.0000,-1.0000,-1.0000,-1.0000,-1.0000,-1.0000,-1.0000,-1.0000,-1.0000,-1.0000,-1.0000,-1.0000,-1.0000,-1.0000,-1.0000,-1.0000,-1.0000,0.4679,0.4669,0.4557,0.4131,0.4611,0.5014,0.3943,0.4382,0.4869,0.4782,0.4660,0.4000,0.4844,0.5167,0.4855,0.4949,0.5084,0.4598,0.5081,0.4312,0.4788,0.4961,-1.0000,-1.0000,-1.0000,-1.0000,-1.0000,-1.0000,-1.0000,-1.0000,-1.0000,-1.0000,-1.0000,-1.0000,-1.0000,-1.0000,-1.0000,-1.0000,-1.0000,-1.0000,-1.0000,-1.0000,-1.0000,-1.0000,-1.0000,-1.0000,-1.0000,-1.0000,-1.0000,-1.0000,-1.0000,-1.0000,-1.0000,-1.0000,-1.0000,-1.0000,-1.0000,-1.0000,0.5729,0.5392,0.5884,0.5729,0.5723,0.5285,0.2693,0.2336,0.2444,0.3245,0.1655,0.4070,0.3036,0.2656,0.3189,0.3698,0.1749,0.1190,0.2172,0.1790,0.1470,0.1530,0.2162,0.1801,0.1540,0.1189,0.1901,0.1523,0.2043,0.1682,0.1971,0.2286,0.1588,0.1750,0.2166,0.1282,0.2082,0.1233,0.2052,0.1975,0.4441,0.4679,0.4669,0.4557,0.4131,0.4611,0.5014,0.3943,0.4382,0.4869,0.4782,0.4660,0.4000,0.4844,0.5167,0.4855,0.4949,0.5084,0.4598,0.5081,0.4312,0.4788,0.4961,0,0.1189,-1.2936,-4.3513,2.2937
136,0.2720,0.3378,0.2043,1.2604,0.7578,-2.1252,-0.3087,0.1161,0.1925,-0.0008,1.0268,0.9999,0.0002,0.0111,0.0020,-0.0034,-0.0199,0.0006,-0.0081,0.0059,-0.0022,-0.0033,-0.0186,0.0005,-0.0088,0.0053,-0.0017,0.0094,0.0544,-0.0313,0.0071,0.0265,0.0029,0.0038,0.0001,0.0391,-0.0013,-0.0025,0.0312,0.0027,0.0016,-0.0000,-0.0001,-0.0298,-0.0003,0.0154,-0.0635,0.1414,-0.1204,0.0323,0.0161,0.0422,0.0685,0.0045,-0.1245,0.0731,0.0039,0.0315,0.0227,0.2473,0.1885,0.2911,-0.6820,-0.0572,-0.0791,0.0183,-0.0314,0.0043,-0.1673,-0.0012,-0.0108,-0.0295,0.0147,0.0009,-0.0019,-1.0000,-1.0000,-1.0000,-1.0000,-1.0000,-1.0000,4.4190,5.2453,4.9660,-1.0000,8.1626,-1.0000,-1.0000,4.4920,-1.0000,-1.0000,7.5805,13.1651,5.7402,7.3542,9.6145,9.0893,5.7739,7.2932,9.0068,13.1807,6.7977,9.1523,6.2007,7.9846,6.4907,5.3892,8.6367,7.5789,5.7591,11.7441,6.0528,12.4516,6.1661,6.4725,-1.0000,-1.0000,-1.0000,-1.0000,-1.0000,-1.0000,-1.0000,-1.0000,-1.0000,-1.0000,-1.0000,-1.0000,-1.0000,-1.0000,-1.0000,-1.0000,-1.0000,-1.0000,-1.0000,-1.0000,-1.0000,-1.0000,-1.0000,0.4679,0.4669,0.4557,0.4131,0.4611,0.5014,0.3943,0.4382,0.4869,0.4782,0.4660,0.4000,0.4844,0.5167,0.4855,0.4949,0.5084,0.4598,0.5081,0.4312,0.4788,0.4961,-1.0000,-1.0000,-1.0000,-1.0000,-1.0000,-1.0000,-1.0000,-1.0000,-1.0000,-1.0000,-1.0000,-1.0000,-1.0000,-1.0000,-1.0000,-1.0000,-1.0000,-1.0000,-1.0000,-1.0000,-1.0000,-1.0000,-1.0000,-1.0000,-1.0000,-1.0000,-1.0000,-1.0000,-1.0000,-1.0000,-1.0000,-1.0000,-1.0000,-1.0000,-1.0000,-1.0000,0.5729,0.5392,0.5884,0.5729,0.5723,0.5285,0.2693,0.2336,0.2444,0.3245,0.1655,0.4070,0.3036,0.2656,0.3189,0.3698,0.1749,0.1190,0.2172,0.1790,0.1470,0.1530,0.2162,0.1801,0.1540,0.1189,0.1901,0.1523,0.2043,0.1682,0.1971,0.2286,0.1588,0.1750,0.2166,0.1282,0.2082,0.1233,0.2052,0.1975,0.4441,0.4679,0.4669,0.4557,0.4131,0.4611,0.5014,0.3943,0.4382,0.4869,0.4782,0.4660,0.4000,0.4844,0.5167,0.4855,0.4949,0.5084,0.4598,0.5081,0.4312,0.4788,0.4961,0,0.1189,-1.2936,-4.3513,2.2937
137,0.2740,0.3393,0.2001,1.2598,0.7578,-2.1252,-0.3283,0.1161,0.1925,-0.0009,1.0268,0.9999,0.0002,0.0110,0.0022,-0.0036,-0.0198,0.0007,-0.0080,0.0060,-0.0019,-0.0035,-0.0184,0.0006,-0.0087,0.0053,-0.0013,0.0097,0.0550,-0.0326,0.0069,0.0264,0.0029,0.0037,0.0001,0.0387,-0.0013,-0.0025,0.0312,0.0028,0.0016,-0.0001,-0.0003,-0.0312,-0.0010,0.0016,-0.0645,0.1420,-0.1229,0.0354,0.0267,0.0413,0.0437,0.1543,-0.1256,0.0767,0.0251,0.0310,-0.0105,0.1760,0.1781,0.2734,-0.6452,-0.0814,-0.0707,0.0181,-0.0313,0.0042,-0.1769,-0.0024,-0.0038,-0.0230,0.0149,0.0028,-0.0019,-1.0000,-1.0000,-1.0000,-1.0000,-1.0000,-1.0000,4.4380,5.3503,5.0224,-1.0000,8.3960,-1.0000,-1.0000,4.5593,-1.0000,-1.0000,7.7596,12.8124,5.7007,7.2626,9.4371,9.0282,5.7191,7.1399,8.9764,12.9134,6.6881,8.9441,6.1375,7.9533,6.4110,5.3424,8.5548,7.4729,5.7163,11.6149,5.9849,12.4252,6.1532,6.4311,-1.0000,-1.0000,-1.0000,-1.0000,-1.0000,-1.0000,-1.0000,-1.0000,-1.0000,-1.0000,-1.0000,-1.0000,-1.0000,-1.0000,-1.0000,-1.0000,-1.0000,-1.0000,-1.0000,-1.0000,-1.0000,-1.0000,-1.0000,0.4647,0.4634,0.4521,0.4097,0.4581,0.4979,0.3910,0.4344,0.4836,0.4746,0.4628,0.3967,0.4810,0.5131,0.4814,0.4911,0.5046,0.4556,0.5045,0.4271,0.4749,0.4921,-1.0000,-1.0000,-1.0000,-1.0000,-1.0000,-1.0000,-1.0000,-1.0000,-1.0000,-1.0000,-1.0000,-1.0000,-1.0000,-1.0000,-1.0000,-1.0000,-1.0000,-1.0000,-1.0000,-1.0000,-1.0000,-1.0000,-1.0000,-1.0000,-1.0000,-1.0000,-1.0000,-1.0000,-1.0000,-1.0000,-1.0000,-1.0000,-1.0000,-1.0000,-1.0000,-1.0000,0.5722,0.5382,0.5874,0.5724,0.5712,0.5282,0.2683,0.2299,0.2421,0.3229,0.1621,0.4049,0.3030,0.2623,0.3170,0.3684,0.1719,0.1211,0.2184,0.1807,0.1490,0.1538,0.2179,0.1831,0.1544,0.1204,0.1925,0.1548,0.2059,0.1687,0.1990,0.2302,0.1599,0.1768,0.2179,0.1291,0.2101,0.1235,0.2055,0.1985,0.4404,0.4647,0.4634,0.4521,0.4097,0.4581,0.4979,0.3910,0.4344,0.4836,0.4746,0.4628,0.3967,0.4810,0.5131,0.4814,0.4911,0.5046,0.4556,0.5045,0.4271,0.4749,0.4921,0,0.1204,-1.2936,-4.3513,2.2937
138,0.2760,0.3408,0.1958,1.2591,0.7578,-2.1252,-0.3479,0.1161,0.1925,-0.0009,1.0268,0.9999,0.0002,0.0110,0.0023,-0.0039,-0.0198,0.0007,-0.0079,0.0060,-0.0017,-0.0038,-0.0182,0.0007,-0.0087,0.0052,-0.0012,0.0101,0.0555,-0.0338,0.0067,0.0263,0.0029,0.0037,0.0001,0.0383,-0.0013,-0.0025,0.0311,0.0028,0.0016,-0.0001,-0.0005,-0.0315,-0.0001,0.0034,-0.0650,0.1433,-0.1242,0.0392,0.0272,0.0387,0.0132,0.0986,-0.1268,0.0804,0.0285,0.0305,-0.0504,0.0613,0.1652,0.2580,-0.6040,-0.1065,-0.0541,0.0178,-0.0308,0.0041,-0.1875,0.0009,0.0009,-0.0194,0.0149,0.0047,-0.0018,-1.0000,-1.0000,-1.0000,-1.0000,-1.0000,-1.0000,4.4559,5.4587,5.0778,-1.0000,8.6396,-1.0000,-1.0000,4.6276,-1.0000,-1.0000,7.9424,12.4559,5.6578,7.1668,9.2547,8.9563,5.6627,6.9896,8.9355,12.6385,6.5793,8.7402,6.0733,7.9156,6.3312,5.2955,8.4694,7.3669,5.6729,11.4753,5.9172,12.3815,6.1386,6.3882,-1.0000,-1.0000,-1.0000,-1.0000,-1.0000,-1.0000,-1.0000,-1.0000,-1.0000,-1.0000,-1.0000,-1.0000,-1.0000,-1.0000,-1.0000,-1.0000,-1.0000,-1.0000,-1.0000,-1.0000,-1.0000,-1.0000,-1.0000,0.4615,0.4600,0.4486,0.4063,0.4552,0.4945,0.3876,0.4306,0.4802,0.4710,0.4596,0.3934,0.4776,0.5095,0.4773,0.4872,0.5009,0.4515,0.5009,0.4230,0.4710,0.4882,-1.0000,-1.0000,-1.0000,-1.0000,-1.0000,-1.0000,-1.0000,-1.0000,-1.0000,-1.0000,-1.0000,-1.0000,-1.0000,-1.0000,-1.0000,-1.0000,-1.0000,-1.0000,-1.0000,-1.0000,-1.0000,-1.0000,-1.0000,-1.0000,-1.0000,-1.0000,-1.0000,-1.0000,-1.0000,-1.0000,-1.0000,-1.0000,-1.0000,-1.0000,-1.0000,-1.0000,0.5716,0.5373,0.5866,0.5721,0.5702,0.5280,0.2674,0.2262,0.2399,0.3213,0.1588,0.4028,0.3025,0.2591,0.3151,0.3671,0.1689,0.1233,0.2198,0.1825,0.1511,0.1547,0.2196,0.1861,0.1549,0.1221,0.1950,0.1574,0.2077,0.1693,0.2010,0.2318,0.1611,0.1787,0.2193,0.1301,0.2120,0.1238,0.2059,0.1995,0.4367,0.4615,0.4600,0.4486,0.4063,0.4552,0.4945,0.3876,0.4306,0.4802,0.4710,0.4596,0.3934,0.4776,0.5095,0.4773,0.4872,0.5009,0.4515,0.5009,0.4230,0.4710,0.4882,0,0.1221,-1.2936,-4.3513,2.2937
138,0.2760,0.3408,0.1958,1.2591,0.7578,-2.1252,-0.3479,0.1161,0.1925,-0.0009,1.0268,0.9999,0.0002,0.0110,0.0023,-0.0039,-0.0198,0.0007,-0.0079,0.0060,-0.0017,-0.0038,-0.0182,0.0007,-0.0087,0.0052,-0.0012,0.0101,0.0555,-0.0338,0.0067,0.0263,0.0029,0.0037,0.0001,0.0383,-0.0013,-0.0025,0.0311,0.0028,0.0016,-0.0001,-0.0005,-0.0315,-0.0001,0.0034,-0.0650,0.1433,-0.1242,0.0392,0.0272,0.0387,0.0132,0.0986,-0.1268,0.0804,0.0285,0.0305,-0.0504,0.0613,0.1652,0.2580,-0.6040,-0.1065,-0.0541,0.0178,-0.0308,0.0041,-0.1875,0.0009,0.0009,-0.0194,0.0149,0.0047,-0.0018,-1.0000,-1.0000,-1.0000,-1.0000,-1.0000,-1.0000,4.4559,5.4587,5.0778,-1.0000,8.6396,-1.0000,-1.0000,4.6276,-1.0000,-1.0000,7.9424,12.4559,5.6578,7.1668,9.2547,8.9563,5.6627,6.9896,8.9355,12.6385,6.5793,8.7402,6.0733,7.9156,6.3312,5.2955,8.4694,7.3669,5.6729,11.4753,5.9172,12.3815,6.1386,6.3882,-1.0000,-1.0000,-1.0000,-1.0000,-1.0000,-1.0000,-1.0000,-1.0000,-1.0000,-1.0000,-1.0000,-1.0000,-1.0000,-1.0000,-1.0000,-1.0000,-1.0000,-1.0000,-1.0000,-1.0000,-1.0000,-1.0000,-1.0000,0.4615,0.4600,0.4486,0.4063,0.4552,0.4945,0.3876,0.4306,0.4802,0.4710,0.4596,0.3934,0.4776,0.5095,0.4773,0.4872,0.5009,0.4515,0.5009,0.4230,0.4710,0.4882,-1.0000,-1.0000,-1.0000,-1.0000,-1.0000,-1.0000,-1.0000,-1.0000,-1.0000,-1.0000,-1.0000,-1.0000,-1.0000,-1.0000,-1.0000,-1.0000,-1.0000,-1.0000,-1.0000,-1.0000,-1.0000,-1.0000,-1.0000,-1.0000,-1.0000,-1.0000,-1.0000,-1.0000,-1.0000,-1.0000,-1.0000,-1.0000,-1.0000,-1.0000,-1.0000,-1.0000,0.5716,0.5373,0.5866,0.5721,0.5702,0.5280,0.2674,0.2262,0.2399,0.3213,0.1588,0.4028,0.3025,0.2591,0.3151,0.3671,0.1689,0.1233,0.2198,0.1825,0.1511,0.1547,0.2196,0.1861,0.1549,0.1221,0.1950,0.1574,0.2077,0.1693,0.2010,0.2318,0.1611,0.1787,0.2193,0.1301,0.2120,0.1238,0.2059,0.1995,0.4367,0.4615,0.4600,0.4486,0.4063,0.4552,0.4945,0.3876,0.4306,0.4802,0.4710,0.4596,0.3934,0.4776,0.5095,0.4773,0.4872,0.5009,0.4515,0.5009,0.4230,0.4710,0.4882,0,0.1221,-1.2936,-4.3513,2.2937
139,0.2780,0.3425,0.1917,1.2584,0.8616,-2.0375,-0.3522,0.1161,0.1925,-0.0010,1.0268,0.9999,0.0002,0.0109,0.0024,-0.0041,-0.0197,0.0008,-0.0079,0.0060,-0.0016,-0.0041,-0.0181,0.0007,-0.0086,0.0050,-0.0013,0.0104,0.0560,-0.0349,0.0064,0.0262,0.0030,0.0036,0.0002,0.0380,-0.0013,-0.0025,0.0311,0.0028,0.0016,-0.0001,-0.0025,-0.0335,0.0005,0.0067,-0.0714,0.1466,-0.1275,0.0457,0.0280,0.0394,-0.0134,0.0447,-0.1297,0.0878,0.0321,0.0321,-0.0872,-0.0514,0.1649,0.2280,-0.5601,-0.1322,-0.0319,0.0175,-0.0298,0.0038,-0.1966,0.0066,0.0025,-0.0158,0.0149,0.0065,-0.0018,-1.0000,-1.0000,-1.0000,-1.0000,-1.0000,-1.0000,4.4727,5.5706,5.1318,-1.0000,8.8936,-1.0000,-1.0000,4.6967,-1.0000,-1.0000,8.1280,12.0980,5.6117,7.0670,9.0682,8.8736,5.6049,6.8422,8.8840,12.3587,6.4715,8.5409,6.0083,7.8716,6.2514,5.2486,8.3811,7.2616,5.6291,11.3272,5.8498,12.3218,6.1225,6.3442,-1.0000,-1.0000,-1.0000,-1.0000,-1.0000,-1.0000,-1.0000,-1.0000,-1.0000,-1.0000,-1.0000,-1.0000,-1.0000,-1.0000,-1.0000,-1.0000,-1.0000,-1.0000,-1.0000,-1.0000,-1.0000,-1.0000,-1.0000,0.4583,0.4566,0.4450,0.4029,0.4522,0.4911,0.3843,0.4268,0.4769,0.4673,0.4564,0.3902,0.4741,0.5059,0.4731,0.4834,0.4971,0.4474,0.4973,0.4190,0.4670,0.4843,-1.0000,-1.0000,-1.0000,-1.0000,-1.0000,-1.0000,-1.0000,-1.0000,-1.0000,-1.0000,-1.0000,-1.0000,-1.0000,-1.0000,-1.0000,-1.0000,-1.0000,-1.0000,-1.0000,-1.0000,-1.0000,-1.0000,-1.0000,-1.0000,-1.0000,-1.0000,-1.0000,-1.0000,-1.0000,-1.0000,-1.0000,-1.0000,-1.0000,-1.0000,-1.0000,-1.0000,0.5711,0.5365,0.5858,0.5717,0.5692,0.5278,0.2666,0.2225,0.2379,0.3198,0.1554,0.4008,0.3020,0.2559,0.3133,0.3659,0.1660,0.1257,0.2212,0.1845,0.1533,0.1557,0.2214,0.1892,0.1556,0.1239,0.1975,0.1601,0.2094,0.1700,0.2030,0.2335,0.1623,0.1807,0.2207,0.1313,0.2140,0.1242,0.2063,0.2006,0.4331,0.4583,0.4566,0.4450,0.4029,0.4522,0.4911,0.3843,0.4268,0.4769,0.4673,0.4564,0.3902,0.4741,0.5059,0.4731,0.4834,0.4971,0.4474,0.4973,0.4190,0.4670,0.4843,0,0.1239,-1.2936,-4.3513,2.2937
140,0.2800,0.3444,0.1878,1.2577,0.9493,-1.9628,-0.3586,0.1161,0.1925,-0.0011,1.0268,0.9999,0.0002,0.0108,0.0026,-0.0044,-0.0196,0.0008,-0.0078,0.0059,-0.0017,-0.0043,-0.0179,0.0008,-0.0085,0.0048,-0.0016,0.0107,0.0564,-0.0360,0.0061,0.0262,0.0030,0.0036,0.0002,0.0375,-0.0013,-0.0025,0.0311,0.0029,0.0016,-0.0001,-0.0042,-0.0353,0.0003,0.0073,-0.0769,0.1490,-0.1301,0.0523,0.0338,0.0393,-0.0448,-0.0513,-0.1317,0.0943,0.0385,0.0334,-0.1203,-0.1587,0.1622,0.2006,-0.5180,-0.1552,-0.0142,0.0172,-0.0289,0.0037,-0.2063,0.0110,0.0052,-0.0128,0.0149,0.0083,-0.0018,-1.0000,-1.0000,-1.0000,-1.0000,-1.0000,-1.0000,4.4827,5.6784,5.1802,-1.0000,9.1371,-1.0000,-1.0000,4.7620,-1.0000,-1.0000,8.3006,11.7254,5.5609,6.9610,8.8723,8.7699,5.5401,6.6929,8.8066,12.0480,6.3579,8.3355,5.9353,7.8067,6.1650,5.1982,8.2865,7.1509,5.5815,11.1610,5.7782,12.2260,6.1012,6.2955,-1.0000,-1.0000,-1.0000,-1.0000,-1.0000,-1.0000,-1.0000,-1.0000,-1.0000,-1.0000,-1.0000,-1.0000,-1.0000,-1.0000,-1.0000,-1.0000,-1.0000,-1.0000,-1.0000,-1.0000,-1.0000,-1.0000,-1.0000,0.4554,0.4534,0.4417,0.3997,0.4496,0.4879,0.3812,0.4233,0.4739,0.4640,0.4534,0.3872,0.4710,0.5025,0.4692,0.4798,0.4935,0.4434,0.4939,0.4151,0.4633,0.4805,-1.0000,-1.0000,-1.0000,-1.0000,-1.0000,-1.0000,-1.0000,-1.0000,-1.0000,-1.0000,-1.0000,-1.0000,-1.0000,-1.0000,-1.0000,-1.0000,-1.0000,-1.0000,-1.0000,-1.0000,-1.0000,-1.0000,-1.0000,-1.0000,-1.0000,-1.0000,-1.0000,-1.0000,-1.0000,-1.0000,-1.0000,-1.0000,-1.0000,-1.0000,-1.0000,-1.0000,0.5707,0.5357,0.5851,0.5716,0.5684,0.5278,0.2661,0.2191,0.2360,0.3187,0.1524,0.3990,0.3019,0.2530,0.3119,0.3650,0.1635,0.1283,0.2228,0.1867,0.1557,0.1570,0.2235,0.1924,0.1566,0.1260,0.2003,0.1630,0.2115,0.1711,0.2052,0.2354,0.1637,0.1828,0.2222,0.1326,0.2161,0.1248,0.2069,0.2018,0.4296,0.4554,0.4534,0.4417,0.3997,0.4496,0.4879,0.3812,0.4233,0.4739,0.4640,0.4534,0.3872,0.4710,0.5025,0.4692,0.4798,0.4935,0.4434,0.4939,0.4151,0.4633,0.4805,0,0.1248,-1.2936,-4.3513,2.2937
140,0.2800,0.3444,0.1878,1.2577,0.9493,-1.9628,-0.3586,0.1161,0.1925,-0.0011,1.0268,0.9999,0.0002,0.0108,0.0026,-0.0044,-0.0196,0.0008,-0.0078,0.0059,-0.0017,-0.0043,-0.0179,0.0008,-0.0085,0.0048,-0.0016,0.0107,0.0564,-0.0360,0.0061,0.0262,0.0030,0.0036,0.0002,0.0375,-0.0013,-0.0025,0.0311,0.0029,0.0016,-0.0001,-0.0042,-0.0353,0.0003,0.0073,-0.0769,0.1490,-0.1301,0.0523,0.0338,0.0393,-0.0448,-0.0513,-0.1317,0.0943,0.0385,0.0334,-0.1203,-0.1587,0.1622,0.2006,-0.5180,-0.1552,-0.0142,0.0172,-0.0289,0.0037,-0.2063,0.0110,0.0052,-0.0128,0.0149,0.0083,-0.0018,-1.0000,-1.0000,-1.0000,-1.0000,-1.0000,-1.0000,4.4827,5.6784,5.1802,-1.0000,9.1371,-1.0000,-1.0000,4.7620,-1.0000,-1.0000,8.3006,11.7254,5.5609,6.9610,8.8723,8.7699,5.5401,6.6929,8.8066,12.0480,6.3579,8.3355,5.9353,7.8067,6.1650,5.1982,8.2865,7.1509,5.5815,11.1610,5.7782,12.2260,6.1012,6.2955,-1.0000,-1.0000,-1.0000,-1.0000,-1.0000,-1.0000,-1.0000,-1.0000,-1.0000,-1.0000,-1.0000,-1.0000,-1.0000,-1.0000,-1.0000,-1.0000,-1.0000,-1.0000,-1.0000,-1.0000,-1.0000,-1.0000,-1.0000,0.4554,0.4534,0.4417,0.3997,0.4496,0.4879,0.3812,0.4233,0.4739,0.4640,0.4534,0.3872,0.4710,0.5025,0.4692,0.4798,0.4935,0.4434,0.4939,0.4151,0.4633,0.4805,-1.0000,-1.0000,-1.0000,-1.0000,-1.0000,-1.0000,-1.0000,-1.0000,-1.0000,-1.0000,-1.0000,-1.0000,-1.0000,-1.0000,-1.0000,-1.0000,-1.0000,-1.0000,-1.0000,-1.0000,-1.0000,-1.0000,-1.0000,-1.0000,-1.0000,-1.0000,-1.0000,-1.0000,-1.0000,-1.0000,-1.0000,-1.0000,-1.0000,-1.0000,-1.0000,-1.0000,0.5707,0.5357,0.5851,0.5716,0.5684,0.5278,0.2661,0.2191,0.2360,0.3187,0.1524,0.3990,0.3019,0.2530,0.3119,0.3650,0.1635,0.1283,0.2228,0.1867,0.1557,0.1570,0.2235,0.1924,0.1566,0.1260,0.2003,0.1630,0.2115,0.1711,0.2052,0.2354,0.1637,0.1828,0.2222,0.1326,0.2161,0.1248,0.2069,0.2018,0.4296,0.4554,0.4534,0.4417,0.3997,0.4496,0.4879,0.3812,0.4233,0.4739,0.4640,0.4534,0.3872,0.4710,0.5025,0.4692,0.4798,0.4935,0.4434,0.4939,0.4151,0.4633,0.4805,0,0.1248,-1.2936,-4.3513,2.2937
141,0.2820,0.3465,0.1840,1.2569,1.0221,-1.9009,-0.3665,0.1161,0.1925,-0.0011,1.0268,0.9999,0.0002,0.0107,0.0027,-0.0046,-0.0194,0.0009,-0.0077,0.0057,-0.0019,-0.0046,-0.0177,0.0008,-0.0085,0.0046,-0.0016,0.0110,0.0567,-0.0369,0.0058,0.0262,0.0030,0.0035,0.0002,0.0371,-0.0013,-0.0024,0.0311,0.0029,0.0016,-0.0001,-0.0057,-0.0369,-0.0008,0.0163,-0.0819,0.1513,-0.1318,0.0583,0.0272,0.0385,-0.0682,-0.0994,-0.1341,0.0956,0.0202,0.0381,-0.1152,0.0379,0.1557,0.1764,-0.4727,-0.1773,0.0029,0.0169,-0.0280,0.0035,-0.2178,0.0190,0.0073,-0.0145,0.0148,0.0098,-0.0018,-1.0000,-1.0000,-1.0000,-1.0000,-1.0000,-1.0000,4.4866,5.7825,5.2232,-1.0000,9.3695,-1.0000,-1.0000,4.8238,-1.0000,-1.0000,8.4598,11.3479,5.5063,6.8508,8.6712,8.6496,5.4699,6.5437,8.7079,11.7183,6.2409,8.1281,5.8562,7.7249,6.0739,5.1452,8.1869,7.0367,5.5308,10.9808,5.7036,12.0995,6.0755,6.2431,-1.0000,-1.0000,-1.0000,-1.0000,-1.0000,-1.0000,-1.0000,-1.0000,-1.0000,-1.0000,-1.0000,-1.0000,-1.0000,-1.0000,-1.0000,-1.0000,-1.0000,-1.0000,-1.0000,-1.0000,-1.0000,-1.0000,-1.0000,0.4527,0.4505,0.4386,0.3968,0.4471,0.4850,0.3784,0.4199,0.4710,0.4608,0.4508,0.3845,0.4680,0.4994,0.4654,0.4764,0.4902,0.4397,0.4907,0.4114,0.4597,0.4770,-1.0000,-1.0000,-1.0000,-1.0000,-1.0000,-1.0000,-1.0000,-1.0000,-1.0000,-1.0000,-1.0000,-1.0000,-1.0000,-1.0000,-1.0000,-1.0000,-1.0000,-1.0000,-1.0000,-1.0000,-1.0000,-1.0000,-1.0000,-1.0000,-1.0000,-1.0000,-1.0000,-1.0000,-1.0000,-1.0000,-1.0000,-1.0000,-1.0000,-1.0000,-1.0000,-1.0000,0.5704,0.5351,0.5846,0.5715,0.5677,0.5279,0.2659,0.2159,0.2345,0.3178,0.1497,0.3974,0.3020,0.2503,0.3107,0.3643,0.1612,0.1311,0.2246,0.1890,0.1583,0.1586,0.2258,0.1958,0.1578,0.1283,0.2032,0.1660,0.2138,0.1725,0.2076,0.2374,0.1652,0.1851,0.2238,0.1341,0.2183,0.1257,0.2076,0.2032,0.4264,0.4527,0.4505,0.4386,0.3968,0.4471,0.4850,0.3784,0.4199,0.4710,0.4608,0.4508,0.3845,0.4680,0.4994,0.4654,0.4764,0.4902,0.4397,0.4907,0.4114,0.4597,0.4770,0,0.1257,-1.2936,-4.3513,2.2937
141,0.2820,0.3465,0.1840,1.2569,1.0221,-1.9009,-0.3665,0.1161,0.1925,-0.0011,1.0268,0.9999,0.0002,0.0107,0.0027,-0.0046,-0.0194,0.0009,-0.0077,0.0057,-0.0019,-0.0046,-0.0177,0.0008,-0.0085,0.0046,-0.0016,0.0110,0.0567,-0.0369,0.0058,0.0262,0.0030,0.0035,0.0002,0.0371,-0.0013,-0.0024,0.0311,0.0029,0.0016,-0.0001,-0.0057,-0.0369,-0.0008,0.0163,-0.0819,0.1513,-0.1318,0.0583,0.0272,0.0385,-0.0682,-0.0994,-0.1341,0.0956,0.0202,0.0381,-0.1152,0.0379,0.1557,0.1764,-0.4727,-0.1773,0.0029,0.0169,-0.0280,0.0035,-0.2178,0.0190,0.0073,-0.0145,0.0148,0.0098,-0.0018,-1.0000,-1.0000,-1.0000,-1.0000,-1.0000,-1.0000,4.4866,5.7825,5.2232,-1.0000,9.3695,-1.0000,-1.0000,4.8238,-1.0000,-1.0000,8.4598,11.3479,5.5063,6.8508,8.6712,8.6496,5.4699,6.5437,8.7079,11.7183,6.2409,8.1281,5.8562,7.7249,6.0739,5.1452,8.1869,7.0367,5.5308,10.9808,5.7036,12.0995,6.0755,6.2431,-1.0000,-1.0000,-1.0000,-1.0000,-1.0000,-1.0000,-1.0000,-1.0000,-1.0000,-1.0000,-1.0000,-1.0000,-1.0000,-1.0000,-1.0000,-1.0000,-1.0000,-1.0000,-1.0000,-1.0000,-1.0000,-1.0000,-1.0000,0.4527,0.4505,0.4386,0.3968,0.4471,0.4850,0.3784,0.4199,0.4710,0.4608,0.4508,0.3845,0.4680,0.4994,0.4654,0.4764,0.4902,0.4397,0.4907,0.4114,0.4597,0.4770,-1.0000,-1.0000,-1.0000,-1.0000,-1.0000,-1.0000,-1.0000,-1.0000,-1.0000,-1.0000,-1.0000,-1.0000,-1.0000,-1.0000,-1.0000,-1.0000,-1.0000,-1.0000,-1.0000,-1.0000,-1.0000,-1.0000,-1.0000,-1.0000,-1.0000,-1.0000,-1.0000,-1.0000,-1.0000,-1.0000,-1.0000,-1.0000,-1.0000,-1.0000,-1.0000,-1.0000,0.5704,0.5351,0.5846,0.5715,0.5677,0.5279,0.2659,0.2159,0.2345,0.3178,0.1497,0.3974,0.3020,0.2503,0.3107,0.3643,0.1612,0.1311,0.2246,0.1890,0.1583,0.1586,0.2258,0.1958,0.1578,0.1283,0.2032,0.1660,0.2138,0.1725,0.2076,0.2374,0.1652,0.1851,0.2238,0.1341,0.2183,0.1257,0.2076,0.2032,0.4264,0.4527,0.4505,0.4386,0.3968,0.4471,0.4850,0.3784,0.4199,0.4710,0.4608,0.4508,0.3845,0.4680,0.4994,0.4654,0.4764,0.4902,0.4397,0.4907,0.4114,0.4597,0.4770,0,0.1257,-1.2936,-4.3513,2.2937
142,0.2840,0.3487,0.1803,1.2562,1.0821,-1.8503,-0.3758,0.1161,0.1925,-0.0012,1.0268,0.9999,0.0003,0.0107,0.0029,-0.0049,-0.0193,0.0009,-0.0076,0.0056,-0.0022,-0.0048,-0.0175,0.0008,-0.0083,0.0047,-0.0015,0.0113,0.0570,-0.0378,0.0054,0.0262,0.0031,0.0034,0.0002,0.0366,-0.0012,-0.0024,0.0310,0.0029,0.0017,-0.0001,-0.0070,-0.0374,-0.0047,0.0377,-0.0872,0.1556,-0.1348,0.0649,0.0045,0.0372,-0.0917,-0.1466,-0.1258,0.0783,-0.0033,0.0579,0.0701,0.0329,0.1440,0.1544,-0.4248,-0.1991,0.0183,0.0165,-0.0271,0.0033,-0.2321,0.0302,0.0081,-0.0252,0.0145,0.0110,-0.0018,-1.0000,-1.0000,-1.0000,-1.0000,-1.0000,-1.0000,4.4853,5.8830,5.2609,-1.0000,9.5902,-1.0000,-1.0000,4.8821,-1.0000,-1.0000,8.6053,10.9726,5.4486,6.7375,8.4676,8.5163,5.3959,6.3960,8.5922,11.3794,6.1223,7.9218,5.7730,7.6296,5.9797,5.0902,8.0834,6.9205,5.4779,10.7905,5.6271,11.9482,6.0459,6.1877,-1.0000,-1.0000,-1.0000,-1.0000,-1.0000,-1.0000,-1.0000,-1.0000,-1.0000,-1.0000,-1.0000,-1.0000,-1.0000,-1.0000,-1.0000,-1.0000,-1.0000,-1.0000,-1.0000,-1.0000,-1.0000,-1.0000,-1.0000,0.4501,0.4477,0.4357,0.3941,0.4449,0.4822,0.3758,0.4168,0.4684,0.4578,0.4483,0.3820,0.4653,0.4964,0.4618,0.4732,0.4870,0.4361,0.4877,0.4078,0.4563,0.4736,-1.0000,-1.0000,-1.0000,-1.0000,-1.0000,-1.0000,-1.0000,-1.0000,-1.0000,-1.0000,-1.0000,-1.0000,-1.0000,-1.0000,-1.0000,-1.0000,-1.0000,-1.0000,-1.0000,-1.0000,-1.0000,-1.0000,-1.0000,-1.0000,-1.0000,-1.0000,-1.0000,-1.0000,-1.0000,-1.0000,-1.0000,-1.0000,-1.0000,-1.0000,-1.0000,-1.0000,0.5702,0.5346,0.5842,0.5716,0.5672,0.5281,0.2660,0.2130,0.2331,0.3172,0.1473,0.3960,0.3024,0.2478,0.3098,0.3639,0.1592,0.1341,0.2265,0.1914,0.1611,0.1604,0.2283,0.1994,0.1594,0.1309,0.2063,0.1692,0.2162,0.1741,0.2102,0.2395,0.1667,0.1875,0.2256,0.1357,0.2207,0.1267,0.2084,0.2046,0.4234,0.4501,0.4477,0.4357,0.3941,0.4449,0.4822,0.3758,0.4168,0.4684,0.4578,0.4483,0.3820,0.4653,0.4964,0.4618,0.4732,0.4870,0.4361,0.4877,0.4078,0.4563,0.4736,0,0.1267,-1.2936,-4.3513,2.2937
143,0.2860,0.3509,0.1767,1.2554,1.1331,-1.8065,-0.3850,0.1161,0.1925,-0.0013,1.0268,0.9999,0.0003,0.0106,0.0031,-0.0052,-0.0192,0.0009,-0.0075,0.0054,-0.0024,-0.0051,-0.0174,0.0008,-0.0082,0.0047,-0.0017,0.0116,0.0573,-0.0385,0.0049,0.0263,0.0031,0.0034,0.0002,0.0362,-0.0011,-0.0024,0.0310,0.0029,0.0017,-0.0001,-0.0080,-0.0387,-0.0025,0.0390,-0.0899,0.1561,-0.1362,0.0642,0.0021,0.0391,-0.0682,-0.0953,-0.1282,0.0856,0.0017,0.0559,0.0071,-0.0801,0.1362,0.1346,-0.3845,-0.2162,0.0352,0.0163,-0.0262,0.0031,-0.2410,0.0346,0.0121,-0.0188,0.0146,0.0127,-0.0018,-1.0000,-1.0000,-1.0000,-1.0000,-1.0000,-1.0000,4.4795,5.9800,5.2937,-1.0000,9.7984,-1.0000,-1.0000,4.9372,-1.0000,-1.0000,8.7367,10.6045,5.3884,6.6223,8.2641,8.3733,5.3194,6.2510,8.4635,11.0387,6.0035,7.7188,5.6871,7.5241,5.8839,5.0340,7.9771,6.8036,5.4233,10.5931,5.5496,11.7767,6.0131,6.1300,-1.0000,-1.0000,-1.0000,-1.0000,-1.0000,-1.0000,-1.0000,-1.0000,-1.0000,-1.0000,-1.0000,-1.0000,-1.0000,-1.0000,-1.0000,-1.0000,-1.0000,-1.0000,-1.0000,-1.0000,-1.0000,-1.0000,-1.0000,0.4477,0.4451,0.4330,0.3915,0.4429,0.4797,0.3733,0.4137,0.4660,0.4550,0.4460,0.3796,0.4627,0.4935,0.4583,0.4701,0.4839,0.4326,0.4848,0.4044,0.4530,0.4703,-1.0000,-1.0000,-1.0000,-1.0000,-1.0000,-1.0000,-1.0000,-1.0000,-1.0000,-1.0000,-1.0000,-1.0000,-1.0000,-1.0000,-1.0000,-1.0000,-1.0000,-1.0000,-1.0000,-1.0000,-1.0000,-1.0000,-1.0000,-1.0000,-1.0000,-1.0000,-1.0000,-1.0000,-1.0000,-1.0000,-1.0000,-1.0000,-1.0000,-1.0000,-1.0000,-1.0000,0.5702,0.5342,0.5839,0.5718,0.5667,0.5284,0.2662,0.2102,0.2319,0.3168,0.1451,0.3948,0.3030,0.2455,0.3091,0.3637,0.1575,0.1373,0.2286,0.1940,0.1640,0.1624,0.2310,0.2030,0.1612,0.1336,0.2096,0.1726,0.2188,0.1759,0.2130,0.2417,0.1684,0.1900,0.2274,0.1374,0.2232,0.1279,0.2093,0.2061,0.4205,0.4477,0.4451,0.4330,0.3915,0.4429,0.4797,0.3733,0.4137,0.4660,0.4550,0.4460,0.3796,0.4627,0.4935,0.4583,0.4701,0.4839,0.4326,0.4848,0.4044,0.4530,0.4703,0,0.1279,-1.2936,-4.3513,2.2937
144,0.2880,0.3532,0.1733,1.2548,1.1418,-1.7175,-0.3199,0.1161,0.1925,-0.0014,1.0268,0.9999,0.0003,0.0105,0.0032,-0.0054,-0.0191,0.0010,-0.0074,0.0056,-0.0025,-0.0053,-0.0172,0.0009,-0.0081,0.0046,-0.0021,0.0118,0.0575,-0.0393,0.0044,0.0267,0.0033,0.0033,0.0002,0.0356,-0.0011,-0.0024,0.0309,0.0030,0.0017,-0.0001,-0.0088,-0.0414,-0.0060,0.0163,-0.0932,0.1539,-0.1234,0.0470,0.0329,0.0556,0.0873,-0.0870,-0.1283,0.0943,0.0377,0.0527,-0.0528,-0.2069,0.1195,0.0826,-0.3735,-0.2431,0.2021,0.0738,-0.0312,0.0035,-0.2554,0.0337,0.0218,-0.0118,0.0148,0.0144,-0.0016,-1.0000,-1.0000,-1.0000,-1.0000,-1.0000,-1.0000,4.4698,6.0737,5.3218,-1.0000,9.9937,-1.0000,-1.0000,4.9892,-1.0000,-1.0000,8.8538,10.2468,5.3261,6.5061,8.0622,8.2230,5.2411,6.1092,8.3246,10.7011,5.8855,7.5204,5.5995,7.4108,5.7874,4.9769,7.8687,6.6868,5.3675,10.3908,5.4715,11.5893,5.9775,6.0704,-1.0000,-1.0000,-1.0000,-1.0000,-1.0000,-1.0000,-1.0000,-1.0000,-1.0000,-1.0000,-1.0000,-1.0000,-1.0000,-1.0000,-1.0000,-1.0000,-1.0000,-1.0000,-1.0000,-1.0000,-1.0000,-1.0000,-1.0000,0.4455,0.4426,0.4304,0.3891,0.4410,0.4772,0.3710,0.4109,0.4637,0.4523,0.4438,0.3774,0.4603,0.4908,0.4549,0.4671,0.4809,0.4292,0.4821,0.4011,0.4498,0.4671,-1.0000,-1.0000,-1.0000,-1.0000,-1.0000,-1.0000,-1.0000,-1.0000,-1.0000,-1.0000,-1.0000,-1.0000,-1.0000,-1.0000,-1.0000,-1.0000,-1.0000,-1.0000,-1.0000,-1.0000,-1.0000,-1.0000,-1.0000,-1.0000,-1.0000,-1.0000,-1.0000,-1.0000,-1.0000,-1.0000,-1.0000,-1.0000,-1.0000,-1.0000,-1.0000,-1.0000,0.5702,0.5339,0.5837,0.5721,0.5663,0.5288,0.2667,0.2076,0.2309,0.3166,0.1431,0.3938,0.3038,0.2434,0.3086,0.3636,0.1559,0.1406,0.2308,0.1967,0.1670,0.1646,0.2338,0.2067,0.1631,0.1365,0.2129,0.1760,0.2216,0.1779,0.2158,0.2439,0.1701,0.1926,0.2293,0.1392,0.2258,0.1293,0.2103,0.2077,0.4177,0.4455,0.4426,0.4304,0.3891,0.4410,0.4772,0.3710,0.4109,0.4637,0.4523,0.4438,0.3774,0.4603,0.4908,0.4549,0.4671,0.4809,0.4292,0.4821,0.4011,0.4498,0.4671,0,0.1293,-1.2936,-4.3513,2.2937
144,0.2880,0.3532,0.1733,1.2548,1.1418,-1.7175,-0.3199,0.1161,0.1925,-0.0014,1.0268,0.9999,0.0003,0.0105,0.0032,-0.0054,-0.0191,0.0010,-0.0074,0.0056,-0.0025,-0.0053,-0.0172,0.0009,-0.0081,0.0046,-0.0021,0.0118,0.0575,-0.0393,0.0044,0.0267,0.0033,0.0033,0.0002,0.0356,-0.0011,-0.0024,0.0309,0.0030,0.0017,-0.0001,-0.0088,-0.0414,-0.0060,0.0163,-0.0932,0.1539,-0.1234,0.0470,0.0329,0.0556,0.0873,-0.0870,-0.1283,0.0943,0.0377,0.0527,-0.0528,-0.2069,0.1195,0.0826,-0.3735,-0.2431,0.2021,0.0738,-0.0312,0.0035,-0.2554,0.0337,0.0218,-0.0118,0.0148,0.0144,-0.0016,-1.0000,-1.0000,-1.0000,-1.0000,-1.0000,-1.0000,4.4698,6.0737,5.3218,-1.0000,9.9937,-1.0000,-1.0000,4.9892,-1.0000,-1.0000,8.8538,10.2468,5.3261,6.5061,8.0622,8.2230,5.2411,6.1092,8.3246,10.7011,5.8855,7.5204,5.5995,7.4108,5.7874,4.9769,7.8687,6.6868,5.3675,10.3908,5.4715,11.5893,5.9775,6.0704,-1.0000,-1.0000,-1.0000,-1.0000,-1.0000,-1.0000,-1.0000,-1.0000,-1.0000,-1.0000,-1.0000,-1.0000,-1.0000,-1.0000,-1.0000,-1.0000,-1.0000,-1.0000,-1.0000,-1.0000,-1.0000,-1.0000,-1.0000,0.4455,0.4426,0.4304,0.3891,0.4410,0.4772,0.3710,0.4109,0.4637,0.4523,0.4438,0.3774,0.4603,0.4908,0.4549,0.4671,0.4809,0.4292,0.4821,0.4011,0.4498,0.4671,-1.0000,-1.0000,-1.0000,-1.0000,-1.0000,-1.0000,-1.0000,-1.0000,-1.0000,-1.0000,-1.0000,-1.0000,-1.0000,-1.0000,-1.0000,-1.0000,-1.0000,-1.0000,-1.0000,-1.0000,-1.0000,-1.0000,-1.0000,-1.0000,-1.0000,-1.0000,-1.0000,-1.0000,-1.0000,-1.0000,-1.0000,-1.0000,-1.0000,-1.0000,-1.0000,-1.0000,0.5702,0.5339,0.5837,0.5721,0.5663,0.5288,0.2667,0.2076,0.2309,0.3166,0.1431,0.3938,0.3038,0.2434,0.3086,0.3636,0.1559,0.1406,0.2308,0.1967,0.1670,0.1646,0.2338,0.2067,0.1631,0.1365,0.2129,0.1760,0.2216,0.1779,0.2158,0.2439,0.1701,0.1926,0.2293,0.1392,0.2258,0.1293,0.2103,0.2077,0.4177,0.4455,0.4426,0.4304,0.3891,0.4410,0.4772,0.3710,0.4109,0.4637,0.4523,0.4438,0.3774,0.4603,0.4908,0.4549,0.4671,0.4809,0.4292,0.4821,0.4011,0.4498,0.4671,0,0.1293,-1.2936,-4.3513,2.2937
145,0.2900,0.3555,0.1700,1.2542,1.1461,-1.6418,-0.2694,0.1161,0.1925,-0.0015,1.0268,0.9999,0.0003,0.0104,0.0034,-0.0057,-0.0190,0.0011,-0.0073,0.0057,-0.0024,-0.0056,-0.0170,0.0010,-0.0080,0.0044,-0.0027,0.0120,0.0575,-0.0400,0.0039,0.0274,0.0035,0.0033,0.0002,0.0351,-0.0010,-0.0023,0.0309,0.0030,0.0018,-0.0001,-0.0096,-0.0436,-0.0070,0.0063,-0.0949,0.1507,-0.1229,0.0516,0.0388,0.0534,0.0599,0.0870,-0.1266,0.0993,0.0572,0.0513,-0.1011,-0.3136,0.1031,0.0321,-0.3492,-0.2600,0.3591,0.1249,-0.0351,0.0037,-0.2696,0.0376,0.0293,-0.0060,0.0149,0.0161,-0.0015,-1.0000,-1.0000,-1.0000,-1.0000,-1.0000,-1.0000,4.4567,6.1618,5.3477,-1.0000,10.1664,-1.0000,-1.0000,5.0384,-1.0000,-1.0000,8.9585,9.9198,5.2675,6.3977,7.8755,8.0790,5.1658,5.9774,8.1878,10.3781,5.7733,7.3334,5.5137,7.2970,5.6930,4.9194,7.7548,6.5715,5.3097,10.1806,5.3943,11.3816,5.9359,6.0069,-1.0000,-1.0000,-1.0000,-1.0000,-1.0000,-1.0000,-1.0000,-1.0000,-1.0000,-1.0000,-1.0000,-1.0000,-1.0000,-1.0000,-1.0000,-1.0000,-1.0000,-1.0000,-1.0000,-1.0000,-1.0000,-1.0000,-1.0000,0.4434,0.4403,0.4279,0.3868,0.4393,0.4750,0.3689,0.4082,0.4616,0.4498,0.4419,0.3755,0.4580,0.4883,0.4517,0.4643,0.4782,0.4260,0.4796,0.3980,0.4468,0.4641,-1.0000,-1.0000,-1.0000,-1.0000,-1.0000,-1.0000,-1.0000,-1.0000,-1.0000,-1.0000,-1.0000,-1.0000,-1.0000,-1.0000,-1.0000,-1.0000,-1.0000,-1.0000,-1.0000,-1.0000,-1.0000,-1.0000,-1.0000,-1.0000,-1.0000,-1.0000,-1.0000,-1.0000,-1.0000,-1.0000,-1.0000,-1.0000,-1.0000,-1.0000,-1.0000,-1.0000,0.5702,0.5335,0.5835,0.5724,0.5659,0.5291,0.2674,0.2053,0.2300,0.3165,0.1414,0.3928,0.3046,0.2415,0.3083,0.3636,0.1546,0.1438,0.2328,0.1993,0.1700,0.1668,0.2366,0.2103,0.1651,0.1394,0.2162,0.1794,0.2244,0.1800,0.2187,0.2463,0.1720,0.1952,0.2313,0.1412,0.2284,0.1309,0.2115,0.2095,0.4152,0.4434,0.4403,0.4279,0.3868,0.4393,0.4750,0.3689,0.4082,0.4616,0.4498,0.4419,0.3755,0.4580,0.4883,0.4517,0.4643,0.4782,0.4260,0.4796,0.3980,0.4468,0.4641,0,0.1309,-1.2936,-4.3513,2.2937
146,0.2920,0.3578,0.1668,1.2538,1.1469,-1.5820,-0.2328,0.1161,0.1924,-0.0015,1.0268,0.9999,0.0003,0.0103,0.0035,-0.0059,-0.0189,0.0011,-0.0072,0.0058,-0.0023,-0.0059,-0.0168,0.0011,-0.0079,0.0041,-0.0034,0.0122,0.0575,-0.0406,0.0034,0.0284,0.0038,0.0032,0.0002,0.0345,-0.0009,-0.0022,0.0309,0.0030,0.0018,-0.0001,-0.0103,-0.0451,-0.0046,0.0048,-0.0957,0.1477,-0.1213,0.0565,0.0445,0.0496,0.0254,0.0344,-0.1244,0.1019,0.0622,0.0504,-0.1351,-0.3459,0.0860,-0.0125,-0.3159,-0.2696,0.4982,0.1648,-0.0376,0.0037,-0.2822,0.0436,0.0354,0.0017,0.0149,0.0177,-0.0014,-1.0000,-1.0000,-1.0000,-1.0000,-1.0000,-1.0000,4.4409,6.2446,5.3712,-1.0000,10.3173,-1.0000,-1.0000,5.0848,-1.0000,-1.0000,9.0507,9.6187,5.2117,6.2955,7.7012,7.9402,5.0932,5.8542,8.0533,10.0716,5.6666,7.1574,5.4303,7.1837,5.6014,4.8621,7.6385,6.4588,5.2512,9.9681,5.3185,11.1626,5.8900,5.9413,-1.0000,-1.0000,-1.0000,-1.0000,-1.0000,-1.0000,-1.0000,-1.0000,-1.0000,-1.0000,-1.0000,-1.0000,-1.0000,-1.0000,-1.0000,-1.0000,-1.0000,-1.0000,-1.0000,-1.0000,-1.0000,-1.0000,-1.0000,0.4413,0.4381,0.4256,0.3847,0.4378,0.4729,0.3669,0.4057,0.4596,0.4475,0.4401,0.3736,0.4560,0.4860,0.4487,0.4618,0.4757,0.4230,0.4773,0.3951,0.4440,0.4614,-1.0000,-1.0000,-1.0000,-1.0000,-1.0000,-1.0000,-1.0000,-1.0000,-1.0000,-1.0000,-1.0000,-1.0000,-1.0000,-1.0000,-1.0000,-1.0000,-1.0000,-1.0000,-1.0000,-1.0000,-1.0000,-1.0000,-1.0000,-1.0000,-1.0000,-1.0000,-1.0000,-1.0000,-1.0000,-1.0000,-1.0000,-1.0000,-1.0000,-1.0000,-1.0000,-1.0000,0.5702,0.5332,0.5833,0.5726,0.5655,0.5294,0.2682,0.2031,0.2292,0.3165,0.1399,0.3920,0.3055,0.2397,0.3081,0.3637,0.1535,0.1470,0.2349,0.2018,0.1729,0.1689,0.2393,0.2138,0.1672,0.1423,0.2195,0.1827,0.2272,0.1822,0.2215,0.2487,0.1739,0.1978,0.2334,0.1433,0.2310,0.1326,0.2128,0.2113,0.4127,0.4413,0.4381,0.4256,0.3847,0.4378,0.4729,0.3669,0.4057,0.4596,0.4475,0.4401,0.3736,0.4560,0.4860,0.4487,0.4618,0.4757,0.4230,0.4773,0.3951,0.4440,0.4614,0,0.1326,-1.2936,-4.3513,2.2937
146,0.2920,0.3578,0.1668,1.2538,1.1469,-1.5820,-0.2328,0.1161,0.1924,-0.0015,1.0268,0.9999,0.0003,0.0103,0.0035,-0.0059,-0.0189,0.0011,-0.0072,0.0058,-0.0023,-0.0059,-0.0168,0.0011,-0.0079,0.0041,-0.0034,0.0122,0.0575,-0.0406,0.0034,0.0284,0.0038,0.0032,0.0002,0.0345,-0.0009,-0.0022,0.0309,0.0030,0.0018,-0.0001,-0.0103,-0.0451,-0.0046,0.0048,-0.0957,0.1477,-0.1213,0.0565,0.0445,0.0496,0.0254,0.0344,-0.1244,0.1019,0.0622,0.0504,-0.1351,-0.3459,0.0860,-0.0125,-0.3159,-0.2696,0.4982,0.1648,-0.0376,0.0037,-0.2822,0.0436,0.0354,0.0017,0.0149,0.0177,-0.0014,-1.0000,-1.0000,-1.0000,-1.0000,-1.0000,-1.0000,4.4409,6.2446,5.3712,-1.0000,10.3173,-1.0000,-1.0000,5.0848,-1.0000,-1.0000,9.0507,9.6187,5.2117,6.2955,7.7012,7.9402,5.0932,5.8542,8.0533,10.0716,5.6666,7.1574,5.4303,7.1837,5.6014,4.8621,7.6385,6.4588,5.2512,9.9681,5.3185,11.1626,5.8900,5.9413,-1.0000,-1.0000,-1.0000,-1.0000,-1.0000,-1.0000,-1.0000,-1.0000,-1.0000,-1.0000,-1.0000,-1.0000,-1.0000,-1.0000,-1.0000,-1.0000,-1.0000,-1.0000,-1.0000,-1.0000,-1.0000,-1.0000,-1.0000,0.4413,0.4381,0.4256,0.3847,0.4378,0.4729,0.3669,0.4057,0.4596,0.4475,0.4401,0.3736,0.4560,0.4860,0.4487,0.4618,0.4757,0.4230,0.4773,0.3951,0.4440,0.4614,-1.0000,-1.0000,-1.0000,-1.0000,-1.0000,-1.0000,-1.0000,-1.0000,-1.0000,-1.0000,-1.0000,-1.0000,-1.0000,-1.0000,-1.0000,-1.0000,-1.0000,-1.0000,-1.0000,-1.0000,-1.0000,-1.0000,-1.0000,-1.0000,-1.0000,-1.0000,-1.0000,-1.0000,-1.0000,-1.0000,-1.0000,-1.0000,-1.0000,-1.0000,-1.0000,-1.0000,0.5702,0.5332,0.5833,0.5726,0.5655,0.5294,0.2682,0.2031,0.2292,0.3165,0.1399,0.3920,0.3055,0.2397,0.3081,0.3637,0.1535,0.1470,0.2349,0.2018,0.1729,0.1689,0.2393,0.2138,0.1672,0.1423,0.2195,0.1827,0.2272,0.1822,0.2215,0.2487,0.1739,0.1978,0.2334,0.1433,0.2310,0.1326,0.2128,0.2113,0.4127,0.4413,0.4381,0.4256,0.3847,0.4378,0.4729,0.3669,0.4057,0.4596,0.4475,0.4401,0.3736,0.4560,0.4860,0.4487,0.4618,0.4757,0.4230,0.4773,0.3951,0.4440,0.4614,0,0.1326,-1.2936,-4.3513,2.2937
147,0.2940,0.3601,0.1638,1.2533,1.1465,-1.5340,-0.2093,0.1161,0.1924,-0.0016,1.0268,0.9999,0.0003,0.0102,0.0037,-0.0062,-0.0188,0.0012,-0.0071,0.0057,-0.0023,-0.0061,-0.0166,0.0012,-0.0078,0.0039,-0.0036,0.0123,0.0574,-0.0412,0.0028,0.0296,0.0042,0.0031,0.0002,0.0339,-0.0008,-0.0021,0.0309,0.0031,0.0018,-0.0001,-0.0109,-0.0465,-0.0044,0.0114,-0.0970,0.1450,-0.1192,0.0621,0.0404,0.0456,-0.0074,-0.0197,-0.1227,0.0999,0.0450,0.0534,-0.1265,-0.1204,0.0687,-0.0527,-0.2746,-0.2732,0.6098,0.1949,-0.0393,0.0036,-0.2957,0.0527,0.0400,0.0022,0.0149,0.0191,-0.0013,-1.0000,-1.0000,-1.0000,-1.0000,-1.0000,-1.0000,4.4229,6.3227,5.3922,-1.0000,10.4488,-1.0000,-1.0000,5.1287,-1.0000,-1.0000,9.1310,9.3392,5.1577,6.1980,7.5369,7.8056,5.0231,5.7382,7.9211,9.7819,5.5649,6.9915,5.3493,7.0719,5.5127,4.8056,7.5216,6.3496,5.1926,9.7574,5.2448,10.9390,5.8414,5.8747,-1.0000,-1.0000,-1.0000,-1.0000,-1.0000,-1.0000,-1.0000,-1.0000,-1.0000,-1.0000,-1.0000,-1.0000,-1.0000,-1.0000,-1.0000,-1.0000,-1.0000,-1.0000,-1.0000,-1.0000,-1.0000,-1.0000,-1.0000,0.4394,0.4360,0.4234,0.3827,0.4363,0.4709,0.3651,0.4034,0.4578,0.4454,0.4384,0.3719,0.4540,0.4838,0.4459,0.4593,0.4733,0.4202,0.4751,0.3924,0.4414,0.4588,-1.0000,-1.0000,-1.0000,-1.0000,-1.0000,-1.0000,-1.0000,-1.0000,-1.0000,-1.0000,-1.0000,-1.0000,-1.0000,-1.0000,-1.0000,-1.0000,-1.0000,-1.0000,-1.0000,-1.0000,-1.0000,-1.0000,-1.0000,-1.0000,-1.0000,-1.0000,-1.0000,-1.0000,-1.0000,-1.0000,-1.0000,-1.0000,-1.0000,-1.0000,-1.0000,-1.0000,0.5702,0.5328,0.5831,0.5729,0.5651,0.5297,0.2691,0.2012,0.2285,0.3167,0.1387,0.3911,0.3065,0.2380,0.3081,0.3639,0.1525,0.1501,0.2369,0.2043,0.1757,0.1711,0.2421,0.2173,0.1692,0.1452,0.2227,0.1860,0.2299,0.1844,0.2244,0.2511,0.1760,0.2005,0.2356,0.1455,0.2337,0.1344,0.2142,0.2132,0.4104,0.4394,0.4360,0.4234,0.3827,0.4363,0.4709,0.3651,0.4034,0.4578,0.4454,0.4384,0.3719,0.4540,0.4838,0.4459,0.4593,0.4733,0.4202,0.4751,0.3924,0.4414,0.4588,0,0.1344,-1.2936,-4.3513,2.2937
147,0.2940,0.3601,0.1638,1.2533,1.1465,-1.5340,-0.2093,0.1161,0.1924,-0.0016,1.0268,0.9999,0.0003,0.0102,0.0037,-0.0062,-0.0188,0.0012,-0.0071,0.0057,-0.0023,-0.0061,-0.0166,0.0012,-0.0078,0.0039,-0.0036,0.0123,0.0574,-0.0412,0.0028,0.0296,0.0042,0.0031,0.0002,0.0339,-0.0008,-0.0021,0.0309,0.0031,0.0018,-0.0001,-0.0109,-0.0465,-0.0044,0.0114,-0.0970,0.1450,-0.1192,0.0621,0.0404,0.0456,-0.0074,-0.0197,-0.1227,0.0999,0.0450,0.0534,-0.1265,-0.1204,0.0687,-0.0527,-0.2746,-0.2732,0.6098,0.1949,-0.0393,0.0036,-0.2957,0.0527,0.0400,0.0022,0.0149,0.0191,-0.0013,-1.0000,-1.0000,-1.0000,-1.0000,-1.0000,-1.0000,4.4229,6.3227,5.3922,-1.0000,10.4488,-1.0000,-1.0000,5.1287,-1.0000,-1.0000,9.1310,9.3392,5.1577,6.1980,7.5369,7.8056,5.0231,5.7382,7.9211,9.7819,5.5649,6.9915,5.3493,7.0719,5.5127,4.8056,7.5216,6.3496,5.1926,9.7574,5.2448,10.9390,5.8414,5.8747,-1.0000,-1.0000,-1.0000,-1.0000,-1.0000,-1.0000,-1.0000,-1.0000,-1.0000,-1.0000,-1.0000,-1.0000,-1.0000,-1.0000,-1.0000,-1.0000,-1.0000,-1.0000,-1.0000,-1.0000,-1.0000,-1.0000,-1.0000,0.4394,0.4360,0.4234,0.3827,0.4363,0.4709,0.3651,0.4034,0.4578,0.4454,0.4384,0.3719,0.4540,0.4838,0.4459,0.4593,0.4733,0.4202,0.4751,0.3924,0.4414,0.4588,-1.0000,-1.0000,-1.0000,-1.0000,-1.0000,-1.0000,-1.0000,-1.0000,-1.0000,-1.0000,-1.0000,-1.0000,-1.0000,-1.0000,-1.0000,-1.0000,-1.0000,-1.0000,-1.0000,-1.0000,-1.0000,-1.0000,-1.0000,-1.0000,-1.0000,-1.0000,-1.0000,-1.0000,-1.0000,-1.0000,-1.0000,-1.0000,-1.0000,-1.0000,-1.0000,-1.0000,0.5702,0.5328,0.5831,0.5729,0.5651,0.5297,0.2691,0.2012,0.2285,0.3167,0.1387,0.3911,0.3065,0.2380,0.3081,0.3639,0.1525,0.1501,0.2369,0.2043,0.1757,0.1711,0.2421,0.2173,0.1692,0.1452,0.2227,0.1860,0.2299,0.1844,0.2244,0.2511,0.1760,0.2005,0.2356,0.1455,0.2337,0.1344,0.2142,0.2132,0.4104,0.4394,0.4360,0.4234,0.3827,0.4363,0.4709,0.3651,0.4034,0.4578,0.4454,0.4384,0.3719,0.4540,0.4838,0.4459,0.4593,0.4733,0.4202,0.4751,0.3924,0.4414,0.4588,0,0.1344,-1.2936,-4.3513,2.2937
148,0.2960,0.3624,0.1608,1.2529,1.1461,-1.4932,-0.1969,0.1161,0.1924,-0.0017,1.0268,0.9999,0.0003,0.0101,0.0038,-0.0064,-0.0186,0.0013,-0.0071,0.0057,-0.0025,-0.0063,-0.0164,0.0014,-0.0077,0.0037,-0.0038,0.0124,0.0572,-0.0416,0.0023,0.0310,0.0047,0.0030,0.0002,0.0333,-0.0007,-0.0021,0.0310,0.0031,0.0019,-0.0001,-0.0114,-0.0484,-0.0017,0.0008,-0.0976,0.1408,-0.1166,0.0671,0.0594,0.0421,-0.0392,-0.1099,-0.1203,0.0963,0.0571,0.0562,-0.1013,-0.0638,0.0552,-0.0908,-0.2362,-0.2683,0.6967,0.2169,-0.0401,0.0033,-0.3047,0.0553,0.0466,0.0123,0.0150,0.0207,-0.0012,-1.0000,-1.0000,-1.0000,-1.0000,-1.0000,-1.0000,4.4034,6.3966,5.4106,-1.0000,10.5622,-1.0000,-1.0000,5.1700,-1.0000,-1.0000,9.1997,9.0780,5.1050,6.1042,7.3808,7.6745,4.9552,5.6285,7.7911,9.5082,5.4678,6.8347,5.2708,6.9617,5.4271,4.7502,7.4056,6.2439,5.1346,9.5507,5.1731,10.7151,5.7911,5.8079,-1.0000,-1.0000,-1.0000,-1.0000,-1.0000,-1.0000,-1.0000,-1.0000,-1.0000,-1.0000,-1.0000,-1.0000,-1.0000,-1.0000,-1.0000,-1.0000,-1.0000,-1.0000,-1.0000,-1.0000,-1.0000,-1.0000,-1.0000,0.4376,0.4340,0.4213,0.3808,0.4350,0.4690,0.3633,0.4011,0.4561,0.4433,0.4369,0.3704,0.4522,0.4817,0.4432,0.4570,0.4710,0.4175,0.4730,0.3898,0.4389,0.4563,-1.0000,-1.0000,-1.0000,-1.0000,-1.0000,-1.0000,-1.0000,-1.0000,-1.0000,-1.0000,-1.0000,-1.0000,-1.0000,-1.0000,-1.0000,-1.0000,-1.0000,-1.0000,-1.0000,-1.0000,-1.0000,-1.0000,-1.0000,-1.0000,-1.0000,-1.0000,-1.0000,-1.0000,-1.0000,-1.0000,-1.0000,-1.0000,-1.0000,-1.0000,-1.0000,-1.0000,0.5702,0.5324,0.5829,0.5731,0.5647,0.5300,0.2701,0.1993,0.2278,0.3169,0.1377,0.3904,0.3075,0.2364,0.3082,0.3642,0.1517,0.1532,0.2389,0.2068,0.1785,0.1733,0.2448,0.2207,0.1714,0.1482,0.2259,0.1893,0.2327,0.1866,0.2273,0.2535,0.1780,0.2032,0.2378,0.1477,0.2363,0.1363,0.2157,0.2152,0.4083,0.4376,0.4340,0.4213,0.3808,0.4350,0.4690,0.3633,0.4011,0.4561,0.4433,0.4369,0.3704,0.4522,0.4817,0.4432,0.4570,0.4710,0.4175,0.4730,0.3898,0.4389,0.4563,0,0.1363,-1.2936,-4.3513,2.2937
149,0.2980,0.3647,0.1578,1.2526,1.1449,-1.4600,-0.1917,0.1161,0.1924,-0.0018,1.0268,0.9999,0.0003,0.0100,0.0039,-0.0066,-0.0185,0.0015,-0.0070,0.0055,-0.0028,-0.0066,-0.0162,0.0015,-0.0076,0.0035,-0.0038,0.0125,0.0570,-0.0420,0.0018,0.0326,0.0051,0.0029,0.0002,0.0327,-0.0006,-0.0019,0.0310,0.0031,0.0019,-0.0001,-0.0118,-0.0501,0.0009,-0.0056,-0.0980,0.1368,-0.1132,0.0708,0.0708,0.0390,-0.0609,-0.1489,-0.1175,0.0930,0.0645,0.0588,-0.0806,-0.0176,0.0417,-0.1239,-0.1951,-0.2611,0.7642,0.2329,-0.0403,0.0030,-0.3131,0.0592,0.0522,0.0201,0.0151,0.0222,-0.0011,-1.0000,-1.0000,-1.0000,-1.0000,-1.0000,-1.0000,4.3824,6.4666,5.4263,-1.0000,10.6589,-1.0000,-1.0000,5.2090,-1.0000,-1.0000,9.2570,8.8321,5.0531,6.0132,7.2315,7.5462,4.8892,5.5242,7.6631,9.2496,5.3747,6.6860,5.1946,6.8535,5.3443,4.6960,7.2914,6.1419,5.0774,9.3495,5.1036,10.4936,5.7398,5.7416,-1.0000,-1.0000,-1.0000,-1.0000,-1.0000,-1.0000,-1.0000,-1.0000,-1.0000,-1.0000,-1.0000,-1.0000,-1.0000,-1.0000,-1.0000,-1.0000,-1.0000,-1.0000,-1.0000,-1.0000,-1.0000,-1.0000,-1.0000,0.4359,0.4321,0.4193,0.3790,0.4338,0.4672,0.3617,0.3990,0.4544,0.4413,0.4355,0.3689,0.4505,0.4798,0.4405,0.4548,0.4688,0.4149,0.4711,0.3872,0.4365,0.4539,-1.0000,-1.0000,-1.0000,-1.0000,-1.0000,-1.0000,-1.0000,-1.0000,-1.0000,-1.0000,-1.0000,-1.0000,-1.0000,-1.0000,-1.0000,-1.0000,-1.0000,-1.0000,-1.0000,-1.0000,-1.0000,-1.0000,-1.0000,-1.0000,-1.0000,-1.0000,-1.0000,-1.0000,-1.0000,-1.0000,-1.0000,-1.0000,-1.0000,-1.0000,-1.0000,-1.0000,0.5702,0.5321,0.5828,0.5734,0.5644,0.5303,0.2712,0.1976,0.2273,0.3173,0.1368,0.3897,0.3086,0.2350,0.3083,0.3645,0.1510,0.1562,0.2409,0.2093,0.1813,0.1755,0.2475,0.2240,0.1735,0.1511,0.2291,0.1926,0.2355,0.1889,0.2301,0.2560,0.1802,0.2058,0.2400,0.1500,0.2389,0.1383,0.2172,0.2172,0.4062,0.4359,0.4321,0.4193,0.3790,0.4338,0.4672,0.3617,0.3990,0.4544,0.4413,0.4355,0.3689,0.4505,0.4798,0.4405,0.4548,0.4688,0.4149,0.4711,0.3872,0.4365,0.4539,0,0.1368,-1.2936,-4.3513,2.2937
149,0.2980,0.3647,0.1578,1.2526,1.1449,-1.4600,-0.1917,0.1161,0.1924,-0.0018,1.0268,0.9999,0.0003,0.0100,0.0039,-0.0066,-0.0185,0.0015,-0.0070,0.0055,-0.0028,-0.0066,-0.0162,0.0015,-0.0076,0.0035,-0.0038,0.0125,0.0570,-0.0420,0.0018,0.0326,0.0051,0.0029,0.0002,0.0327,-0.0006,-0.0019,0.0310,0.0031,0.0019,-0.0001,-0.0118,-0.0501,0.0009,-0.0056,-0.0980,0.1368,-0.1132,0.0708,0.0708,0.0390,-0.0609,-0.1489,-0.1175,0.0930,0.0645,0.0588,-0.0806,-0.0176,0.0417,-0.1239,-0.1951,-0.2611,0.7642,0.2329,-0.0403,0.0030,-0.3131,0.0592,0.0522,0.0201,0.0151,0.0222,-0.0011,-1.0000,-1.0000,-1.0000,-1.0000,-1.0000,-1.0000,4.3824,6.4666,5.4263,-1.0000,10.6589,-1.0000,-1.0000,5.2090,-1.0000,-1.0000,9.2570,8.8321,5.0531,6.0132,7.2315,7.5462,4.8892,5.5242,7.6631,9.2496,5.3747,6.6860,5.1946,6.8535,5.3443,4.6960,7.2914,6.1419,5.0774,9.3495,5.1036,10.4936,5.7398,5.7416,-1.0000,-1.0000,-1.0000,-1.0000,-1.0000,-1.0000,-1.0000,-1.0000,-1.0000,-1.0000,-1.0000,-1.0000,-1.0000,-1.0000,-1.0000,-1.0000,-1.0000,-1.0000,-1.0000,-1.0000,-1.0000,-1.0000,-1.0000,0.4359,0.4321,0.4193,0.3790,0.4338,0.4672,0.3617,0.3990,0.4544,0.4413,0.4355,0.3689,0.4505,0.4798,0.4405,0.4548,0.4688,0.4149,0.4711,0.3872,0.4365,0.4539,-1.0000,-1.0000,-1.0000,-1.0000,-1.0000,-1.0000,-1.0000,-1.0000,-1.0000,-1.0000,-1.0000,-1.0000,-1.0000,-1.0000,-1.0000,-1.0000,-1.0000,-1.0000,-1.0000,-1.0000,-1.0000,-1.0000,-1.0000,-1.0000,-1.0000,-1.0000,-1.0000,-1.0000,-1.0000,-1.0000,-1.0000,-1.0000,-1.0000,-1.0000,-1.0000,-1.0000,0.5702,0.5321,0.5828,0.5734,0.5644,0.5303,0.2712,0.1976,0.2273,0.3173,0.1368,0.3897,0.3086,0.2350,0.3083,0.3645,0.1510,0.1562,0.2409,0.2093,0.1813,0.1755,0.2475,0.2240,0.1735,0.1511,0.2291,0.1926,0.2355,0.1889,0.2301,0.2560,0.1802,0.2058,0.2400,0.1500,0.2389,0.1383,0.2172,0.2172,0.4062,0.4359,0.4321,0.4193,0.3790,0.4338,0.4672,0.3617,0.3990,0.4544,0.4413,0.4355,0.3689,0.4505,0.4798,0.4405,0.4548,0.4688,0.4149,0.4711,0.3872,0.4365,0.4539,0,0.1368,-1.2936,-4.3513,2.2937
150,0.3000,0.3670,0.1550,1.2522,1.1423,-1.4360,-0.1927,0.1161,0.1923,-0.0019,1.0268,0.9999,0.0004,0.0099,0.0041,-0.0068,-0.0183,0.0016,-0.0069,0.0054,-0.0032,-0.0068,-0.0160,0.0016,-0.0074,0.0037,-0.0038,0.0126,0.0567,-0.0423,0.0013,0.0342,0.0056,0.0029,0.0002,0.0321,-0.0004,-0.0018,0.0310,0.0032,0.0020,-0.0001,-0.0121,-0.0501,-0.0028,0.0164,-0.0999,0.1361,-0.1116,0.0765,0.0467,0.0349,-0.0870,-0.1935,-0.1035,0.0747,0.0392,0.0754,0.0927,-0.0113,0.0229,-0.1507,-0.1456,-0.2574,0.8092,0.2436,-0.0398,0.0027,-0.3267,0.0714,0.0536,0.0067,0.0149,0.0229,-0.0011,-1.0000,-1.0000,-1.0000,-1.0000,-1.0000,-1.0000,4.3604,6.5330,5.4394,-1.0000,10.7401,-1.0000,-1.0000,5.2457,-1.0000,-1.0000,9.3031,8.5997,5.0016,5.9245,7.0880,7.4202,4.8250,5.4244,7.5371,9.0049,5.2853,6.5448,5.1208,6.7473,5.2644,4.6431,7.1795,6.0435,5.0212,9.1546,5.0362,10.2765,5.6882,5.6761,-1.0000,-1.0000,-1.0000,-1.0000,-1.0000,-1.0000,-1.0000,-1.0000,-1.0000,-1.0000,-1.0000,-1.0000,-1.0000,-1.0000,-1.0000,-1.0000,-1.0000,-1.0000,-1.0000,-1.0000,-1.0000,-1.0000,-1.0000,0.4342,0.4302,0.4174,0.3773,0.4326,0.4655,0.3601,0.3969,0.4529,0.4395,0.4341,0.3675,0.4489,0.4779,0.4380,0.4527,0.4667,0.4123,0.4692,0.3848,0.4342,0.4515,-1.0000,-1.0000,-1.0000,-1.0000,-1.0000,-1.0000,-1.0000,-1.0000,-1.0000,-1.0000,-1.0000,-1.0000,-1.0000,-1.0000,-1.0000,-1.0000,-1.0000,-1.0000,-1.0000,-1.0000,-1.0000,-1.0000,-1.0000,-1.0000,-1.0000,-1.0000,-1.0000,-1.0000,-1.0000,-1.0000,-1.0000,-1.0000,-1.0000,-1.0000,-1.0000,-1.0000,0.5702,0.5318,0.5827,0.5737,0.5641,0.5307,0.2723,0.1961,0.2268,0.3177,0.1361,0.3892,0.3097,0.2336,0.3086,0.3649,0.1505,0.1593,0.2429,0.2118,0.1841,0.1778,0.2503,0.2274,0.1757,0.1541,0.2322,0.1958,0.2383,0.1912,0.2330,0.2584,0.1823,0.2085,0.2422,0.1522,0.2416,0.1403,0.2188,0.2192,0.4042,0.4342,0.4302,0.4174,0.3773,0.4326,0.4655,0.3601,0.3969,0.4529,0.4395,0.4341,0.3675,0.4489,0.4779,0.4380,0.4527,0.4667,0.4123,0.4692,0.3848,0.4342,0.4515,0,0.1361,-1.2936,-4.3513,2.2937
151,0.3020,0.3692,0.1521,1.2518,1.1384,-1.4189,-0.1963,0.1161,0.1923,-0.0020,1.0268,0.9999,0.0004,0.0098,0.0042,-0.0071,-0.0182,0.0016,-0.0068,0.0052,-0.0035,-0.0070,-0.0159,0.0016,-0.0073,0.0038,-0.0035,0.0126,0.0563,-0.0425,0.0008,0.0359,0.0061,0.0028,0.0002,0.0314,-0.0003,-0.0017,0.0310,0.0032,0.0020,-0.0001,-0.0123,-0.0508,-0.0024,0.0278,-0.0999,0.1325,-0.1092,0.0754,0.0310,0.0342,-0.0625,-0.1297,-0.1020,0.0765,0.0171,0.0746,0.0561,0.1735,0.0086,-0.1699,-0.1011,-0.2539,0.8376,0.2510,-0.0387,0.0024,-0.3358,0.0806,0.0564,0.0036,0.0148,0.0239,-0.0010,-1.0000,-1.0000,-1.0000,-1.0000,-1.0000,-1.0000,4.3376,6.5959,5.4497,-1.0000,10.8064,-1.0000,-1.0000,5.2800,-1.0000,-1.0000,9.3383,8.3793,4.9505,5.8379,6.9497,7.2966,4.7624,5.3289,7.4131,8.7732,5.1994,6.4104,5.0491,6.6432,5.1871,4.5915,7.0702,5.9485,4.9661,8.9663,4.9709,10.0647,5.6366,5.6116,-1.0000,-1.0000,-1.0000,-1.0000,-1.0000,-1.0000,-1.0000,-1.0000,-1.0000,-1.0000,-1.0000,-1.0000,-1.0000,-1.0000,-1.0000,-1.0000,-1.0000,-1.0000,-1.0000,-1.0000,-1.0000,-1.0000,-1.0000,0.4327,0.4285,0.4155,0.3756,0.4315,0.4639,0.3587,0.3950,0.4514,0.4377,0.4328,0.3662,0.4473,0.4760,0.4355,0.4506,0.4647,0.4098,0.4673,0.3824,0.4319,0.4493,-1.0000,-1.0000,-1.0000,-1.0000,-1.0000,-1.0000,-1.0000,-1.0000,-1.0000,-1.0000,-1.0000,-1.0000,-1.0000,-1.0000,-1.0000,-1.0000,-1.0000,-1.0000,-1.0000,-1.0000,-1.0000,-1.0000,-1.0000,-1.0000,-1.0000,-1.0000,-1.0000,-1.0000,-1.0000,-1.0000,-1.0000,-1.0000,-1.0000,-1.0000,-1.0000,-1.0000,0.5703,0.5316,0.5826,0.5741,0.5638,0.5311,0.2735,0.1946,0.2265,0.3181,0.1355,0.3886,0.3109,0.2324,0.3089,0.3653,0.1501,0.1623,0.2450,0.2143,0.1869,0.1801,0.2530,0.2307,0.1779,0.1570,0.2353,0.1990,0.2411,0.1935,0.2358,0.2608,0.1844,0.2111,0.2444,0.1545,0.2442,0.1424,0.2204,0.2212,0.4022,0.4327,0.4285,0.4155,0.3756,0.4315,0.4639,0.3587,0.3950,0.4514,0.4377,0.4328,0.3662,0.4473,0.4760,0.4355,0.4506,0.4647,0.4098,0.4673,0.3824,0.4319,0.4493,0,0.1355,-1.2936,-4.3513,2.2937
151,0.3020,0.3692,0.1521,1.2518,1.1384,-1.4189,-0.1963,0.1161,0.1923,-0.0020,1.0268,0.9999,0.0004,0.0098,0.0042,-0.0071,-0.0182,0.0016,-0.0068,0.0052,-0.0035,-0.0070,-0.0159,0.0016,-0.0073,0.0038,-0.0035,0.0126,0.0563,-0.0425,0.0008,0.0359,0.0061,0.0028,0.0002,0.0314,-0.0003,-0.0017,0.0310,0.0032,0.0020,-0.0001,-0.0123,-0.0508,-0.0024,0.0278,-0.0999,0.1325,-0.1092,0.0754,0.0310,0.0342,-0.0625,-0.1297,-0.1020,0.0765,0.0171,0.0746,0.0561,0.1735,0.0086,-0.1699,-0.1011,-0.2539,0.8376,0.2510,-0.0387,0.0024,-0.3358,0.0806,0.0564,0.0036,0.0148,0.0239,-0.0010,-1.0000,-1.0000,-1.0000,-1.0000,-1.0000,-1.0000,4.3376,6.5959,5.4497,-1.0000,10.8064,-1.0000,-1.0000,5.2800,-1.0000,-1.0000,9.3383,8.3793,4.9505,5.8379,6.9497,7.2966,4.7624,5.3289,7.4131,8.7732,5.1994,6.4104,5.0491,6.6432,5.1871,4.5915,7.0702,5.9485,4.9661,8.9663,4.9709,10.0647,5.6366,5.6116,-1.0000,-1.0000,-1.0000,-1.0000,-1.0000,-1.0000,-1.0000,-1.0000,-1.0000,-1.0000,-1.0000,-1.0000,-1.0000,-1.0000,-1.0000,-1.0000,-1.0000,-1.0000,-1.0000,-1.0000,-1.0000,-1.0000,-1.0000,0.4327,0.4285,0.4155,0.3756,0.4315,0.4639,0.3587,0.3950,0.4514,0.4377,0.4328,0.3662,0.4473,0.4760,0.4355,0.4506,0.4647,0.4098,0.4673,0.3824,0.4319,0.4493,-1.0000,-1.0000,-1.0000,-1.0000,-1.0000,-1.0000,-1.0000,-1.0000,-1.0000,-1.0000,-1.0000,-1.0000,-1.0000,-1.0000,-1.0000,-1.0000,-1.0000,-1.0000,-1.0000,-1.0000,-1.0000,-1.0000,-1.0000,-1.0000,-1.0000,-1.0000,-1.0000,-1.0000,-1.0000,-1.0000,-1.0000,-1.0000,-1.0000,-1.0000,-1.0000,-1.0000,0.5703,0.5316,0.5826,0.5741,0.5638,0.5311,0.2735,0.1946,0.2265,0.3181,0.1355,0.3886,0.3109,0.2324,0.3089,0.3653,0.1501,0.1623,0.2450,0.2143,0.1869,0.1801,0.2530,0.2307,0.1779,0.1570,0.2353,0.1990,0.2411,0.1935,0.2358,0.2608,0.1844,0.2111,0.2444,0.1545,0.2442,0.1424,0.2204,0.2212,0.4022,0.4327,0.4285,0.4155,0.3756,0.4315,0.4639,0.3587,0.3950,0.4514,0.4377,0.4328,0.3662,0.4473,0.4760,0.4355,0.4506,0.4647,0.4098,0.4673,0.3824,0.4319,0.4493,0,0.1355,-1.2936,-4.3513,2.2937
152,0.3040,0.3715,0.1493,1.2514,1.1405,-1.4167,-0.2144,0.1161,0.1923,-0.0021,1.0268,0.9999,0.0004,0.0097,0.0043,-0.0073,-0.0181,0.0018,-0.0067,0.0054,-0.0037,-0.0072,-0.0157,0.0017,-0.0071,0.0038,-0.0033,0.0126,0.0560,-0.0427,0.0002,0.0374,0.0066,0.0027,0.0002,0.0307,-0.0001,-0.0016,0.0310,0.0032,0.0021,-0.0001,-0.0121,-0.0526,-0.0044,0.0019,-0.1002,0.1286,-0.0938,0.0573,0.0645,0.0486,0.0877,-0.1170,-0.1005,0.0825,0.0530,0.0700,0.0106,0.1015,0.0023,-0.1752,-0.0787,-0.2561,0.7866,0.2464,-0.0366,0.0022,-0.3372,0.0744,0.0631,0.0082,0.0151,0.0250,-0.0009,-1.0000,-1.0000,-1.0000,-1.0000,-1.0000,-1.0000,4.3141,6.6559,5.4574,-1.0000,10.8595,-1.0000,-1.0000,5.3123,-1.0000,-1.0000,9.3633,8.1697,4.8997,5.7530,6.8161,7.1751,4.7013,5.2372,7.2913,8.5534,5.1165,6.2821,4.9795,6.5412,5.1123,4.5412,6.9636,5.8567,4.9122,8.7845,4.9075,9.8588,5.5853,5.5483,-1.0000,-1.0000,-1.0000,-1.0000,-1.0000,-1.0000,-1.0000,-1.0000,-1.0000,-1.0000,-1.0000,-1.0000,-1.0000,-1.0000,-1.0000,-1.0000,-1.0000,-1.0000,-1.0000,-1.0000,-1.0000,-1.0000,-1.0000,0.4312,0.4268,0.4137,0.3741,0.4305,0.4623,0.3573,0.3930,0.4500,0.4359,0.4316,0.3649,0.4458,0.4743,0.4330,0.4486,0.4627,0.4074,0.4656,0.3801,0.4297,0.4471,-1.0000,-1.0000,-1.0000,-1.0000,-1.0000,-1.0000,-1.0000,-1.0000,-1.0000,-1.0000,-1.0000,-1.0000,-1.0000,-1.0000,-1.0000,-1.0000,-1.0000,-1.0000,-1.0000,-1.0000,-1.0000,-1.0000,-1.0000,-1.0000,-1.0000,-1.0000,-1.0000,-1.0000,-1.0000,-1.0000,-1.0000,-1.0000,-1.0000,-1.0000,-1.0000,-1.0000,0.5705,0.5314,0.5826,0.5745,0.5636,0.5315,0.2748,0.1932,0.2262,0.3187,0.1351,0.3882,0.3122,0.2312,0.3093,0.3658,0.1498,0.1654,0.2471,0.2168,0.1897,0.1824,0.2557,0.2339,0.1802,0.1599,0.2384,0.2022,0.2438,0.1959,0.2386,0.2632,0.1866,0.2137,0.2466,0.1568,0.2468,0.1444,0.2220,0.2232,0.4004,0.4312,0.4268,0.4137,0.3741,0.4305,0.4623,0.3573,0.3930,0.4500,0.4359,0.4316,0.3649,0.4458,0.4743,0.4330,0.4486,0.4627,0.4074,0.4656,0.3801,0.4297,0.4471,0,0.1351,-1.2936,-4.3513,2.2937
153,0.3060,0.3738,0.1465,1.2509,1.1405,-1.4167,-0.2341,0.1161,0.1923,-0.0022,1.0267,0.9999,0.0004,0.0096,0.0045,-0.0074,-0.0179,0.0019,-0.0066,0.0055,-0.0036,-0.0074,-0.0156,0.0018,-0.0070,0.0038,-0.0032,0.0126,0.0556,-0.0428,-0.0003,0.0389,0.0071,0.0026,0.0002,0.0300,0.0000,-0.0015,0.0311,0.0032,0.0021,-0.0001,-0.0120,-0.0539,-0.0042,-0.0114,-0.0988,0.1236,-0.0922,0.0602,0.0731,0.0449,0.0612,0.0560,-0.0970,0.0847,0.0731,0.0669,-0.0270,0.0382,-0.0042,-0.1780,-0.0520,-0.2589,0.7430,0.2418,-0.0343,0.0020,-0.3390,0.0730,0.0678,0.0114,0.0152,0.0239,-0.0008,-1.0000,-1.0000,-1.0000,-1.0000,-1.0000,-1.0000,4.2902,6.7142,5.4628,-1.0000,10.9023,-1.0000,-1.0000,5.3431,-1.0000,-1.0000,9.3797,7.9680,4.8485,5.6688,6.6855,7.0547,4.6411,5.1479,7.1705,8.3427,5.0358,6.1583,4.9113,6.4407,5.0393,4.4916,6.8593,5.7673,4.8592,8.6081,4.8453,9.6578,5.5344,5.4860,-1.0000,-1.0000,-1.0000,-1.0000,-1.0000,-1.0000,-1.0000,-1.0000,-1.0000,-1.0000,-1.0000,-1.0000,-1.0000,-1.0000,-1.0000,-1.0000,-1.0000,-1.0000,-1.0000,-1.0000,-1.0000,-1.0000,-1.0000,0.4297,0.4252,0.4120,0.3726,0.4295,0.4608,0.3559,0.3911,0.4486,0.4342,0.4303,0.3637,0.4443,0.4725,0.4306,0.4466,0.4607,0.4050,0.4638,0.3778,0.4274,0.4448,-1.0000,-1.0000,-1.0000,-1.0000,-1.0000,-1.0000,-1.0000,-1.0000,-1.0000,-1.0000,-1.0000,-1.0000,-1.0000,-1.0000,-1.0000,-1.0000,-1.0000,-1.0000,-1.0000,-1.0000,-1.0000,-1.0000,-1.0000,-1.0000,-1.0000,-1.0000,-1.0000,-1.0000,-1.0000,-1.0000,-1.0000,-1.0000,-1.0000,-1.0000,-1.0000,-1.0000,0.5707,0.5313,0.5826,0.5749,0.5635,0.5320,0.2761,0.1919,0.2261,0.3193,0.1347,0.3878,0.3135,0.2302,0.3097,0.3664,0.1496,0.1685,0.2493,0.2194,0.1926,0.1848,0.2585,0.2373,0.1825,0.1629,0.2416,0.2054,0.2466,0.1983,0.2414,0.2656,0.1888,0.2164,0.2488,0.1592,0.2494,0.1465,0.2237,0.2253,0.3985,0.4297,0.4252,0.4120,0.3726,0.4295,0.4608,0.3559,0.3911,0.4486,0.4342,0.4303,0.3637,0.4443,0.4725,0.4306,0.4466,0.4607,0.4050,0.4638,0.3778,0.4274,0.4448,0,0.1347,-1.2936,-4.3513,2.2937
153,0.3060,0.3738,0.1465,1.2509,1.1405,-1.4167,-0.2341,0.1161,0.1923,-0.0022,1.0267,0.9999,0.0004,0.0096,0.0045,-0.0074,-0.0179,0.0019,-0.0066,0.0055,-0.0036,-0.0074,-0.0156,0.0018,-0.0070,0.0038,-0.0032,0.0126,0.0556,-0.0428,-0.0003,0.0389,0.0071,0.0026,0.0002,0.0300,0.0000,-0.0015,0.0311,0.0032,0.0021,-0.0001,-0.0120,-0.0539,-0.0042,-0.0114,-0.0988,0.1236,-0.0922,0.0602,0.0731,0.0449,0.0612,0.0560,-0.0970,0.0847,0.0731,0.0669,-0.0270,0.0382,-0.0042,-0.1780,-0.0520,-0.2589,0.7430,0.2418,-0.0343,0.0020,-0.3390,0.0730,0.0678,0.0114,0.0152,0.0239,-0.0008,-1.0000,-1.0000,-1.0000,-1.0000,-1.0000,-1.0000,4.2902,6.7142,5.4628,-1.0000,10.9023,-1.0000,-1.0000,5.3431,-1.0000,-1.0000,9.3797,7.9680,4.8485,5.6688,6.6855,7.0547,4.6411,5.1479,7.1705,8.3427,5.0358,6.1583,4.9113,6.4407,5.0393,4.4916,6.8593,5.7673,4.8592,8.6081,4.8453,9.6578,5.5344,5.4860,-1.0000,-1.0000,-1.0000,-1.0000,-1.0000,-1.0000,-1.0000,-1.0000,-1.0000,-1.0000,-1.0000,-1.0000,-1.0000,-1.0000,-1.0000,-1.0000,-1.0000,-1.0000,-1.0000,-1.0000,-1.0000,-1.0000,-1.0000,0.4297,0.4252,0.4120,0.3726,0.4295,0.4608,0.3559,0.3911,0.4486,0.4342,0.4303,0.3637,0.4443,0.4725,0.4306,0.4466,0.4607,0.4050,0.4638,0.3778,0.4274,0.4448,-1.0000,-1.0000,-1.0000,-1.0000,-1.0000,-1.0000,-1.0000,-1.0000,-1.0000,-1.0000,-1.0000,-1.0000,-1.0000,-1.0000,-1.0000,-1.0000,-1.0000,-1.0000,-1.0000,-1.0000,-1.0000,-1.0000,-1.0000,-1.0000,-1.0000,-1.0000,-1.0000,-1.0000,-1.0000,-1.0000,-1.0000,-1.0000,-1.0000,-1.0000,-1.0000,-1.0000,0.5707,0.5313,0.5826,0.5749,0.5635,0.5320,0.2761,0.1919,0.2261,0.3193,0.1347,0.3878,0.3135,0.2302,0.3097,0.3664,0.1496,0.1685,0.2493,0.2194,0.1926,0.1848,0.2585,0.2373,0.1825,0.1629,0.2416,0.2054,0.2466,0.1983,0.2414,0.2656,0.1888,0.2164,0.2488,0.1592,0.2494,0.1465,0.2237,0.2253,0.3985,0.4297,0.4252,0.4120,0.3726,0.4295,0.4608,0.3559,0.3911,0.4486,0.4342,0.4303,0.3637,0.4443,0.4725,0.4306,0.4466,0.4607,0.4050,0.4638,0.3778,0.4274,0.4448,0,0.1347,-1.2936,-4.3513,2.2937
154,0.3080,0.3761,0.1436,1.2504,1.1405,-1.4167,-0.2537,0.1161,0.1922,-0.0024,1.0267,0.9999,0.0004,0.0095,0.0046,-0.0076,-0.0178,0.0021,-0.0066,0.0056,-0.0036,-0.0076,-0.0154,0.0020,-0.0069,0.0037,-0.0033,0.0126,0.0553,-0.0428,-0.0008,0.0403,0.0076,0.0026,0.0002,0.0294,0.0002,-0.0013,0.0311,0.0033,0.0021,-0.0001,-0.0119,-0.0540,-0.0025,-0.0088,-0.0970,0.1193,-0.0893,0.0639,0.0722,0.0398,0.0254,0.0059,-0.0937,0.0867,0.0750,0.0639,-0.0681,-0.0691,-0.0129,-0.1784,-0.0214,-0.2629,0.7069,0.2373,-0.0316,0.0018,-0.3416,0.0760,0.0700,0.0112,0.0152,0.0227,-0.0007,-1.0000,-1.0000,-1.0000,-1.0000,-1.0000,-1.0000,4.2659,6.7707,5.4656,-1.0000,10.9351,-1.0000,-1.0000,5.3723,-1.0000,-1.0000,9.3870,7.7737,4.7969,5.5854,6.5577,6.9354,4.5818,5.0611,7.0510,8.1410,4.9573,6.0389,4.8446,6.3416,4.9680,4.4431,6.7576,5.6803,4.8072,8.4375,4.7845,9.4625,5.4841,5.4248,-1.0000,-1.0000,-1.0000,-1.0000,-1.0000,-1.0000,-1.0000,-1.0000,-1.0000,-1.0000,-1.0000,-1.0000,-1.0000,-1.0000,-1.0000,-1.0000,-1.0000,-1.0000,-1.0000,-1.0000,-1.0000,-1.0000,-1.0000,0.4283,0.4236,0.4103,0.3711,0.4285,0.4592,0.3546,0.3893,0.4473,0.4325,0.4292,0.3626,0.4428,0.4707,0.4282,0.4446,0.4587,0.4026,0.4620,0.3755,0.4252,0.4426,-1.0000,-1.0000,-1.0000,-1.0000,-1.0000,-1.0000,-1.0000,-1.0000,-1.0000,-1.0000,-1.0000,-1.0000,-1.0000,-1.0000,-1.0000,-1.0000,-1.0000,-1.0000,-1.0000,-1.0000,-1.0000,-1.0000,-1.0000,-1.0000,-1.0000,-1.0000,-1.0000,-1.0000,-1.0000,-1.0000,-1.0000,-1.0000,-1.0000,-1.0000,-1.0000,-1.0000,0.5709,0.5312,0.5827,0.5754,0.5634,0.5325,0.2774,0.1907,0.2260,0.3199,0.1345,0.3874,0.3148,0.2291,0.3102,0.3670,0.1495,0.1716,0.2515,0.2220,0.1955,0.1872,0.2613,0.2406,0.1848,0.1658,0.2447,0.2086,0.2494,0.2007,0.2443,0.2681,0.1910,0.2191,0.2510,0.1615,0.2520,0.1487,0.2254,0.2273,0.3967,0.4283,0.4236,0.4103,0.3711,0.4285,0.4592,0.3546,0.3893,0.4473,0.4325,0.4292,0.3626,0.4428,0.4707,0.4282,0.4446,0.4587,0.4026,0.4620,0.3755,0.4252,0.4426,0,0.1345,-1.2936,-4.3513,2.2937
155,0.3100,0.3784,0.1408,1.2498,1.1405,-1.4167,-0.2733,0.1161,0.1922,-0.0025,1.0267,0.9999,0.0004,0.0094,0.0047,-0.0078,-0.0177,0.0022,-0.0065,0.0056,-0.0037,-0.0077,-0.0152,0.0021,-0.0068,0.0034,-0.0037,0.0125,0.0549,-0.0428,-0.0013,0.0417,0.0080,0.0025,0.0003,0.0287,0.0003,-0.0012,0.0311,0.0033,0.0022,-0.0001,-0.0119,-0.0542,-0.0012,-0.0061,-0.0953,0.1148,-0.0860,0.0672,0.0711,0.0351,-0.0056,-0.0413,-0.0900,0.0882,0.0765,0.0612,-0.1036,-0.1685,-0.0210,-0.1788,0.0083,-0.2656,0.6696,0.2328,-0.0290,0.0016,-0.3438,0.0789,0.0719,0.0100,0.0152,0.0214,-0.0006,-1.0000,-1.0000,-1.0000,-1.0000,-1.0000,-1.0000,4.2413,6.8250,5.4657,-1.0000,10.9574,-1.0000,-1.0000,5.3996,-1.0000,-1.0000,9.3847,7.5865,4.7449,5.5026,6.4327,6.8171,4.5234,4.9767,6.9327,7.9478,4.8808,5.9237,4.7793,6.2440,4.8986,4.3955,6.6586,5.5957,4.7562,8.2726,4.7252,9.2731,5.4345,5.3649,-1.0000,-1.0000,-1.0000,-1.0000,-1.0000,-1.0000,-1.0000,-1.0000,-1.0000,-1.0000,-1.0000,-1.0000,-1.0000,-1.0000,-1.0000,-1.0000,-1.0000,-1.0000,-1.0000,-1.0000,-1.0000,-1.0000,-1.0000,0.4269,0.4220,0.4086,0.3696,0.4276,0.4578,0.3533,0.3874,0.4459,0.4308,0.4280,0.3614,0.4414,0.4690,0.4257,0.4426,0.4567,0.4002,0.4603,0.3732,0.4230,0.4404,-1.0000,-1.0000,-1.0000,-1.0000,-1.0000,-1.0000,-1.0000,-1.0000,-1.0000,-1.0000,-1.0000,-1.0000,-1.0000,-1.0000,-1.0000,-1.0000,-1.0000,-1.0000,-1.0000,-1.0000,-1.0000,-1.0000,-1.0000,-1.0000,-1.0000,-1.0000,-1.0000,-1.0000,-1.0000,-1.0000,-1.0000,-1.0000,-1.0000,-1.0000,-1.0000,-1.0000,0.5712,0.5312,0.5829,0.5759,0.5633,0.5331,0.2788,0.1895,0.2260,0.3206,0.1343,0.3872,0.3162,0.2282,0.3107,0.3676,0.1496,0.1748,0.2538,0.2247,0.1985,0.1897,0.2641,0.2439,0.1872,0.1688,0.2479,0.2118,0.2522,0.2032,0.2471,0.2705,0.1932,0.2217,0.2533,0.1639,0.2546,0.1508,0.2270,0.2294,0.3950,0.4269,0.4220,0.4086,0.3696,0.4276,0.4578,0.3533,0.3874,0.4459,0.4308,0.4280,0.3614,0.4414,0.4690,0.4257,0.4426,0.4567,0.4002,0.4603,0.3732,0.4230,0.4404,0,0.1343,-1.2936,-4.3513,2.2937
155,0.3100,0.3784,0.1408,1.2498,1.1405,-1.4167,-0.2733,0.1161,0.1922,-0.0025,1.0267,0.9999,0.0004,0.0094,0.0047,-0.0078,-0.0177,0.0022,-0.0065,0.0056,-0.0037,-0.0077,-0.0152,0.0021,-0.0068,0.0034,-0.0037,0.0125,0.0549,-0.0428,-0.0013,0.0417,0.0080,0.0025,0.0003,0.0287,0.0003,-0.0012,0.0311,0.0033,0.0022,-0.0001,-0.0119,-0.0542,-0.0012,-0.0061,-0.0953,0.1148,-0.0860,0.0672,0.0711,0.0351,-0.0056,-0.0413,-0.0900,0.0882,0.0765,0.0612,-0.1036,-0.1685,-0.0210,-0.1788,0.0083,-0.2656,0.6696,0.2328,-0.0290,0.0016,-0.3438,0.0789,0.0719,0.0100,0.0152,0.0214,-0.0006,-1.0000,-1.0000,-1.0000,-1.0000,-1.0000,-1.0000,4.2413,6.8250,5.4657,-1.0000,10.9574,-1.0000,-1.0000,5.3996,-1.0000,-1.0000,9.3847,7.5865,4.7449,5.5026,6.4327,6.8171,4.5234,4.9767,6.9327,7.9478,4.8808,5.9237,4.7793,6.2440,4.8986,4.3955,6.6586,5.5957,4.7562,8.2726,4.7252,9.2731,5.4345,5.3649,-1.0000,-1.0000,-1.0000,-1.0000,-1.0000,-1.0000,-1.0000,-1.0000,-1.0000,-1.0000,-1.0000,-1.0000,-1.0000,-1.0000,-1.0000,-1.0000,-1.0000,-1.0000,-1.0000,-1.0000,-1.0000,-1.0000,-1.0000,0.4269,0.4220,0.4086,0.3696,0.4276,0.4578,0.3533,0.3874,0.4459,0.4308,0.4280,0.3614,0.4414,0.4690,0.4257,0.4426,0.4567,0.4002,0.4603,0.3732,0.4230,0.4404,-1.0000,-1.0000,-1.0000,-1.0000,-1.0000,-1.0000,-1.0000,-1.0000,-1.0000,-1.0000,-1.0000,-1.0000,-1.0000,-1.0000,-1.0000,-1.0000,-1.0000,-1.0000,-1.0000,-1.0000,-1.0000,-1.0000,-1.0000,-1.0000,-1.0000,-1.0000,-1.0000,-1.0000,-1.0000,-1.0000,-1.0000,-1.0000,-1.0000,-1.0000,-1.0000,-1.0000,0.5712,0.5312,0.5829,0.5759,0.5633,0.5331,0.2788,0.1895,0.2260,0.3206,0.1343,0.3872,0.3162,0.2282,0.3107,0.3676,0.1496,0.1748,0.2538,0.2247,0.1985,0.1897,0.2641,0.2439,0.1872,0.1688,0.2479,0.2118,0.2522,0.2032,0.2471,0.2705,0.1932,0.2217,0.2533,0.1639,0.2546,0.1508,0.2270,0.2294,0.3950,0.4269,0.4220,0.4086,0.3696,0.4276,0.4578,0.3533,0.3874,0.4459,0.4308,0.4280,0.3614,0.4414,0.4690,0.4257,0.4426,0.4567,0.4002,0.4603,0.3732,0.4230,0.4404,0,0.1343,-1.2936,-4.3513,2.2937
156,0.3120,0.3806,0.1380,1.2492,1.1405,-1.4167,-0.2929,0.1161,0.1922,-0.0026,1.0267,0.9999,0.0004,0.0093,0.0048,-0.0080,-0.0175,0.0023,-0.0064,0.0055,-0.0039,-0.0079,-0.0150,0.0023,-0.0066,0.0032,-0.0041,0.0125,0.0545,-0.0427,-0.0019,0.0429,0.0085,0.0025,0.0003,0.0280,0.0005,-0.0010,0.0311,0.0033,0.0022,-0.0001,-0.0118,-0.0545,0.0005,-0.0070,-0.0933,0.1100,-0.0822,0.0697,0.0744,0.0310,-0.0317,-0.0849,-0.0856,0.0885,0.0798,0.0587,-0.1278,-0.2093,-0.0281,-0.1793,0.0360,-0.2666,0.6314,0.2285,-0.0264,0.0013,-0.3448,0.0808,0.0741,0.0104,0.0153,0.0202,-0.0005,-1.0000,-1.0000,-1.0000,-1.0000,-1.0000,-1.0000,4.2164,6.8770,5.4630,-1.0000,10.9690,-1.0000,-1.0000,5.4249,-1.0000,-1.0000,9.3727,7.4061,4.6926,5.4206,6.3105,6.7002,4.4658,4.8946,6.8158,7.7626,4.8062,5.8126,4.7154,6.1480,4.8308,4.3489,6.5621,5.5134,4.7063,8.1133,4.6672,9.0892,5.3857,5.3062,-1.0000,-1.0000,-1.0000,-1.0000,-1.0000,-1.0000,-1.0000,-1.0000,-1.0000,-1.0000,-1.0000,-1.0000,-1.0000,-1.0000,-1.0000,-1.0000,-1.0000,-1.0000,-1.0000,-1.0000,-1.0000,-1.0000,-1.0000,0.4256,0.4205,0.4070,0.3682,0.4267,0.4563,0.3520,0.3856,0.4446,0.4291,0.4268,0.3603,0.4400,0.4672,0.4233,0.4406,0.4547,0.3978,0.4585,0.3709,0.4208,0.4382,-1.0000,-1.0000,-1.0000,-1.0000,-1.0000,-1.0000,-1.0000,-1.0000,-1.0000,-1.0000,-1.0000,-1.0000,-1.0000,-1.0000,-1.0000,-1.0000,-1.0000,-1.0000,-1.0000,-1.0000,-1.0000,-1.0000,-1.0000,-1.0000,-1.0000,-1.0000,-1.0000,-1.0000,-1.0000,-1.0000,-1.0000,-1.0000,-1.0000,-1.0000,-1.0000,-1.0000,0.5716,0.5313,0.5831,0.5766,0.5634,0.5338,0.2802,0.1884,0.2261,0.3213,0.1342,0.3869,0.3177,0.2273,0.3112,0.3683,0.1497,0.1780,0.2561,0.2275,0.2015,0.1923,0.2669,0.2473,0.1897,0.1718,0.2511,0.2150,0.2551,0.2057,0.2500,0.2729,0.1954,0.2244,0.2555,0.1663,0.2573,0.1530,0.2287,0.2315,0.3933,0.4256,0.4205,0.4070,0.3682,0.4267,0.4563,0.3520,0.3856,0.4446,0.4291,0.4268,0.3603,0.4400,0.4672,0.4233,0.4406,0.4547,0.3978,0.4585,0.3709,0.4208,0.4382,0,0.1342,-1.2936,-4.3513,2.2937
157,0.3140,0.3829,0.1351,1.2486,1.1405,-1.4167,-0.3125,0.1161,0.1922,-0.0027,1.0267,0.9999,0.0004,0.0092,0.0049,-0.0081,-0.0174,0.0025,-0.0064,0.0054,-0.0041,-0.0081,-0.0148,0.0025,-0.0065,0.0029,-0.0046,0.0124,0.0542,-0.0426,-0.0024,0.0441,0.0089,0.0024,0.0003,0.0273,0.0007,-0.0009,0.0312,0.0034,0.0023,-0.0001,-0.0117,-0.0548,0.0019,-0.0077,-0.0914,0.1050,-0.0781,0.0718,0.0775,0.0271,-0.0543,-0.1259,-0.0809,0.0885,0.0828,0.0564,-0.1479,-0.2456,-0.0348,-0.1798,0.0629,-0.2665,0.5925,0.2242,-0.0238,0.0011,-0.3453,0.0825,0.0760,0.0100,0.0153,0.0189,-0.0004,-1.0000,-1.0000,-1.0000,-1.0000,-1.0000,-1.0000,4.1912,6.9265,5.4576,-1.0000,10.9700,-1.0000,-1.0000,5.4481,-1.0000,-1.0000,9.3512,7.2323,4.6401,5.3394,6.1912,6.5846,4.4091,4.8146,6.7005,7.5849,4.7336,5.7052,4.6528,6.0535,4.7647,4.3032,6.4680,5.4334,4.6573,7.9590,4.6104,8.9106,5.3376,5.2486,-1.0000,-1.0000,-1.0000,-1.0000,-1.0000,-1.0000,-1.0000,-1.0000,-1.0000,-1.0000,-1.0000,-1.0000,-1.0000,-1.0000,-1.0000,-1.0000,-1.0000,-1.0000,-1.0000,-1.0000,-1.0000,-1.0000,-1.0000,0.4243,0.4190,0.4054,0.3669,0.4258,0.4549,0.3508,0.3838,0.4434,0.4275,0.4257,0.3592,0.4385,0.4655,0.4209,0.4386,0.4527,0.3954,0.4568,0.3686,0.4186,0.4360,-1.0000,-1.0000,-1.0000,-1.0000,-1.0000,-1.0000,-1.0000,-1.0000,-1.0000,-1.0000,-1.0000,-1.0000,-1.0000,-1.0000,-1.0000,-1.0000,-1.0000,-1.0000,-1.0000,-1.0000,-1.0000,-1.0000,-1.0000,-1.0000,-1.0000,-1.0000,-1.0000,-1.0000,-1.0000,-1.0000,-1.0000,-1.0000,-1.0000,-1.0000,-1.0000,-1.0000,0.5720,0.5314,0.5834,0.5772,0.5635,0.5345,0.2816,0.1874,0.2262,0.3221,0.1342,0.3868,0.3192,0.2266,0.3118,0.3691,0.1499,0.1813,0.2585,0.2303,0.2045,0.1949,0.2698,0.2507,0.1922,0.1748,0.2543,0.2183,0.2579,0.2082,0.2529,0.2754,0.1976,0.2271,0.2577,0.1686,0.2599,0.1552,0.2304,0.2335,0.3916,0.4243,0.4190,0.4054,0.3669,0.4258,0.4549,0.3508,0.3838,0.4434,0.4275,0.4257,0.3592,0.4385,0.4655,0.4209,0.4386,0.4527,0.3954,0.4568,0.3686,0.4186,0.4360,0,0.1342,-1.2936,-4.3513,2.2937
157,0.3140,0.3829,0.1351,1.2486,1.1405,-1.4167,-0.3125,0.1161,0.1922,-0.0027,1.0267,0.9999,0.0004,0.0092,0.0049,-0.0081,-0.0174,0.0025,-0.0064,0.0054,-0.0041,-0.0081,-0.0148,0.0025,-0.0065,0.0029,-0.0046,0.0124,0.0542,-0.0426,-0.0024,0.0441,0.0089,0.0024,0.0003,0.0273,0.0007,-0.0009,0.0312,0.0034,0.0023,-0.0001,-0.0117,-0.0548,0.0019,-0.0077,-0.0914,0.1050,-0.0781,0.0718,0.0775,0.0271,-0.0543,-0.1259,-0.0809,0.0885,0.0828,0.0564,-0.1479,-0.2456,-0.0348,-0.1798,0.0629,-0.2665,0.5925,0.2242,-0.0238,0.0011,-0.3453,0.0825,0.0760,0.0100,0.0153,0.0189,-0.0004,-1.0000,-1.0000,-1.0000,-1.0000,-1.0000,-1.0000,4.1912,6.9265,5.4576,-1.0000,10.9700,-1.0000,-1.0000,5.4481,-1.0000,-1.0000,9.3512,7.2323,4.6401,5.3394,6.1912,6.5846,4.4091,4.8146,6.7005,7.5849,4.7336,5.7052,4.6528,6.0535,4.7647,4.3032,6.4680,5.4334,4.6573,7.9590,4.6104,8.9106,5.3376,5.2486,-1.0000,-1.0000,-1.0000,-1.0000,-1.0000,-1.0000,-1.0000,-1.0000,-1.0000,-1.0000,-1.0000,-1.0000,-1.0000,-1.0000,-1.0000,-1.0000,-1.0000,-1.0000,-1.0000,-1.0000,-1.0000,-1.0000,-1.0000,0.4243,0.4190,0.4054,0.3669,0.4258,0.4549,0.3508,0.3838,0.4434,0.4275,0.4257,0.3592,0.4385,0.4655,0.4209,0.4386,0.4527,0.3954,0.4568,0.3686,0.4186,0.4360,-1.0000,-1.0000,-1.0000,-1.0000,-1.0000,-1.0000,-1.0000,-1.0000,-1.0000,-1.0000,-1.0000,-1.0000,-1.0000,-1.0000,-1.0000,-1.0000,-1.0000,-1.0000,-1.0000,-1.0000,-1.0000,-1.0000,-1.0000,-1.0000,-1.0000,-1.0000,-1.0000,-1.0000,-1.0000,-1.0000,-1.0000,-1.0000,-1.0000,-1.0000,-1.0000,-1.0000,0.5720,0.5314,0.5834,0.5772,0.5635,0.5345,0.2816,0.1874,0.2262,0.3221,0.1342,0.3868,0.3192,0.2266,0.3118,0.3691,0.1499,0.1813,0.2585,0.2303,0.2045,0.1949,0.2698,0.2507,0.1922,0.1748,0.2543,0.2183,0.2579,0.2082,0.2529,0.2754,0.1976,0.2271,0.2577,0.1686,0.2599,0.1552,0.2304,0.2335,0.3916,0.4243,0.4190,0.4054,0.3669,0.4258,0.4549,0.3508,0.3838,0.4434,0.4275,0.4257,0.3592,0.4385,0.4655,0.4209,0.4386,0.4527,0.3954,0.4568,0.3686,0.4186,0.4360,0,0.1342,-1.2936,-4.3513,2.2937
158,0.3160,0.3852,0.1323,1.2480,1.1405,-1.4167,-0.3322,0.1161,0.1922,-0.0028,1.0267,0.9999,0.0003,0.0091,0.0050,-0.0083,-0.0173,0.0027,-0.0063,0.0053,-0.0040,-0.0082,-0.0147,0.0027,-0.0064,0.0027,-0.0049,0.0123,0.0538,-0.0424,-0.0029,0.0452,0.0094,0.0024,0.0003,0.0266,0.0008,-0.0007,0.0312,0.0034,0.0023,-0.0001,-0.0116,-0.0563,0.0021,-0.0237,-0.0899,0.0989,-0.0742,0.0715,0.0903,0.0257,-0.0528,0.0378,-0.0769,0.0836,0.1004,0.0576,-0.1184,-0.1751,-0.0385,-0.1821,0.0844,-0.2631,0.5464,0.2201,-0.0216,0.0009,-0.3437,0.0800,0.0796,0.0128,0.0155,0.0178,-0.0003,-1.0000,-1.0000,-1.0000,-1.0000,-1.0000,-1.0000,4.1657,6.9732,5.4495,-1.0000,10.9602,-1.0000,-1.0000,5.4691,-1.0000,-1.0000,9.3205,7.0648,4.5875,5.2593,6.0747,6.4707,4.3533,4.7368,6.5868,7.4143,4.6629,5.6014,4.5915,5.9605,4.7001,4.2584,6.3762,5.3555,4.6093,7.8097,4.5549,8.7372,5.2901,5.1921,-1.0000,-1.0000,-1.0000,-1.0000,-1.0000,-1.0000,-1.0000,-1.0000,-1.0000,-1.0000,-1.0000,-1.0000,-1.0000,-1.0000,-1.0000,-1.0000,-1.0000,-1.0000,-1.0000,-1.0000,-1.0000,-1.0000,-1.0000,0.4231,0.4176,0.4039,0.3656,0.4250,0.4535,0.3497,0.3820,0.4421,0.4259,0.4246,0.3582,0.4371,0.4637,0.4185,0.4367,0.4508,0.3931,0.4551,0.3663,0.4163,0.4338,-1.0000,-1.0000,-1.0000,-1.0000,-1.0000,-1.0000,-1.0000,-1.0000,-1.0000,-1.0000,-1.0000,-1.0000,-1.0000,-1.0000,-1.0000,-1.0000,-1.0000,-1.0000,-1.0000,-1.0000,-1.0000,-1.0000,-1.0000,-1.0000,-1.0000,-1.0000,-1.0000,-1.0000,-1.0000,-1.0000,-1.0000,-1.0000,-1.0000,-1.0000,-1.0000,-1.0000,0.5725,0.5316,0.5837,0.5780,0.5636,0.5353,0.2831,0.1864,0.2265,0.3229,0.1342,0.3867,0.3208,0.2258,0.3125,0.3699,0.1503,0.1846,0.2610,0.2331,0.2076,0.1975,0.2727,0.2541,0.1948,0.1779,0.2575,0.2215,0.2608,0.2108,0.2558,0.2778,0.1998,0.2297,0.2600,0.1711,0.2625,0.1575,0.2320,0.2356,0.3899,0.4231,0.4176,0.4039,0.3656,0.4250,0.4535,0.3497,0.3820,0.4421,0.4259,0.4246,0.3582,0.4371,0.4637,0.4185,0.4367,0.4508,0.3931,0.4551,0.3663,0.4163,0.4338,0,0.1342,-1.2936,-4.3513,2.2937
