step,time,obst_px,obst_py,obst_pz,obst_vx,obst_vy,obst_vz,obst_radius,qpos_0,qpos_1,qpos_2,qpos_3,qpos_4,qpos_5,qpos_6,qpos_7,qpos_8,qpos_9,qpos_10,qpos_11,qpos_12,qpos_13,qpos_14,qpos_15,qpos_16,qpos_17,qpos_18,qpos_19,qpos_20,qpos_21,qpos_22,qpos_23,qpos_24,qpos_25,qpos_26,qpos_27,qpos_28,qpos_29,qpos_30,qpos_31,qpos_32,qpos_33,qvel_0,qvel_1,qvel_2,qvel_3,qvel_4,qvel_5,qvel_6,qvel_7,qvel_8,qvel_9,qvel_10,qvel_11,qvel_12,qvel_13,qvel_14,qvel_15,qvel_16,qvel_17,qvel_18,qvel_19,qvel_20,qvel_21,qvel_22,qvel_23,qvel_24,qvel_25,qvel_26,qvel_27,qvel_28,qvel_29,qvel_30,qvel_31,qvel_32,cap_site_0_head_sensor_0,cap_site_1_head_sensor_1,cap_site_2_head_sensor_2,cap_site_3_head_sensor_3,cap_site_4_head_sensor_4,cap_site_5_head_sensor_5,cap_site_6_torso_sensor_0,cap_site_7_torso_sensor_1,cap_site_8_torso_sensor_2,cap_site_9_torso_sensor_3,cap_site_10_torso_sensor_4,cap_site_11_torso_sensor_5,cap_site_12_torso_sensor_6,cap_site_13_torso_sensor_7,cap_site_14_torso_sensor_8,cap_site_15_torso_sensor_9,cap_site_16_torso_sensor_10,cap_site_17_left_shoulder_roll_sensor_0,cap_site_18_left_shoulder_roll_sensor_1,cap_site_19_left_shoulder_roll_sensor_2,cap_site_20_left_shoulder_roll_sensor_3,cap_site_21_left_shoulder_roll_sensor_4,cap_site_22_left_shoulder_roll_sensor_5,cap_site_23_left_shoulder_roll_sensor_6,cap_site_24_left_shoulder_roll_sensor_7,cap_site_25_left_shoulder_yaw_sensor_0,cap_site_26_left_shoulder_yaw_sensor_1,cap_site_27_left_shoulder_yaw_sensor_2,cap_site_28_left_shoulder_yaw_sensor_3,cap_site_29_left_shoulder_yaw_sensor_4,cap_site_30_left_shoulder_yaw_sensor_5,cap_site_31_left_elbow_sensor_0,cap_site_32_left_elbow_sensor_1,cap_site_33_left_elbow_sensor_2,cap_site_34_left_elbow_sensor_3,cap_site_35_left_elbow_sensor_4,cap_site_36_left_elbow_sensor_5,cap_site_37_left_elbow_sensor_6,cap_site_38_left_elbow_sensor_7,cap_site_39_left_elbow_sensor_8,cap_site_41_right_shoulder_roll_sensor_0,cap_site_42_right_shoulder_roll_sensor_1,cap_site_43_right_shoulder_roll_sensor_2,cap_site_44_right_shoulder_roll_sensor_3,cap_site_45_right_shoulder_roll_sensor_4,cap_site_46_right_shoulder_roll_sensor_5,cap_site_47_right_shoulder_roll_sensor_6,cap_site_48_right_shoulder_roll_sensor_7,cap_site_49_right_shoulder_yaw_sensor_0,cap_site_50_right_shoulder_yaw_sensor_1,cap_site_51_right_shoulder_yaw_sensor_2,cap_site_52_right_shoulder_yaw_sensor_3,cap_site_53_right_shoulder_yaw_sensor_4,cap_site_54_right_shoulder_yaw_sensor_5,cap_site_55_right_elbow_sensor_0,cap_site_56_right_elbow_sensor_1,cap_site_57_right_elbow_sensor_2,cap_site_58_right_elbow_sensor_3,cap_site_59_right_elbow_sensor_4,cap_site_60_right_elbow_sensor_5,cap_site_61_right_elbow_sensor_6,cap_site_62_right_elbow_sensor_7,cap_site_63_right_elbow_sensor_8,tof_reading_0,tof_reading_1,tof_reading_2,tof_reading_3,tof_reading_4,tof_reading_5,tof_reading_6,tof_reading_7,tof_reading_8,tof_reading_9,tof_reading_10,tof_reading_11,tof_reading_12,tof_reading_13,tof_reading_14,tof_reading_15,tof_reading_16,tof_reading_17,tof_reading_18,tof_reading_19,tof_reading_20,tof_reading_21,tof_reading_22,tof_reading_23,tof_reading_24,tof_reading_25,tof_reading_26,tof_reading_27,tof_reading_28,tof_reading_29,tof_reading_30,tof_reading_31,tof_reading_32,tof_reading_33,tof_reading_34,tof_reading_35,tof_reading_36,tof_reading_37,tof_reading_38,tof_reading_39,tof_reading_40,tof_reading_41,tof_reading_42,tof_reading_43,tof_reading_44,tof_reading_45,tof_reading_46,tof_reading_47,tof_reading_48,tof_reading_49,tof_reading_50,tof_reading_51,tof_reading_52,tof_reading_53,tof_reading_54,tof_reading_55,tof_reading_56,tof_reading_57,dist_to_obst_0,dist_to_obst_1,dist_to_obst_2,dist_to_obst_3,dist_to_obst_4,dist_to_obst_5,dist_to_obst_6,dist_to_obst_7,dist_to_obst_8,dist_to_obst_9,dist_to_obst_10,dist_to_obst_11,dist_to_obst_12,dist_to_obst_13,dist_to_obst_14,dist_to_obst_15,dist_to_obst_16,dist_to_obst_17,dist_to_obst_18,dist_to_obst_19,dist_to_obst_20,dist_to_obst_21,dist_to_obst_22,dist_to_obst_23,dist_to_obst_24,dist_to_obst_25,dist_to_obst_26,dist_to_obst_27,dist_to_obst_28,dist_to_obst_29,dist_to_obst_30,dist_to_obst_31,dist_to_obst_32,dist_to_obst_33,dist_to_obst_34,dist_to_obst_35,dist_to_obst_36,dist_to_obst_37,dist_to_obst_38,dist_to_obst_39,dist_to_obst_40,dist_to_obst_41,dist_to_obst_42,dist_to_obst_43,dist_to_obst_44,dist_to_obst_45,dist_to_obst_46,dist_to_obst_47,dist_to_obst_48,dist_to_obst_49,dist_to_obst_50,dist_to_obst_51,dist_to_obst_52,dist_to_obst_53,dist_to_obst_54,dist_to_obst_55,dist_to_obst_56,dist_to_obst_57,dist_to_obst_58,dist_to_obst_59,dist_to_obst_60,dist_to_obst_61,dist_to_obst_62,collision,min_obst_dist,cmd_vx,cmd_vy,cmd_vz
0,0.0000,1.2000,0.0000,0.9500,0.0000,0.0000,0.0000,0.1110,0.1900,0.0000,1.0280,1.0000,0.0000,0.0000,0.0000,0.0000,0.0000,0.0000,0.0000,0.0000,0.0000,0.0000,0.0000,0.0000,0.0000,0.0000,0.0000,0.0000,0.0000,0.0000,0.0000,0.0000,0.0000,0.0000,0.0000,0.0000,0.0000,0.0000,0.0000,0.0000,0.0000,0.0000,0.0000,0.0000,0.0000,0.0000,0.0000,0.0000,0.0000,0.0000,0.0000,0.0000,0.0000,0.0000,0.0000,0.0000,0.0000,0.0000,0.0000,0.0000,0.0000,0.0000,0.0000,0.0000,0.0000,0.0000,0.0000,0.0000,0.0000,0.0000,0.0000,0.0000,0.0000,0.0000,0.0000,-1.0000,-1.0000,-1.0000,-1.0000,-1.0000,-1.0000,-1.0000,-1.0000,-1.0000,-1.0000,-1.0000,-1.0000,-1.0000,-1.0000,-1.0000,-1.0000,-1.0000,-1.0000,-1.0000,-1.0000,-1.0000,-1.0000,-1.0000,-1.0000,-1.0000,-1.0000,-1.0000,-1.0000,-1.0000,-1.0000,-1.0000,-1.0000,-1.0000,-1.0000,-1.0000,-1.0000,-1.0000,-1.0000,-1.0000,-1.0000,-1.0000,-1.0000,-1.0000,-1.0000,-1.0000,-1.0000,-1.0000,-1.0000,-1.0000,-1.0000,-1.0000,-1.0000,-1.0000,-1.0000,-1.0000,-1.0000,-1.0000,-1.0000,-1.0000,-1.0000,-1.0000,-1.0000,-1.0000,-1.0000,-1.0000,-1.0000,-1.0000,-1.0000,-1.0000,-1.0000,-1.0000,-1.0000,-1.0000,-1.0000,-1.0000,-1.0000,-1.0000,-1.0000,-1.0000,-1.0000,-1.0000,-1.0000,-1.0000,0.9889,-1.0000,-1.0000,-1.0000,-1.0000,-1.0000,-1.0000,-1.0000,-1.0000,-1.0000,-1.0000,-1.0000,-1.0000,-1.0000,-1.0000,-1.0000,-1.0000,-1.0000,-1.0000,-1.0000,-1.0000,-1.0000,-1.0000,-1.0000,-1.0000,-1.0000,-1.0000,-1.0000,-1.0000,-1.0000,-1.0000,-1.0000,-1.0000,-1.0000,-1.0000,-1.0000,-1.0000,-1.0000,1.5423,1.5260,1.5424,1.5241,1.5432,1.5062,0.9520,1.0562,1.1915,1.0909,0.9947,1.2858,1.1306,1.1495,1.0058,1.1926,1.0897,1.0852,1.2048,1.1616,1.1225,1.1196,1.0479,1.0551,1.0797,0.9769,0.9899,0.9741,0.9518,1.0172,0.9187,0.8470,0.9098,0.8994,0.8497,0.9366,0.8748,0.9422,0.8617,0.8678,1.1909,1.2960,1.2637,1.2275,1.2020,1.1585,1.1932,1.1570,1.0897,1.1269,1.1108,1.0764,1.1006,1.0590,1.0070,1.0470,1.0478,1.0028,1.0596,1.0309,1.0476,0.9889,1.0110,0,0.8470,-0.1441,-3.3242,3.1703
1,0.0020,-0.4149,-1.8163,1.0000,2.0308,4.6896,1.9317,0.1110,0.1900,0.0000,1.0280,1.0000,-0.0000,0.0000,0.0002,-0.0011,-0.0002,-0.0001,0.0001,0.0005,0.0002,0.0011,0.0000,0.0001,-0.0000,0.0005,0.0003,-0.0006,-0.0000,-0.0000,0.0003,0.0000,0.0000,0.0000,0.0000,-0.0002,-0.0000,0.0001,0.0000,0.0000,0.0000,0.0000,-0.0123,0.0002,-0.0102,-0.0057,0.0400,0.1606,-0.5638,-0.0851,-0.0261,0.0410,0.2287,0.0965,0.5451,0.0159,0.0484,-0.0034,0.2467,0.1588,-0.2959,-0.0110,-0.0121,0.1270,0.0197,0.0002,0.0004,0.0002,-0.0872,-0.0032,0.0263,0.0164,0.0005,0.0023,0.0008,-1.0000,-1.0000,-1.0000,-1.0000,-1.0000,-1.0000,-1.0000,-1.0000,-1.0000,-1.0000,-1.0000,-1.0000,-1.0000,-1.0000,-1.0000,-1.0000,-1.0000,-1.0000,-1.0000,-1.0000,-1.0000,-1.0000,-1.0000,-1.0000,-1.0000,-1.0000,-1.0000,-1.0000,-1.0000,-1.0000,-1.0000,-1.0000,-1.0000,-1.0000,-1.0000,-1.0000,-1.0000,-1.0000,-1.0000,-1.0000,-1.0000,-1.0000,-1.0000,-1.0000,-1.0000,-1.0000,-1.0000,-1.0000,-1.0000,-1.0000,-1.0000,-1.0000,-1.0000,-1.0000,-1.0000,-1.0000,-1.0000,-1.0000,-1.0000,-1.0000,-1.0000,-1.0000,-1.0000,-1.0000,-1.0000,-1.0000,-1.0000,-1.0000,-1.0000,-1.0000,-1.0000,-1.0000,-1.0000,-1.0000,-1.0000,-1.0000,-1.0000,0.9577,-1.0000,-1.0000,0.9615,-1.0000,0.9633,0.9598,0.9798,-1.0000,-1.0000,-1.0000,-1.0000,-1.0000,-1.0000,-1.0000,-1.0000,-1.0000,-1.0000,-1.0000,-1.0000,-1.0000,-1.0000,-1.0000,-1.0000,-1.0000,-1.0000,-1.0000,-1.0000,-1.0000,-1.0000,-1.0000,-1.0000,-1.0000,-1.0000,-1.0000,-1.0000,-1.0000,-1.0000,-1.0000,-1.0000,-1.0000,-1.0000,-1.0000,-1.0000,1.2750,1.2070,1.2860,1.3096,1.2434,1.2564,1.1278,0.9790,1.0424,1.1620,0.9672,1.1550,1.1846,1.0151,1.1342,1.2014,0.9998,1.0557,1.1048,1.0887,1.0729,1.0701,1.1508,1.1210,1.0733,1.0306,1.1219,1.0741,1.1180,1.0841,1.0929,1.0543,0.9577,1.0276,1.0155,0.9615,1.0607,0.9633,0.9598,0.9798,1.0557,1.1048,1.0887,1.0729,1.0701,1.1508,1.1210,1.0733,1.0306,1.1219,1.0741,1.1180,1.0841,1.0929,1.0543,0.9577,1.0276,1.0155,0.9615,1.0607,0.9633,0.9598,0.9798,0,0.9577,2.0308,4.6896,1.9317
1,0.0020,-0.4149,-1.8163,1.0000,2.0308,4.6896,1.9317,0.1110,0.1900,0.0000,1.0280,1.0000,-0.0000,0.0000,0.0002,-0.0011,-0.0002,-0.0001,0.0001,0.0005,0.0002,0.0011,0.0000,0.0001,-0.0000,0.0005,0.0003,-0.0006,-0.0000,-0.0000,0.0003,0.0000,0.0000,0.0000,0.0000,-0.0002,-0.0000,0.0001,0.0000,0.0000,0.0000,0.0000,-0.0123,0.0002,-0.0102,-0.0057,0.0400,0.1606,-0.5638,-0.0851,-0.0261,0.0410,0.2287,0.0965,0.5451,0.0159,0.0484,-0.0034,0.2467,0.1588,-0.2959,-0.0110,-0.0121,0.1270,0.0197,0.0002,0.0004,0.0002,-0.0872,-0.0032,0.0263,0.0164,0.0005,0.0023,0.0008,-1.0000,-1.0000,-1.0000,-1.0000,-1.0000,-1.0000,-1.0000,-1.0000,-1.0000,-1.0000,-1.0000,-1.0000,-1.0000,-1.0000,-1.0000,-1.0000,-1.0000,-1.0000,-1.0000,-1.0000,-1.0000,-1.0000,-1.0000,-1.0000,-1.0000,-1.0000,-1.0000,-1.0000,-1.0000,-1.0000,-1.0000,-1.0000,-1.0000,-1.0000,-1.0000,-1.0000,-1.0000,-1.0000,-1.0000,-1.0000,-1.0000,-1.0000,-1.0000,-1.0000,-1.0000,-1.0000,-1.0000,-1.0000,-1.0000,-1.0000,-1.0000,-1.0000,-1.0000,-1.0000,-1.0000,-1.0000,-1.0000,-1.0000,-1.0000,-1.0000,-1.0000,-1.0000,-1.0000,-1.0000,-1.0000,-1.0000,-1.0000,-1.0000,-1.0000,-1.0000,-1.0000,-1.0000,-1.0000,-1.0000,-1.0000,-1.0000,-1.0000,0.9577,-1.0000,-1.0000,0.9615,-1.0000,0.9633,0.9598,0.9798,-1.0000,-1.0000,-1.0000,-1.0000,-1.0000,-1.0000,-1.0000,-1.0000,-1.0000,-1.0000,-1.0000,-1.0000,-1.0000,-1.0000,-1.0000,-1.0000,-1.0000,-1.0000,-1.0000,-1.0000,-1.0000,-1.0000,-1.0000,-1.0000,-1.0000,-1.0000,-1.0000,-1.0000,-1.0000,-1.0000,-1.0000,-1.0000,-1.0000,-1.0000,-1.0000,-1.0000,1.2750,1.2070,1.2860,1.3096,1.2434,1.2564,1.1278,0.9790,1.0424,1.1620,0.9672,1.1550,1.1846,1.0151,1.1342,1.2014,0.9998,1.0557,1.1048,1.0887,1.0729,1.0701,1.1508,1.1210,1.0733,1.0306,1.1219,1.0741,1.1180,1.0841,1.0929,1.0543,0.9577,1.0276,1.0155,0.9615,1.0607,0.9633,0.9598,0.9798,1.0557,1.1048,1.0887,1.0729,1.0701,1.1508,1.1210,1.0733,1.0306,1.1219,1.0741,1.1180,1.0841,1.0929,1.0543,0.9577,1.0276,1.0155,0.9615,1.0607,0.9633,0.9598,0.9798,0,0.9577,2.0308,4.6896,1.9317
1,0.0020,-0.4149,-1.8163,1.0000,2.0308,4.6896,1.9317,0.1110,0.1900,0.0000,1.0280,1.0000,-0.0000,0.0000,0.0002,-0.0011,-0.0002,-0.0001,0.0001,0.0005,0.0002,0.0011,0.0000,0.0001,-0.0000,0.0005,0.0003,-0.0006,-0.0000,-0.0000,0.0003,0.0000,0.0000,0.0000,0.0000,-0.0002,-0.0000,0.0001,0.0000,0.0000,0.0000,0.0000,-0.0123,0.0002,-0.0102,-0.0057,0.0400,0.1606,-0.5638,-0.0851,-0.0261,0.0410,0.2287,0.0965,0.5451,0.0159,0.0484,-0.0034,0.2467,0.1588,-0.2959,-0.0110,-0.0121,0.1270,0.0197,0.0002,0.0004,0.0002,-0.0872,-0.0032,0.0263,0.0164,0.0005,0.0023,0.0008,-1.0000,-1.0000,-1.0000,-1.0000,-1.0000,-1.0000,-1.0000,-1.0000,-1.0000,-1.0000,-1.0000,-1.0000,-1.0000,-1.0000,-1.0000,-1.0000,-1.0000,-1.0000,-1.0000,-1.0000,-1.0000,-1.0000,-1.0000,-1.0000,-1.0000,-1.0000,-1.0000,-1.0000,-1.0000,-1.0000,-1.0000,-1.0000,-1.0000,-1.0000,-1.0000,-1.0000,-1.0000,-1.0000,-1.0000,-1.0000,-1.0000,-1.0000,-1.0000,-1.0000,-1.0000,-1.0000,-1.0000,-1.0000,-1.0000,-1.0000,-1.0000,-1.0000,-1.0000,-1.0000,-1.0000,-1.0000,-1.0000,-1.0000,-1.0000,-1.0000,-1.0000,-1.0000,-1.0000,-1.0000,-1.0000,-1.0000,-1.0000,-1.0000,-1.0000,-1.0000,-1.0000,-1.0000,-1.0000,-1.0000,-1.0000,-1.0000,-1.0000,0.9577,-1.0000,-1.0000,0.9615,-1.0000,0.9633,0.9598,0.9798,-1.0000,-1.0000,-1.0000,-1.0000,-1.0000,-1.0000,-1.0000,-1.0000,-1.0000,-1.0000,-1.0000,-1.0000,-1.0000,-1.0000,-1.0000,-1.0000,-1.0000,-1.0000,-1.0000,-1.0000,-1.0000,-1.0000,-1.0000,-1.0000,-1.0000,-1.0000,-1.0000,-1.0000,-1.0000,-1.0000,-1.0000,-1.0000,-1.0000,-1.0000,-1.0000,-1.0000,1.2750,1.2070,1.2860,1.3096,1.2434,1.2564,1.1278,0.9790,1.0424,1.1620,0.9672,1.1550,1.1846,1.0151,1.1342,1.2014,0.9998,1.0557,1.1048,1.0887,1.0729,1.0701,1.1508,1.1210,1.0733,1.0306,1.1219,1.0741,1.1180,1.0841,1.0929,1.0543,0.9577,1.0276,1.0155,0.9615,1.0607,0.9633,0.9598,0.9798,1.0557,1.1048,1.0887,1.0729,1.0701,1.1508,1.1210,1.0733,1.0306,1.1219,1.0741,1.1180,1.0841,1.0929,1.0543,0.9577,1.0276,1.0155,0.9615,1.0607,0.9633,0.9598,0.9798,0,0.9577,2.0308,4.6896,1.9317
1,0.0020,-0.4149,-1.8163,1.0000,2.0308,4.6896,1.9317,0.1110,0.1900,0.0000,1.0280,1.0000,-0.0000,0.0000,0.0002,-0.0011,-0.0002,-0.0001,0.0001,0.0005,0.0002,0.0011,0.0000,0.0001,-0.0000,0.0005,0.0003,-0.0006,-0.0000,-0.0000,0.0003,0.0000,0.0000,0.0000,0.0000,-0.0002,-0.0000,0.0001,0.0000,0.0000,0.0000,0.0000,-0.0123,0.0002,-0.0102,-0.0057,0.0400,0.1606,-0.5638,-0.0851,-0.0261,0.0410,0.2287,0.0965,0.5451,0.0159,0.0484,-0.0034,0.2467,0.1588,-0.2959,-0.0110,-0.0121,0.1270,0.0197,0.0002,0.0004,0.0002,-0.0872,-0.0032,0.0263,0.0164,0.0005,0.0023,0.0008,-1.0000,-1.0000,-1.0000,-1.0000,-1.0000,-1.0000,-1.0000,-1.0000,-1.0000,-1.0000,-1.0000,-1.0000,-1.0000,-1.0000,-1.0000,-1.0000,-1.0000,-1.0000,-1.0000,-1.0000,-1.0000,-1.0000,-1.0000,-1.0000,-1.0000,-1.0000,-1.0000,-1.0000,-1.0000,-1.0000,-1.0000,-1.0000,-1.0000,-1.0000,-1.0000,-1.0000,-1.0000,-1.0000,-1.0000,-1.0000,-1.0000,-1.0000,-1.0000,-1.0000,-1.0000,-1.0000,-1.0000,-1.0000,-1.0000,-1.0000,-1.0000,-1.0000,-1.0000,-1.0000,-1.0000,-1.0000,-1.0000,-1.0000,-1.0000,-1.0000,-1.0000,-1.0000,-1.0000,-1.0000,-1.0000,-1.0000,-1.0000,-1.0000,-1.0000,-1.0000,-1.0000,-1.0000,-1.0000,-1.0000,-1.0000,-1.0000,-1.0000,0.9577,-1.0000,-1.0000,0.9615,-1.0000,0.9633,0.9598,0.9798,-1.0000,-1.0000,-1.0000,-1.0000,-1.0000,-1.0000,-1.0000,-1.0000,-1.0000,-1.0000,-1.0000,-1.0000,-1.0000,-1.0000,-1.0000,-1.0000,-1.0000,-1.0000,-1.0000,-1.0000,-1.0000,-1.0000,-1.0000,-1.0000,-1.0000,-1.0000,-1.0000,-1.0000,-1.0000,-1.0000,-1.0000,-1.0000,-1.0000,-1.0000,-1.0000,-1.0000,1.2750,1.2070,1.2860,1.3096,1.2434,1.2564,1.1278,0.9790,1.0424,1.1620,0.9672,1.1550,1.1846,1.0151,1.1342,1.2014,0.9998,1.0557,1.1048,1.0887,1.0729,1.0701,1.1508,1.1210,1.0733,1.0306,1.1219,1.0741,1.1180,1.0841,1.0929,1.0543,0.9577,1.0276,1.0155,0.9615,1.0607,0.9633,0.9598,0.9798,1.0557,1.1048,1.0887,1.0729,1.0701,1.1508,1.1210,1.0733,1.0306,1.1219,1.0741,1.1180,1.0841,1.0929,1.0543,0.9577,1.0276,1.0155,0.9615,1.0607,0.9633,0.9598,0.9798,0,0.9577,2.0308,4.6896,1.9317
1,0.0020,-0.4149,-1.8163,1.0000,2.0308,4.6896,1.9317,0.1110,0.1900,0.0000,1.0280,1.0000,-0.0000,0.0000,0.0002,-0.0011,-0.0002,-0.0001,0.0001,0.0005,0.0002,0.0011,0.0000,0.0001,-0.0000,0.0005,0.0003,-0.0006,-0.0000,-0.0000,0.0003,0.0000,0.0000,0.0000,0.0000,-0.0002,-0.0000,0.0001,0.0000,0.0000,0.0000,0.0000,-0.0123,0.0002,-0.0102,-0.0057,0.0400,0.1606,-0.5638,-0.0851,-0.0261,0.0410,0.2287,0.0965,0.5451,0.0159,0.0484,-0.0034,0.2467,0.1588,-0.2959,-0.0110,-0.0121,0.1270,0.0197,0.0002,0.0004,0.0002,-0.0872,-0.0032,0.0263,0.0164,0.0005,0.0023,0.0008,-1.0000,-1.0000,-1.0000,-1.0000,-1.0000,-1.0000,-1.0000,-1.0000,-1.0000,-1.0000,-1.0000,-1.0000,-1.0000,-1.0000,-1.0000,-1.0000,-1.0000,-1.0000,-1.0000,-1.0000,-1.0000,-1.0000,-1.0000,-1.0000,-1.0000,-1.0000,-1.0000,-1.0000,-1.0000,-1.0000,-1.0000,-1.0000,-1.0000,-1.0000,-1.0000,-1.0000,-1.0000,-1.0000,-1.0000,-1.0000,-1.0000,-1.0000,-1.0000,-1.0000,-1.0000,-1.0000,-1.0000,-1.0000,-1.0000,-1.0000,-1.0000,-1.0000,-1.0000,-1.0000,-1.0000,-1.0000,-1.0000,-1.0000,-1.0000,-1.0000,-1.0000,-1.0000,-1.0000,-1.0000,-1.0000,-1.0000,-1.0000,-1.0000,-1.0000,-1.0000,-1.0000,-1.0000,-1.0000,-1.0000,-1.0000,-1.0000,-1.0000,0.9577,-1.0000,-1.0000,0.9615,-1.0000,0.9633,0.9598,0.9798,-1.0000,-1.0000,-1.0000,-1.0000,-1.0000,-1.0000,-1.0000,-1.0000,-1.0000,-1.0000,-1.0000,-1.0000,-1.0000,-1.0000,-1.0000,-1.0000,-1.0000,-1.0000,-1.0000,-1.0000,-1.0000,-1.0000,-1.0000,-1.0000,-1.0000,-1.0000,-1.0000,-1.0000,-1.0000,-1.0000,-1.0000,-1.0000,-1.0000,-1.0000,-1.0000,-1.0000,1.2750,1.2070,1.2860,1.3096,1.2434,1.2564,1.1278,0.9790,1.0424,1.1620,0.9672,1.1550,1.1846,1.0151,1.1342,1.2014,0.9998,1.0557,1.1048,1.0887,1.0729,1.0701,1.1508,1.1210,1.0733,1.0306,1.1219,1.0741,1.1180,1.0841,1.0929,1.0543,0.9577,1.0276,1.0155,0.9615,1.0607,0.9633,0.9598,0.9798,1.0557,1.1048,1.0887,1.0729,1.0701,1.1508,1.1210,1.0733,1.0306,1.1219,1.0741,1.1180,1.0841,1.0929,1.0543,0.9577,1.0276,1.0155,0.9615,1.0607,0.9633,0.9598,0.9798,0,0.9577,2.0308,4.6896,1.9317
1,0.0020,-0.4149,-1.8163,1.0000,2.0308,4.6896,1.9317,0.1110,0.1900,0.0000,1.0280,1.0000,-0.0000,0.0000,0.0002,-0.0011,-0.0002,-0.0001,0.0001,0.0005,0.0002,0.0011,0.0000,0.0001,-0.0000,0.0005,0.0003,-0.0006,-0.0000,-0.0000,0.0003,0.0000,0.0000,0.0000,0.0000,-0.0002,-0.0000,0.0001,0.0000,0.0000,0.0000,0.0000,-0.0123,0.0002,-0.0102,-0.0057,0.0400,0.1606,-0.5638,-0.0851,-0.0261,0.0410,0.2287,0.0965,0.5451,0.0159,0.0484,-0.0034,0.2467,0.1588,-0.2959,-0.0110,-0.0121,0.1270,0.0197,0.0002,0.0004,0.0002,-0.0872,-0.0032,0.0263,0.0164,0.0005,0.0023,0.0008,-1.0000,-1.0000,-1.0000,-1.0000,-1.0000,-1.0000,-1.0000,-1.0000,-1.0000,-1.0000,-1.0000,-1.0000,-1.0000,-1.0000,-1.0000,-1.0000,-1.0000,-1.0000,-1.0000,-1.0000,-1.0000,-1.0000,-1.0000,-1.0000,-1.0000,-1.0000,-1.0000,-1.0000,-1.0000,-1.0000,-1.0000,-1.0000,-1.0000,-1.0000,-1.0000,-1.0000,-1.0000,-1.0000,-1.0000,-1.0000,-1.0000,-1.0000,-1.0000,-1.0000,-1.0000,-1.0000,-1.0000,-1.0000,-1.0000,-1.0000,-1.0000,-1.0000,-1.0000,-1.0000,-1.0000,-1.0000,-1.0000,-1.0000,-1.0000,-1.0000,-1.0000,-1.0000,-1.0000,-1.0000,-1.0000,-1.0000,-1.0000,-1.0000,-1.0000,-1.0000,-1.0000,-1.0000,-1.0000,-1.0000,-1.0000,-1.0000,-1.0000,0.9577,-1.0000,-1.0000,0.9615,-1.0000,0.9633,0.9598,0.9798,-1.0000,-1.0000,-1.0000,-1.0000,-1.0000,-1.0000,-1.0000,-1.0000,-1.0000,-1.0000,-1.0000,-1.0000,-1.0000,-1.0000,-1.0000,-1.0000,-1.0000,-1.0000,-1.0000,-1.0000,-1.0000,-1.0000,-1.0000,-1.0000,-1.0000,-1.0000,-1.0000,-1.0000,-1.0000,-1.0000,-1.0000,-1.0000,-1.0000,-1.0000,-1.0000,-1.0000,1.2750,1.2070,1.2860,1.3096,1.2434,1.2564,1.1278,0.9790,1.0424,1.1620,0.9672,1.1550,1.1846,1.0151,1.1342,1.2014,0.9998,1.0557,1.1048,1.0887,1.0729,1.0701,1.1508,1.1210,1.0733,1.0306,1.1219,1.0741,1.1180,1.0841,1.0929,1.0543,0.9577,1.0276,1.0155,0.9615,1.0607,0.9633,0.9598,0.9798,1.0557,1.1048,1.0887,1.0729,1.0701,1.1508,1.1210,1.0733,1.0306,1.1219,1.0741,1.1180,1.0841,1.0929,1.0543,0.9577,1.0276,1.0155,0.9615,1.0607,0.9633,0.9598,0.9798,0,0.9577,2.0308,4.6896,1.9317
1,0.0020,-0.4149,-1.8163,1.0000,2.0308,4.6896,1.9317,0.1110,0.1900,0.0000,1.0280,1.0000,-0.0000,0.0000,0.0002,-0.0011,-0.0002,-0.0001,0.0001,0.0005,0.0002,0.0011,0.0000,0.0001,-0.0000,0.0005,0.0003,-0.0006,-0.0000,-0.0000,0.0003,0.0000,0.0000,0.0000,0.0000,-0.0002,-0.0000,0.0001,0.0000,0.0000,0.0000,0.0000,-0.0123,0.0002,-0.0102,-0.0057,0.0400,0.1606,-0.5638,-0.0851,-0.0261,0.0410,0.2287,0.0965,0.5451,0.0159,0.0484,-0.0034,0.2467,0.1588,-0.2959,-0.0110,-0.0121,0.1270,0.0197,0.0002,0.0004,0.0002,-0.0872,-0.0032,0.0263,0.0164,0.0005,0.0023,0.0008,-1.0000,-1.0000,-1.0000,-1.0000,-1.0000,-1.0000,-1.0000,-1.0000,-1.0000,-1.0000,-1.0000,-1.0000,-1.0000,-1.0000,-1.0000,-1.0000,-1.0000,-1.0000,-1.0000,-1.0000,-1.0000,-1.0000,-1.0000,-1.0000,-1.0000,-1.0000,-1.0000,-1.0000,-1.0000,-1.0000,-1.0000,-1.0000,-1.0000,-1.0000,-1.0000,-1.0000,-1.0000,-1.0000,-1.0000,-1.0000,-1.0000,-1.0000,-1.0000,-1.0000,-1.0000,-1.0000,-1.0000,-1.0000,-1.0000,-1.0000,-1.0000,-1.0000,-1.0000,-1.0000,-1.0000,-1.0000,-1.0000,-1.0000,-1.0000,-1.0000,-1.0000,-1.0000,-1.0000,-1.0000,-1.0000,-1.0000,-1.0000,-1.0000,-1.0000,-1.0000,-1.0000,-1.0000,-1.0000,-1.0000,-1.0000,-1.0000,-1.0000,0.9577,-1.0000,-1.0000,0.9615,-1.0000,0.9633,0.9598,0.9798,-1.0000,-1.0000,-1.0000,-1.0000,-1.0000,-1.0000,-1.0000,-1.0000,-1.0000,-1.0000,-1.0000,-1.0000,-1.0000,-1.0000,-1.0000,-1.0000,-1.0000,-1.0000,-1.0000,-1.0000,-1.0000,-1.0000,-1.0000,-1.0000,-1.0000,-1.0000,-1.0000,-1.0000,-1.0000,-1.0000,-1.0000,-1.0000,-1.0000,-1.0000,-1.0000,-1.0000,1.2750,1.2070,1.2860,1.3096,1.2434,1.2564,1.1278,0.9790,1.0424,1.1620,0.9672,1.1550,1.1846,1.0151,1.1342,1.2014,0.9998,1.0557,1.1048,1.0887,1.0729,1.0701,1.1508,1.1210,1.0733,1.0306,1.1219,1.0741,1.1180,1.0841,1.0929,1.0543,0.9577,1.0276,1.0155,0.9615,1.0607,0.9633,0.9598,0.9798,1.0557,1.1048,1.0887,1.0729,1.0701,1.1508,1.1210,1.0733,1.0306,1.1219,1.0741,1.1180,1.0841,1.0929,1.0543,0.9577,1.0276,1.0155,0.9615,1.0607,0.9633,0.9598,0.9798,0,0.9577,2.0308,4.6896,1.9317
1,0.0020,-0.4149,-1.8163,1.0000,2.0308,4.6896,1.9317,0.1110,0.1900,0.0000,1.0280,1.0000,-0.0000,0.0000,0.0002,-0.0011,-0.0002,-0.0001,0.0001,0.0005,0.0002,0.0011,0.0000,0.0001,-0.0000,0.0005,0.0003,-0.0006,-0.0000,-0.0000,0.0003,0.0000,0.0000,0.0000,0.0000,-0.0002,-0.0000,0.0001,0.0000,0.0000,0.0000,0.0000,-0.0123,0.0002,-0.0102,-0.0057,0.0400,0.1606,-0.5638,-0.0851,-0.0261,0.0410,0.2287,0.0965,0.5451,0.0159,0.0484,-0.0034,0.2467,0.1588,-0.2959,-0.0110,-0.0121,0.1270,0.0197,0.0002,0.0004,0.0002,-0.0872,-0.0032,0.0263,0.0164,0.0005,0.0023,0.0008,-1.0000,-1.0000,-1.0000,-1.0000,-1.0000,-1.0000,-1.0000,-1.0000,-1.0000,-1.0000,-1.0000,-1.0000,-1.0000,-1.0000,-1.0000,-1.0000,-1.0000,-1.0000,-1.0000,-1.0000,-1.0000,-1.0000,-1.0000,-1.0000,-1.0000,-1.0000,-1.0000,-1.0000,-1.0000,-1.0000,-1.0000,-1.0000,-1.0000,-1.0000,-1.0000,-1.0000,-1.0000,-1.0000,-1.0000,-1.0000,-1.0000,-1.0000,-1.0000,-1.0000,-1.0000,-1.0000,-1.0000,-1.0000,-1.0000,-1.0000,-1.0000,-1.0000,-1.0000,-1.0000,-1.0000,-1.0000,-1.0000,-1.0000,-1.0000,-1.0000,-1.0000,-1.0000,-1.0000,-1.0000,-1.0000,-1.0000,-1.0000,-1.0000,-1.0000,-1.0000,-1.0000,-1.0000,-1.0000,-1.0000,-1.0000,-1.0000,-1.0000,0.9577,-1.0000,-1.0000,0.9615,-1.0000,0.9633,0.9598,0.9798,-1.0000,-1.0000,-1.0000,-1.0000,-1.0000,-1.0000,-1.0000,-1.0000,-1.0000,-1.0000,-1.0000,-1.0000,-1.0000,-1.0000,-1.0000,-1.0000,-1.0000,-1.0000,-1.0000,-1.0000,-1.0000,-1.0000,-1.0000,-1.0000,-1.0000,-1.0000,-1.0000,-1.0000,-1.0000,-1.0000,-1.0000,-1.0000,-1.0000,-1.0000,-1.0000,-1.0000,1.2750,1.2070,1.2860,1.3096,1.2434,1.2564,1.1278,0.9790,1.0424,1.1620,0.9672,1.1550,1.1846,1.0151,1.1342,1.2014,0.9998,1.0557,1.1048,1.0887,1.0729,1.0701,1.1508,1.1210,1.0733,1.0306,1.1219,1.0741,1.1180,1.0841,1.0929,1.0543,0.9577,1.0276,1.0155,0.9615,1.0607,0.9633,0.9598,0.9798,1.0557,1.1048,1.0887,1.0729,1.0701,1.1508,1.1210,1.0733,1.0306,1.1219,1.0741,1.1180,1.0841,1.0929,1.0543,0.9577,1.0276,1.0155,0.9615,1.0607,0.9633,0.9598,0.9798,0,0.9577,2.0308,4.6896,1.9317
1,0.0020,-0.4149,-1.8163,1.0000,2.0308,4.6896,1.9317,0.1110,0.1900,0.0000,1.0280,1.0000,-0.0000,0.0000,0.0002,-0.0011,-0.0002,-0.0001,0.0001,0.0005,0.0002,0.0011,0.0000,0.0001,-0.0000,0.0005,0.0003,-0.0006,-0.0000,-0.0000,0.0003,0.0000,0.0000,0.0000,0.0000,-0.0002,-0.0000,0.0001,0.0000,0.0000,0.0000,0.0000,-0.0123,0.0002,-0.0102,-0.0057,0.0400,0.1606,-0.5638,-0.0851,-0.0261,0.0410,0.2287,0.0965,0.5451,0.0159,0.0484,-0.0034,0.2467,0.1588,-0.2959,-0.0110,-0.0121,0.1270,0.0197,0.0002,0.0004,0.0002,-0.0872,-0.0032,0.0263,0.0164,0.0005,0.0023,0.0008,-1.0000,-1.0000,-1.0000,-1.0000,-1.0000,-1.0000,-1.0000,-1.0000,-1.0000,-1.0000,-1.0000,-1.0000,-1.0000,-1.0000,-1.0000,-1.0000,-1.0000,-1.0000,-1.0000,-1.0000,-1.0000,-1.0000,-1.0000,-1.0000,-1.0000,-1.0000,-1.0000,-1.0000,-1.0000,-1.0000,-1.0000,-1.0000,-1.0000,-1.0000,-1.0000,-1.0000,-1.0000,-1.0000,-1.0000,-1.0000,-1.0000,-1.0000,-1.0000,-1.0000,-1.0000,-1.0000,-1.0000,-1.0000,-1.0000,-1.0000,-1.0000,-1.0000,-1.0000,-1.0000,-1.0000,-1.0000,-1.0000,-1.0000,-1.0000,-1.0000,-1.0000,-1.0000,-1.0000,-1.0000,-1.0000,-1.0000,-1.0000,-1.0000,-1.0000,-1.0000,-1.0000,-1.0000,-1.0000,-1.0000,-1.0000,-1.0000,-1.0000,0.9577,-1.0000,-1.0000,0.9615,-1.0000,0.9633,0.9598,0.9798,-1.0000,-1.0000,-1.0000,-1.0000,-1.0000,-1.0000,-1.0000,-1.0000,-1.0000,-1.0000,-1.0000,-1.0000,-1.0000,-1.0000,-1.0000,-1.0000,-1.0000,-1.0000,-1.0000,-1.0000,-1.0000,-1.0000,-1.0000,-1.0000,-1.0000,-1.0000,-1.0000,-1.0000,-1.0000,-1.0000,-1.0000,-1.0000,-1.0000,-1.0000,-1.0000,-1.0000,1.2750,1.2070,1.2860,1.3096,1.2434,1.2564,1.1278,0.9790,1.0424,1.1620,0.9672,1.1550,1.1846,1.0151,1.1342,1.2014,0.9998,1.0557,1.1048,1.0887,1.0729,1.0701,1.1508,1.1210,1.0733,1.0306,1.1219,1.0741,1.1180,1.0841,1.0929,1.0543,0.9577,1.0276,1.0155,0.9615,1.0607,0.9633,0.9598,0.9798,1.0557,1.1048,1.0887,1.0729,1.0701,1.1508,1.1210,1.0733,1.0306,1.1219,1.0741,1.1180,1.0841,1.0929,1.0543,0.9577,1.0276,1.0155,0.9615,1.0607,0.9633,0.9598,0.9798,0,0.9577,2.0308,4.6896,1.9317
1,0.0020,-0.4149,-1.8163,1.0000,2.0308,4.6896,1.9317,0.1110,0.1900,0.0000,1.0280,1.0000,-0.0000,0.0000,0.0002,-0.0011,-0.0002,-0.0001,0.0001,0.0005,0.0002,0.0011,0.0000,0.0001,-0.0000,0.0005,0.0003,-0.0006,-0.0000,-0.0000,0.0003,0.0000,0.0000,0.0000,0.0000,-0.0002,-0.0000,0.0001,0.0000,0.0000,0.0000,0.0000,-0.0123,0.0002,-0.0102,-0.0057,0.0400,0.1606,-0.5638,-0.0851,-0.0261,0.0410,0.2287,0.0965,0.5451,0.0159,0.0484,-0.0034,0.2467,0.1588,-0.2959,-0.0110,-0.0121,0.1270,0.0197,0.0002,0.0004,0.0002,-0.0872,-0.0032,0.0263,0.0164,0.0005,0.0023,0.0008,-1.0000,-1.0000,-1.0000,-1.0000,-1.0000,-1.0000,-1.0000,-1.0000,-1.0000,-1.0000,-1.0000,-1.0000,-1.0000,-1.0000,-1.0000,-1.0000,-1.0000,-1.0000,-1.0000,-1.0000,-1.0000,-1.0000,-1.0000,-1.0000,-1.0000,-1.0000,-1.0000,-1.0000,-1.0000,-1.0000,-1.0000,-1.0000,-1.0000,-1.0000,-1.0000,-1.0000,-1.0000,-1.0000,-1.0000,-1.0000,-1.0000,-1.0000,-1.0000,-1.0000,-1.0000,-1.0000,-1.0000,-1.0000,-1.0000,-1.0000,-1.0000,-1.0000,-1.0000,-1.0000,-1.0000,-1.0000,-1.0000,-1.0000,-1.0000,-1.0000,-1.0000,-1.0000,-1.0000,-1.0000,-1.0000,-1.0000,-1.0000,-1.0000,-1.0000,-1.0000,-1.0000,-1.0000,-1.0000,-1.0000,-1.0000,-1.0000,-1.0000,0.9577,-1.0000,-1.0000,0.9615,-1.0000,0.9633,0.9598,0.9798,-1.0000,-1.0000,-1.0000,-1.0000,-1.0000,-1.0000,-1.0000,-1.0000,-1.0000,-1.0000,-1.0000,-1.0000,-1.0000,-1.0000,-1.0000,-1.0000,-1.0000,-1.0000,-1.0000,-1.0000,-1.0000,-1.0000,-1.0000,-1.0000,-1.0000,-1.0000,-1.0000,-1.0000,-1.0000,-1.0000,-1.0000,-1.0000,-1.0000,-1.0000,-1.0000,-1.0000,1.2750,1.2070,1.2860,1.3096,1.2434,1.2564,1.1278,0.9790,1.0424,1.1620,0.9672,1.1550,1.1846,1.0151,1.1342,1.2014,0.9998,1.0557,1.1048,1.0887,1.0729,1.0701,1.1508,1.1210,1.0733,1.0306,1.1219,1.0741,1.1180,1.0841,1.0929,1.0543,0.9577,1.0276,1.0155,0.9615,1.0607,0.9633,0.9598,0.9798,1.0557,1.1048,1.0887,1.0729,1.0701,1.1508,1.1210,1.0733,1.0306,1.1219,1.0741,1.1180,1.0841,1.0929,1.0543,0.9577,1.0276,1.0155,0.9615,1.0607,0.9633,0.9598,0.9798,0,0.9577,2.0308,4.6896,1.9317
1,0.0020,-0.4149,-1.8163,1.0000,2.0308,4.6896,1.9317,0.1110,0.1900,0.0000,1.0280,1.0000,-0.0000,0.0000,0.0002,-0.0011,-0.0002,-0.0001,0.0001,0.0005,0.0002,0.0011,0.0000,0.0001,-0.0000,0.0005,0.0003,-0.0006,-0.0000,-0.0000,0.0003,0.0000,0.0000,0.0000,0.0000,-0.0002,-0.0000,0.0001,0.0000,0.0000,0.0000,0.0000,-0.0123,0.0002,-0.0102,-0.0057,0.0400,0.1606,-0.5638,-0.0851,-0.0261,0.0410,0.2287,0.0965,0.5451,0.0159,0.0484,-0.0034,0.2467,0.1588,-0.2959,-0.0110,-0.0121,0.1270,0.0197,0.0002,0.0004,0.0002,-0.0872,-0.0032,0.0263,0.0164,0.0005,0.0023,0.0008,-1.0000,-1.0000,-1.0000,-1.0000,-1.0000,-1.0000,-1.0000,-1.0000,-1.0000,-1.0000,-1.0000,-1.0000,-1.0000,-1.0000,-1.0000,-1.0000,-1.0000,-1.0000,-1.0000,-1.0000,-1.0000,-1.0000,-1.0000,-1.0000,-1.0000,-1.0000,-1.0000,-1.0000,-1.0000,-1.0000,-1.0000,-1.0000,-1.0000,-1.0000,-1.0000,-1.0000,-1.0000,-1.0000,-1.0000,-1.0000,-1.0000,-1.0000,-1.0000,-1.0000,-1.0000,-1.0000,-1.0000,-1.0000,-1.0000,-1.0000,-1.0000,-1.0000,-1.0000,-1.0000,-1.0000,-1.0000,-1.0000,-1.0000,-1.0000,-1.0000,-1.0000,-1.0000,-1.0000,-1.0000,-1.0000,-1.0000,-1.0000,-1.0000,-1.0000,-1.0000,-1.0000,-1.0000,-1.0000,-1.0000,-1.0000,-1.0000,-1.0000,0.9577,-1.0000,-1.0000,0.9615,-1.0000,0.9633,0.9598,0.9798,-1.0000,-1.0000,-1.0000,-1.0000,-1.0000,-1.0000,-1.0000,-1.0000,-1.0000,-1.0000,-1.0000,-1.0000,-1.0000,-1.0000,-1.0000,-1.0000,-1.0000,-1.0000,-1.0000,-1.0000,-1.0000,-1.0000,-1.0000,-1.0000,-1.0000,-1.0000,-1.0000,-1.0000,-1.0000,-1.0000,-1.0000,-1.0000,-1.0000,-1.0000,-1.0000,-1.0000,1.2750,1.2070,1.2860,1.3096,1.2434,1.2564,1.1278,0.9790,1.0424,1.1620,0.9672,1.1550,1.1846,1.0151,1.1342,1.2014,0.9998,1.0557,1.1048,1.0887,1.0729,1.0701,1.1508,1.1210,1.0733,1.0306,1.1219,1.0741,1.1180,1.0841,1.0929,1.0543,0.9577,1.0276,1.0155,0.9615,1.0607,0.9633,0.9598,0.9798,1.0557,1.1048,1.0887,1.0729,1.0701,1.1508,1.1210,1.0733,1.0306,1.1219,1.0741,1.1180,1.0841,1.0929,1.0543,0.9577,1.0276,1.0155,0.9615,1.0607,0.9633,0.9598,0.9798,0,0.9577,2.0308,4.6896,1.9317
1,0.0020,-0.4149,-1.8163,1.0000,2.0308,4.6896,1.9317,0.1110,0.1900,0.0000,1.0280,1.0000,-0.0000,0.0000,0.0002,-0.0011,-0.0002,-0.0001,0.0001,0.0005,0.0002,0.0011,0.0000,0.0001,-0.0000,0.0005,0.0003,-0.0006,-0.0000,-0.0000,0.0003,0.0000,0.0000,0.0000,0.0000,-0.0002,-0.0000,0.0001,0.0000,0.0000,0.0000,0.0000,-0.0123,0.0002,-0.0102,-0.0057,0.0400,0.1606,-0.5638,-0.0851,-0.0261,0.0410,0.2287,0.0965,0.5451,0.0159,0.0484,-0.0034,0.2467,0.1588,-0.2959,-0.0110,-0.0121,0.1270,0.0197,0.0002,0.0004,0.0002,-0.0872,-0.0032,0.0263,0.0164,0.0005,0.0023,0.0008,-1.0000,-1.0000,-1.0000,-1.0000,-1.0000,-1.0000,-1.0000,-1.0000,-1.0000,-1.0000,-1.0000,-1.0000,-1.0000,-1.0000,-1.0000,-1.0000,-1.0000,-1.0000,-1.0000,-1.0000,-1.0000,-1.0000,-1.0000,-1.0000,-1.0000,-1.0000,-1.0000,-1.0000,-1.0000,-1.0000,-1.0000,-1.0000,-1.0000,-1.0000,-1.0000,-1.0000,-1.0000,-1.0000,-1.0000,-1.0000,-1.0000,-1.0000,-1.0000,-1.0000,-1.0000,-1.0000,-1.0000,-1.0000,-1.0000,-1.0000,-1.0000,-1.0000,-1.0000,-1.0000,-1.0000,-1.0000,-1.0000,-1.0000,-1.0000,-1.0000,-1.0000,-1.0000,-1.0000,-1.0000,-1.0000,-1.0000,-1.0000,-1.0000,-1.0000,-1.0000,-1.0000,-1.0000,-1.0000,-1.0000,-1.0000,-1.0000,-1.0000,0.9577,-1.0000,-1.0000,0.9615,-1.0000,0.9633,0.9598,0.9798,-1.0000,-1.0000,-1.0000,-1.0000,-1.0000,-1.0000,-1.0000,-1.0000,-1.0000,-1.0000,-1.0000,-1.0000,-1.0000,-1.0000,-1.0000,-1.0000,-1.0000,-1.0000,-1.0000,-1.0000,-1.0000,-1.0000,-1.0000,-1.0000,-1.0000,-1.0000,-1.0000,-1.0000,-1.0000,-1.0000,-1.0000,-1.0000,-1.0000,-1.0000,-1.0000,-1.0000,1.2750,1.2070,1.2860,1.3096,1.2434,1.2564,1.1278,0.9790,1.0424,1.1620,0.9672,1.1550,1.1846,1.0151,1.1342,1.2014,0.9998,1.0557,1.1048,1.0887,1.0729,1.0701,1.1508,1.1210,1.0733,1.0306,1.1219,1.0741,1.1180,1.0841,1.0929,1.0543,0.9577,1.0276,1.0155,0.9615,1.0607,0.9633,0.9598,0.9798,1.0557,1.1048,1.0887,1.0729,1.0701,1.1508,1.1210,1.0733,1.0306,1.1219,1.0741,1.1180,1.0841,1.0929,1.0543,0.9577,1.0276,1.0155,0.9615,1.0607,0.9633,0.9598,0.9798,0,0.9577,2.0308,4.6896,1.9317
1,0.0020,-0.4149,-1.8163,1.0000,2.0308,4.6896,1.9317,0.1110,0.1900,0.0000,1.0280,1.0000,-0.0000,0.0000,0.0002,-0.0011,-0.0002,-0.0001,0.0001,0.0005,0.0002,0.0011,0.0000,0.0001,-0.0000,0.0005,0.0003,-0.0006,-0.0000,-0.0000,0.0003,0.0000,0.0000,0.0000,0.0000,-0.0002,-0.0000,0.0001,0.0000,0.0000,0.0000,0.0000,-0.0123,0.0002,-0.0102,-0.0057,0.0400,0.1606,-0.5638,-0.0851,-0.0261,0.0410,0.2287,0.0965,0.5451,0.0159,0.0484,-0.0034,0.2467,0.1588,-0.2959,-0.0110,-0.0121,0.1270,0.0197,0.0002,0.0004,0.0002,-0.0872,-0.0032,0.0263,0.0164,0.0005,0.0023,0.0008,-1.0000,-1.0000,-1.0000,-1.0000,-1.0000,-1.0000,-1.0000,-1.0000,-1.0000,-1.0000,-1.0000,-1.0000,-1.0000,-1.0000,-1.0000,-1.0000,-1.0000,-1.0000,-1.0000,-1.0000,-1.0000,-1.0000,-1.0000,-1.0000,-1.0000,-1.0000,-1.0000,-1.0000,-1.0000,-1.0000,-1.0000,-1.0000,-1.0000,-1.0000,-1.0000,-1.0000,-1.0000,-1.0000,-1.0000,-1.0000,-1.0000,-1.0000,-1.0000,-1.0000,-1.0000,-1.0000,-1.0000,-1.0000,-1.0000,-1.0000,-1.0000,-1.0000,-1.0000,-1.0000,-1.0000,-1.0000,-1.0000,-1.0000,-1.0000,-1.0000,-1.0000,-1.0000,-1.0000,-1.0000,-1.0000,-1.0000,-1.0000,-1.0000,-1.0000,-1.0000,-1.0000,-1.0000,-1.0000,-1.0000,-1.0000,-1.0000,-1.0000,0.9577,-1.0000,-1.0000,0.9615,-1.0000,0.9633,0.9598,0.9798,-1.0000,-1.0000,-1.0000,-1.0000,-1.0000,-1.0000,-1.0000,-1.0000,-1.0000,-1.0000,-1.0000,-1.0000,-1.0000,-1.0000,-1.0000,-1.0000,-1.0000,-1.0000,-1.0000,-1.0000,-1.0000,-1.0000,-1.0000,-1.0000,-1.0000,-1.0000,-1.0000,-1.0000,-1.0000,-1.0000,-1.0000,-1.0000,-1.0000,-1.0000,-1.0000,-1.0000,1.2750,1.2070,1.2860,1.3096,1.2434,1.2564,1.1278,0.9790,1.0424,1.1620,0.9672,1.1550,1.1846,1.0151,1.1342,1.2014,0.9998,1.0557,1.1048,1.0887,1.0729,1.0701,1.1508,1.1210,1.0733,1.0306,1.1219,1.0741,1.1180,1.0841,1.0929,1.0543,0.9577,1.0276,1.0155,0.9615,1.0607,0.9633,0.9598,0.9798,1.0557,1.1048,1.0887,1.0729,1.0701,1.1508,1.1210,1.0733,1.0306,1.1219,1.0741,1.1180,1.0841,1.0929,1.0543,0.9577,1.0276,1.0155,0.9615,1.0607,0.9633,0.9598,0.9798,0,0.9577,2.0308,4.6896,1.9317
1,0.0020,-0.4149,-1.8163,1.0000,2.0308,4.6896,1.9317,0.1110,0.1900,0.0000,1.0280,1.0000,-0.0000,0.0000,0.0002,-0.0011,-0.0002,-0.0001,0.0001,0.0005,0.0002,0.0011,0.0000,0.0001,-0.0000,0.0005,0.0003,-0.0006,-0.0000,-0.0000,0.0003,0.0000,0.0000,0.0000,0.0000,-0.0002,-0.0000,0.0001,0.0000,0.0000,0.0000,0.0000,-0.0123,0.0002,-0.0102,-0.0057,0.0400,0.1606,-0.5638,-0.0851,-0.0261,0.0410,0.2287,0.0965,0.5451,0.0159,0.0484,-0.0034,0.2467,0.1588,-0.2959,-0.0110,-0.0121,0.1270,0.0197,0.0002,0.0004,0.0002,-0.0872,-0.0032,0.0263,0.0164,0.0005,0.0023,0.0008,-1.0000,-1.0000,-1.0000,-1.0000,-1.0000,-1.0000,-1.0000,-1.0000,-1.0000,-1.0000,-1.0000,-1.0000,-1.0000,-1.0000,-1.0000,-1.0000,-1.0000,-1.0000,-1.0000,-1.0000,-1.0000,-1.0000,-1.0000,-1.0000,-1.0000,-1.0000,-1.0000,-1.0000,-1.0000,-1.0000,-1.0000,-1.0000,-1.0000,-1.0000,-1.0000,-1.0000,-1.0000,-1.0000,-1.0000,-1.0000,-1.0000,-1.0000,-1.0000,-1.0000,-1.0000,-1.0000,-1.0000,-1.0000,-1.0000,-1.0000,-1.0000,-1.0000,-1.0000,-1.0000,-1.0000,-1.0000,-1.0000,-1.0000,-1.0000,-1.0000,-1.0000,-1.0000,-1.0000,-1.0000,-1.0000,-1.0000,-1.0000,-1.0000,-1.0000,-1.0000,-1.0000,-1.0000,-1.0000,-1.0000,-1.0000,-1.0000,-1.0000,0.9577,-1.0000,-1.0000,0.9615,-1.0000,0.9633,0.9598,0.9798,-1.0000,-1.0000,-1.0000,-1.0000,-1.0000,-1.0000,-1.0000,-1.0000,-1.0000,-1.0000,-1.0000,-1.0000,-1.0000,-1.0000,-1.0000,-1.0000,-1.0000,-1.0000,-1.0000,-1.0000,-1.0000,-1.0000,-1.0000,-1.0000,-1.0000,-1.0000,-1.0000,-1.0000,-1.0000,-1.0000,-1.0000,-1.0000,-1.0000,-1.0000,-1.0000,-1.0000,1.2750,1.2070,1.2860,1.3096,1.2434,1.2564,1.1278,0.9790,1.0424,1.1620,0.9672,1.1550,1.1846,1.0151,1.1342,1.2014,0.9998,1.0557,1.1048,1.0887,1.0729,1.0701,1.1508,1.1210,1.0733,1.0306,1.1219,1.0741,1.1180,1.0841,1.0929,1.0543,0.9577,1.0276,1.0155,0.9615,1.0607,0.9633,0.9598,0.9798,1.0557,1.1048,1.0887,1.0729,1.0701,1.1508,1.1210,1.0733,1.0306,1.1219,1.0741,1.1180,1.0841,1.0929,1.0543,0.9577,1.0276,1.0155,0.9615,1.0607,0.9633,0.9598,0.9798,0,0.9577,2.0308,4.6896,1.9317
1,0.0020,-0.4149,-1.8163,1.0000,2.0308,4.6896,1.9317,0.1110,0.1900,0.0000,1.0280,1.0000,-0.0000,0.0000,0.0002,-0.0011,-0.0002,-0.0001,0.0001,0.0005,0.0002,0.0011,0.0000,0.0001,-0.0000,0.0005,0.0003,-0.0006,-0.0000,-0.0000,0.0003,0.0000,0.0000,0.0000,0.0000,-0.0002,-0.0000,0.0001,0.0000,0.0000,0.0000,0.0000,-0.0123,0.0002,-0.0102,-0.0057,0.0400,0.1606,-0.5638,-0.0851,-0.0261,0.0410,0.2287,0.0965,0.5451,0.0159,0.0484,-0.0034,0.2467,0.1588,-0.2959,-0.0110,-0.0121,0.1270,0.0197,0.0002,0.0004,0.0002,-0.0872,-0.0032,0.0263,0.0164,0.0005,0.0023,0.0008,-1.0000,-1.0000,-1.0000,-1.0000,-1.0000,-1.0000,-1.0000,-1.0000,-1.0000,-1.0000,-1.0000,-1.0000,-1.0000,-1.0000,-1.0000,-1.0000,-1.0000,-1.0000,-1.0000,-1.0000,-1.0000,-1.0000,-1.0000,-1.0000,-1.0000,-1.0000,-1.0000,-1.0000,-1.0000,-1.0000,-1.0000,-1.0000,-1.0000,-1.0000,-1.0000,-1.0000,-1.0000,-1.0000,-1.0000,-1.0000,-1.0000,-1.0000,-1.0000,-1.0000,-1.0000,-1.0000,-1.0000,-1.0000,-1.0000,-1.0000,-1.0000,-1.0000,-1.0000,-1.0000,-1.0000,-1.0000,-1.0000,-1.0000,-1.0000,-1.0000,-1.0000,-1.0000,-1.0000,-1.0000,-1.0000,-1.0000,-1.0000,-1.0000,-1.0000,-1.0000,-1.0000,-1.0000,-1.0000,-1.0000,-1.0000,-1.0000,-1.0000,0.9577,-1.0000,-1.0000,0.9615,-1.0000,0.9633,0.9598,0.9798,-1.0000,-1.0000,-1.0000,-1.0000,-1.0000,-1.0000,-1.0000,-1.0000,-1.0000,-1.0000,-1.0000,-1.0000,-1.0000,-1.0000,-1.0000,-1.0000,-1.0000,-1.0000,-1.0000,-1.0000,-1.0000,-1.0000,-1.0000,-1.0000,-1.0000,-1.0000,-1.0000,-1.0000,-1.0000,-1.0000,-1.0000,-1.0000,-1.0000,-1.0000,-1.0000,-1.0000,1.2750,1.2070,1.2860,1.3096,1.2434,1.2564,1.1278,0.9790,1.0424,1.1620,0.9672,1.1550,1.1846,1.0151,1.1342,1.2014,0.9998,1.0557,1.1048,1.0887,1.0729,1.0701,1.1508,1.1210,1.0733,1.0306,1.1219,1.0741,1.1180,1.0841,1.0929,1.0543,0.9577,1.0276,1.0155,0.9615,1.0607,0.9633,0.9598,0.9798,1.0557,1.1048,1.0887,1.0729,1.0701,1.1508,1.1210,1.0733,1.0306,1.1219,1.0741,1.1180,1.0841,1.0929,1.0543,0.9577,1.0276,1.0155,0.9615,1.0607,0.9633,0.9598,0.9798,0,0.9577,2.0308,4.6896,1.9317
1,0.0020,-0.4149,-1.8163,1.0000,2.0308,4.6896,1.9317,0.1110,0.1900,0.0000,1.0280,1.0000,-0.0000,0.0000,0.0002,-0.0011,-0.0002,-0.0001,0.0001,0.0005,0.0002,0.0011,0.0000,0.0001,-0.0000,0.0005,0.0003,-0.0006,-0.0000,-0.0000,0.0003,0.0000,0.0000,0.0000,0.0000,-0.0002,-0.0000,0.0001,0.0000,0.0000,0.0000,0.0000,-0.0123,0.0002,-0.0102,-0.0057,0.0400,0.1606,-0.5638,-0.0851,-0.0261,0.0410,0.2287,0.0965,0.5451,0.0159,0.0484,-0.0034,0.2467,0.1588,-0.2959,-0.0110,-0.0121,0.1270,0.0197,0.0002,0.0004,0.0002,-0.0872,-0.0032,0.0263,0.0164,0.0005,0.0023,0.0008,-1.0000,-1.0000,-1.0000,-1.0000,-1.0000,-1.0000,-1.0000,-1.0000,-1.0000,-1.0000,-1.0000,-1.0000,-1.0000,-1.0000,-1.0000,-1.0000,-1.0000,-1.0000,-1.0000,-1.0000,-1.0000,-1.0000,-1.0000,-1.0000,-1.0000,-1.0000,-1.0000,-1.0000,-1.0000,-1.0000,-1.0000,-1.0000,-1.0000,-1.0000,-1.0000,-1.0000,-1.0000,-1.0000,-1.0000,-1.0000,-1.0000,-1.0000,-1.0000,-1.0000,-1.0000,-1.0000,-1.0000,-1.0000,-1.0000,-1.0000,-1.0000,-1.0000,-1.0000,-1.0000,-1.0000,-1.0000,-1.0000,-1.0000,-1.0000,-1.0000,-1.0000,-1.0000,-1.0000,-1.0000,-1.0000,-1.0000,-1.0000,-1.0000,-1.0000,-1.0000,-1.0000,-1.0000,-1.0000,-1.0000,-1.0000,-1.0000,-1.0000,0.9577,-1.0000,-1.0000,0.9615,-1.0000,0.9633,0.9598,0.9798,-1.0000,-1.0000,-1.0000,-1.0000,-1.0000,-1.0000,-1.0000,-1.0000,-1.0000,-1.0000,-1.0000,-1.0000,-1.0000,-1.0000,-1.0000,-1.0000,-1.0000,-1.0000,-1.0000,-1.0000,-1.0000,-1.0000,-1.0000,-1.0000,-1.0000,-1.0000,-1.0000,-1.0000,-1.0000,-1.0000,-1.0000,-1.0000,-1.0000,-1.0000,-1.0000,-1.0000,1.2750,1.2070,1.2860,1.3096,1.2434,1.2564,1.1278,0.9790,1.0424,1.1620,0.9672,1.1550,1.1846,1.0151,1.1342,1.2014,0.9998,1.0557,1.1048,1.0887,1.0729,1.0701,1.1508,1.1210,1.0733,1.0306,1.1219,1.0741,1.1180,1.0841,1.0929,1.0543,0.9577,1.0276,1.0155,0.9615,1.0607,0.9633,0.9598,0.9798,1.0557,1.1048,1.0887,1.0729,1.0701,1.1508,1.1210,1.0733,1.0306,1.1219,1.0741,1.1180,1.0841,1.0929,1.0543,0.9577,1.0276,1.0155,0.9615,1.0607,0.9633,0.9598,0.9798,0,0.9577,2.0308,4.6896,1.9317
2,0.0040,-0.4109,-1.8069,1.0038,2.0308,4.6896,1.9120,0.1110,0.1899,0.0000,1.0280,1.0000,-0.0000,0.0001,0.0003,-0.0024,-0.0003,-0.0001,0.0001,0.0008,0.0004,0.0023,0.0001,0.0002,-0.0000,0.0008,0.0006,-0.0011,-0.0000,-0.0000,0.0005,0.0001,0.0000,0.0000,0.0000,-0.0003,-0.0000,0.0001,0.0001,0.0000,0.0000,0.0000,-0.0142,0.0009,-0.0113,-0.0035,0.0521,0.1406,-0.6595,-0.0744,-0.0208,0.0084,0.1486,0.1032,0.6077,0.0119,0.0291,-0.0085,0.1591,0.1187,-0.2512,-0.0140,-0.0111,0.1090,0.0205,0.0004,0.0037,0.0001,-0.0718,-0.0009,0.0211,0.0246,0.0006,0.0033,0.0006,-1.0000,-1.0000,-1.0000,-1.0000,-1.0000,-1.0000,-1.0000,-1.0000,-1.0000,-1.0000,-1.0000,-1.0000,-1.0000,-1.0000,-1.0000,-1.0000,-1.0000,-1.0000,-1.0000,-1.0000,-1.0000,-1.0000,-1.0000,-1.0000,-1.0000,-1.0000,-1.0000,-1.0000,-1.0000,-1.0000,-1.0000,-1.0000,-1.0000,-1.0000,-1.0000,-1.0000,-1.0000,-1.0000,-1.0000,-1.0000,-1.0000,-1.0000,-1.0000,-1.0000,-1.0000,-1.0000,-1.0000,-1.0000,-1.0000,-1.0000,-1.0000,-1.0000,-1.0000,-1.0000,-1.0000,-1.0000,-1.0000,-1.0000,-1.0000,-1.0000,-1.0000,-1.0000,-1.0000,-1.0000,-1.0000,-1.0000,-1.0000,-1.0000,-1.0000,-1.0000,-1.0000,-1.0000,-1.0000,-1.0000,-1.0000,-1.0000,-1.0000,-1.0000,-1.0000,-1.0000,-1.0000,-1.0000,-1.0000,-1.0000,-1.0000,-1.0000,-1.0000,-1.0000,-1.0000,-1.0000,-1.0000,-1.0000,-1.0000,-1.0000,-1.0000,-1.0000,-1.0000,-1.0000,-1.0000,-1.0000,-1.0000,-1.0000,-1.0000,-1.0000,-1.0000,-1.0000,-1.0000,-1.0000,-1.0000,-1.0000,-1.0000,-1.0000,-1.0000,-1.0000,-1.0000,-1.0000,-1.0000,-1.0000,-1.0000,-1.0000,-1.0000,2.0975,2.1007,2.0493,2.0872,2.0657,2.1390,1.9650,1.9428,2.0179,1.9083,2.0100,1.9056,1.9854,1.9457,1.8886,1.9213,2.0168,2.1674,2.1785,2.1850,2.1771,2.1308,2.1186,2.1895,2.1010,2.1432,2.1542,2.1666,2.1172,2.0837,2.1419,2.1650,2.1904,2.1763,2.1707,2.1740,2.1664,2.1451,2.1566,2.1760,1.7605,1.8026,1.7759,1.7656,1.8032,1.7395,1.6966,1.8044,1.7424,1.6955,1.7011,1.7131,1.7831,1.6926,1.6740,1.7221,1.6916,1.6912,1.7404,1.6757,1.7642,1.7369,1.7109,0,1.0000,2.0308,4.6896,1.9317
2,0.0040,-0.4109,-1.8069,1.0038,2.0308,4.6896,1.9120,0.1110,0.1899,0.0000,1.0280,1.0000,-0.0000,0.0001,0.0003,-0.0024,-0.0003,-0.0001,0.0001,0.0008,0.0004,0.0023,0.0001,0.0002,-0.0000,0.0008,0.0006,-0.0011,-0.0000,-0.0000,0.0005,0.0001,0.0000,0.0000,0.0000,-0.0003,-0.0000,0.0001,0.0001,0.0000,0.0000,0.0000,-0.0142,0.0009,-0.0113,-0.0035,0.0521,0.1406,-0.6595,-0.0744,-0.0208,0.0084,0.1486,0.1032,0.6077,0.0119,0.0291,-0.0085,0.1591,0.1187,-0.2512,-0.0140,-0.0111,0.1090,0.0205,0.0004,0.0037,0.0001,-0.0718,-0.0009,0.0211,0.0246,0.0006,0.0033,0.0006,-1.0000,-1.0000,-1.0000,-1.0000,-1.0000,-1.0000,-1.0000,-1.0000,-1.0000,-1.0000,-1.0000,-1.0000,-1.0000,-1.0000,-1.0000,-1.0000,-1.0000,-1.0000,-1.0000,-1.0000,-1.0000,-1.0000,-1.0000,-1.0000,-1.0000,-1.0000,-1.0000,-1.0000,-1.0000,-1.0000,-1.0000,-1.0000,-1.0000,-1.0000,-1.0000,-1.0000,-1.0000,-1.0000,-1.0000,-1.0000,-1.0000,-1.0000,-1.0000,-1.0000,-1.0000,-1.0000,-1.0000,-1.0000,-1.0000,-1.0000,-1.0000,-1.0000,-1.0000,-1.0000,-1.0000,-1.0000,-1.0000,-1.0000,-1.0000,-1.0000,-1.0000,-1.0000,-1.0000,-1.0000,-1.0000,-1.0000,-1.0000,-1.0000,-1.0000,-1.0000,-1.0000,-1.0000,-1.0000,-1.0000,-1.0000,-1.0000,-1.0000,-1.0000,-1.0000,-1.0000,-1.0000,-1.0000,-1.0000,-1.0000,-1.0000,-1.0000,-1.0000,-1.0000,-1.0000,-1.0000,-1.0000,-1.0000,-1.0000,-1.0000,-1.0000,-1.0000,-1.0000,-1.0000,-1.0000,-1.0000,-1.0000,-1.0000,-1.0000,-1.0000,-1.0000,-1.0000,-1.0000,-1.0000,-1.0000,-1.0000,-1.0000,-1.0000,-1.0000,-1.0000,-1.0000,-1.0000,-1.0000,-1.0000,-1.0000,-1.0000,-1.0000,2.0975,2.1007,2.0493,2.0872,2.0657,2.1390,1.9650,1.9428,2.0179,1.9083,2.0100,1.9056,1.9854,1.9457,1.8886,1.9213,2.0168,2.1674,2.1785,2.1850,2.1771,2.1308,2.1186,2.1895,2.1010,2.1432,2.1542,2.1666,2.1172,2.0837,2.1419,2.1650,2.1904,2.1763,2.1707,2.1740,2.1664,2.1451,2.1566,2.1760,1.7605,1.8026,1.7759,1.7656,1.8032,1.7395,1.6966,1.8044,1.7424,1.6955,1.7011,1.7131,1.7831,1.6926,1.6740,1.7221,1.6916,1.6912,1.7404,1.6757,1.7642,1.7369,1.7109,0,1.0000,2.0308,4.6896,1.9317
2,0.0040,-0.4109,-1.8069,1.0038,2.0308,4.6896,1.9120,0.1110,0.1899,0.0000,1.0280,1.0000,-0.0000,0.0001,0.0003,-0.0024,-0.0003,-0.0001,0.0001,0.0008,0.0004,0.0023,0.0001,0.0002,-0.0000,0.0008,0.0006,-0.0011,-0.0000,-0.0000,0.0005,0.0001,0.0000,0.0000,0.0000,-0.0003,-0.0000,0.0001,0.0001,0.0000,0.0000,0.0000,-0.0142,0.0009,-0.0113,-0.0035,0.0521,0.1406,-0.6595,-0.0744,-0.0208,0.0084,0.1486,0.1032,0.6077,0.0119,0.0291,-0.0085,0.1591,0.1187,-0.2512,-0.0140,-0.0111,0.1090,0.0205,0.0004,0.0037,0.0001,-0.0718,-0.0009,0.0211,0.0246,0.0006,0.0033,0.0006,-1.0000,-1.0000,-1.0000,-1.0000,-1.0000,-1.0000,-1.0000,-1.0000,-1.0000,-1.0000,-1.0000,-1.0000,-1.0000,-1.0000,-1.0000,-1.0000,-1.0000,-1.0000,-1.0000,-1.0000,-1.0000,-1.0000,-1.0000,-1.0000,-1.0000,-1.0000,-1.0000,-1.0000,-1.0000,-1.0000,-1.0000,-1.0000,-1.0000,-1.0000,-1.0000,-1.0000,-1.0000,-1.0000,-1.0000,-1.0000,-1.0000,-1.0000,-1.0000,-1.0000,-1.0000,-1.0000,-1.0000,-1.0000,-1.0000,-1.0000,-1.0000,-1.0000,-1.0000,-1.0000,-1.0000,-1.0000,-1.0000,-1.0000,-1.0000,-1.0000,-1.0000,-1.0000,-1.0000,-1.0000,-1.0000,-1.0000,-1.0000,-1.0000,-1.0000,-1.0000,-1.0000,-1.0000,-1.0000,-1.0000,-1.0000,-1.0000,-1.0000,-1.0000,-1.0000,-1.0000,-1.0000,-1.0000,-1.0000,-1.0000,-1.0000,-1.0000,-1.0000,-1.0000,-1.0000,-1.0000,-1.0000,-1.0000,-1.0000,-1.0000,-1.0000,-1.0000,-1.0000,-1.0000,-1.0000,-1.0000,-1.0000,-1.0000,-1.0000,-1.0000,-1.0000,-1.0000,-1.0000,-1.0000,-1.0000,-1.0000,-1.0000,-1.0000,-1.0000,-1.0000,-1.0000,-1.0000,-1.0000,-1.0000,-1.0000,-1.0000,-1.0000,2.0975,2.1007,2.0493,2.0872,2.0657,2.1390,1.9650,1.9428,2.0179,1.9083,2.0100,1.9056,1.9854,1.9457,1.8886,1.9213,2.0168,2.1674,2.1785,2.1850,2.1771,2.1308,2.1186,2.1895,2.1010,2.1432,2.1542,2.1666,2.1172,2.0837,2.1419,2.1650,2.1904,2.1763,2.1707,2.1740,2.1664,2.1451,2.1566,2.1760,1.7605,1.8026,1.7759,1.7656,1.8032,1.7395,1.6966,1.8044,1.7424,1.6955,1.7011,1.7131,1.7831,1.6926,1.6740,1.7221,1.6916,1.6912,1.7404,1.6757,1.7642,1.7369,1.7109,0,1.0000,2.0308,4.6896,1.9317
2,0.0040,-0.4109,-1.8069,1.0038,2.0308,4.6896,1.9120,0.1110,0.1899,0.0000,1.0280,1.0000,-0.0000,0.0001,0.0003,-0.0024,-0.0003,-0.0001,0.0001,0.0008,0.0004,0.0023,0.0001,0.0002,-0.0000,0.0008,0.0006,-0.0011,-0.0000,-0.0000,0.0005,0.0001,0.0000,0.0000,0.0000,-0.0003,-0.0000,0.0001,0.0001,0.0000,0.0000,0.0000,-0.0142,0.0009,-0.0113,-0.0035,0.0521,0.1406,-0.6595,-0.0744,-0.0208,0.0084,0.1486,0.1032,0.6077,0.0119,0.0291,-0.0085,0.1591,0.1187,-0.2512,-0.0140,-0.0111,0.1090,0.0205,0.0004,0.0037,0.0001,-0.0718,-0.0009,0.0211,0.0246,0.0006,0.0033,0.0006,-1.0000,-1.0000,-1.0000,-1.0000,-1.0000,-1.0000,-1.0000,-1.0000,-1.0000,-1.0000,-1.0000,-1.0000,-1.0000,-1.0000,-1.0000,-1.0000,-1.0000,-1.0000,-1.0000,-1.0000,-1.0000,-1.0000,-1.0000,-1.0000,-1.0000,-1.0000,-1.0000,-1.0000,-1.0000,-1.0000,-1.0000,-1.0000,-1.0000,-1.0000,-1.0000,-1.0000,-1.0000,-1.0000,-1.0000,-1.0000,-1.0000,-1.0000,-1.0000,-1.0000,-1.0000,-1.0000,-1.0000,-1.0000,-1.0000,-1.0000,-1.0000,-1.0000,-1.0000,-1.0000,-1.0000,-1.0000,-1.0000,-1.0000,-1.0000,-1.0000,-1.0000,-1.0000,-1.0000,-1.0000,-1.0000,-1.0000,-1.0000,-1.0000,-1.0000,-1.0000,-1.0000,-1.0000,-1.0000,-1.0000,-1.0000,-1.0000,-1.0000,-1.0000,-1.0000,-1.0000,-1.0000,-1.0000,-1.0000,-1.0000,-1.0000,-1.0000,-1.0000,-1.0000,-1.0000,-1.0000,-1.0000,-1.0000,-1.0000,-1.0000,-1.0000,-1.0000,-1.0000,-1.0000,-1.0000,-1.0000,-1.0000,-1.0000,-1.0000,-1.0000,-1.0000,-1.0000,-1.0000,-1.0000,-1.0000,-1.0000,-1.0000,-1.0000,-1.0000,-1.0000,-1.0000,-1.0000,-1.0000,-1.0000,-1.0000,-1.0000,-1.0000,2.0975,2.1007,2.0493,2.0872,2.0657,2.1390,1.9650,1.9428,2.0179,1.9083,2.0100,1.9056,1.9854,1.9457,1.8886,1.9213,2.0168,2.1674,2.1785,2.1850,2.1771,2.1308,2.1186,2.1895,2.1010,2.1432,2.1542,2.1666,2.1172,2.0837,2.1419,2.1650,2.1904,2.1763,2.1707,2.1740,2.1664,2.1451,2.1566,2.1760,1.7605,1.8026,1.7759,1.7656,1.8032,1.7395,1.6966,1.8044,1.7424,1.6955,1.7011,1.7131,1.7831,1.6926,1.6740,1.7221,1.6916,1.6912,1.7404,1.6757,1.7642,1.7369,1.7109,0,1.0000,2.0308,4.6896,1.9317
2,0.0040,-0.4109,-1.8069,1.0038,2.0308,4.6896,1.9120,0.1110,0.1899,0.0000,1.0280,1.0000,-0.0000,0.0001,0.0003,-0.0024,-0.0003,-0.0001,0.0001,0.0008,0.0004,0.0023,0.0001,0.0002,-0.0000,0.0008,0.0006,-0.0011,-0.0000,-0.0000,0.0005,0.0001,0.0000,0.0000,0.0000,-0.0003,-0.0000,0.0001,0.0001,0.0000,0.0000,0.0000,-0.0142,0.0009,-0.0113,-0.0035,0.0521,0.1406,-0.6595,-0.0744,-0.0208,0.0084,0.1486,0.1032,0.6077,0.0119,0.0291,-0.0085,0.1591,0.1187,-0.2512,-0.0140,-0.0111,0.1090,0.0205,0.0004,0.0037,0.0001,-0.0718,-0.0009,0.0211,0.0246,0.0006,0.0033,0.0006,-1.0000,-1.0000,-1.0000,-1.0000,-1.0000,-1.0000,-1.0000,-1.0000,-1.0000,-1.0000,-1.0000,-1.0000,-1.0000,-1.0000,-1.0000,-1.0000,-1.0000,-1.0000,-1.0000,-1.0000,-1.0000,-1.0000,-1.0000,-1.0000,-1.0000,-1.0000,-1.0000,-1.0000,-1.0000,-1.0000,-1.0000,-1.0000,-1.0000,-1.0000,-1.0000,-1.0000,-1.0000,-1.0000,-1.0000,-1.0000,-1.0000,-1.0000,-1.0000,-1.0000,-1.0000,-1.0000,-1.0000,-1.0000,-1.0000,-1.0000,-1.0000,-1.0000,-1.0000,-1.0000,-1.0000,-1.0000,-1.0000,-1.0000,-1.0000,-1.0000,-1.0000,-1.0000,-1.0000,-1.0000,-1.0000,-1.0000,-1.0000,-1.0000,-1.0000,-1.0000,-1.0000,-1.0000,-1.0000,-1.0000,-1.0000,-1.0000,-1.0000,-1.0000,-1.0000,-1.0000,-1.0000,-1.0000,-1.0000,-1.0000,-1.0000,-1.0000,-1.0000,-1.0000,-1.0000,-1.0000,-1.0000,-1.0000,-1.0000,-1.0000,-1.0000,-1.0000,-1.0000,-1.0000,-1.0000,-1.0000,-1.0000,-1.0000,-1.0000,-1.0000,-1.0000,-1.0000,-1.0000,-1.0000,-1.0000,-1.0000,-1.0000,-1.0000,-1.0000,-1.0000,-1.0000,-1.0000,-1.0000,-1.0000,-1.0000,-1.0000,-1.0000,2.0975,2.1007,2.0493,2.0872,2.0657,2.1390,1.9650,1.9428,2.0179,1.9083,2.0100,1.9056,1.9854,1.9457,1.8886,1.9213,2.0168,2.1674,2.1785,2.1850,2.1771,2.1308,2.1186,2.1895,2.1010,2.1432,2.1542,2.1666,2.1172,2.0837,2.1419,2.1650,2.1904,2.1763,2.1707,2.1740,2.1664,2.1451,2.1566,2.1760,1.7605,1.8026,1.7759,1.7656,1.8032,1.7395,1.6966,1.8044,1.7424,1.6955,1.7011,1.7131,1.7831,1.6926,1.6740,1.7221,1.6916,1.6912,1.7404,1.6757,1.7642,1.7369,1.7109,0,1.0000,2.0308,4.6896,1.9317
2,0.0040,-0.4109,-1.8069,1.0038,2.0308,4.6896,1.9120,0.1110,0.1899,0.0000,1.0280,1.0000,-0.0000,0.0001,0.0003,-0.0024,-0.0003,-0.0001,0.0001,0.0008,0.0004,0.0023,0.0001,0.0002,-0.0000,0.0008,0.0006,-0.0011,-0.0000,-0.0000,0.0005,0.0001,0.0000,0.0000,0.0000,-0.0003,-0.0000,0.0001,0.0001,0.0000,0.0000,0.0000,-0.0142,0.0009,-0.0113,-0.0035,0.0521,0.1406,-0.6595,-0.0744,-0.0208,0.0084,0.1486,0.1032,0.6077,0.0119,0.0291,-0.0085,0.1591,0.1187,-0.2512,-0.0140,-0.0111,0.1090,0.0205,0.0004,0.0037,0.0001,-0.0718,-0.0009,0.0211,0.0246,0.0006,0.0033,0.0006,-1.0000,-1.0000,-1.0000,-1.0000,-1.0000,-1.0000,-1.0000,-1.0000,-1.0000,-1.0000,-1.0000,-1.0000,-1.0000,-1.0000,-1.0000,-1.0000,-1.0000,-1.0000,-1.0000,-1.0000,-1.0000,-1.0000,-1.0000,-1.0000,-1.0000,-1.0000,-1.0000,-1.0000,-1.0000,-1.0000,-1.0000,-1.0000,-1.0000,-1.0000,-1.0000,-1.0000,-1.0000,-1.0000,-1.0000,-1.0000,-1.0000,-1.0000,-1.0000,-1.0000,-1.0000,-1.0000,-1.0000,-1.0000,-1.0000,-1.0000,-1.0000,-1.0000,-1.0000,-1.0000,-1.0000,-1.0000,-1.0000,-1.0000,-1.0000,-1.0000,-1.0000,-1.0000,-1.0000,-1.0000,-1.0000,-1.0000,-1.0000,-1.0000,-1.0000,-1.0000,-1.0000,-1.0000,-1.0000,-1.0000,-1.0000,-1.0000,-1.0000,-1.0000,-1.0000,-1.0000,-1.0000,-1.0000,-1.0000,-1.0000,-1.0000,-1.0000,-1.0000,-1.0000,-1.0000,-1.0000,-1.0000,-1.0000,-1.0000,-1.0000,-1.0000,-1.0000,-1.0000,-1.0000,-1.0000,-1.0000,-1.0000,-1.0000,-1.0000,-1.0000,-1.0000,-1.0000,-1.0000,-1.0000,-1.0000,-1.0000,-1.0000,-1.0000,-1.0000,-1.0000,-1.0000,-1.0000,-1.0000,-1.0000,-1.0000,-1.0000,-1.0000,2.0975,2.1007,2.0493,2.0872,2.0657,2.1390,1.9650,1.9428,2.0179,1.9083,2.0100,1.9056,1.9854,1.9457,1.8886,1.9213,2.0168,2.1674,2.1785,2.1850,2.1771,2.1308,2.1186,2.1895,2.1010,2.1432,2.1542,2.1666,2.1172,2.0837,2.1419,2.1650,2.1904,2.1763,2.1707,2.1740,2.1664,2.1451,2.1566,2.1760,1.7605,1.8026,1.7759,1.7656,1.8032,1.7395,1.6966,1.8044,1.7424,1.6955,1.7011,1.7131,1.7831,1.6926,1.6740,1.7221,1.6916,1.6912,1.7404,1.6757,1.7642,1.7369,1.7109,0,1.0000,2.0308,4.6896,1.9317
2,0.0040,-0.4109,-1.8069,1.0038,2.0308,4.6896,1.9120,0.1110,0.1899,0.0000,1.0280,1.0000,-0.0000,0.0001,0.0003,-0.0024,-0.0003,-0.0001,0.0001,0.0008,0.0004,0.0023,0.0001,0.0002,-0.0000,0.0008,0.0006,-0.0011,-0.0000,-0.0000,0.0005,0.0001,0.0000,0.0000,0.0000,-0.0003,-0.0000,0.0001,0.0001,0.0000,0.0000,0.0000,-0.0142,0.0009,-0.0113,-0.0035,0.0521,0.1406,-0.6595,-0.0744,-0.0208,0.0084,0.1486,0.1032,0.6077,0.0119,0.0291,-0.0085,0.1591,0.1187,-0.2512,-0.0140,-0.0111,0.1090,0.0205,0.0004,0.0037,0.0001,-0.0718,-0.0009,0.0211,0.0246,0.0006,0.0033,0.0006,-1.0000,-1.0000,-1.0000,-1.0000,-1.0000,-1.0000,-1.0000,-1.0000,-1.0000,-1.0000,-1.0000,-1.0000,-1.0000,-1.0000,-1.0000,-1.0000,-1.0000,-1.0000,-1.0000,-1.0000,-1.0000,-1.0000,-1.0000,-1.0000,-1.0000,-1.0000,-1.0000,-1.0000,-1.0000,-1.0000,-1.0000,-1.0000,-1.0000,-1.0000,-1.0000,-1.0000,-1.0000,-1.0000,-1.0000,-1.0000,-1.0000,-1.0000,-1.0000,-1.0000,-1.0000,-1.0000,-1.0000,-1.0000,-1.0000,-1.0000,-1.0000,-1.0000,-1.0000,-1.0000,-1.0000,-1.0000,-1.0000,-1.0000,-1.0000,-1.0000,-1.0000,-1.0000,-1.0000,-1.0000,-1.0000,-1.0000,-1.0000,-1.0000,-1.0000,-1.0000,-1.0000,-1.0000,-1.0000,-1.0000,-1.0000,-1.0000,-1.0000,-1.0000,-1.0000,-1.0000,-1.0000,-1.0000,-1.0000,-1.0000,-1.0000,-1.0000,-1.0000,-1.0000,-1.0000,-1.0000,-1.0000,-1.0000,-1.0000,-1.0000,-1.0000,-1.0000,-1.0000,-1.0000,-1.0000,-1.0000,-1.0000,-1.0000,-1.0000,-1.0000,-1.0000,-1.0000,-1.0000,-1.0000,-1.0000,-1.0000,-1.0000,-1.0000,-1.0000,-1.0000,-1.0000,-1.0000,-1.0000,-1.0000,-1.0000,-1.0000,-1.0000,2.0975,2.1007,2.0493,2.0872,2.0657,2.1390,1.9650,1.9428,2.0179,1.9083,2.0100,1.9056,1.9854,1.9457,1.8886,1.9213,2.0168,2.1674,2.1785,2.1850,2.1771,2.1308,2.1186,2.1895,2.1010,2.1432,2.1542,2.1666,2.1172,2.0837,2.1419,2.1650,2.1904,2.1763,2.1707,2.1740,2.1664,2.1451,2.1566,2.1760,1.7605,1.8026,1.7759,1.7656,1.8032,1.7395,1.6966,1.8044,1.7424,1.6955,1.7011,1.7131,1.7831,1.6926,1.6740,1.7221,1.6916,1.6912,1.7404,1.6757,1.7642,1.7369,1.7109,0,1.0000,2.0308,4.6896,1.9317
2,0.0040,-0.4109,-1.8069,1.0038,2.0308,4.6896,1.9120,0.1110,0.1899,0.0000,1.0280,1.0000,-0.0000,0.0001,0.0003,-0.0024,-0.0003,-0.0001,0.0001,0.0008,0.0004,0.0023,0.0001,0.0002,-0.0000,0.0008,0.0006,-0.0011,-0.0000,-0.0000,0.0005,0.0001,0.0000,0.0000,0.0000,-0.0003,-0.0000,0.0001,0.0001,0.0000,0.0000,0.0000,-0.0142,0.0009,-0.0113,-0.0035,0.0521,0.1406,-0.6595,-0.0744,-0.0208,0.0084,0.1486,0.1032,0.6077,0.0119,0.0291,-0.0085,0.1591,0.1187,-0.2512,-0.0140,-0.0111,0.1090,0.0205,0.0004,0.0037,0.0001,-0.0718,-0.0009,0.0211,0.0246,0.0006,0.0033,0.0006,-1.0000,-1.0000,-1.0000,-1.0000,-1.0000,-1.0000,-1.0000,-1.0000,-1.0000,-1.0000,-1.0000,-1.0000,-1.0000,-1.0000,-1.0000,-1.0000,-1.0000,-1.0000,-1.0000,-1.0000,-1.0000,-1.0000,-1.0000,-1.0000,-1.0000,-1.0000,-1.0000,-1.0000,-1.0000,-1.0000,-1.0000,-1.0000,-1.0000,-1.0000,-1.0000,-1.0000,-1.0000,-1.0000,-1.0000,-1.0000,-1.0000,-1.0000,-1.0000,-1.0000,-1.0000,-1.0000,-1.0000,-1.0000,-1.0000,-1.0000,-1.0000,-1.0000,-1.0000,-1.0000,-1.0000,-1.0000,-1.0000,-1.0000,-1.0000,-1.0000,-1.0000,-1.0000,-1.0000,-1.0000,-1.0000,-1.0000,-1.0000,-1.0000,-1.0000,-1.0000,-1.0000,-1.0000,-1.0000,-1.0000,-1.0000,-1.0000,-1.0000,-1.0000,-1.0000,-1.0000,-1.0000,-1.0000,-1.0000,-1.0000,-1.0000,-1.0000,-1.0000,-1.0000,-1.0000,-1.0000,-1.0000,-1.0000,-1.0000,-1.0000,-1.0000,-1.0000,-1.0000,-1.0000,-1.0000,-1.0000,-1.0000,-1.0000,-1.0000,-1.0000,-1.0000,-1.0000,-1.0000,-1.0000,-1.0000,-1.0000,-1.0000,-1.0000,-1.0000,-1.0000,-1.0000,-1.0000,-1.0000,-1.0000,-1.0000,-1.0000,-1.0000,2.0975,2.1007,2.0493,2.0872,2.0657,2.1390,1.9650,1.9428,2.0179,1.9083,2.0100,1.9056,1.9854,1.9457,1.8886,1.9213,2.0168,2.1674,2.1785,2.1850,2.1771,2.1308,2.1186,2.1895,2.1010,2.1432,2.1542,2.1666,2.1172,2.0837,2.1419,2.1650,2.1904,2.1763,2.1707,2.1740,2.1664,2.1451,2.1566,2.1760,1.7605,1.8026,1.7759,1.7656,1.8032,1.7395,1.6966,1.8044,1.7424,1.6955,1.7011,1.7131,1.7831,1.6926,1.6740,1.7221,1.6916,1.6912,1.7404,1.6757,1.7642,1.7369,1.7109,0,1.0000,2.0308,4.6896,1.9317
2,0.0040,-0.4109,-1.8069,1.0038,2.0308,4.6896,1.9120,0.1110,0.1899,0.0000,1.0280,1.0000,-0.0000,0.0001,0.0003,-0.0024,-0.0003,-0.0001,0.0001,0.0008,0.0004,0.0023,0.0001,0.0002,-0.0000,0.0008,0.0006,-0.0011,-0.0000,-0.0000,0.0005,0.0001,0.0000,0.0000,0.0000,-0.0003,-0.0000,0.0001,0.0001,0.0000,0.0000,0.0000,-0.0142,0.0009,-0.0113,-0.0035,0.0521,0.1406,-0.6595,-0.0744,-0.0208,0.0084,0.1486,0.1032,0.6077,0.0119,0.0291,-0.0085,0.1591,0.1187,-0.2512,-0.0140,-0.0111,0.1090,0.0205,0.0004,0.0037,0.0001,-0.0718,-0.0009,0.0211,0.0246,0.0006,0.0033,0.0006,-1.0000,-1.0000,-1.0000,-1.0000,-1.0000,-1.0000,-1.0000,-1.0000,-1.0000,-1.0000,-1.0000,-1.0000,-1.0000,-1.0000,-1.0000,-1.0000,-1.0000,-1.0000,-1.0000,-1.0000,-1.0000,-1.0000,-1.0000,-1.0000,-1.0000,-1.0000,-1.0000,-1.0000,-1.0000,-1.0000,-1.0000,-1.0000,-1.0000,-1.0000,-1.0000,-1.0000,-1.0000,-1.0000,-1.0000,-1.0000,-1.0000,-1.0000,-1.0000,-1.0000,-1.0000,-1.0000,-1.0000,-1.0000,-1.0000,-1.0000,-1.0000,-1.0000,-1.0000,-1.0000,-1.0000,-1.0000,-1.0000,-1.0000,-1.0000,-1.0000,-1.0000,-1.0000,-1.0000,-1.0000,-1.0000,-1.0000,-1.0000,-1.0000,-1.0000,-1.0000,-1.0000,-1.0000,-1.0000,-1.0000,-1.0000,-1.0000,-1.0000,-1.0000,-1.0000,-1.0000,-1.0000,-1.0000,-1.0000,-1.0000,-1.0000,-1.0000,-1.0000,-1.0000,-1.0000,-1.0000,-1.0000,-1.0000,-1.0000,-1.0000,-1.0000,-1.0000,-1.0000,-1.0000,-1.0000,-1.0000,-1.0000,-1.0000,-1.0000,-1.0000,-1.0000,-1.0000,-1.0000,-1.0000,-1.0000,-1.0000,-1.0000,-1.0000,-1.0000,-1.0000,-1.0000,-1.0000,-1.0000,-1.0000,-1.0000,-1.0000,-1.0000,2.0975,2.1007,2.0493,2.0872,2.0657,2.1390,1.9650,1.9428,2.0179,1.9083,2.0100,1.9056,1.9854,1.9457,1.8886,1.9213,2.0168,2.1674,2.1785,2.1850,2.1771,2.1308,2.1186,2.1895,2.1010,2.1432,2.1542,2.1666,2.1172,2.0837,2.1419,2.1650,2.1904,2.1763,2.1707,2.1740,2.1664,2.1451,2.1566,2.1760,1.7605,1.8026,1.7759,1.7656,1.8032,1.7395,1.6966,1.8044,1.7424,1.6955,1.7011,1.7131,1.7831,1.6926,1.6740,1.7221,1.6916,1.6912,1.7404,1.6757,1.7642,1.7369,1.7109,0,1.0000,2.0308,4.6896,1.9317
2,0.0040,-0.4109,-1.8069,1.0038,2.0308,4.6896,1.9120,0.1110,0.1899,0.0000,1.0280,1.0000,-0.0000,0.0001,0.0003,-0.0024,-0.0003,-0.0001,0.0001,0.0008,0.0004,0.0023,0.0001,0.0002,-0.0000,0.0008,0.0006,-0.0011,-0.0000,-0.0000,0.0005,0.0001,0.0000,0.0000,0.0000,-0.0003,-0.0000,0.0001,0.0001,0.0000,0.0000,0.0000,-0.0142,0.0009,-0.0113,-0.0035,0.0521,0.1406,-0.6595,-0.0744,-0.0208,0.0084,0.1486,0.1032,0.6077,0.0119,0.0291,-0.0085,0.1591,0.1187,-0.2512,-0.0140,-0.0111,0.1090,0.0205,0.0004,0.0037,0.0001,-0.0718,-0.0009,0.0211,0.0246,0.0006,0.0033,0.0006,-1.0000,-1.0000,-1.0000,-1.0000,-1.0000,-1.0000,-1.0000,-1.0000,-1.0000,-1.0000,-1.0000,-1.0000,-1.0000,-1.0000,-1.0000,-1.0000,-1.0000,-1.0000,-1.0000,-1.0000,-1.0000,-1.0000,-1.0000,-1.0000,-1.0000,-1.0000,-1.0000,-1.0000,-1.0000,-1.0000,-1.0000,-1.0000,-1.0000,-1.0000,-1.0000,-1.0000,-1.0000,-1.0000,-1.0000,-1.0000,-1.0000,-1.0000,-1.0000,-1.0000,-1.0000,-1.0000,-1.0000,-1.0000,-1.0000,-1.0000,-1.0000,-1.0000,-1.0000,-1.0000,-1.0000,-1.0000,-1.0000,-1.0000,-1.0000,-1.0000,-1.0000,-1.0000,-1.0000,-1.0000,-1.0000,-1.0000,-1.0000,-1.0000,-1.0000,-1.0000,-1.0000,-1.0000,-1.0000,-1.0000,-1.0000,-1.0000,-1.0000,-1.0000,-1.0000,-1.0000,-1.0000,-1.0000,-1.0000,-1.0000,-1.0000,-1.0000,-1.0000,-1.0000,-1.0000,-1.0000,-1.0000,-1.0000,-1.0000,-1.0000,-1.0000,-1.0000,-1.0000,-1.0000,-1.0000,-1.0000,-1.0000,-1.0000,-1.0000,-1.0000,-1.0000,-1.0000,-1.0000,-1.0000,-1.0000,-1.0000,-1.0000,-1.0000,-1.0000,-1.0000,-1.0000,-1.0000,-1.0000,-1.0000,-1.0000,-1.0000,-1.0000,2.0975,2.1007,2.0493,2.0872,2.0657,2.1390,1.9650,1.9428,2.0179,1.9083,2.0100,1.9056,1.9854,1.9457,1.8886,1.9213,2.0168,2.1674,2.1785,2.1850,2.1771,2.1308,2.1186,2.1895,2.1010,2.1432,2.1542,2.1666,2.1172,2.0837,2.1419,2.1650,2.1904,2.1763,2.1707,2.1740,2.1664,2.1451,2.1566,2.1760,1.7605,1.8026,1.7759,1.7656,1.8032,1.7395,1.6966,1.8044,1.7424,1.6955,1.7011,1.7131,1.7831,1.6926,1.6740,1.7221,1.6916,1.6912,1.7404,1.6757,1.7642,1.7369,1.7109,0,1.0000,2.0308,4.6896,1.9317
2,0.0040,-0.4109,-1.8069,1.0038,2.0308,4.6896,1.9120,0.1110,0.1899,0.0000,1.0280,1.0000,-0.0000,0.0001,0.0003,-0.0024,-0.0003,-0.0001,0.0001,0.0008,0.0004,0.0023,0.0001,0.0002,-0.0000,0.0008,0.0006,-0.0011,-0.0000,-0.0000,0.0005,0.0001,0.0000,0.0000,0.0000,-0.0003,-0.0000,0.0001,0.0001,0.0000,0.0000,0.0000,-0.0142,0.0009,-0.0113,-0.0035,0.0521,0.1406,-0.6595,-0.0744,-0.0208,0.0084,0.1486,0.1032,0.6077,0.0119,0.0291,-0.0085,0.1591,0.1187,-0.2512,-0.0140,-0.0111,0.1090,0.0205,0.0004,0.0037,0.0001,-0.0718,-0.0009,0.0211,0.0246,0.0006,0.0033,0.0006,-1.0000,-1.0000,-1.0000,-1.0000,-1.0000,-1.0000,-1.0000,-1.0000,-1.0000,-1.0000,-1.0000,-1.0000,-1.0000,-1.0000,-1.0000,-1.0000,-1.0000,-1.0000,-1.0000,-1.0000,-1.0000,-1.0000,-1.0000,-1.0000,-1.0000,-1.0000,-1.0000,-1.0000,-1.0000,-1.0000,-1.0000,-1.0000,-1.0000,-1.0000,-1.0000,-1.0000,-1.0000,-1.0000,-1.0000,-1.0000,-1.0000,-1.0000,-1.0000,-1.0000,-1.0000,-1.0000,-1.0000,-1.0000,-1.0000,-1.0000,-1.0000,-1.0000,-1.0000,-1.0000,-1.0000,-1.0000,-1.0000,-1.0000,-1.0000,-1.0000,-1.0000,-1.0000,-1.0000,-1.0000,-1.0000,-1.0000,-1.0000,-1.0000,-1.0000,-1.0000,-1.0000,-1.0000,-1.0000,-1.0000,-1.0000,-1.0000,-1.0000,-1.0000,-1.0000,-1.0000,-1.0000,-1.0000,-1.0000,-1.0000,-1.0000,-1.0000,-1.0000,-1.0000,-1.0000,-1.0000,-1.0000,-1.0000,-1.0000,-1.0000,-1.0000,-1.0000,-1.0000,-1.0000,-1.0000,-1.0000,-1.0000,-1.0000,-1.0000,-1.0000,-1.0000,-1.0000,-1.0000,-1.0000,-1.0000,-1.0000,-1.0000,-1.0000,-1.0000,-1.0000,-1.0000,-1.0000,-1.0000,-1.0000,-1.0000,-1.0000,-1.0000,2.0975,2.1007,2.0493,2.0872,2.0657,2.1390,1.9650,1.9428,2.0179,1.9083,2.0100,1.9056,1.9854,1.9457,1.8886,1.9213,2.0168,2.1674,2.1785,2.1850,2.1771,2.1308,2.1186,2.1895,2.1010,2.1432,2.1542,2.1666,2.1172,2.0837,2.1419,2.1650,2.1904,2.1763,2.1707,2.1740,2.1664,2.1451,2.1566,2.1760,1.7605,1.8026,1.7759,1.7656,1.8032,1.7395,1.6966,1.8044,1.7424,1.6955,1.7011,1.7131,1.7831,1.6926,1.6740,1.7221,1.6916,1.6912,1.7404,1.6757,1.7642,1.7369,1.7109,0,1.0000,2.0308,4.6896,1.9317
2,0.0040,-0.4109,-1.8069,1.0038,2.0308,4.6896,1.9120,0.1110,0.1899,0.0000,1.0280,1.0000,-0.0000,0.0001,0.0003,-0.0024,-0.0003,-0.0001,0.0001,0.0008,0.0004,0.0023,0.0001,0.0002,-0.0000,0.0008,0.0006,-0.0011,-0.0000,-0.0000,0.0005,0.0001,0.0000,0.0000,0.0000,-0.0003,-0.0000,0.0001,0.0001,0.0000,0.0000,0.0000,-0.0142,0.0009,-0.0113,-0.0035,0.0521,0.1406,-0.6595,-0.0744,-0.0208,0.0084,0.1486,0.1032,0.6077,0.0119,0.0291,-0.0085,0.1591,0.1187,-0.2512,-0.0140,-0.0111,0.1090,0.0205,0.0004,0.0037,0.0001,-0.0718,-0.0009,0.0211,0.0246,0.0006,0.0033,0.0006,-1.0000,-1.0000,-1.0000,-1.0000,-1.0000,-1.0000,-1.0000,-1.0000,-1.0000,-1.0000,-1.0000,-1.0000,-1.0000,-1.0000,-1.0000,-1.0000,-1.0000,-1.0000,-1.0000,-1.0000,-1.0000,-1.0000,-1.0000,-1.0000,-1.0000,-1.0000,-1.0000,-1.0000,-1.0000,-1.0000,-1.0000,-1.0000,-1.0000,-1.0000,-1.0000,-1.0000,-1.0000,-1.0000,-1.0000,-1.0000,-1.0000,-1.0000,-1.0000,-1.0000,-1.0000,-1.0000,-1.0000,-1.0000,-1.0000,-1.0000,-1.0000,-1.0000,-1.0000,-1.0000,-1.0000,-1.0000,-1.0000,-1.0000,-1.0000,-1.0000,-1.0000,-1.0000,-1.0000,-1.0000,-1.0000,-1.0000,-1.0000,-1.0000,-1.0000,-1.0000,-1.0000,-1.0000,-1.0000,-1.0000,-1.0000,-1.0000,-1.0000,-1.0000,-1.0000,-1.0000,-1.0000,-1.0000,-1.0000,-1.0000,-1.0000,-1.0000,-1.0000,-1.0000,-1.0000,-1.0000,-1.0000,-1.0000,-1.0000,-1.0000,-1.0000,-1.0000,-1.0000,-1.0000,-1.0000,-1.0000,-1.0000,-1.0000,-1.0000,-1.0000,-1.0000,-1.0000,-1.0000,-1.0000,-1.0000,-1.0000,-1.0000,-1.0000,-1.0000,-1.0000,-1.0000,-1.0000,-1.0000,-1.0000,-1.0000,-1.0000,-1.0000,2.0975,2.1007,2.0493,2.0872,2.0657,2.1390,1.9650,1.9428,2.0179,1.9083,2.0100,1.9056,1.9854,1.9457,1.8886,1.9213,2.0168,2.1674,2.1785,2.1850,2.1771,2.1308,2.1186,2.1895,2.1010,2.1432,2.1542,2.1666,2.1172,2.0837,2.1419,2.1650,2.1904,2.1763,2.1707,2.1740,2.1664,2.1451,2.1566,2.1760,1.7605,1.8026,1.7759,1.7656,1.8032,1.7395,1.6966,1.8044,1.7424,1.6955,1.7011,1.7131,1.7831,1.6926,1.6740,1.7221,1.6916,1.6912,1.7404,1.6757,1.7642,1.7369,1.7109,0,1.0000,2.0308,4.6896,1.9317
2,0.0040,-0.4109,-1.8069,1.0038,2.0308,4.6896,1.9120,0.1110,0.1899,0.0000,1.0280,1.0000,-0.0000,0.0001,0.0003,-0.0024,-0.0003,-0.0001,0.0001,0.0008,0.0004,0.0023,0.0001,0.0002,-0.0000,0.0008,0.0006,-0.0011,-0.0000,-0.0000,0.0005,0.0001,0.0000,0.0000,0.0000,-0.0003,-0.0000,0.0001,0.0001,0.0000,0.0000,0.0000,-0.0142,0.0009,-0.0113,-0.0035,0.0521,0.1406,-0.6595,-0.0744,-0.0208,0.0084,0.1486,0.1032,0.6077,0.0119,0.0291,-0.0085,0.1591,0.1187,-0.2512,-0.0140,-0.0111,0.1090,0.0205,0.0004,0.0037,0.0001,-0.0718,-0.0009,0.0211,0.0246,0.0006,0.0033,0.0006,-1.0000,-1.0000,-1.0000,-1.0000,-1.0000,-1.0000,-1.0000,-1.0000,-1.0000,-1.0000,-1.0000,-1.0000,-1.0000,-1.0000,-1.0000,-1.0000,-1.0000,-1.0000,-1.0000,-1.0000,-1.0000,-1.0000,-1.0000,-1.0000,-1.0000,-1.0000,-1.0000,-1.0000,-1.0000,-1.0000,-1.0000,-1.0000,-1.0000,-1.0000,-1.0000,-1.0000,-1.0000,-1.0000,-1.0000,-1.0000,-1.0000,-1.0000,-1.0000,-1.0000,-1.0000,-1.0000,-1.0000,-1.0000,-1.0000,-1.0000,-1.0000,-1.0000,-1.0000,-1.0000,-1.0000,-1.0000,-1.0000,-1.0000,-1.0000,-1.0000,-1.0000,-1.0000,-1.0000,-1.0000,-1.0000,-1.0000,-1.0000,-1.0000,-1.0000,-1.0000,-1.0000,-1.0000,-1.0000,-1.0000,-1.0000,-1.0000,-1.0000,-1.0000,-1.0000,-1.0000,-1.0000,-1.0000,-1.0000,-1.0000,-1.0000,-1.0000,-1.0000,-1.0000,-1.0000,-1.0000,-1.0000,-1.0000,-1.0000,-1.0000,-1.0000,-1.0000,-1.0000,-1.0000,-1.0000,-1.0000,-1.0000,-1.0000,-1.0000,-1.0000,-1.0000,-1.0000,-1.0000,-1.0000,-1.0000,-1.0000,-1.0000,-1.0000,-1.0000,-1.0000,-1.0000,-1.0000,-1.0000,-1.0000,-1.0000,-1.0000,-1.0000,2.0975,2.1007,2.0493,2.0872,2.0657,2.1390,1.9650,1.9428,2.0179,1.9083,2.0100,1.9056,1.9854,1.9457,1.8886,1.9213,2.0168,2.1674,2.1785,2.1850,2.1771,2.1308,2.1186,2.1895,2.1010,2.1432,2.1542,2.1666,2.1172,2.0837,2.1419,2.1650,2.1904,2.1763,2.1707,2.1740,2.1664,2.1451,2.1566,2.1760,1.7605,1.8026,1.7759,1.7656,1.8032,1.7395,1.6966,1.8044,1.7424,1.6955,1.7011,1.7131,1.7831,1.6926,1.6740,1.7221,1.6916,1.6912,1.7404,1.6757,1.7642,1.7369,1.7109,0,1.0000,2.0308,4.6896,1.9317
2,0.0040,-0.4109,-1.8069,1.0038,2.0308,4.6896,1.9120,0.1110,0.1899,0.0000,1.0280,1.0000,-0.0000,0.0001,0.0003,-0.0024,-0.0003,-0.0001,0.0001,0.0008,0.0004,0.0023,0.0001,0.0002,-0.0000,0.0008,0.0006,-0.0011,-0.0000,-0.0000,0.0005,0.0001,0.0000,0.0000,0.0000,-0.0003,-0.0000,0.0001,0.0001,0.0000,0.0000,0.0000,-0.0142,0.0009,-0.0113,-0.0035,0.0521,0.1406,-0.6595,-0.0744,-0.0208,0.0084,0.1486,0.1032,0.6077,0.0119,0.0291,-0.0085,0.1591,0.1187,-0.2512,-0.0140,-0.0111,0.1090,0.0205,0.0004,0.0037,0.0001,-0.0718,-0.0009,0.0211,0.0246,0.0006,0.0033,0.0006,-1.0000,-1.0000,-1.0000,-1.0000,-1.0000,-1.0000,-1.0000,-1.0000,-1.0000,-1.0000,-1.0000,-1.0000,-1.0000,-1.0000,-1.0000,-1.0000,-1.0000,-1.0000,-1.0000,-1.0000,-1.0000,-1.0000,-1.0000,-1.0000,-1.0000,-1.0000,-1.0000,-1.0000,-1.0000,-1.0000,-1.0000,-1.0000,-1.0000,-1.0000,-1.0000,-1.0000,-1.0000,-1.0000,-1.0000,-1.0000,-1.0000,-1.0000,-1.0000,-1.0000,-1.0000,-1.0000,-1.0000,-1.0000,-1.0000,-1.0000,-1.0000,-1.0000,-1.0000,-1.0000,-1.0000,-1.0000,-1.0000,-1.0000,-1.0000,-1.0000,-1.0000,-1.0000,-1.0000,-1.0000,-1.0000,-1.0000,-1.0000,-1.0000,-1.0000,-1.0000,-1.0000,-1.0000,-1.0000,-1.0000,-1.0000,-1.0000,-1.0000,-1.0000,-1.0000,-1.0000,-1.0000,-1.0000,-1.0000,-1.0000,-1.0000,-1.0000,-1.0000,-1.0000,-1.0000,-1.0000,-1.0000,-1.0000,-1.0000,-1.0000,-1.0000,-1.0000,-1.0000,-1.0000,-1.0000,-1.0000,-1.0000,-1.0000,-1.0000,-1.0000,-1.0000,-1.0000,-1.0000,-1.0000,-1.0000,-1.0000,-1.0000,-1.0000,-1.0000,-1.0000,-1.0000,-1.0000,-1.0000,-1.0000,-1.0000,-1.0000,-1.0000,2.0975,2.1007,2.0493,2.0872,2.0657,2.1390,1.9650,1.9428,2.0179,1.9083,2.0100,1.9056,1.9854,1.9457,1.8886,1.9213,2.0168,2.1674,2.1785,2.1850,2.1771,2.1308,2.1186,2.1895,2.1010,2.1432,2.1542,2.1666,2.1172,2.0837,2.1419,2.1650,2.1904,2.1763,2.1707,2.1740,2.1664,2.1451,2.1566,2.1760,1.7605,1.8026,1.7759,1.7656,1.8032,1.7395,1.6966,1.8044,1.7424,1.6955,1.7011,1.7131,1.7831,1.6926,1.6740,1.7221,1.6916,1.6912,1.7404,1.6757,1.7642,1.7369,1.7109,0,1.0000,2.0308,4.6896,1.9317
2,0.0040,-0.4109,-1.8069,1.0038,2.0308,4.6896,1.9120,0.1110,0.1899,0.0000,1.0280,1.0000,-0.0000,0.0001,0.0003,-0.0024,-0.0003,-0.0001,0.0001,0.0008,0.0004,0.0023,0.0001,0.0002,-0.0000,0.0008,0.0006,-0.0011,-0.0000,-0.0000,0.0005,0.0001,0.0000,0.0000,0.0000,-0.0003,-0.0000,0.0001,0.0001,0.0000,0.0000,0.0000,-0.0142,0.0009,-0.0113,-0.0035,0.0521,0.1406,-0.6595,-0.0744,-0.0208,0.0084,0.1486,0.1032,0.6077,0.0119,0.0291,-0.0085,0.1591,0.1187,-0.2512,-0.0140,-0.0111,0.1090,0.0205,0.0004,0.0037,0.0001,-0.0718,-0.0009,0.0211,0.0246,0.0006,0.0033,0.0006,-1.0000,-1.0000,-1.0000,-1.0000,-1.0000,-1.0000,-1.0000,-1.0000,-1.0000,-1.0000,-1.0000,-1.0000,-1.0000,-1.0000,-1.0000,-1.0000,-1.0000,-1.0000,-1.0000,-1.0000,-1.0000,-1.0000,-1.0000,-1.0000,-1.0000,-1.0000,-1.0000,-1.0000,-1.0000,-1.0000,-1.0000,-1.0000,-1.0000,-1.0000,-1.0000,-1.0000,-1.0000,-1.0000,-1.0000,-1.0000,-1.0000,-1.0000,-1.0000,-1.0000,-1.0000,-1.0000,-1.0000,-1.0000,-1.0000,-1.0000,-1.0000,-1.0000,-1.0000,-1.0000,-1.0000,-1.0000,-1.0000,-1.0000,-1.0000,-1.0000,-1.0000,-1.0000,-1.0000,-1.0000,-1.0000,-1.0000,-1.0000,-1.0000,-1.0000,-1.0000,-1.0000,-1.0000,-1.0000,-1.0000,-1.0000,-1.0000,-1.0000,-1.0000,-1.0000,-1.0000,-1.0000,-1.0000,-1.0000,-1.0000,-1.0000,-1.0000,-1.0000,-1.0000,-1.0000,-1.0000,-1.0000,-1.0000,-1.0000,-1.0000,-1.0000,-1.0000,-1.0000,-1.0000,-1.0000,-1.0000,-1.0000,-1.0000,-1.0000,-1.0000,-1.0000,-1.0000,-1.0000,-1.0000,-1.0000,-1.0000,-1.0000,-1.0000,-1.0000,-1.0000,-1.0000,-1.0000,-1.0000,-1.0000,-1.0000,-1.0000,-1.0000,2.0975,2.1007,2.0493,2.0872,2.0657,2.1390,1.9650,1.9428,2.0179,1.9083,2.0100,1.9056,1.9854,1.9457,1.8886,1.9213,2.0168,2.1674,2.1785,2.1850,2.1771,2.1308,2.1186,2.1895,2.1010,2.1432,2.1542,2.1666,2.1172,2.0837,2.1419,2.1650,2.1904,2.1763,2.1707,2.1740,2.1664,2.1451,2.1566,2.1760,1.7605,1.8026,1.7759,1.7656,1.8032,1.7395,1.6966,1.8044,1.7424,1.6955,1.7011,1.7131,1.7831,1.6926,1.6740,1.7221,1.6916,1.6912,1.7404,1.6757,1.7642,1.7369,1.7109,0,1.0000,2.0308,4.6896,1.9317
2,0.0040,-0.4109,-1.8069,1.0038,2.0308,4.6896,1.9120,0.1110,0.1899,0.0000,1.0280,1.0000,-0.0000,0.0001,0.0003,-0.0024,-0.0003,-0.0001,0.0001,0.0008,0.0004,0.0023,0.0001,0.0002,-0.0000,0.0008,0.0006,-0.0011,-0.0000,-0.0000,0.0005,0.0001,0.0000,0.0000,0.0000,-0.0003,-0.0000,0.0001,0.0001,0.0000,0.0000,0.0000,-0.0142,0.0009,-0.0113,-0.0035,0.0521,0.1406,-0.6595,-0.0744,-0.0208,0.0084,0.1486,0.1032,0.6077,0.0119,0.0291,-0.0085,0.1591,0.1187,-0.2512,-0.0140,-0.0111,0.1090,0.0205,0.0004,0.0037,0.0001,-0.0718,-0.0009,0.0211,0.0246,0.0006,0.0033,0.0006,-1.0000,-1.0000,-1.0000,-1.0000,-1.0000,-1.0000,-1.0000,-1.0000,-1.0000,-1.0000,-1.0000,-1.0000,-1.0000,-1.0000,-1.0000,-1.0000,-1.0000,-1.0000,-1.0000,-1.0000,-1.0000,-1.0000,-1.0000,-1.0000,-1.0000,-1.0000,-1.0000,-1.0000,-1.0000,-1.0000,-1.0000,-1.0000,-1.0000,-1.0000,-1.0000,-1.0000,-1.0000,-1.0000,-1.0000,-1.0000,-1.0000,-1.0000,-1.0000,-1.0000,-1.0000,-1.0000,-1.0000,-1.0000,-1.0000,-1.0000,-1.0000,-1.0000,-1.0000,-1.0000,-1.0000,-1.0000,-1.0000,-1.0000,-1.0000,-1.0000,-1.0000,-1.0000,-1.0000,-1.0000,-1.0000,-1.0000,-1.0000,-1.0000,-1.0000,-1.0000,-1.0000,-1.0000,-1.0000,-1.0000,-1.0000,-1.0000,-1.0000,-1.0000,-1.0000,-1.0000,-1.0000,-1.0000,-1.0000,-1.0000,-1.0000,-1.0000,-1.0000,-1.0000,-1.0000,-1.0000,-1.0000,-1.0000,-1.0000,-1.0000,-1.0000,-1.0000,-1.0000,-1.0000,-1.0000,-1.0000,-1.0000,-1.0000,-1.0000,-1.0000,-1.0000,-1.0000,-1.0000,-1.0000,-1.0000,-1.0000,-1.0000,-1.0000,-1.0000,-1.0000,-1.0000,-1.0000,-1.0000,-1.0000,-1.0000,-1.0000,-1.0000,2.0975,2.1007,2.0493,2.0872,2.0657,2.1390,1.9650,1.9428,2.0179,1.9083,2.0100,1.9056,1.9854,1.9457,1.8886,1.9213,2.0168,2.1674,2.1785,2.1850,2.1771,2.1308,2.1186,2.1895,2.1010,2.1432,2.1542,2.1666,2.1172,2.0837,2.1419,2.1650,2.1904,2.1763,2.1707,2.1740,2.1664,2.1451,2.1566,2.1760,1.7605,1.8026,1.7759,1.7656,1.8032,1.7395,1.6966,1.8044,1.7424,1.6955,1.7011,1.7131,1.7831,1.6926,1.6740,1.7221,1.6916,1.6912,1.7404,1.6757,1.7642,1.7369,1.7109,0,1.0000,2.0308,4.6896,1.9317
2,0.0040,-0.4109,-1.8069,1.0038,2.0308,4.6896,1.9120,0.1110,0.1899,0.0000,1.0280,1.0000,-0.0000,0.0001,0.0003,-0.0024,-0.0003,-0.0001,0.0001,0.0008,0.0004,0.0023,0.0001,0.0002,-0.0000,0.0008,0.0006,-0.0011,-0.0000,-0.0000,0.0005,0.0001,0.0000,0.0000,0.0000,-0.0003,-0.0000,0.0001,0.0001,0.0000,0.0000,0.0000,-0.0142,0.0009,-0.0113,-0.0035,0.0521,0.1406,-0.6595,-0.0744,-0.0208,0.0084,0.1486,0.1032,0.6077,0.0119,0.0291,-0.0085,0.1591,0.1187,-0.2512,-0.0140,-0.0111,0.1090,0.0205,0.0004,0.0037,0.0001,-0.0718,-0.0009,0.0211,0.0246,0.0006,0.0033,0.0006,-1.0000,-1.0000,-1.0000,-1.0000,-1.0000,-1.0000,-1.0000,-1.0000,-1.0000,-1.0000,-1.0000,-1.0000,-1.0000,-1.0000,-1.0000,-1.0000,-1.0000,-1.0000,-1.0000,-1.0000,-1.0000,-1.0000,-1.0000,-1.0000,-1.0000,-1.0000,-1.0000,-1.0000,-1.0000,-1.0000,-1.0000,-1.0000,-1.0000,-1.0000,-1.0000,-1.0000,-1.0000,-1.0000,-1.0000,-1.0000,-1.0000,-1.0000,-1.0000,-1.0000,-1.0000,-1.0000,-1.0000,-1.0000,-1.0000,-1.0000,-1.0000,-1.0000,-1.0000,-1.0000,-1.0000,-1.0000,-1.0000,-1.0000,-1.0000,-1.0000,-1.0000,-1.0000,-1.0000,-1.0000,-1.0000,-1.0000,-1.0000,-1.0000,-1.0000,-1.0000,-1.0000,-1.0000,-1.0000,-1.0000,-1.0000,-1.0000,-1.0000,-1.0000,-1.0000,-1.0000,-1.0000,-1.0000,-1.0000,-1.0000,-1.0000,-1.0000,-1.0000,-1.0000,-1.0000,-1.0000,-1.0000,-1.0000,-1.0000,-1.0000,-1.0000,-1.0000,-1.0000,-1.0000,-1.0000,-1.0000,-1.0000,-1.0000,-1.0000,-1.0000,-1.0000,-1.0000,-1.0000,-1.0000,-1.0000,-1.0000,-1.0000,-1.0000,-1.0000,-1.0000,-1.0000,-1.0000,-1.0000,-1.0000,-1.0000,-1.0000,-1.0000,2.0975,2.1007,2.0493,2.0872,2.0657,2.1390,1.9650,1.9428,2.0179,1.9083,2.0100,1.9056,1.9854,1.9457,1.8886,1.9213,2.0168,2.1674,2.1785,2.1850,2.1771,2.1308,2.1186,2.1895,2.1010,2.1432,2.1542,2.1666,2.1172,2.0837,2.1419,2.1650,2.1904,2.1763,2.1707,2.1740,2.1664,2.1451,2.1566,2.1760,1.7605,1.8026,1.7759,1.7656,1.8032,1.7395,1.6966,1.8044,1.7424,1.6955,1.7011,1.7131,1.7831,1.6926,1.6740,1.7221,1.6916,1.6912,1.7404,1.6757,1.7642,1.7369,1.7109,0,1.0000,2.0308,4.6896,1.9317
2,0.0040,-0.4109,-1.8069,1.0038,2.0308,4.6896,1.9120,0.1110,0.1899,0.0000,1.0280,1.0000,-0.0000,0.0001,0.0003,-0.0024,-0.0003,-0.0001,0.0001,0.0008,0.0004,0.0023,0.0001,0.0002,-0.0000,0.0008,0.0006,-0.0011,-0.0000,-0.0000,0.0005,0.0001,0.0000,0.0000,0.0000,-0.0003,-0.0000,0.0001,0.0001,0.0000,0.0000,0.0000,-0.0142,0.0009,-0.0113,-0.0035,0.0521,0.1406,-0.6595,-0.0744,-0.0208,0.0084,0.1486,0.1032,0.6077,0.0119,0.0291,-0.0085,0.1591,0.1187,-0.2512,-0.0140,-0.0111,0.1090,0.0205,0.0004,0.0037,0.0001,-0.0718,-0.0009,0.0211,0.0246,0.0006,0.0033,0.0006,-1.0000,-1.0000,-1.0000,-1.0000,-1.0000,-1.0000,-1.0000,-1.0000,-1.0000,-1.0000,-1.0000,-1.0000,-1.0000,-1.0000,-1.0000,-1.0000,-1.0000,-1.0000,-1.0000,-1.0000,-1.0000,-1.0000,-1.0000,-1.0000,-1.0000,-1.0000,-1.0000,-1.0000,-1.0000,-1.0000,-1.0000,-1.0000,-1.0000,-1.0000,-1.0000,-1.0000,-1.0000,-1.0000,-1.0000,-1.0000,-1.0000,-1.0000,-1.0000,-1.0000,-1.0000,-1.0000,-1.0000,-1.0000,-1.0000,-1.0000,-1.0000,-1.0000,-1.0000,-1.0000,-1.0000,-1.0000,-1.0000,-1.0000,-1.0000,-1.0000,-1.0000,-1.0000,-1.0000,-1.0000,-1.0000,-1.0000,-1.0000,-1.0000,-1.0000,-1.0000,-1.0000,-1.0000,-1.0000,-1.0000,-1.0000,-1.0000,-1.0000,-1.0000,-1.0000,-1.0000,-1.0000,-1.0000,-1.0000,-1.0000,-1.0000,-1.0000,-1.0000,-1.0000,-1.0000,-1.0000,-1.0000,-1.0000,-1.0000,-1.0000,-1.0000,-1.0000,-1.0000,-1.0000,-1.0000,-1.0000,-1.0000,-1.0000,-1.0000,-1.0000,-1.0000,-1.0000,-1.0000,-1.0000,-1.0000,-1.0000,-1.0000,-1.0000,-1.0000,-1.0000,-1.0000,-1.0000,-1.0000,-1.0000,-1.0000,-1.0000,-1.0000,2.0975,2.1007,2.0493,2.0872,2.0657,2.1390,1.9650,1.9428,2.0179,1.9083,2.0100,1.9056,1.9854,1.9457,1.8886,1.9213,2.0168,2.1674,2.1785,2.1850,2.1771,2.1308,2.1186,2.1895,2.1010,2.1432,2.1542,2.1666,2.1172,2.0837,2.1419,2.1650,2.1904,2.1763,2.1707,2.1740,2.1664,2.1451,2.1566,2.1760,1.7605,1.8026,1.7759,1.7656,1.8032,1.7395,1.6966,1.8044,1.7424,1.6955,1.7011,1.7131,1.7831,1.6926,1.6740,1.7221,1.6916,1.6912,1.7404,1.6757,1.7642,1.7369,1.7109,0,1.0000,2.0308,4.6896,1.9317
2,0.0040,-0.4109,-1.8069,1.0038,2.0308,4.6896,1.9120,0.1110,0.1899,0.0000,1.0280,1.0000,-0.0000,0.0001,0.0003,-0.0024,-0.0003,-0.0001,0.0001,0.0008,0.0004,0.0023,0.0001,0.0002,-0.0000,0.0008,0.0006,-0.0011,-0.0000,-0.0000,0.0005,0.0001,0.0000,0.0000,0.0000,-0.0003,-0.0000,0.0001,0.0001,0.0000,0.0000,0.0000,-0.0142,0.0009,-0.0113,-0.0035,0.0521,0.1406,-0.6595,-0.0744,-0.0208,0.0084,0.1486,0.1032,0.6077,0.0119,0.0291,-0.0085,0.1591,0.1187,-0.2512,-0.0140,-0.0111,0.1090,0.0205,0.0004,0.0037,0.0001,-0.0718,-0.0009,0.0211,0.0246,0.0006,0.0033,0.0006,-1.0000,-1.0000,-1.0000,-1.0000,-1.0000,-1.0000,-1.0000,-1.0000,-1.0000,-1.0000,-1.0000,-1.0000,-1.0000,-1.0000,-1.0000,-1.0000,-1.0000,-1.0000,-1.0000,-1.0000,-1.0000,-1.0000,-1.0000,-1.0000,-1.0000,-1.0000,-1.0000,-1.0000,-1.0000,-1.0000,-1.0000,-1.0000,-1.0000,-1.0000,-1.0000,-1.0000,-1.0000,-1.0000,-1.0000,-1.0000,-1.0000,-1.0000,-1.0000,-1.0000,-1.0000,-1.0000,-1.0000,-1.0000,-1.0000,-1.0000,-1.0000,-1.0000,-1.0000,-1.0000,-1.0000,-1.0000,-1.0000,-1.0000,-1.0000,-1.0000,-1.0000,-1.0000,-1.0000,-1.0000,-1.0000,-1.0000,-1.0000,-1.0000,-1.0000,-1.0000,-1.0000,-1.0000,-1.0000,-1.0000,-1.0000,-1.0000,-1.0000,-1.0000,-1.0000,-1.0000,-1.0000,-1.0000,-1.0000,-1.0000,-1.0000,-1.0000,-1.0000,-1.0000,-1.0000,-1.0000,-1.0000,-1.0000,-1.0000,-1.0000,-1.0000,-1.0000,-1.0000,-1.0000,-1.0000,-1.0000,-1.0000,-1.0000,-1.0000,-1.0000,-1.0000,-1.0000,-1.0000,-1.0000,-1.0000,-1.0000,-1.0000,-1.0000,-1.0000,-1.0000,-1.0000,-1.0000,-1.0000,-1.0000,-1.0000,-1.0000,-1.0000,2.0975,2.1007,2.0493,2.0872,2.0657,2.1390,1.9650,1.9428,2.0179,1.9083,2.0100,1.9056,1.9854,1.9457,1.8886,1.9213,2.0168,2.1674,2.1785,2.1850,2.1771,2.1308,2.1186,2.1895,2.1010,2.1432,2.1542,2.1666,2.1172,2.0837,2.1419,2.1650,2.1904,2.1763,2.1707,2.1740,2.1664,2.1451,2.1566,2.1760,1.7605,1.8026,1.7759,1.7656,1.8032,1.7395,1.6966,1.8044,1.7424,1.6955,1.7011,1.7131,1.7831,1.6926,1.6740,1.7221,1.6916,1.6912,1.7404,1.6757,1.7642,1.7369,1.7109,0,1.0000,2.0308,4.6896,1.9317
2,0.0040,-0.4109,-1.8069,1.0038,2.0308,4.6896,1.9120,0.1110,0.1899,0.0000,1.0280,1.0000,-0.0000,0.0001,0.0003,-0.0024,-0.0003,-0.0001,0.0001,0.0008,0.0004,0.0023,0.0001,0.0002,-0.0000,0.0008,0.0006,-0.0011,-0.0000,-0.0000,0.0005,0.0001,0.0000,0.0000,0.0000,-0.0003,-0.0000,0.0001,0.0001,0.0000,0.0000,0.0000,-0.0142,0.0009,-0.0113,-0.0035,0.0521,0.1406,-0.6595,-0.0744,-0.0208,0.0084,0.1486,0.1032,0.6077,0.0119,0.0291,-0.0085,0.1591,0.1187,-0.2512,-0.0140,-0.0111,0.1090,0.0205,0.0004,0.0037,0.0001,-0.0718,-0.0009,0.0211,0.0246,0.0006,0.0033,0.0006,-1.0000,-1.0000,-1.0000,-1.0000,-1.0000,-1.0000,-1.0000,-1.0000,-1.0000,-1.0000,-1.0000,-1.0000,-1.0000,-1.0000,-1.0000,-1.0000,-1.0000,-1.0000,-1.0000,-1.0000,-1.0000,-1.0000,-1.0000,-1.0000,-1.0000,-1.0000,-1.0000,-1.0000,-1.0000,-1.0000,-1.0000,-1.0000,-1.0000,-1.0000,-1.0000,-1.0000,-1.0000,-1.0000,-1.0000,-1.0000,-1.0000,-1.0000,-1.0000,-1.0000,-1.0000,-1.0000,-1.0000,-1.0000,-1.0000,-1.0000,-1.0000,-1.0000,-1.0000,-1.0000,-1.0000,-1.0000,-1.0000,-1.0000,-1.0000,-1.0000,-1.0000,-1.0000,-1.0000,-1.0000,-1.0000,-1.0000,-1.0000,-1.0000,-1.0000,-1.0000,-1.0000,-1.0000,-1.0000,-1.0000,-1.0000,-1.0000,-1.0000,-1.0000,-1.0000,-1.0000,-1.0000,-1.0000,-1.0000,-1.0000,-1.0000,-1.0000,-1.0000,-1.0000,-1.0000,-1.0000,-1.0000,-1.0000,-1.0000,-1.0000,-1.0000,-1.0000,-1.0000,-1.0000,-1.0000,-1.0000,-1.0000,-1.0000,-1.0000,-1.0000,-1.0000,-1.0000,-1.0000,-1.0000,-1.0000,-1.0000,-1.0000,-1.0000,-1.0000,-1.0000,-1.0000,-1.0000,-1.0000,-1.0000,-1.0000,-1.0000,-1.0000,2.0975,2.1007,2.0493,2.0872,2.0657,2.1390,1.9650,1.9428,2.0179,1.9083,2.0100,1.9056,1.9854,1.9457,1.8886,1.9213,2.0168,2.1674,2.1785,2.1850,2.1771,2.1308,2.1186,2.1895,2.1010,2.1432,2.1542,2.1666,2.1172,2.0837,2.1419,2.1650,2.1904,2.1763,2.1707,2.1740,2.1664,2.1451,2.1566,2.1760,1.7605,1.8026,1.7759,1.7656,1.8032,1.7395,1.6966,1.8044,1.7424,1.6955,1.7011,1.7131,1.7831,1.6926,1.6740,1.7221,1.6916,1.6912,1.7404,1.6757,1.7642,1.7369,1.7109,0,1.0000,2.0308,4.6896,1.9317
2,0.0040,-0.4109,-1.8069,1.0038,2.0308,4.6896,1.9120,0.1110,0.1899,0.0000,1.0280,1.0000,-0.0000,0.0001,0.0003,-0.0024,-0.0003,-0.0001,0.0001,0.0008,0.0004,0.0023,0.0001,0.0002,-0.0000,0.0008,0.0006,-0.0011,-0.0000,-0.0000,0.0005,0.0001,0.0000,0.0000,0.0000,-0.0003,-0.0000,0.0001,0.0001,0.0000,0.0000,0.0000,-0.0142,0.0009,-0.0113,-0.0035,0.0521,0.1406,-0.6595,-0.0744,-0.0208,0.0084,0.1486,0.1032,0.6077,0.0119,0.0291,-0.0085,0.1591,0.1187,-0.2512,-0.0140,-0.0111,0.1090,0.0205,0.0004,0.0037,0.0001,-0.0718,-0.0009,0.0211,0.0246,0.0006,0.0033,0.0006,-1.0000,-1.0000,-1.0000,-1.0000,-1.0000,-1.0000,-1.0000,-1.0000,-1.0000,-1.0000,-1.0000,-1.0000,-1.0000,-1.0000,-1.0000,-1.0000,-1.0000,-1.0000,-1.0000,-1.0000,-1.0000,-1.0000,-1.0000,-1.0000,-1.0000,-1.0000,-1.0000,-1.0000,-1.0000,-1.0000,-1.0000,-1.0000,-1.0000,-1.0000,-1.0000,-1.0000,-1.0000,-1.0000,-1.0000,-1.0000,-1.0000,-1.0000,-1.0000,-1.0000,-1.0000,-1.0000,-1.0000,-1.0000,-1.0000,-1.0000,-1.0000,-1.0000,-1.0000,-1.0000,-1.0000,-1.0000,-1.0000,-1.0000,-1.0000,-1.0000,-1.0000,-1.0000,-1.0000,-1.0000,-1.0000,-1.0000,-1.0000,-1.0000,-1.0000,-1.0000,-1.0000,-1.0000,-1.0000,-1.0000,-1.0000,-1.0000,-1.0000,-1.0000,-1.0000,-1.0000,-1.0000,-1.0000,-1.0000,-1.0000,-1.0000,-1.0000,-1.0000,-1.0000,-1.0000,-1.0000,-1.0000,-1.0000,-1.0000,-1.0000,-1.0000,-1.0000,-1.0000,-1.0000,-1.0000,-1.0000,-1.0000,-1.0000,-1.0000,-1.0000,-1.0000,-1.0000,-1.0000,-1.0000,-1.0000,-1.0000,-1.0000,-1.0000,-1.0000,-1.0000,-1.0000,-1.0000,-1.0000,-1.0000,-1.0000,-1.0000,-1.0000,2.0975,2.1007,2.0493,2.0872,2.0657,2.1390,1.9650,1.9428,2.0179,1.9083,2.0100,1.9056,1.9854,1.9457,1.8886,1.9213,2.0168,2.1674,2.1785,2.1850,2.1771,2.1308,2.1186,2.1895,2.1010,2.1432,2.1542,2.1666,2.1172,2.0837,2.1419,2.1650,2.1904,2.1763,2.1707,2.1740,2.1664,2.1451,2.1566,2.1760,1.7605,1.8026,1.7759,1.7656,1.8032,1.7395,1.6966,1.8044,1.7424,1.6955,1.7011,1.7131,1.7831,1.6926,1.6740,1.7221,1.6916,1.6912,1.7404,1.6757,1.7642,1.7369,1.7109,0,1.0000,2.0308,4.6896,1.9317
2,0.0040,-0.4109,-1.8069,1.0038,2.0308,4.6896,1.9120,0.1110,0.1899,0.0000,1.0280,1.0000,-0.0000,0.0001,0.0003,-0.0024,-0.0003,-0.0001,0.0001,0.0008,0.0004,0.0023,0.0001,0.0002,-0.0000,0.0008,0.0006,-0.0011,-0.0000,-0.0000,0.0005,0.0001,0.0000,0.0000,0.0000,-0.0003,-0.0000,0.0001,0.0001,0.0000,0.0000,0.0000,-0.0142,0.0009,-0.0113,-0.0035,0.0521,0.1406,-0.6595,-0.0744,-0.0208,0.0084,0.1486,0.1032,0.6077,0.0119,0.0291,-0.0085,0.1591,0.1187,-0.2512,-0.0140,-0.0111,0.1090,0.0205,0.0004,0.0037,0.0001,-0.0718,-0.0009,0.0211,0.0246,0.0006,0.0033,0.0006,-1.0000,-1.0000,-1.0000,-1.0000,-1.0000,-1.0000,-1.0000,-1.0000,-1.0000,-1.0000,-1.0000,-1.0000,-1.0000,-1.0000,-1.0000,-1.0000,-1.0000,-1.0000,-1.0000,-1.0000,-1.0000,-1.0000,-1.0000,-1.0000,-1.0000,-1.0000,-1.0000,-1.0000,-1.0000,-1.0000,-1.0000,-1.0000,-1.0000,-1.0000,-1.0000,-1.0000,-1.0000,-1.0000,-1.0000,-1.0000,-1.0000,-1.0000,-1.0000,-1.0000,-1.0000,-1.0000,-1.0000,-1.0000,-1.0000,-1.0000,-1.0000,-1.0000,-1.0000,-1.0000,-1.0000,-1.0000,-1.0000,-1.0000,-1.0000,-1.0000,-1.0000,-1.0000,-1.0000,-1.0000,-1.0000,-1.0000,-1.0000,-1.0000,-1.0000,-1.0000,-1.0000,-1.0000,-1.0000,-1.0000,-1.0000,-1.0000,-1.0000,-1.0000,-1.0000,-1.0000,-1.0000,-1.0000,-1.0000,-1.0000,-1.0000,-1.0000,-1.0000,-1.0000,-1.0000,-1.0000,-1.0000,-1.0000,-1.0000,-1.0000,-1.0000,-1.0000,-1.0000,-1.0000,-1.0000,-1.0000,-1.0000,-1.0000,-1.0000,-1.0000,-1.0000,-1.0000,-1.0000,-1.0000,-1.0000,-1.0000,-1.0000,-1.0000,-1.0000,-1.0000,-1.0000,-1.0000,-1.0000,-1.0000,-1.0000,-1.0000,-1.0000,2.0975,2.1007,2.0493,2.0872,2.0657,2.1390,1.9650,1.9428,2.0179,1.9083,2.0100,1.9056,1.9854,1.9457,1.8886,1.9213,2.0168,2.1674,2.1785,2.1850,2.1771,2.1308,2.1186,2.1895,2.1010,2.1432,2.1542,2.1666,2.1172,2.0837,2.1419,2.1650,2.1904,2.1763,2.1707,2.1740,2.1664,2.1451,2.1566,2.1760,1.7605,1.8026,1.7759,1.7656,1.8032,1.7395,1.6966,1.8044,1.7424,1.6955,1.7011,1.7131,1.7831,1.6926,1.6740,1.7221,1.6916,1.6912,1.7404,1.6757,1.7642,1.7369,1.7109,0,1.0000,2.0308,4.6896,1.9317
3,0.0060,-0.4068,-1.7976,1.0076,2.0308,4.6896,1.8924,0.1110,0.1899,0.0000,1.0279,1.0000,-0.0000,0.0002,0.0004,-0.0039,-0.0005,-0.0001,0.0001,0.0009,0.0006,0.0036,0.0001,0.0002,-0.0000,0.0010,0.0007,-0.0015,-0.0001,-0.0001,0.0007,0.0001,0.0000,0.0000,0.0000,-0.0004,-0.0000,0.0001,0.0002,0.0000,0.0000,0.0000,-0.0157,0.0016,-0.0121,-0.0014,0.0624,0.1233,-0.7329,-0.0660,-0.0167,-0.0188,0.0803,0.1050,0.6530,0.0077,0.0121,-0.0130,0.0862,0.0824,-0.2118,-0.0155,-0.0106,0.0933,0.0216,0.0006,0.0069,0.0000,-0.0582,0.0002,0.0169,0.0354,0.0007,0.0044,0.0004,-1.0000,-1.0000,-1.0000,-1.0000,-1.0000,-1.0000,-1.0000,-1.0000,-1.0000,-1.0000,-1.0000,-1.0000,-1.0000,-1.0000,-1.0000,-1.0000,-1.0000,-1.0000,-1.0000,-1.0000,-1.0000,-1.0000,-1.0000,-1.0000,-1.0000,-1.0000,-1.0000,-1.0000,-1.0000,-1.0000,-1.0000,-1.0000,-1.0000,-1.0000,-1.0000,-1.0000,-1.0000,-1.0000,-1.0000,-1.0000,-1.0000,-1.0000,-1.0000,-1.0000,-1.0000,-1.0000,-1.0000,-1.0000,-1.0000,-1.0000,-1.0000,-1.0000,-1.0000,-1.0000,-1.0000,-1.0000,-1.0000,-1.0000,-1.0000,-1.0000,-1.0000,-1.0000,-1.0000,-1.0000,-1.0000,-1.0000,-1.0000,-1.0000,-1.0000,-1.0000,-1.0000,-1.0000,-1.0000,-1.0000,-1.0000,-1.0000,-1.0000,-1.0000,-1.0000,-1.0000,-1.0000,-1.0000,-1.0000,-1.0000,-1.0000,-1.0000,-1.0000,-1.0000,-1.0000,-1.0000,-1.0000,-1.0000,-1.0000,-1.0000,-1.0000,-1.0000,-1.0000,-1.0000,-1.0000,-1.0000,-1.0000,-1.0000,-1.0000,-1.0000,-1.0000,-1.0000,-1.0000,-1.0000,-1.0000,-1.0000,-1.0000,-1.0000,-1.0000,-1.0000,-1.0000,-1.0000,-1.0000,-1.0000,-1.0000,-1.0000,-1.0000,2.0866,2.0898,2.0384,2.0764,2.0548,2.1281,1.9546,1.9321,2.0071,1.8976,1.9994,1.8948,1.9748,1.9349,1.8781,1.9105,2.0061,2.1567,2.1677,2.1742,2.1665,2.1201,2.1081,2.1789,2.0904,2.1327,2.1437,2.1561,2.1068,2.0732,2.1315,2.1547,2.1800,2.1659,2.1604,2.1636,2.1560,2.1346,2.1462,2.1657,1.7498,1.7917,1.7651,1.7547,1.7924,1.7288,1.6859,1.7937,1.7318,1.6848,1.6904,1.7025,1.7724,1.6821,1.6636,1.7116,1.6811,1.6808,1.7298,1.6652,1.7536,1.7265,1.7005,0,1.0000,2.0308,4.6896,1.9317
3,0.0060,-0.4068,-1.7976,1.0076,2.0308,4.6896,1.8924,0.1110,0.1899,0.0000,1.0279,1.0000,-0.0000,0.0002,0.0004,-0.0039,-0.0005,-0.0001,0.0001,0.0009,0.0006,0.0036,0.0001,0.0002,-0.0000,0.0010,0.0007,-0.0015,-0.0001,-0.0001,0.0007,0.0001,0.0000,0.0000,0.0000,-0.0004,-0.0000,0.0001,0.0002,0.0000,0.0000,0.0000,-0.0157,0.0016,-0.0121,-0.0014,0.0624,0.1233,-0.7329,-0.0660,-0.0167,-0.0188,0.0803,0.1050,0.6530,0.0077,0.0121,-0.0130,0.0862,0.0824,-0.2118,-0.0155,-0.0106,0.0933,0.0216,0.0006,0.0069,0.0000,-0.0582,0.0002,0.0169,0.0354,0.0007,0.0044,0.0004,-1.0000,-1.0000,-1.0000,-1.0000,-1.0000,-1.0000,-1.0000,-1.0000,-1.0000,-1.0000,-1.0000,-1.0000,-1.0000,-1.0000,-1.0000,-1.0000,-1.0000,-1.0000,-1.0000,-1.0000,-1.0000,-1.0000,-1.0000,-1.0000,-1.0000,-1.0000,-1.0000,-1.0000,-1.0000,-1.0000,-1.0000,-1.0000,-1.0000,-1.0000,-1.0000,-1.0000,-1.0000,-1.0000,-1.0000,-1.0000,-1.0000,-1.0000,-1.0000,-1.0000,-1.0000,-1.0000,-1.0000,-1.0000,-1.0000,-1.0000,-1.0000,-1.0000,-1.0000,-1.0000,-1.0000,-1.0000,-1.0000,-1.0000,-1.0000,-1.0000,-1.0000,-1.0000,-1.0000,-1.0000,-1.0000,-1.0000,-1.0000,-1.0000,-1.0000,-1.0000,-1.0000,-1.0000,-1.0000,-1.0000,-1.0000,-1.0000,-1.0000,-1.0000,-1.0000,-1.0000,-1.0000,-1.0000,-1.0000,-1.0000,-1.0000,-1.0000,-1.0000,-1.0000,-1.0000,-1.0000,-1.0000,-1.0000,-1.0000,-1.0000,-1.0000,-1.0000,-1.0000,-1.0000,-1.0000,-1.0000,-1.0000,-1.0000,-1.0000,-1.0000,-1.0000,-1.0000,-1.0000,-1.0000,-1.0000,-1.0000,-1.0000,-1.0000,-1.0000,-1.0000,-1.0000,-1.0000,-1.0000,-1.0000,-1.0000,-1.0000,-1.0000,2.0866,2.0898,2.0384,2.0764,2.0548,2.1281,1.9546,1.9321,2.0071,1.8976,1.9994,1.8948,1.9748,1.9349,1.8781,1.9105,2.0061,2.1567,2.1677,2.1742,2.1665,2.1201,2.1081,2.1789,2.0904,2.1327,2.1437,2.1561,2.1068,2.0732,2.1315,2.1547,2.1800,2.1659,2.1604,2.1636,2.1560,2.1346,2.1462,2.1657,1.7498,1.7917,1.7651,1.7547,1.7924,1.7288,1.6859,1.7937,1.7318,1.6848,1.6904,1.7025,1.7724,1.6821,1.6636,1.7116,1.6811,1.6808,1.7298,1.6652,1.7536,1.7265,1.7005,0,1.0000,2.0308,4.6896,1.9317
3,0.0060,-0.4068,-1.7976,1.0076,2.0308,4.6896,1.8924,0.1110,0.1899,0.0000,1.0279,1.0000,-0.0000,0.0002,0.0004,-0.0039,-0.0005,-0.0001,0.0001,0.0009,0.0006,0.0036,0.0001,0.0002,-0.0000,0.0010,0.0007,-0.0015,-0.0001,-0.0001,0.0007,0.0001,0.0000,0.0000,0.0000,-0.0004,-0.0000,0.0001,0.0002,0.0000,0.0000,0.0000,-0.0157,0.0016,-0.0121,-0.0014,0.0624,0.1233,-0.7329,-0.0660,-0.0167,-0.0188,0.0803,0.1050,0.6530,0.0077,0.0121,-0.0130,0.0862,0.0824,-0.2118,-0.0155,-0.0106,0.0933,0.0216,0.0006,0.0069,0.0000,-0.0582,0.0002,0.0169,0.0354,0.0007,0.0044,0.0004,-1.0000,-1.0000,-1.0000,-1.0000,-1.0000,-1.0000,-1.0000,-1.0000,-1.0000,-1.0000,-1.0000,-1.0000,-1.0000,-1.0000,-1.0000,-1.0000,-1.0000,-1.0000,-1.0000,-1.0000,-1.0000,-1.0000,-1.0000,-1.0000,-1.0000,-1.0000,-1.0000,-1.0000,-1.0000,-1.0000,-1.0000,-1.0000,-1.0000,-1.0000,-1.0000,-1.0000,-1.0000,-1.0000,-1.0000,-1.0000,-1.0000,-1.0000,-1.0000,-1.0000,-1.0000,-1.0000,-1.0000,-1.0000,-1.0000,-1.0000,-1.0000,-1.0000,-1.0000,-1.0000,-1.0000,-1.0000,-1.0000,-1.0000,-1.0000,-1.0000,-1.0000,-1.0000,-1.0000,-1.0000,-1.0000,-1.0000,-1.0000,-1.0000,-1.0000,-1.0000,-1.0000,-1.0000,-1.0000,-1.0000,-1.0000,-1.0000,-1.0000,-1.0000,-1.0000,-1.0000,-1.0000,-1.0000,-1.0000,-1.0000,-1.0000,-1.0000,-1.0000,-1.0000,-1.0000,-1.0000,-1.0000,-1.0000,-1.0000,-1.0000,-1.0000,-1.0000,-1.0000,-1.0000,-1.0000,-1.0000,-1.0000,-1.0000,-1.0000,-1.0000,-1.0000,-1.0000,-1.0000,-1.0000,-1.0000,-1.0000,-1.0000,-1.0000,-1.0000,-1.0000,-1.0000,-1.0000,-1.0000,-1.0000,-1.0000,-1.0000,-1.0000,2.0866,2.0898,2.0384,2.0764,2.0548,2.1281,1.9546,1.9321,2.0071,1.8976,1.9994,1.8948,1.9748,1.9349,1.8781,1.9105,2.0061,2.1567,2.1677,2.1742,2.1665,2.1201,2.1081,2.1789,2.0904,2.1327,2.1437,2.1561,2.1068,2.0732,2.1315,2.1547,2.1800,2.1659,2.1604,2.1636,2.1560,2.1346,2.1462,2.1657,1.7498,1.7917,1.7651,1.7547,1.7924,1.7288,1.6859,1.7937,1.7318,1.6848,1.6904,1.7025,1.7724,1.6821,1.6636,1.7116,1.6811,1.6808,1.7298,1.6652,1.7536,1.7265,1.7005,0,1.0000,2.0308,4.6896,1.9317
3,0.0060,-0.4068,-1.7976,1.0076,2.0308,4.6896,1.8924,0.1110,0.1899,0.0000,1.0279,1.0000,-0.0000,0.0002,0.0004,-0.0039,-0.0005,-0.0001,0.0001,0.0009,0.0006,0.0036,0.0001,0.0002,-0.0000,0.0010,0.0007,-0.0015,-0.0001,-0.0001,0.0007,0.0001,0.0000,0.0000,0.0000,-0.0004,-0.0000,0.0001,0.0002,0.0000,0.0000,0.0000,-0.0157,0.0016,-0.0121,-0.0014,0.0624,0.1233,-0.7329,-0.0660,-0.0167,-0.0188,0.0803,0.1050,0.6530,0.0077,0.0121,-0.0130,0.0862,0.0824,-0.2118,-0.0155,-0.0106,0.0933,0.0216,0.0006,0.0069,0.0000,-0.0582,0.0002,0.0169,0.0354,0.0007,0.0044,0.0004,-1.0000,-1.0000,-1.0000,-1.0000,-1.0000,-1.0000,-1.0000,-1.0000,-1.0000,-1.0000,-1.0000,-1.0000,-1.0000,-1.0000,-1.0000,-1.0000,-1.0000,-1.0000,-1.0000,-1.0000,-1.0000,-1.0000,-1.0000,-1.0000,-1.0000,-1.0000,-1.0000,-1.0000,-1.0000,-1.0000,-1.0000,-1.0000,-1.0000,-1.0000,-1.0000,-1.0000,-1.0000,-1.0000,-1.0000,-1.0000,-1.0000,-1.0000,-1.0000,-1.0000,-1.0000,-1.0000,-1.0000,-1.0000,-1.0000,-1.0000,-1.0000,-1.0000,-1.0000,-1.0000,-1.0000,-1.0000,-1.0000,-1.0000,-1.0000,-1.0000,-1.0000,-1.0000,-1.0000,-1.0000,-1.0000,-1.0000,-1.0000,-1.0000,-1.0000,-1.0000,-1.0000,-1.0000,-1.0000,-1.0000,-1.0000,-1.0000,-1.0000,-1.0000,-1.0000,-1.0000,-1.0000,-1.0000,-1.0000,-1.0000,-1.0000,-1.0000,-1.0000,-1.0000,-1.0000,-1.0000,-1.0000,-1.0000,-1.0000,-1.0000,-1.0000,-1.0000,-1.0000,-1.0000,-1.0000,-1.0000,-1.0000,-1.0000,-1.0000,-1.0000,-1.0000,-1.0000,-1.0000,-1.0000,-1.0000,-1.0000,-1.0000,-1.0000,-1.0000,-1.0000,-1.0000,-1.0000,-1.0000,-1.0000,-1.0000,-1.0000,-1.0000,2.0866,2.0898,2.0384,2.0764,2.0548,2.1281,1.9546,1.9321,2.0071,1.8976,1.9994,1.8948,1.9748,1.9349,1.8781,1.9105,2.0061,2.1567,2.1677,2.1742,2.1665,2.1201,2.1081,2.1789,2.0904,2.1327,2.1437,2.1561,2.1068,2.0732,2.1315,2.1547,2.1800,2.1659,2.1604,2.1636,2.1560,2.1346,2.1462,2.1657,1.7498,1.7917,1.7651,1.7547,1.7924,1.7288,1.6859,1.7937,1.7318,1.6848,1.6904,1.7025,1.7724,1.6821,1.6636,1.7116,1.6811,1.6808,1.7298,1.6652,1.7536,1.7265,1.7005,0,1.0000,2.0308,4.6896,1.9317
3,0.0060,-0.4068,-1.7976,1.0076,2.0308,4.6896,1.8924,0.1110,0.1899,0.0000,1.0279,1.0000,-0.0000,0.0002,0.0004,-0.0039,-0.0005,-0.0001,0.0001,0.0009,0.0006,0.0036,0.0001,0.0002,-0.0000,0.0010,0.0007,-0.0015,-0.0001,-0.0001,0.0007,0.0001,0.0000,0.0000,0.0000,-0.0004,-0.0000,0.0001,0.0002,0.0000,0.0000,0.0000,-0.0157,0.0016,-0.0121,-0.0014,0.0624,0.1233,-0.7329,-0.0660,-0.0167,-0.0188,0.0803,0.1050,0.6530,0.0077,0.0121,-0.0130,0.0862,0.0824,-0.2118,-0.0155,-0.0106,0.0933,0.0216,0.0006,0.0069,0.0000,-0.0582,0.0002,0.0169,0.0354,0.0007,0.0044,0.0004,-1.0000,-1.0000,-1.0000,-1.0000,-1.0000,-1.0000,-1.0000,-1.0000,-1.0000,-1.0000,-1.0000,-1.0000,-1.0000,-1.0000,-1.0000,-1.0000,-1.0000,-1.0000,-1.0000,-1.0000,-1.0000,-1.0000,-1.0000,-1.0000,-1.0000,-1.0000,-1.0000,-1.0000,-1.0000,-1.0000,-1.0000,-1.0000,-1.0000,-1.0000,-1.0000,-1.0000,-1.0000,-1.0000,-1.0000,-1.0000,-1.0000,-1.0000,-1.0000,-1.0000,-1.0000,-1.0000,-1.0000,-1.0000,-1.0000,-1.0000,-1.0000,-1.0000,-1.0000,-1.0000,-1.0000,-1.0000,-1.0000,-1.0000,-1.0000,-1.0000,-1.0000,-1.0000,-1.0000,-1.0000,-1.0000,-1.0000,-1.0000,-1.0000,-1.0000,-1.0000,-1.0000,-1.0000,-1.0000,-1.0000,-1.0000,-1.0000,-1.0000,-1.0000,-1.0000,-1.0000,-1.0000,-1.0000,-1.0000,-1.0000,-1.0000,-1.0000,-1.0000,-1.0000,-1.0000,-1.0000,-1.0000,-1.0000,-1.0000,-1.0000,-1.0000,-1.0000,-1.0000,-1.0000,-1.0000,-1.0000,-1.0000,-1.0000,-1.0000,-1.0000,-1.0000,-1.0000,-1.0000,-1.0000,-1.0000,-1.0000,-1.0000,-1.0000,-1.0000,-1.0000,-1.0000,-1.0000,-1.0000,-1.0000,-1.0000,-1.0000,-1.0000,2.0866,2.0898,2.0384,2.0764,2.0548,2.1281,1.9546,1.9321,2.0071,1.8976,1.9994,1.8948,1.9748,1.9349,1.8781,1.9105,2.0061,2.1567,2.1677,2.1742,2.1665,2.1201,2.1081,2.1789,2.0904,2.1327,2.1437,2.1561,2.1068,2.0732,2.1315,2.1547,2.1800,2.1659,2.1604,2.1636,2.1560,2.1346,2.1462,2.1657,1.7498,1.7917,1.7651,1.7547,1.7924,1.7288,1.6859,1.7937,1.7318,1.6848,1.6904,1.7025,1.7724,1.6821,1.6636,1.7116,1.6811,1.6808,1.7298,1.6652,1.7536,1.7265,1.7005,0,1.0000,2.0308,4.6896,1.9317
3,0.0060,-0.4068,-1.7976,1.0076,2.0308,4.6896,1.8924,0.1110,0.1899,0.0000,1.0279,1.0000,-0.0000,0.0002,0.0004,-0.0039,-0.0005,-0.0001,0.0001,0.0009,0.0006,0.0036,0.0001,0.0002,-0.0000,0.0010,0.0007,-0.0015,-0.0001,-0.0001,0.0007,0.0001,0.0000,0.0000,0.0000,-0.0004,-0.0000,0.0001,0.0002,0.0000,0.0000,0.0000,-0.0157,0.0016,-0.0121,-0.0014,0.0624,0.1233,-0.7329,-0.0660,-0.0167,-0.0188,0.0803,0.1050,0.6530,0.0077,0.0121,-0.0130,0.0862,0.0824,-0.2118,-0.0155,-0.0106,0.0933,0.0216,0.0006,0.0069,0.0000,-0.0582,0.0002,0.0169,0.0354,0.0007,0.0044,0.0004,-1.0000,-1.0000,-1.0000,-1.0000,-1.0000,-1.0000,-1.0000,-1.0000,-1.0000,-1.0000,-1.0000,-1.0000,-1.0000,-1.0000,-1.0000,-1.0000,-1.0000,-1.0000,-1.0000,-1.0000,-1.0000,-1.0000,-1.0000,-1.0000,-1.0000,-1.0000,-1.0000,-1.0000,-1.0000,-1.0000,-1.0000,-1.0000,-1.0000,-1.0000,-1.0000,-1.0000,-1.0000,-1.0000,-1.0000,-1.0000,-1.0000,-1.0000,-1.0000,-1.0000,-1.0000,-1.0000,-1.0000,-1.0000,-1.0000,-1.0000,-1.0000,-1.0000,-1.0000,-1.0000,-1.0000,-1.0000,-1.0000,-1.0000,-1.0000,-1.0000,-1.0000,-1.0000,-1.0000,-1.0000,-1.0000,-1.0000,-1.0000,-1.0000,-1.0000,-1.0000,-1.0000,-1.0000,-1.0000,-1.0000,-1.0000,-1.0000,-1.0000,-1.0000,-1.0000,-1.0000,-1.0000,-1.0000,-1.0000,-1.0000,-1.0000,-1.0000,-1.0000,-1.0000,-1.0000,-1.0000,-1.0000,-1.0000,-1.0000,-1.0000,-1.0000,-1.0000,-1.0000,-1.0000,-1.0000,-1.0000,-1.0000,-1.0000,-1.0000,-1.0000,-1.0000,-1.0000,-1.0000,-1.0000,-1.0000,-1.0000,-1.0000,-1.0000,-1.0000,-1.0000,-1.0000,-1.0000,-1.0000,-1.0000,-1.0000,-1.0000,-1.0000,2.0866,2.0898,2.0384,2.0764,2.0548,2.1281,1.9546,1.9321,2.0071,1.8976,1.9994,1.8948,1.9748,1.9349,1.8781,1.9105,2.0061,2.1567,2.1677,2.1742,2.1665,2.1201,2.1081,2.1789,2.0904,2.1327,2.1437,2.1561,2.1068,2.0732,2.1315,2.1547,2.1800,2.1659,2.1604,2.1636,2.1560,2.1346,2.1462,2.1657,1.7498,1.7917,1.7651,1.7547,1.7924,1.7288,1.6859,1.7937,1.7318,1.6848,1.6904,1.7025,1.7724,1.6821,1.6636,1.7116,1.6811,1.6808,1.7298,1.6652,1.7536,1.7265,1.7005,0,1.0000,2.0308,4.6896,1.9317
3,0.0060,-0.4068,-1.7976,1.0076,2.0308,4.6896,1.8924,0.1110,0.1899,0.0000,1.0279,1.0000,-0.0000,0.0002,0.0004,-0.0039,-0.0005,-0.0001,0.0001,0.0009,0.0006,0.0036,0.0001,0.0002,-0.0000,0.0010,0.0007,-0.0015,-0.0001,-0.0001,0.0007,0.0001,0.0000,0.0000,0.0000,-0.0004,-0.0000,0.0001,0.0002,0.0000,0.0000,0.0000,-0.0157,0.0016,-0.0121,-0.0014,0.0624,0.1233,-0.7329,-0.0660,-0.0167,-0.0188,0.0803,0.1050,0.6530,0.0077,0.0121,-0.0130,0.0862,0.0824,-0.2118,-0.0155,-0.0106,0.0933,0.0216,0.0006,0.0069,0.0000,-0.0582,0.0002,0.0169,0.0354,0.0007,0.0044,0.0004,-1.0000,-1.0000,-1.0000,-1.0000,-1.0000,-1.0000,-1.0000,-1.0000,-1.0000,-1.0000,-1.0000,-1.0000,-1.0000,-1.0000,-1.0000,-1.0000,-1.0000,-1.0000,-1.0000,-1.0000,-1.0000,-1.0000,-1.0000,-1.0000,-1.0000,-1.0000,-1.0000,-1.0000,-1.0000,-1.0000,-1.0000,-1.0000,-1.0000,-1.0000,-1.0000,-1.0000,-1.0000,-1.0000,-1.0000,-1.0000,-1.0000,-1.0000,-1.0000,-1.0000,-1.0000,-1.0000,-1.0000,-1.0000,-1.0000,-1.0000,-1.0000,-1.0000,-1.0000,-1.0000,-1.0000,-1.0000,-1.0000,-1.0000,-1.0000,-1.0000,-1.0000,-1.0000,-1.0000,-1.0000,-1.0000,-1.0000,-1.0000,-1.0000,-1.0000,-1.0000,-1.0000,-1.0000,-1.0000,-1.0000,-1.0000,-1.0000,-1.0000,-1.0000,-1.0000,-1.0000,-1.0000,-1.0000,-1.0000,-1.0000,-1.0000,-1.0000,-1.0000,-1.0000,-1.0000,-1.0000,-1.0000,-1.0000,-1.0000,-1.0000,-1.0000,-1.0000,-1.0000,-1.0000,-1.0000,-1.0000,-1.0000,-1.0000,-1.0000,-1.0000,-1.0000,-1.0000,-1.0000,-1.0000,-1.0000,-1.0000,-1.0000,-1.0000,-1.0000,-1.0000,-1.0000,-1.0000,-1.0000,-1.0000,-1.0000,-1.0000,-1.0000,2.0866,2.0898,2.0384,2.0764,2.0548,2.1281,1.9546,1.9321,2.0071,1.8976,1.9994,1.8948,1.9748,1.9349,1.8781,1.9105,2.0061,2.1567,2.1677,2.1742,2.1665,2.1201,2.1081,2.1789,2.0904,2.1327,2.1437,2.1561,2.1068,2.0732,2.1315,2.1547,2.1800,2.1659,2.1604,2.1636,2.1560,2.1346,2.1462,2.1657,1.7498,1.7917,1.7651,1.7547,1.7924,1.7288,1.6859,1.7937,1.7318,1.6848,1.6904,1.7025,1.7724,1.6821,1.6636,1.7116,1.6811,1.6808,1.7298,1.6652,1.7536,1.7265,1.7005,0,1.0000,2.0308,4.6896,1.9317
3,0.0060,-0.4068,-1.7976,1.0076,2.0308,4.6896,1.8924,0.1110,0.1899,0.0000,1.0279,1.0000,-0.0000,0.0002,0.0004,-0.0039,-0.0005,-0.0001,0.0001,0.0009,0.0006,0.0036,0.0001,0.0002,-0.0000,0.0010,0.0007,-0.0015,-0.0001,-0.0001,0.0007,0.0001,0.0000,0.0000,0.0000,-0.0004,-0.0000,0.0001,0.0002,0.0000,0.0000,0.0000,-0.0157,0.0016,-0.0121,-0.0014,0.0624,0.1233,-0.7329,-0.0660,-0.0167,-0.0188,0.0803,0.1050,0.6530,0.0077,0.0121,-0.0130,0.0862,0.0824,-0.2118,-0.0155,-0.0106,0.0933,0.0216,0.0006,0.0069,0.0000,-0.0582,0.0002,0.0169,0.0354,0.0007,0.0044,0.0004,-1.0000,-1.0000,-1.0000,-1.0000,-1.0000,-1.0000,-1.0000,-1.0000,-1.0000,-1.0000,-1.0000,-1.0000,-1.0000,-1.0000,-1.0000,-1.0000,-1.0000,-1.0000,-1.0000,-1.0000,-1.0000,-1.0000,-1.0000,-1.0000,-1.0000,-1.0000,-1.0000,-1.0000,-1.0000,-1.0000,-1.0000,-1.0000,-1.0000,-1.0000,-1.0000,-1.0000,-1.0000,-1.0000,-1.0000,-1.0000,-1.0000,-1.0000,-1.0000,-1.0000,-1.0000,-1.0000,-1.0000,-1.0000,-1.0000,-1.0000,-1.0000,-1.0000,-1.0000,-1.0000,-1.0000,-1.0000,-1.0000,-1.0000,-1.0000,-1.0000,-1.0000,-1.0000,-1.0000,-1.0000,-1.0000,-1.0000,-1.0000,-1.0000,-1.0000,-1.0000,-1.0000,-1.0000,-1.0000,-1.0000,-1.0000,-1.0000,-1.0000,-1.0000,-1.0000,-1.0000,-1.0000,-1.0000,-1.0000,-1.0000,-1.0000,-1.0000,-1.0000,-1.0000,-1.0000,-1.0000,-1.0000,-1.0000,-1.0000,-1.0000,-1.0000,-1.0000,-1.0000,-1.0000,-1.0000,-1.0000,-1.0000,-1.0000,-1.0000,-1.0000,-1.0000,-1.0000,-1.0000,-1.0000,-1.0000,-1.0000,-1.0000,-1.0000,-1.0000,-1.0000,-1.0000,-1.0000,-1.0000,-1.0000,-1.0000,-1.0000,-1.0000,2.0866,2.0898,2.0384,2.0764,2.0548,2.1281,1.9546,1.9321,2.0071,1.8976,1.9994,1.8948,1.9748,1.9349,1.8781,1.9105,2.0061,2.1567,2.1677,2.1742,2.1665,2.1201,2.1081,2.1789,2.0904,2.1327,2.1437,2.1561,2.1068,2.0732,2.1315,2.1547,2.1800,2.1659,2.1604,2.1636,2.1560,2.1346,2.1462,2.1657,1.7498,1.7917,1.7651,1.7547,1.7924,1.7288,1.6859,1.7937,1.7318,1.6848,1.6904,1.7025,1.7724,1.6821,1.6636,1.7116,1.6811,1.6808,1.7298,1.6652,1.7536,1.7265,1.7005,0,1.0000,2.0308,4.6896,1.9317
3,0.0060,-0.4068,-1.7976,1.0076,2.0308,4.6896,1.8924,0.1110,0.1899,0.0000,1.0279,1.0000,-0.0000,0.0002,0.0004,-0.0039,-0.0005,-0.0001,0.0001,0.0009,0.0006,0.0036,0.0001,0.0002,-0.0000,0.0010,0.0007,-0.0015,-0.0001,-0.0001,0.0007,0.0001,0.0000,0.0000,0.0000,-0.0004,-0.0000,0.0001,0.0002,0.0000,0.0000,0.0000,-0.0157,0.0016,-0.0121,-0.0014,0.0624,0.1233,-0.7329,-0.0660,-0.0167,-0.0188,0.0803,0.1050,0.6530,0.0077,0.0121,-0.0130,0.0862,0.0824,-0.2118,-0.0155,-0.0106,0.0933,0.0216,0.0006,0.0069,0.0000,-0.0582,0.0002,0.0169,0.0354,0.0007,0.0044,0.0004,-1.0000,-1.0000,-1.0000,-1.0000,-1.0000,-1.0000,-1.0000,-1.0000,-1.0000,-1.0000,-1.0000,-1.0000,-1.0000,-1.0000,-1.0000,-1.0000,-1.0000,-1.0000,-1.0000,-1.0000,-1.0000,-1.0000,-1.0000,-1.0000,-1.0000,-1.0000,-1.0000,-1.0000,-1.0000,-1.0000,-1.0000,-1.0000,-1.0000,-1.0000,-1.0000,-1.0000,-1.0000,-1.0000,-1.0000,-1.0000,-1.0000,-1.0000,-1.0000,-1.0000,-1.0000,-1.0000,-1.0000,-1.0000,-1.0000,-1.0000,-1.0000,-1.0000,-1.0000,-1.0000,-1.0000,-1.0000,-1.0000,-1.0000,-1.0000,-1.0000,-1.0000,-1.0000,-1.0000,-1.0000,-1.0000,-1.0000,-1.0000,-1.0000,-1.0000,-1.0000,-1.0000,-1.0000,-1.0000,-1.0000,-1.0000,-1.0000,-1.0000,-1.0000,-1.0000,-1.0000,-1.0000,-1.0000,-1.0000,-1.0000,-1.0000,-1.0000,-1.0000,-1.0000,-1.0000,-1.0000,-1.0000,-1.0000,-1.0000,-1.0000,-1.0000,-1.0000,-1.0000,-1.0000,-1.0000,-1.0000,-1.0000,-1.0000,-1.0000,-1.0000,-1.0000,-1.0000,-1.0000,-1.0000,-1.0000,-1.0000,-1.0000,-1.0000,-1.0000,-1.0000,-1.0000,-1.0000,-1.0000,-1.0000,-1.0000,-1.0000,-1.0000,2.0866,2.0898,2.0384,2.0764,2.0548,2.1281,1.9546,1.9321,2.0071,1.8976,1.9994,1.8948,1.9748,1.9349,1.8781,1.9105,2.0061,2.1567,2.1677,2.1742,2.1665,2.1201,2.1081,2.1789,2.0904,2.1327,2.1437,2.1561,2.1068,2.0732,2.1315,2.1547,2.1800,2.1659,2.1604,2.1636,2.1560,2.1346,2.1462,2.1657,1.7498,1.7917,1.7651,1.7547,1.7924,1.7288,1.6859,1.7937,1.7318,1.6848,1.6904,1.7025,1.7724,1.6821,1.6636,1.7116,1.6811,1.6808,1.7298,1.6652,1.7536,1.7265,1.7005,0,1.0000,2.0308,4.6896,1.9317
3,0.0060,-0.4068,-1.7976,1.0076,2.0308,4.6896,1.8924,0.1110,0.1899,0.0000,1.0279,1.0000,-0.0000,0.0002,0.0004,-0.0039,-0.0005,-0.0001,0.0001,0.0009,0.0006,0.0036,0.0001,0.0002,-0.0000,0.0010,0.0007,-0.0015,-0.0001,-0.0001,0.0007,0.0001,0.0000,0.0000,0.0000,-0.0004,-0.0000,0.0001,0.0002,0.0000,0.0000,0.0000,-0.0157,0.0016,-0.0121,-0.0014,0.0624,0.1233,-0.7329,-0.0660,-0.0167,-0.0188,0.0803,0.1050,0.6530,0.0077,0.0121,-0.0130,0.0862,0.0824,-0.2118,-0.0155,-0.0106,0.0933,0.0216,0.0006,0.0069,0.0000,-0.0582,0.0002,0.0169,0.0354,0.0007,0.0044,0.0004,-1.0000,-1.0000,-1.0000,-1.0000,-1.0000,-1.0000,-1.0000,-1.0000,-1.0000,-1.0000,-1.0000,-1.0000,-1.0000,-1.0000,-1.0000,-1.0000,-1.0000,-1.0000,-1.0000,-1.0000,-1.0000,-1.0000,-1.0000,-1.0000,-1.0000,-1.0000,-1.0000,-1.0000,-1.0000,-1.0000,-1.0000,-1.0000,-1.0000,-1.0000,-1.0000,-1.0000,-1.0000,-1.0000,-1.0000,-1.0000,-1.0000,-1.0000,-1.0000,-1.0000,-1.0000,-1.0000,-1.0000,-1.0000,-1.0000,-1.0000,-1.0000,-1.0000,-1.0000,-1.0000,-1.0000,-1.0000,-1.0000,-1.0000,-1.0000,-1.0000,-1.0000,-1.0000,-1.0000,-1.0000,-1.0000,-1.0000,-1.0000,-1.0000,-1.0000,-1.0000,-1.0000,-1.0000,-1.0000,-1.0000,-1.0000,-1.0000,-1.0000,-1.0000,-1.0000,-1.0000,-1.0000,-1.0000,-1.0000,-1.0000,-1.0000,-1.0000,-1.0000,-1.0000,-1.0000,-1.0000,-1.0000,-1.0000,-1.0000,-1.0000,-1.0000,-1.0000,-1.0000,-1.0000,-1.0000,-1.0000,-1.0000,-1.0000,-1.0000,-1.0000,-1.0000,-1.0000,-1.0000,-1.0000,-1.0000,-1.0000,-1.0000,-1.0000,-1.0000,-1.0000,-1.0000,-1.0000,-1.0000,-1.0000,-1.0000,-1.0000,-1.0000,2.0866,2.0898,2.0384,2.0764,2.0548,2.1281,1.9546,1.9321,2.0071,1.8976,1.9994,1.8948,1.9748,1.9349,1.8781,1.9105,2.0061,2.1567,2.1677,2.1742,2.1665,2.1201,2.1081,2.1789,2.0904,2.1327,2.1437,2.1561,2.1068,2.0732,2.1315,2.1547,2.1800,2.1659,2.1604,2.1636,2.1560,2.1346,2.1462,2.1657,1.7498,1.7917,1.7651,1.7547,1.7924,1.7288,1.6859,1.7937,1.7318,1.6848,1.6904,1.7025,1.7724,1.6821,1.6636,1.7116,1.6811,1.6808,1.7298,1.6652,1.7536,1.7265,1.7005,0,1.0000,2.0308,4.6896,1.9317
3,0.0060,-0.4068,-1.7976,1.0076,2.0308,4.6896,1.8924,0.1110,0.1899,0.0000,1.0279,1.0000,-0.0000,0.0002,0.0004,-0.0039,-0.0005,-0.0001,0.0001,0.0009,0.0006,0.0036,0.0001,0.0002,-0.0000,0.0010,0.0007,-0.0015,-0.0001,-0.0001,0.0007,0.0001,0.0000,0.0000,0.0000,-0.0004,-0.0000,0.0001,0.0002,0.0000,0.0000,0.0000,-0.0157,0.0016,-0.0121,-0.0014,0.0624,0.1233,-0.7329,-0.0660,-0.0167,-0.0188,0.0803,0.1050,0.6530,0.0077,0.0121,-0.0130,0.0862,0.0824,-0.2118,-0.0155,-0.0106,0.0933,0.0216,0.0006,0.0069,0.0000,-0.0582,0.0002,0.0169,0.0354,0.0007,0.0044,0.0004,-1.0000,-1.0000,-1.0000,-1.0000,-1.0000,-1.0000,-1.0000,-1.0000,-1.0000,-1.0000,-1.0000,-1.0000,-1.0000,-1.0000,-1.0000,-1.0000,-1.0000,-1.0000,-1.0000,-1.0000,-1.0000,-1.0000,-1.0000,-1.0000,-1.0000,-1.0000,-1.0000,-1.0000,-1.0000,-1.0000,-1.0000,-1.0000,-1.0000,-1.0000,-1.0000,-1.0000,-1.0000,-1.0000,-1.0000,-1.0000,-1.0000,-1.0000,-1.0000,-1.0000,-1.0000,-1.0000,-1.0000,-1.0000,-1.0000,-1.0000,-1.0000,-1.0000,-1.0000,-1.0000,-1.0000,-1.0000,-1.0000,-1.0000,-1.0000,-1.0000,-1.0000,-1.0000,-1.0000,-1.0000,-1.0000,-1.0000,-1.0000,-1.0000,-1.0000,-1.0000,-1.0000,-1.0000,-1.0000,-1.0000,-1.0000,-1.0000,-1.0000,-1.0000,-1.0000,-1.0000,-1.0000,-1.0000,-1.0000,-1.0000,-1.0000,-1.0000,-1.0000,-1.0000,-1.0000,-1.0000,-1.0000,-1.0000,-1.0000,-1.0000,-1.0000,-1.0000,-1.0000,-1.0000,-1.0000,-1.0000,-1.0000,-1.0000,-1.0000,-1.0000,-1.0000,-1.0000,-1.0000,-1.0000,-1.0000,-1.0000,-1.0000,-1.0000,-1.0000,-1.0000,-1.0000,-1.0000,-1.0000,-1.0000,-1.0000,-1.0000,-1.0000,2.0866,2.0898,2.0384,2.0764,2.0548,2.1281,1.9546,1.9321,2.0071,1.8976,1.9994,1.8948,1.9748,1.9349,1.8781,1.9105,2.0061,2.1567,2.1677,2.1742,2.1665,2.1201,2.1081,2.1789,2.0904,2.1327,2.1437,2.1561,2.1068,2.0732,2.1315,2.1547,2.1800,2.1659,2.1604,2.1636,2.1560,2.1346,2.1462,2.1657,1.7498,1.7917,1.7651,1.7547,1.7924,1.7288,1.6859,1.7937,1.7318,1.6848,1.6904,1.7025,1.7724,1.6821,1.6636,1.7116,1.6811,1.6808,1.7298,1.6652,1.7536,1.7265,1.7005,0,1.0000,2.0308,4.6896,1.9317
3,0.0060,-0.4068,-1.7976,1.0076,2.0308,4.6896,1.8924,0.1110,0.1899,0.0000,1.0279,1.0000,-0.0000,0.0002,0.0004,-0.0039,-0.0005,-0.0001,0.0001,0.0009,0.0006,0.0036,0.0001,0.0002,-0.0000,0.0010,0.0007,-0.0015,-0.0001,-0.0001,0.0007,0.0001,0.0000,0.0000,0.0000,-0.0004,-0.0000,0.0001,0.0002,0.0000,0.0000,0.0000,-0.0157,0.0016,-0.0121,-0.0014,0.0624,0.1233,-0.7329,-0.0660,-0.0167,-0.0188,0.0803,0.1050,0.6530,0.0077,0.0121,-0.0130,0.0862,0.0824,-0.2118,-0.0155,-0.0106,0.0933,0.0216,0.0006,0.0069,0.0000,-0.0582,0.0002,0.0169,0.0354,0.0007,0.0044,0.0004,-1.0000,-1.0000,-1.0000,-1.0000,-1.0000,-1.0000,-1.0000,-1.0000,-1.0000,-1.0000,-1.0000,-1.0000,-1.0000,-1.0000,-1.0000,-1.0000,-1.0000,-1.0000,-1.0000,-1.0000,-1.0000,-1.0000,-1.0000,-1.0000,-1.0000,-1.0000,-1.0000,-1.0000,-1.0000,-1.0000,-1.0000,-1.0000,-1.0000,-1.0000,-1.0000,-1.0000,-1.0000,-1.0000,-1.0000,-1.0000,-1.0000,-1.0000,-1.0000,-1.0000,-1.0000,-1.0000,-1.0000,-1.0000,-1.0000,-1.0000,-1.0000,-1.0000,-1.0000,-1.0000,-1.0000,-1.0000,-1.0000,-1.0000,-1.0000,-1.0000,-1.0000,-1.0000,-1.0000,-1.0000,-1.0000,-1.0000,-1.0000,-1.0000,-1.0000,-1.0000,-1.0000,-1.0000,-1.0000,-1.0000,-1.0000,-1.0000,-1.0000,-1.0000,-1.0000,-1.0000,-1.0000,-1.0000,-1.0000,-1.0000,-1.0000,-1.0000,-1.0000,-1.0000,-1.0000,-1.0000,-1.0000,-1.0000,-1.0000,-1.0000,-1.0000,-1.0000,-1.0000,-1.0000,-1.0000,-1.0000,-1.0000,-1.0000,-1.0000,-1.0000,-1.0000,-1.0000,-1.0000,-1.0000,-1.0000,-1.0000,-1.0000,-1.0000,-1.0000,-1.0000,-1.0000,-1.0000,-1.0000,-1.0000,-1.0000,-1.0000,-1.0000,2.0866,2.0898,2.0384,2.0764,2.0548,2.1281,1.9546,1.9321,2.0071,1.8976,1.9994,1.8948,1.9748,1.9349,1.8781,1.9105,2.0061,2.1567,2.1677,2.1742,2.1665,2.1201,2.1081,2.1789,2.0904,2.1327,2.1437,2.1561,2.1068,2.0732,2.1315,2.1547,2.1800,2.1659,2.1604,2.1636,2.1560,2.1346,2.1462,2.1657,1.7498,1.7917,1.7651,1.7547,1.7924,1.7288,1.6859,1.7937,1.7318,1.6848,1.6904,1.7025,1.7724,1.6821,1.6636,1.7116,1.6811,1.6808,1.7298,1.6652,1.7536,1.7265,1.7005,0,1.0000,2.0308,4.6896,1.9317
3,0.0060,-0.4068,-1.7976,1.0076,2.0308,4.6896,1.8924,0.1110,0.1899,0.0000,1.0279,1.0000,-0.0000,0.0002,0.0004,-0.0039,-0.0005,-0.0001,0.0001,0.0009,0.0006,0.0036,0.0001,0.0002,-0.0000,0.0010,0.0007,-0.0015,-0.0001,-0.0001,0.0007,0.0001,0.0000,0.0000,0.0000,-0.0004,-0.0000,0.0001,0.0002,0.0000,0.0000,0.0000,-0.0157,0.0016,-0.0121,-0.0014,0.0624,0.1233,-0.7329,-0.0660,-0.0167,-0.0188,0.0803,0.1050,0.6530,0.0077,0.0121,-0.0130,0.0862,0.0824,-0.2118,-0.0155,-0.0106,0.0933,0.0216,0.0006,0.0069,0.0000,-0.0582,0.0002,0.0169,0.0354,0.0007,0.0044,0.0004,-1.0000,-1.0000,-1.0000,-1.0000,-1.0000,-1.0000,-1.0000,-1.0000,-1.0000,-1.0000,-1.0000,-1.0000,-1.0000,-1.0000,-1.0000,-1.0000,-1.0000,-1.0000,-1.0000,-1.0000,-1.0000,-1.0000,-1.0000,-1.0000,-1.0000,-1.0000,-1.0000,-1.0000,-1.0000,-1.0000,-1.0000,-1.0000,-1.0000,-1.0000,-1.0000,-1.0000,-1.0000,-1.0000,-1.0000,-1.0000,-1.0000,-1.0000,-1.0000,-1.0000,-1.0000,-1.0000,-1.0000,-1.0000,-1.0000,-1.0000,-1.0000,-1.0000,-1.0000,-1.0000,-1.0000,-1.0000,-1.0000,-1.0000,-1.0000,-1.0000,-1.0000,-1.0000,-1.0000,-1.0000,-1.0000,-1.0000,-1.0000,-1.0000,-1.0000,-1.0000,-1.0000,-1.0000,-1.0000,-1.0000,-1.0000,-1.0000,-1.0000,-1.0000,-1.0000,-1.0000,-1.0000,-1.0000,-1.0000,-1.0000,-1.0000,-1.0000,-1.0000,-1.0000,-1.0000,-1.0000,-1.0000,-1.0000,-1.0000,-1.0000,-1.0000,-1.0000,-1.0000,-1.0000,-1.0000,-1.0000,-1.0000,-1.0000,-1.0000,-1.0000,-1.0000,-1.0000,-1.0000,-1.0000,-1.0000,-1.0000,-1.0000,-1.0000,-1.0000,-1.0000,-1.0000,-1.0000,-1.0000,-1.0000,-1.0000,-1.0000,-1.0000,2.0866,2.0898,2.0384,2.0764,2.0548,2.1281,1.9546,1.9321,2.0071,1.8976,1.9994,1.8948,1.9748,1.9349,1.8781,1.9105,2.0061,2.1567,2.1677,2.1742,2.1665,2.1201,2.1081,2.1789,2.0904,2.1327,2.1437,2.1561,2.1068,2.0732,2.1315,2.1547,2.1800,2.1659,2.1604,2.1636,2.1560,2.1346,2.1462,2.1657,1.7498,1.7917,1.7651,1.7547,1.7924,1.7288,1.6859,1.7937,1.7318,1.6848,1.6904,1.7025,1.7724,1.6821,1.6636,1.7116,1.6811,1.6808,1.7298,1.6652,1.7536,1.7265,1.7005,0,1.0000,2.0308,4.6896,1.9317
3,0.0060,-0.4068,-1.7976,1.0076,2.0308,4.6896,1.8924,0.1110,0.1899,0.0000,1.0279,1.0000,-0.0000,0.0002,0.0004,-0.0039,-0.0005,-0.0001,0.0001,0.0009,0.0006,0.0036,0.0001,0.0002,-0.0000,0.0010,0.0007,-0.0015,-0.0001,-0.0001,0.0007,0.0001,0.0000,0.0000,0.0000,-0.0004,-0.0000,0.0001,0.0002,0.0000,0.0000,0.0000,-0.0157,0.0016,-0.0121,-0.0014,0.0624,0.1233,-0.7329,-0.0660,-0.0167,-0.0188,0.0803,0.1050,0.6530,0.0077,0.0121,-0.0130,0.0862,0.0824,-0.2118,-0.0155,-0.0106,0.0933,0.0216,0.0006,0.0069,0.0000,-0.0582,0.0002,0.0169,0.0354,0.0007,0.0044,0.0004,-1.0000,-1.0000,-1.0000,-1.0000,-1.0000,-1.0000,-1.0000,-1.0000,-1.0000,-1.0000,-1.0000,-1.0000,-1.0000,-1.0000,-1.0000,-1.0000,-1.0000,-1.0000,-1.0000,-1.0000,-1.0000,-1.0000,-1.0000,-1.0000,-1.0000,-1.0000,-1.0000,-1.0000,-1.0000,-1.0000,-1.0000,-1.0000,-1.0000,-1.0000,-1.0000,-1.0000,-1.0000,-1.0000,-1.0000,-1.0000,-1.0000,-1.0000,-1.0000,-1.0000,-1.0000,-1.0000,-1.0000,-1.0000,-1.0000,-1.0000,-1.0000,-1.0000,-1.0000,-1.0000,-1.0000,-1.0000,-1.0000,-1.0000,-1.0000,-1.0000,-1.0000,-1.0000,-1.0000,-1.0000,-1.0000,-1.0000,-1.0000,-1.0000,-1.0000,-1.0000,-1.0000,-1.0000,-1.0000,-1.0000,-1.0000,-1.0000,-1.0000,-1.0000,-1.0000,-1.0000,-1.0000,-1.0000,-1.0000,-1.0000,-1.0000,-1.0000,-1.0000,-1.0000,-1.0000,-1.0000,-1.0000,-1.0000,-1.0000,-1.0000,-1.0000,-1.0000,-1.0000,-1.0000,-1.0000,-1.0000,-1.0000,-1.0000,-1.0000,-1.0000,-1.0000,-1.0000,-1.0000,-1.0000,-1.0000,-1.0000,-1.0000,-1.0000,-1.0000,-1.0000,-1.0000,-1.0000,-1.0000,-1.0000,-1.0000,-1.0000,-1.0000,2.0866,2.0898,2.0384,2.0764,2.0548,2.1281,1.9546,1.9321,2.0071,1.8976,1.9994,1.8948,1.9748,1.9349,1.8781,1.9105,2.0061,2.1567,2.1677,2.1742,2.1665,2.1201,2.1081,2.1789,2.0904,2.1327,2.1437,2.1561,2.1068,2.0732,2.1315,2.1547,2.1800,2.1659,2.1604,2.1636,2.1560,2.1346,2.1462,2.1657,1.7498,1.7917,1.7651,1.7547,1.7924,1.7288,1.6859,1.7937,1.7318,1.6848,1.6904,1.7025,1.7724,1.6821,1.6636,1.7116,1.6811,1.6808,1.7298,1.6652,1.7536,1.7265,1.7005,0,1.0000,2.0308,4.6896,1.9317
3,0.0060,-0.4068,-1.7976,1.0076,2.0308,4.6896,1.8924,0.1110,0.1899,0.0000,1.0279,1.0000,-0.0000,0.0002,0.0004,-0.0039,-0.0005,-0.0001,0.0001,0.0009,0.0006,0.0036,0.0001,0.0002,-0.0000,0.0010,0.0007,-0.0015,-0.0001,-0.0001,0.0007,0.0001,0.0000,0.0000,0.0000,-0.0004,-0.0000,0.0001,0.0002,0.0000,0.0000,0.0000,-0.0157,0.0016,-0.0121,-0.0014,0.0624,0.1233,-0.7329,-0.0660,-0.0167,-0.0188,0.0803,0.1050,0.6530,0.0077,0.0121,-0.0130,0.0862,0.0824,-0.2118,-0.0155,-0.0106,0.0933,0.0216,0.0006,0.0069,0.0000,-0.0582,0.0002,0.0169,0.0354,0.0007,0.0044,0.0004,-1.0000,-1.0000,-1.0000,-1.0000,-1.0000,-1.0000,-1.0000,-1.0000,-1.0000,-1.0000,-1.0000,-1.0000,-1.0000,-1.0000,-1.0000,-1.0000,-1.0000,-1.0000,-1.0000,-1.0000,-1.0000,-1.0000,-1.0000,-1.0000,-1.0000,-1.0000,-1.0000,-1.0000,-1.0000,-1.0000,-1.0000,-1.0000,-1.0000,-1.0000,-1.0000,-1.0000,-1.0000,-1.0000,-1.0000,-1.0000,-1.0000,-1.0000,-1.0000,-1.0000,-1.0000,-1.0000,-1.0000,-1.0000,-1.0000,-1.0000,-1.0000,-1.0000,-1.0000,-1.0000,-1.0000,-1.0000,-1.0000,-1.0000,-1.0000,-1.0000,-1.0000,-1.0000,-1.0000,-1.0000,-1.0000,-1.0000,-1.0000,-1.0000,-1.0000,-1.0000,-1.0000,-1.0000,-1.0000,-1.0000,-1.0000,-1.0000,-1.0000,-1.0000,-1.0000,-1.0000,-1.0000,-1.0000,-1.0000,-1.0000,-1.0000,-1.0000,-1.0000,-1.0000,-1.0000,-1.0000,-1.0000,-1.0000,-1.0000,-1.0000,-1.0000,-1.0000,-1.0000,-1.0000,-1.0000,-1.0000,-1.0000,-1.0000,-1.0000,-1.0000,-1.0000,-1.0000,-1.0000,-1.0000,-1.0000,-1.0000,-1.0000,-1.0000,-1.0000,-1.0000,-1.0000,-1.0000,-1.0000,-1.0000,-1.0000,-1.0000,-1.0000,2.0866,2.0898,2.0384,2.0764,2.0548,2.1281,1.9546,1.9321,2.0071,1.8976,1.9994,1.8948,1.9748,1.9349,1.8781,1.9105,2.0061,2.1567,2.1677,2.1742,2.1665,2.1201,2.1081,2.1789,2.0904,2.1327,2.1437,2.1561,2.1068,2.0732,2.1315,2.1547,2.1800,2.1659,2.1604,2.1636,2.1560,2.1346,2.1462,2.1657,1.7498,1.7917,1.7651,1.7547,1.7924,1.7288,1.6859,1.7937,1.7318,1.6848,1.6904,1.7025,1.7724,1.6821,1.6636,1.7116,1.6811,1.6808,1.7298,1.6652,1.7536,1.7265,1.7005,0,1.0000,2.0308,4.6896,1.9317
3,0.0060,-0.4068,-1.7976,1.0076,2.0308,4.6896,1.8924,0.1110,0.1899,0.0000,1.0279,1.0000,-0.0000,0.0002,0.0004,-0.0039,-0.0005,-0.0001,0.0001,0.0009,0.0006,0.0036,0.0001,0.0002,-0.0000,0.0010,0.0007,-0.0015,-0.0001,-0.0001,0.0007,0.0001,0.0000,0.0000,0.0000,-0.0004,-0.0000,0.0001,0.0002,0.0000,0.0000,0.0000,-0.0157,0.0016,-0.0121,-0.0014,0.0624,0.1233,-0.7329,-0.0660,-0.0167,-0.0188,0.0803,0.1050,0.6530,0.0077,0.0121,-0.0130,0.0862,0.0824,-0.2118,-0.0155,-0.0106,0.0933,0.0216,0.0006,0.0069,0.0000,-0.0582,0.0002,0.0169,0.0354,0.0007,0.0044,0.0004,-1.0000,-1.0000,-1.0000,-1.0000,-1.0000,-1.0000,-1.0000,-1.0000,-1.0000,-1.0000,-1.0000,-1.0000,-1.0000,-1.0000,-1.0000,-1.0000,-1.0000,-1.0000,-1.0000,-1.0000,-1.0000,-1.0000,-1.0000,-1.0000,-1.0000,-1.0000,-1.0000,-1.0000,-1.0000,-1.0000,-1.0000,-1.0000,-1.0000,-1.0000,-1.0000,-1.0000,-1.0000,-1.0000,-1.0000,-1.0000,-1.0000,-1.0000,-1.0000,-1.0000,-1.0000,-1.0000,-1.0000,-1.0000,-1.0000,-1.0000,-1.0000,-1.0000,-1.0000,-1.0000,-1.0000,-1.0000,-1.0000,-1.0000,-1.0000,-1.0000,-1.0000,-1.0000,-1.0000,-1.0000,-1.0000,-1.0000,-1.0000,-1.0000,-1.0000,-1.0000,-1.0000,-1.0000,-1.0000,-1.0000,-1.0000,-1.0000,-1.0000,-1.0000,-1.0000,-1.0000,-1.0000,-1.0000,-1.0000,-1.0000,-1.0000,-1.0000,-1.0000,-1.0000,-1.0000,-1.0000,-1.0000,-1.0000,-1.0000,-1.0000,-1.0000,-1.0000,-1.0000,-1.0000,-1.0000,-1.0000,-1.0000,-1.0000,-1.0000,-1.0000,-1.0000,-1.0000,-1.0000,-1.0000,-1.0000,-1.0000,-1.0000,-1.0000,-1.0000,-1.0000,-1.0000,-1.0000,-1.0000,-1.0000,-1.0000,-1.0000,-1.0000,2.0866,2.0898,2.0384,2.0764,2.0548,2.1281,1.9546,1.9321,2.0071,1.8976,1.9994,1.8948,1.9748,1.9349,1.8781,1.9105,2.0061,2.1567,2.1677,2.1742,2.1665,2.1201,2.1081,2.1789,2.0904,2.1327,2.1437,2.1561,2.1068,2.0732,2.1315,2.1547,2.1800,2.1659,2.1604,2.1636,2.1560,2.1346,2.1462,2.1657,1.7498,1.7917,1.7651,1.7547,1.7924,1.7288,1.6859,1.7937,1.7318,1.6848,1.6904,1.7025,1.7724,1.6821,1.6636,1.7116,1.6811,1.6808,1.7298,1.6652,1.7536,1.7265,1.7005,0,1.0000,2.0308,4.6896,1.9317
3,0.0060,-0.4068,-1.7976,1.0076,2.0308,4.6896,1.8924,0.1110,0.1899,0.0000,1.0279,1.0000,-0.0000,0.0002,0.0004,-0.0039,-0.0005,-0.0001,0.0001,0.0009,0.0006,0.0036,0.0001,0.0002,-0.0000,0.0010,0.0007,-0.0015,-0.0001,-0.0001,0.0007,0.0001,0.0000,0.0000,0.0000,-0.0004,-0.0000,0.0001,0.0002,0.0000,0.0000,0.0000,-0.0157,0.0016,-0.0121,-0.0014,0.0624,0.1233,-0.7329,-0.0660,-0.0167,-0.0188,0.0803,0.1050,0.6530,0.0077,0.0121,-0.0130,0.0862,0.0824,-0.2118,-0.0155,-0.0106,0.0933,0.0216,0.0006,0.0069,0.0000,-0.0582,0.0002,0.0169,0.0354,0.0007,0.0044,0.0004,-1.0000,-1.0000,-1.0000,-1.0000,-1.0000,-1.0000,-1.0000,-1.0000,-1.0000,-1.0000,-1.0000,-1.0000,-1.0000,-1.0000,-1.0000,-1.0000,-1.0000,-1.0000,-1.0000,-1.0000,-1.0000,-1.0000,-1.0000,-1.0000,-1.0000,-1.0000,-1.0000,-1.0000,-1.0000,-1.0000,-1.0000,-1.0000,-1.0000,-1.0000,-1.0000,-1.0000,-1.0000,-1.0000,-1.0000,-1.0000,-1.0000,-1.0000,-1.0000,-1.0000,-1.0000,-1.0000,-1.0000,-1.0000,-1.0000,-1.0000,-1.0000,-1.0000,-1.0000,-1.0000,-1.0000,-1.0000,-1.0000,-1.0000,-1.0000,-1.0000,-1.0000,-1.0000,-1.0000,-1.0000,-1.0000,-1.0000,-1.0000,-1.0000,-1.0000,-1.0000,-1.0000,-1.0000,-1.0000,-1.0000,-1.0000,-1.0000,-1.0000,-1.0000,-1.0000,-1.0000,-1.0000,-1.0000,-1.0000,-1.0000,-1.0000,-1.0000,-1.0000,-1.0000,-1.0000,-1.0000,-1.0000,-1.0000,-1.0000,-1.0000,-1.0000,-1.0000,-1.0000,-1.0000,-1.0000,-1.0000,-1.0000,-1.0000,-1.0000,-1.0000,-1.0000,-1.0000,-1.0000,-1.0000,-1.0000,-1.0000,-1.0000,-1.0000,-1.0000,-1.0000,-1.0000,-1.0000,-1.0000,-1.0000,-1.0000,-1.0000,-1.0000,2.0866,2.0898,2.0384,2.0764,2.0548,2.1281,1.9546,1.9321,2.0071,1.8976,1.9994,1.8948,1.9748,1.9349,1.8781,1.9105,2.0061,2.1567,2.1677,2.1742,2.1665,2.1201,2.1081,2.1789,2.0904,2.1327,2.1437,2.1561,2.1068,2.0732,2.1315,2.1547,2.1800,2.1659,2.1604,2.1636,2.1560,2.1346,2.1462,2.1657,1.7498,1.7917,1.7651,1.7547,1.7924,1.7288,1.6859,1.7937,1.7318,1.6848,1.6904,1.7025,1.7724,1.6821,1.6636,1.7116,1.6811,1.6808,1.7298,1.6652,1.7536,1.7265,1.7005,0,1.0000,2.0308,4.6896,1.9317
4,0.0080,-0.4028,-1.7882,1.0114,2.0308,4.6896,1.8728,0.1110,0.1899,0.0000,1.0279,1.0000,-0.0000,0.0002,0.0005,-0.0054,-0.0005,-0.0001,-0.0001,0.0010,0.0008,0.0049,0.0001,0.0002,-0.0001,0.0010,0.0008,-0.0019,-0.0001,-0.0001,0.0008,0.0002,0.0000,0.0000,0.0000,-0.0005,-0.0000,0.0001,0.0002,0.0000,0.0000,0.0000,-0.0154,0.0015,-0.0144,-0.0026,0.0693,0.1098,-0.7234,-0.0454,-0.0090,-0.0696,0.0602,0.1082,0.6328,0.0035,0.0090,-0.0173,0.0083,0.0368,-0.1756,-0.0089,-0.0093,0.0791,0.0277,0.0008,0.0094,-0.0001,-0.0397,0.0011,0.0105,0.0469,0.0009,0.0052,0.0003,-1.0000,-1.0000,-1.0000,-1.0000,-1.0000,-1.0000,-1.0000,-1.0000,-1.0000,-1.0000,-1.0000,-1.0000,-1.0000,-1.0000,-1.0000,-1.0000,-1.0000,-1.0000,-1.0000,-1.0000,-1.0000,-1.0000,-1.0000,-1.0000,-1.0000,-1.0000,-1.0000,-1.0000,-1.0000,-1.0000,-1.0000,-1.0000,-1.0000,-1.0000,-1.0000,-1.0000,-1.0000,-1.0000,-1.0000,-1.0000,-1.0000,-1.0000,-1.0000,-1.0000,-1.0000,-1.0000,-1.0000,-1.0000,-1.0000,-1.0000,-1.0000,-1.0000,-1.0000,-1.0000,-1.0000,-1.0000,-1.0000,-1.0000,-1.0000,-1.0000,-1.0000,-1.0000,-1.0000,-1.0000,-1.0000,-1.0000,-1.0000,-1.0000,-1.0000,-1.0000,-1.0000,-1.0000,-1.0000,-1.0000,-1.0000,-1.0000,-1.0000,-1.0000,-1.0000,-1.0000,-1.0000,-1.0000,-1.0000,-1.0000,-1.0000,-1.0000,-1.0000,-1.0000,-1.0000,-1.0000,-1.0000,-1.0000,-1.0000,-1.0000,-1.0000,-1.0000,-1.0000,-1.0000,-1.0000,-1.0000,-1.0000,-1.0000,-1.0000,-1.0000,-1.0000,-1.0000,-1.0000,-1.0000,-1.0000,-1.0000,-1.0000,-1.0000,-1.0000,-1.0000,-1.0000,-1.0000,-1.0000,-1.0000,-1.0000,-1.0000,-1.0000,2.0757,2.0789,2.0275,2.0655,2.0439,2.1172,1.9441,1.9215,1.9963,1.8870,1.9889,1.8839,1.9641,1.9242,1.8676,1.8998,1.9954,2.1461,2.1570,2.1635,2.1558,2.1094,2.0975,2.1684,2.0798,2.1222,2.1332,2.1456,2.0963,2.0626,2.1211,2.1444,2.1696,2.1556,2.1501,2.1532,2.1457,2.1242,2.1359,2.1554,1.7390,1.7808,1.7542,1.7439,1.7816,1.7181,1.6751,1.7829,1.7212,1.6742,1.6798,1.6919,1.7618,1.6715,1.6531,1.7011,1.6705,1.6704,1.7193,1.6547,1.7431,1.7161,1.6900,0,1.0000,2.0308,4.6896,1.9317
4,0.0080,-0.4028,-1.7882,1.0114,2.0308,4.6896,1.8728,0.1110,0.1899,0.0000,1.0279,1.0000,-0.0000,0.0002,0.0005,-0.0054,-0.0005,-0.0001,-0.0001,0.0010,0.0008,0.0049,0.0001,0.0002,-0.0001,0.0010,0.0008,-0.0019,-0.0001,-0.0001,0.0008,0.0002,0.0000,0.0000,0.0000,-0.0005,-0.0000,0.0001,0.0002,0.0000,0.0000,0.0000,-0.0154,0.0015,-0.0144,-0.0026,0.0693,0.1098,-0.7234,-0.0454,-0.0090,-0.0696,0.0602,0.1082,0.6328,0.0035,0.0090,-0.0173,0.0083,0.0368,-0.1756,-0.0089,-0.0093,0.0791,0.0277,0.0008,0.0094,-0.0001,-0.0397,0.0011,0.0105,0.0469,0.0009,0.0052,0.0003,-1.0000,-1.0000,-1.0000,-1.0000,-1.0000,-1.0000,-1.0000,-1.0000,-1.0000,-1.0000,-1.0000,-1.0000,-1.0000,-1.0000,-1.0000,-1.0000,-1.0000,-1.0000,-1.0000,-1.0000,-1.0000,-1.0000,-1.0000,-1.0000,-1.0000,-1.0000,-1.0000,-1.0000,-1.0000,-1.0000,-1.0000,-1.0000,-1.0000,-1.0000,-1.0000,-1.0000,-1.0000,-1.0000,-1.0000,-1.0000,-1.0000,-1.0000,-1.0000,-1.0000,-1.0000,-1.0000,-1.0000,-1.0000,-1.0000,-1.0000,-1.0000,-1.0000,-1.0000,-1.0000,-1.0000,-1.0000,-1.0000,-1.0000,-1.0000,-1.0000,-1.0000,-1.0000,-1.0000,-1.0000,-1.0000,-1.0000,-1.0000,-1.0000,-1.0000,-1.0000,-1.0000,-1.0000,-1.0000,-1.0000,-1.0000,-1.0000,-1.0000,-1.0000,-1.0000,-1.0000,-1.0000,-1.0000,-1.0000,-1.0000,-1.0000,-1.0000,-1.0000,-1.0000,-1.0000,-1.0000,-1.0000,-1.0000,-1.0000,-1.0000,-1.0000,-1.0000,-1.0000,-1.0000,-1.0000,-1.0000,-1.0000,-1.0000,-1.0000,-1.0000,-1.0000,-1.0000,-1.0000,-1.0000,-1.0000,-1.0000,-1.0000,-1.0000,-1.0000,-1.0000,-1.0000,-1.0000,-1.0000,-1.0000,-1.0000,-1.0000,-1.0000,2.0757,2.0789,2.0275,2.0655,2.0439,2.1172,1.9441,1.9215,1.9963,1.8870,1.9889,1.8839,1.9641,1.9242,1.8676,1.8998,1.9954,2.1461,2.1570,2.1635,2.1558,2.1094,2.0975,2.1684,2.0798,2.1222,2.1332,2.1456,2.0963,2.0626,2.1211,2.1444,2.1696,2.1556,2.1501,2.1532,2.1457,2.1242,2.1359,2.1554,1.7390,1.7808,1.7542,1.7439,1.7816,1.7181,1.6751,1.7829,1.7212,1.6742,1.6798,1.6919,1.7618,1.6715,1.6531,1.7011,1.6705,1.6704,1.7193,1.6547,1.7431,1.7161,1.6900,0,1.0000,2.0308,4.6896,1.9317
4,0.0080,-0.4028,-1.7882,1.0114,2.0308,4.6896,1.8728,0.1110,0.1899,0.0000,1.0279,1.0000,-0.0000,0.0002,0.0005,-0.0054,-0.0005,-0.0001,-0.0001,0.0010,0.0008,0.0049,0.0001,0.0002,-0.0001,0.0010,0.0008,-0.0019,-0.0001,-0.0001,0.0008,0.0002,0.0000,0.0000,0.0000,-0.0005,-0.0000,0.0001,0.0002,0.0000,0.0000,0.0000,-0.0154,0.0015,-0.0144,-0.0026,0.0693,0.1098,-0.7234,-0.0454,-0.0090,-0.0696,0.0602,0.1082,0.6328,0.0035,0.0090,-0.0173,0.0083,0.0368,-0.1756,-0.0089,-0.0093,0.0791,0.0277,0.0008,0.0094,-0.0001,-0.0397,0.0011,0.0105,0.0469,0.0009,0.0052,0.0003,-1.0000,-1.0000,-1.0000,-1.0000,-1.0000,-1.0000,-1.0000,-1.0000,-1.0000,-1.0000,-1.0000,-1.0000,-1.0000,-1.0000,-1.0000,-1.0000,-1.0000,-1.0000,-1.0000,-1.0000,-1.0000,-1.0000,-1.0000,-1.0000,-1.0000,-1.0000,-1.0000,-1.0000,-1.0000,-1.0000,-1.0000,-1.0000,-1.0000,-1.0000,-1.0000,-1.0000,-1.0000,-1.0000,-1.0000,-1.0000,-1.0000,-1.0000,-1.0000,-1.0000,-1.0000,-1.0000,-1.0000,-1.0000,-1.0000,-1.0000,-1.0000,-1.0000,-1.0000,-1.0000,-1.0000,-1.0000,-1.0000,-1.0000,-1.0000,-1.0000,-1.0000,-1.0000,-1.0000,-1.0000,-1.0000,-1.0000,-1.0000,-1.0000,-1.0000,-1.0000,-1.0000,-1.0000,-1.0000,-1.0000,-1.0000,-1.0000,-1.0000,-1.0000,-1.0000,-1.0000,-1.0000,-1.0000,-1.0000,-1.0000,-1.0000,-1.0000,-1.0000,-1.0000,-1.0000,-1.0000,-1.0000,-1.0000,-1.0000,-1.0000,-1.0000,-1.0000,-1.0000,-1.0000,-1.0000,-1.0000,-1.0000,-1.0000,-1.0000,-1.0000,-1.0000,-1.0000,-1.0000,-1.0000,-1.0000,-1.0000,-1.0000,-1.0000,-1.0000,-1.0000,-1.0000,-1.0000,-1.0000,-1.0000,-1.0000,-1.0000,-1.0000,2.0757,2.0789,2.0275,2.0655,2.0439,2.1172,1.9441,1.9215,1.9963,1.8870,1.9889,1.8839,1.9641,1.9242,1.8676,1.8998,1.9954,2.1461,2.1570,2.1635,2.1558,2.1094,2.0975,2.1684,2.0798,2.1222,2.1332,2.1456,2.0963,2.0626,2.1211,2.1444,2.1696,2.1556,2.1501,2.1532,2.1457,2.1242,2.1359,2.1554,1.7390,1.7808,1.7542,1.7439,1.7816,1.7181,1.6751,1.7829,1.7212,1.6742,1.6798,1.6919,1.7618,1.6715,1.6531,1.7011,1.6705,1.6704,1.7193,1.6547,1.7431,1.7161,1.6900,0,1.0000,2.0308,4.6896,1.9317
4,0.0080,-0.4028,-1.7882,1.0114,2.0308,4.6896,1.8728,0.1110,0.1899,0.0000,1.0279,1.0000,-0.0000,0.0002,0.0005,-0.0054,-0.0005,-0.0001,-0.0001,0.0010,0.0008,0.0049,0.0001,0.0002,-0.0001,0.0010,0.0008,-0.0019,-0.0001,-0.0001,0.0008,0.0002,0.0000,0.0000,0.0000,-0.0005,-0.0000,0.0001,0.0002,0.0000,0.0000,0.0000,-0.0154,0.0015,-0.0144,-0.0026,0.0693,0.1098,-0.7234,-0.0454,-0.0090,-0.0696,0.0602,0.1082,0.6328,0.0035,0.0090,-0.0173,0.0083,0.0368,-0.1756,-0.0089,-0.0093,0.0791,0.0277,0.0008,0.0094,-0.0001,-0.0397,0.0011,0.0105,0.0469,0.0009,0.0052,0.0003,-1.0000,-1.0000,-1.0000,-1.0000,-1.0000,-1.0000,-1.0000,-1.0000,-1.0000,-1.0000,-1.0000,-1.0000,-1.0000,-1.0000,-1.0000,-1.0000,-1.0000,-1.0000,-1.0000,-1.0000,-1.0000,-1.0000,-1.0000,-1.0000,-1.0000,-1.0000,-1.0000,-1.0000,-1.0000,-1.0000,-1.0000,-1.0000,-1.0000,-1.0000,-1.0000,-1.0000,-1.0000,-1.0000,-1.0000,-1.0000,-1.0000,-1.0000,-1.0000,-1.0000,-1.0000,-1.0000,-1.0000,-1.0000,-1.0000,-1.0000,-1.0000,-1.0000,-1.0000,-1.0000,-1.0000,-1.0000,-1.0000,-1.0000,-1.0000,-1.0000,-1.0000,-1.0000,-1.0000,-1.0000,-1.0000,-1.0000,-1.0000,-1.0000,-1.0000,-1.0000,-1.0000,-1.0000,-1.0000,-1.0000,-1.0000,-1.0000,-1.0000,-1.0000,-1.0000,-1.0000,-1.0000,-1.0000,-1.0000,-1.0000,-1.0000,-1.0000,-1.0000,-1.0000,-1.0000,-1.0000,-1.0000,-1.0000,-1.0000,-1.0000,-1.0000,-1.0000,-1.0000,-1.0000,-1.0000,-1.0000,-1.0000,-1.0000,-1.0000,-1.0000,-1.0000,-1.0000,-1.0000,-1.0000,-1.0000,-1.0000,-1.0000,-1.0000,-1.0000,-1.0000,-1.0000,-1.0000,-1.0000,-1.0000,-1.0000,-1.0000,-1.0000,2.0757,2.0789,2.0275,2.0655,2.0439,2.1172,1.9441,1.9215,1.9963,1.8870,1.9889,1.8839,1.9641,1.9242,1.8676,1.8998,1.9954,2.1461,2.1570,2.1635,2.1558,2.1094,2.0975,2.1684,2.0798,2.1222,2.1332,2.1456,2.0963,2.0626,2.1211,2.1444,2.1696,2.1556,2.1501,2.1532,2.1457,2.1242,2.1359,2.1554,1.7390,1.7808,1.7542,1.7439,1.7816,1.7181,1.6751,1.7829,1.7212,1.6742,1.6798,1.6919,1.7618,1.6715,1.6531,1.7011,1.6705,1.6704,1.7193,1.6547,1.7431,1.7161,1.6900,0,1.0000,2.0308,4.6896,1.9317
4,0.0080,-0.4028,-1.7882,1.0114,2.0308,4.6896,1.8728,0.1110,0.1899,0.0000,1.0279,1.0000,-0.0000,0.0002,0.0005,-0.0054,-0.0005,-0.0001,-0.0001,0.0010,0.0008,0.0049,0.0001,0.0002,-0.0001,0.0010,0.0008,-0.0019,-0.0001,-0.0001,0.0008,0.0002,0.0000,0.0000,0.0000,-0.0005,-0.0000,0.0001,0.0002,0.0000,0.0000,0.0000,-0.0154,0.0015,-0.0144,-0.0026,0.0693,0.1098,-0.7234,-0.0454,-0.0090,-0.0696,0.0602,0.1082,0.6328,0.0035,0.0090,-0.0173,0.0083,0.0368,-0.1756,-0.0089,-0.0093,0.0791,0.0277,0.0008,0.0094,-0.0001,-0.0397,0.0011,0.0105,0.0469,0.0009,0.0052,0.0003,-1.0000,-1.0000,-1.0000,-1.0000,-1.0000,-1.0000,-1.0000,-1.0000,-1.0000,-1.0000,-1.0000,-1.0000,-1.0000,-1.0000,-1.0000,-1.0000,-1.0000,-1.0000,-1.0000,-1.0000,-1.0000,-1.0000,-1.0000,-1.0000,-1.0000,-1.0000,-1.0000,-1.0000,-1.0000,-1.0000,-1.0000,-1.0000,-1.0000,-1.0000,-1.0000,-1.0000,-1.0000,-1.0000,-1.0000,-1.0000,-1.0000,-1.0000,-1.0000,-1.0000,-1.0000,-1.0000,-1.0000,-1.0000,-1.0000,-1.0000,-1.0000,-1.0000,-1.0000,-1.0000,-1.0000,-1.0000,-1.0000,-1.0000,-1.0000,-1.0000,-1.0000,-1.0000,-1.0000,-1.0000,-1.0000,-1.0000,-1.0000,-1.0000,-1.0000,-1.0000,-1.0000,-1.0000,-1.0000,-1.0000,-1.0000,-1.0000,-1.0000,-1.0000,-1.0000,-1.0000,-1.0000,-1.0000,-1.0000,-1.0000,-1.0000,-1.0000,-1.0000,-1.0000,-1.0000,-1.0000,-1.0000,-1.0000,-1.0000,-1.0000,-1.0000,-1.0000,-1.0000,-1.0000,-1.0000,-1.0000,-1.0000,-1.0000,-1.0000,-1.0000,-1.0000,-1.0000,-1.0000,-1.0000,-1.0000,-1.0000,-1.0000,-1.0000,-1.0000,-1.0000,-1.0000,-1.0000,-1.0000,-1.0000,-1.0000,-1.0000,-1.0000,2.0757,2.0789,2.0275,2.0655,2.0439,2.1172,1.9441,1.9215,1.9963,1.8870,1.9889,1.8839,1.9641,1.9242,1.8676,1.8998,1.9954,2.1461,2.1570,2.1635,2.1558,2.1094,2.0975,2.1684,2.0798,2.1222,2.1332,2.1456,2.0963,2.0626,2.1211,2.1444,2.1696,2.1556,2.1501,2.1532,2.1457,2.1242,2.1359,2.1554,1.7390,1.7808,1.7542,1.7439,1.7816,1.7181,1.6751,1.7829,1.7212,1.6742,1.6798,1.6919,1.7618,1.6715,1.6531,1.7011,1.6705,1.6704,1.7193,1.6547,1.7431,1.7161,1.6900,0,1.0000,2.0308,4.6896,1.9317
4,0.0080,-0.4028,-1.7882,1.0114,2.0308,4.6896,1.8728,0.1110,0.1899,0.0000,1.0279,1.0000,-0.0000,0.0002,0.0005,-0.0054,-0.0005,-0.0001,-0.0001,0.0010,0.0008,0.0049,0.0001,0.0002,-0.0001,0.0010,0.0008,-0.0019,-0.0001,-0.0001,0.0008,0.0002,0.0000,0.0000,0.0000,-0.0005,-0.0000,0.0001,0.0002,0.0000,0.0000,0.0000,-0.0154,0.0015,-0.0144,-0.0026,0.0693,0.1098,-0.7234,-0.0454,-0.0090,-0.0696,0.0602,0.1082,0.6328,0.0035,0.0090,-0.0173,0.0083,0.0368,-0.1756,-0.0089,-0.0093,0.0791,0.0277,0.0008,0.0094,-0.0001,-0.0397,0.0011,0.0105,0.0469,0.0009,0.0052,0.0003,-1.0000,-1.0000,-1.0000,-1.0000,-1.0000,-1.0000,-1.0000,-1.0000,-1.0000,-1.0000,-1.0000,-1.0000,-1.0000,-1.0000,-1.0000,-1.0000,-1.0000,-1.0000,-1.0000,-1.0000,-1.0000,-1.0000,-1.0000,-1.0000,-1.0000,-1.0000,-1.0000,-1.0000,-1.0000,-1.0000,-1.0000,-1.0000,-1.0000,-1.0000,-1.0000,-1.0000,-1.0000,-1.0000,-1.0000,-1.0000,-1.0000,-1.0000,-1.0000,-1.0000,-1.0000,-1.0000,-1.0000,-1.0000,-1.0000,-1.0000,-1.0000,-1.0000,-1.0000,-1.0000,-1.0000,-1.0000,-1.0000,-1.0000,-1.0000,-1.0000,-1.0000,-1.0000,-1.0000,-1.0000,-1.0000,-1.0000,-1.0000,-1.0000,-1.0000,-1.0000,-1.0000,-1.0000,-1.0000,-1.0000,-1.0000,-1.0000,-1.0000,-1.0000,-1.0000,-1.0000,-1.0000,-1.0000,-1.0000,-1.0000,-1.0000,-1.0000,-1.0000,-1.0000,-1.0000,-1.0000,-1.0000,-1.0000,-1.0000,-1.0000,-1.0000,-1.0000,-1.0000,-1.0000,-1.0000,-1.0000,-1.0000,-1.0000,-1.0000,-1.0000,-1.0000,-1.0000,-1.0000,-1.0000,-1.0000,-1.0000,-1.0000,-1.0000,-1.0000,-1.0000,-1.0000,-1.0000,-1.0000,-1.0000,-1.0000,-1.0000,-1.0000,2.0757,2.0789,2.0275,2.0655,2.0439,2.1172,1.9441,1.9215,1.9963,1.8870,1.9889,1.8839,1.9641,1.9242,1.8676,1.8998,1.9954,2.1461,2.1570,2.1635,2.1558,2.1094,2.0975,2.1684,2.0798,2.1222,2.1332,2.1456,2.0963,2.0626,2.1211,2.1444,2.1696,2.1556,2.1501,2.1532,2.1457,2.1242,2.1359,2.1554,1.7390,1.7808,1.7542,1.7439,1.7816,1.7181,1.6751,1.7829,1.7212,1.6742,1.6798,1.6919,1.7618,1.6715,1.6531,1.7011,1.6705,1.6704,1.7193,1.6547,1.7431,1.7161,1.6900,0,1.0000,2.0308,4.6896,1.9317
4,0.0080,-0.4028,-1.7882,1.0114,2.0308,4.6896,1.8728,0.1110,0.1899,0.0000,1.0279,1.0000,-0.0000,0.0002,0.0005,-0.0054,-0.0005,-0.0001,-0.0001,0.0010,0.0008,0.0049,0.0001,0.0002,-0.0001,0.0010,0.0008,-0.0019,-0.0001,-0.0001,0.0008,0.0002,0.0000,0.0000,0.0000,-0.0005,-0.0000,0.0001,0.0002,0.0000,0.0000,0.0000,-0.0154,0.0015,-0.0144,-0.0026,0.0693,0.1098,-0.7234,-0.0454,-0.0090,-0.0696,0.0602,0.1082,0.6328,0.0035,0.0090,-0.0173,0.0083,0.0368,-0.1756,-0.0089,-0.0093,0.0791,0.0277,0.0008,0.0094,-0.0001,-0.0397,0.0011,0.0105,0.0469,0.0009,0.0052,0.0003,-1.0000,-1.0000,-1.0000,-1.0000,-1.0000,-1.0000,-1.0000,-1.0000,-1.0000,-1.0000,-1.0000,-1.0000,-1.0000,-1.0000,-1.0000,-1.0000,-1.0000,-1.0000,-1.0000,-1.0000,-1.0000,-1.0000,-1.0000,-1.0000,-1.0000,-1.0000,-1.0000,-1.0000,-1.0000,-1.0000,-1.0000,-1.0000,-1.0000,-1.0000,-1.0000,-1.0000,-1.0000,-1.0000,-1.0000,-1.0000,-1.0000,-1.0000,-1.0000,-1.0000,-1.0000,-1.0000,-1.0000,-1.0000,-1.0000,-1.0000,-1.0000,-1.0000,-1.0000,-1.0000,-1.0000,-1.0000,-1.0000,-1.0000,-1.0000,-1.0000,-1.0000,-1.0000,-1.0000,-1.0000,-1.0000,-1.0000,-1.0000,-1.0000,-1.0000,-1.0000,-1.0000,-1.0000,-1.0000,-1.0000,-1.0000,-1.0000,-1.0000,-1.0000,-1.0000,-1.0000,-1.0000,-1.0000,-1.0000,-1.0000,-1.0000,-1.0000,-1.0000,-1.0000,-1.0000,-1.0000,-1.0000,-1.0000,-1.0000,-1.0000,-1.0000,-1.0000,-1.0000,-1.0000,-1.0000,-1.0000,-1.0000,-1.0000,-1.0000,-1.0000,-1.0000,-1.0000,-1.0000,-1.0000,-1.0000,-1.0000,-1.0000,-1.0000,-1.0000,-1.0000,-1.0000,-1.0000,-1.0000,-1.0000,-1.0000,-1.0000,-1.0000,2.0757,2.0789,2.0275,2.0655,2.0439,2.1172,1.9441,1.9215,1.9963,1.8870,1.9889,1.8839,1.9641,1.9242,1.8676,1.8998,1.9954,2.1461,2.1570,2.1635,2.1558,2.1094,2.0975,2.1684,2.0798,2.1222,2.1332,2.1456,2.0963,2.0626,2.1211,2.1444,2.1696,2.1556,2.1501,2.1532,2.1457,2.1242,2.1359,2.1554,1.7390,1.7808,1.7542,1.7439,1.7816,1.7181,1.6751,1.7829,1.7212,1.6742,1.6798,1.6919,1.7618,1.6715,1.6531,1.7011,1.6705,1.6704,1.7193,1.6547,1.7431,1.7161,1.6900,0,1.0000,2.0308,4.6896,1.9317
4,0.0080,-0.4028,-1.7882,1.0114,2.0308,4.6896,1.8728,0.1110,0.1899,0.0000,1.0279,1.0000,-0.0000,0.0002,0.0005,-0.0054,-0.0005,-0.0001,-0.0001,0.0010,0.0008,0.0049,0.0001,0.0002,-0.0001,0.0010,0.0008,-0.0019,-0.0001,-0.0001,0.0008,0.0002,0.0000,0.0000,0.0000,-0.0005,-0.0000,0.0001,0.0002,0.0000,0.0000,0.0000,-0.0154,0.0015,-0.0144,-0.0026,0.0693,0.1098,-0.7234,-0.0454,-0.0090,-0.0696,0.0602,0.1082,0.6328,0.0035,0.0090,-0.0173,0.0083,0.0368,-0.1756,-0.0089,-0.0093,0.0791,0.0277,0.0008,0.0094,-0.0001,-0.0397,0.0011,0.0105,0.0469,0.0009,0.0052,0.0003,-1.0000,-1.0000,-1.0000,-1.0000,-1.0000,-1.0000,-1.0000,-1.0000,-1.0000,-1.0000,-1.0000,-1.0000,-1.0000,-1.0000,-1.0000,-1.0000,-1.0000,-1.0000,-1.0000,-1.0000,-1.0000,-1.0000,-1.0000,-1.0000,-1.0000,-1.0000,-1.0000,-1.0000,-1.0000,-1.0000,-1.0000,-1.0000,-1.0000,-1.0000,-1.0000,-1.0000,-1.0000,-1.0000,-1.0000,-1.0000,-1.0000,-1.0000,-1.0000,-1.0000,-1.0000,-1.0000,-1.0000,-1.0000,-1.0000,-1.0000,-1.0000,-1.0000,-1.0000,-1.0000,-1.0000,-1.0000,-1.0000,-1.0000,-1.0000,-1.0000,-1.0000,-1.0000,-1.0000,-1.0000,-1.0000,-1.0000,-1.0000,-1.0000,-1.0000,-1.0000,-1.0000,-1.0000,-1.0000,-1.0000,-1.0000,-1.0000,-1.0000,-1.0000,-1.0000,-1.0000,-1.0000,-1.0000,-1.0000,-1.0000,-1.0000,-1.0000,-1.0000,-1.0000,-1.0000,-1.0000,-1.0000,-1.0000,-1.0000,-1.0000,-1.0000,-1.0000,-1.0000,-1.0000,-1.0000,-1.0000,-1.0000,-1.0000,-1.0000,-1.0000,-1.0000,-1.0000,-1.0000,-1.0000,-1.0000,-1.0000,-1.0000,-1.0000,-1.0000,-1.0000,-1.0000,-1.0000,-1.0000,-1.0000,-1.0000,-1.0000,-1.0000,2.0757,2.0789,2.0275,2.0655,2.0439,2.1172,1.9441,1.9215,1.9963,1.8870,1.9889,1.8839,1.9641,1.9242,1.8676,1.8998,1.9954,2.1461,2.1570,2.1635,2.1558,2.1094,2.0975,2.1684,2.0798,2.1222,2.1332,2.1456,2.0963,2.0626,2.1211,2.1444,2.1696,2.1556,2.1501,2.1532,2.1457,2.1242,2.1359,2.1554,1.7390,1.7808,1.7542,1.7439,1.7816,1.7181,1.6751,1.7829,1.7212,1.6742,1.6798,1.6919,1.7618,1.6715,1.6531,1.7011,1.6705,1.6704,1.7193,1.6547,1.7431,1.7161,1.6900,0,1.0000,2.0308,4.6896,1.9317
4,0.0080,-0.4028,-1.7882,1.0114,2.0308,4.6896,1.8728,0.1110,0.1899,0.0000,1.0279,1.0000,-0.0000,0.0002,0.0005,-0.0054,-0.0005,-0.0001,-0.0001,0.0010,0.0008,0.0049,0.0001,0.0002,-0.0001,0.0010,0.0008,-0.0019,-0.0001,-0.0001,0.0008,0.0002,0.0000,0.0000,0.0000,-0.0005,-0.0000,0.0001,0.0002,0.0000,0.0000,0.0000,-0.0154,0.0015,-0.0144,-0.0026,0.0693,0.1098,-0.7234,-0.0454,-0.0090,-0.0696,0.0602,0.1082,0.6328,0.0035,0.0090,-0.0173,0.0083,0.0368,-0.1756,-0.0089,-0.0093,0.0791,0.0277,0.0008,0.0094,-0.0001,-0.0397,0.0011,0.0105,0.0469,0.0009,0.0052,0.0003,-1.0000,-1.0000,-1.0000,-1.0000,-1.0000,-1.0000,-1.0000,-1.0000,-1.0000,-1.0000,-1.0000,-1.0000,-1.0000,-1.0000,-1.0000,-1.0000,-1.0000,-1.0000,-1.0000,-1.0000,-1.0000,-1.0000,-1.0000,-1.0000,-1.0000,-1.0000,-1.0000,-1.0000,-1.0000,-1.0000,-1.0000,-1.0000,-1.0000,-1.0000,-1.0000,-1.0000,-1.0000,-1.0000,-1.0000,-1.0000,-1.0000,-1.0000,-1.0000,-1.0000,-1.0000,-1.0000,-1.0000,-1.0000,-1.0000,-1.0000,-1.0000,-1.0000,-1.0000,-1.0000,-1.0000,-1.0000,-1.0000,-1.0000,-1.0000,-1.0000,-1.0000,-1.0000,-1.0000,-1.0000,-1.0000,-1.0000,-1.0000,-1.0000,-1.0000,-1.0000,-1.0000,-1.0000,-1.0000,-1.0000,-1.0000,-1.0000,-1.0000,-1.0000,-1.0000,-1.0000,-1.0000,-1.0000,-1.0000,-1.0000,-1.0000,-1.0000,-1.0000,-1.0000,-1.0000,-1.0000,-1.0000,-1.0000,-1.0000,-1.0000,-1.0000,-1.0000,-1.0000,-1.0000,-1.0000,-1.0000,-1.0000,-1.0000,-1.0000,-1.0000,-1.0000,-1.0000,-1.0000,-1.0000,-1.0000,-1.0000,-1.0000,-1.0000,-1.0000,-1.0000,-1.0000,-1.0000,-1.0000,-1.0000,-1.0000,-1.0000,-1.0000,2.0757,2.0789,2.0275,2.0655,2.0439,2.1172,1.9441,1.9215,1.9963,1.8870,1.9889,1.8839,1.9641,1.9242,1.8676,1.8998,1.9954,2.1461,2.1570,2.1635,2.1558,2.1094,2.0975,2.1684,2.0798,2.1222,2.1332,2.1456,2.0963,2.0626,2.1211,2.1444,2.1696,2.1556,2.1501,2.1532,2.1457,2.1242,2.1359,2.1554,1.7390,1.7808,1.7542,1.7439,1.7816,1.7181,1.6751,1.7829,1.7212,1.6742,1.6798,1.6919,1.7618,1.6715,1.6531,1.7011,1.6705,1.6704,1.7193,1.6547,1.7431,1.7161,1.6900,0,1.0000,2.0308,4.6896,1.9317
4,0.0080,-0.4028,-1.7882,1.0114,2.0308,4.6896,1.8728,0.1110,0.1899,0.0000,1.0279,1.0000,-0.0000,0.0002,0.0005,-0.0054,-0.0005,-0.0001,-0.0001,0.0010,0.0008,0.0049,0.0001,0.0002,-0.0001,0.0010,0.0008,-0.0019,-0.0001,-0.0001,0.0008,0.0002,0.0000,0.0000,0.0000,-0.0005,-0.0000,0.0001,0.0002,0.0000,0.0000,0.0000,-0.0154,0.0015,-0.0144,-0.0026,0.0693,0.1098,-0.7234,-0.0454,-0.0090,-0.0696,0.0602,0.1082,0.6328,0.0035,0.0090,-0.0173,0.0083,0.0368,-0.1756,-0.0089,-0.0093,0.0791,0.0277,0.0008,0.0094,-0.0001,-0.0397,0.0011,0.0105,0.0469,0.0009,0.0052,0.0003,-1.0000,-1.0000,-1.0000,-1.0000,-1.0000,-1.0000,-1.0000,-1.0000,-1.0000,-1.0000,-1.0000,-1.0000,-1.0000,-1.0000,-1.0000,-1.0000,-1.0000,-1.0000,-1.0000,-1.0000,-1.0000,-1.0000,-1.0000,-1.0000,-1.0000,-1.0000,-1.0000,-1.0000,-1.0000,-1.0000,-1.0000,-1.0000,-1.0000,-1.0000,-1.0000,-1.0000,-1.0000,-1.0000,-1.0000,-1.0000,-1.0000,-1.0000,-1.0000,-1.0000,-1.0000,-1.0000,-1.0000,-1.0000,-1.0000,-1.0000,-1.0000,-1.0000,-1.0000,-1.0000,-1.0000,-1.0000,-1.0000,-1.0000,-1.0000,-1.0000,-1.0000,-1.0000,-1.0000,-1.0000,-1.0000,-1.0000,-1.0000,-1.0000,-1.0000,-1.0000,-1.0000,-1.0000,-1.0000,-1.0000,-1.0000,-1.0000,-1.0000,-1.0000,-1.0000,-1.0000,-1.0000,-1.0000,-1.0000,-1.0000,-1.0000,-1.0000,-1.0000,-1.0000,-1.0000,-1.0000,-1.0000,-1.0000,-1.0000,-1.0000,-1.0000,-1.0000,-1.0000,-1.0000,-1.0000,-1.0000,-1.0000,-1.0000,-1.0000,-1.0000,-1.0000,-1.0000,-1.0000,-1.0000,-1.0000,-1.0000,-1.0000,-1.0000,-1.0000,-1.0000,-1.0000,-1.0000,-1.0000,-1.0000,-1.0000,-1.0000,-1.0000,2.0757,2.0789,2.0275,2.0655,2.0439,2.1172,1.9441,1.9215,1.9963,1.8870,1.9889,1.8839,1.9641,1.9242,1.8676,1.8998,1.9954,2.1461,2.1570,2.1635,2.1558,2.1094,2.0975,2.1684,2.0798,2.1222,2.1332,2.1456,2.0963,2.0626,2.1211,2.1444,2.1696,2.1556,2.1501,2.1532,2.1457,2.1242,2.1359,2.1554,1.7390,1.7808,1.7542,1.7439,1.7816,1.7181,1.6751,1.7829,1.7212,1.6742,1.6798,1.6919,1.7618,1.6715,1.6531,1.7011,1.6705,1.6704,1.7193,1.6547,1.7431,1.7161,1.6900,0,1.0000,2.0308,4.6896,1.9317
4,0.0080,-0.4028,-1.7882,1.0114,2.0308,4.6896,1.8728,0.1110,0.1899,0.0000,1.0279,1.0000,-0.0000,0.0002,0.0005,-0.0054,-0.0005,-0.0001,-0.0001,0.0010,0.0008,0.0049,0.0001,0.0002,-0.0001,0.0010,0.0008,-0.0019,-0.0001,-0.0001,0.0008,0.0002,0.0000,0.0000,0.0000,-0.0005,-0.0000,0.0001,0.0002,0.0000,0.0000,0.0000,-0.0154,0.0015,-0.0144,-0.0026,0.0693,0.1098,-0.7234,-0.0454,-0.0090,-0.0696,0.0602,0.1082,0.6328,0.0035,0.0090,-0.0173,0.0083,0.0368,-0.1756,-0.0089,-0.0093,0.0791,0.0277,0.0008,0.0094,-0.0001,-0.0397,0.0011,0.0105,0.0469,0.0009,0.0052,0.0003,-1.0000,-1.0000,-1.0000,-1.0000,-1.0000,-1.0000,-1.0000,-1.0000,-1.0000,-1.0000,-1.0000,-1.0000,-1.0000,-1.0000,-1.0000,-1.0000,-1.0000,-1.0000,-1.0000,-1.0000,-1.0000,-1.0000,-1.0000,-1.0000,-1.0000,-1.0000,-1.0000,-1.0000,-1.0000,-1.0000,-1.0000,-1.0000,-1.0000,-1.0000,-1.0000,-1.0000,-1.0000,-1.0000,-1.0000,-1.0000,-1.0000,-1.0000,-1.0000,-1.0000,-1.0000,-1.0000,-1.0000,-1.0000,-1.0000,-1.0000,-1.0000,-1.0000,-1.0000,-1.0000,-1.0000,-1.0000,-1.0000,-1.0000,-1.0000,-1.0000,-1.0000,-1.0000,-1.0000,-1.0000,-1.0000,-1.0000,-1.0000,-1.0000,-1.0000,-1.0000,-1.0000,-1.0000,-1.0000,-1.0000,-1.0000,-1.0000,-1.0000,-1.0000,-1.0000,-1.0000,-1.0000,-1.0000,-1.0000,-1.0000,-1.0000,-1.0000,-1.0000,-1.0000,-1.0000,-1.0000,-1.0000,-1.0000,-1.0000,-1.0000,-1.0000,-1.0000,-1.0000,-1.0000,-1.0000,-1.0000,-1.0000,-1.0000,-1.0000,-1.0000,-1.0000,-1.0000,-1.0000,-1.0000,-1.0000,-1.0000,-1.0000,-1.0000,-1.0000,-1.0000,-1.0000,-1.0000,-1.0000,-1.0000,-1.0000,-1.0000,-1.0000,2.0757,2.0789,2.0275,2.0655,2.0439,2.1172,1.9441,1.9215,1.9963,1.8870,1.9889,1.8839,1.9641,1.9242,1.8676,1.8998,1.9954,2.1461,2.1570,2.1635,2.1558,2.1094,2.0975,2.1684,2.0798,2.1222,2.1332,2.1456,2.0963,2.0626,2.1211,2.1444,2.1696,2.1556,2.1501,2.1532,2.1457,2.1242,2.1359,2.1554,1.7390,1.7808,1.7542,1.7439,1.7816,1.7181,1.6751,1.7829,1.7212,1.6742,1.6798,1.6919,1.7618,1.6715,1.6531,1.7011,1.6705,1.6704,1.7193,1.6547,1.7431,1.7161,1.6900,0,1.0000,2.0308,4.6896,1.9317
4,0.0080,-0.4028,-1.7882,1.0114,2.0308,4.6896,1.8728,0.1110,0.1899,0.0000,1.0279,1.0000,-0.0000,0.0002,0.0005,-0.0054,-0.0005,-0.0001,-0.0001,0.0010,0.0008,0.0049,0.0001,0.0002,-0.0001,0.0010,0.0008,-0.0019,-0.0001,-0.0001,0.0008,0.0002,0.0000,0.0000,0.0000,-0.0005,-0.0000,0.0001,0.0002,0.0000,0.0000,0.0000,-0.0154,0.0015,-0.0144,-0.0026,0.0693,0.1098,-0.7234,-0.0454,-0.0090,-0.0696,0.0602,0.1082,0.6328,0.0035,0.0090,-0.0173,0.0083,0.0368,-0.1756,-0.0089,-0.0093,0.0791,0.0277,0.0008,0.0094,-0.0001,-0.0397,0.0011,0.0105,0.0469,0.0009,0.0052,0.0003,-1.0000,-1.0000,-1.0000,-1.0000,-1.0000,-1.0000,-1.0000,-1.0000,-1.0000,-1.0000,-1.0000,-1.0000,-1.0000,-1.0000,-1.0000,-1.0000,-1.0000,-1.0000,-1.0000,-1.0000,-1.0000,-1.0000,-1.0000,-1.0000,-1.0000,-1.0000,-1.0000,-1.0000,-1.0000,-1.0000,-1.0000,-1.0000,-1.0000,-1.0000,-1.0000,-1.0000,-1.0000,-1.0000,-1.0000,-1.0000,-1.0000,-1.0000,-1.0000,-1.0000,-1.0000,-1.0000,-1.0000,-1.0000,-1.0000,-1.0000,-1.0000,-1.0000,-1.0000,-1.0000,-1.0000,-1.0000,-1.0000,-1.0000,-1.0000,-1.0000,-1.0000,-1.0000,-1.0000,-1.0000,-1.0000,-1.0000,-1.0000,-1.0000,-1.0000,-1.0000,-1.0000,-1.0000,-1.0000,-1.0000,-1.0000,-1.0000,-1.0000,-1.0000,-1.0000,-1.0000,-1.0000,-1.0000,-1.0000,-1.0000,-1.0000,-1.0000,-1.0000,-1.0000,-1.0000,-1.0000,-1.0000,-1.0000,-1.0000,-1.0000,-1.0000,-1.0000,-1.0000,-1.0000,-1.0000,-1.0000,-1.0000,-1.0000,-1.0000,-1.0000,-1.0000,-1.0000,-1.0000,-1.0000,-1.0000,-1.0000,-1.0000,-1.0000,-1.0000,-1.0000,-1.0000,-1.0000,-1.0000,-1.0000,-1.0000,-1.0000,-1.0000,2.0757,2.0789,2.0275,2.0655,2.0439,2.1172,1.9441,1.9215,1.9963,1.8870,1.9889,1.8839,1.9641,1.9242,1.8676,1.8998,1.9954,2.1461,2.1570,2.1635,2.1558,2.1094,2.0975,2.1684,2.0798,2.1222,2.1332,2.1456,2.0963,2.0626,2.1211,2.1444,2.1696,2.1556,2.1501,2.1532,2.1457,2.1242,2.1359,2.1554,1.7390,1.7808,1.7542,1.7439,1.7816,1.7181,1.6751,1.7829,1.7212,1.6742,1.6798,1.6919,1.7618,1.6715,1.6531,1.7011,1.6705,1.6704,1.7193,1.6547,1.7431,1.7161,1.6900,0,1.0000,2.0308,4.6896,1.9317
4,0.0080,-0.4028,-1.7882,1.0114,2.0308,4.6896,1.8728,0.1110,0.1899,0.0000,1.0279,1.0000,-0.0000,0.0002,0.0005,-0.0054,-0.0005,-0.0001,-0.0001,0.0010,0.0008,0.0049,0.0001,0.0002,-0.0001,0.0010,0.0008,-0.0019,-0.0001,-0.0001,0.0008,0.0002,0.0000,0.0000,0.0000,-0.0005,-0.0000,0.0001,0.0002,0.0000,0.0000,0.0000,-0.0154,0.0015,-0.0144,-0.0026,0.0693,0.1098,-0.7234,-0.0454,-0.0090,-0.0696,0.0602,0.1082,0.6328,0.0035,0.0090,-0.0173,0.0083,0.0368,-0.1756,-0.0089,-0.0093,0.0791,0.0277,0.0008,0.0094,-0.0001,-0.0397,0.0011,0.0105,0.0469,0.0009,0.0052,0.0003,-1.0000,-1.0000,-1.0000,-1.0000,-1.0000,-1.0000,-1.0000,-1.0000,-1.0000,-1.0000,-1.0000,-1.0000,-1.0000,-1.0000,-1.0000,-1.0000,-1.0000,-1.0000,-1.0000,-1.0000,-1.0000,-1.0000,-1.0000,-1.0000,-1.0000,-1.0000,-1.0000,-1.0000,-1.0000,-1.0000,-1.0000,-1.0000,-1.0000,-1.0000,-1.0000,-1.0000,-1.0000,-1.0000,-1.0000,-1.0000,-1.0000,-1.0000,-1.0000,-1.0000,-1.0000,-1.0000,-1.0000,-1.0000,-1.0000,-1.0000,-1.0000,-1.0000,-1.0000,-1.0000,-1.0000,-1.0000,-1.0000,-1.0000,-1.0000,-1.0000,-1.0000,-1.0000,-1.0000,-1.0000,-1.0000,-1.0000,-1.0000,-1.0000,-1.0000,-1.0000,-1.0000,-1.0000,-1.0000,-1.0000,-1.0000,-1.0000,-1.0000,-1.0000,-1.0000,-1.0000,-1.0000,-1.0000,-1.0000,-1.0000,-1.0000,-1.0000,-1.0000,-1.0000,-1.0000,-1.0000,-1.0000,-1.0000,-1.0000,-1.0000,-1.0000,-1.0000,-1.0000,-1.0000,-1.0000,-1.0000,-1.0000,-1.0000,-1.0000,-1.0000,-1.0000,-1.0000,-1.0000,-1.0000,-1.0000,-1.0000,-1.0000,-1.0000,-1.0000,-1.0000,-1.0000,-1.0000,-1.0000,-1.0000,-1.0000,-1.0000,-1.0000,2.0757,2.0789,2.0275,2.0655,2.0439,2.1172,1.9441,1.9215,1.9963,1.8870,1.9889,1.8839,1.9641,1.9242,1.8676,1.8998,1.9954,2.1461,2.1570,2.1635,2.1558,2.1094,2.0975,2.1684,2.0798,2.1222,2.1332,2.1456,2.0963,2.0626,2.1211,2.1444,2.1696,2.1556,2.1501,2.1532,2.1457,2.1242,2.1359,2.1554,1.7390,1.7808,1.7542,1.7439,1.7816,1.7181,1.6751,1.7829,1.7212,1.6742,1.6798,1.6919,1.7618,1.6715,1.6531,1.7011,1.6705,1.6704,1.7193,1.6547,1.7431,1.7161,1.6900,0,1.0000,2.0308,4.6896,1.9317
4,0.0080,-0.4028,-1.7882,1.0114,2.0308,4.6896,1.8728,0.1110,0.1899,0.0000,1.0279,1.0000,-0.0000,0.0002,0.0005,-0.0054,-0.0005,-0.0001,-0.0001,0.0010,0.0008,0.0049,0.0001,0.0002,-0.0001,0.0010,0.0008,-0.0019,-0.0001,-0.0001,0.0008,0.0002,0.0000,0.0000,0.0000,-0.0005,-0.0000,0.0001,0.0002,0.0000,0.0000,0.0000,-0.0154,0.0015,-0.0144,-0.0026,0.0693,0.1098,-0.7234,-0.0454,-0.0090,-0.0696,0.0602,0.1082,0.6328,0.0035,0.0090,-0.0173,0.0083,0.0368,-0.1756,-0.0089,-0.0093,0.0791,0.0277,0.0008,0.0094,-0.0001,-0.0397,0.0011,0.0105,0.0469,0.0009,0.0052,0.0003,-1.0000,-1.0000,-1.0000,-1.0000,-1.0000,-1.0000,-1.0000,-1.0000,-1.0000,-1.0000,-1.0000,-1.0000,-1.0000,-1.0000,-1.0000,-1.0000,-1.0000,-1.0000,-1.0000,-1.0000,-1.0000,-1.0000,-1.0000,-1.0000,-1.0000,-1.0000,-1.0000,-1.0000,-1.0000,-1.0000,-1.0000,-1.0000,-1.0000,-1.0000,-1.0000,-1.0000,-1.0000,-1.0000,-1.0000,-1.0000,-1.0000,-1.0000,-1.0000,-1.0000,-1.0000,-1.0000,-1.0000,-1.0000,-1.0000,-1.0000,-1.0000,-1.0000,-1.0000,-1.0000,-1.0000,-1.0000,-1.0000,-1.0000,-1.0000,-1.0000,-1.0000,-1.0000,-1.0000,-1.0000,-1.0000,-1.0000,-1.0000,-1.0000,-1.0000,-1.0000,-1.0000,-1.0000,-1.0000,-1.0000,-1.0000,-1.0000,-1.0000,-1.0000,-1.0000,-1.0000,-1.0000,-1.0000,-1.0000,-1.0000,-1.0000,-1.0000,-1.0000,-1.0000,-1.0000,-1.0000,-1.0000,-1.0000,-1.0000,-1.0000,-1.0000,-1.0000,-1.0000,-1.0000,-1.0000,-1.0000,-1.0000,-1.0000,-1.0000,-1.0000,-1.0000,-1.0000,-1.0000,-1.0000,-1.0000,-1.0000,-1.0000,-1.0000,-1.0000,-1.0000,-1.0000,-1.0000,-1.0000,-1.0000,-1.0000,-1.0000,-1.0000,2.0757,2.0789,2.0275,2.0655,2.0439,2.1172,1.9441,1.9215,1.9963,1.8870,1.9889,1.8839,1.9641,1.9242,1.8676,1.8998,1.9954,2.1461,2.1570,2.1635,2.1558,2.1094,2.0975,2.1684,2.0798,2.1222,2.1332,2.1456,2.0963,2.0626,2.1211,2.1444,2.1696,2.1556,2.1501,2.1532,2.1457,2.1242,2.1359,2.1554,1.7390,1.7808,1.7542,1.7439,1.7816,1.7181,1.6751,1.7829,1.7212,1.6742,1.6798,1.6919,1.7618,1.6715,1.6531,1.7011,1.6705,1.6704,1.7193,1.6547,1.7431,1.7161,1.6900,0,1.0000,2.0308,4.6896,1.9317
4,0.0080,-0.4028,-1.7882,1.0114,2.0308,4.6896,1.8728,0.1110,0.1899,0.0000,1.0279,1.0000,-0.0000,0.0002,0.0005,-0.0054,-0.0005,-0.0001,-0.0001,0.0010,0.0008,0.0049,0.0001,0.0002,-0.0001,0.0010,0.0008,-0.0019,-0.0001,-0.0001,0.0008,0.0002,0.0000,0.0000,0.0000,-0.0005,-0.0000,0.0001,0.0002,0.0000,0.0000,0.0000,-0.0154,0.0015,-0.0144,-0.0026,0.0693,0.1098,-0.7234,-0.0454,-0.0090,-0.0696,0.0602,0.1082,0.6328,0.0035,0.0090,-0.0173,0.0083,0.0368,-0.1756,-0.0089,-0.0093,0.0791,0.0277,0.0008,0.0094,-0.0001,-0.0397,0.0011,0.0105,0.0469,0.0009,0.0052,0.0003,-1.0000,-1.0000,-1.0000,-1.0000,-1.0000,-1.0000,-1.0000,-1.0000,-1.0000,-1.0000,-1.0000,-1.0000,-1.0000,-1.0000,-1.0000,-1.0000,-1.0000,-1.0000,-1.0000,-1.0000,-1.0000,-1.0000,-1.0000,-1.0000,-1.0000,-1.0000,-1.0000,-1.0000,-1.0000,-1.0000,-1.0000,-1.0000,-1.0000,-1.0000,-1.0000,-1.0000,-1.0000,-1.0000,-1.0000,-1.0000,-1.0000,-1.0000,-1.0000,-1.0000,-1.0000,-1.0000,-1.0000,-1.0000,-1.0000,-1.0000,-1.0000,-1.0000,-1.0000,-1.0000,-1.0000,-1.0000,-1.0000,-1.0000,-1.0000,-1.0000,-1.0000,-1.0000,-1.0000,-1.0000,-1.0000,-1.0000,-1.0000,-1.0000,-1.0000,-1.0000,-1.0000,-1.0000,-1.0000,-1.0000,-1.0000,-1.0000,-1.0000,-1.0000,-1.0000,-1.0000,-1.0000,-1.0000,-1.0000,-1.0000,-1.0000,-1.0000,-1.0000,-1.0000,-1.0000,-1.0000,-1.0000,-1.0000,-1.0000,-1.0000,-1.0000,-1.0000,-1.0000,-1.0000,-1.0000,-1.0000,-1.0000,-1.0000,-1.0000,-1.0000,-1.0000,-1.0000,-1.0000,-1.0000,-1.0000,-1.0000,-1.0000,-1.0000,-1.0000,-1.0000,-1.0000,-1.0000,-1.0000,-1.0000,-1.0000,-1.0000,-1.0000,2.0757,2.0789,2.0275,2.0655,2.0439,2.1172,1.9441,1.9215,1.9963,1.8870,1.9889,1.8839,1.9641,1.9242,1.8676,1.8998,1.9954,2.1461,2.1570,2.1635,2.1558,2.1094,2.0975,2.1684,2.0798,2.1222,2.1332,2.1456,2.0963,2.0626,2.1211,2.1444,2.1696,2.1556,2.1501,2.1532,2.1457,2.1242,2.1359,2.1554,1.7390,1.7808,1.7542,1.7439,1.7816,1.7181,1.6751,1.7829,1.7212,1.6742,1.6798,1.6919,1.7618,1.6715,1.6531,1.7011,1.6705,1.6704,1.7193,1.6547,1.7431,1.7161,1.6900,0,1.0000,2.0308,4.6896,1.9317
4,0.0080,-0.4028,-1.7882,1.0114,2.0308,4.6896,1.8728,0.1110,0.1899,0.0000,1.0279,1.0000,-0.0000,0.0002,0.0005,-0.0054,-0.0005,-0.0001,-0.0001,0.0010,0.0008,0.0049,0.0001,0.0002,-0.0001,0.0010,0.0008,-0.0019,-0.0001,-0.0001,0.0008,0.0002,0.0000,0.0000,0.0000,-0.0005,-0.0000,0.0001,0.0002,0.0000,0.0000,0.0000,-0.0154,0.0015,-0.0144,-0.0026,0.0693,0.1098,-0.7234,-0.0454,-0.0090,-0.0696,0.0602,0.1082,0.6328,0.0035,0.0090,-0.0173,0.0083,0.0368,-0.1756,-0.0089,-0.0093,0.0791,0.0277,0.0008,0.0094,-0.0001,-0.0397,0.0011,0.0105,0.0469,0.0009,0.0052,0.0003,-1.0000,-1.0000,-1.0000,-1.0000,-1.0000,-1.0000,-1.0000,-1.0000,-1.0000,-1.0000,-1.0000,-1.0000,-1.0000,-1.0000,-1.0000,-1.0000,-1.0000,-1.0000,-1.0000,-1.0000,-1.0000,-1.0000,-1.0000,-1.0000,-1.0000,-1.0000,-1.0000,-1.0000,-1.0000,-1.0000,-1.0000,-1.0000,-1.0000,-1.0000,-1.0000,-1.0000,-1.0000,-1.0000,-1.0000,-1.0000,-1.0000,-1.0000,-1.0000,-1.0000,-1.0000,-1.0000,-1.0000,-1.0000,-1.0000,-1.0000,-1.0000,-1.0000,-1.0000,-1.0000,-1.0000,-1.0000,-1.0000,-1.0000,-1.0000,-1.0000,-1.0000,-1.0000,-1.0000,-1.0000,-1.0000,-1.0000,-1.0000,-1.0000,-1.0000,-1.0000,-1.0000,-1.0000,-1.0000,-1.0000,-1.0000,-1.0000,-1.0000,-1.0000,-1.0000,-1.0000,-1.0000,-1.0000,-1.0000,-1.0000,-1.0000,-1.0000,-1.0000,-1.0000,-1.0000,-1.0000,-1.0000,-1.0000,-1.0000,-1.0000,-1.0000,-1.0000,-1.0000,-1.0000,-1.0000,-1.0000,-1.0000,-1.0000,-1.0000,-1.0000,-1.0000,-1.0000,-1.0000,-1.0000,-1.0000,-1.0000,-1.0000,-1.0000,-1.0000,-1.0000,-1.0000,-1.0000,-1.0000,-1.0000,-1.0000,-1.0000,-1.0000,2.0757,2.0789,2.0275,2.0655,2.0439,2.1172,1.9441,1.9215,1.9963,1.8870,1.9889,1.8839,1.9641,1.9242,1.8676,1.8998,1.9954,2.1461,2.1570,2.1635,2.1558,2.1094,2.0975,2.1684,2.0798,2.1222,2.1332,2.1456,2.0963,2.0626,2.1211,2.1444,2.1696,2.1556,2.1501,2.1532,2.1457,2.1242,2.1359,2.1554,1.7390,1.7808,1.7542,1.7439,1.7816,1.7181,1.6751,1.7829,1.7212,1.6742,1.6798,1.6919,1.7618,1.6715,1.6531,1.7011,1.6705,1.6704,1.7193,1.6547,1.7431,1.7161,1.6900,0,1.0000,2.0308,4.6896,1.9317
4,0.0080,-0.4028,-1.7882,1.0114,2.0308,4.6896,1.8728,0.1110,0.1899,0.0000,1.0279,1.0000,-0.0000,0.0002,0.0005,-0.0054,-0.0005,-0.0001,-0.0001,0.0010,0.0008,0.0049,0.0001,0.0002,-0.0001,0.0010,0.0008,-0.0019,-0.0001,-0.0001,0.0008,0.0002,0.0000,0.0000,0.0000,-0.0005,-0.0000,0.0001,0.0002,0.0000,0.0000,0.0000,-0.0154,0.0015,-0.0144,-0.0026,0.0693,0.1098,-0.7234,-0.0454,-0.0090,-0.0696,0.0602,0.1082,0.6328,0.0035,0.0090,-0.0173,0.0083,0.0368,-0.1756,-0.0089,-0.0093,0.0791,0.0277,0.0008,0.0094,-0.0001,-0.0397,0.0011,0.0105,0.0469,0.0009,0.0052,0.0003,-1.0000,-1.0000,-1.0000,-1.0000,-1.0000,-1.0000,-1.0000,-1.0000,-1.0000,-1.0000,-1.0000,-1.0000,-1.0000,-1.0000,-1.0000,-1.0000,-1.0000,-1.0000,-1.0000,-1.0000,-1.0000,-1.0000,-1.0000,-1.0000,-1.0000,-1.0000,-1.0000,-1.0000,-1.0000,-1.0000,-1.0000,-1.0000,-1.0000,-1.0000,-1.0000,-1.0000,-1.0000,-1.0000,-1.0000,-1.0000,-1.0000,-1.0000,-1.0000,-1.0000,-1.0000,-1.0000,-1.0000,-1.0000,-1.0000,-1.0000,-1.0000,-1.0000,-1.0000,-1.0000,-1.0000,-1.0000,-1.0000,-1.0000,-1.0000,-1.0000,-1.0000,-1.0000,-1.0000,-1.0000,-1.0000,-1.0000,-1.0000,-1.0000,-1.0000,-1.0000,-1.0000,-1.0000,-1.0000,-1.0000,-1.0000,-1.0000,-1.0000,-1.0000,-1.0000,-1.0000,-1.0000,-1.0000,-1.0000,-1.0000,-1.0000,-1.0000,-1.0000,-1.0000,-1.0000,-1.0000,-1.0000,-1.0000,-1.0000,-1.0000,-1.0000,-1.0000,-1.0000,-1.0000,-1.0000,-1.0000,-1.0000,-1.0000,-1.0000,-1.0000,-1.0000,-1.0000,-1.0000,-1.0000,-1.0000,-1.0000,-1.0000,-1.0000,-1.0000,-1.0000,-1.0000,-1.0000,-1.0000,-1.0000,-1.0000,-1.0000,-1.0000,2.0757,2.0789,2.0275,2.0655,2.0439,2.1172,1.9441,1.9215,1.9963,1.8870,1.9889,1.8839,1.9641,1.9242,1.8676,1.8998,1.9954,2.1461,2.1570,2.1635,2.1558,2.1094,2.0975,2.1684,2.0798,2.1222,2.1332,2.1456,2.0963,2.0626,2.1211,2.1444,2.1696,2.1556,2.1501,2.1532,2.1457,2.1242,2.1359,2.1554,1.7390,1.7808,1.7542,1.7439,1.7816,1.7181,1.6751,1.7829,1.7212,1.6742,1.6798,1.6919,1.7618,1.6715,1.6531,1.7011,1.6705,1.6704,1.7193,1.6547,1.7431,1.7161,1.6900,0,1.0000,2.0308,4.6896,1.9317
4,0.0080,-0.4028,-1.7882,1.0114,2.0308,4.6896,1.8728,0.1110,0.1899,0.0000,1.0279,1.0000,-0.0000,0.0002,0.0005,-0.0054,-0.0005,-0.0001,-0.0001,0.0010,0.0008,0.0049,0.0001,0.0002,-0.0001,0.0010,0.0008,-0.0019,-0.0001,-0.0001,0.0008,0.0002,0.0000,0.0000,0.0000,-0.0005,-0.0000,0.0001,0.0002,0.0000,0.0000,0.0000,-0.0154,0.0015,-0.0144,-0.0026,0.0693,0.1098,-0.7234,-0.0454,-0.0090,-0.0696,0.0602,0.1082,0.6328,0.0035,0.0090,-0.0173,0.0083,0.0368,-0.1756,-0.0089,-0.0093,0.0791,0.0277,0.0008,0.0094,-0.0001,-0.0397,0.0011,0.0105,0.0469,0.0009,0.0052,0.0003,-1.0000,-1.0000,-1.0000,-1.0000,-1.0000,-1.0000,-1.0000,-1.0000,-1.0000,-1.0000,-1.0000,-1.0000,-1.0000,-1.0000,-1.0000,-1.0000,-1.0000,-1.0000,-1.0000,-1.0000,-1.0000,-1.0000,-1.0000,-1.0000,-1.0000,-1.0000,-1.0000,-1.0000,-1.0000,-1.0000,-1.0000,-1.0000,-1.0000,-1.0000,-1.0000,-1.0000,-1.0000,-1.0000,-1.0000,-1.0000,-1.0000,-1.0000,-1.0000,-1.0000,-1.0000,-1.0000,-1.0000,-1.0000,-1.0000,-1.0000,-1.0000,-1.0000,-1.0000,-1.0000,-1.0000,-1.0000,-1.0000,-1.0000,-1.0000,-1.0000,-1.0000,-1.0000,-1.0000,-1.0000,-1.0000,-1.0000,-1.0000,-1.0000,-1.0000,-1.0000,-1.0000,-1.0000,-1.0000,-1.0000,-1.0000,-1.0000,-1.0000,-1.0000,-1.0000,-1.0000,-1.0000,-1.0000,-1.0000,-1.0000,-1.0000,-1.0000,-1.0000,-1.0000,-1.0000,-1.0000,-1.0000,-1.0000,-1.0000,-1.0000,-1.0000,-1.0000,-1.0000,-1.0000,-1.0000,-1.0000,-1.0000,-1.0000,-1.0000,-1.0000,-1.0000,-1.0000,-1.0000,-1.0000,-1.0000,-1.0000,-1.0000,-1.0000,-1.0000,-1.0000,-1.0000,-1.0000,-1.0000,-1.0000,-1.0000,-1.0000,-1.0000,2.0757,2.0789,2.0275,2.0655,2.0439,2.1172,1.9441,1.9215,1.9963,1.8870,1.9889,1.8839,1.9641,1.9242,1.8676,1.8998,1.9954,2.1461,2.1570,2.1635,2.1558,2.1094,2.0975,2.1684,2.0798,2.1222,2.1332,2.1456,2.0963,2.0626,2.1211,2.1444,2.1696,2.1556,2.1501,2.1532,2.1457,2.1242,2.1359,2.1554,1.7390,1.7808,1.7542,1.7439,1.7816,1.7181,1.6751,1.7829,1.7212,1.6742,1.6798,1.6919,1.7618,1.6715,1.6531,1.7011,1.6705,1.6704,1.7193,1.6547,1.7431,1.7161,1.6900,0,1.0000,2.0308,4.6896,1.9317
4,0.0080,-0.4028,-1.7882,1.0114,2.0308,4.6896,1.8728,0.1110,0.1899,0.0000,1.0279,1.0000,-0.0000,0.0002,0.0005,-0.0054,-0.0005,-0.0001,-0.0001,0.0010,0.0008,0.0049,0.0001,0.0002,-0.0001,0.0010,0.0008,-0.0019,-0.0001,-0.0001,0.0008,0.0002,0.0000,0.0000,0.0000,-0.0005,-0.0000,0.0001,0.0002,0.0000,0.0000,0.0000,-0.0154,0.0015,-0.0144,-0.0026,0.0693,0.1098,-0.7234,-0.0454,-0.0090,-0.0696,0.0602,0.1082,0.6328,0.0035,0.0090,-0.0173,0.0083,0.0368,-0.1756,-0.0089,-0.0093,0.0791,0.0277,0.0008,0.0094,-0.0001,-0.0397,0.0011,0.0105,0.0469,0.0009,0.0052,0.0003,-1.0000,-1.0000,-1.0000,-1.0000,-1.0000,-1.0000,-1.0000,-1.0000,-1.0000,-1.0000,-1.0000,-1.0000,-1.0000,-1.0000,-1.0000,-1.0000,-1.0000,-1.0000,-1.0000,-1.0000,-1.0000,-1.0000,-1.0000,-1.0000,-1.0000,-1.0000,-1.0000,-1.0000,-1.0000,-1.0000,-1.0000,-1.0000,-1.0000,-1.0000,-1.0000,-1.0000,-1.0000,-1.0000,-1.0000,-1.0000,-1.0000,-1.0000,-1.0000,-1.0000,-1.0000,-1.0000,-1.0000,-1.0000,-1.0000,-1.0000,-1.0000,-1.0000,-1.0000,-1.0000,-1.0000,-1.0000,-1.0000,-1.0000,-1.0000,-1.0000,-1.0000,-1.0000,-1.0000,-1.0000,-1.0000,-1.0000,-1.0000,-1.0000,-1.0000,-1.0000,-1.0000,-1.0000,-1.0000,-1.0000,-1.0000,-1.0000,-1.0000,-1.0000,-1.0000,-1.0000,-1.0000,-1.0000,-1.0000,-1.0000,-1.0000,-1.0000,-1.0000,-1.0000,-1.0000,-1.0000,-1.0000,-1.0000,-1.0000,-1.0000,-1.0000,-1.0000,-1.0000,-1.0000,-1.0000,-1.0000,-1.0000,-1.0000,-1.0000,-1.0000,-1.0000,-1.0000,-1.0000,-1.0000,-1.0000,-1.0000,-1.0000,-1.0000,-1.0000,-1.0000,-1.0000,-1.0000,-1.0000,-1.0000,-1.0000,-1.0000,-1.0000,2.0757,2.0789,2.0275,2.0655,2.0439,2.1172,1.9441,1.9215,1.9963,1.8870,1.9889,1.8839,1.9641,1.9242,1.8676,1.8998,1.9954,2.1461,2.1570,2.1635,2.1558,2.1094,2.0975,2.1684,2.0798,2.1222,2.1332,2.1456,2.0963,2.0626,2.1211,2.1444,2.1696,2.1556,2.1501,2.1532,2.1457,2.1242,2.1359,2.1554,1.7390,1.7808,1.7542,1.7439,1.7816,1.7181,1.6751,1.7829,1.7212,1.6742,1.6798,1.6919,1.7618,1.6715,1.6531,1.7011,1.6705,1.6704,1.7193,1.6547,1.7431,1.7161,1.6900,0,1.0000,2.0308,4.6896,1.9317
4,0.0080,-0.4028,-1.7882,1.0114,2.0308,4.6896,1.8728,0.1110,0.1899,0.0000,1.0279,1.0000,-0.0000,0.0002,0.0005,-0.0054,-0.0005,-0.0001,-0.0001,0.0010,0.0008,0.0049,0.0001,0.0002,-0.0001,0.0010,0.0008,-0.0019,-0.0001,-0.0001,0.0008,0.0002,0.0000,0.0000,0.0000,-0.0005,-0.0000,0.0001,0.0002,0.0000,0.0000,0.0000,-0.0154,0.0015,-0.0144,-0.0026,0.0693,0.1098,-0.7234,-0.0454,-0.0090,-0.0696,0.0602,0.1082,0.6328,0.0035,0.0090,-0.0173,0.0083,0.0368,-0.1756,-0.0089,-0.0093,0.0791,0.0277,0.0008,0.0094,-0.0001,-0.0397,0.0011,0.0105,0.0469,0.0009,0.0052,0.0003,-1.0000,-1.0000,-1.0000,-1.0000,-1.0000,-1.0000,-1.0000,-1.0000,-1.0000,-1.0000,-1.0000,-1.0000,-1.0000,-1.0000,-1.0000,-1.0000,-1.0000,-1.0000,-1.0000,-1.0000,-1.0000,-1.0000,-1.0000,-1.0000,-1.0000,-1.0000,-1.0000,-1.0000,-1.0000,-1.0000,-1.0000,-1.0000,-1.0000,-1.0000,-1.0000,-1.0000,-1.0000,-1.0000,-1.0000,-1.0000,-1.0000,-1.0000,-1.0000,-1.0000,-1.0000,-1.0000,-1.0000,-1.0000,-1.0000,-1.0000,-1.0000,-1.0000,-1.0000,-1.0000,-1.0000,-1.0000,-1.0000,-1.0000,-1.0000,-1.0000,-1.0000,-1.0000,-1.0000,-1.0000,-1.0000,-1.0000,-1.0000,-1.0000,-1.0000,-1.0000,-1.0000,-1.0000,-1.0000,-1.0000,-1.0000,-1.0000,-1.0000,-1.0000,-1.0000,-1.0000,-1.0000,-1.0000,-1.0000,-1.0000,-1.0000,-1.0000,-1.0000,-1.0000,-1.0000,-1.0000,-1.0000,-1.0000,-1.0000,-1.0000,-1.0000,-1.0000,-1.0000,-1.0000,-1.0000,-1.0000,-1.0000,-1.0000,-1.0000,-1.0000,-1.0000,-1.0000,-1.0000,-1.0000,-1.0000,-1.0000,-1.0000,-1.0000,-1.0000,-1.0000,-1.0000,-1.0000,-1.0000,-1.0000,-1.0000,-1.0000,-1.0000,2.0757,2.0789,2.0275,2.0655,2.0439,2.1172,1.9441,1.9215,1.9963,1.8870,1.9889,1.8839,1.9641,1.9242,1.8676,1.8998,1.9954,2.1461,2.1570,2.1635,2.1558,2.1094,2.0975,2.1684,2.0798,2.1222,2.1332,2.1456,2.0963,2.0626,2.1211,2.1444,2.1696,2.1556,2.1501,2.1532,2.1457,2.1242,2.1359,2.1554,1.7390,1.7808,1.7542,1.7439,1.7816,1.7181,1.6751,1.7829,1.7212,1.6742,1.6798,1.6919,1.7618,1.6715,1.6531,1.7011,1.6705,1.6704,1.7193,1.6547,1.7431,1.7161,1.6900,0,1.0000,2.0308,4.6896,1.9317
4,0.0080,-0.4028,-1.7882,1.0114,2.0308,4.6896,1.8728,0.1110,0.1899,0.0000,1.0279,1.0000,-0.0000,0.0002,0.0005,-0.0054,-0.0005,-0.0001,-0.0001,0.0010,0.0008,0.0049,0.0001,0.0002,-0.0001,0.0010,0.0008,-0.0019,-0.0001,-0.0001,0.0008,0.0002,0.0000,0.0000,0.0000,-0.0005,-0.0000,0.0001,0.0002,0.0000,0.0000,0.0000,-0.0154,0.0015,-0.0144,-0.0026,0.0693,0.1098,-0.7234,-0.0454,-0.0090,-0.0696,0.0602,0.1082,0.6328,0.0035,0.0090,-0.0173,0.0083,0.0368,-0.1756,-0.0089,-0.0093,0.0791,0.0277,0.0008,0.0094,-0.0001,-0.0397,0.0011,0.0105,0.0469,0.0009,0.0052,0.0003,-1.0000,-1.0000,-1.0000,-1.0000,-1.0000,-1.0000,-1.0000,-1.0000,-1.0000,-1.0000,-1.0000,-1.0000,-1.0000,-1.0000,-1.0000,-1.0000,-1.0000,-1.0000,-1.0000,-1.0000,-1.0000,-1.0000,-1.0000,-1.0000,-1.0000,-1.0000,-1.0000,-1.0000,-1.0000,-1.0000,-1.0000,-1.0000,-1.0000,-1.0000,-1.0000,-1.0000,-1.0000,-1.0000,-1.0000,-1.0000,-1.0000,-1.0000,-1.0000,-1.0000,-1.0000,-1.0000,-1.0000,-1.0000,-1.0000,-1.0000,-1.0000,-1.0000,-1.0000,-1.0000,-1.0000,-1.0000,-1.0000,-1.0000,-1.0000,-1.0000,-1.0000,-1.0000,-1.0000,-1.0000,-1.0000,-1.0000,-1.0000,-1.0000,-1.0000,-1.0000,-1.0000,-1.0000,-1.0000,-1.0000,-1.0000,-1.0000,-1.0000,-1.0000,-1.0000,-1.0000,-1.0000,-1.0000,-1.0000,-1.0000,-1.0000,-1.0000,-1.0000,-1.0000,-1.0000,-1.0000,-1.0000,-1.0000,-1.0000,-1.0000,-1.0000,-1.0000,-1.0000,-1.0000,-1.0000,-1.0000,-1.0000,-1.0000,-1.0000,-1.0000,-1.0000,-1.0000,-1.0000,-1.0000,-1.0000,-1.0000,-1.0000,-1.0000,-1.0000,-1.0000,-1.0000,-1.0000,-1.0000,-1.0000,-1.0000,-1.0000,-1.0000,2.0757,2.0789,2.0275,2.0655,2.0439,2.1172,1.9441,1.9215,1.9963,1.8870,1.9889,1.8839,1.9641,1.9242,1.8676,1.8998,1.9954,2.1461,2.1570,2.1635,2.1558,2.1094,2.0975,2.1684,2.0798,2.1222,2.1332,2.1456,2.0963,2.0626,2.1211,2.1444,2.1696,2.1556,2.1501,2.1532,2.1457,2.1242,2.1359,2.1554,1.7390,1.7808,1.7542,1.7439,1.7816,1.7181,1.6751,1.7829,1.7212,1.6742,1.6798,1.6919,1.7618,1.6715,1.6531,1.7011,1.6705,1.6704,1.7193,1.6547,1.7431,1.7161,1.6900,0,1.0000,2.0308,4.6896,1.9317
4,0.0080,-0.4028,-1.7882,1.0114,2.0308,4.6896,1.8728,0.1110,0.1899,0.0000,1.0279,1.0000,-0.0000,0.0002,0.0005,-0.0054,-0.0005,-0.0001,-0.0001,0.0010,0.0008,0.0049,0.0001,0.0002,-0.0001,0.0010,0.0008,-0.0019,-0.0001,-0.0001,0.0008,0.0002,0.0000,0.0000,0.0000,-0.0005,-0.0000,0.0001,0.0002,0.0000,0.0000,0.0000,-0.0154,0.0015,-0.0144,-0.0026,0.0693,0.1098,-0.7234,-0.0454,-0.0090,-0.0696,0.0602,0.1082,0.6328,0.0035,0.0090,-0.0173,0.0083,0.0368,-0.1756,-0.0089,-0.0093,0.0791,0.0277,0.0008,0.0094,-0.0001,-0.0397,0.0011,0.0105,0.0469,0.0009,0.0052,0.0003,-1.0000,-1.0000,-1.0000,-1.0000,-1.0000,-1.0000,-1.0000,-1.0000,-1.0000,-1.0000,-1.0000,-1.0000,-1.0000,-1.0000,-1.0000,-1.0000,-1.0000,-1.0000,-1.0000,-1.0000,-1.0000,-1.0000,-1.0000,-1.0000,-1.0000,-1.0000,-1.0000,-1.0000,-1.0000,-1.0000,-1.0000,-1.0000,-1.0000,-1.0000,-1.0000,-1.0000,-1.0000,-1.0000,-1.0000,-1.0000,-1.0000,-1.0000,-1.0000,-1.0000,-1.0000,-1.0000,-1.0000,-1.0000,-1.0000,-1.0000,-1.0000,-1.0000,-1.0000,-1.0000,-1.0000,-1.0000,-1.0000,-1.0000,-1.0000,-1.0000,-1.0000,-1.0000,-1.0000,-1.0000,-1.0000,-1.0000,-1.0000,-1.0000,-1.0000,-1.0000,-1.0000,-1.0000,-1.0000,-1.0000,-1.0000,-1.0000,-1.0000,-1.0000,-1.0000,-1.0000,-1.0000,-1.0000,-1.0000,-1.0000,-1.0000,-1.0000,-1.0000,-1.0000,-1.0000,-1.0000,-1.0000,-1.0000,-1.0000,-1.0000,-1.0000,-1.0000,-1.0000,-1.0000,-1.0000,-1.0000,-1.0000,-1.0000,-1.0000,-1.0000,-1.0000,-1.0000,-1.0000,-1.0000,-1.0000,-1.0000,-1.0000,-1.0000,-1.0000,-1.0000,-1.0000,-1.0000,-1.0000,-1.0000,-1.0000,-1.0000,-1.0000,2.0757,2.0789,2.0275,2.0655,2.0439,2.1172,1.9441,1.9215,1.9963,1.8870,1.9889,1.8839,1.9641,1.9242,1.8676,1.8998,1.9954,2.1461,2.1570,2.1635,2.1558,2.1094,2.0975,2.1684,2.0798,2.1222,2.1332,2.1456,2.0963,2.0626,2.1211,2.1444,2.1696,2.1556,2.1501,2.1532,2.1457,2.1242,2.1359,2.1554,1.7390,1.7808,1.7542,1.7439,1.7816,1.7181,1.6751,1.7829,1.7212,1.6742,1.6798,1.6919,1.7618,1.6715,1.6531,1.7011,1.6705,1.6704,1.7193,1.6547,1.7431,1.7161,1.6900,0,1.0000,2.0308,4.6896,1.9317
5,0.0100,-0.3987,-1.7788,1.0151,2.0308,4.6896,1.8532,0.1110,0.1899,0.0000,1.0279,1.0000,-0.0000,0.0003,0.0006,-0.0068,-0.0006,-0.0002,-0.0003,0.0011,0.0010,0.0061,0.0001,0.0002,-0.0001,0.0009,0.0008,-0.0022,-0.0001,-0.0001,0.0010,0.0002,0.0000,0.0001,0.0000,-0.0006,0.0000,0.0002,0.0004,0.0000,0.0000,0.0000,-0.0147,0.0016,-0.0166,-0.0023,0.0750,0.1023,-0.7014,-0.0219,-0.0055,-0.1266,0.0528,0.1118,0.6026,0.0041,0.0069,-0.0258,-0.0663,-0.0124,-0.1459,-0.0012,-0.0079,0.0669,0.0336,0.0009,0.0118,-0.0002,-0.0203,0.0040,0.0032,0.0662,0.0009,0.0057,0.0002,-1.0000,-1.0000,-1.0000,-1.0000,-1.0000,-1.0000,-1.0000,-1.0000,-1.0000,-1.0000,-1.0000,-1.0000,-1.0000,-1.0000,-1.0000,-1.0000,-1.0000,-1.0000,-1.0000,-1.0000,-1.0000,-1.0000,-1.0000,-1.0000,-1.0000,-1.0000,-1.0000,-1.0000,-1.0000,-1.0000,-1.0000,-1.0000,-1.0000,-1.0000,-1.0000,-1.0000,-1.0000,-1.0000,-1.0000,-1.0000,-1.0000,-1.0000,-1.0000,-1.0000,-1.0000,-1.0000,-1.0000,-1.0000,-1.0000,-1.0000,-1.0000,-1.0000,-1.0000,-1.0000,-1.0000,-1.0000,-1.0000,-1.0000,-1.0000,-1.0000,-1.0000,-1.0000,-1.0000,-1.0000,-1.0000,-1.0000,-1.0000,-1.0000,-1.0000,-1.0000,-1.0000,-1.0000,-1.0000,-1.0000,-1.0000,-1.0000,-1.0000,-1.0000,-1.0000,-1.0000,-1.0000,-1.0000,-1.0000,-1.0000,-1.0000,-1.0000,-1.0000,-1.0000,-1.0000,-1.0000,-1.0000,-1.0000,-1.0000,-1.0000,-1.0000,-1.0000,-1.0000,-1.0000,-1.0000,-1.0000,-1.0000,-1.0000,-1.0000,-1.0000,-1.0000,-1.0000,-1.0000,-1.0000,-1.0000,-1.0000,-1.0000,-1.0000,-1.0000,-1.0000,-1.0000,-1.0000,-1.0000,-1.0000,-1.0000,-1.0000,-1.0000,2.0649,2.0680,2.0167,2.0547,2.0330,2.1064,1.9337,1.9108,1.9855,1.8764,1.9783,1.8731,1.9535,1.9134,1.8570,1.8891,1.9848,2.1354,2.1462,2.1528,2.1451,2.0987,2.0869,2.1578,2.0691,2.1117,2.1227,2.1351,2.0859,2.0521,2.1107,2.1341,2.1592,2.1452,2.1398,2.1428,2.1353,2.1137,2.1256,2.1450,1.7282,1.7700,1.7434,1.7331,1.7708,1.7073,1.6643,1.7722,1.7105,1.6635,1.6691,1.6813,1.7511,1.6609,1.6427,1.6906,1.6600,1.6600,1.7088,1.6442,1.7326,1.7057,1.6796,0,1.0000,2.0308,4.6896,1.9317
5,0.0100,-0.3987,-1.7788,1.0151,2.0308,4.6896,1.8532,0.1110,0.1899,0.0000,1.0279,1.0000,-0.0000,0.0003,0.0006,-0.0068,-0.0006,-0.0002,-0.0003,0.0011,0.0010,0.0061,0.0001,0.0002,-0.0001,0.0009,0.0008,-0.0022,-0.0001,-0.0001,0.0010,0.0002,0.0000,0.0001,0.0000,-0.0006,0.0000,0.0002,0.0004,0.0000,0.0000,0.0000,-0.0147,0.0016,-0.0166,-0.0023,0.0750,0.1023,-0.7014,-0.0219,-0.0055,-0.1266,0.0528,0.1118,0.6026,0.0041,0.0069,-0.0258,-0.0663,-0.0124,-0.1459,-0.0012,-0.0079,0.0669,0.0336,0.0009,0.0118,-0.0002,-0.0203,0.0040,0.0032,0.0662,0.0009,0.0057,0.0002,-1.0000,-1.0000,-1.0000,-1.0000,-1.0000,-1.0000,-1.0000,-1.0000,-1.0000,-1.0000,-1.0000,-1.0000,-1.0000,-1.0000,-1.0000,-1.0000,-1.0000,-1.0000,-1.0000,-1.0000,-1.0000,-1.0000,-1.0000,-1.0000,-1.0000,-1.0000,-1.0000,-1.0000,-1.0000,-1.0000,-1.0000,-1.0000,-1.0000,-1.0000,-1.0000,-1.0000,-1.0000,-1.0000,-1.0000,-1.0000,-1.0000,-1.0000,-1.0000,-1.0000,-1.0000,-1.0000,-1.0000,-1.0000,-1.0000,-1.0000,-1.0000,-1.0000,-1.0000,-1.0000,-1.0000,-1.0000,-1.0000,-1.0000,-1.0000,-1.0000,-1.0000,-1.0000,-1.0000,-1.0000,-1.0000,-1.0000,-1.0000,-1.0000,-1.0000,-1.0000,-1.0000,-1.0000,-1.0000,-1.0000,-1.0000,-1.0000,-1.0000,-1.0000,-1.0000,-1.0000,-1.0000,-1.0000,-1.0000,-1.0000,-1.0000,-1.0000,-1.0000,-1.0000,-1.0000,-1.0000,-1.0000,-1.0000,-1.0000,-1.0000,-1.0000,-1.0000,-1.0000,-1.0000,-1.0000,-1.0000,-1.0000,-1.0000,-1.0000,-1.0000,-1.0000,-1.0000,-1.0000,-1.0000,-1.0000,-1.0000,-1.0000,-1.0000,-1.0000,-1.0000,-1.0000,-1.0000,-1.0000,-1.0000,-1.0000,-1.0000,-1.0000,2.0649,2.0680,2.0167,2.0547,2.0330,2.1064,1.9337,1.9108,1.9855,1.8764,1.9783,1.8731,1.9535,1.9134,1.8570,1.8891,1.9848,2.1354,2.1462,2.1528,2.1451,2.0987,2.0869,2.1578,2.0691,2.1117,2.1227,2.1351,2.0859,2.0521,2.1107,2.1341,2.1592,2.1452,2.1398,2.1428,2.1353,2.1137,2.1256,2.1450,1.7282,1.7700,1.7434,1.7331,1.7708,1.7073,1.6643,1.7722,1.7105,1.6635,1.6691,1.6813,1.7511,1.6609,1.6427,1.6906,1.6600,1.6600,1.7088,1.6442,1.7326,1.7057,1.6796,0,1.0000,2.0308,4.6896,1.9317
5,0.0100,-0.3987,-1.7788,1.0151,2.0308,4.6896,1.8532,0.1110,0.1899,0.0000,1.0279,1.0000,-0.0000,0.0003,0.0006,-0.0068,-0.0006,-0.0002,-0.0003,0.0011,0.0010,0.0061,0.0001,0.0002,-0.0001,0.0009,0.0008,-0.0022,-0.0001,-0.0001,0.0010,0.0002,0.0000,0.0001,0.0000,-0.0006,0.0000,0.0002,0.0004,0.0000,0.0000,0.0000,-0.0147,0.0016,-0.0166,-0.0023,0.0750,0.1023,-0.7014,-0.0219,-0.0055,-0.1266,0.0528,0.1118,0.6026,0.0041,0.0069,-0.0258,-0.0663,-0.0124,-0.1459,-0.0012,-0.0079,0.0669,0.0336,0.0009,0.0118,-0.0002,-0.0203,0.0040,0.0032,0.0662,0.0009,0.0057,0.0002,-1.0000,-1.0000,-1.0000,-1.0000,-1.0000,-1.0000,-1.0000,-1.0000,-1.0000,-1.0000,-1.0000,-1.0000,-1.0000,-1.0000,-1.0000,-1.0000,-1.0000,-1.0000,-1.0000,-1.0000,-1.0000,-1.0000,-1.0000,-1.0000,-1.0000,-1.0000,-1.0000,-1.0000,-1.0000,-1.0000,-1.0000,-1.0000,-1.0000,-1.0000,-1.0000,-1.0000,-1.0000,-1.0000,-1.0000,-1.0000,-1.0000,-1.0000,-1.0000,-1.0000,-1.0000,-1.0000,-1.0000,-1.0000,-1.0000,-1.0000,-1.0000,-1.0000,-1.0000,-1.0000,-1.0000,-1.0000,-1.0000,-1.0000,-1.0000,-1.0000,-1.0000,-1.0000,-1.0000,-1.0000,-1.0000,-1.0000,-1.0000,-1.0000,-1.0000,-1.0000,-1.0000,-1.0000,-1.0000,-1.0000,-1.0000,-1.0000,-1.0000,-1.0000,-1.0000,-1.0000,-1.0000,-1.0000,-1.0000,-1.0000,-1.0000,-1.0000,-1.0000,-1.0000,-1.0000,-1.0000,-1.0000,-1.0000,-1.0000,-1.0000,-1.0000,-1.0000,-1.0000,-1.0000,-1.0000,-1.0000,-1.0000,-1.0000,-1.0000,-1.0000,-1.0000,-1.0000,-1.0000,-1.0000,-1.0000,-1.0000,-1.0000,-1.0000,-1.0000,-1.0000,-1.0000,-1.0000,-1.0000,-1.0000,-1.0000,-1.0000,-1.0000,2.0649,2.0680,2.0167,2.0547,2.0330,2.1064,1.9337,1.9108,1.9855,1.8764,1.9783,1.8731,1.9535,1.9134,1.8570,1.8891,1.9848,2.1354,2.1462,2.1528,2.1451,2.0987,2.0869,2.1578,2.0691,2.1117,2.1227,2.1351,2.0859,2.0521,2.1107,2.1341,2.1592,2.1452,2.1398,2.1428,2.1353,2.1137,2.1256,2.1450,1.7282,1.7700,1.7434,1.7331,1.7708,1.7073,1.6643,1.7722,1.7105,1.6635,1.6691,1.6813,1.7511,1.6609,1.6427,1.6906,1.6600,1.6600,1.7088,1.6442,1.7326,1.7057,1.6796,0,1.0000,2.0308,4.6896,1.9317
5,0.0100,-0.3987,-1.7788,1.0151,2.0308,4.6896,1.8532,0.1110,0.1899,0.0000,1.0279,1.0000,-0.0000,0.0003,0.0006,-0.0068,-0.0006,-0.0002,-0.0003,0.0011,0.0010,0.0061,0.0001,0.0002,-0.0001,0.0009,0.0008,-0.0022,-0.0001,-0.0001,0.0010,0.0002,0.0000,0.0001,0.0000,-0.0006,0.0000,0.0002,0.0004,0.0000,0.0000,0.0000,-0.0147,0.0016,-0.0166,-0.0023,0.0750,0.1023,-0.7014,-0.0219,-0.0055,-0.1266,0.0528,0.1118,0.6026,0.0041,0.0069,-0.0258,-0.0663,-0.0124,-0.1459,-0.0012,-0.0079,0.0669,0.0336,0.0009,0.0118,-0.0002,-0.0203,0.0040,0.0032,0.0662,0.0009,0.0057,0.0002,-1.0000,-1.0000,-1.0000,-1.0000,-1.0000,-1.0000,-1.0000,-1.0000,-1.0000,-1.0000,-1.0000,-1.0000,-1.0000,-1.0000,-1.0000,-1.0000,-1.0000,-1.0000,-1.0000,-1.0000,-1.0000,-1.0000,-1.0000,-1.0000,-1.0000,-1.0000,-1.0000,-1.0000,-1.0000,-1.0000,-1.0000,-1.0000,-1.0000,-1.0000,-1.0000,-1.0000,-1.0000,-1.0000,-1.0000,-1.0000,-1.0000,-1.0000,-1.0000,-1.0000,-1.0000,-1.0000,-1.0000,-1.0000,-1.0000,-1.0000,-1.0000,-1.0000,-1.0000,-1.0000,-1.0000,-1.0000,-1.0000,-1.0000,-1.0000,-1.0000,-1.0000,-1.0000,-1.0000,-1.0000,-1.0000,-1.0000,-1.0000,-1.0000,-1.0000,-1.0000,-1.0000,-1.0000,-1.0000,-1.0000,-1.0000,-1.0000,-1.0000,-1.0000,-1.0000,-1.0000,-1.0000,-1.0000,-1.0000,-1.0000,-1.0000,-1.0000,-1.0000,-1.0000,-1.0000,-1.0000,-1.0000,-1.0000,-1.0000,-1.0000,-1.0000,-1.0000,-1.0000,-1.0000,-1.0000,-1.0000,-1.0000,-1.0000,-1.0000,-1.0000,-1.0000,-1.0000,-1.0000,-1.0000,-1.0000,-1.0000,-1.0000,-1.0000,-1.0000,-1.0000,-1.0000,-1.0000,-1.0000,-1.0000,-1.0000,-1.0000,-1.0000,2.0649,2.0680,2.0167,2.0547,2.0330,2.1064,1.9337,1.9108,1.9855,1.8764,1.9783,1.8731,1.9535,1.9134,1.8570,1.8891,1.9848,2.1354,2.1462,2.1528,2.1451,2.0987,2.0869,2.1578,2.0691,2.1117,2.1227,2.1351,2.0859,2.0521,2.1107,2.1341,2.1592,2.1452,2.1398,2.1428,2.1353,2.1137,2.1256,2.1450,1.7282,1.7700,1.7434,1.7331,1.7708,1.7073,1.6643,1.7722,1.7105,1.6635,1.6691,1.6813,1.7511,1.6609,1.6427,1.6906,1.6600,1.6600,1.7088,1.6442,1.7326,1.7057,1.6796,0,1.0000,2.0308,4.6896,1.9317
5,0.0100,-0.3987,-1.7788,1.0151,2.0308,4.6896,1.8532,0.1110,0.1899,0.0000,1.0279,1.0000,-0.0000,0.0003,0.0006,-0.0068,-0.0006,-0.0002,-0.0003,0.0011,0.0010,0.0061,0.0001,0.0002,-0.0001,0.0009,0.0008,-0.0022,-0.0001,-0.0001,0.0010,0.0002,0.0000,0.0001,0.0000,-0.0006,0.0000,0.0002,0.0004,0.0000,0.0000,0.0000,-0.0147,0.0016,-0.0166,-0.0023,0.0750,0.1023,-0.7014,-0.0219,-0.0055,-0.1266,0.0528,0.1118,0.6026,0.0041,0.0069,-0.0258,-0.0663,-0.0124,-0.1459,-0.0012,-0.0079,0.0669,0.0336,0.0009,0.0118,-0.0002,-0.0203,0.0040,0.0032,0.0662,0.0009,0.0057,0.0002,-1.0000,-1.0000,-1.0000,-1.0000,-1.0000,-1.0000,-1.0000,-1.0000,-1.0000,-1.0000,-1.0000,-1.0000,-1.0000,-1.0000,-1.0000,-1.0000,-1.0000,-1.0000,-1.0000,-1.0000,-1.0000,-1.0000,-1.0000,-1.0000,-1.0000,-1.0000,-1.0000,-1.0000,-1.0000,-1.0000,-1.0000,-1.0000,-1.0000,-1.0000,-1.0000,-1.0000,-1.0000,-1.0000,-1.0000,-1.0000,-1.0000,-1.0000,-1.0000,-1.0000,-1.0000,-1.0000,-1.0000,-1.0000,-1.0000,-1.0000,-1.0000,-1.0000,-1.0000,-1.0000,-1.0000,-1.0000,-1.0000,-1.0000,-1.0000,-1.0000,-1.0000,-1.0000,-1.0000,-1.0000,-1.0000,-1.0000,-1.0000,-1.0000,-1.0000,-1.0000,-1.0000,-1.0000,-1.0000,-1.0000,-1.0000,-1.0000,-1.0000,-1.0000,-1.0000,-1.0000,-1.0000,-1.0000,-1.0000,-1.0000,-1.0000,-1.0000,-1.0000,-1.0000,-1.0000,-1.0000,-1.0000,-1.0000,-1.0000,-1.0000,-1.0000,-1.0000,-1.0000,-1.0000,-1.0000,-1.0000,-1.0000,-1.0000,-1.0000,-1.0000,-1.0000,-1.0000,-1.0000,-1.0000,-1.0000,-1.0000,-1.0000,-1.0000,-1.0000,-1.0000,-1.0000,-1.0000,-1.0000,-1.0000,-1.0000,-1.0000,-1.0000,2.0649,2.0680,2.0167,2.0547,2.0330,2.1064,1.9337,1.9108,1.9855,1.8764,1.9783,1.8731,1.9535,1.9134,1.8570,1.8891,1.9848,2.1354,2.1462,2.1528,2.1451,2.0987,2.0869,2.1578,2.0691,2.1117,2.1227,2.1351,2.0859,2.0521,2.1107,2.1341,2.1592,2.1452,2.1398,2.1428,2.1353,2.1137,2.1256,2.1450,1.7282,1.7700,1.7434,1.7331,1.7708,1.7073,1.6643,1.7722,1.7105,1.6635,1.6691,1.6813,1.7511,1.6609,1.6427,1.6906,1.6600,1.6600,1.7088,1.6442,1.7326,1.7057,1.6796,0,1.0000,2.0308,4.6896,1.9317
5,0.0100,-0.3987,-1.7788,1.0151,2.0308,4.6896,1.8532,0.1110,0.1899,0.0000,1.0279,1.0000,-0.0000,0.0003,0.0006,-0.0068,-0.0006,-0.0002,-0.0003,0.0011,0.0010,0.0061,0.0001,0.0002,-0.0001,0.0009,0.0008,-0.0022,-0.0001,-0.0001,0.0010,0.0002,0.0000,0.0001,0.0000,-0.0006,0.0000,0.0002,0.0004,0.0000,0.0000,0.0000,-0.0147,0.0016,-0.0166,-0.0023,0.0750,0.1023,-0.7014,-0.0219,-0.0055,-0.1266,0.0528,0.1118,0.6026,0.0041,0.0069,-0.0258,-0.0663,-0.0124,-0.1459,-0.0012,-0.0079,0.0669,0.0336,0.0009,0.0118,-0.0002,-0.0203,0.0040,0.0032,0.0662,0.0009,0.0057,0.0002,-1.0000,-1.0000,-1.0000,-1.0000,-1.0000,-1.0000,-1.0000,-1.0000,-1.0000,-1.0000,-1.0000,-1.0000,-1.0000,-1.0000,-1.0000,-1.0000,-1.0000,-1.0000,-1.0000,-1.0000,-1.0000,-1.0000,-1.0000,-1.0000,-1.0000,-1.0000,-1.0000,-1.0000,-1.0000,-1.0000,-1.0000,-1.0000,-1.0000,-1.0000,-1.0000,-1.0000,-1.0000,-1.0000,-1.0000,-1.0000,-1.0000,-1.0000,-1.0000,-1.0000,-1.0000,-1.0000,-1.0000,-1.0000,-1.0000,-1.0000,-1.0000,-1.0000,-1.0000,-1.0000,-1.0000,-1.0000,-1.0000,-1.0000,-1.0000,-1.0000,-1.0000,-1.0000,-1.0000,-1.0000,-1.0000,-1.0000,-1.0000,-1.0000,-1.0000,-1.0000,-1.0000,-1.0000,-1.0000,-1.0000,-1.0000,-1.0000,-1.0000,-1.0000,-1.0000,-1.0000,-1.0000,-1.0000,-1.0000,-1.0000,-1.0000,-1.0000,-1.0000,-1.0000,-1.0000,-1.0000,-1.0000,-1.0000,-1.0000,-1.0000,-1.0000,-1.0000,-1.0000,-1.0000,-1.0000,-1.0000,-1.0000,-1.0000,-1.0000,-1.0000,-1.0000,-1.0000,-1.0000,-1.0000,-1.0000,-1.0000,-1.0000,-1.0000,-1.0000,-1.0000,-1.0000,-1.0000,-1.0000,-1.0000,-1.0000,-1.0000,-1.0000,2.0649,2.0680,2.0167,2.0547,2.0330,2.1064,1.9337,1.9108,1.9855,1.8764,1.9783,1.8731,1.9535,1.9134,1.8570,1.8891,1.9848,2.1354,2.1462,2.1528,2.1451,2.0987,2.0869,2.1578,2.0691,2.1117,2.1227,2.1351,2.0859,2.0521,2.1107,2.1341,2.1592,2.1452,2.1398,2.1428,2.1353,2.1137,2.1256,2.1450,1.7282,1.7700,1.7434,1.7331,1.7708,1.7073,1.6643,1.7722,1.7105,1.6635,1.6691,1.6813,1.7511,1.6609,1.6427,1.6906,1.6600,1.6600,1.7088,1.6442,1.7326,1.7057,1.6796,0,1.0000,2.0308,4.6896,1.9317
5,0.0100,-0.3987,-1.7788,1.0151,2.0308,4.6896,1.8532,0.1110,0.1899,0.0000,1.0279,1.0000,-0.0000,0.0003,0.0006,-0.0068,-0.0006,-0.0002,-0.0003,0.0011,0.0010,0.0061,0.0001,0.0002,-0.0001,0.0009,0.0008,-0.0022,-0.0001,-0.0001,0.0010,0.0002,0.0000,0.0001,0.0000,-0.0006,0.0000,0.0002,0.0004,0.0000,0.0000,0.0000,-0.0147,0.0016,-0.0166,-0.0023,0.0750,0.1023,-0.7014,-0.0219,-0.0055,-0.1266,0.0528,0.1118,0.6026,0.0041,0.0069,-0.0258,-0.0663,-0.0124,-0.1459,-0.0012,-0.0079,0.0669,0.0336,0.0009,0.0118,-0.0002,-0.0203,0.0040,0.0032,0.0662,0.0009,0.0057,0.0002,-1.0000,-1.0000,-1.0000,-1.0000,-1.0000,-1.0000,-1.0000,-1.0000,-1.0000,-1.0000,-1.0000,-1.0000,-1.0000,-1.0000,-1.0000,-1.0000,-1.0000,-1.0000,-1.0000,-1.0000,-1.0000,-1.0000,-1.0000,-1.0000,-1.0000,-1.0000,-1.0000,-1.0000,-1.0000,-1.0000,-1.0000,-1.0000,-1.0000,-1.0000,-1.0000,-1.0000,-1.0000,-1.0000,-1.0000,-1.0000,-1.0000,-1.0000,-1.0000,-1.0000,-1.0000,-1.0000,-1.0000,-1.0000,-1.0000,-1.0000,-1.0000,-1.0000,-1.0000,-1.0000,-1.0000,-1.0000,-1.0000,-1.0000,-1.0000,-1.0000,-1.0000,-1.0000,-1.0000,-1.0000,-1.0000,-1.0000,-1.0000,-1.0000,-1.0000,-1.0000,-1.0000,-1.0000,-1.0000,-1.0000,-1.0000,-1.0000,-1.0000,-1.0000,-1.0000,-1.0000,-1.0000,-1.0000,-1.0000,-1.0000,-1.0000,-1.0000,-1.0000,-1.0000,-1.0000,-1.0000,-1.0000,-1.0000,-1.0000,-1.0000,-1.0000,-1.0000,-1.0000,-1.0000,-1.0000,-1.0000,-1.0000,-1.0000,-1.0000,-1.0000,-1.0000,-1.0000,-1.0000,-1.0000,-1.0000,-1.0000,-1.0000,-1.0000,-1.0000,-1.0000,-1.0000,-1.0000,-1.0000,-1.0000,-1.0000,-1.0000,-1.0000,2.0649,2.0680,2.0167,2.0547,2.0330,2.1064,1.9337,1.9108,1.9855,1.8764,1.9783,1.8731,1.9535,1.9134,1.8570,1.8891,1.9848,2.1354,2.1462,2.1528,2.1451,2.0987,2.0869,2.1578,2.0691,2.1117,2.1227,2.1351,2.0859,2.0521,2.1107,2.1341,2.1592,2.1452,2.1398,2.1428,2.1353,2.1137,2.1256,2.1450,1.7282,1.7700,1.7434,1.7331,1.7708,1.7073,1.6643,1.7722,1.7105,1.6635,1.6691,1.6813,1.7511,1.6609,1.6427,1.6906,1.6600,1.6600,1.7088,1.6442,1.7326,1.7057,1.6796,0,1.0000,2.0308,4.6896,1.9317
5,0.0100,-0.3987,-1.7788,1.0151,2.0308,4.6896,1.8532,0.1110,0.1899,0.0000,1.0279,1.0000,-0.0000,0.0003,0.0006,-0.0068,-0.0006,-0.0002,-0.0003,0.0011,0.0010,0.0061,0.0001,0.0002,-0.0001,0.0009,0.0008,-0.0022,-0.0001,-0.0001,0.0010,0.0002,0.0000,0.0001,0.0000,-0.0006,0.0000,0.0002,0.0004,0.0000,0.0000,0.0000,-0.0147,0.0016,-0.0166,-0.0023,0.0750,0.1023,-0.7014,-0.0219,-0.0055,-0.1266,0.0528,0.1118,0.6026,0.0041,0.0069,-0.0258,-0.0663,-0.0124,-0.1459,-0.0012,-0.0079,0.0669,0.0336,0.0009,0.0118,-0.0002,-0.0203,0.0040,0.0032,0.0662,0.0009,0.0057,0.0002,-1.0000,-1.0000,-1.0000,-1.0000,-1.0000,-1.0000,-1.0000,-1.0000,-1.0000,-1.0000,-1.0000,-1.0000,-1.0000,-1.0000,-1.0000,-1.0000,-1.0000,-1.0000,-1.0000,-1.0000,-1.0000,-1.0000,-1.0000,-1.0000,-1.0000,-1.0000,-1.0000,-1.0000,-1.0000,-1.0000,-1.0000,-1.0000,-1.0000,-1.0000,-1.0000,-1.0000,-1.0000,-1.0000,-1.0000,-1.0000,-1.0000,-1.0000,-1.0000,-1.0000,-1.0000,-1.0000,-1.0000,-1.0000,-1.0000,-1.0000,-1.0000,-1.0000,-1.0000,-1.0000,-1.0000,-1.0000,-1.0000,-1.0000,-1.0000,-1.0000,-1.0000,-1.0000,-1.0000,-1.0000,-1.0000,-1.0000,-1.0000,-1.0000,-1.0000,-1.0000,-1.0000,-1.0000,-1.0000,-1.0000,-1.0000,-1.0000,-1.0000,-1.0000,-1.0000,-1.0000,-1.0000,-1.0000,-1.0000,-1.0000,-1.0000,-1.0000,-1.0000,-1.0000,-1.0000,-1.0000,-1.0000,-1.0000,-1.0000,-1.0000,-1.0000,-1.0000,-1.0000,-1.0000,-1.0000,-1.0000,-1.0000,-1.0000,-1.0000,-1.0000,-1.0000,-1.0000,-1.0000,-1.0000,-1.0000,-1.0000,-1.0000,-1.0000,-1.0000,-1.0000,-1.0000,-1.0000,-1.0000,-1.0000,-1.0000,-1.0000,-1.0000,2.0649,2.0680,2.0167,2.0547,2.0330,2.1064,1.9337,1.9108,1.9855,1.8764,1.9783,1.8731,1.9535,1.9134,1.8570,1.8891,1.9848,2.1354,2.1462,2.1528,2.1451,2.0987,2.0869,2.1578,2.0691,2.1117,2.1227,2.1351,2.0859,2.0521,2.1107,2.1341,2.1592,2.1452,2.1398,2.1428,2.1353,2.1137,2.1256,2.1450,1.7282,1.7700,1.7434,1.7331,1.7708,1.7073,1.6643,1.7722,1.7105,1.6635,1.6691,1.6813,1.7511,1.6609,1.6427,1.6906,1.6600,1.6600,1.7088,1.6442,1.7326,1.7057,1.6796,0,1.0000,2.0308,4.6896,1.9317
5,0.0100,-0.3987,-1.7788,1.0151,2.0308,4.6896,1.8532,0.1110,0.1899,0.0000,1.0279,1.0000,-0.0000,0.0003,0.0006,-0.0068,-0.0006,-0.0002,-0.0003,0.0011,0.0010,0.0061,0.0001,0.0002,-0.0001,0.0009,0.0008,-0.0022,-0.0001,-0.0001,0.0010,0.0002,0.0000,0.0001,0.0000,-0.0006,0.0000,0.0002,0.0004,0.0000,0.0000,0.0000,-0.0147,0.0016,-0.0166,-0.0023,0.0750,0.1023,-0.7014,-0.0219,-0.0055,-0.1266,0.0528,0.1118,0.6026,0.0041,0.0069,-0.0258,-0.0663,-0.0124,-0.1459,-0.0012,-0.0079,0.0669,0.0336,0.0009,0.0118,-0.0002,-0.0203,0.0040,0.0032,0.0662,0.0009,0.0057,0.0002,-1.0000,-1.0000,-1.0000,-1.0000,-1.0000,-1.0000,-1.0000,-1.0000,-1.0000,-1.0000,-1.0000,-1.0000,-1.0000,-1.0000,-1.0000,-1.0000,-1.0000,-1.0000,-1.0000,-1.0000,-1.0000,-1.0000,-1.0000,-1.0000,-1.0000,-1.0000,-1.0000,-1.0000,-1.0000,-1.0000,-1.0000,-1.0000,-1.0000,-1.0000,-1.0000,-1.0000,-1.0000,-1.0000,-1.0000,-1.0000,-1.0000,-1.0000,-1.0000,-1.0000,-1.0000,-1.0000,-1.0000,-1.0000,-1.0000,-1.0000,-1.0000,-1.0000,-1.0000,-1.0000,-1.0000,-1.0000,-1.0000,-1.0000,-1.0000,-1.0000,-1.0000,-1.0000,-1.0000,-1.0000,-1.0000,-1.0000,-1.0000,-1.0000,-1.0000,-1.0000,-1.0000,-1.0000,-1.0000,-1.0000,-1.0000,-1.0000,-1.0000,-1.0000,-1.0000,-1.0000,-1.0000,-1.0000,-1.0000,-1.0000,-1.0000,-1.0000,-1.0000,-1.0000,-1.0000,-1.0000,-1.0000,-1.0000,-1.0000,-1.0000,-1.0000,-1.0000,-1.0000,-1.0000,-1.0000,-1.0000,-1.0000,-1.0000,-1.0000,-1.0000,-1.0000,-1.0000,-1.0000,-1.0000,-1.0000,-1.0000,-1.0000,-1.0000,-1.0000,-1.0000,-1.0000,-1.0000,-1.0000,-1.0000,-1.0000,-1.0000,-1.0000,2.0649,2.0680,2.0167,2.0547,2.0330,2.1064,1.9337,1.9108,1.9855,1.8764,1.9783,1.8731,1.9535,1.9134,1.8570,1.8891,1.9848,2.1354,2.1462,2.1528,2.1451,2.0987,2.0869,2.1578,2.0691,2.1117,2.1227,2.1351,2.0859,2.0521,2.1107,2.1341,2.1592,2.1452,2.1398,2.1428,2.1353,2.1137,2.1256,2.1450,1.7282,1.7700,1.7434,1.7331,1.7708,1.7073,1.6643,1.7722,1.7105,1.6635,1.6691,1.6813,1.7511,1.6609,1.6427,1.6906,1.6600,1.6600,1.7088,1.6442,1.7326,1.7057,1.6796,0,1.0000,2.0308,4.6896,1.9317
5,0.0100,-0.3987,-1.7788,1.0151,2.0308,4.6896,1.8532,0.1110,0.1899,0.0000,1.0279,1.0000,-0.0000,0.0003,0.0006,-0.0068,-0.0006,-0.0002,-0.0003,0.0011,0.0010,0.0061,0.0001,0.0002,-0.0001,0.0009,0.0008,-0.0022,-0.0001,-0.0001,0.0010,0.0002,0.0000,0.0001,0.0000,-0.0006,0.0000,0.0002,0.0004,0.0000,0.0000,0.0000,-0.0147,0.0016,-0.0166,-0.0023,0.0750,0.1023,-0.7014,-0.0219,-0.0055,-0.1266,0.0528,0.1118,0.6026,0.0041,0.0069,-0.0258,-0.0663,-0.0124,-0.1459,-0.0012,-0.0079,0.0669,0.0336,0.0009,0.0118,-0.0002,-0.0203,0.0040,0.0032,0.0662,0.0009,0.0057,0.0002,-1.0000,-1.0000,-1.0000,-1.0000,-1.0000,-1.0000,-1.0000,-1.0000,-1.0000,-1.0000,-1.0000,-1.0000,-1.0000,-1.0000,-1.0000,-1.0000,-1.0000,-1.0000,-1.0000,-1.0000,-1.0000,-1.0000,-1.0000,-1.0000,-1.0000,-1.0000,-1.0000,-1.0000,-1.0000,-1.0000,-1.0000,-1.0000,-1.0000,-1.0000,-1.0000,-1.0000,-1.0000,-1.0000,-1.0000,-1.0000,-1.0000,-1.0000,-1.0000,-1.0000,-1.0000,-1.0000,-1.0000,-1.0000,-1.0000,-1.0000,-1.0000,-1.0000,-1.0000,-1.0000,-1.0000,-1.0000,-1.0000,-1.0000,-1.0000,-1.0000,-1.0000,-1.0000,-1.0000,-1.0000,-1.0000,-1.0000,-1.0000,-1.0000,-1.0000,-1.0000,-1.0000,-1.0000,-1.0000,-1.0000,-1.0000,-1.0000,-1.0000,-1.0000,-1.0000,-1.0000,-1.0000,-1.0000,-1.0000,-1.0000,-1.0000,-1.0000,-1.0000,-1.0000,-1.0000,-1.0000,-1.0000,-1.0000,-1.0000,-1.0000,-1.0000,-1.0000,-1.0000,-1.0000,-1.0000,-1.0000,-1.0000,-1.0000,-1.0000,-1.0000,-1.0000,-1.0000,-1.0000,-1.0000,-1.0000,-1.0000,-1.0000,-1.0000,-1.0000,-1.0000,-1.0000,-1.0000,-1.0000,-1.0000,-1.0000,-1.0000,-1.0000,2.0649,2.0680,2.0167,2.0547,2.0330,2.1064,1.9337,1.9108,1.9855,1.8764,1.9783,1.8731,1.9535,1.9134,1.8570,1.8891,1.9848,2.1354,2.1462,2.1528,2.1451,2.0987,2.0869,2.1578,2.0691,2.1117,2.1227,2.1351,2.0859,2.0521,2.1107,2.1341,2.1592,2.1452,2.1398,2.1428,2.1353,2.1137,2.1256,2.1450,1.7282,1.7700,1.7434,1.7331,1.7708,1.7073,1.6643,1.7722,1.7105,1.6635,1.6691,1.6813,1.7511,1.6609,1.6427,1.6906,1.6600,1.6600,1.7088,1.6442,1.7326,1.7057,1.6796,0,1.0000,2.0308,4.6896,1.9317
5,0.0100,-0.3987,-1.7788,1.0151,2.0308,4.6896,1.8532,0.1110,0.1899,0.0000,1.0279,1.0000,-0.0000,0.0003,0.0006,-0.0068,-0.0006,-0.0002,-0.0003,0.0011,0.0010,0.0061,0.0001,0.0002,-0.0001,0.0009,0.0008,-0.0022,-0.0001,-0.0001,0.0010,0.0002,0.0000,0.0001,0.0000,-0.0006,0.0000,0.0002,0.0004,0.0000,0.0000,0.0000,-0.0147,0.0016,-0.0166,-0.0023,0.0750,0.1023,-0.7014,-0.0219,-0.0055,-0.1266,0.0528,0.1118,0.6026,0.0041,0.0069,-0.0258,-0.0663,-0.0124,-0.1459,-0.0012,-0.0079,0.0669,0.0336,0.0009,0.0118,-0.0002,-0.0203,0.0040,0.0032,0.0662,0.0009,0.0057,0.0002,-1.0000,-1.0000,-1.0000,-1.0000,-1.0000,-1.0000,-1.0000,-1.0000,-1.0000,-1.0000,-1.0000,-1.0000,-1.0000,-1.0000,-1.0000,-1.0000,-1.0000,-1.0000,-1.0000,-1.0000,-1.0000,-1.0000,-1.0000,-1.0000,-1.0000,-1.0000,-1.0000,-1.0000,-1.0000,-1.0000,-1.0000,-1.0000,-1.0000,-1.0000,-1.0000,-1.0000,-1.0000,-1.0000,-1.0000,-1.0000,-1.0000,-1.0000,-1.0000,-1.0000,-1.0000,-1.0000,-1.0000,-1.0000,-1.0000,-1.0000,-1.0000,-1.0000,-1.0000,-1.0000,-1.0000,-1.0000,-1.0000,-1.0000,-1.0000,-1.0000,-1.0000,-1.0000,-1.0000,-1.0000,-1.0000,-1.0000,-1.0000,-1.0000,-1.0000,-1.0000,-1.0000,-1.0000,-1.0000,-1.0000,-1.0000,-1.0000,-1.0000,-1.0000,-1.0000,-1.0000,-1.0000,-1.0000,-1.0000,-1.0000,-1.0000,-1.0000,-1.0000,-1.0000,-1.0000,-1.0000,-1.0000,-1.0000,-1.0000,-1.0000,-1.0000,-1.0000,-1.0000,-1.0000,-1.0000,-1.0000,-1.0000,-1.0000,-1.0000,-1.0000,-1.0000,-1.0000,-1.0000,-1.0000,-1.0000,-1.0000,-1.0000,-1.0000,-1.0000,-1.0000,-1.0000,-1.0000,-1.0000,-1.0000,-1.0000,-1.0000,-1.0000,2.0649,2.0680,2.0167,2.0547,2.0330,2.1064,1.9337,1.9108,1.9855,1.8764,1.9783,1.8731,1.9535,1.9134,1.8570,1.8891,1.9848,2.1354,2.1462,2.1528,2.1451,2.0987,2.0869,2.1578,2.0691,2.1117,2.1227,2.1351,2.0859,2.0521,2.1107,2.1341,2.1592,2.1452,2.1398,2.1428,2.1353,2.1137,2.1256,2.1450,1.7282,1.7700,1.7434,1.7331,1.7708,1.7073,1.6643,1.7722,1.7105,1.6635,1.6691,1.6813,1.7511,1.6609,1.6427,1.6906,1.6600,1.6600,1.7088,1.6442,1.7326,1.7057,1.6796,0,1.0000,2.0308,4.6896,1.9317
5,0.0100,-0.3987,-1.7788,1.0151,2.0308,4.6896,1.8532,0.1110,0.1899,0.0000,1.0279,1.0000,-0.0000,0.0003,0.0006,-0.0068,-0.0006,-0.0002,-0.0003,0.0011,0.0010,0.0061,0.0001,0.0002,-0.0001,0.0009,0.0008,-0.0022,-0.0001,-0.0001,0.0010,0.0002,0.0000,0.0001,0.0000,-0.0006,0.0000,0.0002,0.0004,0.0000,0.0000,0.0000,-0.0147,0.0016,-0.0166,-0.0023,0.0750,0.1023,-0.7014,-0.0219,-0.0055,-0.1266,0.0528,0.1118,0.6026,0.0041,0.0069,-0.0258,-0.0663,-0.0124,-0.1459,-0.0012,-0.0079,0.0669,0.0336,0.0009,0.0118,-0.0002,-0.0203,0.0040,0.0032,0.0662,0.0009,0.0057,0.0002,-1.0000,-1.0000,-1.0000,-1.0000,-1.0000,-1.0000,-1.0000,-1.0000,-1.0000,-1.0000,-1.0000,-1.0000,-1.0000,-1.0000,-1.0000,-1.0000,-1.0000,-1.0000,-1.0000,-1.0000,-1.0000,-1.0000,-1.0000,-1.0000,-1.0000,-1.0000,-1.0000,-1.0000,-1.0000,-1.0000,-1.0000,-1.0000,-1.0000,-1.0000,-1.0000,-1.0000,-1.0000,-1.0000,-1.0000,-1.0000,-1.0000,-1.0000,-1.0000,-1.0000,-1.0000,-1.0000,-1.0000,-1.0000,-1.0000,-1.0000,-1.0000,-1.0000,-1.0000,-1.0000,-1.0000,-1.0000,-1.0000,-1.0000,-1.0000,-1.0000,-1.0000,-1.0000,-1.0000,-1.0000,-1.0000,-1.0000,-1.0000,-1.0000,-1.0000,-1.0000,-1.0000,-1.0000,-1.0000,-1.0000,-1.0000,-1.0000,-1.0000,-1.0000,-1.0000,-1.0000,-1.0000,-1.0000,-1.0000,-1.0000,-1.0000,-1.0000,-1.0000,-1.0000,-1.0000,-1.0000,-1.0000,-1.0000,-1.0000,-1.0000,-1.0000,-1.0000,-1.0000,-1.0000,-1.0000,-1.0000,-1.0000,-1.0000,-1.0000,-1.0000,-1.0000,-1.0000,-1.0000,-1.0000,-1.0000,-1.0000,-1.0000,-1.0000,-1.0000,-1.0000,-1.0000,-1.0000,-1.0000,-1.0000,-1.0000,-1.0000,-1.0000,2.0649,2.0680,2.0167,2.0547,2.0330,2.1064,1.9337,1.9108,1.9855,1.8764,1.9783,1.8731,1.9535,1.9134,1.8570,1.8891,1.9848,2.1354,2.1462,2.1528,2.1451,2.0987,2.0869,2.1578,2.0691,2.1117,2.1227,2.1351,2.0859,2.0521,2.1107,2.1341,2.1592,2.1452,2.1398,2.1428,2.1353,2.1137,2.1256,2.1450,1.7282,1.7700,1.7434,1.7331,1.7708,1.7073,1.6643,1.7722,1.7105,1.6635,1.6691,1.6813,1.7511,1.6609,1.6427,1.6906,1.6600,1.6600,1.7088,1.6442,1.7326,1.7057,1.6796,0,1.0000,2.0308,4.6896,1.9317
5,0.0100,-0.3987,-1.7788,1.0151,2.0308,4.6896,1.8532,0.1110,0.1899,0.0000,1.0279,1.0000,-0.0000,0.0003,0.0006,-0.0068,-0.0006,-0.0002,-0.0003,0.0011,0.0010,0.0061,0.0001,0.0002,-0.0001,0.0009,0.0008,-0.0022,-0.0001,-0.0001,0.0010,0.0002,0.0000,0.0001,0.0000,-0.0006,0.0000,0.0002,0.0004,0.0000,0.0000,0.0000,-0.0147,0.0016,-0.0166,-0.0023,0.0750,0.1023,-0.7014,-0.0219,-0.0055,-0.1266,0.0528,0.1118,0.6026,0.0041,0.0069,-0.0258,-0.0663,-0.0124,-0.1459,-0.0012,-0.0079,0.0669,0.0336,0.0009,0.0118,-0.0002,-0.0203,0.0040,0.0032,0.0662,0.0009,0.0057,0.0002,-1.0000,-1.0000,-1.0000,-1.0000,-1.0000,-1.0000,-1.0000,-1.0000,-1.0000,-1.0000,-1.0000,-1.0000,-1.0000,-1.0000,-1.0000,-1.0000,-1.0000,-1.0000,-1.0000,-1.0000,-1.0000,-1.0000,-1.0000,-1.0000,-1.0000,-1.0000,-1.0000,-1.0000,-1.0000,-1.0000,-1.0000,-1.0000,-1.0000,-1.0000,-1.0000,-1.0000,-1.0000,-1.0000,-1.0000,-1.0000,-1.0000,-1.0000,-1.0000,-1.0000,-1.0000,-1.0000,-1.0000,-1.0000,-1.0000,-1.0000,-1.0000,-1.0000,-1.0000,-1.0000,-1.0000,-1.0000,-1.0000,-1.0000,-1.0000,-1.0000,-1.0000,-1.0000,-1.0000,-1.0000,-1.0000,-1.0000,-1.0000,-1.0000,-1.0000,-1.0000,-1.0000,-1.0000,-1.0000,-1.0000,-1.0000,-1.0000,-1.0000,-1.0000,-1.0000,-1.0000,-1.0000,-1.0000,-1.0000,-1.0000,-1.0000,-1.0000,-1.0000,-1.0000,-1.0000,-1.0000,-1.0000,-1.0000,-1.0000,-1.0000,-1.0000,-1.0000,-1.0000,-1.0000,-1.0000,-1.0000,-1.0000,-1.0000,-1.0000,-1.0000,-1.0000,-1.0000,-1.0000,-1.0000,-1.0000,-1.0000,-1.0000,-1.0000,-1.0000,-1.0000,-1.0000,-1.0000,-1.0000,-1.0000,-1.0000,-1.0000,-1.0000,2.0649,2.0680,2.0167,2.0547,2.0330,2.1064,1.9337,1.9108,1.9855,1.8764,1.9783,1.8731,1.9535,1.9134,1.8570,1.8891,1.9848,2.1354,2.1462,2.1528,2.1451,2.0987,2.0869,2.1578,2.0691,2.1117,2.1227,2.1351,2.0859,2.0521,2.1107,2.1341,2.1592,2.1452,2.1398,2.1428,2.1353,2.1137,2.1256,2.1450,1.7282,1.7700,1.7434,1.7331,1.7708,1.7073,1.6643,1.7722,1.7105,1.6635,1.6691,1.6813,1.7511,1.6609,1.6427,1.6906,1.6600,1.6600,1.7088,1.6442,1.7326,1.7057,1.6796,0,1.0000,2.0308,4.6896,1.9317
5,0.0100,-0.3987,-1.7788,1.0151,2.0308,4.6896,1.8532,0.1110,0.1899,0.0000,1.0279,1.0000,-0.0000,0.0003,0.0006,-0.0068,-0.0006,-0.0002,-0.0003,0.0011,0.0010,0.0061,0.0001,0.0002,-0.0001,0.0009,0.0008,-0.0022,-0.0001,-0.0001,0.0010,0.0002,0.0000,0.0001,0.0000,-0.0006,0.0000,0.0002,0.0004,0.0000,0.0000,0.0000,-0.0147,0.0016,-0.0166,-0.0023,0.0750,0.1023,-0.7014,-0.0219,-0.0055,-0.1266,0.0528,0.1118,0.6026,0.0041,0.0069,-0.0258,-0.0663,-0.0124,-0.1459,-0.0012,-0.0079,0.0669,0.0336,0.0009,0.0118,-0.0002,-0.0203,0.0040,0.0032,0.0662,0.0009,0.0057,0.0002,-1.0000,-1.0000,-1.0000,-1.0000,-1.0000,-1.0000,-1.0000,-1.0000,-1.0000,-1.0000,-1.0000,-1.0000,-1.0000,-1.0000,-1.0000,-1.0000,-1.0000,-1.0000,-1.0000,-1.0000,-1.0000,-1.0000,-1.0000,-1.0000,-1.0000,-1.0000,-1.0000,-1.0000,-1.0000,-1.0000,-1.0000,-1.0000,-1.0000,-1.0000,-1.0000,-1.0000,-1.0000,-1.0000,-1.0000,-1.0000,-1.0000,-1.0000,-1.0000,-1.0000,-1.0000,-1.0000,-1.0000,-1.0000,-1.0000,-1.0000,-1.0000,-1.0000,-1.0000,-1.0000,-1.0000,-1.0000,-1.0000,-1.0000,-1.0000,-1.0000,-1.0000,-1.0000,-1.0000,-1.0000,-1.0000,-1.0000,-1.0000,-1.0000,-1.0000,-1.0000,-1.0000,-1.0000,-1.0000,-1.0000,-1.0000,-1.0000,-1.0000,-1.0000,-1.0000,-1.0000,-1.0000,-1.0000,-1.0000,-1.0000,-1.0000,-1.0000,-1.0000,-1.0000,-1.0000,-1.0000,-1.0000,-1.0000,-1.0000,-1.0000,-1.0000,-1.0000,-1.0000,-1.0000,-1.0000,-1.0000,-1.0000,-1.0000,-1.0000,-1.0000,-1.0000,-1.0000,-1.0000,-1.0000,-1.0000,-1.0000,-1.0000,-1.0000,-1.0000,-1.0000,-1.0000,-1.0000,-1.0000,-1.0000,-1.0000,-1.0000,-1.0000,2.0649,2.0680,2.0167,2.0547,2.0330,2.1064,1.9337,1.9108,1.9855,1.8764,1.9783,1.8731,1.9535,1.9134,1.8570,1.8891,1.9848,2.1354,2.1462,2.1528,2.1451,2.0987,2.0869,2.1578,2.0691,2.1117,2.1227,2.1351,2.0859,2.0521,2.1107,2.1341,2.1592,2.1452,2.1398,2.1428,2.1353,2.1137,2.1256,2.1450,1.7282,1.7700,1.7434,1.7331,1.7708,1.7073,1.6643,1.7722,1.7105,1.6635,1.6691,1.6813,1.7511,1.6609,1.6427,1.6906,1.6600,1.6600,1.7088,1.6442,1.7326,1.7057,1.6796,0,1.0000,2.0308,4.6896,1.9317
5,0.0100,-0.3987,-1.7788,1.0151,2.0308,4.6896,1.8532,0.1110,0.1899,0.0000,1.0279,1.0000,-0.0000,0.0003,0.0006,-0.0068,-0.0006,-0.0002,-0.0003,0.0011,0.0010,0.0061,0.0001,0.0002,-0.0001,0.0009,0.0008,-0.0022,-0.0001,-0.0001,0.0010,0.0002,0.0000,0.0001,0.0000,-0.0006,0.0000,0.0002,0.0004,0.0000,0.0000,0.0000,-0.0147,0.0016,-0.0166,-0.0023,0.0750,0.1023,-0.7014,-0.0219,-0.0055,-0.1266,0.0528,0.1118,0.6026,0.0041,0.0069,-0.0258,-0.0663,-0.0124,-0.1459,-0.0012,-0.0079,0.0669,0.0336,0.0009,0.0118,-0.0002,-0.0203,0.0040,0.0032,0.0662,0.0009,0.0057,0.0002,-1.0000,-1.0000,-1.0000,-1.0000,-1.0000,-1.0000,-1.0000,-1.0000,-1.0000,-1.0000,-1.0000,-1.0000,-1.0000,-1.0000,-1.0000,-1.0000,-1.0000,-1.0000,-1.0000,-1.0000,-1.0000,-1.0000,-1.0000,-1.0000,-1.0000,-1.0000,-1.0000,-1.0000,-1.0000,-1.0000,-1.0000,-1.0000,-1.0000,-1.0000,-1.0000,-1.0000,-1.0000,-1.0000,-1.0000,-1.0000,-1.0000,-1.0000,-1.0000,-1.0000,-1.0000,-1.0000,-1.0000,-1.0000,-1.0000,-1.0000,-1.0000,-1.0000,-1.0000,-1.0000,-1.0000,-1.0000,-1.0000,-1.0000,-1.0000,-1.0000,-1.0000,-1.0000,-1.0000,-1.0000,-1.0000,-1.0000,-1.0000,-1.0000,-1.0000,-1.0000,-1.0000,-1.0000,-1.0000,-1.0000,-1.0000,-1.0000,-1.0000,-1.0000,-1.0000,-1.0000,-1.0000,-1.0000,-1.0000,-1.0000,-1.0000,-1.0000,-1.0000,-1.0000,-1.0000,-1.0000,-1.0000,-1.0000,-1.0000,-1.0000,-1.0000,-1.0000,-1.0000,-1.0000,-1.0000,-1.0000,-1.0000,-1.0000,-1.0000,-1.0000,-1.0000,-1.0000,-1.0000,-1.0000,-1.0000,-1.0000,-1.0000,-1.0000,-1.0000,-1.0000,-1.0000,-1.0000,-1.0000,-1.0000,-1.0000,-1.0000,-1.0000,2.0649,2.0680,2.0167,2.0547,2.0330,2.1064,1.9337,1.9108,1.9855,1.8764,1.9783,1.8731,1.9535,1.9134,1.8570,1.8891,1.9848,2.1354,2.1462,2.1528,2.1451,2.0987,2.0869,2.1578,2.0691,2.1117,2.1227,2.1351,2.0859,2.0521,2.1107,2.1341,2.1592,2.1452,2.1398,2.1428,2.1353,2.1137,2.1256,2.1450,1.7282,1.7700,1.7434,1.7331,1.7708,1.7073,1.6643,1.7722,1.7105,1.6635,1.6691,1.6813,1.7511,1.6609,1.6427,1.6906,1.6600,1.6600,1.7088,1.6442,1.7326,1.7057,1.6796,0,1.0000,2.0308,4.6896,1.9317
5,0.0100,-0.3987,-1.7788,1.0151,2.0308,4.6896,1.8532,0.1110,0.1899,0.0000,1.0279,1.0000,-0.0000,0.0003,0.0006,-0.0068,-0.0006,-0.0002,-0.0003,0.0011,0.0010,0.0061,0.0001,0.0002,-0.0001,0.0009,0.0008,-0.0022,-0.0001,-0.0001,0.0010,0.0002,0.0000,0.0001,0.0000,-0.0006,0.0000,0.0002,0.0004,0.0000,0.0000,0.0000,-0.0147,0.0016,-0.0166,-0.0023,0.0750,0.1023,-0.7014,-0.0219,-0.0055,-0.1266,0.0528,0.1118,0.6026,0.0041,0.0069,-0.0258,-0.0663,-0.0124,-0.1459,-0.0012,-0.0079,0.0669,0.0336,0.0009,0.0118,-0.0002,-0.0203,0.0040,0.0032,0.0662,0.0009,0.0057,0.0002,-1.0000,-1.0000,-1.0000,-1.0000,-1.0000,-1.0000,-1.0000,-1.0000,-1.0000,-1.0000,-1.0000,-1.0000,-1.0000,-1.0000,-1.0000,-1.0000,-1.0000,-1.0000,-1.0000,-1.0000,-1.0000,-1.0000,-1.0000,-1.0000,-1.0000,-1.0000,-1.0000,-1.0000,-1.0000,-1.0000,-1.0000,-1.0000,-1.0000,-1.0000,-1.0000,-1.0000,-1.0000,-1.0000,-1.0000,-1.0000,-1.0000,-1.0000,-1.0000,-1.0000,-1.0000,-1.0000,-1.0000,-1.0000,-1.0000,-1.0000,-1.0000,-1.0000,-1.0000,-1.0000,-1.0000,-1.0000,-1.0000,-1.0000,-1.0000,-1.0000,-1.0000,-1.0000,-1.0000,-1.0000,-1.0000,-1.0000,-1.0000,-1.0000,-1.0000,-1.0000,-1.0000,-1.0000,-1.0000,-1.0000,-1.0000,-1.0000,-1.0000,-1.0000,-1.0000,-1.0000,-1.0000,-1.0000,-1.0000,-1.0000,-1.0000,-1.0000,-1.0000,-1.0000,-1.0000,-1.0000,-1.0000,-1.0000,-1.0000,-1.0000,-1.0000,-1.0000,-1.0000,-1.0000,-1.0000,-1.0000,-1.0000,-1.0000,-1.0000,-1.0000,-1.0000,-1.0000,-1.0000,-1.0000,-1.0000,-1.0000,-1.0000,-1.0000,-1.0000,-1.0000,-1.0000,-1.0000,-1.0000,-1.0000,-1.0000,-1.0000,-1.0000,2.0649,2.0680,2.0167,2.0547,2.0330,2.1064,1.9337,1.9108,1.9855,1.8764,1.9783,1.8731,1.9535,1.9134,1.8570,1.8891,1.9848,2.1354,2.1462,2.1528,2.1451,2.0987,2.0869,2.1578,2.0691,2.1117,2.1227,2.1351,2.0859,2.0521,2.1107,2.1341,2.1592,2.1452,2.1398,2.1428,2.1353,2.1137,2.1256,2.1450,1.7282,1.7700,1.7434,1.7331,1.7708,1.7073,1.6643,1.7722,1.7105,1.6635,1.6691,1.6813,1.7511,1.6609,1.6427,1.6906,1.6600,1.6600,1.7088,1.6442,1.7326,1.7057,1.6796,0,1.0000,2.0308,4.6896,1.9317
5,0.0100,-0.3987,-1.7788,1.0151,2.0308,4.6896,1.8532,0.1110,0.1899,0.0000,1.0279,1.0000,-0.0000,0.0003,0.0006,-0.0068,-0.0006,-0.0002,-0.0003,0.0011,0.0010,0.0061,0.0001,0.0002,-0.0001,0.0009,0.0008,-0.0022,-0.0001,-0.0001,0.0010,0.0002,0.0000,0.0001,0.0000,-0.0006,0.0000,0.0002,0.0004,0.0000,0.0000,0.0000,-0.0147,0.0016,-0.0166,-0.0023,0.0750,0.1023,-0.7014,-0.0219,-0.0055,-0.1266,0.0528,0.1118,0.6026,0.0041,0.0069,-0.0258,-0.0663,-0.0124,-0.1459,-0.0012,-0.0079,0.0669,0.0336,0.0009,0.0118,-0.0002,-0.0203,0.0040,0.0032,0.0662,0.0009,0.0057,0.0002,-1.0000,-1.0000,-1.0000,-1.0000,-1.0000,-1.0000,-1.0000,-1.0000,-1.0000,-1.0000,-1.0000,-1.0000,-1.0000,-1.0000,-1.0000,-1.0000,-1.0000,-1.0000,-1.0000,-1.0000,-1.0000,-1.0000,-1.0000,-1.0000,-1.0000,-1.0000,-1.0000,-1.0000,-1.0000,-1.0000,-1.0000,-1.0000,-1.0000,-1.0000,-1.0000,-1.0000,-1.0000,-1.0000,-1.0000,-1.0000,-1.0000,-1.0000,-1.0000,-1.0000,-1.0000,-1.0000,-1.0000,-1.0000,-1.0000,-1.0000,-1.0000,-1.0000,-1.0000,-1.0000,-1.0000,-1.0000,-1.0000,-1.0000,-1.0000,-1.0000,-1.0000,-1.0000,-1.0000,-1.0000,-1.0000,-1.0000,-1.0000,-1.0000,-1.0000,-1.0000,-1.0000,-1.0000,-1.0000,-1.0000,-1.0000,-1.0000,-1.0000,-1.0000,-1.0000,-1.0000,-1.0000,-1.0000,-1.0000,-1.0000,-1.0000,-1.0000,-1.0000,-1.0000,-1.0000,-1.0000,-1.0000,-1.0000,-1.0000,-1.0000,-1.0000,-1.0000,-1.0000,-1.0000,-1.0000,-1.0000,-1.0000,-1.0000,-1.0000,-1.0000,-1.0000,-1.0000,-1.0000,-1.0000,-1.0000,-1.0000,-1.0000,-1.0000,-1.0000,-1.0000,-1.0000,-1.0000,-1.0000,-1.0000,-1.0000,-1.0000,-1.0000,2.0649,2.0680,2.0167,2.0547,2.0330,2.1064,1.9337,1.9108,1.9855,1.8764,1.9783,1.8731,1.9535,1.9134,1.8570,1.8891,1.9848,2.1354,2.1462,2.1528,2.1451,2.0987,2.0869,2.1578,2.0691,2.1117,2.1227,2.1351,2.0859,2.0521,2.1107,2.1341,2.1592,2.1452,2.1398,2.1428,2.1353,2.1137,2.1256,2.1450,1.7282,1.7700,1.7434,1.7331,1.7708,1.7073,1.6643,1.7722,1.7105,1.6635,1.6691,1.6813,1.7511,1.6609,1.6427,1.6906,1.6600,1.6600,1.7088,1.6442,1.7326,1.7057,1.6796,0,1.0000,2.0308,4.6896,1.9317
5,0.0100,-0.3987,-1.7788,1.0151,2.0308,4.6896,1.8532,0.1110,0.1899,0.0000,1.0279,1.0000,-0.0000,0.0003,0.0006,-0.0068,-0.0006,-0.0002,-0.0003,0.0011,0.0010,0.0061,0.0001,0.0002,-0.0001,0.0009,0.0008,-0.0022,-0.0001,-0.0001,0.0010,0.0002,0.0000,0.0001,0.0000,-0.0006,0.0000,0.0002,0.0004,0.0000,0.0000,0.0000,-0.0147,0.0016,-0.0166,-0.0023,0.0750,0.1023,-0.7014,-0.0219,-0.0055,-0.1266,0.0528,0.1118,0.6026,0.0041,0.0069,-0.0258,-0.0663,-0.0124,-0.1459,-0.0012,-0.0079,0.0669,0.0336,0.0009,0.0118,-0.0002,-0.0203,0.0040,0.0032,0.0662,0.0009,0.0057,0.0002,-1.0000,-1.0000,-1.0000,-1.0000,-1.0000,-1.0000,-1.0000,-1.0000,-1.0000,-1.0000,-1.0000,-1.0000,-1.0000,-1.0000,-1.0000,-1.0000,-1.0000,-1.0000,-1.0000,-1.0000,-1.0000,-1.0000,-1.0000,-1.0000,-1.0000,-1.0000,-1.0000,-1.0000,-1.0000,-1.0000,-1.0000,-1.0000,-1.0000,-1.0000,-1.0000,-1.0000,-1.0000,-1.0000,-1.0000,-1.0000,-1.0000,-1.0000,-1.0000,-1.0000,-1.0000,-1.0000,-1.0000,-1.0000,-1.0000,-1.0000,-1.0000,-1.0000,-1.0000,-1.0000,-1.0000,-1.0000,-1.0000,-1.0000,-1.0000,-1.0000,-1.0000,-1.0000,-1.0000,-1.0000,-1.0000,-1.0000,-1.0000,-1.0000,-1.0000,-1.0000,-1.0000,-1.0000,-1.0000,-1.0000,-1.0000,-1.0000,-1.0000,-1.0000,-1.0000,-1.0000,-1.0000,-1.0000,-1.0000,-1.0000,-1.0000,-1.0000,-1.0000,-1.0000,-1.0000,-1.0000,-1.0000,-1.0000,-1.0000,-1.0000,-1.0000,-1.0000,-1.0000,-1.0000,-1.0000,-1.0000,-1.0000,-1.0000,-1.0000,-1.0000,-1.0000,-1.0000,-1.0000,-1.0000,-1.0000,-1.0000,-1.0000,-1.0000,-1.0000,-1.0000,-1.0000,-1.0000,-1.0000,-1.0000,-1.0000,-1.0000,-1.0000,2.0649,2.0680,2.0167,2.0547,2.0330,2.1064,1.9337,1.9108,1.9855,1.8764,1.9783,1.8731,1.9535,1.9134,1.8570,1.8891,1.9848,2.1354,2.1462,2.1528,2.1451,2.0987,2.0869,2.1578,2.0691,2.1117,2.1227,2.1351,2.0859,2.0521,2.1107,2.1341,2.1592,2.1452,2.1398,2.1428,2.1353,2.1137,2.1256,2.1450,1.7282,1.7700,1.7434,1.7331,1.7708,1.7073,1.6643,1.7722,1.7105,1.6635,1.6691,1.6813,1.7511,1.6609,1.6427,1.6906,1.6600,1.6600,1.7088,1.6442,1.7326,1.7057,1.6796,0,1.0000,2.0308,4.6896,1.9317
5,0.0100,-0.3987,-1.7788,1.0151,2.0308,4.6896,1.8532,0.1110,0.1899,0.0000,1.0279,1.0000,-0.0000,0.0003,0.0006,-0.0068,-0.0006,-0.0002,-0.0003,0.0011,0.0010,0.0061,0.0001,0.0002,-0.0001,0.0009,0.0008,-0.0022,-0.0001,-0.0001,0.0010,0.0002,0.0000,0.0001,0.0000,-0.0006,0.0000,0.0002,0.0004,0.0000,0.0000,0.0000,-0.0147,0.0016,-0.0166,-0.0023,0.0750,0.1023,-0.7014,-0.0219,-0.0055,-0.1266,0.0528,0.1118,0.6026,0.0041,0.0069,-0.0258,-0.0663,-0.0124,-0.1459,-0.0012,-0.0079,0.0669,0.0336,0.0009,0.0118,-0.0002,-0.0203,0.0040,0.0032,0.0662,0.0009,0.0057,0.0002,-1.0000,-1.0000,-1.0000,-1.0000,-1.0000,-1.0000,-1.0000,-1.0000,-1.0000,-1.0000,-1.0000,-1.0000,-1.0000,-1.0000,-1.0000,-1.0000,-1.0000,-1.0000,-1.0000,-1.0000,-1.0000,-1.0000,-1.0000,-1.0000,-1.0000,-1.0000,-1.0000,-1.0000,-1.0000,-1.0000,-1.0000,-1.0000,-1.0000,-1.0000,-1.0000,-1.0000,-1.0000,-1.0000,-1.0000,-1.0000,-1.0000,-1.0000,-1.0000,-1.0000,-1.0000,-1.0000,-1.0000,-1.0000,-1.0000,-1.0000,-1.0000,-1.0000,-1.0000,-1.0000,-1.0000,-1.0000,-1.0000,-1.0000,-1.0000,-1.0000,-1.0000,-1.0000,-1.0000,-1.0000,-1.0000,-1.0000,-1.0000,-1.0000,-1.0000,-1.0000,-1.0000,-1.0000,-1.0000,-1.0000,-1.0000,-1.0000,-1.0000,-1.0000,-1.0000,-1.0000,-1.0000,-1.0000,-1.0000,-1.0000,-1.0000,-1.0000,-1.0000,-1.0000,-1.0000,-1.0000,-1.0000,-1.0000,-1.0000,-1.0000,-1.0000,-1.0000,-1.0000,-1.0000,-1.0000,-1.0000,-1.0000,-1.0000,-1.0000,-1.0000,-1.0000,-1.0000,-1.0000,-1.0000,-1.0000,-1.0000,-1.0000,-1.0000,-1.0000,-1.0000,-1.0000,-1.0000,-1.0000,-1.0000,-1.0000,-1.0000,-1.0000,2.0649,2.0680,2.0167,2.0547,2.0330,2.1064,1.9337,1.9108,1.9855,1.8764,1.9783,1.8731,1.9535,1.9134,1.8570,1.8891,1.9848,2.1354,2.1462,2.1528,2.1451,2.0987,2.0869,2.1578,2.0691,2.1117,2.1227,2.1351,2.0859,2.0521,2.1107,2.1341,2.1592,2.1452,2.1398,2.1428,2.1353,2.1137,2.1256,2.1450,1.7282,1.7700,1.7434,1.7331,1.7708,1.7073,1.6643,1.7722,1.7105,1.6635,1.6691,1.6813,1.7511,1.6609,1.6427,1.6906,1.6600,1.6600,1.7088,1.6442,1.7326,1.7057,1.6796,0,1.0000,2.0308,4.6896,1.9317
6,0.0120,-0.3946,-1.7694,1.0187,2.0308,4.6896,1.8336,0.1110,0.1898,0.0000,1.0278,1.0000,-0.0000,0.0004,0.0007,-0.0080,-0.0007,-0.0001,-0.0006,0.0012,0.0012,0.0072,0.0000,0.0002,-0.0001,0.0006,0.0007,-0.0024,-0.0001,-0.0002,0.0011,0.0003,0.0000,0.0001,0.0000,-0.0005,0.0000,0.0002,0.0004,0.0000,0.0001,0.0000,-0.0148,0.0015,-0.0191,-0.0084,0.0870,0.0820,-0.6393,-0.0327,0.0055,-0.1286,0.0164,0.0947,0.5704,-0.0358,0.0117,0.0122,-0.1129,-0.0388,-0.1270,0.0153,-0.0407,0.0612,0.0451,0.0014,0.0132,0.0002,0.0034,0.0068,0.0114,-0.0008,0.0013,0.0092,0.0001,-1.0000,-1.0000,-1.0000,-1.0000,-1.0000,-1.0000,-1.0000,-1.0000,-1.0000,-1.0000,-1.0000,-1.0000,-1.0000,-1.0000,-1.0000,-1.0000,-1.0000,-1.0000,-1.0000,-1.0000,-1.0000,-1.0000,-1.0000,-1.0000,-1.0000,-1.0000,-1.0000,-1.0000,-1.0000,-1.0000,-1.0000,-1.0000,-1.0000,-1.0000,-1.0000,-1.0000,-1.0000,-1.0000,-1.0000,-1.0000,-1.0000,-1.0000,-1.0000,-1.0000,-1.0000,-1.0000,-1.0000,-1.0000,-1.0000,-1.0000,-1.0000,-1.0000,-1.0000,-1.0000,-1.0000,-1.0000,-1.0000,-1.0000,-1.0000,-1.0000,-1.0000,-1.0000,-1.0000,-1.0000,-1.0000,-1.0000,-1.0000,-1.0000,-1.0000,-1.0000,-1.0000,-1.0000,-1.0000,-1.0000,-1.0000,-1.0000,-1.0000,-1.0000,-1.0000,-1.0000,-1.0000,-1.0000,-1.0000,-1.0000,-1.0000,-1.0000,-1.0000,-1.0000,-1.0000,-1.0000,-1.0000,-1.0000,-1.0000,-1.0000,-1.0000,-1.0000,-1.0000,-1.0000,-1.0000,-1.0000,-1.0000,-1.0000,-1.0000,-1.0000,-1.0000,-1.0000,-1.0000,-1.0000,-1.0000,-1.0000,-1.0000,-1.0000,-1.0000,-1.0000,-1.0000,-1.0000,-1.0000,-1.0000,-1.0000,-1.0000,-1.0000,2.0541,2.0572,2.0059,2.0439,2.0222,2.0955,1.9232,1.9002,1.9748,1.8658,1.9678,1.8623,1.9428,1.9027,1.8465,1.8784,1.9741,2.1248,2.1355,2.1422,2.1345,2.0881,2.0764,2.1472,2.0585,2.1012,2.1122,2.1247,2.0754,2.0415,2.1003,2.1238,2.1489,2.1348,2.1295,2.1323,2.1250,2.1033,2.1153,2.1347,1.7175,1.7591,1.7326,1.7224,1.7601,1.6966,1.6536,1.7615,1.6999,1.6528,1.6585,1.6707,1.7405,1.6504,1.6323,1.6802,1.6495,1.6496,1.6982,1.6338,1.7221,1.6954,1.6692,0,1.0000,2.0308,4.6896,1.9317
6,0.0120,-0.3946,-1.7694,1.0187,2.0308,4.6896,1.8336,0.1110,0.1898,0.0000,1.0278,1.0000,-0.0000,0.0004,0.0007,-0.0080,-0.0007,-0.0001,-0.0006,0.0012,0.0012,0.0072,0.0000,0.0002,-0.0001,0.0006,0.0007,-0.0024,-0.0001,-0.0002,0.0011,0.0003,0.0000,0.0001,0.0000,-0.0005,0.0000,0.0002,0.0004,0.0000,0.0001,0.0000,-0.0148,0.0015,-0.0191,-0.0084,0.0870,0.0820,-0.6393,-0.0327,0.0055,-0.1286,0.0164,0.0947,0.5704,-0.0358,0.0117,0.0122,-0.1129,-0.0388,-0.1270,0.0153,-0.0407,0.0612,0.0451,0.0014,0.0132,0.0002,0.0034,0.0068,0.0114,-0.0008,0.0013,0.0092,0.0001,-1.0000,-1.0000,-1.0000,-1.0000,-1.0000,-1.0000,-1.0000,-1.0000,-1.0000,-1.0000,-1.0000,-1.0000,-1.0000,-1.0000,-1.0000,-1.0000,-1.0000,-1.0000,-1.0000,-1.0000,-1.0000,-1.0000,-1.0000,-1.0000,-1.0000,-1.0000,-1.0000,-1.0000,-1.0000,-1.0000,-1.0000,-1.0000,-1.0000,-1.0000,-1.0000,-1.0000,-1.0000,-1.0000,-1.0000,-1.0000,-1.0000,-1.0000,-1.0000,-1.0000,-1.0000,-1.0000,-1.0000,-1.0000,-1.0000,-1.0000,-1.0000,-1.0000,-1.0000,-1.0000,-1.0000,-1.0000,-1.0000,-1.0000,-1.0000,-1.0000,-1.0000,-1.0000,-1.0000,-1.0000,-1.0000,-1.0000,-1.0000,-1.0000,-1.0000,-1.0000,-1.0000,-1.0000,-1.0000,-1.0000,-1.0000,-1.0000,-1.0000,-1.0000,-1.0000,-1.0000,-1.0000,-1.0000,-1.0000,-1.0000,-1.0000,-1.0000,-1.0000,-1.0000,-1.0000,-1.0000,-1.0000,-1.0000,-1.0000,-1.0000,-1.0000,-1.0000,-1.0000,-1.0000,-1.0000,-1.0000,-1.0000,-1.0000,-1.0000,-1.0000,-1.0000,-1.0000,-1.0000,-1.0000,-1.0000,-1.0000,-1.0000,-1.0000,-1.0000,-1.0000,-1.0000,-1.0000,-1.0000,-1.0000,-1.0000,-1.0000,-1.0000,2.0541,2.0572,2.0059,2.0439,2.0222,2.0955,1.9232,1.9002,1.9748,1.8658,1.9678,1.8623,1.9428,1.9027,1.8465,1.8784,1.9741,2.1248,2.1355,2.1422,2.1345,2.0881,2.0764,2.1472,2.0585,2.1012,2.1122,2.1247,2.0754,2.0415,2.1003,2.1238,2.1489,2.1348,2.1295,2.1323,2.1250,2.1033,2.1153,2.1347,1.7175,1.7591,1.7326,1.7224,1.7601,1.6966,1.6536,1.7615,1.6999,1.6528,1.6585,1.6707,1.7405,1.6504,1.6323,1.6802,1.6495,1.6496,1.6982,1.6338,1.7221,1.6954,1.6692,0,1.0000,2.0308,4.6896,1.9317
6,0.0120,-0.3946,-1.7694,1.0187,2.0308,4.6896,1.8336,0.1110,0.1898,0.0000,1.0278,1.0000,-0.0000,0.0004,0.0007,-0.0080,-0.0007,-0.0001,-0.0006,0.0012,0.0012,0.0072,0.0000,0.0002,-0.0001,0.0006,0.0007,-0.0024,-0.0001,-0.0002,0.0011,0.0003,0.0000,0.0001,0.0000,-0.0005,0.0000,0.0002,0.0004,0.0000,0.0001,0.0000,-0.0148,0.0015,-0.0191,-0.0084,0.0870,0.0820,-0.6393,-0.0327,0.0055,-0.1286,0.0164,0.0947,0.5704,-0.0358,0.0117,0.0122,-0.1129,-0.0388,-0.1270,0.0153,-0.0407,0.0612,0.0451,0.0014,0.0132,0.0002,0.0034,0.0068,0.0114,-0.0008,0.0013,0.0092,0.0001,-1.0000,-1.0000,-1.0000,-1.0000,-1.0000,-1.0000,-1.0000,-1.0000,-1.0000,-1.0000,-1.0000,-1.0000,-1.0000,-1.0000,-1.0000,-1.0000,-1.0000,-1.0000,-1.0000,-1.0000,-1.0000,-1.0000,-1.0000,-1.0000,-1.0000,-1.0000,-1.0000,-1.0000,-1.0000,-1.0000,-1.0000,-1.0000,-1.0000,-1.0000,-1.0000,-1.0000,-1.0000,-1.0000,-1.0000,-1.0000,-1.0000,-1.0000,-1.0000,-1.0000,-1.0000,-1.0000,-1.0000,-1.0000,-1.0000,-1.0000,-1.0000,-1.0000,-1.0000,-1.0000,-1.0000,-1.0000,-1.0000,-1.0000,-1.0000,-1.0000,-1.0000,-1.0000,-1.0000,-1.0000,-1.0000,-1.0000,-1.0000,-1.0000,-1.0000,-1.0000,-1.0000,-1.0000,-1.0000,-1.0000,-1.0000,-1.0000,-1.0000,-1.0000,-1.0000,-1.0000,-1.0000,-1.0000,-1.0000,-1.0000,-1.0000,-1.0000,-1.0000,-1.0000,-1.0000,-1.0000,-1.0000,-1.0000,-1.0000,-1.0000,-1.0000,-1.0000,-1.0000,-1.0000,-1.0000,-1.0000,-1.0000,-1.0000,-1.0000,-1.0000,-1.0000,-1.0000,-1.0000,-1.0000,-1.0000,-1.0000,-1.0000,-1.0000,-1.0000,-1.0000,-1.0000,-1.0000,-1.0000,-1.0000,-1.0000,-1.0000,-1.0000,2.0541,2.0572,2.0059,2.0439,2.0222,2.0955,1.9232,1.9002,1.9748,1.8658,1.9678,1.8623,1.9428,1.9027,1.8465,1.8784,1.9741,2.1248,2.1355,2.1422,2.1345,2.0881,2.0764,2.1472,2.0585,2.1012,2.1122,2.1247,2.0754,2.0415,2.1003,2.1238,2.1489,2.1348,2.1295,2.1323,2.1250,2.1033,2.1153,2.1347,1.7175,1.7591,1.7326,1.7224,1.7601,1.6966,1.6536,1.7615,1.6999,1.6528,1.6585,1.6707,1.7405,1.6504,1.6323,1.6802,1.6495,1.6496,1.6982,1.6338,1.7221,1.6954,1.6692,0,1.0000,2.0308,4.6896,1.9317
6,0.0120,-0.3946,-1.7694,1.0187,2.0308,4.6896,1.8336,0.1110,0.1898,0.0000,1.0278,1.0000,-0.0000,0.0004,0.0007,-0.0080,-0.0007,-0.0001,-0.0006,0.0012,0.0012,0.0072,0.0000,0.0002,-0.0001,0.0006,0.0007,-0.0024,-0.0001,-0.0002,0.0011,0.0003,0.0000,0.0001,0.0000,-0.0005,0.0000,0.0002,0.0004,0.0000,0.0001,0.0000,-0.0148,0.0015,-0.0191,-0.0084,0.0870,0.0820,-0.6393,-0.0327,0.0055,-0.1286,0.0164,0.0947,0.5704,-0.0358,0.0117,0.0122,-0.1129,-0.0388,-0.1270,0.0153,-0.0407,0.0612,0.0451,0.0014,0.0132,0.0002,0.0034,0.0068,0.0114,-0.0008,0.0013,0.0092,0.0001,-1.0000,-1.0000,-1.0000,-1.0000,-1.0000,-1.0000,-1.0000,-1.0000,-1.0000,-1.0000,-1.0000,-1.0000,-1.0000,-1.0000,-1.0000,-1.0000,-1.0000,-1.0000,-1.0000,-1.0000,-1.0000,-1.0000,-1.0000,-1.0000,-1.0000,-1.0000,-1.0000,-1.0000,-1.0000,-1.0000,-1.0000,-1.0000,-1.0000,-1.0000,-1.0000,-1.0000,-1.0000,-1.0000,-1.0000,-1.0000,-1.0000,-1.0000,-1.0000,-1.0000,-1.0000,-1.0000,-1.0000,-1.0000,-1.0000,-1.0000,-1.0000,-1.0000,-1.0000,-1.0000,-1.0000,-1.0000,-1.0000,-1.0000,-1.0000,-1.0000,-1.0000,-1.0000,-1.0000,-1.0000,-1.0000,-1.0000,-1.0000,-1.0000,-1.0000,-1.0000,-1.0000,-1.0000,-1.0000,-1.0000,-1.0000,-1.0000,-1.0000,-1.0000,-1.0000,-1.0000,-1.0000,-1.0000,-1.0000,-1.0000,-1.0000,-1.0000,-1.0000,-1.0000,-1.0000,-1.0000,-1.0000,-1.0000,-1.0000,-1.0000,-1.0000,-1.0000,-1.0000,-1.0000,-1.0000,-1.0000,-1.0000,-1.0000,-1.0000,-1.0000,-1.0000,-1.0000,-1.0000,-1.0000,-1.0000,-1.0000,-1.0000,-1.0000,-1.0000,-1.0000,-1.0000,-1.0000,-1.0000,-1.0000,-1.0000,-1.0000,-1.0000,2.0541,2.0572,2.0059,2.0439,2.0222,2.0955,1.9232,1.9002,1.9748,1.8658,1.9678,1.8623,1.9428,1.9027,1.8465,1.8784,1.9741,2.1248,2.1355,2.1422,2.1345,2.0881,2.0764,2.1472,2.0585,2.1012,2.1122,2.1247,2.0754,2.0415,2.1003,2.1238,2.1489,2.1348,2.1295,2.1323,2.1250,2.1033,2.1153,2.1347,1.7175,1.7591,1.7326,1.7224,1.7601,1.6966,1.6536,1.7615,1.6999,1.6528,1.6585,1.6707,1.7405,1.6504,1.6323,1.6802,1.6495,1.6496,1.6982,1.6338,1.7221,1.6954,1.6692,0,1.0000,2.0308,4.6896,1.9317
6,0.0120,-0.3946,-1.7694,1.0187,2.0308,4.6896,1.8336,0.1110,0.1898,0.0000,1.0278,1.0000,-0.0000,0.0004,0.0007,-0.0080,-0.0007,-0.0001,-0.0006,0.0012,0.0012,0.0072,0.0000,0.0002,-0.0001,0.0006,0.0007,-0.0024,-0.0001,-0.0002,0.0011,0.0003,0.0000,0.0001,0.0000,-0.0005,0.0000,0.0002,0.0004,0.0000,0.0001,0.0000,-0.0148,0.0015,-0.0191,-0.0084,0.0870,0.0820,-0.6393,-0.0327,0.0055,-0.1286,0.0164,0.0947,0.5704,-0.0358,0.0117,0.0122,-0.1129,-0.0388,-0.1270,0.0153,-0.0407,0.0612,0.0451,0.0014,0.0132,0.0002,0.0034,0.0068,0.0114,-0.0008,0.0013,0.0092,0.0001,-1.0000,-1.0000,-1.0000,-1.0000,-1.0000,-1.0000,-1.0000,-1.0000,-1.0000,-1.0000,-1.0000,-1.0000,-1.0000,-1.0000,-1.0000,-1.0000,-1.0000,-1.0000,-1.0000,-1.0000,-1.0000,-1.0000,-1.0000,-1.0000,-1.0000,-1.0000,-1.0000,-1.0000,-1.0000,-1.0000,-1.0000,-1.0000,-1.0000,-1.0000,-1.0000,-1.0000,-1.0000,-1.0000,-1.0000,-1.0000,-1.0000,-1.0000,-1.0000,-1.0000,-1.0000,-1.0000,-1.0000,-1.0000,-1.0000,-1.0000,-1.0000,-1.0000,-1.0000,-1.0000,-1.0000,-1.0000,-1.0000,-1.0000,-1.0000,-1.0000,-1.0000,-1.0000,-1.0000,-1.0000,-1.0000,-1.0000,-1.0000,-1.0000,-1.0000,-1.0000,-1.0000,-1.0000,-1.0000,-1.0000,-1.0000,-1.0000,-1.0000,-1.0000,-1.0000,-1.0000,-1.0000,-1.0000,-1.0000,-1.0000,-1.0000,-1.0000,-1.0000,-1.0000,-1.0000,-1.0000,-1.0000,-1.0000,-1.0000,-1.0000,-1.0000,-1.0000,-1.0000,-1.0000,-1.0000,-1.0000,-1.0000,-1.0000,-1.0000,-1.0000,-1.0000,-1.0000,-1.0000,-1.0000,-1.0000,-1.0000,-1.0000,-1.0000,-1.0000,-1.0000,-1.0000,-1.0000,-1.0000,-1.0000,-1.0000,-1.0000,-1.0000,2.0541,2.0572,2.0059,2.0439,2.0222,2.0955,1.9232,1.9002,1.9748,1.8658,1.9678,1.8623,1.9428,1.9027,1.8465,1.8784,1.9741,2.1248,2.1355,2.1422,2.1345,2.0881,2.0764,2.1472,2.0585,2.1012,2.1122,2.1247,2.0754,2.0415,2.1003,2.1238,2.1489,2.1348,2.1295,2.1323,2.1250,2.1033,2.1153,2.1347,1.7175,1.7591,1.7326,1.7224,1.7601,1.6966,1.6536,1.7615,1.6999,1.6528,1.6585,1.6707,1.7405,1.6504,1.6323,1.6802,1.6495,1.6496,1.6982,1.6338,1.7221,1.6954,1.6692,0,1.0000,2.0308,4.6896,1.9317
6,0.0120,-0.3946,-1.7694,1.0187,2.0308,4.6896,1.8336,0.1110,0.1898,0.0000,1.0278,1.0000,-0.0000,0.0004,0.0007,-0.0080,-0.0007,-0.0001,-0.0006,0.0012,0.0012,0.0072,0.0000,0.0002,-0.0001,0.0006,0.0007,-0.0024,-0.0001,-0.0002,0.0011,0.0003,0.0000,0.0001,0.0000,-0.0005,0.0000,0.0002,0.0004,0.0000,0.0001,0.0000,-0.0148,0.0015,-0.0191,-0.0084,0.0870,0.0820,-0.6393,-0.0327,0.0055,-0.1286,0.0164,0.0947,0.5704,-0.0358,0.0117,0.0122,-0.1129,-0.0388,-0.1270,0.0153,-0.0407,0.0612,0.0451,0.0014,0.0132,0.0002,0.0034,0.0068,0.0114,-0.0008,0.0013,0.0092,0.0001,-1.0000,-1.0000,-1.0000,-1.0000,-1.0000,-1.0000,-1.0000,-1.0000,-1.0000,-1.0000,-1.0000,-1.0000,-1.0000,-1.0000,-1.0000,-1.0000,-1.0000,-1.0000,-1.0000,-1.0000,-1.0000,-1.0000,-1.0000,-1.0000,-1.0000,-1.0000,-1.0000,-1.0000,-1.0000,-1.0000,-1.0000,-1.0000,-1.0000,-1.0000,-1.0000,-1.0000,-1.0000,-1.0000,-1.0000,-1.0000,-1.0000,-1.0000,-1.0000,-1.0000,-1.0000,-1.0000,-1.0000,-1.0000,-1.0000,-1.0000,-1.0000,-1.0000,-1.0000,-1.0000,-1.0000,-1.0000,-1.0000,-1.0000,-1.0000,-1.0000,-1.0000,-1.0000,-1.0000,-1.0000,-1.0000,-1.0000,-1.0000,-1.0000,-1.0000,-1.0000,-1.0000,-1.0000,-1.0000,-1.0000,-1.0000,-1.0000,-1.0000,-1.0000,-1.0000,-1.0000,-1.0000,-1.0000,-1.0000,-1.0000,-1.0000,-1.0000,-1.0000,-1.0000,-1.0000,-1.0000,-1.0000,-1.0000,-1.0000,-1.0000,-1.0000,-1.0000,-1.0000,-1.0000,-1.0000,-1.0000,-1.0000,-1.0000,-1.0000,-1.0000,-1.0000,-1.0000,-1.0000,-1.0000,-1.0000,-1.0000,-1.0000,-1.0000,-1.0000,-1.0000,-1.0000,-1.0000,-1.0000,-1.0000,-1.0000,-1.0000,-1.0000,2.0541,2.0572,2.0059,2.0439,2.0222,2.0955,1.9232,1.9002,1.9748,1.8658,1.9678,1.8623,1.9428,1.9027,1.8465,1.8784,1.9741,2.1248,2.1355,2.1422,2.1345,2.0881,2.0764,2.1472,2.0585,2.1012,2.1122,2.1247,2.0754,2.0415,2.1003,2.1238,2.1489,2.1348,2.1295,2.1323,2.1250,2.1033,2.1153,2.1347,1.7175,1.7591,1.7326,1.7224,1.7601,1.6966,1.6536,1.7615,1.6999,1.6528,1.6585,1.6707,1.7405,1.6504,1.6323,1.6802,1.6495,1.6496,1.6982,1.6338,1.7221,1.6954,1.6692,0,1.0000,2.0308,4.6896,1.9317
6,0.0120,-0.3946,-1.7694,1.0187,2.0308,4.6896,1.8336,0.1110,0.1898,0.0000,1.0278,1.0000,-0.0000,0.0004,0.0007,-0.0080,-0.0007,-0.0001,-0.0006,0.0012,0.0012,0.0072,0.0000,0.0002,-0.0001,0.0006,0.0007,-0.0024,-0.0001,-0.0002,0.0011,0.0003,0.0000,0.0001,0.0000,-0.0005,0.0000,0.0002,0.0004,0.0000,0.0001,0.0000,-0.0148,0.0015,-0.0191,-0.0084,0.0870,0.0820,-0.6393,-0.0327,0.0055,-0.1286,0.0164,0.0947,0.5704,-0.0358,0.0117,0.0122,-0.1129,-0.0388,-0.1270,0.0153,-0.0407,0.0612,0.0451,0.0014,0.0132,0.0002,0.0034,0.0068,0.0114,-0.0008,0.0013,0.0092,0.0001,-1.0000,-1.0000,-1.0000,-1.0000,-1.0000,-1.0000,-1.0000,-1.0000,-1.0000,-1.0000,-1.0000,-1.0000,-1.0000,-1.0000,-1.0000,-1.0000,-1.0000,-1.0000,-1.0000,-1.0000,-1.0000,-1.0000,-1.0000,-1.0000,-1.0000,-1.0000,-1.0000,-1.0000,-1.0000,-1.0000,-1.0000,-1.0000,-1.0000,-1.0000,-1.0000,-1.0000,-1.0000,-1.0000,-1.0000,-1.0000,-1.0000,-1.0000,-1.0000,-1.0000,-1.0000,-1.0000,-1.0000,-1.0000,-1.0000,-1.0000,-1.0000,-1.0000,-1.0000,-1.0000,-1.0000,-1.0000,-1.0000,-1.0000,-1.0000,-1.0000,-1.0000,-1.0000,-1.0000,-1.0000,-1.0000,-1.0000,-1.0000,-1.0000,-1.0000,-1.0000,-1.0000,-1.0000,-1.0000,-1.0000,-1.0000,-1.0000,-1.0000,-1.0000,-1.0000,-1.0000,-1.0000,-1.0000,-1.0000,-1.0000,-1.0000,-1.0000,-1.0000,-1.0000,-1.0000,-1.0000,-1.0000,-1.0000,-1.0000,-1.0000,-1.0000,-1.0000,-1.0000,-1.0000,-1.0000,-1.0000,-1.0000,-1.0000,-1.0000,-1.0000,-1.0000,-1.0000,-1.0000,-1.0000,-1.0000,-1.0000,-1.0000,-1.0000,-1.0000,-1.0000,-1.0000,-1.0000,-1.0000,-1.0000,-1.0000,-1.0000,-1.0000,2.0541,2.0572,2.0059,2.0439,2.0222,2.0955,1.9232,1.9002,1.9748,1.8658,1.9678,1.8623,1.9428,1.9027,1.8465,1.8784,1.9741,2.1248,2.1355,2.1422,2.1345,2.0881,2.0764,2.1472,2.0585,2.1012,2.1122,2.1247,2.0754,2.0415,2.1003,2.1238,2.1489,2.1348,2.1295,2.1323,2.1250,2.1033,2.1153,2.1347,1.7175,1.7591,1.7326,1.7224,1.7601,1.6966,1.6536,1.7615,1.6999,1.6528,1.6585,1.6707,1.7405,1.6504,1.6323,1.6802,1.6495,1.6496,1.6982,1.6338,1.7221,1.6954,1.6692,0,1.0000,2.0308,4.6896,1.9317
6,0.0120,-0.3946,-1.7694,1.0187,2.0308,4.6896,1.8336,0.1110,0.1898,0.0000,1.0278,1.0000,-0.0000,0.0004,0.0007,-0.0080,-0.0007,-0.0001,-0.0006,0.0012,0.0012,0.0072,0.0000,0.0002,-0.0001,0.0006,0.0007,-0.0024,-0.0001,-0.0002,0.0011,0.0003,0.0000,0.0001,0.0000,-0.0005,0.0000,0.0002,0.0004,0.0000,0.0001,0.0000,-0.0148,0.0015,-0.0191,-0.0084,0.0870,0.0820,-0.6393,-0.0327,0.0055,-0.1286,0.0164,0.0947,0.5704,-0.0358,0.0117,0.0122,-0.1129,-0.0388,-0.1270,0.0153,-0.0407,0.0612,0.0451,0.0014,0.0132,0.0002,0.0034,0.0068,0.0114,-0.0008,0.0013,0.0092,0.0001,-1.0000,-1.0000,-1.0000,-1.0000,-1.0000,-1.0000,-1.0000,-1.0000,-1.0000,-1.0000,-1.0000,-1.0000,-1.0000,-1.0000,-1.0000,-1.0000,-1.0000,-1.0000,-1.0000,-1.0000,-1.0000,-1.0000,-1.0000,-1.0000,-1.0000,-1.0000,-1.0000,-1.0000,-1.0000,-1.0000,-1.0000,-1.0000,-1.0000,-1.0000,-1.0000,-1.0000,-1.0000,-1.0000,-1.0000,-1.0000,-1.0000,-1.0000,-1.0000,-1.0000,-1.0000,-1.0000,-1.0000,-1.0000,-1.0000,-1.0000,-1.0000,-1.0000,-1.0000,-1.0000,-1.0000,-1.0000,-1.0000,-1.0000,-1.0000,-1.0000,-1.0000,-1.0000,-1.0000,-1.0000,-1.0000,-1.0000,-1.0000,-1.0000,-1.0000,-1.0000,-1.0000,-1.0000,-1.0000,-1.0000,-1.0000,-1.0000,-1.0000,-1.0000,-1.0000,-1.0000,-1.0000,-1.0000,-1.0000,-1.0000,-1.0000,-1.0000,-1.0000,-1.0000,-1.0000,-1.0000,-1.0000,-1.0000,-1.0000,-1.0000,-1.0000,-1.0000,-1.0000,-1.0000,-1.0000,-1.0000,-1.0000,-1.0000,-1.0000,-1.0000,-1.0000,-1.0000,-1.0000,-1.0000,-1.0000,-1.0000,-1.0000,-1.0000,-1.0000,-1.0000,-1.0000,-1.0000,-1.0000,-1.0000,-1.0000,-1.0000,-1.0000,2.0541,2.0572,2.0059,2.0439,2.0222,2.0955,1.9232,1.9002,1.9748,1.8658,1.9678,1.8623,1.9428,1.9027,1.8465,1.8784,1.9741,2.1248,2.1355,2.1422,2.1345,2.0881,2.0764,2.1472,2.0585,2.1012,2.1122,2.1247,2.0754,2.0415,2.1003,2.1238,2.1489,2.1348,2.1295,2.1323,2.1250,2.1033,2.1153,2.1347,1.7175,1.7591,1.7326,1.7224,1.7601,1.6966,1.6536,1.7615,1.6999,1.6528,1.6585,1.6707,1.7405,1.6504,1.6323,1.6802,1.6495,1.6496,1.6982,1.6338,1.7221,1.6954,1.6692,0,1.0000,2.0308,4.6896,1.9317
6,0.0120,-0.3946,-1.7694,1.0187,2.0308,4.6896,1.8336,0.1110,0.1898,0.0000,1.0278,1.0000,-0.0000,0.0004,0.0007,-0.0080,-0.0007,-0.0001,-0.0006,0.0012,0.0012,0.0072,0.0000,0.0002,-0.0001,0.0006,0.0007,-0.0024,-0.0001,-0.0002,0.0011,0.0003,0.0000,0.0001,0.0000,-0.0005,0.0000,0.0002,0.0004,0.0000,0.0001,0.0000,-0.0148,0.0015,-0.0191,-0.0084,0.0870,0.0820,-0.6393,-0.0327,0.0055,-0.1286,0.0164,0.0947,0.5704,-0.0358,0.0117,0.0122,-0.1129,-0.0388,-0.1270,0.0153,-0.0407,0.0612,0.0451,0.0014,0.0132,0.0002,0.0034,0.0068,0.0114,-0.0008,0.0013,0.0092,0.0001,-1.0000,-1.0000,-1.0000,-1.0000,-1.0000,-1.0000,-1.0000,-1.0000,-1.0000,-1.0000,-1.0000,-1.0000,-1.0000,-1.0000,-1.0000,-1.0000,-1.0000,-1.0000,-1.0000,-1.0000,-1.0000,-1.0000,-1.0000,-1.0000,-1.0000,-1.0000,-1.0000,-1.0000,-1.0000,-1.0000,-1.0000,-1.0000,-1.0000,-1.0000,-1.0000,-1.0000,-1.0000,-1.0000,-1.0000,-1.0000,-1.0000,-1.0000,-1.0000,-1.0000,-1.0000,-1.0000,-1.0000,-1.0000,-1.0000,-1.0000,-1.0000,-1.0000,-1.0000,-1.0000,-1.0000,-1.0000,-1.0000,-1.0000,-1.0000,-1.0000,-1.0000,-1.0000,-1.0000,-1.0000,-1.0000,-1.0000,-1.0000,-1.0000,-1.0000,-1.0000,-1.0000,-1.0000,-1.0000,-1.0000,-1.0000,-1.0000,-1.0000,-1.0000,-1.0000,-1.0000,-1.0000,-1.0000,-1.0000,-1.0000,-1.0000,-1.0000,-1.0000,-1.0000,-1.0000,-1.0000,-1.0000,-1.0000,-1.0000,-1.0000,-1.0000,-1.0000,-1.0000,-1.0000,-1.0000,-1.0000,-1.0000,-1.0000,-1.0000,-1.0000,-1.0000,-1.0000,-1.0000,-1.0000,-1.0000,-1.0000,-1.0000,-1.0000,-1.0000,-1.0000,-1.0000,-1.0000,-1.0000,-1.0000,-1.0000,-1.0000,-1.0000,2.0541,2.0572,2.0059,2.0439,2.0222,2.0955,1.9232,1.9002,1.9748,1.8658,1.9678,1.8623,1.9428,1.9027,1.8465,1.8784,1.9741,2.1248,2.1355,2.1422,2.1345,2.0881,2.0764,2.1472,2.0585,2.1012,2.1122,2.1247,2.0754,2.0415,2.1003,2.1238,2.1489,2.1348,2.1295,2.1323,2.1250,2.1033,2.1153,2.1347,1.7175,1.7591,1.7326,1.7224,1.7601,1.6966,1.6536,1.7615,1.6999,1.6528,1.6585,1.6707,1.7405,1.6504,1.6323,1.6802,1.6495,1.6496,1.6982,1.6338,1.7221,1.6954,1.6692,0,1.0000,2.0308,4.6896,1.9317
6,0.0120,-0.3946,-1.7694,1.0187,2.0308,4.6896,1.8336,0.1110,0.1898,0.0000,1.0278,1.0000,-0.0000,0.0004,0.0007,-0.0080,-0.0007,-0.0001,-0.0006,0.0012,0.0012,0.0072,0.0000,0.0002,-0.0001,0.0006,0.0007,-0.0024,-0.0001,-0.0002,0.0011,0.0003,0.0000,0.0001,0.0000,-0.0005,0.0000,0.0002,0.0004,0.0000,0.0001,0.0000,-0.0148,0.0015,-0.0191,-0.0084,0.0870,0.0820,-0.6393,-0.0327,0.0055,-0.1286,0.0164,0.0947,0.5704,-0.0358,0.0117,0.0122,-0.1129,-0.0388,-0.1270,0.0153,-0.0407,0.0612,0.0451,0.0014,0.0132,0.0002,0.0034,0.0068,0.0114,-0.0008,0.0013,0.0092,0.0001,-1.0000,-1.0000,-1.0000,-1.0000,-1.0000,-1.0000,-1.0000,-1.0000,-1.0000,-1.0000,-1.0000,-1.0000,-1.0000,-1.0000,-1.0000,-1.0000,-1.0000,-1.0000,-1.0000,-1.0000,-1.0000,-1.0000,-1.0000,-1.0000,-1.0000,-1.0000,-1.0000,-1.0000,-1.0000,-1.0000,-1.0000,-1.0000,-1.0000,-1.0000,-1.0000,-1.0000,-1.0000,-1.0000,-1.0000,-1.0000,-1.0000,-1.0000,-1.0000,-1.0000,-1.0000,-1.0000,-1.0000,-1.0000,-1.0000,-1.0000,-1.0000,-1.0000,-1.0000,-1.0000,-1.0000,-1.0000,-1.0000,-1.0000,-1.0000,-1.0000,-1.0000,-1.0000,-1.0000,-1.0000,-1.0000,-1.0000,-1.0000,-1.0000,-1.0000,-1.0000,-1.0000,-1.0000,-1.0000,-1.0000,-1.0000,-1.0000,-1.0000,-1.0000,-1.0000,-1.0000,-1.0000,-1.0000,-1.0000,-1.0000,-1.0000,-1.0000,-1.0000,-1.0000,-1.0000,-1.0000,-1.0000,-1.0000,-1.0000,-1.0000,-1.0000,-1.0000,-1.0000,-1.0000,-1.0000,-1.0000,-1.0000,-1.0000,-1.0000,-1.0000,-1.0000,-1.0000,-1.0000,-1.0000,-1.0000,-1.0000,-1.0000,-1.0000,-1.0000,-1.0000,-1.0000,-1.0000,-1.0000,-1.0000,-1.0000,-1.0000,-1.0000,2.0541,2.0572,2.0059,2.0439,2.0222,2.0955,1.9232,1.9002,1.9748,1.8658,1.9678,1.8623,1.9428,1.9027,1.8465,1.8784,1.9741,2.1248,2.1355,2.1422,2.1345,2.0881,2.0764,2.1472,2.0585,2.1012,2.1122,2.1247,2.0754,2.0415,2.1003,2.1238,2.1489,2.1348,2.1295,2.1323,2.1250,2.1033,2.1153,2.1347,1.7175,1.7591,1.7326,1.7224,1.7601,1.6966,1.6536,1.7615,1.6999,1.6528,1.6585,1.6707,1.7405,1.6504,1.6323,1.6802,1.6495,1.6496,1.6982,1.6338,1.7221,1.6954,1.6692,0,1.0000,2.0308,4.6896,1.9317
6,0.0120,-0.3946,-1.7694,1.0187,2.0308,4.6896,1.8336,0.1110,0.1898,0.0000,1.0278,1.0000,-0.0000,0.0004,0.0007,-0.0080,-0.0007,-0.0001,-0.0006,0.0012,0.0012,0.0072,0.0000,0.0002,-0.0001,0.0006,0.0007,-0.0024,-0.0001,-0.0002,0.0011,0.0003,0.0000,0.0001,0.0000,-0.0005,0.0000,0.0002,0.0004,0.0000,0.0001,0.0000,-0.0148,0.0015,-0.0191,-0.0084,0.0870,0.0820,-0.6393,-0.0327,0.0055,-0.1286,0.0164,0.0947,0.5704,-0.0358,0.0117,0.0122,-0.1129,-0.0388,-0.1270,0.0153,-0.0407,0.0612,0.0451,0.0014,0.0132,0.0002,0.0034,0.0068,0.0114,-0.0008,0.0013,0.0092,0.0001,-1.0000,-1.0000,-1.0000,-1.0000,-1.0000,-1.0000,-1.0000,-1.0000,-1.0000,-1.0000,-1.0000,-1.0000,-1.0000,-1.0000,-1.0000,-1.0000,-1.0000,-1.0000,-1.0000,-1.0000,-1.0000,-1.0000,-1.0000,-1.0000,-1.0000,-1.0000,-1.0000,-1.0000,-1.0000,-1.0000,-1.0000,-1.0000,-1.0000,-1.0000,-1.0000,-1.0000,-1.0000,-1.0000,-1.0000,-1.0000,-1.0000,-1.0000,-1.0000,-1.0000,-1.0000,-1.0000,-1.0000,-1.0000,-1.0000,-1.0000,-1.0000,-1.0000,-1.0000,-1.0000,-1.0000,-1.0000,-1.0000,-1.0000,-1.0000,-1.0000,-1.0000,-1.0000,-1.0000,-1.0000,-1.0000,-1.0000,-1.0000,-1.0000,-1.0000,-1.0000,-1.0000,-1.0000,-1.0000,-1.0000,-1.0000,-1.0000,-1.0000,-1.0000,-1.0000,-1.0000,-1.0000,-1.0000,-1.0000,-1.0000,-1.0000,-1.0000,-1.0000,-1.0000,-1.0000,-1.0000,-1.0000,-1.0000,-1.0000,-1.0000,-1.0000,-1.0000,-1.0000,-1.0000,-1.0000,-1.0000,-1.0000,-1.0000,-1.0000,-1.0000,-1.0000,-1.0000,-1.0000,-1.0000,-1.0000,-1.0000,-1.0000,-1.0000,-1.0000,-1.0000,-1.0000,-1.0000,-1.0000,-1.0000,-1.0000,-1.0000,-1.0000,2.0541,2.0572,2.0059,2.0439,2.0222,2.0955,1.9232,1.9002,1.9748,1.8658,1.9678,1.8623,1.9428,1.9027,1.8465,1.8784,1.9741,2.1248,2.1355,2.1422,2.1345,2.0881,2.0764,2.1472,2.0585,2.1012,2.1122,2.1247,2.0754,2.0415,2.1003,2.1238,2.1489,2.1348,2.1295,2.1323,2.1250,2.1033,2.1153,2.1347,1.7175,1.7591,1.7326,1.7224,1.7601,1.6966,1.6536,1.7615,1.6999,1.6528,1.6585,1.6707,1.7405,1.6504,1.6323,1.6802,1.6495,1.6496,1.6982,1.6338,1.7221,1.6954,1.6692,0,1.0000,2.0308,4.6896,1.9317
6,0.0120,-0.3946,-1.7694,1.0187,2.0308,4.6896,1.8336,0.1110,0.1898,0.0000,1.0278,1.0000,-0.0000,0.0004,0.0007,-0.0080,-0.0007,-0.0001,-0.0006,0.0012,0.0012,0.0072,0.0000,0.0002,-0.0001,0.0006,0.0007,-0.0024,-0.0001,-0.0002,0.0011,0.0003,0.0000,0.0001,0.0000,-0.0005,0.0000,0.0002,0.0004,0.0000,0.0001,0.0000,-0.0148,0.0015,-0.0191,-0.0084,0.0870,0.0820,-0.6393,-0.0327,0.0055,-0.1286,0.0164,0.0947,0.5704,-0.0358,0.0117,0.0122,-0.1129,-0.0388,-0.1270,0.0153,-0.0407,0.0612,0.0451,0.0014,0.0132,0.0002,0.0034,0.0068,0.0114,-0.0008,0.0013,0.0092,0.0001,-1.0000,-1.0000,-1.0000,-1.0000,-1.0000,-1.0000,-1.0000,-1.0000,-1.0000,-1.0000,-1.0000,-1.0000,-1.0000,-1.0000,-1.0000,-1.0000,-1.0000,-1.0000,-1.0000,-1.0000,-1.0000,-1.0000,-1.0000,-1.0000,-1.0000,-1.0000,-1.0000,-1.0000,-1.0000,-1.0000,-1.0000,-1.0000,-1.0000,-1.0000,-1.0000,-1.0000,-1.0000,-1.0000,-1.0000,-1.0000,-1.0000,-1.0000,-1.0000,-1.0000,-1.0000,-1.0000,-1.0000,-1.0000,-1.0000,-1.0000,-1.0000,-1.0000,-1.0000,-1.0000,-1.0000,-1.0000,-1.0000,-1.0000,-1.0000,-1.0000,-1.0000,-1.0000,-1.0000,-1.0000,-1.0000,-1.0000,-1.0000,-1.0000,-1.0000,-1.0000,-1.0000,-1.0000,-1.0000,-1.0000,-1.0000,-1.0000,-1.0000,-1.0000,-1.0000,-1.0000,-1.0000,-1.0000,-1.0000,-1.0000,-1.0000,-1.0000,-1.0000,-1.0000,-1.0000,-1.0000,-1.0000,-1.0000,-1.0000,-1.0000,-1.0000,-1.0000,-1.0000,-1.0000,-1.0000,-1.0000,-1.0000,-1.0000,-1.0000,-1.0000,-1.0000,-1.0000,-1.0000,-1.0000,-1.0000,-1.0000,-1.0000,-1.0000,-1.0000,-1.0000,-1.0000,-1.0000,-1.0000,-1.0000,-1.0000,-1.0000,-1.0000,2.0541,2.0572,2.0059,2.0439,2.0222,2.0955,1.9232,1.9002,1.9748,1.8658,1.9678,1.8623,1.9428,1.9027,1.8465,1.8784,1.9741,2.1248,2.1355,2.1422,2.1345,2.0881,2.0764,2.1472,2.0585,2.1012,2.1122,2.1247,2.0754,2.0415,2.1003,2.1238,2.1489,2.1348,2.1295,2.1323,2.1250,2.1033,2.1153,2.1347,1.7175,1.7591,1.7326,1.7224,1.7601,1.6966,1.6536,1.7615,1.6999,1.6528,1.6585,1.6707,1.7405,1.6504,1.6323,1.6802,1.6495,1.6496,1.6982,1.6338,1.7221,1.6954,1.6692,0,1.0000,2.0308,4.6896,1.9317
6,0.0120,-0.3946,-1.7694,1.0187,2.0308,4.6896,1.8336,0.1110,0.1898,0.0000,1.0278,1.0000,-0.0000,0.0004,0.0007,-0.0080,-0.0007,-0.0001,-0.0006,0.0012,0.0012,0.0072,0.0000,0.0002,-0.0001,0.0006,0.0007,-0.0024,-0.0001,-0.0002,0.0011,0.0003,0.0000,0.0001,0.0000,-0.0005,0.0000,0.0002,0.0004,0.0000,0.0001,0.0000,-0.0148,0.0015,-0.0191,-0.0084,0.0870,0.0820,-0.6393,-0.0327,0.0055,-0.1286,0.0164,0.0947,0.5704,-0.0358,0.0117,0.0122,-0.1129,-0.0388,-0.1270,0.0153,-0.0407,0.0612,0.0451,0.0014,0.0132,0.0002,0.0034,0.0068,0.0114,-0.0008,0.0013,0.0092,0.0001,-1.0000,-1.0000,-1.0000,-1.0000,-1.0000,-1.0000,-1.0000,-1.0000,-1.0000,-1.0000,-1.0000,-1.0000,-1.0000,-1.0000,-1.0000,-1.0000,-1.0000,-1.0000,-1.0000,-1.0000,-1.0000,-1.0000,-1.0000,-1.0000,-1.0000,-1.0000,-1.0000,-1.0000,-1.0000,-1.0000,-1.0000,-1.0000,-1.0000,-1.0000,-1.0000,-1.0000,-1.0000,-1.0000,-1.0000,-1.0000,-1.0000,-1.0000,-1.0000,-1.0000,-1.0000,-1.0000,-1.0000,-1.0000,-1.0000,-1.0000,-1.0000,-1.0000,-1.0000,-1.0000,-1.0000,-1.0000,-1.0000,-1.0000,-1.0000,-1.0000,-1.0000,-1.0000,-1.0000,-1.0000,-1.0000,-1.0000,-1.0000,-1.0000,-1.0000,-1.0000,-1.0000,-1.0000,-1.0000,-1.0000,-1.0000,-1.0000,-1.0000,-1.0000,-1.0000,-1.0000,-1.0000,-1.0000,-1.0000,-1.0000,-1.0000,-1.0000,-1.0000,-1.0000,-1.0000,-1.0000,-1.0000,-1.0000,-1.0000,-1.0000,-1.0000,-1.0000,-1.0000,-1.0000,-1.0000,-1.0000,-1.0000,-1.0000,-1.0000,-1.0000,-1.0000,-1.0000,-1.0000,-1.0000,-1.0000,-1.0000,-1.0000,-1.0000,-1.0000,-1.0000,-1.0000,-1.0000,-1.0000,-1.0000,-1.0000,-1.0000,-1.0000,2.0541,2.0572,2.0059,2.0439,2.0222,2.0955,1.9232,1.9002,1.9748,1.8658,1.9678,1.8623,1.9428,1.9027,1.8465,1.8784,1.9741,2.1248,2.1355,2.1422,2.1345,2.0881,2.0764,2.1472,2.0585,2.1012,2.1122,2.1247,2.0754,2.0415,2.1003,2.1238,2.1489,2.1348,2.1295,2.1323,2.1250,2.1033,2.1153,2.1347,1.7175,1.7591,1.7326,1.7224,1.7601,1.6966,1.6536,1.7615,1.6999,1.6528,1.6585,1.6707,1.7405,1.6504,1.6323,1.6802,1.6495,1.6496,1.6982,1.6338,1.7221,1.6954,1.6692,0,1.0000,2.0308,4.6896,1.9317
6,0.0120,-0.3946,-1.7694,1.0187,2.0308,4.6896,1.8336,0.1110,0.1898,0.0000,1.0278,1.0000,-0.0000,0.0004,0.0007,-0.0080,-0.0007,-0.0001,-0.0006,0.0012,0.0012,0.0072,0.0000,0.0002,-0.0001,0.0006,0.0007,-0.0024,-0.0001,-0.0002,0.0011,0.0003,0.0000,0.0001,0.0000,-0.0005,0.0000,0.0002,0.0004,0.0000,0.0001,0.0000,-0.0148,0.0015,-0.0191,-0.0084,0.0870,0.0820,-0.6393,-0.0327,0.0055,-0.1286,0.0164,0.0947,0.5704,-0.0358,0.0117,0.0122,-0.1129,-0.0388,-0.1270,0.0153,-0.0407,0.0612,0.0451,0.0014,0.0132,0.0002,0.0034,0.0068,0.0114,-0.0008,0.0013,0.0092,0.0001,-1.0000,-1.0000,-1.0000,-1.0000,-1.0000,-1.0000,-1.0000,-1.0000,-1.0000,-1.0000,-1.0000,-1.0000,-1.0000,-1.0000,-1.0000,-1.0000,-1.0000,-1.0000,-1.0000,-1.0000,-1.0000,-1.0000,-1.0000,-1.0000,-1.0000,-1.0000,-1.0000,-1.0000,-1.0000,-1.0000,-1.0000,-1.0000,-1.0000,-1.0000,-1.0000,-1.0000,-1.0000,-1.0000,-1.0000,-1.0000,-1.0000,-1.0000,-1.0000,-1.0000,-1.0000,-1.0000,-1.0000,-1.0000,-1.0000,-1.0000,-1.0000,-1.0000,-1.0000,-1.0000,-1.0000,-1.0000,-1.0000,-1.0000,-1.0000,-1.0000,-1.0000,-1.0000,-1.0000,-1.0000,-1.0000,-1.0000,-1.0000,-1.0000,-1.0000,-1.0000,-1.0000,-1.0000,-1.0000,-1.0000,-1.0000,-1.0000,-1.0000,-1.0000,-1.0000,-1.0000,-1.0000,-1.0000,-1.0000,-1.0000,-1.0000,-1.0000,-1.0000,-1.0000,-1.0000,-1.0000,-1.0000,-1.0000,-1.0000,-1.0000,-1.0000,-1.0000,-1.0000,-1.0000,-1.0000,-1.0000,-1.0000,-1.0000,-1.0000,-1.0000,-1.0000,-1.0000,-1.0000,-1.0000,-1.0000,-1.0000,-1.0000,-1.0000,-1.0000,-1.0000,-1.0000,-1.0000,-1.0000,-1.0000,-1.0000,-1.0000,-1.0000,2.0541,2.0572,2.0059,2.0439,2.0222,2.0955,1.9232,1.9002,1.9748,1.8658,1.9678,1.8623,1.9428,1.9027,1.8465,1.8784,1.9741,2.1248,2.1355,2.1422,2.1345,2.0881,2.0764,2.1472,2.0585,2.1012,2.1122,2.1247,2.0754,2.0415,2.1003,2.1238,2.1489,2.1348,2.1295,2.1323,2.1250,2.1033,2.1153,2.1347,1.7175,1.7591,1.7326,1.7224,1.7601,1.6966,1.6536,1.7615,1.6999,1.6528,1.6585,1.6707,1.7405,1.6504,1.6323,1.6802,1.6495,1.6496,1.6982,1.6338,1.7221,1.6954,1.6692,0,1.0000,2.0308,4.6896,1.9317
6,0.0120,-0.3946,-1.7694,1.0187,2.0308,4.6896,1.8336,0.1110,0.1898,0.0000,1.0278,1.0000,-0.0000,0.0004,0.0007,-0.0080,-0.0007,-0.0001,-0.0006,0.0012,0.0012,0.0072,0.0000,0.0002,-0.0001,0.0006,0.0007,-0.0024,-0.0001,-0.0002,0.0011,0.0003,0.0000,0.0001,0.0000,-0.0005,0.0000,0.0002,0.0004,0.0000,0.0001,0.0000,-0.0148,0.0015,-0.0191,-0.0084,0.0870,0.0820,-0.6393,-0.0327,0.0055,-0.1286,0.0164,0.0947,0.5704,-0.0358,0.0117,0.0122,-0.1129,-0.0388,-0.1270,0.0153,-0.0407,0.0612,0.0451,0.0014,0.0132,0.0002,0.0034,0.0068,0.0114,-0.0008,0.0013,0.0092,0.0001,-1.0000,-1.0000,-1.0000,-1.0000,-1.0000,-1.0000,-1.0000,-1.0000,-1.0000,-1.0000,-1.0000,-1.0000,-1.0000,-1.0000,-1.0000,-1.0000,-1.0000,-1.0000,-1.0000,-1.0000,-1.0000,-1.0000,-1.0000,-1.0000,-1.0000,-1.0000,-1.0000,-1.0000,-1.0000,-1.0000,-1.0000,-1.0000,-1.0000,-1.0000,-1.0000,-1.0000,-1.0000,-1.0000,-1.0000,-1.0000,-1.0000,-1.0000,-1.0000,-1.0000,-1.0000,-1.0000,-1.0000,-1.0000,-1.0000,-1.0000,-1.0000,-1.0000,-1.0000,-1.0000,-1.0000,-1.0000,-1.0000,-1.0000,-1.0000,-1.0000,-1.0000,-1.0000,-1.0000,-1.0000,-1.0000,-1.0000,-1.0000,-1.0000,-1.0000,-1.0000,-1.0000,-1.0000,-1.0000,-1.0000,-1.0000,-1.0000,-1.0000,-1.0000,-1.0000,-1.0000,-1.0000,-1.0000,-1.0000,-1.0000,-1.0000,-1.0000,-1.0000,-1.0000,-1.0000,-1.0000,-1.0000,-1.0000,-1.0000,-1.0000,-1.0000,-1.0000,-1.0000,-1.0000,-1.0000,-1.0000,-1.0000,-1.0000,-1.0000,-1.0000,-1.0000,-1.0000,-1.0000,-1.0000,-1.0000,-1.0000,-1.0000,-1.0000,-1.0000,-1.0000,-1.0000,-1.0000,-1.0000,-1.0000,-1.0000,-1.0000,-1.0000,2.0541,2.0572,2.0059,2.0439,2.0222,2.0955,1.9232,1.9002,1.9748,1.8658,1.9678,1.8623,1.9428,1.9027,1.8465,1.8784,1.9741,2.1248,2.1355,2.1422,2.1345,2.0881,2.0764,2.1472,2.0585,2.1012,2.1122,2.1247,2.0754,2.0415,2.1003,2.1238,2.1489,2.1348,2.1295,2.1323,2.1250,2.1033,2.1153,2.1347,1.7175,1.7591,1.7326,1.7224,1.7601,1.6966,1.6536,1.7615,1.6999,1.6528,1.6585,1.6707,1.7405,1.6504,1.6323,1.6802,1.6495,1.6496,1.6982,1.6338,1.7221,1.6954,1.6692,0,1.0000,2.0308,4.6896,1.9317
6,0.0120,-0.3946,-1.7694,1.0187,2.0308,4.6896,1.8336,0.1110,0.1898,0.0000,1.0278,1.0000,-0.0000,0.0004,0.0007,-0.0080,-0.0007,-0.0001,-0.0006,0.0012,0.0012,0.0072,0.0000,0.0002,-0.0001,0.0006,0.0007,-0.0024,-0.0001,-0.0002,0.0011,0.0003,0.0000,0.0001,0.0000,-0.0005,0.0000,0.0002,0.0004,0.0000,0.0001,0.0000,-0.0148,0.0015,-0.0191,-0.0084,0.0870,0.0820,-0.6393,-0.0327,0.0055,-0.1286,0.0164,0.0947,0.5704,-0.0358,0.0117,0.0122,-0.1129,-0.0388,-0.1270,0.0153,-0.0407,0.0612,0.0451,0.0014,0.0132,0.0002,0.0034,0.0068,0.0114,-0.0008,0.0013,0.0092,0.0001,-1.0000,-1.0000,-1.0000,-1.0000,-1.0000,-1.0000,-1.0000,-1.0000,-1.0000,-1.0000,-1.0000,-1.0000,-1.0000,-1.0000,-1.0000,-1.0000,-1.0000,-1.0000,-1.0000,-1.0000,-1.0000,-1.0000,-1.0000,-1.0000,-1.0000,-1.0000,-1.0000,-1.0000,-1.0000,-1.0000,-1.0000,-1.0000,-1.0000,-1.0000,-1.0000,-1.0000,-1.0000,-1.0000,-1.0000,-1.0000,-1.0000,-1.0000,-1.0000,-1.0000,-1.0000,-1.0000,-1.0000,-1.0000,-1.0000,-1.0000,-1.0000,-1.0000,-1.0000,-1.0000,-1.0000,-1.0000,-1.0000,-1.0000,-1.0000,-1.0000,-1.0000,-1.0000,-1.0000,-1.0000,-1.0000,-1.0000,-1.0000,-1.0000,-1.0000,-1.0000,-1.0000,-1.0000,-1.0000,-1.0000,-1.0000,-1.0000,-1.0000,-1.0000,-1.0000,-1.0000,-1.0000,-1.0000,-1.0000,-1.0000,-1.0000,-1.0000,-1.0000,-1.0000,-1.0000,-1.0000,-1.0000,-1.0000,-1.0000,-1.0000,-1.0000,-1.0000,-1.0000,-1.0000,-1.0000,-1.0000,-1.0000,-1.0000,-1.0000,-1.0000,-1.0000,-1.0000,-1.0000,-1.0000,-1.0000,-1.0000,-1.0000,-1.0000,-1.0000,-1.0000,-1.0000,-1.0000,-1.0000,-1.0000,-1.0000,-1.0000,-1.0000,2.0541,2.0572,2.0059,2.0439,2.0222,2.0955,1.9232,1.9002,1.9748,1.8658,1.9678,1.8623,1.9428,1.9027,1.8465,1.8784,1.9741,2.1248,2.1355,2.1422,2.1345,2.0881,2.0764,2.1472,2.0585,2.1012,2.1122,2.1247,2.0754,2.0415,2.1003,2.1238,2.1489,2.1348,2.1295,2.1323,2.1250,2.1033,2.1153,2.1347,1.7175,1.7591,1.7326,1.7224,1.7601,1.6966,1.6536,1.7615,1.6999,1.6528,1.6585,1.6707,1.7405,1.6504,1.6323,1.6802,1.6495,1.6496,1.6982,1.6338,1.7221,1.6954,1.6692,0,1.0000,2.0308,4.6896,1.9317
6,0.0120,-0.3946,-1.7694,1.0187,2.0308,4.6896,1.8336,0.1110,0.1898,0.0000,1.0278,1.0000,-0.0000,0.0004,0.0007,-0.0080,-0.0007,-0.0001,-0.0006,0.0012,0.0012,0.0072,0.0000,0.0002,-0.0001,0.0006,0.0007,-0.0024,-0.0001,-0.0002,0.0011,0.0003,0.0000,0.0001,0.0000,-0.0005,0.0000,0.0002,0.0004,0.0000,0.0001,0.0000,-0.0148,0.0015,-0.0191,-0.0084,0.0870,0.0820,-0.6393,-0.0327,0.0055,-0.1286,0.0164,0.0947,0.5704,-0.0358,0.0117,0.0122,-0.1129,-0.0388,-0.1270,0.0153,-0.0407,0.0612,0.0451,0.0014,0.0132,0.0002,0.0034,0.0068,0.0114,-0.0008,0.0013,0.0092,0.0001,-1.0000,-1.0000,-1.0000,-1.0000,-1.0000,-1.0000,-1.0000,-1.0000,-1.0000,-1.0000,-1.0000,-1.0000,-1.0000,-1.0000,-1.0000,-1.0000,-1.0000,-1.0000,-1.0000,-1.0000,-1.0000,-1.0000,-1.0000,-1.0000,-1.0000,-1.0000,-1.0000,-1.0000,-1.0000,-1.0000,-1.0000,-1.0000,-1.0000,-1.0000,-1.0000,-1.0000,-1.0000,-1.0000,-1.0000,-1.0000,-1.0000,-1.0000,-1.0000,-1.0000,-1.0000,-1.0000,-1.0000,-1.0000,-1.0000,-1.0000,-1.0000,-1.0000,-1.0000,-1.0000,-1.0000,-1.0000,-1.0000,-1.0000,-1.0000,-1.0000,-1.0000,-1.0000,-1.0000,-1.0000,-1.0000,-1.0000,-1.0000,-1.0000,-1.0000,-1.0000,-1.0000,-1.0000,-1.0000,-1.0000,-1.0000,-1.0000,-1.0000,-1.0000,-1.0000,-1.0000,-1.0000,-1.0000,-1.0000,-1.0000,-1.0000,-1.0000,-1.0000,-1.0000,-1.0000,-1.0000,-1.0000,-1.0000,-1.0000,-1.0000,-1.0000,-1.0000,-1.0000,-1.0000,-1.0000,-1.0000,-1.0000,-1.0000,-1.0000,-1.0000,-1.0000,-1.0000,-1.0000,-1.0000,-1.0000,-1.0000,-1.0000,-1.0000,-1.0000,-1.0000,-1.0000,-1.0000,-1.0000,-1.0000,-1.0000,-1.0000,-1.0000,2.0541,2.0572,2.0059,2.0439,2.0222,2.0955,1.9232,1.9002,1.9748,1.8658,1.9678,1.8623,1.9428,1.9027,1.8465,1.8784,1.9741,2.1248,2.1355,2.1422,2.1345,2.0881,2.0764,2.1472,2.0585,2.1012,2.1122,2.1247,2.0754,2.0415,2.1003,2.1238,2.1489,2.1348,2.1295,2.1323,2.1250,2.1033,2.1153,2.1347,1.7175,1.7591,1.7326,1.7224,1.7601,1.6966,1.6536,1.7615,1.6999,1.6528,1.6585,1.6707,1.7405,1.6504,1.6323,1.6802,1.6495,1.6496,1.6982,1.6338,1.7221,1.6954,1.6692,0,1.0000,2.0308,4.6896,1.9317
6,0.0120,-0.3946,-1.7694,1.0187,2.0308,4.6896,1.8336,0.1110,0.1898,0.0000,1.0278,1.0000,-0.0000,0.0004,0.0007,-0.0080,-0.0007,-0.0001,-0.0006,0.0012,0.0012,0.0072,0.0000,0.0002,-0.0001,0.0006,0.0007,-0.0024,-0.0001,-0.0002,0.0011,0.0003,0.0000,0.0001,0.0000,-0.0005,0.0000,0.0002,0.0004,0.0000,0.0001,0.0000,-0.0148,0.0015,-0.0191,-0.0084,0.0870,0.0820,-0.6393,-0.0327,0.0055,-0.1286,0.0164,0.0947,0.5704,-0.0358,0.0117,0.0122,-0.1129,-0.0388,-0.1270,0.0153,-0.0407,0.0612,0.0451,0.0014,0.0132,0.0002,0.0034,0.0068,0.0114,-0.0008,0.0013,0.0092,0.0001,-1.0000,-1.0000,-1.0000,-1.0000,-1.0000,-1.0000,-1.0000,-1.0000,-1.0000,-1.0000,-1.0000,-1.0000,-1.0000,-1.0000,-1.0000,-1.0000,-1.0000,-1.0000,-1.0000,-1.0000,-1.0000,-1.0000,-1.0000,-1.0000,-1.0000,-1.0000,-1.0000,-1.0000,-1.0000,-1.0000,-1.0000,-1.0000,-1.0000,-1.0000,-1.0000,-1.0000,-1.0000,-1.0000,-1.0000,-1.0000,-1.0000,-1.0000,-1.0000,-1.0000,-1.0000,-1.0000,-1.0000,-1.0000,-1.0000,-1.0000,-1.0000,-1.0000,-1.0000,-1.0000,-1.0000,-1.0000,-1.0000,-1.0000,-1.0000,-1.0000,-1.0000,-1.0000,-1.0000,-1.0000,-1.0000,-1.0000,-1.0000,-1.0000,-1.0000,-1.0000,-1.0000,-1.0000,-1.0000,-1.0000,-1.0000,-1.0000,-1.0000,-1.0000,-1.0000,-1.0000,-1.0000,-1.0000,-1.0000,-1.0000,-1.0000,-1.0000,-1.0000,-1.0000,-1.0000,-1.0000,-1.0000,-1.0000,-1.0000,-1.0000,-1.0000,-1.0000,-1.0000,-1.0000,-1.0000,-1.0000,-1.0000,-1.0000,-1.0000,-1.0000,-1.0000,-1.0000,-1.0000,-1.0000,-1.0000,-1.0000,-1.0000,-1.0000,-1.0000,-1.0000,-1.0000,-1.0000,-1.0000,-1.0000,-1.0000,-1.0000,-1.0000,2.0541,2.0572,2.0059,2.0439,2.0222,2.0955,1.9232,1.9002,1.9748,1.8658,1.9678,1.8623,1.9428,1.9027,1.8465,1.8784,1.9741,2.1248,2.1355,2.1422,2.1345,2.0881,2.0764,2.1472,2.0585,2.1012,2.1122,2.1247,2.0754,2.0415,2.1003,2.1238,2.1489,2.1348,2.1295,2.1323,2.1250,2.1033,2.1153,2.1347,1.7175,1.7591,1.7326,1.7224,1.7601,1.6966,1.6536,1.7615,1.6999,1.6528,1.6585,1.6707,1.7405,1.6504,1.6323,1.6802,1.6495,1.6496,1.6982,1.6338,1.7221,1.6954,1.6692,0,1.0000,2.0308,4.6896,1.9317
7,0.0140,-0.3906,-1.7600,1.0224,2.0308,4.6896,1.8139,0.1110,0.1898,0.0000,1.0278,1.0000,-0.0000,0.0005,0.0008,-0.0092,-0.0007,-0.0001,-0.0009,0.0012,0.0014,0.0083,-0.0001,0.0003,-0.0000,0.0003,0.0006,-0.0026,-0.0000,-0.0003,0.0012,0.0004,0.0000,0.0001,0.0000,-0.0005,0.0000,0.0002,0.0003,0.0000,0.0001,0.0000,-0.0148,0.0018,-0.0212,-0.0112,0.0976,0.0646,-0.5779,-0.0407,0.0108,-0.1342,-0.0118,0.0794,0.5402,-0.0705,0.0129,0.0451,-0.1521,-0.0664,-0.1161,0.0322,-0.0696,0.0556,0.0564,0.0018,0.0147,0.0006,0.0257,0.0095,0.0187,-0.0625,0.0016,0.0125,0.0001,-1.0000,-1.0000,-1.0000,-1.0000,-1.0000,-1.0000,-1.0000,-1.0000,-1.0000,-1.0000,-1.0000,-1.0000,-1.0000,-1.0000,-1.0000,-1.0000,-1.0000,-1.0000,-1.0000,-1.0000,-1.0000,-1.0000,-1.0000,-1.0000,-1.0000,-1.0000,-1.0000,-1.0000,-1.0000,-1.0000,-1.0000,-1.0000,-1.0000,-1.0000,-1.0000,-1.0000,-1.0000,-1.0000,-1.0000,-1.0000,-1.0000,-1.0000,-1.0000,-1.0000,-1.0000,-1.0000,-1.0000,-1.0000,-1.0000,-1.0000,-1.0000,-1.0000,-1.0000,-1.0000,-1.0000,-1.0000,-1.0000,-1.0000,-1.0000,-1.0000,-1.0000,-1.0000,-1.0000,-1.0000,-1.0000,-1.0000,-1.0000,-1.0000,-1.0000,-1.0000,-1.0000,-1.0000,-1.0000,-1.0000,-1.0000,-1.0000,-1.0000,-1.0000,-1.0000,-1.0000,-1.0000,-1.0000,-1.0000,-1.0000,-1.0000,-1.0000,-1.0000,-1.0000,-1.0000,-1.0000,-1.0000,-1.0000,-1.0000,-1.0000,-1.0000,-1.0000,-1.0000,-1.0000,-1.0000,-1.0000,-1.0000,-1.0000,-1.0000,-1.0000,-1.0000,-1.0000,-1.0000,-1.0000,-1.0000,-1.0000,-1.0000,-1.0000,-1.0000,-1.0000,-1.0000,-1.0000,-1.0000,-1.0000,-1.0000,-1.0000,-1.0000,2.0432,2.0464,1.9951,2.0331,2.0113,2.0847,1.9128,1.8896,1.9640,1.8552,1.9572,1.8515,1.9322,1.8920,1.8360,1.8677,1.9635,2.1142,2.1248,2.1315,2.1238,2.0774,2.0658,2.1367,2.0479,2.0907,2.1017,2.1142,2.0649,2.0310,2.0898,2.1135,2.1385,2.1244,2.1192,2.1219,2.1147,2.0929,2.1050,2.1244,1.7067,1.7483,1.7218,1.7116,1.7493,1.6860,1.6429,1.7508,1.6893,1.6422,1.6479,1.6601,1.7298,1.6398,1.6219,1.6697,1.6390,1.6392,1.6877,1.6233,1.7115,1.6850,1.6588,0,1.0000,2.0308,4.6896,1.9317
7,0.0140,-0.3906,-1.7600,1.0224,2.0308,4.6896,1.8139,0.1110,0.1898,0.0000,1.0278,1.0000,-0.0000,0.0005,0.0008,-0.0092,-0.0007,-0.0001,-0.0009,0.0012,0.0014,0.0083,-0.0001,0.0003,-0.0000,0.0003,0.0006,-0.0026,-0.0000,-0.0003,0.0012,0.0004,0.0000,0.0001,0.0000,-0.0005,0.0000,0.0002,0.0003,0.0000,0.0001,0.0000,-0.0148,0.0018,-0.0212,-0.0112,0.0976,0.0646,-0.5779,-0.0407,0.0108,-0.1342,-0.0118,0.0794,0.5402,-0.0705,0.0129,0.0451,-0.1521,-0.0664,-0.1161,0.0322,-0.0696,0.0556,0.0564,0.0018,0.0147,0.0006,0.0257,0.0095,0.0187,-0.0625,0.0016,0.0125,0.0001,-1.0000,-1.0000,-1.0000,-1.0000,-1.0000,-1.0000,-1.0000,-1.0000,-1.0000,-1.0000,-1.0000,-1.0000,-1.0000,-1.0000,-1.0000,-1.0000,-1.0000,-1.0000,-1.0000,-1.0000,-1.0000,-1.0000,-1.0000,-1.0000,-1.0000,-1.0000,-1.0000,-1.0000,-1.0000,-1.0000,-1.0000,-1.0000,-1.0000,-1.0000,-1.0000,-1.0000,-1.0000,-1.0000,-1.0000,-1.0000,-1.0000,-1.0000,-1.0000,-1.0000,-1.0000,-1.0000,-1.0000,-1.0000,-1.0000,-1.0000,-1.0000,-1.0000,-1.0000,-1.0000,-1.0000,-1.0000,-1.0000,-1.0000,-1.0000,-1.0000,-1.0000,-1.0000,-1.0000,-1.0000,-1.0000,-1.0000,-1.0000,-1.0000,-1.0000,-1.0000,-1.0000,-1.0000,-1.0000,-1.0000,-1.0000,-1.0000,-1.0000,-1.0000,-1.0000,-1.0000,-1.0000,-1.0000,-1.0000,-1.0000,-1.0000,-1.0000,-1.0000,-1.0000,-1.0000,-1.0000,-1.0000,-1.0000,-1.0000,-1.0000,-1.0000,-1.0000,-1.0000,-1.0000,-1.0000,-1.0000,-1.0000,-1.0000,-1.0000,-1.0000,-1.0000,-1.0000,-1.0000,-1.0000,-1.0000,-1.0000,-1.0000,-1.0000,-1.0000,-1.0000,-1.0000,-1.0000,-1.0000,-1.0000,-1.0000,-1.0000,-1.0000,2.0432,2.0464,1.9951,2.0331,2.0113,2.0847,1.9128,1.8896,1.9640,1.8552,1.9572,1.8515,1.9322,1.8920,1.8360,1.8677,1.9635,2.1142,2.1248,2.1315,2.1238,2.0774,2.0658,2.1367,2.0479,2.0907,2.1017,2.1142,2.0649,2.0310,2.0898,2.1135,2.1385,2.1244,2.1192,2.1219,2.1147,2.0929,2.1050,2.1244,1.7067,1.7483,1.7218,1.7116,1.7493,1.6860,1.6429,1.7508,1.6893,1.6422,1.6479,1.6601,1.7298,1.6398,1.6219,1.6697,1.6390,1.6392,1.6877,1.6233,1.7115,1.6850,1.6588,0,1.0000,2.0308,4.6896,1.9317
7,0.0140,-0.3906,-1.7600,1.0224,2.0308,4.6896,1.8139,0.1110,0.1898,0.0000,1.0278,1.0000,-0.0000,0.0005,0.0008,-0.0092,-0.0007,-0.0001,-0.0009,0.0012,0.0014,0.0083,-0.0001,0.0003,-0.0000,0.0003,0.0006,-0.0026,-0.0000,-0.0003,0.0012,0.0004,0.0000,0.0001,0.0000,-0.0005,0.0000,0.0002,0.0003,0.0000,0.0001,0.0000,-0.0148,0.0018,-0.0212,-0.0112,0.0976,0.0646,-0.5779,-0.0407,0.0108,-0.1342,-0.0118,0.0794,0.5402,-0.0705,0.0129,0.0451,-0.1521,-0.0664,-0.1161,0.0322,-0.0696,0.0556,0.0564,0.0018,0.0147,0.0006,0.0257,0.0095,0.0187,-0.0625,0.0016,0.0125,0.0001,-1.0000,-1.0000,-1.0000,-1.0000,-1.0000,-1.0000,-1.0000,-1.0000,-1.0000,-1.0000,-1.0000,-1.0000,-1.0000,-1.0000,-1.0000,-1.0000,-1.0000,-1.0000,-1.0000,-1.0000,-1.0000,-1.0000,-1.0000,-1.0000,-1.0000,-1.0000,-1.0000,-1.0000,-1.0000,-1.0000,-1.0000,-1.0000,-1.0000,-1.0000,-1.0000,-1.0000,-1.0000,-1.0000,-1.0000,-1.0000,-1.0000,-1.0000,-1.0000,-1.0000,-1.0000,-1.0000,-1.0000,-1.0000,-1.0000,-1.0000,-1.0000,-1.0000,-1.0000,-1.0000,-1.0000,-1.0000,-1.0000,-1.0000,-1.0000,-1.0000,-1.0000,-1.0000,-1.0000,-1.0000,-1.0000,-1.0000,-1.0000,-1.0000,-1.0000,-1.0000,-1.0000,-1.0000,-1.0000,-1.0000,-1.0000,-1.0000,-1.0000,-1.0000,-1.0000,-1.0000,-1.0000,-1.0000,-1.0000,-1.0000,-1.0000,-1.0000,-1.0000,-1.0000,-1.0000,-1.0000,-1.0000,-1.0000,-1.0000,-1.0000,-1.0000,-1.0000,-1.0000,-1.0000,-1.0000,-1.0000,-1.0000,-1.0000,-1.0000,-1.0000,-1.0000,-1.0000,-1.0000,-1.0000,-1.0000,-1.0000,-1.0000,-1.0000,-1.0000,-1.0000,-1.0000,-1.0000,-1.0000,-1.0000,-1.0000,-1.0000,-1.0000,2.0432,2.0464,1.9951,2.0331,2.0113,2.0847,1.9128,1.8896,1.9640,1.8552,1.9572,1.8515,1.9322,1.8920,1.8360,1.8677,1.9635,2.1142,2.1248,2.1315,2.1238,2.0774,2.0658,2.1367,2.0479,2.0907,2.1017,2.1142,2.0649,2.0310,2.0898,2.1135,2.1385,2.1244,2.1192,2.1219,2.1147,2.0929,2.1050,2.1244,1.7067,1.7483,1.7218,1.7116,1.7493,1.6860,1.6429,1.7508,1.6893,1.6422,1.6479,1.6601,1.7298,1.6398,1.6219,1.6697,1.6390,1.6392,1.6877,1.6233,1.7115,1.6850,1.6588,0,1.0000,2.0308,4.6896,1.9317
7,0.0140,-0.3906,-1.7600,1.0224,2.0308,4.6896,1.8139,0.1110,0.1898,0.0000,1.0278,1.0000,-0.0000,0.0005,0.0008,-0.0092,-0.0007,-0.0001,-0.0009,0.0012,0.0014,0.0083,-0.0001,0.0003,-0.0000,0.0003,0.0006,-0.0026,-0.0000,-0.0003,0.0012,0.0004,0.0000,0.0001,0.0000,-0.0005,0.0000,0.0002,0.0003,0.0000,0.0001,0.0000,-0.0148,0.0018,-0.0212,-0.0112,0.0976,0.0646,-0.5779,-0.0407,0.0108,-0.1342,-0.0118,0.0794,0.5402,-0.0705,0.0129,0.0451,-0.1521,-0.0664,-0.1161,0.0322,-0.0696,0.0556,0.0564,0.0018,0.0147,0.0006,0.0257,0.0095,0.0187,-0.0625,0.0016,0.0125,0.0001,-1.0000,-1.0000,-1.0000,-1.0000,-1.0000,-1.0000,-1.0000,-1.0000,-1.0000,-1.0000,-1.0000,-1.0000,-1.0000,-1.0000,-1.0000,-1.0000,-1.0000,-1.0000,-1.0000,-1.0000,-1.0000,-1.0000,-1.0000,-1.0000,-1.0000,-1.0000,-1.0000,-1.0000,-1.0000,-1.0000,-1.0000,-1.0000,-1.0000,-1.0000,-1.0000,-1.0000,-1.0000,-1.0000,-1.0000,-1.0000,-1.0000,-1.0000,-1.0000,-1.0000,-1.0000,-1.0000,-1.0000,-1.0000,-1.0000,-1.0000,-1.0000,-1.0000,-1.0000,-1.0000,-1.0000,-1.0000,-1.0000,-1.0000,-1.0000,-1.0000,-1.0000,-1.0000,-1.0000,-1.0000,-1.0000,-1.0000,-1.0000,-1.0000,-1.0000,-1.0000,-1.0000,-1.0000,-1.0000,-1.0000,-1.0000,-1.0000,-1.0000,-1.0000,-1.0000,-1.0000,-1.0000,-1.0000,-1.0000,-1.0000,-1.0000,-1.0000,-1.0000,-1.0000,-1.0000,-1.0000,-1.0000,-1.0000,-1.0000,-1.0000,-1.0000,-1.0000,-1.0000,-1.0000,-1.0000,-1.0000,-1.0000,-1.0000,-1.0000,-1.0000,-1.0000,-1.0000,-1.0000,-1.0000,-1.0000,-1.0000,-1.0000,-1.0000,-1.0000,-1.0000,-1.0000,-1.0000,-1.0000,-1.0000,-1.0000,-1.0000,-1.0000,2.0432,2.0464,1.9951,2.0331,2.0113,2.0847,1.9128,1.8896,1.9640,1.8552,1.9572,1.8515,1.9322,1.8920,1.8360,1.8677,1.9635,2.1142,2.1248,2.1315,2.1238,2.0774,2.0658,2.1367,2.0479,2.0907,2.1017,2.1142,2.0649,2.0310,2.0898,2.1135,2.1385,2.1244,2.1192,2.1219,2.1147,2.0929,2.1050,2.1244,1.7067,1.7483,1.7218,1.7116,1.7493,1.6860,1.6429,1.7508,1.6893,1.6422,1.6479,1.6601,1.7298,1.6398,1.6219,1.6697,1.6390,1.6392,1.6877,1.6233,1.7115,1.6850,1.6588,0,1.0000,2.0308,4.6896,1.9317
7,0.0140,-0.3906,-1.7600,1.0224,2.0308,4.6896,1.8139,0.1110,0.1898,0.0000,1.0278,1.0000,-0.0000,0.0005,0.0008,-0.0092,-0.0007,-0.0001,-0.0009,0.0012,0.0014,0.0083,-0.0001,0.0003,-0.0000,0.0003,0.0006,-0.0026,-0.0000,-0.0003,0.0012,0.0004,0.0000,0.0001,0.0000,-0.0005,0.0000,0.0002,0.0003,0.0000,0.0001,0.0000,-0.0148,0.0018,-0.0212,-0.0112,0.0976,0.0646,-0.5779,-0.0407,0.0108,-0.1342,-0.0118,0.0794,0.5402,-0.0705,0.0129,0.0451,-0.1521,-0.0664,-0.1161,0.0322,-0.0696,0.0556,0.0564,0.0018,0.0147,0.0006,0.0257,0.0095,0.0187,-0.0625,0.0016,0.0125,0.0001,-1.0000,-1.0000,-1.0000,-1.0000,-1.0000,-1.0000,-1.0000,-1.0000,-1.0000,-1.0000,-1.0000,-1.0000,-1.0000,-1.0000,-1.0000,-1.0000,-1.0000,-1.0000,-1.0000,-1.0000,-1.0000,-1.0000,-1.0000,-1.0000,-1.0000,-1.0000,-1.0000,-1.0000,-1.0000,-1.0000,-1.0000,-1.0000,-1.0000,-1.0000,-1.0000,-1.0000,-1.0000,-1.0000,-1.0000,-1.0000,-1.0000,-1.0000,-1.0000,-1.0000,-1.0000,-1.0000,-1.0000,-1.0000,-1.0000,-1.0000,-1.0000,-1.0000,-1.0000,-1.0000,-1.0000,-1.0000,-1.0000,-1.0000,-1.0000,-1.0000,-1.0000,-1.0000,-1.0000,-1.0000,-1.0000,-1.0000,-1.0000,-1.0000,-1.0000,-1.0000,-1.0000,-1.0000,-1.0000,-1.0000,-1.0000,-1.0000,-1.0000,-1.0000,-1.0000,-1.0000,-1.0000,-1.0000,-1.0000,-1.0000,-1.0000,-1.0000,-1.0000,-1.0000,-1.0000,-1.0000,-1.0000,-1.0000,-1.0000,-1.0000,-1.0000,-1.0000,-1.0000,-1.0000,-1.0000,-1.0000,-1.0000,-1.0000,-1.0000,-1.0000,-1.0000,-1.0000,-1.0000,-1.0000,-1.0000,-1.0000,-1.0000,-1.0000,-1.0000,-1.0000,-1.0000,-1.0000,-1.0000,-1.0000,-1.0000,-1.0000,-1.0000,2.0432,2.0464,1.9951,2.0331,2.0113,2.0847,1.9128,1.8896,1.9640,1.8552,1.9572,1.8515,1.9322,1.8920,1.8360,1.8677,1.9635,2.1142,2.1248,2.1315,2.1238,2.0774,2.0658,2.1367,2.0479,2.0907,2.1017,2.1142,2.0649,2.0310,2.0898,2.1135,2.1385,2.1244,2.1192,2.1219,2.1147,2.0929,2.1050,2.1244,1.7067,1.7483,1.7218,1.7116,1.7493,1.6860,1.6429,1.7508,1.6893,1.6422,1.6479,1.6601,1.7298,1.6398,1.6219,1.6697,1.6390,1.6392,1.6877,1.6233,1.7115,1.6850,1.6588,0,1.0000,2.0308,4.6896,1.9317
7,0.0140,-0.3906,-1.7600,1.0224,2.0308,4.6896,1.8139,0.1110,0.1898,0.0000,1.0278,1.0000,-0.0000,0.0005,0.0008,-0.0092,-0.0007,-0.0001,-0.0009,0.0012,0.0014,0.0083,-0.0001,0.0003,-0.0000,0.0003,0.0006,-0.0026,-0.0000,-0.0003,0.0012,0.0004,0.0000,0.0001,0.0000,-0.0005,0.0000,0.0002,0.0003,0.0000,0.0001,0.0000,-0.0148,0.0018,-0.0212,-0.0112,0.0976,0.0646,-0.5779,-0.0407,0.0108,-0.1342,-0.0118,0.0794,0.5402,-0.0705,0.0129,0.0451,-0.1521,-0.0664,-0.1161,0.0322,-0.0696,0.0556,0.0564,0.0018,0.0147,0.0006,0.0257,0.0095,0.0187,-0.0625,0.0016,0.0125,0.0001,-1.0000,-1.0000,-1.0000,-1.0000,-1.0000,-1.0000,-1.0000,-1.0000,-1.0000,-1.0000,-1.0000,-1.0000,-1.0000,-1.0000,-1.0000,-1.0000,-1.0000,-1.0000,-1.0000,-1.0000,-1.0000,-1.0000,-1.0000,-1.0000,-1.0000,-1.0000,-1.0000,-1.0000,-1.0000,-1.0000,-1.0000,-1.0000,-1.0000,-1.0000,-1.0000,-1.0000,-1.0000,-1.0000,-1.0000,-1.0000,-1.0000,-1.0000,-1.0000,-1.0000,-1.0000,-1.0000,-1.0000,-1.0000,-1.0000,-1.0000,-1.0000,-1.0000,-1.0000,-1.0000,-1.0000,-1.0000,-1.0000,-1.0000,-1.0000,-1.0000,-1.0000,-1.0000,-1.0000,-1.0000,-1.0000,-1.0000,-1.0000,-1.0000,-1.0000,-1.0000,-1.0000,-1.0000,-1.0000,-1.0000,-1.0000,-1.0000,-1.0000,-1.0000,-1.0000,-1.0000,-1.0000,-1.0000,-1.0000,-1.0000,-1.0000,-1.0000,-1.0000,-1.0000,-1.0000,-1.0000,-1.0000,-1.0000,-1.0000,-1.0000,-1.0000,-1.0000,-1.0000,-1.0000,-1.0000,-1.0000,-1.0000,-1.0000,-1.0000,-1.0000,-1.0000,-1.0000,-1.0000,-1.0000,-1.0000,-1.0000,-1.0000,-1.0000,-1.0000,-1.0000,-1.0000,-1.0000,-1.0000,-1.0000,-1.0000,-1.0000,-1.0000,2.0432,2.0464,1.9951,2.0331,2.0113,2.0847,1.9128,1.8896,1.9640,1.8552,1.9572,1.8515,1.9322,1.8920,1.8360,1.8677,1.9635,2.1142,2.1248,2.1315,2.1238,2.0774,2.0658,2.1367,2.0479,2.0907,2.1017,2.1142,2.0649,2.0310,2.0898,2.1135,2.1385,2.1244,2.1192,2.1219,2.1147,2.0929,2.1050,2.1244,1.7067,1.7483,1.7218,1.7116,1.7493,1.6860,1.6429,1.7508,1.6893,1.6422,1.6479,1.6601,1.7298,1.6398,1.6219,1.6697,1.6390,1.6392,1.6877,1.6233,1.7115,1.6850,1.6588,0,1.0000,2.0308,4.6896,1.9317
7,0.0140,-0.3906,-1.7600,1.0224,2.0308,4.6896,1.8139,0.1110,0.1898,0.0000,1.0278,1.0000,-0.0000,0.0005,0.0008,-0.0092,-0.0007,-0.0001,-0.0009,0.0012,0.0014,0.0083,-0.0001,0.0003,-0.0000,0.0003,0.0006,-0.0026,-0.0000,-0.0003,0.0012,0.0004,0.0000,0.0001,0.0000,-0.0005,0.0000,0.0002,0.0003,0.0000,0.0001,0.0000,-0.0148,0.0018,-0.0212,-0.0112,0.0976,0.0646,-0.5779,-0.0407,0.0108,-0.1342,-0.0118,0.0794,0.5402,-0.0705,0.0129,0.0451,-0.1521,-0.0664,-0.1161,0.0322,-0.0696,0.0556,0.0564,0.0018,0.0147,0.0006,0.0257,0.0095,0.0187,-0.0625,0.0016,0.0125,0.0001,-1.0000,-1.0000,-1.0000,-1.0000,-1.0000,-1.0000,-1.0000,-1.0000,-1.0000,-1.0000,-1.0000,-1.0000,-1.0000,-1.0000,-1.0000,-1.0000,-1.0000,-1.0000,-1.0000,-1.0000,-1.0000,-1.0000,-1.0000,-1.0000,-1.0000,-1.0000,-1.0000,-1.0000,-1.0000,-1.0000,-1.0000,-1.0000,-1.0000,-1.0000,-1.0000,-1.0000,-1.0000,-1.0000,-1.0000,-1.0000,-1.0000,-1.0000,-1.0000,-1.0000,-1.0000,-1.0000,-1.0000,-1.0000,-1.0000,-1.0000,-1.0000,-1.0000,-1.0000,-1.0000,-1.0000,-1.0000,-1.0000,-1.0000,-1.0000,-1.0000,-1.0000,-1.0000,-1.0000,-1.0000,-1.0000,-1.0000,-1.0000,-1.0000,-1.0000,-1.0000,-1.0000,-1.0000,-1.0000,-1.0000,-1.0000,-1.0000,-1.0000,-1.0000,-1.0000,-1.0000,-1.0000,-1.0000,-1.0000,-1.0000,-1.0000,-1.0000,-1.0000,-1.0000,-1.0000,-1.0000,-1.0000,-1.0000,-1.0000,-1.0000,-1.0000,-1.0000,-1.0000,-1.0000,-1.0000,-1.0000,-1.0000,-1.0000,-1.0000,-1.0000,-1.0000,-1.0000,-1.0000,-1.0000,-1.0000,-1.0000,-1.0000,-1.0000,-1.0000,-1.0000,-1.0000,-1.0000,-1.0000,-1.0000,-1.0000,-1.0000,-1.0000,2.0432,2.0464,1.9951,2.0331,2.0113,2.0847,1.9128,1.8896,1.9640,1.8552,1.9572,1.8515,1.9322,1.8920,1.8360,1.8677,1.9635,2.1142,2.1248,2.1315,2.1238,2.0774,2.0658,2.1367,2.0479,2.0907,2.1017,2.1142,2.0649,2.0310,2.0898,2.1135,2.1385,2.1244,2.1192,2.1219,2.1147,2.0929,2.1050,2.1244,1.7067,1.7483,1.7218,1.7116,1.7493,1.6860,1.6429,1.7508,1.6893,1.6422,1.6479,1.6601,1.7298,1.6398,1.6219,1.6697,1.6390,1.6392,1.6877,1.6233,1.7115,1.6850,1.6588,0,1.0000,2.0308,4.6896,1.9317
7,0.0140,-0.3906,-1.7600,1.0224,2.0308,4.6896,1.8139,0.1110,0.1898,0.0000,1.0278,1.0000,-0.0000,0.0005,0.0008,-0.0092,-0.0007,-0.0001,-0.0009,0.0012,0.0014,0.0083,-0.0001,0.0003,-0.0000,0.0003,0.0006,-0.0026,-0.0000,-0.0003,0.0012,0.0004,0.0000,0.0001,0.0000,-0.0005,0.0000,0.0002,0.0003,0.0000,0.0001,0.0000,-0.0148,0.0018,-0.0212,-0.0112,0.0976,0.0646,-0.5779,-0.0407,0.0108,-0.1342,-0.0118,0.0794,0.5402,-0.0705,0.0129,0.0451,-0.1521,-0.0664,-0.1161,0.0322,-0.0696,0.0556,0.0564,0.0018,0.0147,0.0006,0.0257,0.0095,0.0187,-0.0625,0.0016,0.0125,0.0001,-1.0000,-1.0000,-1.0000,-1.0000,-1.0000,-1.0000,-1.0000,-1.0000,-1.0000,-1.0000,-1.0000,-1.0000,-1.0000,-1.0000,-1.0000,-1.0000,-1.0000,-1.0000,-1.0000,-1.0000,-1.0000,-1.0000,-1.0000,-1.0000,-1.0000,-1.0000,-1.0000,-1.0000,-1.0000,-1.0000,-1.0000,-1.0000,-1.0000,-1.0000,-1.0000,-1.0000,-1.0000,-1.0000,-1.0000,-1.0000,-1.0000,-1.0000,-1.0000,-1.0000,-1.0000,-1.0000,-1.0000,-1.0000,-1.0000,-1.0000,-1.0000,-1.0000,-1.0000,-1.0000,-1.0000,-1.0000,-1.0000,-1.0000,-1.0000,-1.0000,-1.0000,-1.0000,-1.0000,-1.0000,-1.0000,-1.0000,-1.0000,-1.0000,-1.0000,-1.0000,-1.0000,-1.0000,-1.0000,-1.0000,-1.0000,-1.0000,-1.0000,-1.0000,-1.0000,-1.0000,-1.0000,-1.0000,-1.0000,-1.0000,-1.0000,-1.0000,-1.0000,-1.0000,-1.0000,-1.0000,-1.0000,-1.0000,-1.0000,-1.0000,-1.0000,-1.0000,-1.0000,-1.0000,-1.0000,-1.0000,-1.0000,-1.0000,-1.0000,-1.0000,-1.0000,-1.0000,-1.0000,-1.0000,-1.0000,-1.0000,-1.0000,-1.0000,-1.0000,-1.0000,-1.0000,-1.0000,-1.0000,-1.0000,-1.0000,-1.0000,-1.0000,2.0432,2.0464,1.9951,2.0331,2.0113,2.0847,1.9128,1.8896,1.9640,1.8552,1.9572,1.8515,1.9322,1.8920,1.8360,1.8677,1.9635,2.1142,2.1248,2.1315,2.1238,2.0774,2.0658,2.1367,2.0479,2.0907,2.1017,2.1142,2.0649,2.0310,2.0898,2.1135,2.1385,2.1244,2.1192,2.1219,2.1147,2.0929,2.1050,2.1244,1.7067,1.7483,1.7218,1.7116,1.7493,1.6860,1.6429,1.7508,1.6893,1.6422,1.6479,1.6601,1.7298,1.6398,1.6219,1.6697,1.6390,1.6392,1.6877,1.6233,1.7115,1.6850,1.6588,0,1.0000,2.0308,4.6896,1.9317
7,0.0140,-0.3906,-1.7600,1.0224,2.0308,4.6896,1.8139,0.1110,0.1898,0.0000,1.0278,1.0000,-0.0000,0.0005,0.0008,-0.0092,-0.0007,-0.0001,-0.0009,0.0012,0.0014,0.0083,-0.0001,0.0003,-0.0000,0.0003,0.0006,-0.0026,-0.0000,-0.0003,0.0012,0.0004,0.0000,0.0001,0.0000,-0.0005,0.0000,0.0002,0.0003,0.0000,0.0001,0.0000,-0.0148,0.0018,-0.0212,-0.0112,0.0976,0.0646,-0.5779,-0.0407,0.0108,-0.1342,-0.0118,0.0794,0.5402,-0.0705,0.0129,0.0451,-0.1521,-0.0664,-0.1161,0.0322,-0.0696,0.0556,0.0564,0.0018,0.0147,0.0006,0.0257,0.0095,0.0187,-0.0625,0.0016,0.0125,0.0001,-1.0000,-1.0000,-1.0000,-1.0000,-1.0000,-1.0000,-1.0000,-1.0000,-1.0000,-1.0000,-1.0000,-1.0000,-1.0000,-1.0000,-1.0000,-1.0000,-1.0000,-1.0000,-1.0000,-1.0000,-1.0000,-1.0000,-1.0000,-1.0000,-1.0000,-1.0000,-1.0000,-1.0000,-1.0000,-1.0000,-1.0000,-1.0000,-1.0000,-1.0000,-1.0000,-1.0000,-1.0000,-1.0000,-1.0000,-1.0000,-1.0000,-1.0000,-1.0000,-1.0000,-1.0000,-1.0000,-1.0000,-1.0000,-1.0000,-1.0000,-1.0000,-1.0000,-1.0000,-1.0000,-1.0000,-1.0000,-1.0000,-1.0000,-1.0000,-1.0000,-1.0000,-1.0000,-1.0000,-1.0000,-1.0000,-1.0000,-1.0000,-1.0000,-1.0000,-1.0000,-1.0000,-1.0000,-1.0000,-1.0000,-1.0000,-1.0000,-1.0000,-1.0000,-1.0000,-1.0000,-1.0000,-1.0000,-1.0000,-1.0000,-1.0000,-1.0000,-1.0000,-1.0000,-1.0000,-1.0000,-1.0000,-1.0000,-1.0000,-1.0000,-1.0000,-1.0000,-1.0000,-1.0000,-1.0000,-1.0000,-1.0000,-1.0000,-1.0000,-1.0000,-1.0000,-1.0000,-1.0000,-1.0000,-1.0000,-1.0000,-1.0000,-1.0000,-1.0000,-1.0000,-1.0000,-1.0000,-1.0000,-1.0000,-1.0000,-1.0000,-1.0000,2.0432,2.0464,1.9951,2.0331,2.0113,2.0847,1.9128,1.8896,1.9640,1.8552,1.9572,1.8515,1.9322,1.8920,1.8360,1.8677,1.9635,2.1142,2.1248,2.1315,2.1238,2.0774,2.0658,2.1367,2.0479,2.0907,2.1017,2.1142,2.0649,2.0310,2.0898,2.1135,2.1385,2.1244,2.1192,2.1219,2.1147,2.0929,2.1050,2.1244,1.7067,1.7483,1.7218,1.7116,1.7493,1.6860,1.6429,1.7508,1.6893,1.6422,1.6479,1.6601,1.7298,1.6398,1.6219,1.6697,1.6390,1.6392,1.6877,1.6233,1.7115,1.6850,1.6588,0,1.0000,2.0308,4.6896,1.9317
7,0.0140,-0.3906,-1.7600,1.0224,2.0308,4.6896,1.8139,0.1110,0.1898,0.0000,1.0278,1.0000,-0.0000,0.0005,0.0008,-0.0092,-0.0007,-0.0001,-0.0009,0.0012,0.0014,0.0083,-0.0001,0.0003,-0.0000,0.0003,0.0006,-0.0026,-0.0000,-0.0003,0.0012,0.0004,0.0000,0.0001,0.0000,-0.0005,0.0000,0.0002,0.0003,0.0000,0.0001,0.0000,-0.0148,0.0018,-0.0212,-0.0112,0.0976,0.0646,-0.5779,-0.0407,0.0108,-0.1342,-0.0118,0.0794,0.5402,-0.0705,0.0129,0.0451,-0.1521,-0.0664,-0.1161,0.0322,-0.0696,0.0556,0.0564,0.0018,0.0147,0.0006,0.0257,0.0095,0.0187,-0.0625,0.0016,0.0125,0.0001,-1.0000,-1.0000,-1.0000,-1.0000,-1.0000,-1.0000,-1.0000,-1.0000,-1.0000,-1.0000,-1.0000,-1.0000,-1.0000,-1.0000,-1.0000,-1.0000,-1.0000,-1.0000,-1.0000,-1.0000,-1.0000,-1.0000,-1.0000,-1.0000,-1.0000,-1.0000,-1.0000,-1.0000,-1.0000,-1.0000,-1.0000,-1.0000,-1.0000,-1.0000,-1.0000,-1.0000,-1.0000,-1.0000,-1.0000,-1.0000,-1.0000,-1.0000,-1.0000,-1.0000,-1.0000,-1.0000,-1.0000,-1.0000,-1.0000,-1.0000,-1.0000,-1.0000,-1.0000,-1.0000,-1.0000,-1.0000,-1.0000,-1.0000,-1.0000,-1.0000,-1.0000,-1.0000,-1.0000,-1.0000,-1.0000,-1.0000,-1.0000,-1.0000,-1.0000,-1.0000,-1.0000,-1.0000,-1.0000,-1.0000,-1.0000,-1.0000,-1.0000,-1.0000,-1.0000,-1.0000,-1.0000,-1.0000,-1.0000,-1.0000,-1.0000,-1.0000,-1.0000,-1.0000,-1.0000,-1.0000,-1.0000,-1.0000,-1.0000,-1.0000,-1.0000,-1.0000,-1.0000,-1.0000,-1.0000,-1.0000,-1.0000,-1.0000,-1.0000,-1.0000,-1.0000,-1.0000,-1.0000,-1.0000,-1.0000,-1.0000,-1.0000,-1.0000,-1.0000,-1.0000,-1.0000,-1.0000,-1.0000,-1.0000,-1.0000,-1.0000,-1.0000,2.0432,2.0464,1.9951,2.0331,2.0113,2.0847,1.9128,1.8896,1.9640,1.8552,1.9572,1.8515,1.9322,1.8920,1.8360,1.8677,1.9635,2.1142,2.1248,2.1315,2.1238,2.0774,2.0658,2.1367,2.0479,2.0907,2.1017,2.1142,2.0649,2.0310,2.0898,2.1135,2.1385,2.1244,2.1192,2.1219,2.1147,2.0929,2.1050,2.1244,1.7067,1.7483,1.7218,1.7116,1.7493,1.6860,1.6429,1.7508,1.6893,1.6422,1.6479,1.6601,1.7298,1.6398,1.6219,1.6697,1.6390,1.6392,1.6877,1.6233,1.7115,1.6850,1.6588,0,1.0000,2.0308,4.6896,1.9317
7,0.0140,-0.3906,-1.7600,1.0224,2.0308,4.6896,1.8139,0.1110,0.1898,0.0000,1.0278,1.0000,-0.0000,0.0005,0.0008,-0.0092,-0.0007,-0.0001,-0.0009,0.0012,0.0014,0.0083,-0.0001,0.0003,-0.0000,0.0003,0.0006,-0.0026,-0.0000,-0.0003,0.0012,0.0004,0.0000,0.0001,0.0000,-0.0005,0.0000,0.0002,0.0003,0.0000,0.0001,0.0000,-0.0148,0.0018,-0.0212,-0.0112,0.0976,0.0646,-0.5779,-0.0407,0.0108,-0.1342,-0.0118,0.0794,0.5402,-0.0705,0.0129,0.0451,-0.1521,-0.0664,-0.1161,0.0322,-0.0696,0.0556,0.0564,0.0018,0.0147,0.0006,0.0257,0.0095,0.0187,-0.0625,0.0016,0.0125,0.0001,-1.0000,-1.0000,-1.0000,-1.0000,-1.0000,-1.0000,-1.0000,-1.0000,-1.0000,-1.0000,-1.0000,-1.0000,-1.0000,-1.0000,-1.0000,-1.0000,-1.0000,-1.0000,-1.0000,-1.0000,-1.0000,-1.0000,-1.0000,-1.0000,-1.0000,-1.0000,-1.0000,-1.0000,-1.0000,-1.0000,-1.0000,-1.0000,-1.0000,-1.0000,-1.0000,-1.0000,-1.0000,-1.0000,-1.0000,-1.0000,-1.0000,-1.0000,-1.0000,-1.0000,-1.0000,-1.0000,-1.0000,-1.0000,-1.0000,-1.0000,-1.0000,-1.0000,-1.0000,-1.0000,-1.0000,-1.0000,-1.0000,-1.0000,-1.0000,-1.0000,-1.0000,-1.0000,-1.0000,-1.0000,-1.0000,-1.0000,-1.0000,-1.0000,-1.0000,-1.0000,-1.0000,-1.0000,-1.0000,-1.0000,-1.0000,-1.0000,-1.0000,-1.0000,-1.0000,-1.0000,-1.0000,-1.0000,-1.0000,-1.0000,-1.0000,-1.0000,-1.0000,-1.0000,-1.0000,-1.0000,-1.0000,-1.0000,-1.0000,-1.0000,-1.0000,-1.0000,-1.0000,-1.0000,-1.0000,-1.0000,-1.0000,-1.0000,-1.0000,-1.0000,-1.0000,-1.0000,-1.0000,-1.0000,-1.0000,-1.0000,-1.0000,-1.0000,-1.0000,-1.0000,-1.0000,-1.0000,-1.0000,-1.0000,-1.0000,-1.0000,-1.0000,2.0432,2.0464,1.9951,2.0331,2.0113,2.0847,1.9128,1.8896,1.9640,1.8552,1.9572,1.8515,1.9322,1.8920,1.8360,1.8677,1.9635,2.1142,2.1248,2.1315,2.1238,2.0774,2.0658,2.1367,2.0479,2.0907,2.1017,2.1142,2.0649,2.0310,2.0898,2.1135,2.1385,2.1244,2.1192,2.1219,2.1147,2.0929,2.1050,2.1244,1.7067,1.7483,1.7218,1.7116,1.7493,1.6860,1.6429,1.7508,1.6893,1.6422,1.6479,1.6601,1.7298,1.6398,1.6219,1.6697,1.6390,1.6392,1.6877,1.6233,1.7115,1.6850,1.6588,0,1.0000,2.0308,4.6896,1.9317
7,0.0140,-0.3906,-1.7600,1.0224,2.0308,4.6896,1.8139,0.1110,0.1898,0.0000,1.0278,1.0000,-0.0000,0.0005,0.0008,-0.0092,-0.0007,-0.0001,-0.0009,0.0012,0.0014,0.0083,-0.0001,0.0003,-0.0000,0.0003,0.0006,-0.0026,-0.0000,-0.0003,0.0012,0.0004,0.0000,0.0001,0.0000,-0.0005,0.0000,0.0002,0.0003,0.0000,0.0001,0.0000,-0.0148,0.0018,-0.0212,-0.0112,0.0976,0.0646,-0.5779,-0.0407,0.0108,-0.1342,-0.0118,0.0794,0.5402,-0.0705,0.0129,0.0451,-0.1521,-0.0664,-0.1161,0.0322,-0.0696,0.0556,0.0564,0.0018,0.0147,0.0006,0.0257,0.0095,0.0187,-0.0625,0.0016,0.0125,0.0001,-1.0000,-1.0000,-1.0000,-1.0000,-1.0000,-1.0000,-1.0000,-1.0000,-1.0000,-1.0000,-1.0000,-1.0000,-1.0000,-1.0000,-1.0000,-1.0000,-1.0000,-1.0000,-1.0000,-1.0000,-1.0000,-1.0000,-1.0000,-1.0000,-1.0000,-1.0000,-1.0000,-1.0000,-1.0000,-1.0000,-1.0000,-1.0000,-1.0000,-1.0000,-1.0000,-1.0000,-1.0000,-1.0000,-1.0000,-1.0000,-1.0000,-1.0000,-1.0000,-1.0000,-1.0000,-1.0000,-1.0000,-1.0000,-1.0000,-1.0000,-1.0000,-1.0000,-1.0000,-1.0000,-1.0000,-1.0000,-1.0000,-1.0000,-1.0000,-1.0000,-1.0000,-1.0000,-1.0000,-1.0000,-1.0000,-1.0000,-1.0000,-1.0000,-1.0000,-1.0000,-1.0000,-1.0000,-1.0000,-1.0000,-1.0000,-1.0000,-1.0000,-1.0000,-1.0000,-1.0000,-1.0000,-1.0000,-1.0000,-1.0000,-1.0000,-1.0000,-1.0000,-1.0000,-1.0000,-1.0000,-1.0000,-1.0000,-1.0000,-1.0000,-1.0000,-1.0000,-1.0000,-1.0000,-1.0000,-1.0000,-1.0000,-1.0000,-1.0000,-1.0000,-1.0000,-1.0000,-1.0000,-1.0000,-1.0000,-1.0000,-1.0000,-1.0000,-1.0000,-1.0000,-1.0000,-1.0000,-1.0000,-1.0000,-1.0000,-1.0000,-1.0000,2.0432,2.0464,1.9951,2.0331,2.0113,2.0847,1.9128,1.8896,1.9640,1.8552,1.9572,1.8515,1.9322,1.8920,1.8360,1.8677,1.9635,2.1142,2.1248,2.1315,2.1238,2.0774,2.0658,2.1367,2.0479,2.0907,2.1017,2.1142,2.0649,2.0310,2.0898,2.1135,2.1385,2.1244,2.1192,2.1219,2.1147,2.0929,2.1050,2.1244,1.7067,1.7483,1.7218,1.7116,1.7493,1.6860,1.6429,1.7508,1.6893,1.6422,1.6479,1.6601,1.7298,1.6398,1.6219,1.6697,1.6390,1.6392,1.6877,1.6233,1.7115,1.6850,1.6588,0,1.0000,2.0308,4.6896,1.9317
7,0.0140,-0.3906,-1.7600,1.0224,2.0308,4.6896,1.8139,0.1110,0.1898,0.0000,1.0278,1.0000,-0.0000,0.0005,0.0008,-0.0092,-0.0007,-0.0001,-0.0009,0.0012,0.0014,0.0083,-0.0001,0.0003,-0.0000,0.0003,0.0006,-0.0026,-0.0000,-0.0003,0.0012,0.0004,0.0000,0.0001,0.0000,-0.0005,0.0000,0.0002,0.0003,0.0000,0.0001,0.0000,-0.0148,0.0018,-0.0212,-0.0112,0.0976,0.0646,-0.5779,-0.0407,0.0108,-0.1342,-0.0118,0.0794,0.5402,-0.0705,0.0129,0.0451,-0.1521,-0.0664,-0.1161,0.0322,-0.0696,0.0556,0.0564,0.0018,0.0147,0.0006,0.0257,0.0095,0.0187,-0.0625,0.0016,0.0125,0.0001,-1.0000,-1.0000,-1.0000,-1.0000,-1.0000,-1.0000,-1.0000,-1.0000,-1.0000,-1.0000,-1.0000,-1.0000,-1.0000,-1.0000,-1.0000,-1.0000,-1.0000,-1.0000,-1.0000,-1.0000,-1.0000,-1.0000,-1.0000,-1.0000,-1.0000,-1.0000,-1.0000,-1.0000,-1.0000,-1.0000,-1.0000,-1.0000,-1.0000,-1.0000,-1.0000,-1.0000,-1.0000,-1.0000,-1.0000,-1.0000,-1.0000,-1.0000,-1.0000,-1.0000,-1.0000,-1.0000,-1.0000,-1.0000,-1.0000,-1.0000,-1.0000,-1.0000,-1.0000,-1.0000,-1.0000,-1.0000,-1.0000,-1.0000,-1.0000,-1.0000,-1.0000,-1.0000,-1.0000,-1.0000,-1.0000,-1.0000,-1.0000,-1.0000,-1.0000,-1.0000,-1.0000,-1.0000,-1.0000,-1.0000,-1.0000,-1.0000,-1.0000,-1.0000,-1.0000,-1.0000,-1.0000,-1.0000,-1.0000,-1.0000,-1.0000,-1.0000,-1.0000,-1.0000,-1.0000,-1.0000,-1.0000,-1.0000,-1.0000,-1.0000,-1.0000,-1.0000,-1.0000,-1.0000,-1.0000,-1.0000,-1.0000,-1.0000,-1.0000,-1.0000,-1.0000,-1.0000,-1.0000,-1.0000,-1.0000,-1.0000,-1.0000,-1.0000,-1.0000,-1.0000,-1.0000,-1.0000,-1.0000,-1.0000,-1.0000,-1.0000,-1.0000,2.0432,2.0464,1.9951,2.0331,2.0113,2.0847,1.9128,1.8896,1.9640,1.8552,1.9572,1.8515,1.9322,1.8920,1.8360,1.8677,1.9635,2.1142,2.1248,2.1315,2.1238,2.0774,2.0658,2.1367,2.0479,2.0907,2.1017,2.1142,2.0649,2.0310,2.0898,2.1135,2.1385,2.1244,2.1192,2.1219,2.1147,2.0929,2.1050,2.1244,1.7067,1.7483,1.7218,1.7116,1.7493,1.6860,1.6429,1.7508,1.6893,1.6422,1.6479,1.6601,1.7298,1.6398,1.6219,1.6697,1.6390,1.6392,1.6877,1.6233,1.7115,1.6850,1.6588,0,1.0000,2.0308,4.6896,1.9317
7,0.0140,-0.3906,-1.7600,1.0224,2.0308,4.6896,1.8139,0.1110,0.1898,0.0000,1.0278,1.0000,-0.0000,0.0005,0.0008,-0.0092,-0.0007,-0.0001,-0.0009,0.0012,0.0014,0.0083,-0.0001,0.0003,-0.0000,0.0003,0.0006,-0.0026,-0.0000,-0.0003,0.0012,0.0004,0.0000,0.0001,0.0000,-0.0005,0.0000,0.0002,0.0003,0.0000,0.0001,0.0000,-0.0148,0.0018,-0.0212,-0.0112,0.0976,0.0646,-0.5779,-0.0407,0.0108,-0.1342,-0.0118,0.0794,0.5402,-0.0705,0.0129,0.0451,-0.1521,-0.0664,-0.1161,0.0322,-0.0696,0.0556,0.0564,0.0018,0.0147,0.0006,0.0257,0.0095,0.0187,-0.0625,0.0016,0.0125,0.0001,-1.0000,-1.0000,-1.0000,-1.0000,-1.0000,-1.0000,-1.0000,-1.0000,-1.0000,-1.0000,-1.0000,-1.0000,-1.0000,-1.0000,-1.0000,-1.0000,-1.0000,-1.0000,-1.0000,-1.0000,-1.0000,-1.0000,-1.0000,-1.0000,-1.0000,-1.0000,-1.0000,-1.0000,-1.0000,-1.0000,-1.0000,-1.0000,-1.0000,-1.0000,-1.0000,-1.0000,-1.0000,-1.0000,-1.0000,-1.0000,-1.0000,-1.0000,-1.0000,-1.0000,-1.0000,-1.0000,-1.0000,-1.0000,-1.0000,-1.0000,-1.0000,-1.0000,-1.0000,-1.0000,-1.0000,-1.0000,-1.0000,-1.0000,-1.0000,-1.0000,-1.0000,-1.0000,-1.0000,-1.0000,-1.0000,-1.0000,-1.0000,-1.0000,-1.0000,-1.0000,-1.0000,-1.0000,-1.0000,-1.0000,-1.0000,-1.0000,-1.0000,-1.0000,-1.0000,-1.0000,-1.0000,-1.0000,-1.0000,-1.0000,-1.0000,-1.0000,-1.0000,-1.0000,-1.0000,-1.0000,-1.0000,-1.0000,-1.0000,-1.0000,-1.0000,-1.0000,-1.0000,-1.0000,-1.0000,-1.0000,-1.0000,-1.0000,-1.0000,-1.0000,-1.0000,-1.0000,-1.0000,-1.0000,-1.0000,-1.0000,-1.0000,-1.0000,-1.0000,-1.0000,-1.0000,-1.0000,-1.0000,-1.0000,-1.0000,-1.0000,-1.0000,2.0432,2.0464,1.9951,2.0331,2.0113,2.0847,1.9128,1.8896,1.9640,1.8552,1.9572,1.8515,1.9322,1.8920,1.8360,1.8677,1.9635,2.1142,2.1248,2.1315,2.1238,2.0774,2.0658,2.1367,2.0479,2.0907,2.1017,2.1142,2.0649,2.0310,2.0898,2.1135,2.1385,2.1244,2.1192,2.1219,2.1147,2.0929,2.1050,2.1244,1.7067,1.7483,1.7218,1.7116,1.7493,1.6860,1.6429,1.7508,1.6893,1.6422,1.6479,1.6601,1.7298,1.6398,1.6219,1.6697,1.6390,1.6392,1.6877,1.6233,1.7115,1.6850,1.6588,0,1.0000,2.0308,4.6896,1.9317
7,0.0140,-0.3906,-1.7600,1.0224,2.0308,4.6896,1.8139,0.1110,0.1898,0.0000,1.0278,1.0000,-0.0000,0.0005,0.0008,-0.0092,-0.0007,-0.0001,-0.0009,0.0012,0.0014,0.0083,-0.0001,0.0003,-0.0000,0.0003,0.0006,-0.0026,-0.0000,-0.0003,0.0012,0.0004,0.0000,0.0001,0.0000,-0.0005,0.0000,0.0002,0.0003,0.0000,0.0001,0.0000,-0.0148,0.0018,-0.0212,-0.0112,0.0976,0.0646,-0.5779,-0.0407,0.0108,-0.1342,-0.0118,0.0794,0.5402,-0.0705,0.0129,0.0451,-0.1521,-0.0664,-0.1161,0.0322,-0.0696,0.0556,0.0564,0.0018,0.0147,0.0006,0.0257,0.0095,0.0187,-0.0625,0.0016,0.0125,0.0001,-1.0000,-1.0000,-1.0000,-1.0000,-1.0000,-1.0000,-1.0000,-1.0000,-1.0000,-1.0000,-1.0000,-1.0000,-1.0000,-1.0000,-1.0000,-1.0000,-1.0000,-1.0000,-1.0000,-1.0000,-1.0000,-1.0000,-1.0000,-1.0000,-1.0000,-1.0000,-1.0000,-1.0000,-1.0000,-1.0000,-1.0000,-1.0000,-1.0000,-1.0000,-1.0000,-1.0000,-1.0000,-1.0000,-1.0000,-1.0000,-1.0000,-1.0000,-1.0000,-1.0000,-1.0000,-1.0000,-1.0000,-1.0000,-1.0000,-1.0000,-1.0000,-1.0000,-1.0000,-1.0000,-1.0000,-1.0000,-1.0000,-1.0000,-1.0000,-1.0000,-1.0000,-1.0000,-1.0000,-1.0000,-1.0000,-1.0000,-1.0000,-1.0000,-1.0000,-1.0000,-1.0000,-1.0000,-1.0000,-1.0000,-1.0000,-1.0000,-1.0000,-1.0000,-1.0000,-1.0000,-1.0000,-1.0000,-1.0000,-1.0000,-1.0000,-1.0000,-1.0000,-1.0000,-1.0000,-1.0000,-1.0000,-1.0000,-1.0000,-1.0000,-1.0000,-1.0000,-1.0000,-1.0000,-1.0000,-1.0000,-1.0000,-1.0000,-1.0000,-1.0000,-1.0000,-1.0000,-1.0000,-1.0000,-1.0000,-1.0000,-1.0000,-1.0000,-1.0000,-1.0000,-1.0000,-1.0000,-1.0000,-1.0000,-1.0000,-1.0000,-1.0000,2.0432,2.0464,1.9951,2.0331,2.0113,2.0847,1.9128,1.8896,1.9640,1.8552,1.9572,1.8515,1.9322,1.8920,1.8360,1.8677,1.9635,2.1142,2.1248,2.1315,2.1238,2.0774,2.0658,2.1367,2.0479,2.0907,2.1017,2.1142,2.0649,2.0310,2.0898,2.1135,2.1385,2.1244,2.1192,2.1219,2.1147,2.0929,2.1050,2.1244,1.7067,1.7483,1.7218,1.7116,1.7493,1.6860,1.6429,1.7508,1.6893,1.6422,1.6479,1.6601,1.7298,1.6398,1.6219,1.6697,1.6390,1.6392,1.6877,1.6233,1.7115,1.6850,1.6588,0,1.0000,2.0308,4.6896,1.9317
7,0.0140,-0.3906,-1.7600,1.0224,2.0308,4.6896,1.8139,0.1110,0.1898,0.0000,1.0278,1.0000,-0.0000,0.0005,0.0008,-0.0092,-0.0007,-0.0001,-0.0009,0.0012,0.0014,0.0083,-0.0001,0.0003,-0.0000,0.0003,0.0006,-0.0026,-0.0000,-0.0003,0.0012,0.0004,0.0000,0.0001,0.0000,-0.0005,0.0000,0.0002,0.0003,0.0000,0.0001,0.0000,-0.0148,0.0018,-0.0212,-0.0112,0.0976,0.0646,-0.5779,-0.0407,0.0108,-0.1342,-0.0118,0.0794,0.5402,-0.0705,0.0129,0.0451,-0.1521,-0.0664,-0.1161,0.0322,-0.0696,0.0556,0.0564,0.0018,0.0147,0.0006,0.0257,0.0095,0.0187,-0.0625,0.0016,0.0125,0.0001,-1.0000,-1.0000,-1.0000,-1.0000,-1.0000,-1.0000,-1.0000,-1.0000,-1.0000,-1.0000,-1.0000,-1.0000,-1.0000,-1.0000,-1.0000,-1.0000,-1.0000,-1.0000,-1.0000,-1.0000,-1.0000,-1.0000,-1.0000,-1.0000,-1.0000,-1.0000,-1.0000,-1.0000,-1.0000,-1.0000,-1.0000,-1.0000,-1.0000,-1.0000,-1.0000,-1.0000,-1.0000,-1.0000,-1.0000,-1.0000,-1.0000,-1.0000,-1.0000,-1.0000,-1.0000,-1.0000,-1.0000,-1.0000,-1.0000,-1.0000,-1.0000,-1.0000,-1.0000,-1.0000,-1.0000,-1.0000,-1.0000,-1.0000,-1.0000,-1.0000,-1.0000,-1.0000,-1.0000,-1.0000,-1.0000,-1.0000,-1.0000,-1.0000,-1.0000,-1.0000,-1.0000,-1.0000,-1.0000,-1.0000,-1.0000,-1.0000,-1.0000,-1.0000,-1.0000,-1.0000,-1.0000,-1.0000,-1.0000,-1.0000,-1.0000,-1.0000,-1.0000,-1.0000,-1.0000,-1.0000,-1.0000,-1.0000,-1.0000,-1.0000,-1.0000,-1.0000,-1.0000,-1.0000,-1.0000,-1.0000,-1.0000,-1.0000,-1.0000,-1.0000,-1.0000,-1.0000,-1.0000,-1.0000,-1.0000,-1.0000,-1.0000,-1.0000,-1.0000,-1.0000,-1.0000,-1.0000,-1.0000,-1.0000,-1.0000,-1.0000,-1.0000,2.0432,2.0464,1.9951,2.0331,2.0113,2.0847,1.9128,1.8896,1.9640,1.8552,1.9572,1.8515,1.9322,1.8920,1.8360,1.8677,1.9635,2.1142,2.1248,2.1315,2.1238,2.0774,2.0658,2.1367,2.0479,2.0907,2.1017,2.1142,2.0649,2.0310,2.0898,2.1135,2.1385,2.1244,2.1192,2.1219,2.1147,2.0929,2.1050,2.1244,1.7067,1.7483,1.7218,1.7116,1.7493,1.6860,1.6429,1.7508,1.6893,1.6422,1.6479,1.6601,1.7298,1.6398,1.6219,1.6697,1.6390,1.6392,1.6877,1.6233,1.7115,1.6850,1.6588,0,1.0000,2.0308,4.6896,1.9317
7,0.0140,-0.3906,-1.7600,1.0224,2.0308,4.6896,1.8139,0.1110,0.1898,0.0000,1.0278,1.0000,-0.0000,0.0005,0.0008,-0.0092,-0.0007,-0.0001,-0.0009,0.0012,0.0014,0.0083,-0.0001,0.0003,-0.0000,0.0003,0.0006,-0.0026,-0.0000,-0.0003,0.0012,0.0004,0.0000,0.0001,0.0000,-0.0005,0.0000,0.0002,0.0003,0.0000,0.0001,0.0000,-0.0148,0.0018,-0.0212,-0.0112,0.0976,0.0646,-0.5779,-0.0407,0.0108,-0.1342,-0.0118,0.0794,0.5402,-0.0705,0.0129,0.0451,-0.1521,-0.0664,-0.1161,0.0322,-0.0696,0.0556,0.0564,0.0018,0.0147,0.0006,0.0257,0.0095,0.0187,-0.0625,0.0016,0.0125,0.0001,-1.0000,-1.0000,-1.0000,-1.0000,-1.0000,-1.0000,-1.0000,-1.0000,-1.0000,-1.0000,-1.0000,-1.0000,-1.0000,-1.0000,-1.0000,-1.0000,-1.0000,-1.0000,-1.0000,-1.0000,-1.0000,-1.0000,-1.0000,-1.0000,-1.0000,-1.0000,-1.0000,-1.0000,-1.0000,-1.0000,-1.0000,-1.0000,-1.0000,-1.0000,-1.0000,-1.0000,-1.0000,-1.0000,-1.0000,-1.0000,-1.0000,-1.0000,-1.0000,-1.0000,-1.0000,-1.0000,-1.0000,-1.0000,-1.0000,-1.0000,-1.0000,-1.0000,-1.0000,-1.0000,-1.0000,-1.0000,-1.0000,-1.0000,-1.0000,-1.0000,-1.0000,-1.0000,-1.0000,-1.0000,-1.0000,-1.0000,-1.0000,-1.0000,-1.0000,-1.0000,-1.0000,-1.0000,-1.0000,-1.0000,-1.0000,-1.0000,-1.0000,-1.0000,-1.0000,-1.0000,-1.0000,-1.0000,-1.0000,-1.0000,-1.0000,-1.0000,-1.0000,-1.0000,-1.0000,-1.0000,-1.0000,-1.0000,-1.0000,-1.0000,-1.0000,-1.0000,-1.0000,-1.0000,-1.0000,-1.0000,-1.0000,-1.0000,-1.0000,-1.0000,-1.0000,-1.0000,-1.0000,-1.0000,-1.0000,-1.0000,-1.0000,-1.0000,-1.0000,-1.0000,-1.0000,-1.0000,-1.0000,-1.0000,-1.0000,-1.0000,-1.0000,2.0432,2.0464,1.9951,2.0331,2.0113,2.0847,1.9128,1.8896,1.9640,1.8552,1.9572,1.8515,1.9322,1.8920,1.8360,1.8677,1.9635,2.1142,2.1248,2.1315,2.1238,2.0774,2.0658,2.1367,2.0479,2.0907,2.1017,2.1142,2.0649,2.0310,2.0898,2.1135,2.1385,2.1244,2.1192,2.1219,2.1147,2.0929,2.1050,2.1244,1.7067,1.7483,1.7218,1.7116,1.7493,1.6860,1.6429,1.7508,1.6893,1.6422,1.6479,1.6601,1.7298,1.6398,1.6219,1.6697,1.6390,1.6392,1.6877,1.6233,1.7115,1.6850,1.6588,0,1.0000,2.0308,4.6896,1.9317
7,0.0140,-0.3906,-1.7600,1.0224,2.0308,4.6896,1.8139,0.1110,0.1898,0.0000,1.0278,1.0000,-0.0000,0.0005,0.0008,-0.0092,-0.0007,-0.0001,-0.0009,0.0012,0.0014,0.0083,-0.0001,0.0003,-0.0000,0.0003,0.0006,-0.0026,-0.0000,-0.0003,0.0012,0.0004,0.0000,0.0001,0.0000,-0.0005,0.0000,0.0002,0.0003,0.0000,0.0001,0.0000,-0.0148,0.0018,-0.0212,-0.0112,0.0976,0.0646,-0.5779,-0.0407,0.0108,-0.1342,-0.0118,0.0794,0.5402,-0.0705,0.0129,0.0451,-0.1521,-0.0664,-0.1161,0.0322,-0.0696,0.0556,0.0564,0.0018,0.0147,0.0006,0.0257,0.0095,0.0187,-0.0625,0.0016,0.0125,0.0001,-1.0000,-1.0000,-1.0000,-1.0000,-1.0000,-1.0000,-1.0000,-1.0000,-1.0000,-1.0000,-1.0000,-1.0000,-1.0000,-1.0000,-1.0000,-1.0000,-1.0000,-1.0000,-1.0000,-1.0000,-1.0000,-1.0000,-1.0000,-1.0000,-1.0000,-1.0000,-1.0000,-1.0000,-1.0000,-1.0000,-1.0000,-1.0000,-1.0000,-1.0000,-1.0000,-1.0000,-1.0000,-1.0000,-1.0000,-1.0000,-1.0000,-1.0000,-1.0000,-1.0000,-1.0000,-1.0000,-1.0000,-1.0000,-1.0000,-1.0000,-1.0000,-1.0000,-1.0000,-1.0000,-1.0000,-1.0000,-1.0000,-1.0000,-1.0000,-1.0000,-1.0000,-1.0000,-1.0000,-1.0000,-1.0000,-1.0000,-1.0000,-1.0000,-1.0000,-1.0000,-1.0000,-1.0000,-1.0000,-1.0000,-1.0000,-1.0000,-1.0000,-1.0000,-1.0000,-1.0000,-1.0000,-1.0000,-1.0000,-1.0000,-1.0000,-1.0000,-1.0000,-1.0000,-1.0000,-1.0000,-1.0000,-1.0000,-1.0000,-1.0000,-1.0000,-1.0000,-1.0000,-1.0000,-1.0000,-1.0000,-1.0000,-1.0000,-1.0000,-1.0000,-1.0000,-1.0000,-1.0000,-1.0000,-1.0000,-1.0000,-1.0000,-1.0000,-1.0000,-1.0000,-1.0000,-1.0000,-1.0000,-1.0000,-1.0000,-1.0000,-1.0000,2.0432,2.0464,1.9951,2.0331,2.0113,2.0847,1.9128,1.8896,1.9640,1.8552,1.9572,1.8515,1.9322,1.8920,1.8360,1.8677,1.9635,2.1142,2.1248,2.1315,2.1238,2.0774,2.0658,2.1367,2.0479,2.0907,2.1017,2.1142,2.0649,2.0310,2.0898,2.1135,2.1385,2.1244,2.1192,2.1219,2.1147,2.0929,2.1050,2.1244,1.7067,1.7483,1.7218,1.7116,1.7493,1.6860,1.6429,1.7508,1.6893,1.6422,1.6479,1.6601,1.7298,1.6398,1.6219,1.6697,1.6390,1.6392,1.6877,1.6233,1.7115,1.6850,1.6588,0,1.0000,2.0308,4.6896,1.9317
8,0.0160,-0.3865,-1.7507,1.0259,2.0308,4.6896,1.7943,0.1110,0.1898,0.0000,1.0277,1.0000,-0.0000,0.0006,0.0008,-0.0103,-0.0008,-0.0001,-0.0011,0.0011,0.0015,0.0093,-0.0003,0.0003,0.0001,-0.0000,0.0004,-0.0029,0.0001,-0.0005,0.0013,0.0006,0.0000,0.0002,0.0000,-0.0004,0.0001,0.0003,0.0000,0.0000,0.0001,0.0000,-0.0148,0.0027,-0.0228,-0.0112,0.1079,0.0480,-0.5380,-0.0467,0.0118,-0.1433,-0.0312,0.0388,0.5178,-0.1018,0.0105,0.0735,-0.1829,-0.0947,-0.1096,0.0480,-0.0951,0.0505,0.0661,0.0022,0.0165,0.0009,0.0458,0.0122,0.0249,-0.1195,0.0019,0.0156,0.0001,-1.0000,-1.0000,-1.0000,-1.0000,-1.0000,-1.0000,-1.0000,-1.0000,-1.0000,-1.0000,-1.0000,-1.0000,-1.0000,-1.0000,-1.0000,-1.0000,-1.0000,-1.0000,-1.0000,-1.0000,-1.0000,-1.0000,-1.0000,-1.0000,-1.0000,-1.0000,-1.0000,-1.0000,-1.0000,-1.0000,-1.0000,-1.0000,-1.0000,-1.0000,-1.0000,-1.0000,-1.0000,-1.0000,-1.0000,-1.0000,-1.0000,-1.0000,-1.0000,-1.0000,-1.0000,-1.0000,-1.0000,-1.0000,-1.0000,-1.0000,-1.0000,-1.0000,-1.0000,-1.0000,-1.0000,-1.0000,-1.0000,-1.0000,-1.0000,-1.0000,-1.0000,-1.0000,-1.0000,-1.0000,-1.0000,-1.0000,-1.0000,-1.0000,-1.0000,-1.0000,-1.0000,-1.0000,-1.0000,-1.0000,-1.0000,-1.0000,-1.0000,-1.0000,-1.0000,-1.0000,-1.0000,-1.0000,-1.0000,-1.0000,-1.0000,-1.0000,-1.0000,-1.0000,-1.0000,-1.0000,-1.0000,-1.0000,-1.0000,-1.0000,-1.0000,-1.0000,-1.0000,-1.0000,-1.0000,-1.0000,-1.0000,-1.0000,-1.0000,-1.0000,-1.0000,-1.0000,-1.0000,-1.0000,-1.0000,-1.0000,-1.0000,-1.0000,-1.0000,-1.0000,-1.0000,-1.0000,-1.0000,-1.0000,-1.0000,-1.0000,-1.0000,2.0325,2.0355,1.9843,2.0223,2.0005,2.0739,1.9024,1.8790,1.9533,1.8446,1.9467,1.8408,1.9216,1.8813,1.8255,1.8570,1.9528,2.1036,2.1141,2.1208,2.1132,2.0668,2.0553,2.1261,2.0373,2.0802,2.0912,2.1037,2.0545,2.0204,2.0794,2.1031,2.1281,2.1140,2.1089,2.1115,2.1043,2.0824,2.0947,2.1140,1.6960,1.7375,1.7110,1.7008,1.7386,1.6753,1.6322,1.7401,1.6787,1.6316,1.6372,1.6495,1.7192,1.6293,1.6115,1.6592,1.6285,1.6288,1.6772,1.6128,1.7010,1.6746,1.6484,0,1.0000,2.0308,4.6896,1.9317
8,0.0160,-0.3865,-1.7507,1.0259,2.0308,4.6896,1.7943,0.1110,0.1898,0.0000,1.0277,1.0000,-0.0000,0.0006,0.0008,-0.0103,-0.0008,-0.0001,-0.0011,0.0011,0.0015,0.0093,-0.0003,0.0003,0.0001,-0.0000,0.0004,-0.0029,0.0001,-0.0005,0.0013,0.0006,0.0000,0.0002,0.0000,-0.0004,0.0001,0.0003,0.0000,0.0000,0.0001,0.0000,-0.0148,0.0027,-0.0228,-0.0112,0.1079,0.0480,-0.5380,-0.0467,0.0118,-0.1433,-0.0312,0.0388,0.5178,-0.1018,0.0105,0.0735,-0.1829,-0.0947,-0.1096,0.0480,-0.0951,0.0505,0.0661,0.0022,0.0165,0.0009,0.0458,0.0122,0.0249,-0.1195,0.0019,0.0156,0.0001,-1.0000,-1.0000,-1.0000,-1.0000,-1.0000,-1.0000,-1.0000,-1.0000,-1.0000,-1.0000,-1.0000,-1.0000,-1.0000,-1.0000,-1.0000,-1.0000,-1.0000,-1.0000,-1.0000,-1.0000,-1.0000,-1.0000,-1.0000,-1.0000,-1.0000,-1.0000,-1.0000,-1.0000,-1.0000,-1.0000,-1.0000,-1.0000,-1.0000,-1.0000,-1.0000,-1.0000,-1.0000,-1.0000,-1.0000,-1.0000,-1.0000,-1.0000,-1.0000,-1.0000,-1.0000,-1.0000,-1.0000,-1.0000,-1.0000,-1.0000,-1.0000,-1.0000,-1.0000,-1.0000,-1.0000,-1.0000,-1.0000,-1.0000,-1.0000,-1.0000,-1.0000,-1.0000,-1.0000,-1.0000,-1.0000,-1.0000,-1.0000,-1.0000,-1.0000,-1.0000,-1.0000,-1.0000,-1.0000,-1.0000,-1.0000,-1.0000,-1.0000,-1.0000,-1.0000,-1.0000,-1.0000,-1.0000,-1.0000,-1.0000,-1.0000,-1.0000,-1.0000,-1.0000,-1.0000,-1.0000,-1.0000,-1.0000,-1.0000,-1.0000,-1.0000,-1.0000,-1.0000,-1.0000,-1.0000,-1.0000,-1.0000,-1.0000,-1.0000,-1.0000,-1.0000,-1.0000,-1.0000,-1.0000,-1.0000,-1.0000,-1.0000,-1.0000,-1.0000,-1.0000,-1.0000,-1.0000,-1.0000,-1.0000,-1.0000,-1.0000,-1.0000,2.0325,2.0355,1.9843,2.0223,2.0005,2.0739,1.9024,1.8790,1.9533,1.8446,1.9467,1.8408,1.9216,1.8813,1.8255,1.8570,1.9528,2.1036,2.1141,2.1208,2.1132,2.0668,2.0553,2.1261,2.0373,2.0802,2.0912,2.1037,2.0545,2.0204,2.0794,2.1031,2.1281,2.1140,2.1089,2.1115,2.1043,2.0824,2.0947,2.1140,1.6960,1.7375,1.7110,1.7008,1.7386,1.6753,1.6322,1.7401,1.6787,1.6316,1.6372,1.6495,1.7192,1.6293,1.6115,1.6592,1.6285,1.6288,1.6772,1.6128,1.7010,1.6746,1.6484,0,1.0000,2.0308,4.6896,1.9317
8,0.0160,-0.3865,-1.7507,1.0259,2.0308,4.6896,1.7943,0.1110,0.1898,0.0000,1.0277,1.0000,-0.0000,0.0006,0.0008,-0.0103,-0.0008,-0.0001,-0.0011,0.0011,0.0015,0.0093,-0.0003,0.0003,0.0001,-0.0000,0.0004,-0.0029,0.0001,-0.0005,0.0013,0.0006,0.0000,0.0002,0.0000,-0.0004,0.0001,0.0003,0.0000,0.0000,0.0001,0.0000,-0.0148,0.0027,-0.0228,-0.0112,0.1079,0.0480,-0.5380,-0.0467,0.0118,-0.1433,-0.0312,0.0388,0.5178,-0.1018,0.0105,0.0735,-0.1829,-0.0947,-0.1096,0.0480,-0.0951,0.0505,0.0661,0.0022,0.0165,0.0009,0.0458,0.0122,0.0249,-0.1195,0.0019,0.0156,0.0001,-1.0000,-1.0000,-1.0000,-1.0000,-1.0000,-1.0000,-1.0000,-1.0000,-1.0000,-1.0000,-1.0000,-1.0000,-1.0000,-1.0000,-1.0000,-1.0000,-1.0000,-1.0000,-1.0000,-1.0000,-1.0000,-1.0000,-1.0000,-1.0000,-1.0000,-1.0000,-1.0000,-1.0000,-1.0000,-1.0000,-1.0000,-1.0000,-1.0000,-1.0000,-1.0000,-1.0000,-1.0000,-1.0000,-1.0000,-1.0000,-1.0000,-1.0000,-1.0000,-1.0000,-1.0000,-1.0000,-1.0000,-1.0000,-1.0000,-1.0000,-1.0000,-1.0000,-1.0000,-1.0000,-1.0000,-1.0000,-1.0000,-1.0000,-1.0000,-1.0000,-1.0000,-1.0000,-1.0000,-1.0000,-1.0000,-1.0000,-1.0000,-1.0000,-1.0000,-1.0000,-1.0000,-1.0000,-1.0000,-1.0000,-1.0000,-1.0000,-1.0000,-1.0000,-1.0000,-1.0000,-1.0000,-1.0000,-1.0000,-1.0000,-1.0000,-1.0000,-1.0000,-1.0000,-1.0000,-1.0000,-1.0000,-1.0000,-1.0000,-1.0000,-1.0000,-1.0000,-1.0000,-1.0000,-1.0000,-1.0000,-1.0000,-1.0000,-1.0000,-1.0000,-1.0000,-1.0000,-1.0000,-1.0000,-1.0000,-1.0000,-1.0000,-1.0000,-1.0000,-1.0000,-1.0000,-1.0000,-1.0000,-1.0000,-1.0000,-1.0000,-1.0000,2.0325,2.0355,1.9843,2.0223,2.0005,2.0739,1.9024,1.8790,1.9533,1.8446,1.9467,1.8408,1.9216,1.8813,1.8255,1.8570,1.9528,2.1036,2.1141,2.1208,2.1132,2.0668,2.0553,2.1261,2.0373,2.0802,2.0912,2.1037,2.0545,2.0204,2.0794,2.1031,2.1281,2.1140,2.1089,2.1115,2.1043,2.0824,2.0947,2.1140,1.6960,1.7375,1.7110,1.7008,1.7386,1.6753,1.6322,1.7401,1.6787,1.6316,1.6372,1.6495,1.7192,1.6293,1.6115,1.6592,1.6285,1.6288,1.6772,1.6128,1.7010,1.6746,1.6484,0,1.0000,2.0308,4.6896,1.9317
8,0.0160,-0.3865,-1.7507,1.0259,2.0308,4.6896,1.7943,0.1110,0.1898,0.0000,1.0277,1.0000,-0.0000,0.0006,0.0008,-0.0103,-0.0008,-0.0001,-0.0011,0.0011,0.0015,0.0093,-0.0003,0.0003,0.0001,-0.0000,0.0004,-0.0029,0.0001,-0.0005,0.0013,0.0006,0.0000,0.0002,0.0000,-0.0004,0.0001,0.0003,0.0000,0.0000,0.0001,0.0000,-0.0148,0.0027,-0.0228,-0.0112,0.1079,0.0480,-0.5380,-0.0467,0.0118,-0.1433,-0.0312,0.0388,0.5178,-0.1018,0.0105,0.0735,-0.1829,-0.0947,-0.1096,0.0480,-0.0951,0.0505,0.0661,0.0022,0.0165,0.0009,0.0458,0.0122,0.0249,-0.1195,0.0019,0.0156,0.0001,-1.0000,-1.0000,-1.0000,-1.0000,-1.0000,-1.0000,-1.0000,-1.0000,-1.0000,-1.0000,-1.0000,-1.0000,-1.0000,-1.0000,-1.0000,-1.0000,-1.0000,-1.0000,-1.0000,-1.0000,-1.0000,-1.0000,-1.0000,-1.0000,-1.0000,-1.0000,-1.0000,-1.0000,-1.0000,-1.0000,-1.0000,-1.0000,-1.0000,-1.0000,-1.0000,-1.0000,-1.0000,-1.0000,-1.0000,-1.0000,-1.0000,-1.0000,-1.0000,-1.0000,-1.0000,-1.0000,-1.0000,-1.0000,-1.0000,-1.0000,-1.0000,-1.0000,-1.0000,-1.0000,-1.0000,-1.0000,-1.0000,-1.0000,-1.0000,-1.0000,-1.0000,-1.0000,-1.0000,-1.0000,-1.0000,-1.0000,-1.0000,-1.0000,-1.0000,-1.0000,-1.0000,-1.0000,-1.0000,-1.0000,-1.0000,-1.0000,-1.0000,-1.0000,-1.0000,-1.0000,-1.0000,-1.0000,-1.0000,-1.0000,-1.0000,-1.0000,-1.0000,-1.0000,-1.0000,-1.0000,-1.0000,-1.0000,-1.0000,-1.0000,-1.0000,-1.0000,-1.0000,-1.0000,-1.0000,-1.0000,-1.0000,-1.0000,-1.0000,-1.0000,-1.0000,-1.0000,-1.0000,-1.0000,-1.0000,-1.0000,-1.0000,-1.0000,-1.0000,-1.0000,-1.0000,-1.0000,-1.0000,-1.0000,-1.0000,-1.0000,-1.0000,2.0325,2.0355,1.9843,2.0223,2.0005,2.0739,1.9024,1.8790,1.9533,1.8446,1.9467,1.8408,1.9216,1.8813,1.8255,1.8570,1.9528,2.1036,2.1141,2.1208,2.1132,2.0668,2.0553,2.1261,2.0373,2.0802,2.0912,2.1037,2.0545,2.0204,2.0794,2.1031,2.1281,2.1140,2.1089,2.1115,2.1043,2.0824,2.0947,2.1140,1.6960,1.7375,1.7110,1.7008,1.7386,1.6753,1.6322,1.7401,1.6787,1.6316,1.6372,1.6495,1.7192,1.6293,1.6115,1.6592,1.6285,1.6288,1.6772,1.6128,1.7010,1.6746,1.6484,0,1.0000,2.0308,4.6896,1.9317
8,0.0160,-0.3865,-1.7507,1.0259,2.0308,4.6896,1.7943,0.1110,0.1898,0.0000,1.0277,1.0000,-0.0000,0.0006,0.0008,-0.0103,-0.0008,-0.0001,-0.0011,0.0011,0.0015,0.0093,-0.0003,0.0003,0.0001,-0.0000,0.0004,-0.0029,0.0001,-0.0005,0.0013,0.0006,0.0000,0.0002,0.0000,-0.0004,0.0001,0.0003,0.0000,0.0000,0.0001,0.0000,-0.0148,0.0027,-0.0228,-0.0112,0.1079,0.0480,-0.5380,-0.0467,0.0118,-0.1433,-0.0312,0.0388,0.5178,-0.1018,0.0105,0.0735,-0.1829,-0.0947,-0.1096,0.0480,-0.0951,0.0505,0.0661,0.0022,0.0165,0.0009,0.0458,0.0122,0.0249,-0.1195,0.0019,0.0156,0.0001,-1.0000,-1.0000,-1.0000,-1.0000,-1.0000,-1.0000,-1.0000,-1.0000,-1.0000,-1.0000,-1.0000,-1.0000,-1.0000,-1.0000,-1.0000,-1.0000,-1.0000,-1.0000,-1.0000,-1.0000,-1.0000,-1.0000,-1.0000,-1.0000,-1.0000,-1.0000,-1.0000,-1.0000,-1.0000,-1.0000,-1.0000,-1.0000,-1.0000,-1.0000,-1.0000,-1.0000,-1.0000,-1.0000,-1.0000,-1.0000,-1.0000,-1.0000,-1.0000,-1.0000,-1.0000,-1.0000,-1.0000,-1.0000,-1.0000,-1.0000,-1.0000,-1.0000,-1.0000,-1.0000,-1.0000,-1.0000,-1.0000,-1.0000,-1.0000,-1.0000,-1.0000,-1.0000,-1.0000,-1.0000,-1.0000,-1.0000,-1.0000,-1.0000,-1.0000,-1.0000,-1.0000,-1.0000,-1.0000,-1.0000,-1.0000,-1.0000,-1.0000,-1.0000,-1.0000,-1.0000,-1.0000,-1.0000,-1.0000,-1.0000,-1.0000,-1.0000,-1.0000,-1.0000,-1.0000,-1.0000,-1.0000,-1.0000,-1.0000,-1.0000,-1.0000,-1.0000,-1.0000,-1.0000,-1.0000,-1.0000,-1.0000,-1.0000,-1.0000,-1.0000,-1.0000,-1.0000,-1.0000,-1.0000,-1.0000,-1.0000,-1.0000,-1.0000,-1.0000,-1.0000,-1.0000,-1.0000,-1.0000,-1.0000,-1.0000,-1.0000,-1.0000,2.0325,2.0355,1.9843,2.0223,2.0005,2.0739,1.9024,1.8790,1.9533,1.8446,1.9467,1.8408,1.9216,1.8813,1.8255,1.8570,1.9528,2.1036,2.1141,2.1208,2.1132,2.0668,2.0553,2.1261,2.0373,2.0802,2.0912,2.1037,2.0545,2.0204,2.0794,2.1031,2.1281,2.1140,2.1089,2.1115,2.1043,2.0824,2.0947,2.1140,1.6960,1.7375,1.7110,1.7008,1.7386,1.6753,1.6322,1.7401,1.6787,1.6316,1.6372,1.6495,1.7192,1.6293,1.6115,1.6592,1.6285,1.6288,1.6772,1.6128,1.7010,1.6746,1.6484,0,1.0000,2.0308,4.6896,1.9317
8,0.0160,-0.3865,-1.7507,1.0259,2.0308,4.6896,1.7943,0.1110,0.1898,0.0000,1.0277,1.0000,-0.0000,0.0006,0.0008,-0.0103,-0.0008,-0.0001,-0.0011,0.0011,0.0015,0.0093,-0.0003,0.0003,0.0001,-0.0000,0.0004,-0.0029,0.0001,-0.0005,0.0013,0.0006,0.0000,0.0002,0.0000,-0.0004,0.0001,0.0003,0.0000,0.0000,0.0001,0.0000,-0.0148,0.0027,-0.0228,-0.0112,0.1079,0.0480,-0.5380,-0.0467,0.0118,-0.1433,-0.0312,0.0388,0.5178,-0.1018,0.0105,0.0735,-0.1829,-0.0947,-0.1096,0.0480,-0.0951,0.0505,0.0661,0.0022,0.0165,0.0009,0.0458,0.0122,0.0249,-0.1195,0.0019,0.0156,0.0001,-1.0000,-1.0000,-1.0000,-1.0000,-1.0000,-1.0000,-1.0000,-1.0000,-1.0000,-1.0000,-1.0000,-1.0000,-1.0000,-1.0000,-1.0000,-1.0000,-1.0000,-1.0000,-1.0000,-1.0000,-1.0000,-1.0000,-1.0000,-1.0000,-1.0000,-1.0000,-1.0000,-1.0000,-1.0000,-1.0000,-1.0000,-1.0000,-1.0000,-1.0000,-1.0000,-1.0000,-1.0000,-1.0000,-1.0000,-1.0000,-1.0000,-1.0000,-1.0000,-1.0000,-1.0000,-1.0000,-1.0000,-1.0000,-1.0000,-1.0000,-1.0000,-1.0000,-1.0000,-1.0000,-1.0000,-1.0000,-1.0000,-1.0000,-1.0000,-1.0000,-1.0000,-1.0000,-1.0000,-1.0000,-1.0000,-1.0000,-1.0000,-1.0000,-1.0000,-1.0000,-1.0000,-1.0000,-1.0000,-1.0000,-1.0000,-1.0000,-1.0000,-1.0000,-1.0000,-1.0000,-1.0000,-1.0000,-1.0000,-1.0000,-1.0000,-1.0000,-1.0000,-1.0000,-1.0000,-1.0000,-1.0000,-1.0000,-1.0000,-1.0000,-1.0000,-1.0000,-1.0000,-1.0000,-1.0000,-1.0000,-1.0000,-1.0000,-1.0000,-1.0000,-1.0000,-1.0000,-1.0000,-1.0000,-1.0000,-1.0000,-1.0000,-1.0000,-1.0000,-1.0000,-1.0000,-1.0000,-1.0000,-1.0000,-1.0000,-1.0000,-1.0000,2.0325,2.0355,1.9843,2.0223,2.0005,2.0739,1.9024,1.8790,1.9533,1.8446,1.9467,1.8408,1.9216,1.8813,1.8255,1.8570,1.9528,2.1036,2.1141,2.1208,2.1132,2.0668,2.0553,2.1261,2.0373,2.0802,2.0912,2.1037,2.0545,2.0204,2.0794,2.1031,2.1281,2.1140,2.1089,2.1115,2.1043,2.0824,2.0947,2.1140,1.6960,1.7375,1.7110,1.7008,1.7386,1.6753,1.6322,1.7401,1.6787,1.6316,1.6372,1.6495,1.7192,1.6293,1.6115,1.6592,1.6285,1.6288,1.6772,1.6128,1.7010,1.6746,1.6484,0,1.0000,2.0308,4.6896,1.9317
8,0.0160,-0.3865,-1.7507,1.0259,2.0308,4.6896,1.7943,0.1110,0.1898,0.0000,1.0277,1.0000,-0.0000,0.0006,0.0008,-0.0103,-0.0008,-0.0001,-0.0011,0.0011,0.0015,0.0093,-0.0003,0.0003,0.0001,-0.0000,0.0004,-0.0029,0.0001,-0.0005,0.0013,0.0006,0.0000,0.0002,0.0000,-0.0004,0.0001,0.0003,0.0000,0.0000,0.0001,0.0000,-0.0148,0.0027,-0.0228,-0.0112,0.1079,0.0480,-0.5380,-0.0467,0.0118,-0.1433,-0.0312,0.0388,0.5178,-0.1018,0.0105,0.0735,-0.1829,-0.0947,-0.1096,0.0480,-0.0951,0.0505,0.0661,0.0022,0.0165,0.0009,0.0458,0.0122,0.0249,-0.1195,0.0019,0.0156,0.0001,-1.0000,-1.0000,-1.0000,-1.0000,-1.0000,-1.0000,-1.0000,-1.0000,-1.0000,-1.0000,-1.0000,-1.0000,-1.0000,-1.0000,-1.0000,-1.0000,-1.0000,-1.0000,-1.0000,-1.0000,-1.0000,-1.0000,-1.0000,-1.0000,-1.0000,-1.0000,-1.0000,-1.0000,-1.0000,-1.0000,-1.0000,-1.0000,-1.0000,-1.0000,-1.0000,-1.0000,-1.0000,-1.0000,-1.0000,-1.0000,-1.0000,-1.0000,-1.0000,-1.0000,-1.0000,-1.0000,-1.0000,-1.0000,-1.0000,-1.0000,-1.0000,-1.0000,-1.0000,-1.0000,-1.0000,-1.0000,-1.0000,-1.0000,-1.0000,-1.0000,-1.0000,-1.0000,-1.0000,-1.0000,-1.0000,-1.0000,-1.0000,-1.0000,-1.0000,-1.0000,-1.0000,-1.0000,-1.0000,-1.0000,-1.0000,-1.0000,-1.0000,-1.0000,-1.0000,-1.0000,-1.0000,-1.0000,-1.0000,-1.0000,-1.0000,-1.0000,-1.0000,-1.0000,-1.0000,-1.0000,-1.0000,-1.0000,-1.0000,-1.0000,-1.0000,-1.0000,-1.0000,-1.0000,-1.0000,-1.0000,-1.0000,-1.0000,-1.0000,-1.0000,-1.0000,-1.0000,-1.0000,-1.0000,-1.0000,-1.0000,-1.0000,-1.0000,-1.0000,-1.0000,-1.0000,-1.0000,-1.0000,-1.0000,-1.0000,-1.0000,-1.0000,2.0325,2.0355,1.9843,2.0223,2.0005,2.0739,1.9024,1.8790,1.9533,1.8446,1.9467,1.8408,1.9216,1.8813,1.8255,1.8570,1.9528,2.1036,2.1141,2.1208,2.1132,2.0668,2.0553,2.1261,2.0373,2.0802,2.0912,2.1037,2.0545,2.0204,2.0794,2.1031,2.1281,2.1140,2.1089,2.1115,2.1043,2.0824,2.0947,2.1140,1.6960,1.7375,1.7110,1.7008,1.7386,1.6753,1.6322,1.7401,1.6787,1.6316,1.6372,1.6495,1.7192,1.6293,1.6115,1.6592,1.6285,1.6288,1.6772,1.6128,1.7010,1.6746,1.6484,0,1.0000,2.0308,4.6896,1.9317
8,0.0160,-0.3865,-1.7507,1.0259,2.0308,4.6896,1.7943,0.1110,0.1898,0.0000,1.0277,1.0000,-0.0000,0.0006,0.0008,-0.0103,-0.0008,-0.0001,-0.0011,0.0011,0.0015,0.0093,-0.0003,0.0003,0.0001,-0.0000,0.0004,-0.0029,0.0001,-0.0005,0.0013,0.0006,0.0000,0.0002,0.0000,-0.0004,0.0001,0.0003,0.0000,0.0000,0.0001,0.0000,-0.0148,0.0027,-0.0228,-0.0112,0.1079,0.0480,-0.5380,-0.0467,0.0118,-0.1433,-0.0312,0.0388,0.5178,-0.1018,0.0105,0.0735,-0.1829,-0.0947,-0.1096,0.0480,-0.0951,0.0505,0.0661,0.0022,0.0165,0.0009,0.0458,0.0122,0.0249,-0.1195,0.0019,0.0156,0.0001,-1.0000,-1.0000,-1.0000,-1.0000,-1.0000,-1.0000,-1.0000,-1.0000,-1.0000,-1.0000,-1.0000,-1.0000,-1.0000,-1.0000,-1.0000,-1.0000,-1.0000,-1.0000,-1.0000,-1.0000,-1.0000,-1.0000,-1.0000,-1.0000,-1.0000,-1.0000,-1.0000,-1.0000,-1.0000,-1.0000,-1.0000,-1.0000,-1.0000,-1.0000,-1.0000,-1.0000,-1.0000,-1.0000,-1.0000,-1.0000,-1.0000,-1.0000,-1.0000,-1.0000,-1.0000,-1.0000,-1.0000,-1.0000,-1.0000,-1.0000,-1.0000,-1.0000,-1.0000,-1.0000,-1.0000,-1.0000,-1.0000,-1.0000,-1.0000,-1.0000,-1.0000,-1.0000,-1.0000,-1.0000,-1.0000,-1.0000,-1.0000,-1.0000,-1.0000,-1.0000,-1.0000,-1.0000,-1.0000,-1.0000,-1.0000,-1.0000,-1.0000,-1.0000,-1.0000,-1.0000,-1.0000,-1.0000,-1.0000,-1.0000,-1.0000,-1.0000,-1.0000,-1.0000,-1.0000,-1.0000,-1.0000,-1.0000,-1.0000,-1.0000,-1.0000,-1.0000,-1.0000,-1.0000,-1.0000,-1.0000,-1.0000,-1.0000,-1.0000,-1.0000,-1.0000,-1.0000,-1.0000,-1.0000,-1.0000,-1.0000,-1.0000,-1.0000,-1.0000,-1.0000,-1.0000,-1.0000,-1.0000,-1.0000,-1.0000,-1.0000,-1.0000,2.0325,2.0355,1.9843,2.0223,2.0005,2.0739,1.9024,1.8790,1.9533,1.8446,1.9467,1.8408,1.9216,1.8813,1.8255,1.8570,1.9528,2.1036,2.1141,2.1208,2.1132,2.0668,2.0553,2.1261,2.0373,2.0802,2.0912,2.1037,2.0545,2.0204,2.0794,2.1031,2.1281,2.1140,2.1089,2.1115,2.1043,2.0824,2.0947,2.1140,1.6960,1.7375,1.7110,1.7008,1.7386,1.6753,1.6322,1.7401,1.6787,1.6316,1.6372,1.6495,1.7192,1.6293,1.6115,1.6592,1.6285,1.6288,1.6772,1.6128,1.7010,1.6746,1.6484,0,1.0000,2.0308,4.6896,1.9317
8,0.0160,-0.3865,-1.7507,1.0259,2.0308,4.6896,1.7943,0.1110,0.1898,0.0000,1.0277,1.0000,-0.0000,0.0006,0.0008,-0.0103,-0.0008,-0.0001,-0.0011,0.0011,0.0015,0.0093,-0.0003,0.0003,0.0001,-0.0000,0.0004,-0.0029,0.0001,-0.0005,0.0013,0.0006,0.0000,0.0002,0.0000,-0.0004,0.0001,0.0003,0.0000,0.0000,0.0001,0.0000,-0.0148,0.0027,-0.0228,-0.0112,0.1079,0.0480,-0.5380,-0.0467,0.0118,-0.1433,-0.0312,0.0388,0.5178,-0.1018,0.0105,0.0735,-0.1829,-0.0947,-0.1096,0.0480,-0.0951,0.0505,0.0661,0.0022,0.0165,0.0009,0.0458,0.0122,0.0249,-0.1195,0.0019,0.0156,0.0001,-1.0000,-1.0000,-1.0000,-1.0000,-1.0000,-1.0000,-1.0000,-1.0000,-1.0000,-1.0000,-1.0000,-1.0000,-1.0000,-1.0000,-1.0000,-1.0000,-1.0000,-1.0000,-1.0000,-1.0000,-1.0000,-1.0000,-1.0000,-1.0000,-1.0000,-1.0000,-1.0000,-1.0000,-1.0000,-1.0000,-1.0000,-1.0000,-1.0000,-1.0000,-1.0000,-1.0000,-1.0000,-1.0000,-1.0000,-1.0000,-1.0000,-1.0000,-1.0000,-1.0000,-1.0000,-1.0000,-1.0000,-1.0000,-1.0000,-1.0000,-1.0000,-1.0000,-1.0000,-1.0000,-1.0000,-1.0000,-1.0000,-1.0000,-1.0000,-1.0000,-1.0000,-1.0000,-1.0000,-1.0000,-1.0000,-1.0000,-1.0000,-1.0000,-1.0000,-1.0000,-1.0000,-1.0000,-1.0000,-1.0000,-1.0000,-1.0000,-1.0000,-1.0000,-1.0000,-1.0000,-1.0000,-1.0000,-1.0000,-1.0000,-1.0000,-1.0000,-1.0000,-1.0000,-1.0000,-1.0000,-1.0000,-1.0000,-1.0000,-1.0000,-1.0000,-1.0000,-1.0000,-1.0000,-1.0000,-1.0000,-1.0000,-1.0000,-1.0000,-1.0000,-1.0000,-1.0000,-1.0000,-1.0000,-1.0000,-1.0000,-1.0000,-1.0000,-1.0000,-1.0000,-1.0000,-1.0000,-1.0000,-1.0000,-1.0000,-1.0000,-1.0000,2.0325,2.0355,1.9843,2.0223,2.0005,2.0739,1.9024,1.8790,1.9533,1.8446,1.9467,1.8408,1.9216,1.8813,1.8255,1.8570,1.9528,2.1036,2.1141,2.1208,2.1132,2.0668,2.0553,2.1261,2.0373,2.0802,2.0912,2.1037,2.0545,2.0204,2.0794,2.1031,2.1281,2.1140,2.1089,2.1115,2.1043,2.0824,2.0947,2.1140,1.6960,1.7375,1.7110,1.7008,1.7386,1.6753,1.6322,1.7401,1.6787,1.6316,1.6372,1.6495,1.7192,1.6293,1.6115,1.6592,1.6285,1.6288,1.6772,1.6128,1.7010,1.6746,1.6484,0,1.0000,2.0308,4.6896,1.9317
8,0.0160,-0.3865,-1.7507,1.0259,2.0308,4.6896,1.7943,0.1110,0.1898,0.0000,1.0277,1.0000,-0.0000,0.0006,0.0008,-0.0103,-0.0008,-0.0001,-0.0011,0.0011,0.0015,0.0093,-0.0003,0.0003,0.0001,-0.0000,0.0004,-0.0029,0.0001,-0.0005,0.0013,0.0006,0.0000,0.0002,0.0000,-0.0004,0.0001,0.0003,0.0000,0.0000,0.0001,0.0000,-0.0148,0.0027,-0.0228,-0.0112,0.1079,0.0480,-0.5380,-0.0467,0.0118,-0.1433,-0.0312,0.0388,0.5178,-0.1018,0.0105,0.0735,-0.1829,-0.0947,-0.1096,0.0480,-0.0951,0.0505,0.0661,0.0022,0.0165,0.0009,0.0458,0.0122,0.0249,-0.1195,0.0019,0.0156,0.0001,-1.0000,-1.0000,-1.0000,-1.0000,-1.0000,-1.0000,-1.0000,-1.0000,-1.0000,-1.0000,-1.0000,-1.0000,-1.0000,-1.0000,-1.0000,-1.0000,-1.0000,-1.0000,-1.0000,-1.0000,-1.0000,-1.0000,-1.0000,-1.0000,-1.0000,-1.0000,-1.0000,-1.0000,-1.0000,-1.0000,-1.0000,-1.0000,-1.0000,-1.0000,-1.0000,-1.0000,-1.0000,-1.0000,-1.0000,-1.0000,-1.0000,-1.0000,-1.0000,-1.0000,-1.0000,-1.0000,-1.0000,-1.0000,-1.0000,-1.0000,-1.0000,-1.0000,-1.0000,-1.0000,-1.0000,-1.0000,-1.0000,-1.0000,-1.0000,-1.0000,-1.0000,-1.0000,-1.0000,-1.0000,-1.0000,-1.0000,-1.0000,-1.0000,-1.0000,-1.0000,-1.0000,-1.0000,-1.0000,-1.0000,-1.0000,-1.0000,-1.0000,-1.0000,-1.0000,-1.0000,-1.0000,-1.0000,-1.0000,-1.0000,-1.0000,-1.0000,-1.0000,-1.0000,-1.0000,-1.0000,-1.0000,-1.0000,-1.0000,-1.0000,-1.0000,-1.0000,-1.0000,-1.0000,-1.0000,-1.0000,-1.0000,-1.0000,-1.0000,-1.0000,-1.0000,-1.0000,-1.0000,-1.0000,-1.0000,-1.0000,-1.0000,-1.0000,-1.0000,-1.0000,-1.0000,-1.0000,-1.0000,-1.0000,-1.0000,-1.0000,-1.0000,2.0325,2.0355,1.9843,2.0223,2.0005,2.0739,1.9024,1.8790,1.9533,1.8446,1.9467,1.8408,1.9216,1.8813,1.8255,1.8570,1.9528,2.1036,2.1141,2.1208,2.1132,2.0668,2.0553,2.1261,2.0373,2.0802,2.0912,2.1037,2.0545,2.0204,2.0794,2.1031,2.1281,2.1140,2.1089,2.1115,2.1043,2.0824,2.0947,2.1140,1.6960,1.7375,1.7110,1.7008,1.7386,1.6753,1.6322,1.7401,1.6787,1.6316,1.6372,1.6495,1.7192,1.6293,1.6115,1.6592,1.6285,1.6288,1.6772,1.6128,1.7010,1.6746,1.6484,0,1.0000,2.0308,4.6896,1.9317
8,0.0160,-0.3865,-1.7507,1.0259,2.0308,4.6896,1.7943,0.1110,0.1898,0.0000,1.0277,1.0000,-0.0000,0.0006,0.0008,-0.0103,-0.0008,-0.0001,-0.0011,0.0011,0.0015,0.0093,-0.0003,0.0003,0.0001,-0.0000,0.0004,-0.0029,0.0001,-0.0005,0.0013,0.0006,0.0000,0.0002,0.0000,-0.0004,0.0001,0.0003,0.0000,0.0000,0.0001,0.0000,-0.0148,0.0027,-0.0228,-0.0112,0.1079,0.0480,-0.5380,-0.0467,0.0118,-0.1433,-0.0312,0.0388,0.5178,-0.1018,0.0105,0.0735,-0.1829,-0.0947,-0.1096,0.0480,-0.0951,0.0505,0.0661,0.0022,0.0165,0.0009,0.0458,0.0122,0.0249,-0.1195,0.0019,0.0156,0.0001,-1.0000,-1.0000,-1.0000,-1.0000,-1.0000,-1.0000,-1.0000,-1.0000,-1.0000,-1.0000,-1.0000,-1.0000,-1.0000,-1.0000,-1.0000,-1.0000,-1.0000,-1.0000,-1.0000,-1.0000,-1.0000,-1.0000,-1.0000,-1.0000,-1.0000,-1.0000,-1.0000,-1.0000,-1.0000,-1.0000,-1.0000,-1.0000,-1.0000,-1.0000,-1.0000,-1.0000,-1.0000,-1.0000,-1.0000,-1.0000,-1.0000,-1.0000,-1.0000,-1.0000,-1.0000,-1.0000,-1.0000,-1.0000,-1.0000,-1.0000,-1.0000,-1.0000,-1.0000,-1.0000,-1.0000,-1.0000,-1.0000,-1.0000,-1.0000,-1.0000,-1.0000,-1.0000,-1.0000,-1.0000,-1.0000,-1.0000,-1.0000,-1.0000,-1.0000,-1.0000,-1.0000,-1.0000,-1.0000,-1.0000,-1.0000,-1.0000,-1.0000,-1.0000,-1.0000,-1.0000,-1.0000,-1.0000,-1.0000,-1.0000,-1.0000,-1.0000,-1.0000,-1.0000,-1.0000,-1.0000,-1.0000,-1.0000,-1.0000,-1.0000,-1.0000,-1.0000,-1.0000,-1.0000,-1.0000,-1.0000,-1.0000,-1.0000,-1.0000,-1.0000,-1.0000,-1.0000,-1.0000,-1.0000,-1.0000,-1.0000,-1.0000,-1.0000,-1.0000,-1.0000,-1.0000,-1.0000,-1.0000,-1.0000,-1.0000,-1.0000,-1.0000,2.0325,2.0355,1.9843,2.0223,2.0005,2.0739,1.9024,1.8790,1.9533,1.8446,1.9467,1.8408,1.9216,1.8813,1.8255,1.8570,1.9528,2.1036,2.1141,2.1208,2.1132,2.0668,2.0553,2.1261,2.0373,2.0802,2.0912,2.1037,2.0545,2.0204,2.0794,2.1031,2.1281,2.1140,2.1089,2.1115,2.1043,2.0824,2.0947,2.1140,1.6960,1.7375,1.7110,1.7008,1.7386,1.6753,1.6322,1.7401,1.6787,1.6316,1.6372,1.6495,1.7192,1.6293,1.6115,1.6592,1.6285,1.6288,1.6772,1.6128,1.7010,1.6746,1.6484,0,1.0000,2.0308,4.6896,1.9317
8,0.0160,-0.3865,-1.7507,1.0259,2.0308,4.6896,1.7943,0.1110,0.1898,0.0000,1.0277,1.0000,-0.0000,0.0006,0.0008,-0.0103,-0.0008,-0.0001,-0.0011,0.0011,0.0015,0.0093,-0.0003,0.0003,0.0001,-0.0000,0.0004,-0.0029,0.0001,-0.0005,0.0013,0.0006,0.0000,0.0002,0.0000,-0.0004,0.0001,0.0003,0.0000,0.0000,0.0001,0.0000,-0.0148,0.0027,-0.0228,-0.0112,0.1079,0.0480,-0.5380,-0.0467,0.0118,-0.1433,-0.0312,0.0388,0.5178,-0.1018,0.0105,0.0735,-0.1829,-0.0947,-0.1096,0.0480,-0.0951,0.0505,0.0661,0.0022,0.0165,0.0009,0.0458,0.0122,0.0249,-0.1195,0.0019,0.0156,0.0001,-1.0000,-1.0000,-1.0000,-1.0000,-1.0000,-1.0000,-1.0000,-1.0000,-1.0000,-1.0000,-1.0000,-1.0000,-1.0000,-1.0000,-1.0000,-1.0000,-1.0000,-1.0000,-1.0000,-1.0000,-1.0000,-1.0000,-1.0000,-1.0000,-1.0000,-1.0000,-1.0000,-1.0000,-1.0000,-1.0000,-1.0000,-1.0000,-1.0000,-1.0000,-1.0000,-1.0000,-1.0000,-1.0000,-1.0000,-1.0000,-1.0000,-1.0000,-1.0000,-1.0000,-1.0000,-1.0000,-1.0000,-1.0000,-1.0000,-1.0000,-1.0000,-1.0000,-1.0000,-1.0000,-1.0000,-1.0000,-1.0000,-1.0000,-1.0000,-1.0000,-1.0000,-1.0000,-1.0000,-1.0000,-1.0000,-1.0000,-1.0000,-1.0000,-1.0000,-1.0000,-1.0000,-1.0000,-1.0000,-1.0000,-1.0000,-1.0000,-1.0000,-1.0000,-1.0000,-1.0000,-1.0000,-1.0000,-1.0000,-1.0000,-1.0000,-1.0000,-1.0000,-1.0000,-1.0000,-1.0000,-1.0000,-1.0000,-1.0000,-1.0000,-1.0000,-1.0000,-1.0000,-1.0000,-1.0000,-1.0000,-1.0000,-1.0000,-1.0000,-1.0000,-1.0000,-1.0000,-1.0000,-1.0000,-1.0000,-1.0000,-1.0000,-1.0000,-1.0000,-1.0000,-1.0000,-1.0000,-1.0000,-1.0000,-1.0000,-1.0000,-1.0000,2.0325,2.0355,1.9843,2.0223,2.0005,2.0739,1.9024,1.8790,1.9533,1.8446,1.9467,1.8408,1.9216,1.8813,1.8255,1.8570,1.9528,2.1036,2.1141,2.1208,2.1132,2.0668,2.0553,2.1261,2.0373,2.0802,2.0912,2.1037,2.0545,2.0204,2.0794,2.1031,2.1281,2.1140,2.1089,2.1115,2.1043,2.0824,2.0947,2.1140,1.6960,1.7375,1.7110,1.7008,1.7386,1.6753,1.6322,1.7401,1.6787,1.6316,1.6372,1.6495,1.7192,1.6293,1.6115,1.6592,1.6285,1.6288,1.6772,1.6128,1.7010,1.6746,1.6484,0,1.0000,2.0308,4.6896,1.9317
8,0.0160,-0.3865,-1.7507,1.0259,2.0308,4.6896,1.7943,0.1110,0.1898,0.0000,1.0277,1.0000,-0.0000,0.0006,0.0008,-0.0103,-0.0008,-0.0001,-0.0011,0.0011,0.0015,0.0093,-0.0003,0.0003,0.0001,-0.0000,0.0004,-0.0029,0.0001,-0.0005,0.0013,0.0006,0.0000,0.0002,0.0000,-0.0004,0.0001,0.0003,0.0000,0.0000,0.0001,0.0000,-0.0148,0.0027,-0.0228,-0.0112,0.1079,0.0480,-0.5380,-0.0467,0.0118,-0.1433,-0.0312,0.0388,0.5178,-0.1018,0.0105,0.0735,-0.1829,-0.0947,-0.1096,0.0480,-0.0951,0.0505,0.0661,0.0022,0.0165,0.0009,0.0458,0.0122,0.0249,-0.1195,0.0019,0.0156,0.0001,-1.0000,-1.0000,-1.0000,-1.0000,-1.0000,-1.0000,-1.0000,-1.0000,-1.0000,-1.0000,-1.0000,-1.0000,-1.0000,-1.0000,-1.0000,-1.0000,-1.0000,-1.0000,-1.0000,-1.0000,-1.0000,-1.0000,-1.0000,-1.0000,-1.0000,-1.0000,-1.0000,-1.0000,-1.0000,-1.0000,-1.0000,-1.0000,-1.0000,-1.0000,-1.0000,-1.0000,-1.0000,-1.0000,-1.0000,-1.0000,-1.0000,-1.0000,-1.0000,-1.0000,-1.0000,-1.0000,-1.0000,-1.0000,-1.0000,-1.0000,-1.0000,-1.0000,-1.0000,-1.0000,-1.0000,-1.0000,-1.0000,-1.0000,-1.0000,-1.0000,-1.0000,-1.0000,-1.0000,-1.0000,-1.0000,-1.0000,-1.0000,-1.0000,-1.0000,-1.0000,-1.0000,-1.0000,-1.0000,-1.0000,-1.0000,-1.0000,-1.0000,-1.0000,-1.0000,-1.0000,-1.0000,-1.0000,-1.0000,-1.0000,-1.0000,-1.0000,-1.0000,-1.0000,-1.0000,-1.0000,-1.0000,-1.0000,-1.0000,-1.0000,-1.0000,-1.0000,-1.0000,-1.0000,-1.0000,-1.0000,-1.0000,-1.0000,-1.0000,-1.0000,-1.0000,-1.0000,-1.0000,-1.0000,-1.0000,-1.0000,-1.0000,-1.0000,-1.0000,-1.0000,-1.0000,-1.0000,-1.0000,-1.0000,-1.0000,-1.0000,-1.0000,2.0325,2.0355,1.9843,2.0223,2.0005,2.0739,1.9024,1.8790,1.9533,1.8446,1.9467,1.8408,1.9216,1.8813,1.8255,1.8570,1.9528,2.1036,2.1141,2.1208,2.1132,2.0668,2.0553,2.1261,2.0373,2.0802,2.0912,2.1037,2.0545,2.0204,2.0794,2.1031,2.1281,2.1140,2.1089,2.1115,2.1043,2.0824,2.0947,2.1140,1.6960,1.7375,1.7110,1.7008,1.7386,1.6753,1.6322,1.7401,1.6787,1.6316,1.6372,1.6495,1.7192,1.6293,1.6115,1.6592,1.6285,1.6288,1.6772,1.6128,1.7010,1.6746,1.6484,0,1.0000,2.0308,4.6896,1.9317
8,0.0160,-0.3865,-1.7507,1.0259,2.0308,4.6896,1.7943,0.1110,0.1898,0.0000,1.0277,1.0000,-0.0000,0.0006,0.0008,-0.0103,-0.0008,-0.0001,-0.0011,0.0011,0.0015,0.0093,-0.0003,0.0003,0.0001,-0.0000,0.0004,-0.0029,0.0001,-0.0005,0.0013,0.0006,0.0000,0.0002,0.0000,-0.0004,0.0001,0.0003,0.0000,0.0000,0.0001,0.0000,-0.0148,0.0027,-0.0228,-0.0112,0.1079,0.0480,-0.5380,-0.0467,0.0118,-0.1433,-0.0312,0.0388,0.5178,-0.1018,0.0105,0.0735,-0.1829,-0.0947,-0.1096,0.0480,-0.0951,0.0505,0.0661,0.0022,0.0165,0.0009,0.0458,0.0122,0.0249,-0.1195,0.0019,0.0156,0.0001,-1.0000,-1.0000,-1.0000,-1.0000,-1.0000,-1.0000,-1.0000,-1.0000,-1.0000,-1.0000,-1.0000,-1.0000,-1.0000,-1.0000,-1.0000,-1.0000,-1.0000,-1.0000,-1.0000,-1.0000,-1.0000,-1.0000,-1.0000,-1.0000,-1.0000,-1.0000,-1.0000,-1.0000,-1.0000,-1.0000,-1.0000,-1.0000,-1.0000,-1.0000,-1.0000,-1.0000,-1.0000,-1.0000,-1.0000,-1.0000,-1.0000,-1.0000,-1.0000,-1.0000,-1.0000,-1.0000,-1.0000,-1.0000,-1.0000,-1.0000,-1.0000,-1.0000,-1.0000,-1.0000,-1.0000,-1.0000,-1.0000,-1.0000,-1.0000,-1.0000,-1.0000,-1.0000,-1.0000,-1.0000,-1.0000,-1.0000,-1.0000,-1.0000,-1.0000,-1.0000,-1.0000,-1.0000,-1.0000,-1.0000,-1.0000,-1.0000,-1.0000,-1.0000,-1.0000,-1.0000,-1.0000,-1.0000,-1.0000,-1.0000,-1.0000,-1.0000,-1.0000,-1.0000,-1.0000,-1.0000,-1.0000,-1.0000,-1.0000,-1.0000,-1.0000,-1.0000,-1.0000,-1.0000,-1.0000,-1.0000,-1.0000,-1.0000,-1.0000,-1.0000,-1.0000,-1.0000,-1.0000,-1.0000,-1.0000,-1.0000,-1.0000,-1.0000,-1.0000,-1.0000,-1.0000,-1.0000,-1.0000,-1.0000,-1.0000,-1.0000,-1.0000,2.0325,2.0355,1.9843,2.0223,2.0005,2.0739,1.9024,1.8790,1.9533,1.8446,1.9467,1.8408,1.9216,1.8813,1.8255,1.8570,1.9528,2.1036,2.1141,2.1208,2.1132,2.0668,2.0553,2.1261,2.0373,2.0802,2.0912,2.1037,2.0545,2.0204,2.0794,2.1031,2.1281,2.1140,2.1089,2.1115,2.1043,2.0824,2.0947,2.1140,1.6960,1.7375,1.7110,1.7008,1.7386,1.6753,1.6322,1.7401,1.6787,1.6316,1.6372,1.6495,1.7192,1.6293,1.6115,1.6592,1.6285,1.6288,1.6772,1.6128,1.7010,1.6746,1.6484,0,1.0000,2.0308,4.6896,1.9317
8,0.0160,-0.3865,-1.7507,1.0259,2.0308,4.6896,1.7943,0.1110,0.1898,0.0000,1.0277,1.0000,-0.0000,0.0006,0.0008,-0.0103,-0.0008,-0.0001,-0.0011,0.0011,0.0015,0.0093,-0.0003,0.0003,0.0001,-0.0000,0.0004,-0.0029,0.0001,-0.0005,0.0013,0.0006,0.0000,0.0002,0.0000,-0.0004,0.0001,0.0003,0.0000,0.0000,0.0001,0.0000,-0.0148,0.0027,-0.0228,-0.0112,0.1079,0.0480,-0.5380,-0.0467,0.0118,-0.1433,-0.0312,0.0388,0.5178,-0.1018,0.0105,0.0735,-0.1829,-0.0947,-0.1096,0.0480,-0.0951,0.0505,0.0661,0.0022,0.0165,0.0009,0.0458,0.0122,0.0249,-0.1195,0.0019,0.0156,0.0001,-1.0000,-1.0000,-1.0000,-1.0000,-1.0000,-1.0000,-1.0000,-1.0000,-1.0000,-1.0000,-1.0000,-1.0000,-1.0000,-1.0000,-1.0000,-1.0000,-1.0000,-1.0000,-1.0000,-1.0000,-1.0000,-1.0000,-1.0000,-1.0000,-1.0000,-1.0000,-1.0000,-1.0000,-1.0000,-1.0000,-1.0000,-1.0000,-1.0000,-1.0000,-1.0000,-1.0000,-1.0000,-1.0000,-1.0000,-1.0000,-1.0000,-1.0000,-1.0000,-1.0000,-1.0000,-1.0000,-1.0000,-1.0000,-1.0000,-1.0000,-1.0000,-1.0000,-1.0000,-1.0000,-1.0000,-1.0000,-1.0000,-1.0000,-1.0000,-1.0000,-1.0000,-1.0000,-1.0000,-1.0000,-1.0000,-1.0000,-1.0000,-1.0000,-1.0000,-1.0000,-1.0000,-1.0000,-1.0000,-1.0000,-1.0000,-1.0000,-1.0000,-1.0000,-1.0000,-1.0000,-1.0000,-1.0000,-1.0000,-1.0000,-1.0000,-1.0000,-1.0000,-1.0000,-1.0000,-1.0000,-1.0000,-1.0000,-1.0000,-1.0000,-1.0000,-1.0000,-1.0000,-1.0000,-1.0000,-1.0000,-1.0000,-1.0000,-1.0000,-1.0000,-1.0000,-1.0000,-1.0000,-1.0000,-1.0000,-1.0000,-1.0000,-1.0000,-1.0000,-1.0000,-1.0000,-1.0000,-1.0000,-1.0000,-1.0000,-1.0000,-1.0000,2.0325,2.0355,1.9843,2.0223,2.0005,2.0739,1.9024,1.8790,1.9533,1.8446,1.9467,1.8408,1.9216,1.8813,1.8255,1.8570,1.9528,2.1036,2.1141,2.1208,2.1132,2.0668,2.0553,2.1261,2.0373,2.0802,2.0912,2.1037,2.0545,2.0204,2.0794,2.1031,2.1281,2.1140,2.1089,2.1115,2.1043,2.0824,2.0947,2.1140,1.6960,1.7375,1.7110,1.7008,1.7386,1.6753,1.6322,1.7401,1.6787,1.6316,1.6372,1.6495,1.7192,1.6293,1.6115,1.6592,1.6285,1.6288,1.6772,1.6128,1.7010,1.6746,1.6484,0,1.0000,2.0308,4.6896,1.9317
8,0.0160,-0.3865,-1.7507,1.0259,2.0308,4.6896,1.7943,0.1110,0.1898,0.0000,1.0277,1.0000,-0.0000,0.0006,0.0008,-0.0103,-0.0008,-0.0001,-0.0011,0.0011,0.0015,0.0093,-0.0003,0.0003,0.0001,-0.0000,0.0004,-0.0029,0.0001,-0.0005,0.0013,0.0006,0.0000,0.0002,0.0000,-0.0004,0.0001,0.0003,0.0000,0.0000,0.0001,0.0000,-0.0148,0.0027,-0.0228,-0.0112,0.1079,0.0480,-0.5380,-0.0467,0.0118,-0.1433,-0.0312,0.0388,0.5178,-0.1018,0.0105,0.0735,-0.1829,-0.0947,-0.1096,0.0480,-0.0951,0.0505,0.0661,0.0022,0.0165,0.0009,0.0458,0.0122,0.0249,-0.1195,0.0019,0.0156,0.0001,-1.0000,-1.0000,-1.0000,-1.0000,-1.0000,-1.0000,-1.0000,-1.0000,-1.0000,-1.0000,-1.0000,-1.0000,-1.0000,-1.0000,-1.0000,-1.0000,-1.0000,-1.0000,-1.0000,-1.0000,-1.0000,-1.0000,-1.0000,-1.0000,-1.0000,-1.0000,-1.0000,-1.0000,-1.0000,-1.0000,-1.0000,-1.0000,-1.0000,-1.0000,-1.0000,-1.0000,-1.0000,-1.0000,-1.0000,-1.0000,-1.0000,-1.0000,-1.0000,-1.0000,-1.0000,-1.0000,-1.0000,-1.0000,-1.0000,-1.0000,-1.0000,-1.0000,-1.0000,-1.0000,-1.0000,-1.0000,-1.0000,-1.0000,-1.0000,-1.0000,-1.0000,-1.0000,-1.0000,-1.0000,-1.0000,-1.0000,-1.0000,-1.0000,-1.0000,-1.0000,-1.0000,-1.0000,-1.0000,-1.0000,-1.0000,-1.0000,-1.0000,-1.0000,-1.0000,-1.0000,-1.0000,-1.0000,-1.0000,-1.0000,-1.0000,-1.0000,-1.0000,-1.0000,-1.0000,-1.0000,-1.0000,-1.0000,-1.0000,-1.0000,-1.0000,-1.0000,-1.0000,-1.0000,-1.0000,-1.0000,-1.0000,-1.0000,-1.0000,-1.0000,-1.0000,-1.0000,-1.0000,-1.0000,-1.0000,-1.0000,-1.0000,-1.0000,-1.0000,-1.0000,-1.0000,-1.0000,-1.0000,-1.0000,-1.0000,-1.0000,-1.0000,2.0325,2.0355,1.9843,2.0223,2.0005,2.0739,1.9024,1.8790,1.9533,1.8446,1.9467,1.8408,1.9216,1.8813,1.8255,1.8570,1.9528,2.1036,2.1141,2.1208,2.1132,2.0668,2.0553,2.1261,2.0373,2.0802,2.0912,2.1037,2.0545,2.0204,2.0794,2.1031,2.1281,2.1140,2.1089,2.1115,2.1043,2.0824,2.0947,2.1140,1.6960,1.7375,1.7110,1.7008,1.7386,1.6753,1.6322,1.7401,1.6787,1.6316,1.6372,1.6495,1.7192,1.6293,1.6115,1.6592,1.6285,1.6288,1.6772,1.6128,1.7010,1.6746,1.6484,0,1.0000,2.0308,4.6896,1.9317
8,0.0160,-0.3865,-1.7507,1.0259,2.0308,4.6896,1.7943,0.1110,0.1898,0.0000,1.0277,1.0000,-0.0000,0.0006,0.0008,-0.0103,-0.0008,-0.0001,-0.0011,0.0011,0.0015,0.0093,-0.0003,0.0003,0.0001,-0.0000,0.0004,-0.0029,0.0001,-0.0005,0.0013,0.0006,0.0000,0.0002,0.0000,-0.0004,0.0001,0.0003,0.0000,0.0000,0.0001,0.0000,-0.0148,0.0027,-0.0228,-0.0112,0.1079,0.0480,-0.5380,-0.0467,0.0118,-0.1433,-0.0312,0.0388,0.5178,-0.1018,0.0105,0.0735,-0.1829,-0.0947,-0.1096,0.0480,-0.0951,0.0505,0.0661,0.0022,0.0165,0.0009,0.0458,0.0122,0.0249,-0.1195,0.0019,0.0156,0.0001,-1.0000,-1.0000,-1.0000,-1.0000,-1.0000,-1.0000,-1.0000,-1.0000,-1.0000,-1.0000,-1.0000,-1.0000,-1.0000,-1.0000,-1.0000,-1.0000,-1.0000,-1.0000,-1.0000,-1.0000,-1.0000,-1.0000,-1.0000,-1.0000,-1.0000,-1.0000,-1.0000,-1.0000,-1.0000,-1.0000,-1.0000,-1.0000,-1.0000,-1.0000,-1.0000,-1.0000,-1.0000,-1.0000,-1.0000,-1.0000,-1.0000,-1.0000,-1.0000,-1.0000,-1.0000,-1.0000,-1.0000,-1.0000,-1.0000,-1.0000,-1.0000,-1.0000,-1.0000,-1.0000,-1.0000,-1.0000,-1.0000,-1.0000,-1.0000,-1.0000,-1.0000,-1.0000,-1.0000,-1.0000,-1.0000,-1.0000,-1.0000,-1.0000,-1.0000,-1.0000,-1.0000,-1.0000,-1.0000,-1.0000,-1.0000,-1.0000,-1.0000,-1.0000,-1.0000,-1.0000,-1.0000,-1.0000,-1.0000,-1.0000,-1.0000,-1.0000,-1.0000,-1.0000,-1.0000,-1.0000,-1.0000,-1.0000,-1.0000,-1.0000,-1.0000,-1.0000,-1.0000,-1.0000,-1.0000,-1.0000,-1.0000,-1.0000,-1.0000,-1.0000,-1.0000,-1.0000,-1.0000,-1.0000,-1.0000,-1.0000,-1.0000,-1.0000,-1.0000,-1.0000,-1.0000,-1.0000,-1.0000,-1.0000,-1.0000,-1.0000,-1.0000,2.0325,2.0355,1.9843,2.0223,2.0005,2.0739,1.9024,1.8790,1.9533,1.8446,1.9467,1.8408,1.9216,1.8813,1.8255,1.8570,1.9528,2.1036,2.1141,2.1208,2.1132,2.0668,2.0553,2.1261,2.0373,2.0802,2.0912,2.1037,2.0545,2.0204,2.0794,2.1031,2.1281,2.1140,2.1089,2.1115,2.1043,2.0824,2.0947,2.1140,1.6960,1.7375,1.7110,1.7008,1.7386,1.6753,1.6322,1.7401,1.6787,1.6316,1.6372,1.6495,1.7192,1.6293,1.6115,1.6592,1.6285,1.6288,1.6772,1.6128,1.7010,1.6746,1.6484,0,1.0000,2.0308,4.6896,1.9317
9,0.0180,-0.3825,-1.7413,1.0295,2.0308,4.6896,1.7747,0.1110,0.1897,0.0000,1.0277,1.0000,-0.0001,0.0007,0.0008,-0.0112,-0.0009,-0.0001,-0.0014,0.0010,0.0014,0.0104,-0.0006,0.0003,0.0003,-0.0004,0.0001,-0.0031,0.0002,-0.0008,0.0014,0.0007,0.0000,0.0002,0.0000,-0.0003,0.0001,0.0003,-0.0003,0.0000,0.0002,0.0000,-0.0145,0.0043,-0.0240,-0.0100,0.1136,0.0175,-0.4659,-0.0503,0.0121,-0.1447,-0.0419,-0.0226,0.5274,-0.1281,0.0014,0.1017,-0.1999,-0.1108,-0.1145,0.0652,-0.1345,0.0454,0.0709,0.0028,0.0187,0.0016,0.0571,0.0445,0.0096,-0.1553,0.0020,0.0182,0.0002,-1.0000,-1.0000,-1.0000,-1.0000,-1.0000,-1.0000,-1.0000,-1.0000,-1.0000,-1.0000,-1.0000,-1.0000,-1.0000,-1.0000,-1.0000,-1.0000,-1.0000,-1.0000,-1.0000,-1.0000,-1.0000,-1.0000,-1.0000,-1.0000,-1.0000,-1.0000,-1.0000,-1.0000,-1.0000,-1.0000,-1.0000,-1.0000,-1.0000,-1.0000,-1.0000,-1.0000,-1.0000,-1.0000,-1.0000,-1.0000,-1.0000,-1.0000,-1.0000,-1.0000,-1.0000,-1.0000,-1.0000,-1.0000,-1.0000,-1.0000,-1.0000,-1.0000,-1.0000,-1.0000,-1.0000,-1.0000,-1.0000,-1.0000,-1.0000,-1.0000,-1.0000,-1.0000,-1.0000,-1.0000,-1.0000,-1.0000,-1.0000,-1.0000,-1.0000,-1.0000,-1.0000,-1.0000,-1.0000,-1.0000,-1.0000,-1.0000,-1.0000,-1.0000,-1.0000,-1.0000,-1.0000,-1.0000,-1.0000,-1.0000,-1.0000,-1.0000,-1.0000,-1.0000,-1.0000,-1.0000,-1.0000,-1.0000,-1.0000,-1.0000,-1.0000,-1.0000,-1.0000,-1.0000,-1.0000,-1.0000,-1.0000,-1.0000,-1.0000,-1.0000,-1.0000,-1.0000,-1.0000,-1.0000,-1.0000,-1.0000,-1.0000,-1.0000,-1.0000,-1.0000,-1.0000,-1.0000,-1.0000,-1.0000,-1.0000,-1.0000,-1.0000,2.0217,2.0247,1.9735,2.0116,1.9898,2.0632,1.8919,1.8684,1.9426,1.8340,1.9362,1.8300,1.9110,1.8706,1.8150,1.8464,1.9422,2.0930,2.1034,2.1102,2.1026,2.0561,2.0447,2.1156,2.0267,2.0697,2.0807,2.0932,2.0440,2.0099,2.0690,2.0928,2.1177,2.1036,2.0985,2.1010,2.0939,2.0719,2.0843,2.1037,1.6853,1.7267,1.7002,1.6901,1.7279,1.6646,1.6215,1.7294,1.6682,1.6209,1.6266,1.6390,1.7086,1.6188,1.6011,1.6488,1.6181,1.6184,1.6667,1.6024,1.6905,1.6643,1.6380,0,1.0000,2.0308,4.6896,1.9317
9,0.0180,-0.3825,-1.7413,1.0295,2.0308,4.6896,1.7747,0.1110,0.1897,0.0000,1.0277,1.0000,-0.0001,0.0007,0.0008,-0.0112,-0.0009,-0.0001,-0.0014,0.0010,0.0014,0.0104,-0.0006,0.0003,0.0003,-0.0004,0.0001,-0.0031,0.0002,-0.0008,0.0014,0.0007,0.0000,0.0002,0.0000,-0.0003,0.0001,0.0003,-0.0003,0.0000,0.0002,0.0000,-0.0145,0.0043,-0.0240,-0.0100,0.1136,0.0175,-0.4659,-0.0503,0.0121,-0.1447,-0.0419,-0.0226,0.5274,-0.1281,0.0014,0.1017,-0.1999,-0.1108,-0.1145,0.0652,-0.1345,0.0454,0.0709,0.0028,0.0187,0.0016,0.0571,0.0445,0.0096,-0.1553,0.0020,0.0182,0.0002,-1.0000,-1.0000,-1.0000,-1.0000,-1.0000,-1.0000,-1.0000,-1.0000,-1.0000,-1.0000,-1.0000,-1.0000,-1.0000,-1.0000,-1.0000,-1.0000,-1.0000,-1.0000,-1.0000,-1.0000,-1.0000,-1.0000,-1.0000,-1.0000,-1.0000,-1.0000,-1.0000,-1.0000,-1.0000,-1.0000,-1.0000,-1.0000,-1.0000,-1.0000,-1.0000,-1.0000,-1.0000,-1.0000,-1.0000,-1.0000,-1.0000,-1.0000,-1.0000,-1.0000,-1.0000,-1.0000,-1.0000,-1.0000,-1.0000,-1.0000,-1.0000,-1.0000,-1.0000,-1.0000,-1.0000,-1.0000,-1.0000,-1.0000,-1.0000,-1.0000,-1.0000,-1.0000,-1.0000,-1.0000,-1.0000,-1.0000,-1.0000,-1.0000,-1.0000,-1.0000,-1.0000,-1.0000,-1.0000,-1.0000,-1.0000,-1.0000,-1.0000,-1.0000,-1.0000,-1.0000,-1.0000,-1.0000,-1.0000,-1.0000,-1.0000,-1.0000,-1.0000,-1.0000,-1.0000,-1.0000,-1.0000,-1.0000,-1.0000,-1.0000,-1.0000,-1.0000,-1.0000,-1.0000,-1.0000,-1.0000,-1.0000,-1.0000,-1.0000,-1.0000,-1.0000,-1.0000,-1.0000,-1.0000,-1.0000,-1.0000,-1.0000,-1.0000,-1.0000,-1.0000,-1.0000,-1.0000,-1.0000,-1.0000,-1.0000,-1.0000,-1.0000,2.0217,2.0247,1.9735,2.0116,1.9898,2.0632,1.8919,1.8684,1.9426,1.8340,1.9362,1.8300,1.9110,1.8706,1.8150,1.8464,1.9422,2.0930,2.1034,2.1102,2.1026,2.0561,2.0447,2.1156,2.0267,2.0697,2.0807,2.0932,2.0440,2.0099,2.0690,2.0928,2.1177,2.1036,2.0985,2.1010,2.0939,2.0719,2.0843,2.1037,1.6853,1.7267,1.7002,1.6901,1.7279,1.6646,1.6215,1.7294,1.6682,1.6209,1.6266,1.6390,1.7086,1.6188,1.6011,1.6488,1.6181,1.6184,1.6667,1.6024,1.6905,1.6643,1.6380,0,1.0000,2.0308,4.6896,1.9317
9,0.0180,-0.3825,-1.7413,1.0295,2.0308,4.6896,1.7747,0.1110,0.1897,0.0000,1.0277,1.0000,-0.0001,0.0007,0.0008,-0.0112,-0.0009,-0.0001,-0.0014,0.0010,0.0014,0.0104,-0.0006,0.0003,0.0003,-0.0004,0.0001,-0.0031,0.0002,-0.0008,0.0014,0.0007,0.0000,0.0002,0.0000,-0.0003,0.0001,0.0003,-0.0003,0.0000,0.0002,0.0000,-0.0145,0.0043,-0.0240,-0.0100,0.1136,0.0175,-0.4659,-0.0503,0.0121,-0.1447,-0.0419,-0.0226,0.5274,-0.1281,0.0014,0.1017,-0.1999,-0.1108,-0.1145,0.0652,-0.1345,0.0454,0.0709,0.0028,0.0187,0.0016,0.0571,0.0445,0.0096,-0.1553,0.0020,0.0182,0.0002,-1.0000,-1.0000,-1.0000,-1.0000,-1.0000,-1.0000,-1.0000,-1.0000,-1.0000,-1.0000,-1.0000,-1.0000,-1.0000,-1.0000,-1.0000,-1.0000,-1.0000,-1.0000,-1.0000,-1.0000,-1.0000,-1.0000,-1.0000,-1.0000,-1.0000,-1.0000,-1.0000,-1.0000,-1.0000,-1.0000,-1.0000,-1.0000,-1.0000,-1.0000,-1.0000,-1.0000,-1.0000,-1.0000,-1.0000,-1.0000,-1.0000,-1.0000,-1.0000,-1.0000,-1.0000,-1.0000,-1.0000,-1.0000,-1.0000,-1.0000,-1.0000,-1.0000,-1.0000,-1.0000,-1.0000,-1.0000,-1.0000,-1.0000,-1.0000,-1.0000,-1.0000,-1.0000,-1.0000,-1.0000,-1.0000,-1.0000,-1.0000,-1.0000,-1.0000,-1.0000,-1.0000,-1.0000,-1.0000,-1.0000,-1.0000,-1.0000,-1.0000,-1.0000,-1.0000,-1.0000,-1.0000,-1.0000,-1.0000,-1.0000,-1.0000,-1.0000,-1.0000,-1.0000,-1.0000,-1.0000,-1.0000,-1.0000,-1.0000,-1.0000,-1.0000,-1.0000,-1.0000,-1.0000,-1.0000,-1.0000,-1.0000,-1.0000,-1.0000,-1.0000,-1.0000,-1.0000,-1.0000,-1.0000,-1.0000,-1.0000,-1.0000,-1.0000,-1.0000,-1.0000,-1.0000,-1.0000,-1.0000,-1.0000,-1.0000,-1.0000,-1.0000,2.0217,2.0247,1.9735,2.0116,1.9898,2.0632,1.8919,1.8684,1.9426,1.8340,1.9362,1.8300,1.9110,1.8706,1.8150,1.8464,1.9422,2.0930,2.1034,2.1102,2.1026,2.0561,2.0447,2.1156,2.0267,2.0697,2.0807,2.0932,2.0440,2.0099,2.0690,2.0928,2.1177,2.1036,2.0985,2.1010,2.0939,2.0719,2.0843,2.1037,1.6853,1.7267,1.7002,1.6901,1.7279,1.6646,1.6215,1.7294,1.6682,1.6209,1.6266,1.6390,1.7086,1.6188,1.6011,1.6488,1.6181,1.6184,1.6667,1.6024,1.6905,1.6643,1.6380,0,1.0000,2.0308,4.6896,1.9317
9,0.0180,-0.3825,-1.7413,1.0295,2.0308,4.6896,1.7747,0.1110,0.1897,0.0000,1.0277,1.0000,-0.0001,0.0007,0.0008,-0.0112,-0.0009,-0.0001,-0.0014,0.0010,0.0014,0.0104,-0.0006,0.0003,0.0003,-0.0004,0.0001,-0.0031,0.0002,-0.0008,0.0014,0.0007,0.0000,0.0002,0.0000,-0.0003,0.0001,0.0003,-0.0003,0.0000,0.0002,0.0000,-0.0145,0.0043,-0.0240,-0.0100,0.1136,0.0175,-0.4659,-0.0503,0.0121,-0.1447,-0.0419,-0.0226,0.5274,-0.1281,0.0014,0.1017,-0.1999,-0.1108,-0.1145,0.0652,-0.1345,0.0454,0.0709,0.0028,0.0187,0.0016,0.0571,0.0445,0.0096,-0.1553,0.0020,0.0182,0.0002,-1.0000,-1.0000,-1.0000,-1.0000,-1.0000,-1.0000,-1.0000,-1.0000,-1.0000,-1.0000,-1.0000,-1.0000,-1.0000,-1.0000,-1.0000,-1.0000,-1.0000,-1.0000,-1.0000,-1.0000,-1.0000,-1.0000,-1.0000,-1.0000,-1.0000,-1.0000,-1.0000,-1.0000,-1.0000,-1.0000,-1.0000,-1.0000,-1.0000,-1.0000,-1.0000,-1.0000,-1.0000,-1.0000,-1.0000,-1.0000,-1.0000,-1.0000,-1.0000,-1.0000,-1.0000,-1.0000,-1.0000,-1.0000,-1.0000,-1.0000,-1.0000,-1.0000,-1.0000,-1.0000,-1.0000,-1.0000,-1.0000,-1.0000,-1.0000,-1.0000,-1.0000,-1.0000,-1.0000,-1.0000,-1.0000,-1.0000,-1.0000,-1.0000,-1.0000,-1.0000,-1.0000,-1.0000,-1.0000,-1.0000,-1.0000,-1.0000,-1.0000,-1.0000,-1.0000,-1.0000,-1.0000,-1.0000,-1.0000,-1.0000,-1.0000,-1.0000,-1.0000,-1.0000,-1.0000,-1.0000,-1.0000,-1.0000,-1.0000,-1.0000,-1.0000,-1.0000,-1.0000,-1.0000,-1.0000,-1.0000,-1.0000,-1.0000,-1.0000,-1.0000,-1.0000,-1.0000,-1.0000,-1.0000,-1.0000,-1.0000,-1.0000,-1.0000,-1.0000,-1.0000,-1.0000,-1.0000,-1.0000,-1.0000,-1.0000,-1.0000,-1.0000,2.0217,2.0247,1.9735,2.0116,1.9898,2.0632,1.8919,1.8684,1.9426,1.8340,1.9362,1.8300,1.9110,1.8706,1.8150,1.8464,1.9422,2.0930,2.1034,2.1102,2.1026,2.0561,2.0447,2.1156,2.0267,2.0697,2.0807,2.0932,2.0440,2.0099,2.0690,2.0928,2.1177,2.1036,2.0985,2.1010,2.0939,2.0719,2.0843,2.1037,1.6853,1.7267,1.7002,1.6901,1.7279,1.6646,1.6215,1.7294,1.6682,1.6209,1.6266,1.6390,1.7086,1.6188,1.6011,1.6488,1.6181,1.6184,1.6667,1.6024,1.6905,1.6643,1.6380,0,1.0000,2.0308,4.6896,1.9317
9,0.0180,-0.3825,-1.7413,1.0295,2.0308,4.6896,1.7747,0.1110,0.1897,0.0000,1.0277,1.0000,-0.0001,0.0007,0.0008,-0.0112,-0.0009,-0.0001,-0.0014,0.0010,0.0014,0.0104,-0.0006,0.0003,0.0003,-0.0004,0.0001,-0.0031,0.0002,-0.0008,0.0014,0.0007,0.0000,0.0002,0.0000,-0.0003,0.0001,0.0003,-0.0003,0.0000,0.0002,0.0000,-0.0145,0.0043,-0.0240,-0.0100,0.1136,0.0175,-0.4659,-0.0503,0.0121,-0.1447,-0.0419,-0.0226,0.5274,-0.1281,0.0014,0.1017,-0.1999,-0.1108,-0.1145,0.0652,-0.1345,0.0454,0.0709,0.0028,0.0187,0.0016,0.0571,0.0445,0.0096,-0.1553,0.0020,0.0182,0.0002,-1.0000,-1.0000,-1.0000,-1.0000,-1.0000,-1.0000,-1.0000,-1.0000,-1.0000,-1.0000,-1.0000,-1.0000,-1.0000,-1.0000,-1.0000,-1.0000,-1.0000,-1.0000,-1.0000,-1.0000,-1.0000,-1.0000,-1.0000,-1.0000,-1.0000,-1.0000,-1.0000,-1.0000,-1.0000,-1.0000,-1.0000,-1.0000,-1.0000,-1.0000,-1.0000,-1.0000,-1.0000,-1.0000,-1.0000,-1.0000,-1.0000,-1.0000,-1.0000,-1.0000,-1.0000,-1.0000,-1.0000,-1.0000,-1.0000,-1.0000,-1.0000,-1.0000,-1.0000,-1.0000,-1.0000,-1.0000,-1.0000,-1.0000,-1.0000,-1.0000,-1.0000,-1.0000,-1.0000,-1.0000,-1.0000,-1.0000,-1.0000,-1.0000,-1.0000,-1.0000,-1.0000,-1.0000,-1.0000,-1.0000,-1.0000,-1.0000,-1.0000,-1.0000,-1.0000,-1.0000,-1.0000,-1.0000,-1.0000,-1.0000,-1.0000,-1.0000,-1.0000,-1.0000,-1.0000,-1.0000,-1.0000,-1.0000,-1.0000,-1.0000,-1.0000,-1.0000,-1.0000,-1.0000,-1.0000,-1.0000,-1.0000,-1.0000,-1.0000,-1.0000,-1.0000,-1.0000,-1.0000,-1.0000,-1.0000,-1.0000,-1.0000,-1.0000,-1.0000,-1.0000,-1.0000,-1.0000,-1.0000,-1.0000,-1.0000,-1.0000,-1.0000,2.0217,2.0247,1.9735,2.0116,1.9898,2.0632,1.8919,1.8684,1.9426,1.8340,1.9362,1.8300,1.9110,1.8706,1.8150,1.8464,1.9422,2.0930,2.1034,2.1102,2.1026,2.0561,2.0447,2.1156,2.0267,2.0697,2.0807,2.0932,2.0440,2.0099,2.0690,2.0928,2.1177,2.1036,2.0985,2.1010,2.0939,2.0719,2.0843,2.1037,1.6853,1.7267,1.7002,1.6901,1.7279,1.6646,1.6215,1.7294,1.6682,1.6209,1.6266,1.6390,1.7086,1.6188,1.6011,1.6488,1.6181,1.6184,1.6667,1.6024,1.6905,1.6643,1.6380,0,1.0000,2.0308,4.6896,1.9317
9,0.0180,-0.3825,-1.7413,1.0295,2.0308,4.6896,1.7747,0.1110,0.1897,0.0000,1.0277,1.0000,-0.0001,0.0007,0.0008,-0.0112,-0.0009,-0.0001,-0.0014,0.0010,0.0014,0.0104,-0.0006,0.0003,0.0003,-0.0004,0.0001,-0.0031,0.0002,-0.0008,0.0014,0.0007,0.0000,0.0002,0.0000,-0.0003,0.0001,0.0003,-0.0003,0.0000,0.0002,0.0000,-0.0145,0.0043,-0.0240,-0.0100,0.1136,0.0175,-0.4659,-0.0503,0.0121,-0.1447,-0.0419,-0.0226,0.5274,-0.1281,0.0014,0.1017,-0.1999,-0.1108,-0.1145,0.0652,-0.1345,0.0454,0.0709,0.0028,0.0187,0.0016,0.0571,0.0445,0.0096,-0.1553,0.0020,0.0182,0.0002,-1.0000,-1.0000,-1.0000,-1.0000,-1.0000,-1.0000,-1.0000,-1.0000,-1.0000,-1.0000,-1.0000,-1.0000,-1.0000,-1.0000,-1.0000,-1.0000,-1.0000,-1.0000,-1.0000,-1.0000,-1.0000,-1.0000,-1.0000,-1.0000,-1.0000,-1.0000,-1.0000,-1.0000,-1.0000,-1.0000,-1.0000,-1.0000,-1.0000,-1.0000,-1.0000,-1.0000,-1.0000,-1.0000,-1.0000,-1.0000,-1.0000,-1.0000,-1.0000,-1.0000,-1.0000,-1.0000,-1.0000,-1.0000,-1.0000,-1.0000,-1.0000,-1.0000,-1.0000,-1.0000,-1.0000,-1.0000,-1.0000,-1.0000,-1.0000,-1.0000,-1.0000,-1.0000,-1.0000,-1.0000,-1.0000,-1.0000,-1.0000,-1.0000,-1.0000,-1.0000,-1.0000,-1.0000,-1.0000,-1.0000,-1.0000,-1.0000,-1.0000,-1.0000,-1.0000,-1.0000,-1.0000,-1.0000,-1.0000,-1.0000,-1.0000,-1.0000,-1.0000,-1.0000,-1.0000,-1.0000,-1.0000,-1.0000,-1.0000,-1.0000,-1.0000,-1.0000,-1.0000,-1.0000,-1.0000,-1.0000,-1.0000,-1.0000,-1.0000,-1.0000,-1.0000,-1.0000,-1.0000,-1.0000,-1.0000,-1.0000,-1.0000,-1.0000,-1.0000,-1.0000,-1.0000,-1.0000,-1.0000,-1.0000,-1.0000,-1.0000,-1.0000,2.0217,2.0247,1.9735,2.0116,1.9898,2.0632,1.8919,1.8684,1.9426,1.8340,1.9362,1.8300,1.9110,1.8706,1.8150,1.8464,1.9422,2.0930,2.1034,2.1102,2.1026,2.0561,2.0447,2.1156,2.0267,2.0697,2.0807,2.0932,2.0440,2.0099,2.0690,2.0928,2.1177,2.1036,2.0985,2.1010,2.0939,2.0719,2.0843,2.1037,1.6853,1.7267,1.7002,1.6901,1.7279,1.6646,1.6215,1.7294,1.6682,1.6209,1.6266,1.6390,1.7086,1.6188,1.6011,1.6488,1.6181,1.6184,1.6667,1.6024,1.6905,1.6643,1.6380,0,1.0000,2.0308,4.6896,1.9317
9,0.0180,-0.3825,-1.7413,1.0295,2.0308,4.6896,1.7747,0.1110,0.1897,0.0000,1.0277,1.0000,-0.0001,0.0007,0.0008,-0.0112,-0.0009,-0.0001,-0.0014,0.0010,0.0014,0.0104,-0.0006,0.0003,0.0003,-0.0004,0.0001,-0.0031,0.0002,-0.0008,0.0014,0.0007,0.0000,0.0002,0.0000,-0.0003,0.0001,0.0003,-0.0003,0.0000,0.0002,0.0000,-0.0145,0.0043,-0.0240,-0.0100,0.1136,0.0175,-0.4659,-0.0503,0.0121,-0.1447,-0.0419,-0.0226,0.5274,-0.1281,0.0014,0.1017,-0.1999,-0.1108,-0.1145,0.0652,-0.1345,0.0454,0.0709,0.0028,0.0187,0.0016,0.0571,0.0445,0.0096,-0.1553,0.0020,0.0182,0.0002,-1.0000,-1.0000,-1.0000,-1.0000,-1.0000,-1.0000,-1.0000,-1.0000,-1.0000,-1.0000,-1.0000,-1.0000,-1.0000,-1.0000,-1.0000,-1.0000,-1.0000,-1.0000,-1.0000,-1.0000,-1.0000,-1.0000,-1.0000,-1.0000,-1.0000,-1.0000,-1.0000,-1.0000,-1.0000,-1.0000,-1.0000,-1.0000,-1.0000,-1.0000,-1.0000,-1.0000,-1.0000,-1.0000,-1.0000,-1.0000,-1.0000,-1.0000,-1.0000,-1.0000,-1.0000,-1.0000,-1.0000,-1.0000,-1.0000,-1.0000,-1.0000,-1.0000,-1.0000,-1.0000,-1.0000,-1.0000,-1.0000,-1.0000,-1.0000,-1.0000,-1.0000,-1.0000,-1.0000,-1.0000,-1.0000,-1.0000,-1.0000,-1.0000,-1.0000,-1.0000,-1.0000,-1.0000,-1.0000,-1.0000,-1.0000,-1.0000,-1.0000,-1.0000,-1.0000,-1.0000,-1.0000,-1.0000,-1.0000,-1.0000,-1.0000,-1.0000,-1.0000,-1.0000,-1.0000,-1.0000,-1.0000,-1.0000,-1.0000,-1.0000,-1.0000,-1.0000,-1.0000,-1.0000,-1.0000,-1.0000,-1.0000,-1.0000,-1.0000,-1.0000,-1.0000,-1.0000,-1.0000,-1.0000,-1.0000,-1.0000,-1.0000,-1.0000,-1.0000,-1.0000,-1.0000,-1.0000,-1.0000,-1.0000,-1.0000,-1.0000,-1.0000,2.0217,2.0247,1.9735,2.0116,1.9898,2.0632,1.8919,1.8684,1.9426,1.8340,1.9362,1.8300,1.9110,1.8706,1.8150,1.8464,1.9422,2.0930,2.1034,2.1102,2.1026,2.0561,2.0447,2.1156,2.0267,2.0697,2.0807,2.0932,2.0440,2.0099,2.0690,2.0928,2.1177,2.1036,2.0985,2.1010,2.0939,2.0719,2.0843,2.1037,1.6853,1.7267,1.7002,1.6901,1.7279,1.6646,1.6215,1.7294,1.6682,1.6209,1.6266,1.6390,1.7086,1.6188,1.6011,1.6488,1.6181,1.6184,1.6667,1.6024,1.6905,1.6643,1.6380,0,1.0000,2.0308,4.6896,1.9317
9,0.0180,-0.3825,-1.7413,1.0295,2.0308,4.6896,1.7747,0.1110,0.1897,0.0000,1.0277,1.0000,-0.0001,0.0007,0.0008,-0.0112,-0.0009,-0.0001,-0.0014,0.0010,0.0014,0.0104,-0.0006,0.0003,0.0003,-0.0004,0.0001,-0.0031,0.0002,-0.0008,0.0014,0.0007,0.0000,0.0002,0.0000,-0.0003,0.0001,0.0003,-0.0003,0.0000,0.0002,0.0000,-0.0145,0.0043,-0.0240,-0.0100,0.1136,0.0175,-0.4659,-0.0503,0.0121,-0.1447,-0.0419,-0.0226,0.5274,-0.1281,0.0014,0.1017,-0.1999,-0.1108,-0.1145,0.0652,-0.1345,0.0454,0.0709,0.0028,0.0187,0.0016,0.0571,0.0445,0.0096,-0.1553,0.0020,0.0182,0.0002,-1.0000,-1.0000,-1.0000,-1.0000,-1.0000,-1.0000,-1.0000,-1.0000,-1.0000,-1.0000,-1.0000,-1.0000,-1.0000,-1.0000,-1.0000,-1.0000,-1.0000,-1.0000,-1.0000,-1.0000,-1.0000,-1.0000,-1.0000,-1.0000,-1.0000,-1.0000,-1.0000,-1.0000,-1.0000,-1.0000,-1.0000,-1.0000,-1.0000,-1.0000,-1.0000,-1.0000,-1.0000,-1.0000,-1.0000,-1.0000,-1.0000,-1.0000,-1.0000,-1.0000,-1.0000,-1.0000,-1.0000,-1.0000,-1.0000,-1.0000,-1.0000,-1.0000,-1.0000,-1.0000,-1.0000,-1.0000,-1.0000,-1.0000,-1.0000,-1.0000,-1.0000,-1.0000,-1.0000,-1.0000,-1.0000,-1.0000,-1.0000,-1.0000,-1.0000,-1.0000,-1.0000,-1.0000,-1.0000,-1.0000,-1.0000,-1.0000,-1.0000,-1.0000,-1.0000,-1.0000,-1.0000,-1.0000,-1.0000,-1.0000,-1.0000,-1.0000,-1.0000,-1.0000,-1.0000,-1.0000,-1.0000,-1.0000,-1.0000,-1.0000,-1.0000,-1.0000,-1.0000,-1.0000,-1.0000,-1.0000,-1.0000,-1.0000,-1.0000,-1.0000,-1.0000,-1.0000,-1.0000,-1.0000,-1.0000,-1.0000,-1.0000,-1.0000,-1.0000,-1.0000,-1.0000,-1.0000,-1.0000,-1.0000,-1.0000,-1.0000,-1.0000,2.0217,2.0247,1.9735,2.0116,1.9898,2.0632,1.8919,1.8684,1.9426,1.8340,1.9362,1.8300,1.9110,1.8706,1.8150,1.8464,1.9422,2.0930,2.1034,2.1102,2.1026,2.0561,2.0447,2.1156,2.0267,2.0697,2.0807,2.0932,2.0440,2.0099,2.0690,2.0928,2.1177,2.1036,2.0985,2.1010,2.0939,2.0719,2.0843,2.1037,1.6853,1.7267,1.7002,1.6901,1.7279,1.6646,1.6215,1.7294,1.6682,1.6209,1.6266,1.6390,1.7086,1.6188,1.6011,1.6488,1.6181,1.6184,1.6667,1.6024,1.6905,1.6643,1.6380,0,1.0000,2.0308,4.6896,1.9317
9,0.0180,-0.3825,-1.7413,1.0295,2.0308,4.6896,1.7747,0.1110,0.1897,0.0000,1.0277,1.0000,-0.0001,0.0007,0.0008,-0.0112,-0.0009,-0.0001,-0.0014,0.0010,0.0014,0.0104,-0.0006,0.0003,0.0003,-0.0004,0.0001,-0.0031,0.0002,-0.0008,0.0014,0.0007,0.0000,0.0002,0.0000,-0.0003,0.0001,0.0003,-0.0003,0.0000,0.0002,0.0000,-0.0145,0.0043,-0.0240,-0.0100,0.1136,0.0175,-0.4659,-0.0503,0.0121,-0.1447,-0.0419,-0.0226,0.5274,-0.1281,0.0014,0.1017,-0.1999,-0.1108,-0.1145,0.0652,-0.1345,0.0454,0.0709,0.0028,0.0187,0.0016,0.0571,0.0445,0.0096,-0.1553,0.0020,0.0182,0.0002,-1.0000,-1.0000,-1.0000,-1.0000,-1.0000,-1.0000,-1.0000,-1.0000,-1.0000,-1.0000,-1.0000,-1.0000,-1.0000,-1.0000,-1.0000,-1.0000,-1.0000,-1.0000,-1.0000,-1.0000,-1.0000,-1.0000,-1.0000,-1.0000,-1.0000,-1.0000,-1.0000,-1.0000,-1.0000,-1.0000,-1.0000,-1.0000,-1.0000,-1.0000,-1.0000,-1.0000,-1.0000,-1.0000,-1.0000,-1.0000,-1.0000,-1.0000,-1.0000,-1.0000,-1.0000,-1.0000,-1.0000,-1.0000,-1.0000,-1.0000,-1.0000,-1.0000,-1.0000,-1.0000,-1.0000,-1.0000,-1.0000,-1.0000,-1.0000,-1.0000,-1.0000,-1.0000,-1.0000,-1.0000,-1.0000,-1.0000,-1.0000,-1.0000,-1.0000,-1.0000,-1.0000,-1.0000,-1.0000,-1.0000,-1.0000,-1.0000,-1.0000,-1.0000,-1.0000,-1.0000,-1.0000,-1.0000,-1.0000,-1.0000,-1.0000,-1.0000,-1.0000,-1.0000,-1.0000,-1.0000,-1.0000,-1.0000,-1.0000,-1.0000,-1.0000,-1.0000,-1.0000,-1.0000,-1.0000,-1.0000,-1.0000,-1.0000,-1.0000,-1.0000,-1.0000,-1.0000,-1.0000,-1.0000,-1.0000,-1.0000,-1.0000,-1.0000,-1.0000,-1.0000,-1.0000,-1.0000,-1.0000,-1.0000,-1.0000,-1.0000,-1.0000,2.0217,2.0247,1.9735,2.0116,1.9898,2.0632,1.8919,1.8684,1.9426,1.8340,1.9362,1.8300,1.9110,1.8706,1.8150,1.8464,1.9422,2.0930,2.1034,2.1102,2.1026,2.0561,2.0447,2.1156,2.0267,2.0697,2.0807,2.0932,2.0440,2.0099,2.0690,2.0928,2.1177,2.1036,2.0985,2.1010,2.0939,2.0719,2.0843,2.1037,1.6853,1.7267,1.7002,1.6901,1.7279,1.6646,1.6215,1.7294,1.6682,1.6209,1.6266,1.6390,1.7086,1.6188,1.6011,1.6488,1.6181,1.6184,1.6667,1.6024,1.6905,1.6643,1.6380,0,1.0000,2.0308,4.6896,1.9317
9,0.0180,-0.3825,-1.7413,1.0295,2.0308,4.6896,1.7747,0.1110,0.1897,0.0000,1.0277,1.0000,-0.0001,0.0007,0.0008,-0.0112,-0.0009,-0.0001,-0.0014,0.0010,0.0014,0.0104,-0.0006,0.0003,0.0003,-0.0004,0.0001,-0.0031,0.0002,-0.0008,0.0014,0.0007,0.0000,0.0002,0.0000,-0.0003,0.0001,0.0003,-0.0003,0.0000,0.0002,0.0000,-0.0145,0.0043,-0.0240,-0.0100,0.1136,0.0175,-0.4659,-0.0503,0.0121,-0.1447,-0.0419,-0.0226,0.5274,-0.1281,0.0014,0.1017,-0.1999,-0.1108,-0.1145,0.0652,-0.1345,0.0454,0.0709,0.0028,0.0187,0.0016,0.0571,0.0445,0.0096,-0.1553,0.0020,0.0182,0.0002,-1.0000,-1.0000,-1.0000,-1.0000,-1.0000,-1.0000,-1.0000,-1.0000,-1.0000,-1.0000,-1.0000,-1.0000,-1.0000,-1.0000,-1.0000,-1.0000,-1.0000,-1.0000,-1.0000,-1.0000,-1.0000,-1.0000,-1.0000,-1.0000,-1.0000,-1.0000,-1.0000,-1.0000,-1.0000,-1.0000,-1.0000,-1.0000,-1.0000,-1.0000,-1.0000,-1.0000,-1.0000,-1.0000,-1.0000,-1.0000,-1.0000,-1.0000,-1.0000,-1.0000,-1.0000,-1.0000,-1.0000,-1.0000,-1.0000,-1.0000,-1.0000,-1.0000,-1.0000,-1.0000,-1.0000,-1.0000,-1.0000,-1.0000,-1.0000,-1.0000,-1.0000,-1.0000,-1.0000,-1.0000,-1.0000,-1.0000,-1.0000,-1.0000,-1.0000,-1.0000,-1.0000,-1.0000,-1.0000,-1.0000,-1.0000,-1.0000,-1.0000,-1.0000,-1.0000,-1.0000,-1.0000,-1.0000,-1.0000,-1.0000,-1.0000,-1.0000,-1.0000,-1.0000,-1.0000,-1.0000,-1.0000,-1.0000,-1.0000,-1.0000,-1.0000,-1.0000,-1.0000,-1.0000,-1.0000,-1.0000,-1.0000,-1.0000,-1.0000,-1.0000,-1.0000,-1.0000,-1.0000,-1.0000,-1.0000,-1.0000,-1.0000,-1.0000,-1.0000,-1.0000,-1.0000,-1.0000,-1.0000,-1.0000,-1.0000,-1.0000,-1.0000,2.0217,2.0247,1.9735,2.0116,1.9898,2.0632,1.8919,1.8684,1.9426,1.8340,1.9362,1.8300,1.9110,1.8706,1.8150,1.8464,1.9422,2.0930,2.1034,2.1102,2.1026,2.0561,2.0447,2.1156,2.0267,2.0697,2.0807,2.0932,2.0440,2.0099,2.0690,2.0928,2.1177,2.1036,2.0985,2.1010,2.0939,2.0719,2.0843,2.1037,1.6853,1.7267,1.7002,1.6901,1.7279,1.6646,1.6215,1.7294,1.6682,1.6209,1.6266,1.6390,1.7086,1.6188,1.6011,1.6488,1.6181,1.6184,1.6667,1.6024,1.6905,1.6643,1.6380,0,1.0000,2.0308,4.6896,1.9317
9,0.0180,-0.3825,-1.7413,1.0295,2.0308,4.6896,1.7747,0.1110,0.1897,0.0000,1.0277,1.0000,-0.0001,0.0007,0.0008,-0.0112,-0.0009,-0.0001,-0.0014,0.0010,0.0014,0.0104,-0.0006,0.0003,0.0003,-0.0004,0.0001,-0.0031,0.0002,-0.0008,0.0014,0.0007,0.0000,0.0002,0.0000,-0.0003,0.0001,0.0003,-0.0003,0.0000,0.0002,0.0000,-0.0145,0.0043,-0.0240,-0.0100,0.1136,0.0175,-0.4659,-0.0503,0.0121,-0.1447,-0.0419,-0.0226,0.5274,-0.1281,0.0014,0.1017,-0.1999,-0.1108,-0.1145,0.0652,-0.1345,0.0454,0.0709,0.0028,0.0187,0.0016,0.0571,0.0445,0.0096,-0.1553,0.0020,0.0182,0.0002,-1.0000,-1.0000,-1.0000,-1.0000,-1.0000,-1.0000,-1.0000,-1.0000,-1.0000,-1.0000,-1.0000,-1.0000,-1.0000,-1.0000,-1.0000,-1.0000,-1.0000,-1.0000,-1.0000,-1.0000,-1.0000,-1.0000,-1.0000,-1.0000,-1.0000,-1.0000,-1.0000,-1.0000,-1.0000,-1.0000,-1.0000,-1.0000,-1.0000,-1.0000,-1.0000,-1.0000,-1.0000,-1.0000,-1.0000,-1.0000,-1.0000,-1.0000,-1.0000,-1.0000,-1.0000,-1.0000,-1.0000,-1.0000,-1.0000,-1.0000,-1.0000,-1.0000,-1.0000,-1.0000,-1.0000,-1.0000,-1.0000,-1.0000,-1.0000,-1.0000,-1.0000,-1.0000,-1.0000,-1.0000,-1.0000,-1.0000,-1.0000,-1.0000,-1.0000,-1.0000,-1.0000,-1.0000,-1.0000,-1.0000,-1.0000,-1.0000,-1.0000,-1.0000,-1.0000,-1.0000,-1.0000,-1.0000,-1.0000,-1.0000,-1.0000,-1.0000,-1.0000,-1.0000,-1.0000,-1.0000,-1.0000,-1.0000,-1.0000,-1.0000,-1.0000,-1.0000,-1.0000,-1.0000,-1.0000,-1.0000,-1.0000,-1.0000,-1.0000,-1.0000,-1.0000,-1.0000,-1.0000,-1.0000,-1.0000,-1.0000,-1.0000,-1.0000,-1.0000,-1.0000,-1.0000,-1.0000,-1.0000,-1.0000,-1.0000,-1.0000,-1.0000,2.0217,2.0247,1.9735,2.0116,1.9898,2.0632,1.8919,1.8684,1.9426,1.8340,1.9362,1.8300,1.9110,1.8706,1.8150,1.8464,1.9422,2.0930,2.1034,2.1102,2.1026,2.0561,2.0447,2.1156,2.0267,2.0697,2.0807,2.0932,2.0440,2.0099,2.0690,2.0928,2.1177,2.1036,2.0985,2.1010,2.0939,2.0719,2.0843,2.1037,1.6853,1.7267,1.7002,1.6901,1.7279,1.6646,1.6215,1.7294,1.6682,1.6209,1.6266,1.6390,1.7086,1.6188,1.6011,1.6488,1.6181,1.6184,1.6667,1.6024,1.6905,1.6643,1.6380,0,1.0000,2.0308,4.6896,1.9317
9,0.0180,-0.3825,-1.7413,1.0295,2.0308,4.6896,1.7747,0.1110,0.1897,0.0000,1.0277,1.0000,-0.0001,0.0007,0.0008,-0.0112,-0.0009,-0.0001,-0.0014,0.0010,0.0014,0.0104,-0.0006,0.0003,0.0003,-0.0004,0.0001,-0.0031,0.0002,-0.0008,0.0014,0.0007,0.0000,0.0002,0.0000,-0.0003,0.0001,0.0003,-0.0003,0.0000,0.0002,0.0000,-0.0145,0.0043,-0.0240,-0.0100,0.1136,0.0175,-0.4659,-0.0503,0.0121,-0.1447,-0.0419,-0.0226,0.5274,-0.1281,0.0014,0.1017,-0.1999,-0.1108,-0.1145,0.0652,-0.1345,0.0454,0.0709,0.0028,0.0187,0.0016,0.0571,0.0445,0.0096,-0.1553,0.0020,0.0182,0.0002,-1.0000,-1.0000,-1.0000,-1.0000,-1.0000,-1.0000,-1.0000,-1.0000,-1.0000,-1.0000,-1.0000,-1.0000,-1.0000,-1.0000,-1.0000,-1.0000,-1.0000,-1.0000,-1.0000,-1.0000,-1.0000,-1.0000,-1.0000,-1.0000,-1.0000,-1.0000,-1.0000,-1.0000,-1.0000,-1.0000,-1.0000,-1.0000,-1.0000,-1.0000,-1.0000,-1.0000,-1.0000,-1.0000,-1.0000,-1.0000,-1.0000,-1.0000,-1.0000,-1.0000,-1.0000,-1.0000,-1.0000,-1.0000,-1.0000,-1.0000,-1.0000,-1.0000,-1.0000,-1.0000,-1.0000,-1.0000,-1.0000,-1.0000,-1.0000,-1.0000,-1.0000,-1.0000,-1.0000,-1.0000,-1.0000,-1.0000,-1.0000,-1.0000,-1.0000,-1.0000,-1.0000,-1.0000,-1.0000,-1.0000,-1.0000,-1.0000,-1.0000,-1.0000,-1.0000,-1.0000,-1.0000,-1.0000,-1.0000,-1.0000,-1.0000,-1.0000,-1.0000,-1.0000,-1.0000,-1.0000,-1.0000,-1.0000,-1.0000,-1.0000,-1.0000,-1.0000,-1.0000,-1.0000,-1.0000,-1.0000,-1.0000,-1.0000,-1.0000,-1.0000,-1.0000,-1.0000,-1.0000,-1.0000,-1.0000,-1.0000,-1.0000,-1.0000,-1.0000,-1.0000,-1.0000,-1.0000,-1.0000,-1.0000,-1.0000,-1.0000,-1.0000,2.0217,2.0247,1.9735,2.0116,1.9898,2.0632,1.8919,1.8684,1.9426,1.8340,1.9362,1.8300,1.9110,1.8706,1.8150,1.8464,1.9422,2.0930,2.1034,2.1102,2.1026,2.0561,2.0447,2.1156,2.0267,2.0697,2.0807,2.0932,2.0440,2.0099,2.0690,2.0928,2.1177,2.1036,2.0985,2.1010,2.0939,2.0719,2.0843,2.1037,1.6853,1.7267,1.7002,1.6901,1.7279,1.6646,1.6215,1.7294,1.6682,1.6209,1.6266,1.6390,1.7086,1.6188,1.6011,1.6488,1.6181,1.6184,1.6667,1.6024,1.6905,1.6643,1.6380,0,1.0000,2.0308,4.6896,1.9317
9,0.0180,-0.3825,-1.7413,1.0295,2.0308,4.6896,1.7747,0.1110,0.1897,0.0000,1.0277,1.0000,-0.0001,0.0007,0.0008,-0.0112,-0.0009,-0.0001,-0.0014,0.0010,0.0014,0.0104,-0.0006,0.0003,0.0003,-0.0004,0.0001,-0.0031,0.0002,-0.0008,0.0014,0.0007,0.0000,0.0002,0.0000,-0.0003,0.0001,0.0003,-0.0003,0.0000,0.0002,0.0000,-0.0145,0.0043,-0.0240,-0.0100,0.1136,0.0175,-0.4659,-0.0503,0.0121,-0.1447,-0.0419,-0.0226,0.5274,-0.1281,0.0014,0.1017,-0.1999,-0.1108,-0.1145,0.0652,-0.1345,0.0454,0.0709,0.0028,0.0187,0.0016,0.0571,0.0445,0.0096,-0.1553,0.0020,0.0182,0.0002,-1.0000,-1.0000,-1.0000,-1.0000,-1.0000,-1.0000,-1.0000,-1.0000,-1.0000,-1.0000,-1.0000,-1.0000,-1.0000,-1.0000,-1.0000,-1.0000,-1.0000,-1.0000,-1.0000,-1.0000,-1.0000,-1.0000,-1.0000,-1.0000,-1.0000,-1.0000,-1.0000,-1.0000,-1.0000,-1.0000,-1.0000,-1.0000,-1.0000,-1.0000,-1.0000,-1.0000,-1.0000,-1.0000,-1.0000,-1.0000,-1.0000,-1.0000,-1.0000,-1.0000,-1.0000,-1.0000,-1.0000,-1.0000,-1.0000,-1.0000,-1.0000,-1.0000,-1.0000,-1.0000,-1.0000,-1.0000,-1.0000,-1.0000,-1.0000,-1.0000,-1.0000,-1.0000,-1.0000,-1.0000,-1.0000,-1.0000,-1.0000,-1.0000,-1.0000,-1.0000,-1.0000,-1.0000,-1.0000,-1.0000,-1.0000,-1.0000,-1.0000,-1.0000,-1.0000,-1.0000,-1.0000,-1.0000,-1.0000,-1.0000,-1.0000,-1.0000,-1.0000,-1.0000,-1.0000,-1.0000,-1.0000,-1.0000,-1.0000,-1.0000,-1.0000,-1.0000,-1.0000,-1.0000,-1.0000,-1.0000,-1.0000,-1.0000,-1.0000,-1.0000,-1.0000,-1.0000,-1.0000,-1.0000,-1.0000,-1.0000,-1.0000,-1.0000,-1.0000,-1.0000,-1.0000,-1.0000,-1.0000,-1.0000,-1.0000,-1.0000,-1.0000,2.0217,2.0247,1.9735,2.0116,1.9898,2.0632,1.8919,1.8684,1.9426,1.8340,1.9362,1.8300,1.9110,1.8706,1.8150,1.8464,1.9422,2.0930,2.1034,2.1102,2.1026,2.0561,2.0447,2.1156,2.0267,2.0697,2.0807,2.0932,2.0440,2.0099,2.0690,2.0928,2.1177,2.1036,2.0985,2.1010,2.0939,2.0719,2.0843,2.1037,1.6853,1.7267,1.7002,1.6901,1.7279,1.6646,1.6215,1.7294,1.6682,1.6209,1.6266,1.6390,1.7086,1.6188,1.6011,1.6488,1.6181,1.6184,1.6667,1.6024,1.6905,1.6643,1.6380,0,1.0000,2.0308,4.6896,1.9317
9,0.0180,-0.3825,-1.7413,1.0295,2.0308,4.6896,1.7747,0.1110,0.1897,0.0000,1.0277,1.0000,-0.0001,0.0007,0.0008,-0.0112,-0.0009,-0.0001,-0.0014,0.0010,0.0014,0.0104,-0.0006,0.0003,0.0003,-0.0004,0.0001,-0.0031,0.0002,-0.0008,0.0014,0.0007,0.0000,0.0002,0.0000,-0.0003,0.0001,0.0003,-0.0003,0.0000,0.0002,0.0000,-0.0145,0.0043,-0.0240,-0.0100,0.1136,0.0175,-0.4659,-0.0503,0.0121,-0.1447,-0.0419,-0.0226,0.5274,-0.1281,0.0014,0.1017,-0.1999,-0.1108,-0.1145,0.0652,-0.1345,0.0454,0.0709,0.0028,0.0187,0.0016,0.0571,0.0445,0.0096,-0.1553,0.0020,0.0182,0.0002,-1.0000,-1.0000,-1.0000,-1.0000,-1.0000,-1.0000,-1.0000,-1.0000,-1.0000,-1.0000,-1.0000,-1.0000,-1.0000,-1.0000,-1.0000,-1.0000,-1.0000,-1.0000,-1.0000,-1.0000,-1.0000,-1.0000,-1.0000,-1.0000,-1.0000,-1.0000,-1.0000,-1.0000,-1.0000,-1.0000,-1.0000,-1.0000,-1.0000,-1.0000,-1.0000,-1.0000,-1.0000,-1.0000,-1.0000,-1.0000,-1.0000,-1.0000,-1.0000,-1.0000,-1.0000,-1.0000,-1.0000,-1.0000,-1.0000,-1.0000,-1.0000,-1.0000,-1.0000,-1.0000,-1.0000,-1.0000,-1.0000,-1.0000,-1.0000,-1.0000,-1.0000,-1.0000,-1.0000,-1.0000,-1.0000,-1.0000,-1.0000,-1.0000,-1.0000,-1.0000,-1.0000,-1.0000,-1.0000,-1.0000,-1.0000,-1.0000,-1.0000,-1.0000,-1.0000,-1.0000,-1.0000,-1.0000,-1.0000,-1.0000,-1.0000,-1.0000,-1.0000,-1.0000,-1.0000,-1.0000,-1.0000,-1.0000,-1.0000,-1.0000,-1.0000,-1.0000,-1.0000,-1.0000,-1.0000,-1.0000,-1.0000,-1.0000,-1.0000,-1.0000,-1.0000,-1.0000,-1.0000,-1.0000,-1.0000,-1.0000,-1.0000,-1.0000,-1.0000,-1.0000,-1.0000,-1.0000,-1.0000,-1.0000,-1.0000,-1.0000,-1.0000,2.0217,2.0247,1.9735,2.0116,1.9898,2.0632,1.8919,1.8684,1.9426,1.8340,1.9362,1.8300,1.9110,1.8706,1.8150,1.8464,1.9422,2.0930,2.1034,2.1102,2.1026,2.0561,2.0447,2.1156,2.0267,2.0697,2.0807,2.0932,2.0440,2.0099,2.0690,2.0928,2.1177,2.1036,2.0985,2.1010,2.0939,2.0719,2.0843,2.1037,1.6853,1.7267,1.7002,1.6901,1.7279,1.6646,1.6215,1.7294,1.6682,1.6209,1.6266,1.6390,1.7086,1.6188,1.6011,1.6488,1.6181,1.6184,1.6667,1.6024,1.6905,1.6643,1.6380,0,1.0000,2.0308,4.6896,1.9317
9,0.0180,-0.3825,-1.7413,1.0295,2.0308,4.6896,1.7747,0.1110,0.1897,0.0000,1.0277,1.0000,-0.0001,0.0007,0.0008,-0.0112,-0.0009,-0.0001,-0.0014,0.0010,0.0014,0.0104,-0.0006,0.0003,0.0003,-0.0004,0.0001,-0.0031,0.0002,-0.0008,0.0014,0.0007,0.0000,0.0002,0.0000,-0.0003,0.0001,0.0003,-0.0003,0.0000,0.0002,0.0000,-0.0145,0.0043,-0.0240,-0.0100,0.1136,0.0175,-0.4659,-0.0503,0.0121,-0.1447,-0.0419,-0.0226,0.5274,-0.1281,0.0014,0.1017,-0.1999,-0.1108,-0.1145,0.0652,-0.1345,0.0454,0.0709,0.0028,0.0187,0.0016,0.0571,0.0445,0.0096,-0.1553,0.0020,0.0182,0.0002,-1.0000,-1.0000,-1.0000,-1.0000,-1.0000,-1.0000,-1.0000,-1.0000,-1.0000,-1.0000,-1.0000,-1.0000,-1.0000,-1.0000,-1.0000,-1.0000,-1.0000,-1.0000,-1.0000,-1.0000,-1.0000,-1.0000,-1.0000,-1.0000,-1.0000,-1.0000,-1.0000,-1.0000,-1.0000,-1.0000,-1.0000,-1.0000,-1.0000,-1.0000,-1.0000,-1.0000,-1.0000,-1.0000,-1.0000,-1.0000,-1.0000,-1.0000,-1.0000,-1.0000,-1.0000,-1.0000,-1.0000,-1.0000,-1.0000,-1.0000,-1.0000,-1.0000,-1.0000,-1.0000,-1.0000,-1.0000,-1.0000,-1.0000,-1.0000,-1.0000,-1.0000,-1.0000,-1.0000,-1.0000,-1.0000,-1.0000,-1.0000,-1.0000,-1.0000,-1.0000,-1.0000,-1.0000,-1.0000,-1.0000,-1.0000,-1.0000,-1.0000,-1.0000,-1.0000,-1.0000,-1.0000,-1.0000,-1.0000,-1.0000,-1.0000,-1.0000,-1.0000,-1.0000,-1.0000,-1.0000,-1.0000,-1.0000,-1.0000,-1.0000,-1.0000,-1.0000,-1.0000,-1.0000,-1.0000,-1.0000,-1.0000,-1.0000,-1.0000,-1.0000,-1.0000,-1.0000,-1.0000,-1.0000,-1.0000,-1.0000,-1.0000,-1.0000,-1.0000,-1.0000,-1.0000,-1.0000,-1.0000,-1.0000,-1.0000,-1.0000,-1.0000,2.0217,2.0247,1.9735,2.0116,1.9898,2.0632,1.8919,1.8684,1.9426,1.8340,1.9362,1.8300,1.9110,1.8706,1.8150,1.8464,1.9422,2.0930,2.1034,2.1102,2.1026,2.0561,2.0447,2.1156,2.0267,2.0697,2.0807,2.0932,2.0440,2.0099,2.0690,2.0928,2.1177,2.1036,2.0985,2.1010,2.0939,2.0719,2.0843,2.1037,1.6853,1.7267,1.7002,1.6901,1.7279,1.6646,1.6215,1.7294,1.6682,1.6209,1.6266,1.6390,1.7086,1.6188,1.6011,1.6488,1.6181,1.6184,1.6667,1.6024,1.6905,1.6643,1.6380,0,1.0000,2.0308,4.6896,1.9317
9,0.0180,-0.3825,-1.7413,1.0295,2.0308,4.6896,1.7747,0.1110,0.1897,0.0000,1.0277,1.0000,-0.0001,0.0007,0.0008,-0.0112,-0.0009,-0.0001,-0.0014,0.0010,0.0014,0.0104,-0.0006,0.0003,0.0003,-0.0004,0.0001,-0.0031,0.0002,-0.0008,0.0014,0.0007,0.0000,0.0002,0.0000,-0.0003,0.0001,0.0003,-0.0003,0.0000,0.0002,0.0000,-0.0145,0.0043,-0.0240,-0.0100,0.1136,0.0175,-0.4659,-0.0503,0.0121,-0.1447,-0.0419,-0.0226,0.5274,-0.1281,0.0014,0.1017,-0.1999,-0.1108,-0.1145,0.0652,-0.1345,0.0454,0.0709,0.0028,0.0187,0.0016,0.0571,0.0445,0.0096,-0.1553,0.0020,0.0182,0.0002,-1.0000,-1.0000,-1.0000,-1.0000,-1.0000,-1.0000,-1.0000,-1.0000,-1.0000,-1.0000,-1.0000,-1.0000,-1.0000,-1.0000,-1.0000,-1.0000,-1.0000,-1.0000,-1.0000,-1.0000,-1.0000,-1.0000,-1.0000,-1.0000,-1.0000,-1.0000,-1.0000,-1.0000,-1.0000,-1.0000,-1.0000,-1.0000,-1.0000,-1.0000,-1.0000,-1.0000,-1.0000,-1.0000,-1.0000,-1.0000,-1.0000,-1.0000,-1.0000,-1.0000,-1.0000,-1.0000,-1.0000,-1.0000,-1.0000,-1.0000,-1.0000,-1.0000,-1.0000,-1.0000,-1.0000,-1.0000,-1.0000,-1.0000,-1.0000,-1.0000,-1.0000,-1.0000,-1.0000,-1.0000,-1.0000,-1.0000,-1.0000,-1.0000,-1.0000,-1.0000,-1.0000,-1.0000,-1.0000,-1.0000,-1.0000,-1.0000,-1.0000,-1.0000,-1.0000,-1.0000,-1.0000,-1.0000,-1.0000,-1.0000,-1.0000,-1.0000,-1.0000,-1.0000,-1.0000,-1.0000,-1.0000,-1.0000,-1.0000,-1.0000,-1.0000,-1.0000,-1.0000,-1.0000,-1.0000,-1.0000,-1.0000,-1.0000,-1.0000,-1.0000,-1.0000,-1.0000,-1.0000,-1.0000,-1.0000,-1.0000,-1.0000,-1.0000,-1.0000,-1.0000,-1.0000,-1.0000,-1.0000,-1.0000,-1.0000,-1.0000,-1.0000,2.0217,2.0247,1.9735,2.0116,1.9898,2.0632,1.8919,1.8684,1.9426,1.8340,1.9362,1.8300,1.9110,1.8706,1.8150,1.8464,1.9422,2.0930,2.1034,2.1102,2.1026,2.0561,2.0447,2.1156,2.0267,2.0697,2.0807,2.0932,2.0440,2.0099,2.0690,2.0928,2.1177,2.1036,2.0985,2.1010,2.0939,2.0719,2.0843,2.1037,1.6853,1.7267,1.7002,1.6901,1.7279,1.6646,1.6215,1.7294,1.6682,1.6209,1.6266,1.6390,1.7086,1.6188,1.6011,1.6488,1.6181,1.6184,1.6667,1.6024,1.6905,1.6643,1.6380,0,1.0000,2.0308,4.6896,1.9317
9,0.0180,-0.3825,-1.7413,1.0295,2.0308,4.6896,1.7747,0.1110,0.1897,0.0000,1.0277,1.0000,-0.0001,0.0007,0.0008,-0.0112,-0.0009,-0.0001,-0.0014,0.0010,0.0014,0.0104,-0.0006,0.0003,0.0003,-0.0004,0.0001,-0.0031,0.0002,-0.0008,0.0014,0.0007,0.0000,0.0002,0.0000,-0.0003,0.0001,0.0003,-0.0003,0.0000,0.0002,0.0000,-0.0145,0.0043,-0.0240,-0.0100,0.1136,0.0175,-0.4659,-0.0503,0.0121,-0.1447,-0.0419,-0.0226,0.5274,-0.1281,0.0014,0.1017,-0.1999,-0.1108,-0.1145,0.0652,-0.1345,0.0454,0.0709,0.0028,0.0187,0.0016,0.0571,0.0445,0.0096,-0.1553,0.0020,0.0182,0.0002,-1.0000,-1.0000,-1.0000,-1.0000,-1.0000,-1.0000,-1.0000,-1.0000,-1.0000,-1.0000,-1.0000,-1.0000,-1.0000,-1.0000,-1.0000,-1.0000,-1.0000,-1.0000,-1.0000,-1.0000,-1.0000,-1.0000,-1.0000,-1.0000,-1.0000,-1.0000,-1.0000,-1.0000,-1.0000,-1.0000,-1.0000,-1.0000,-1.0000,-1.0000,-1.0000,-1.0000,-1.0000,-1.0000,-1.0000,-1.0000,-1.0000,-1.0000,-1.0000,-1.0000,-1.0000,-1.0000,-1.0000,-1.0000,-1.0000,-1.0000,-1.0000,-1.0000,-1.0000,-1.0000,-1.0000,-1.0000,-1.0000,-1.0000,-1.0000,-1.0000,-1.0000,-1.0000,-1.0000,-1.0000,-1.0000,-1.0000,-1.0000,-1.0000,-1.0000,-1.0000,-1.0000,-1.0000,-1.0000,-1.0000,-1.0000,-1.0000,-1.0000,-1.0000,-1.0000,-1.0000,-1.0000,-1.0000,-1.0000,-1.0000,-1.0000,-1.0000,-1.0000,-1.0000,-1.0000,-1.0000,-1.0000,-1.0000,-1.0000,-1.0000,-1.0000,-1.0000,-1.0000,-1.0000,-1.0000,-1.0000,-1.0000,-1.0000,-1.0000,-1.0000,-1.0000,-1.0000,-1.0000,-1.0000,-1.0000,-1.0000,-1.0000,-1.0000,-1.0000,-1.0000,-1.0000,-1.0000,-1.0000,-1.0000,-1.0000,-1.0000,-1.0000,2.0217,2.0247,1.9735,2.0116,1.9898,2.0632,1.8919,1.8684,1.9426,1.8340,1.9362,1.8300,1.9110,1.8706,1.8150,1.8464,1.9422,2.0930,2.1034,2.1102,2.1026,2.0561,2.0447,2.1156,2.0267,2.0697,2.0807,2.0932,2.0440,2.0099,2.0690,2.0928,2.1177,2.1036,2.0985,2.1010,2.0939,2.0719,2.0843,2.1037,1.6853,1.7267,1.7002,1.6901,1.7279,1.6646,1.6215,1.7294,1.6682,1.6209,1.6266,1.6390,1.7086,1.6188,1.6011,1.6488,1.6181,1.6184,1.6667,1.6024,1.6905,1.6643,1.6380,0,1.0000,2.0308,4.6896,1.9317
9,0.0180,-0.3825,-1.7413,1.0295,2.0308,4.6896,1.7747,0.1110,0.1897,0.0000,1.0277,1.0000,-0.0001,0.0007,0.0008,-0.0112,-0.0009,-0.0001,-0.0014,0.0010,0.0014,0.0104,-0.0006,0.0003,0.0003,-0.0004,0.0001,-0.0031,0.0002,-0.0008,0.0014,0.0007,0.0000,0.0002,0.0000,-0.0003,0.0001,0.0003,-0.0003,0.0000,0.0002,0.0000,-0.0145,0.0043,-0.0240,-0.0100,0.1136,0.0175,-0.4659,-0.0503,0.0121,-0.1447,-0.0419,-0.0226,0.5274,-0.1281,0.0014,0.1017,-0.1999,-0.1108,-0.1145,0.0652,-0.1345,0.0454,0.0709,0.0028,0.0187,0.0016,0.0571,0.0445,0.0096,-0.1553,0.0020,0.0182,0.0002,-1.0000,-1.0000,-1.0000,-1.0000,-1.0000,-1.0000,-1.0000,-1.0000,-1.0000,-1.0000,-1.0000,-1.0000,-1.0000,-1.0000,-1.0000,-1.0000,-1.0000,-1.0000,-1.0000,-1.0000,-1.0000,-1.0000,-1.0000,-1.0000,-1.0000,-1.0000,-1.0000,-1.0000,-1.0000,-1.0000,-1.0000,-1.0000,-1.0000,-1.0000,-1.0000,-1.0000,-1.0000,-1.0000,-1.0000,-1.0000,-1.0000,-1.0000,-1.0000,-1.0000,-1.0000,-1.0000,-1.0000,-1.0000,-1.0000,-1.0000,-1.0000,-1.0000,-1.0000,-1.0000,-1.0000,-1.0000,-1.0000,-1.0000,-1.0000,-1.0000,-1.0000,-1.0000,-1.0000,-1.0000,-1.0000,-1.0000,-1.0000,-1.0000,-1.0000,-1.0000,-1.0000,-1.0000,-1.0000,-1.0000,-1.0000,-1.0000,-1.0000,-1.0000,-1.0000,-1.0000,-1.0000,-1.0000,-1.0000,-1.0000,-1.0000,-1.0000,-1.0000,-1.0000,-1.0000,-1.0000,-1.0000,-1.0000,-1.0000,-1.0000,-1.0000,-1.0000,-1.0000,-1.0000,-1.0000,-1.0000,-1.0000,-1.0000,-1.0000,-1.0000,-1.0000,-1.0000,-1.0000,-1.0000,-1.0000,-1.0000,-1.0000,-1.0000,-1.0000,-1.0000,-1.0000,-1.0000,-1.0000,-1.0000,-1.0000,-1.0000,-1.0000,2.0217,2.0247,1.9735,2.0116,1.9898,2.0632,1.8919,1.8684,1.9426,1.8340,1.9362,1.8300,1.9110,1.8706,1.8150,1.8464,1.9422,2.0930,2.1034,2.1102,2.1026,2.0561,2.0447,2.1156,2.0267,2.0697,2.0807,2.0932,2.0440,2.0099,2.0690,2.0928,2.1177,2.1036,2.0985,2.1010,2.0939,2.0719,2.0843,2.1037,1.6853,1.7267,1.7002,1.6901,1.7279,1.6646,1.6215,1.7294,1.6682,1.6209,1.6266,1.6390,1.7086,1.6188,1.6011,1.6488,1.6181,1.6184,1.6667,1.6024,1.6905,1.6643,1.6380,0,1.0000,2.0308,4.6896,1.9317
9,0.0180,-0.3825,-1.7413,1.0295,2.0308,4.6896,1.7747,0.1110,0.1897,0.0000,1.0277,1.0000,-0.0001,0.0007,0.0008,-0.0112,-0.0009,-0.0001,-0.0014,0.0010,0.0014,0.0104,-0.0006,0.0003,0.0003,-0.0004,0.0001,-0.0031,0.0002,-0.0008,0.0014,0.0007,0.0000,0.0002,0.0000,-0.0003,0.0001,0.0003,-0.0003,0.0000,0.0002,0.0000,-0.0145,0.0043,-0.0240,-0.0100,0.1136,0.0175,-0.4659,-0.0503,0.0121,-0.1447,-0.0419,-0.0226,0.5274,-0.1281,0.0014,0.1017,-0.1999,-0.1108,-0.1145,0.0652,-0.1345,0.0454,0.0709,0.0028,0.0187,0.0016,0.0571,0.0445,0.0096,-0.1553,0.0020,0.0182,0.0002,-1.0000,-1.0000,-1.0000,-1.0000,-1.0000,-1.0000,-1.0000,-1.0000,-1.0000,-1.0000,-1.0000,-1.0000,-1.0000,-1.0000,-1.0000,-1.0000,-1.0000,-1.0000,-1.0000,-1.0000,-1.0000,-1.0000,-1.0000,-1.0000,-1.0000,-1.0000,-1.0000,-1.0000,-1.0000,-1.0000,-1.0000,-1.0000,-1.0000,-1.0000,-1.0000,-1.0000,-1.0000,-1.0000,-1.0000,-1.0000,-1.0000,-1.0000,-1.0000,-1.0000,-1.0000,-1.0000,-1.0000,-1.0000,-1.0000,-1.0000,-1.0000,-1.0000,-1.0000,-1.0000,-1.0000,-1.0000,-1.0000,-1.0000,-1.0000,-1.0000,-1.0000,-1.0000,-1.0000,-1.0000,-1.0000,-1.0000,-1.0000,-1.0000,-1.0000,-1.0000,-1.0000,-1.0000,-1.0000,-1.0000,-1.0000,-1.0000,-1.0000,-1.0000,-1.0000,-1.0000,-1.0000,-1.0000,-1.0000,-1.0000,-1.0000,-1.0000,-1.0000,-1.0000,-1.0000,-1.0000,-1.0000,-1.0000,-1.0000,-1.0000,-1.0000,-1.0000,-1.0000,-1.0000,-1.0000,-1.0000,-1.0000,-1.0000,-1.0000,-1.0000,-1.0000,-1.0000,-1.0000,-1.0000,-1.0000,-1.0000,-1.0000,-1.0000,-1.0000,-1.0000,-1.0000,-1.0000,-1.0000,-1.0000,-1.0000,-1.0000,-1.0000,2.0217,2.0247,1.9735,2.0116,1.9898,2.0632,1.8919,1.8684,1.9426,1.8340,1.9362,1.8300,1.9110,1.8706,1.8150,1.8464,1.9422,2.0930,2.1034,2.1102,2.1026,2.0561,2.0447,2.1156,2.0267,2.0697,2.0807,2.0932,2.0440,2.0099,2.0690,2.0928,2.1177,2.1036,2.0985,2.1010,2.0939,2.0719,2.0843,2.1037,1.6853,1.7267,1.7002,1.6901,1.7279,1.6646,1.6215,1.7294,1.6682,1.6209,1.6266,1.6390,1.7086,1.6188,1.6011,1.6488,1.6181,1.6184,1.6667,1.6024,1.6905,1.6643,1.6380,0,1.0000,2.0308,4.6896,1.9317
9,0.0180,-0.3825,-1.7413,1.0295,2.0308,4.6896,1.7747,0.1110,0.1897,0.0000,1.0277,1.0000,-0.0001,0.0007,0.0008,-0.0112,-0.0009,-0.0001,-0.0014,0.0010,0.0014,0.0104,-0.0006,0.0003,0.0003,-0.0004,0.0001,-0.0031,0.0002,-0.0008,0.0014,0.0007,0.0000,0.0002,0.0000,-0.0003,0.0001,0.0003,-0.0003,0.0000,0.0002,0.0000,-0.0145,0.0043,-0.0240,-0.0100,0.1136,0.0175,-0.4659,-0.0503,0.0121,-0.1447,-0.0419,-0.0226,0.5274,-0.1281,0.0014,0.1017,-0.1999,-0.1108,-0.1145,0.0652,-0.1345,0.0454,0.0709,0.0028,0.0187,0.0016,0.0571,0.0445,0.0096,-0.1553,0.0020,0.0182,0.0002,-1.0000,-1.0000,-1.0000,-1.0000,-1.0000,-1.0000,-1.0000,-1.0000,-1.0000,-1.0000,-1.0000,-1.0000,-1.0000,-1.0000,-1.0000,-1.0000,-1.0000,-1.0000,-1.0000,-1.0000,-1.0000,-1.0000,-1.0000,-1.0000,-1.0000,-1.0000,-1.0000,-1.0000,-1.0000,-1.0000,-1.0000,-1.0000,-1.0000,-1.0000,-1.0000,-1.0000,-1.0000,-1.0000,-1.0000,-1.0000,-1.0000,-1.0000,-1.0000,-1.0000,-1.0000,-1.0000,-1.0000,-1.0000,-1.0000,-1.0000,-1.0000,-1.0000,-1.0000,-1.0000,-1.0000,-1.0000,-1.0000,-1.0000,-1.0000,-1.0000,-1.0000,-1.0000,-1.0000,-1.0000,-1.0000,-1.0000,-1.0000,-1.0000,-1.0000,-1.0000,-1.0000,-1.0000,-1.0000,-1.0000,-1.0000,-1.0000,-1.0000,-1.0000,-1.0000,-1.0000,-1.0000,-1.0000,-1.0000,-1.0000,-1.0000,-1.0000,-1.0000,-1.0000,-1.0000,-1.0000,-1.0000,-1.0000,-1.0000,-1.0000,-1.0000,-1.0000,-1.0000,-1.0000,-1.0000,-1.0000,-1.0000,-1.0000,-1.0000,-1.0000,-1.0000,-1.0000,-1.0000,-1.0000,-1.0000,-1.0000,-1.0000,-1.0000,-1.0000,-1.0000,-1.0000,-1.0000,-1.0000,-1.0000,-1.0000,-1.0000,-1.0000,2.0217,2.0247,1.9735,2.0116,1.9898,2.0632,1.8919,1.8684,1.9426,1.8340,1.9362,1.8300,1.9110,1.8706,1.8150,1.8464,1.9422,2.0930,2.1034,2.1102,2.1026,2.0561,2.0447,2.1156,2.0267,2.0697,2.0807,2.0932,2.0440,2.0099,2.0690,2.0928,2.1177,2.1036,2.0985,2.1010,2.0939,2.0719,2.0843,2.1037,1.6853,1.7267,1.7002,1.6901,1.7279,1.6646,1.6215,1.7294,1.6682,1.6209,1.6266,1.6390,1.7086,1.6188,1.6011,1.6488,1.6181,1.6184,1.6667,1.6024,1.6905,1.6643,1.6380,0,1.0000,2.0308,4.6896,1.9317
9,0.0180,-0.3825,-1.7413,1.0295,2.0308,4.6896,1.7747,0.1110,0.1897,0.0000,1.0277,1.0000,-0.0001,0.0007,0.0008,-0.0112,-0.0009,-0.0001,-0.0014,0.0010,0.0014,0.0104,-0.0006,0.0003,0.0003,-0.0004,0.0001,-0.0031,0.0002,-0.0008,0.0014,0.0007,0.0000,0.0002,0.0000,-0.0003,0.0001,0.0003,-0.0003,0.0000,0.0002,0.0000,-0.0145,0.0043,-0.0240,-0.0100,0.1136,0.0175,-0.4659,-0.0503,0.0121,-0.1447,-0.0419,-0.0226,0.5274,-0.1281,0.0014,0.1017,-0.1999,-0.1108,-0.1145,0.0652,-0.1345,0.0454,0.0709,0.0028,0.0187,0.0016,0.0571,0.0445,0.0096,-0.1553,0.0020,0.0182,0.0002,-1.0000,-1.0000,-1.0000,-1.0000,-1.0000,-1.0000,-1.0000,-1.0000,-1.0000,-1.0000,-1.0000,-1.0000,-1.0000,-1.0000,-1.0000,-1.0000,-1.0000,-1.0000,-1.0000,-1.0000,-1.0000,-1.0000,-1.0000,-1.0000,-1.0000,-1.0000,-1.0000,-1.0000,-1.0000,-1.0000,-1.0000,-1.0000,-1.0000,-1.0000,-1.0000,-1.0000,-1.0000,-1.0000,-1.0000,-1.0000,-1.0000,-1.0000,-1.0000,-1.0000,-1.0000,-1.0000,-1.0000,-1.0000,-1.0000,-1.0000,-1.0000,-1.0000,-1.0000,-1.0000,-1.0000,-1.0000,-1.0000,-1.0000,-1.0000,-1.0000,-1.0000,-1.0000,-1.0000,-1.0000,-1.0000,-1.0000,-1.0000,-1.0000,-1.0000,-1.0000,-1.0000,-1.0000,-1.0000,-1.0000,-1.0000,-1.0000,-1.0000,-1.0000,-1.0000,-1.0000,-1.0000,-1.0000,-1.0000,-1.0000,-1.0000,-1.0000,-1.0000,-1.0000,-1.0000,-1.0000,-1.0000,-1.0000,-1.0000,-1.0000,-1.0000,-1.0000,-1.0000,-1.0000,-1.0000,-1.0000,-1.0000,-1.0000,-1.0000,-1.0000,-1.0000,-1.0000,-1.0000,-1.0000,-1.0000,-1.0000,-1.0000,-1.0000,-1.0000,-1.0000,-1.0000,-1.0000,-1.0000,-1.0000,-1.0000,-1.0000,-1.0000,2.0217,2.0247,1.9735,2.0116,1.9898,2.0632,1.8919,1.8684,1.9426,1.8340,1.9362,1.8300,1.9110,1.8706,1.8150,1.8464,1.9422,2.0930,2.1034,2.1102,2.1026,2.0561,2.0447,2.1156,2.0267,2.0697,2.0807,2.0932,2.0440,2.0099,2.0690,2.0928,2.1177,2.1036,2.0985,2.1010,2.0939,2.0719,2.0843,2.1037,1.6853,1.7267,1.7002,1.6901,1.7279,1.6646,1.6215,1.7294,1.6682,1.6209,1.6266,1.6390,1.7086,1.6188,1.6011,1.6488,1.6181,1.6184,1.6667,1.6024,1.6905,1.6643,1.6380,0,1.0000,2.0308,4.6896,1.9317
10,0.0200,-0.3784,-1.7319,1.0330,2.0308,4.6896,1.7551,0.1110,0.1897,0.0000,1.0276,1.0000,-0.0001,0.0008,0.0008,-0.0120,-0.0010,-0.0001,-0.0017,0.0009,0.0012,0.0115,-0.0009,0.0003,0.0006,-0.0009,-0.0001,-0.0033,0.0004,-0.0011,0.0015,0.0009,0.0000,0.0002,0.0000,-0.0002,0.0003,0.0003,-0.0007,0.0000,0.0002,0.0000,-0.0142,0.0062,-0.0239,-0.0058,0.1193,-0.0100,-0.3936,-0.0578,0.0075,-0.1431,-0.0282,-0.1081,0.5392,-0.1512,-0.0097,0.1260,-0.2132,-0.1239,-0.1225,0.0828,-0.1717,0.0398,0.0790,0.0033,0.0210,0.0023,0.0680,0.0762,-0.0080,-0.1869,0.0022,0.0208,0.0004,-1.0000,-1.0000,-1.0000,-1.0000,-1.0000,-1.0000,-1.0000,-1.0000,-1.0000,-1.0000,-1.0000,-1.0000,-1.0000,-1.0000,-1.0000,-1.0000,-1.0000,-1.0000,-1.0000,-1.0000,-1.0000,-1.0000,-1.0000,-1.0000,-1.0000,-1.0000,-1.0000,-1.0000,-1.0000,-1.0000,-1.0000,-1.0000,-1.0000,-1.0000,-1.0000,-1.0000,-1.0000,-1.0000,-1.0000,-1.0000,-1.0000,-1.0000,-1.0000,-1.0000,-1.0000,-1.0000,-1.0000,-1.0000,-1.0000,-1.0000,-1.0000,-1.0000,-1.0000,-1.0000,-1.0000,-1.0000,-1.0000,-1.0000,-1.0000,-1.0000,-1.0000,-1.0000,-1.0000,-1.0000,-1.0000,-1.0000,-1.0000,-1.0000,-1.0000,-1.0000,-1.0000,-1.0000,-1.0000,-1.0000,-1.0000,-1.0000,-1.0000,-1.0000,-1.0000,-1.0000,-1.0000,-1.0000,-1.0000,-1.0000,-1.0000,-1.0000,-1.0000,-1.0000,-1.0000,-1.0000,-1.0000,-1.0000,-1.0000,-1.0000,-1.0000,-1.0000,-1.0000,-1.0000,-1.0000,-1.0000,-1.0000,-1.0000,-1.0000,-1.0000,-1.0000,-1.0000,-1.0000,-1.0000,-1.0000,-1.0000,-1.0000,-1.0000,-1.0000,-1.0000,-1.0000,-1.0000,-1.0000,-1.0000,-1.0000,-1.0000,-1.0000,2.0110,2.0140,1.9628,2.0009,1.9790,2.0524,1.8816,1.8579,1.9319,1.8234,1.9257,1.8192,1.9004,1.8599,1.8046,1.8357,1.9316,2.0824,2.0928,2.0995,2.0919,2.0455,2.0342,2.1050,2.0161,2.0592,2.0702,2.0827,2.0336,1.9993,2.0586,2.0824,2.1072,2.0932,2.0882,2.0905,2.0835,2.0615,2.0739,2.0933,1.6746,1.7159,1.6895,1.6793,1.7171,1.6540,1.6108,1.7187,1.6576,1.6103,1.6160,1.6284,1.6980,1.6083,1.5907,1.6384,1.6076,1.6081,1.6562,1.5919,1.6800,1.6539,1.6277,0,1.0000,2.0308,4.6896,1.9317
10,0.0200,-0.3784,-1.7319,1.0330,2.0308,4.6896,1.7551,0.1110,0.1897,0.0000,1.0276,1.0000,-0.0001,0.0008,0.0008,-0.0120,-0.0010,-0.0001,-0.0017,0.0009,0.0012,0.0115,-0.0009,0.0003,0.0006,-0.0009,-0.0001,-0.0033,0.0004,-0.0011,0.0015,0.0009,0.0000,0.0002,0.0000,-0.0002,0.0003,0.0003,-0.0007,0.0000,0.0002,0.0000,-0.0142,0.0062,-0.0239,-0.0058,0.1193,-0.0100,-0.3936,-0.0578,0.0075,-0.1431,-0.0282,-0.1081,0.5392,-0.1512,-0.0097,0.1260,-0.2132,-0.1239,-0.1225,0.0828,-0.1717,0.0398,0.0790,0.0033,0.0210,0.0023,0.0680,0.0762,-0.0080,-0.1869,0.0022,0.0208,0.0004,-1.0000,-1.0000,-1.0000,-1.0000,-1.0000,-1.0000,-1.0000,-1.0000,-1.0000,-1.0000,-1.0000,-1.0000,-1.0000,-1.0000,-1.0000,-1.0000,-1.0000,-1.0000,-1.0000,-1.0000,-1.0000,-1.0000,-1.0000,-1.0000,-1.0000,-1.0000,-1.0000,-1.0000,-1.0000,-1.0000,-1.0000,-1.0000,-1.0000,-1.0000,-1.0000,-1.0000,-1.0000,-1.0000,-1.0000,-1.0000,-1.0000,-1.0000,-1.0000,-1.0000,-1.0000,-1.0000,-1.0000,-1.0000,-1.0000,-1.0000,-1.0000,-1.0000,-1.0000,-1.0000,-1.0000,-1.0000,-1.0000,-1.0000,-1.0000,-1.0000,-1.0000,-1.0000,-1.0000,-1.0000,-1.0000,-1.0000,-1.0000,-1.0000,-1.0000,-1.0000,-1.0000,-1.0000,-1.0000,-1.0000,-1.0000,-1.0000,-1.0000,-1.0000,-1.0000,-1.0000,-1.0000,-1.0000,-1.0000,-1.0000,-1.0000,-1.0000,-1.0000,-1.0000,-1.0000,-1.0000,-1.0000,-1.0000,-1.0000,-1.0000,-1.0000,-1.0000,-1.0000,-1.0000,-1.0000,-1.0000,-1.0000,-1.0000,-1.0000,-1.0000,-1.0000,-1.0000,-1.0000,-1.0000,-1.0000,-1.0000,-1.0000,-1.0000,-1.0000,-1.0000,-1.0000,-1.0000,-1.0000,-1.0000,-1.0000,-1.0000,-1.0000,2.0110,2.0140,1.9628,2.0009,1.9790,2.0524,1.8816,1.8579,1.9319,1.8234,1.9257,1.8192,1.9004,1.8599,1.8046,1.8357,1.9316,2.0824,2.0928,2.0995,2.0919,2.0455,2.0342,2.1050,2.0161,2.0592,2.0702,2.0827,2.0336,1.9993,2.0586,2.0824,2.1072,2.0932,2.0882,2.0905,2.0835,2.0615,2.0739,2.0933,1.6746,1.7159,1.6895,1.6793,1.7171,1.6540,1.6108,1.7187,1.6576,1.6103,1.6160,1.6284,1.6980,1.6083,1.5907,1.6384,1.6076,1.6081,1.6562,1.5919,1.6800,1.6539,1.6277,0,1.0000,2.0308,4.6896,1.9317
10,0.0200,-0.3784,-1.7319,1.0330,2.0308,4.6896,1.7551,0.1110,0.1897,0.0000,1.0276,1.0000,-0.0001,0.0008,0.0008,-0.0120,-0.0010,-0.0001,-0.0017,0.0009,0.0012,0.0115,-0.0009,0.0003,0.0006,-0.0009,-0.0001,-0.0033,0.0004,-0.0011,0.0015,0.0009,0.0000,0.0002,0.0000,-0.0002,0.0003,0.0003,-0.0007,0.0000,0.0002,0.0000,-0.0142,0.0062,-0.0239,-0.0058,0.1193,-0.0100,-0.3936,-0.0578,0.0075,-0.1431,-0.0282,-0.1081,0.5392,-0.1512,-0.0097,0.1260,-0.2132,-0.1239,-0.1225,0.0828,-0.1717,0.0398,0.0790,0.0033,0.0210,0.0023,0.0680,0.0762,-0.0080,-0.1869,0.0022,0.0208,0.0004,-1.0000,-1.0000,-1.0000,-1.0000,-1.0000,-1.0000,-1.0000,-1.0000,-1.0000,-1.0000,-1.0000,-1.0000,-1.0000,-1.0000,-1.0000,-1.0000,-1.0000,-1.0000,-1.0000,-1.0000,-1.0000,-1.0000,-1.0000,-1.0000,-1.0000,-1.0000,-1.0000,-1.0000,-1.0000,-1.0000,-1.0000,-1.0000,-1.0000,-1.0000,-1.0000,-1.0000,-1.0000,-1.0000,-1.0000,-1.0000,-1.0000,-1.0000,-1.0000,-1.0000,-1.0000,-1.0000,-1.0000,-1.0000,-1.0000,-1.0000,-1.0000,-1.0000,-1.0000,-1.0000,-1.0000,-1.0000,-1.0000,-1.0000,-1.0000,-1.0000,-1.0000,-1.0000,-1.0000,-1.0000,-1.0000,-1.0000,-1.0000,-1.0000,-1.0000,-1.0000,-1.0000,-1.0000,-1.0000,-1.0000,-1.0000,-1.0000,-1.0000,-1.0000,-1.0000,-1.0000,-1.0000,-1.0000,-1.0000,-1.0000,-1.0000,-1.0000,-1.0000,-1.0000,-1.0000,-1.0000,-1.0000,-1.0000,-1.0000,-1.0000,-1.0000,-1.0000,-1.0000,-1.0000,-1.0000,-1.0000,-1.0000,-1.0000,-1.0000,-1.0000,-1.0000,-1.0000,-1.0000,-1.0000,-1.0000,-1.0000,-1.0000,-1.0000,-1.0000,-1.0000,-1.0000,-1.0000,-1.0000,-1.0000,-1.0000,-1.0000,-1.0000,2.0110,2.0140,1.9628,2.0009,1.9790,2.0524,1.8816,1.8579,1.9319,1.8234,1.9257,1.8192,1.9004,1.8599,1.8046,1.8357,1.9316,2.0824,2.0928,2.0995,2.0919,2.0455,2.0342,2.1050,2.0161,2.0592,2.0702,2.0827,2.0336,1.9993,2.0586,2.0824,2.1072,2.0932,2.0882,2.0905,2.0835,2.0615,2.0739,2.0933,1.6746,1.7159,1.6895,1.6793,1.7171,1.6540,1.6108,1.7187,1.6576,1.6103,1.6160,1.6284,1.6980,1.6083,1.5907,1.6384,1.6076,1.6081,1.6562,1.5919,1.6800,1.6539,1.6277,0,1.0000,2.0308,4.6896,1.9317
10,0.0200,-0.3784,-1.7319,1.0330,2.0308,4.6896,1.7551,0.1110,0.1897,0.0000,1.0276,1.0000,-0.0001,0.0008,0.0008,-0.0120,-0.0010,-0.0001,-0.0017,0.0009,0.0012,0.0115,-0.0009,0.0003,0.0006,-0.0009,-0.0001,-0.0033,0.0004,-0.0011,0.0015,0.0009,0.0000,0.0002,0.0000,-0.0002,0.0003,0.0003,-0.0007,0.0000,0.0002,0.0000,-0.0142,0.0062,-0.0239,-0.0058,0.1193,-0.0100,-0.3936,-0.0578,0.0075,-0.1431,-0.0282,-0.1081,0.5392,-0.1512,-0.0097,0.1260,-0.2132,-0.1239,-0.1225,0.0828,-0.1717,0.0398,0.0790,0.0033,0.0210,0.0023,0.0680,0.0762,-0.0080,-0.1869,0.0022,0.0208,0.0004,-1.0000,-1.0000,-1.0000,-1.0000,-1.0000,-1.0000,-1.0000,-1.0000,-1.0000,-1.0000,-1.0000,-1.0000,-1.0000,-1.0000,-1.0000,-1.0000,-1.0000,-1.0000,-1.0000,-1.0000,-1.0000,-1.0000,-1.0000,-1.0000,-1.0000,-1.0000,-1.0000,-1.0000,-1.0000,-1.0000,-1.0000,-1.0000,-1.0000,-1.0000,-1.0000,-1.0000,-1.0000,-1.0000,-1.0000,-1.0000,-1.0000,-1.0000,-1.0000,-1.0000,-1.0000,-1.0000,-1.0000,-1.0000,-1.0000,-1.0000,-1.0000,-1.0000,-1.0000,-1.0000,-1.0000,-1.0000,-1.0000,-1.0000,-1.0000,-1.0000,-1.0000,-1.0000,-1.0000,-1.0000,-1.0000,-1.0000,-1.0000,-1.0000,-1.0000,-1.0000,-1.0000,-1.0000,-1.0000,-1.0000,-1.0000,-1.0000,-1.0000,-1.0000,-1.0000,-1.0000,-1.0000,-1.0000,-1.0000,-1.0000,-1.0000,-1.0000,-1.0000,-1.0000,-1.0000,-1.0000,-1.0000,-1.0000,-1.0000,-1.0000,-1.0000,-1.0000,-1.0000,-1.0000,-1.0000,-1.0000,-1.0000,-1.0000,-1.0000,-1.0000,-1.0000,-1.0000,-1.0000,-1.0000,-1.0000,-1.0000,-1.0000,-1.0000,-1.0000,-1.0000,-1.0000,-1.0000,-1.0000,-1.0000,-1.0000,-1.0000,-1.0000,2.0110,2.0140,1.9628,2.0009,1.9790,2.0524,1.8816,1.8579,1.9319,1.8234,1.9257,1.8192,1.9004,1.8599,1.8046,1.8357,1.9316,2.0824,2.0928,2.0995,2.0919,2.0455,2.0342,2.1050,2.0161,2.0592,2.0702,2.0827,2.0336,1.9993,2.0586,2.0824,2.1072,2.0932,2.0882,2.0905,2.0835,2.0615,2.0739,2.0933,1.6746,1.7159,1.6895,1.6793,1.7171,1.6540,1.6108,1.7187,1.6576,1.6103,1.6160,1.6284,1.6980,1.6083,1.5907,1.6384,1.6076,1.6081,1.6562,1.5919,1.6800,1.6539,1.6277,0,1.0000,2.0308,4.6896,1.9317
10,0.0200,-0.3784,-1.7319,1.0330,2.0308,4.6896,1.7551,0.1110,0.1897,0.0000,1.0276,1.0000,-0.0001,0.0008,0.0008,-0.0120,-0.0010,-0.0001,-0.0017,0.0009,0.0012,0.0115,-0.0009,0.0003,0.0006,-0.0009,-0.0001,-0.0033,0.0004,-0.0011,0.0015,0.0009,0.0000,0.0002,0.0000,-0.0002,0.0003,0.0003,-0.0007,0.0000,0.0002,0.0000,-0.0142,0.0062,-0.0239,-0.0058,0.1193,-0.0100,-0.3936,-0.0578,0.0075,-0.1431,-0.0282,-0.1081,0.5392,-0.1512,-0.0097,0.1260,-0.2132,-0.1239,-0.1225,0.0828,-0.1717,0.0398,0.0790,0.0033,0.0210,0.0023,0.0680,0.0762,-0.0080,-0.1869,0.0022,0.0208,0.0004,-1.0000,-1.0000,-1.0000,-1.0000,-1.0000,-1.0000,-1.0000,-1.0000,-1.0000,-1.0000,-1.0000,-1.0000,-1.0000,-1.0000,-1.0000,-1.0000,-1.0000,-1.0000,-1.0000,-1.0000,-1.0000,-1.0000,-1.0000,-1.0000,-1.0000,-1.0000,-1.0000,-1.0000,-1.0000,-1.0000,-1.0000,-1.0000,-1.0000,-1.0000,-1.0000,-1.0000,-1.0000,-1.0000,-1.0000,-1.0000,-1.0000,-1.0000,-1.0000,-1.0000,-1.0000,-1.0000,-1.0000,-1.0000,-1.0000,-1.0000,-1.0000,-1.0000,-1.0000,-1.0000,-1.0000,-1.0000,-1.0000,-1.0000,-1.0000,-1.0000,-1.0000,-1.0000,-1.0000,-1.0000,-1.0000,-1.0000,-1.0000,-1.0000,-1.0000,-1.0000,-1.0000,-1.0000,-1.0000,-1.0000,-1.0000,-1.0000,-1.0000,-1.0000,-1.0000,-1.0000,-1.0000,-1.0000,-1.0000,-1.0000,-1.0000,-1.0000,-1.0000,-1.0000,-1.0000,-1.0000,-1.0000,-1.0000,-1.0000,-1.0000,-1.0000,-1.0000,-1.0000,-1.0000,-1.0000,-1.0000,-1.0000,-1.0000,-1.0000,-1.0000,-1.0000,-1.0000,-1.0000,-1.0000,-1.0000,-1.0000,-1.0000,-1.0000,-1.0000,-1.0000,-1.0000,-1.0000,-1.0000,-1.0000,-1.0000,-1.0000,-1.0000,2.0110,2.0140,1.9628,2.0009,1.9790,2.0524,1.8816,1.8579,1.9319,1.8234,1.9257,1.8192,1.9004,1.8599,1.8046,1.8357,1.9316,2.0824,2.0928,2.0995,2.0919,2.0455,2.0342,2.1050,2.0161,2.0592,2.0702,2.0827,2.0336,1.9993,2.0586,2.0824,2.1072,2.0932,2.0882,2.0905,2.0835,2.0615,2.0739,2.0933,1.6746,1.7159,1.6895,1.6793,1.7171,1.6540,1.6108,1.7187,1.6576,1.6103,1.6160,1.6284,1.6980,1.6083,1.5907,1.6384,1.6076,1.6081,1.6562,1.5919,1.6800,1.6539,1.6277,0,1.0000,2.0308,4.6896,1.9317
10,0.0200,-0.3784,-1.7319,1.0330,2.0308,4.6896,1.7551,0.1110,0.1897,0.0000,1.0276,1.0000,-0.0001,0.0008,0.0008,-0.0120,-0.0010,-0.0001,-0.0017,0.0009,0.0012,0.0115,-0.0009,0.0003,0.0006,-0.0009,-0.0001,-0.0033,0.0004,-0.0011,0.0015,0.0009,0.0000,0.0002,0.0000,-0.0002,0.0003,0.0003,-0.0007,0.0000,0.0002,0.0000,-0.0142,0.0062,-0.0239,-0.0058,0.1193,-0.0100,-0.3936,-0.0578,0.0075,-0.1431,-0.0282,-0.1081,0.5392,-0.1512,-0.0097,0.1260,-0.2132,-0.1239,-0.1225,0.0828,-0.1717,0.0398,0.0790,0.0033,0.0210,0.0023,0.0680,0.0762,-0.0080,-0.1869,0.0022,0.0208,0.0004,-1.0000,-1.0000,-1.0000,-1.0000,-1.0000,-1.0000,-1.0000,-1.0000,-1.0000,-1.0000,-1.0000,-1.0000,-1.0000,-1.0000,-1.0000,-1.0000,-1.0000,-1.0000,-1.0000,-1.0000,-1.0000,-1.0000,-1.0000,-1.0000,-1.0000,-1.0000,-1.0000,-1.0000,-1.0000,-1.0000,-1.0000,-1.0000,-1.0000,-1.0000,-1.0000,-1.0000,-1.0000,-1.0000,-1.0000,-1.0000,-1.0000,-1.0000,-1.0000,-1.0000,-1.0000,-1.0000,-1.0000,-1.0000,-1.0000,-1.0000,-1.0000,-1.0000,-1.0000,-1.0000,-1.0000,-1.0000,-1.0000,-1.0000,-1.0000,-1.0000,-1.0000,-1.0000,-1.0000,-1.0000,-1.0000,-1.0000,-1.0000,-1.0000,-1.0000,-1.0000,-1.0000,-1.0000,-1.0000,-1.0000,-1.0000,-1.0000,-1.0000,-1.0000,-1.0000,-1.0000,-1.0000,-1.0000,-1.0000,-1.0000,-1.0000,-1.0000,-1.0000,-1.0000,-1.0000,-1.0000,-1.0000,-1.0000,-1.0000,-1.0000,-1.0000,-1.0000,-1.0000,-1.0000,-1.0000,-1.0000,-1.0000,-1.0000,-1.0000,-1.0000,-1.0000,-1.0000,-1.0000,-1.0000,-1.0000,-1.0000,-1.0000,-1.0000,-1.0000,-1.0000,-1.0000,-1.0000,-1.0000,-1.0000,-1.0000,-1.0000,-1.0000,2.0110,2.0140,1.9628,2.0009,1.9790,2.0524,1.8816,1.8579,1.9319,1.8234,1.9257,1.8192,1.9004,1.8599,1.8046,1.8357,1.9316,2.0824,2.0928,2.0995,2.0919,2.0455,2.0342,2.1050,2.0161,2.0592,2.0702,2.0827,2.0336,1.9993,2.0586,2.0824,2.1072,2.0932,2.0882,2.0905,2.0835,2.0615,2.0739,2.0933,1.6746,1.7159,1.6895,1.6793,1.7171,1.6540,1.6108,1.7187,1.6576,1.6103,1.6160,1.6284,1.6980,1.6083,1.5907,1.6384,1.6076,1.6081,1.6562,1.5919,1.6800,1.6539,1.6277,0,1.0000,2.0308,4.6896,1.9317
10,0.0200,-0.3784,-1.7319,1.0330,2.0308,4.6896,1.7551,0.1110,0.1897,0.0000,1.0276,1.0000,-0.0001,0.0008,0.0008,-0.0120,-0.0010,-0.0001,-0.0017,0.0009,0.0012,0.0115,-0.0009,0.0003,0.0006,-0.0009,-0.0001,-0.0033,0.0004,-0.0011,0.0015,0.0009,0.0000,0.0002,0.0000,-0.0002,0.0003,0.0003,-0.0007,0.0000,0.0002,0.0000,-0.0142,0.0062,-0.0239,-0.0058,0.1193,-0.0100,-0.3936,-0.0578,0.0075,-0.1431,-0.0282,-0.1081,0.5392,-0.1512,-0.0097,0.1260,-0.2132,-0.1239,-0.1225,0.0828,-0.1717,0.0398,0.0790,0.0033,0.0210,0.0023,0.0680,0.0762,-0.0080,-0.1869,0.0022,0.0208,0.0004,-1.0000,-1.0000,-1.0000,-1.0000,-1.0000,-1.0000,-1.0000,-1.0000,-1.0000,-1.0000,-1.0000,-1.0000,-1.0000,-1.0000,-1.0000,-1.0000,-1.0000,-1.0000,-1.0000,-1.0000,-1.0000,-1.0000,-1.0000,-1.0000,-1.0000,-1.0000,-1.0000,-1.0000,-1.0000,-1.0000,-1.0000,-1.0000,-1.0000,-1.0000,-1.0000,-1.0000,-1.0000,-1.0000,-1.0000,-1.0000,-1.0000,-1.0000,-1.0000,-1.0000,-1.0000,-1.0000,-1.0000,-1.0000,-1.0000,-1.0000,-1.0000,-1.0000,-1.0000,-1.0000,-1.0000,-1.0000,-1.0000,-1.0000,-1.0000,-1.0000,-1.0000,-1.0000,-1.0000,-1.0000,-1.0000,-1.0000,-1.0000,-1.0000,-1.0000,-1.0000,-1.0000,-1.0000,-1.0000,-1.0000,-1.0000,-1.0000,-1.0000,-1.0000,-1.0000,-1.0000,-1.0000,-1.0000,-1.0000,-1.0000,-1.0000,-1.0000,-1.0000,-1.0000,-1.0000,-1.0000,-1.0000,-1.0000,-1.0000,-1.0000,-1.0000,-1.0000,-1.0000,-1.0000,-1.0000,-1.0000,-1.0000,-1.0000,-1.0000,-1.0000,-1.0000,-1.0000,-1.0000,-1.0000,-1.0000,-1.0000,-1.0000,-1.0000,-1.0000,-1.0000,-1.0000,-1.0000,-1.0000,-1.0000,-1.0000,-1.0000,-1.0000,2.0110,2.0140,1.9628,2.0009,1.9790,2.0524,1.8816,1.8579,1.9319,1.8234,1.9257,1.8192,1.9004,1.8599,1.8046,1.8357,1.9316,2.0824,2.0928,2.0995,2.0919,2.0455,2.0342,2.1050,2.0161,2.0592,2.0702,2.0827,2.0336,1.9993,2.0586,2.0824,2.1072,2.0932,2.0882,2.0905,2.0835,2.0615,2.0739,2.0933,1.6746,1.7159,1.6895,1.6793,1.7171,1.6540,1.6108,1.7187,1.6576,1.6103,1.6160,1.6284,1.6980,1.6083,1.5907,1.6384,1.6076,1.6081,1.6562,1.5919,1.6800,1.6539,1.6277,0,1.0000,2.0308,4.6896,1.9317
10,0.0200,-0.3784,-1.7319,1.0330,2.0308,4.6896,1.7551,0.1110,0.1897,0.0000,1.0276,1.0000,-0.0001,0.0008,0.0008,-0.0120,-0.0010,-0.0001,-0.0017,0.0009,0.0012,0.0115,-0.0009,0.0003,0.0006,-0.0009,-0.0001,-0.0033,0.0004,-0.0011,0.0015,0.0009,0.0000,0.0002,0.0000,-0.0002,0.0003,0.0003,-0.0007,0.0000,0.0002,0.0000,-0.0142,0.0062,-0.0239,-0.0058,0.1193,-0.0100,-0.3936,-0.0578,0.0075,-0.1431,-0.0282,-0.1081,0.5392,-0.1512,-0.0097,0.1260,-0.2132,-0.1239,-0.1225,0.0828,-0.1717,0.0398,0.0790,0.0033,0.0210,0.0023,0.0680,0.0762,-0.0080,-0.1869,0.0022,0.0208,0.0004,-1.0000,-1.0000,-1.0000,-1.0000,-1.0000,-1.0000,-1.0000,-1.0000,-1.0000,-1.0000,-1.0000,-1.0000,-1.0000,-1.0000,-1.0000,-1.0000,-1.0000,-1.0000,-1.0000,-1.0000,-1.0000,-1.0000,-1.0000,-1.0000,-1.0000,-1.0000,-1.0000,-1.0000,-1.0000,-1.0000,-1.0000,-1.0000,-1.0000,-1.0000,-1.0000,-1.0000,-1.0000,-1.0000,-1.0000,-1.0000,-1.0000,-1.0000,-1.0000,-1.0000,-1.0000,-1.0000,-1.0000,-1.0000,-1.0000,-1.0000,-1.0000,-1.0000,-1.0000,-1.0000,-1.0000,-1.0000,-1.0000,-1.0000,-1.0000,-1.0000,-1.0000,-1.0000,-1.0000,-1.0000,-1.0000,-1.0000,-1.0000,-1.0000,-1.0000,-1.0000,-1.0000,-1.0000,-1.0000,-1.0000,-1.0000,-1.0000,-1.0000,-1.0000,-1.0000,-1.0000,-1.0000,-1.0000,-1.0000,-1.0000,-1.0000,-1.0000,-1.0000,-1.0000,-1.0000,-1.0000,-1.0000,-1.0000,-1.0000,-1.0000,-1.0000,-1.0000,-1.0000,-1.0000,-1.0000,-1.0000,-1.0000,-1.0000,-1.0000,-1.0000,-1.0000,-1.0000,-1.0000,-1.0000,-1.0000,-1.0000,-1.0000,-1.0000,-1.0000,-1.0000,-1.0000,-1.0000,-1.0000,-1.0000,-1.0000,-1.0000,-1.0000,2.0110,2.0140,1.9628,2.0009,1.9790,2.0524,1.8816,1.8579,1.9319,1.8234,1.9257,1.8192,1.9004,1.8599,1.8046,1.8357,1.9316,2.0824,2.0928,2.0995,2.0919,2.0455,2.0342,2.1050,2.0161,2.0592,2.0702,2.0827,2.0336,1.9993,2.0586,2.0824,2.1072,2.0932,2.0882,2.0905,2.0835,2.0615,2.0739,2.0933,1.6746,1.7159,1.6895,1.6793,1.7171,1.6540,1.6108,1.7187,1.6576,1.6103,1.6160,1.6284,1.6980,1.6083,1.5907,1.6384,1.6076,1.6081,1.6562,1.5919,1.6800,1.6539,1.6277,0,1.0000,2.0308,4.6896,1.9317
10,0.0200,-0.3784,-1.7319,1.0330,2.0308,4.6896,1.7551,0.1110,0.1897,0.0000,1.0276,1.0000,-0.0001,0.0008,0.0008,-0.0120,-0.0010,-0.0001,-0.0017,0.0009,0.0012,0.0115,-0.0009,0.0003,0.0006,-0.0009,-0.0001,-0.0033,0.0004,-0.0011,0.0015,0.0009,0.0000,0.0002,0.0000,-0.0002,0.0003,0.0003,-0.0007,0.0000,0.0002,0.0000,-0.0142,0.0062,-0.0239,-0.0058,0.1193,-0.0100,-0.3936,-0.0578,0.0075,-0.1431,-0.0282,-0.1081,0.5392,-0.1512,-0.0097,0.1260,-0.2132,-0.1239,-0.1225,0.0828,-0.1717,0.0398,0.0790,0.0033,0.0210,0.0023,0.0680,0.0762,-0.0080,-0.1869,0.0022,0.0208,0.0004,-1.0000,-1.0000,-1.0000,-1.0000,-1.0000,-1.0000,-1.0000,-1.0000,-1.0000,-1.0000,-1.0000,-1.0000,-1.0000,-1.0000,-1.0000,-1.0000,-1.0000,-1.0000,-1.0000,-1.0000,-1.0000,-1.0000,-1.0000,-1.0000,-1.0000,-1.0000,-1.0000,-1.0000,-1.0000,-1.0000,-1.0000,-1.0000,-1.0000,-1.0000,-1.0000,-1.0000,-1.0000,-1.0000,-1.0000,-1.0000,-1.0000,-1.0000,-1.0000,-1.0000,-1.0000,-1.0000,-1.0000,-1.0000,-1.0000,-1.0000,-1.0000,-1.0000,-1.0000,-1.0000,-1.0000,-1.0000,-1.0000,-1.0000,-1.0000,-1.0000,-1.0000,-1.0000,-1.0000,-1.0000,-1.0000,-1.0000,-1.0000,-1.0000,-1.0000,-1.0000,-1.0000,-1.0000,-1.0000,-1.0000,-1.0000,-1.0000,-1.0000,-1.0000,-1.0000,-1.0000,-1.0000,-1.0000,-1.0000,-1.0000,-1.0000,-1.0000,-1.0000,-1.0000,-1.0000,-1.0000,-1.0000,-1.0000,-1.0000,-1.0000,-1.0000,-1.0000,-1.0000,-1.0000,-1.0000,-1.0000,-1.0000,-1.0000,-1.0000,-1.0000,-1.0000,-1.0000,-1.0000,-1.0000,-1.0000,-1.0000,-1.0000,-1.0000,-1.0000,-1.0000,-1.0000,-1.0000,-1.0000,-1.0000,-1.0000,-1.0000,-1.0000,2.0110,2.0140,1.9628,2.0009,1.9790,2.0524,1.8816,1.8579,1.9319,1.8234,1.9257,1.8192,1.9004,1.8599,1.8046,1.8357,1.9316,2.0824,2.0928,2.0995,2.0919,2.0455,2.0342,2.1050,2.0161,2.0592,2.0702,2.0827,2.0336,1.9993,2.0586,2.0824,2.1072,2.0932,2.0882,2.0905,2.0835,2.0615,2.0739,2.0933,1.6746,1.7159,1.6895,1.6793,1.7171,1.6540,1.6108,1.7187,1.6576,1.6103,1.6160,1.6284,1.6980,1.6083,1.5907,1.6384,1.6076,1.6081,1.6562,1.5919,1.6800,1.6539,1.6277,0,1.0000,2.0308,4.6896,1.9317
10,0.0200,-0.3784,-1.7319,1.0330,2.0308,4.6896,1.7551,0.1110,0.1897,0.0000,1.0276,1.0000,-0.0001,0.0008,0.0008,-0.0120,-0.0010,-0.0001,-0.0017,0.0009,0.0012,0.0115,-0.0009,0.0003,0.0006,-0.0009,-0.0001,-0.0033,0.0004,-0.0011,0.0015,0.0009,0.0000,0.0002,0.0000,-0.0002,0.0003,0.0003,-0.0007,0.0000,0.0002,0.0000,-0.0142,0.0062,-0.0239,-0.0058,0.1193,-0.0100,-0.3936,-0.0578,0.0075,-0.1431,-0.0282,-0.1081,0.5392,-0.1512,-0.0097,0.1260,-0.2132,-0.1239,-0.1225,0.0828,-0.1717,0.0398,0.0790,0.0033,0.0210,0.0023,0.0680,0.0762,-0.0080,-0.1869,0.0022,0.0208,0.0004,-1.0000,-1.0000,-1.0000,-1.0000,-1.0000,-1.0000,-1.0000,-1.0000,-1.0000,-1.0000,-1.0000,-1.0000,-1.0000,-1.0000,-1.0000,-1.0000,-1.0000,-1.0000,-1.0000,-1.0000,-1.0000,-1.0000,-1.0000,-1.0000,-1.0000,-1.0000,-1.0000,-1.0000,-1.0000,-1.0000,-1.0000,-1.0000,-1.0000,-1.0000,-1.0000,-1.0000,-1.0000,-1.0000,-1.0000,-1.0000,-1.0000,-1.0000,-1.0000,-1.0000,-1.0000,-1.0000,-1.0000,-1.0000,-1.0000,-1.0000,-1.0000,-1.0000,-1.0000,-1.0000,-1.0000,-1.0000,-1.0000,-1.0000,-1.0000,-1.0000,-1.0000,-1.0000,-1.0000,-1.0000,-1.0000,-1.0000,-1.0000,-1.0000,-1.0000,-1.0000,-1.0000,-1.0000,-1.0000,-1.0000,-1.0000,-1.0000,-1.0000,-1.0000,-1.0000,-1.0000,-1.0000,-1.0000,-1.0000,-1.0000,-1.0000,-1.0000,-1.0000,-1.0000,-1.0000,-1.0000,-1.0000,-1.0000,-1.0000,-1.0000,-1.0000,-1.0000,-1.0000,-1.0000,-1.0000,-1.0000,-1.0000,-1.0000,-1.0000,-1.0000,-1.0000,-1.0000,-1.0000,-1.0000,-1.0000,-1.0000,-1.0000,-1.0000,-1.0000,-1.0000,-1.0000,-1.0000,-1.0000,-1.0000,-1.0000,-1.0000,-1.0000,2.0110,2.0140,1.9628,2.0009,1.9790,2.0524,1.8816,1.8579,1.9319,1.8234,1.9257,1.8192,1.9004,1.8599,1.8046,1.8357,1.9316,2.0824,2.0928,2.0995,2.0919,2.0455,2.0342,2.1050,2.0161,2.0592,2.0702,2.0827,2.0336,1.9993,2.0586,2.0824,2.1072,2.0932,2.0882,2.0905,2.0835,2.0615,2.0739,2.0933,1.6746,1.7159,1.6895,1.6793,1.7171,1.6540,1.6108,1.7187,1.6576,1.6103,1.6160,1.6284,1.6980,1.6083,1.5907,1.6384,1.6076,1.6081,1.6562,1.5919,1.6800,1.6539,1.6277,0,1.0000,2.0308,4.6896,1.9317
10,0.0200,-0.3784,-1.7319,1.0330,2.0308,4.6896,1.7551,0.1110,0.1897,0.0000,1.0276,1.0000,-0.0001,0.0008,0.0008,-0.0120,-0.0010,-0.0001,-0.0017,0.0009,0.0012,0.0115,-0.0009,0.0003,0.0006,-0.0009,-0.0001,-0.0033,0.0004,-0.0011,0.0015,0.0009,0.0000,0.0002,0.0000,-0.0002,0.0003,0.0003,-0.0007,0.0000,0.0002,0.0000,-0.0142,0.0062,-0.0239,-0.0058,0.1193,-0.0100,-0.3936,-0.0578,0.0075,-0.1431,-0.0282,-0.1081,0.5392,-0.1512,-0.0097,0.1260,-0.2132,-0.1239,-0.1225,0.0828,-0.1717,0.0398,0.0790,0.0033,0.0210,0.0023,0.0680,0.0762,-0.0080,-0.1869,0.0022,0.0208,0.0004,-1.0000,-1.0000,-1.0000,-1.0000,-1.0000,-1.0000,-1.0000,-1.0000,-1.0000,-1.0000,-1.0000,-1.0000,-1.0000,-1.0000,-1.0000,-1.0000,-1.0000,-1.0000,-1.0000,-1.0000,-1.0000,-1.0000,-1.0000,-1.0000,-1.0000,-1.0000,-1.0000,-1.0000,-1.0000,-1.0000,-1.0000,-1.0000,-1.0000,-1.0000,-1.0000,-1.0000,-1.0000,-1.0000,-1.0000,-1.0000,-1.0000,-1.0000,-1.0000,-1.0000,-1.0000,-1.0000,-1.0000,-1.0000,-1.0000,-1.0000,-1.0000,-1.0000,-1.0000,-1.0000,-1.0000,-1.0000,-1.0000,-1.0000,-1.0000,-1.0000,-1.0000,-1.0000,-1.0000,-1.0000,-1.0000,-1.0000,-1.0000,-1.0000,-1.0000,-1.0000,-1.0000,-1.0000,-1.0000,-1.0000,-1.0000,-1.0000,-1.0000,-1.0000,-1.0000,-1.0000,-1.0000,-1.0000,-1.0000,-1.0000,-1.0000,-1.0000,-1.0000,-1.0000,-1.0000,-1.0000,-1.0000,-1.0000,-1.0000,-1.0000,-1.0000,-1.0000,-1.0000,-1.0000,-1.0000,-1.0000,-1.0000,-1.0000,-1.0000,-1.0000,-1.0000,-1.0000,-1.0000,-1.0000,-1.0000,-1.0000,-1.0000,-1.0000,-1.0000,-1.0000,-1.0000,-1.0000,-1.0000,-1.0000,-1.0000,-1.0000,-1.0000,2.0110,2.0140,1.9628,2.0009,1.9790,2.0524,1.8816,1.8579,1.9319,1.8234,1.9257,1.8192,1.9004,1.8599,1.8046,1.8357,1.9316,2.0824,2.0928,2.0995,2.0919,2.0455,2.0342,2.1050,2.0161,2.0592,2.0702,2.0827,2.0336,1.9993,2.0586,2.0824,2.1072,2.0932,2.0882,2.0905,2.0835,2.0615,2.0739,2.0933,1.6746,1.7159,1.6895,1.6793,1.7171,1.6540,1.6108,1.7187,1.6576,1.6103,1.6160,1.6284,1.6980,1.6083,1.5907,1.6384,1.6076,1.6081,1.6562,1.5919,1.6800,1.6539,1.6277,0,1.0000,2.0308,4.6896,1.9317
10,0.0200,-0.3784,-1.7319,1.0330,2.0308,4.6896,1.7551,0.1110,0.1897,0.0000,1.0276,1.0000,-0.0001,0.0008,0.0008,-0.0120,-0.0010,-0.0001,-0.0017,0.0009,0.0012,0.0115,-0.0009,0.0003,0.0006,-0.0009,-0.0001,-0.0033,0.0004,-0.0011,0.0015,0.0009,0.0000,0.0002,0.0000,-0.0002,0.0003,0.0003,-0.0007,0.0000,0.0002,0.0000,-0.0142,0.0062,-0.0239,-0.0058,0.1193,-0.0100,-0.3936,-0.0578,0.0075,-0.1431,-0.0282,-0.1081,0.5392,-0.1512,-0.0097,0.1260,-0.2132,-0.1239,-0.1225,0.0828,-0.1717,0.0398,0.0790,0.0033,0.0210,0.0023,0.0680,0.0762,-0.0080,-0.1869,0.0022,0.0208,0.0004,-1.0000,-1.0000,-1.0000,-1.0000,-1.0000,-1.0000,-1.0000,-1.0000,-1.0000,-1.0000,-1.0000,-1.0000,-1.0000,-1.0000,-1.0000,-1.0000,-1.0000,-1.0000,-1.0000,-1.0000,-1.0000,-1.0000,-1.0000,-1.0000,-1.0000,-1.0000,-1.0000,-1.0000,-1.0000,-1.0000,-1.0000,-1.0000,-1.0000,-1.0000,-1.0000,-1.0000,-1.0000,-1.0000,-1.0000,-1.0000,-1.0000,-1.0000,-1.0000,-1.0000,-1.0000,-1.0000,-1.0000,-1.0000,-1.0000,-1.0000,-1.0000,-1.0000,-1.0000,-1.0000,-1.0000,-1.0000,-1.0000,-1.0000,-1.0000,-1.0000,-1.0000,-1.0000,-1.0000,-1.0000,-1.0000,-1.0000,-1.0000,-1.0000,-1.0000,-1.0000,-1.0000,-1.0000,-1.0000,-1.0000,-1.0000,-1.0000,-1.0000,-1.0000,-1.0000,-1.0000,-1.0000,-1.0000,-1.0000,-1.0000,-1.0000,-1.0000,-1.0000,-1.0000,-1.0000,-1.0000,-1.0000,-1.0000,-1.0000,-1.0000,-1.0000,-1.0000,-1.0000,-1.0000,-1.0000,-1.0000,-1.0000,-1.0000,-1.0000,-1.0000,-1.0000,-1.0000,-1.0000,-1.0000,-1.0000,-1.0000,-1.0000,-1.0000,-1.0000,-1.0000,-1.0000,-1.0000,-1.0000,-1.0000,-1.0000,-1.0000,-1.0000,2.0110,2.0140,1.9628,2.0009,1.9790,2.0524,1.8816,1.8579,1.9319,1.8234,1.9257,1.8192,1.9004,1.8599,1.8046,1.8357,1.9316,2.0824,2.0928,2.0995,2.0919,2.0455,2.0342,2.1050,2.0161,2.0592,2.0702,2.0827,2.0336,1.9993,2.0586,2.0824,2.1072,2.0932,2.0882,2.0905,2.0835,2.0615,2.0739,2.0933,1.6746,1.7159,1.6895,1.6793,1.7171,1.6540,1.6108,1.7187,1.6576,1.6103,1.6160,1.6284,1.6980,1.6083,1.5907,1.6384,1.6076,1.6081,1.6562,1.5919,1.6800,1.6539,1.6277,0,1.0000,2.0308,4.6896,1.9317
10,0.0200,-0.3784,-1.7319,1.0330,2.0308,4.6896,1.7551,0.1110,0.1897,0.0000,1.0276,1.0000,-0.0001,0.0008,0.0008,-0.0120,-0.0010,-0.0001,-0.0017,0.0009,0.0012,0.0115,-0.0009,0.0003,0.0006,-0.0009,-0.0001,-0.0033,0.0004,-0.0011,0.0015,0.0009,0.0000,0.0002,0.0000,-0.0002,0.0003,0.0003,-0.0007,0.0000,0.0002,0.0000,-0.0142,0.0062,-0.0239,-0.0058,0.1193,-0.0100,-0.3936,-0.0578,0.0075,-0.1431,-0.0282,-0.1081,0.5392,-0.1512,-0.0097,0.1260,-0.2132,-0.1239,-0.1225,0.0828,-0.1717,0.0398,0.0790,0.0033,0.0210,0.0023,0.0680,0.0762,-0.0080,-0.1869,0.0022,0.0208,0.0004,-1.0000,-1.0000,-1.0000,-1.0000,-1.0000,-1.0000,-1.0000,-1.0000,-1.0000,-1.0000,-1.0000,-1.0000,-1.0000,-1.0000,-1.0000,-1.0000,-1.0000,-1.0000,-1.0000,-1.0000,-1.0000,-1.0000,-1.0000,-1.0000,-1.0000,-1.0000,-1.0000,-1.0000,-1.0000,-1.0000,-1.0000,-1.0000,-1.0000,-1.0000,-1.0000,-1.0000,-1.0000,-1.0000,-1.0000,-1.0000,-1.0000,-1.0000,-1.0000,-1.0000,-1.0000,-1.0000,-1.0000,-1.0000,-1.0000,-1.0000,-1.0000,-1.0000,-1.0000,-1.0000,-1.0000,-1.0000,-1.0000,-1.0000,-1.0000,-1.0000,-1.0000,-1.0000,-1.0000,-1.0000,-1.0000,-1.0000,-1.0000,-1.0000,-1.0000,-1.0000,-1.0000,-1.0000,-1.0000,-1.0000,-1.0000,-1.0000,-1.0000,-1.0000,-1.0000,-1.0000,-1.0000,-1.0000,-1.0000,-1.0000,-1.0000,-1.0000,-1.0000,-1.0000,-1.0000,-1.0000,-1.0000,-1.0000,-1.0000,-1.0000,-1.0000,-1.0000,-1.0000,-1.0000,-1.0000,-1.0000,-1.0000,-1.0000,-1.0000,-1.0000,-1.0000,-1.0000,-1.0000,-1.0000,-1.0000,-1.0000,-1.0000,-1.0000,-1.0000,-1.0000,-1.0000,-1.0000,-1.0000,-1.0000,-1.0000,-1.0000,-1.0000,2.0110,2.0140,1.9628,2.0009,1.9790,2.0524,1.8816,1.8579,1.9319,1.8234,1.9257,1.8192,1.9004,1.8599,1.8046,1.8357,1.9316,2.0824,2.0928,2.0995,2.0919,2.0455,2.0342,2.1050,2.0161,2.0592,2.0702,2.0827,2.0336,1.9993,2.0586,2.0824,2.1072,2.0932,2.0882,2.0905,2.0835,2.0615,2.0739,2.0933,1.6746,1.7159,1.6895,1.6793,1.7171,1.6540,1.6108,1.7187,1.6576,1.6103,1.6160,1.6284,1.6980,1.6083,1.5907,1.6384,1.6076,1.6081,1.6562,1.5919,1.6800,1.6539,1.6277,0,1.0000,2.0308,4.6896,1.9317
10,0.0200,-0.3784,-1.7319,1.0330,2.0308,4.6896,1.7551,0.1110,0.1897,0.0000,1.0276,1.0000,-0.0001,0.0008,0.0008,-0.0120,-0.0010,-0.0001,-0.0017,0.0009,0.0012,0.0115,-0.0009,0.0003,0.0006,-0.0009,-0.0001,-0.0033,0.0004,-0.0011,0.0015,0.0009,0.0000,0.0002,0.0000,-0.0002,0.0003,0.0003,-0.0007,0.0000,0.0002,0.0000,-0.0142,0.0062,-0.0239,-0.0058,0.1193,-0.0100,-0.3936,-0.0578,0.0075,-0.1431,-0.0282,-0.1081,0.5392,-0.1512,-0.0097,0.1260,-0.2132,-0.1239,-0.1225,0.0828,-0.1717,0.0398,0.0790,0.0033,0.0210,0.0023,0.0680,0.0762,-0.0080,-0.1869,0.0022,0.0208,0.0004,-1.0000,-1.0000,-1.0000,-1.0000,-1.0000,-1.0000,-1.0000,-1.0000,-1.0000,-1.0000,-1.0000,-1.0000,-1.0000,-1.0000,-1.0000,-1.0000,-1.0000,-1.0000,-1.0000,-1.0000,-1.0000,-1.0000,-1.0000,-1.0000,-1.0000,-1.0000,-1.0000,-1.0000,-1.0000,-1.0000,-1.0000,-1.0000,-1.0000,-1.0000,-1.0000,-1.0000,-1.0000,-1.0000,-1.0000,-1.0000,-1.0000,-1.0000,-1.0000,-1.0000,-1.0000,-1.0000,-1.0000,-1.0000,-1.0000,-1.0000,-1.0000,-1.0000,-1.0000,-1.0000,-1.0000,-1.0000,-1.0000,-1.0000,-1.0000,-1.0000,-1.0000,-1.0000,-1.0000,-1.0000,-1.0000,-1.0000,-1.0000,-1.0000,-1.0000,-1.0000,-1.0000,-1.0000,-1.0000,-1.0000,-1.0000,-1.0000,-1.0000,-1.0000,-1.0000,-1.0000,-1.0000,-1.0000,-1.0000,-1.0000,-1.0000,-1.0000,-1.0000,-1.0000,-1.0000,-1.0000,-1.0000,-1.0000,-1.0000,-1.0000,-1.0000,-1.0000,-1.0000,-1.0000,-1.0000,-1.0000,-1.0000,-1.0000,-1.0000,-1.0000,-1.0000,-1.0000,-1.0000,-1.0000,-1.0000,-1.0000,-1.0000,-1.0000,-1.0000,-1.0000,-1.0000,-1.0000,-1.0000,-1.0000,-1.0000,-1.0000,-1.0000,2.0110,2.0140,1.9628,2.0009,1.9790,2.0524,1.8816,1.8579,1.9319,1.8234,1.9257,1.8192,1.9004,1.8599,1.8046,1.8357,1.9316,2.0824,2.0928,2.0995,2.0919,2.0455,2.0342,2.1050,2.0161,2.0592,2.0702,2.0827,2.0336,1.9993,2.0586,2.0824,2.1072,2.0932,2.0882,2.0905,2.0835,2.0615,2.0739,2.0933,1.6746,1.7159,1.6895,1.6793,1.7171,1.6540,1.6108,1.7187,1.6576,1.6103,1.6160,1.6284,1.6980,1.6083,1.5907,1.6384,1.6076,1.6081,1.6562,1.5919,1.6800,1.6539,1.6277,0,1.0000,2.0308,4.6896,1.9317
10,0.0200,-0.3784,-1.7319,1.0330,2.0308,4.6896,1.7551,0.1110,0.1897,0.0000,1.0276,1.0000,-0.0001,0.0008,0.0008,-0.0120,-0.0010,-0.0001,-0.0017,0.0009,0.0012,0.0115,-0.0009,0.0003,0.0006,-0.0009,-0.0001,-0.0033,0.0004,-0.0011,0.0015,0.0009,0.0000,0.0002,0.0000,-0.0002,0.0003,0.0003,-0.0007,0.0000,0.0002,0.0000,-0.0142,0.0062,-0.0239,-0.0058,0.1193,-0.0100,-0.3936,-0.0578,0.0075,-0.1431,-0.0282,-0.1081,0.5392,-0.1512,-0.0097,0.1260,-0.2132,-0.1239,-0.1225,0.0828,-0.1717,0.0398,0.0790,0.0033,0.0210,0.0023,0.0680,0.0762,-0.0080,-0.1869,0.0022,0.0208,0.0004,-1.0000,-1.0000,-1.0000,-1.0000,-1.0000,-1.0000,-1.0000,-1.0000,-1.0000,-1.0000,-1.0000,-1.0000,-1.0000,-1.0000,-1.0000,-1.0000,-1.0000,-1.0000,-1.0000,-1.0000,-1.0000,-1.0000,-1.0000,-1.0000,-1.0000,-1.0000,-1.0000,-1.0000,-1.0000,-1.0000,-1.0000,-1.0000,-1.0000,-1.0000,-1.0000,-1.0000,-1.0000,-1.0000,-1.0000,-1.0000,-1.0000,-1.0000,-1.0000,-1.0000,-1.0000,-1.0000,-1.0000,-1.0000,-1.0000,-1.0000,-1.0000,-1.0000,-1.0000,-1.0000,-1.0000,-1.0000,-1.0000,-1.0000,-1.0000,-1.0000,-1.0000,-1.0000,-1.0000,-1.0000,-1.0000,-1.0000,-1.0000,-1.0000,-1.0000,-1.0000,-1.0000,-1.0000,-1.0000,-1.0000,-1.0000,-1.0000,-1.0000,-1.0000,-1.0000,-1.0000,-1.0000,-1.0000,-1.0000,-1.0000,-1.0000,-1.0000,-1.0000,-1.0000,-1.0000,-1.0000,-1.0000,-1.0000,-1.0000,-1.0000,-1.0000,-1.0000,-1.0000,-1.0000,-1.0000,-1.0000,-1.0000,-1.0000,-1.0000,-1.0000,-1.0000,-1.0000,-1.0000,-1.0000,-1.0000,-1.0000,-1.0000,-1.0000,-1.0000,-1.0000,-1.0000,-1.0000,-1.0000,-1.0000,-1.0000,-1.0000,-1.0000,2.0110,2.0140,1.9628,2.0009,1.9790,2.0524,1.8816,1.8579,1.9319,1.8234,1.9257,1.8192,1.9004,1.8599,1.8046,1.8357,1.9316,2.0824,2.0928,2.0995,2.0919,2.0455,2.0342,2.1050,2.0161,2.0592,2.0702,2.0827,2.0336,1.9993,2.0586,2.0824,2.1072,2.0932,2.0882,2.0905,2.0835,2.0615,2.0739,2.0933,1.6746,1.7159,1.6895,1.6793,1.7171,1.6540,1.6108,1.7187,1.6576,1.6103,1.6160,1.6284,1.6980,1.6083,1.5907,1.6384,1.6076,1.6081,1.6562,1.5919,1.6800,1.6539,1.6277,0,1.0000,2.0308,4.6896,1.9317
10,0.0200,-0.3784,-1.7319,1.0330,2.0308,4.6896,1.7551,0.1110,0.1897,0.0000,1.0276,1.0000,-0.0001,0.0008,0.0008,-0.0120,-0.0010,-0.0001,-0.0017,0.0009,0.0012,0.0115,-0.0009,0.0003,0.0006,-0.0009,-0.0001,-0.0033,0.0004,-0.0011,0.0015,0.0009,0.0000,0.0002,0.0000,-0.0002,0.0003,0.0003,-0.0007,0.0000,0.0002,0.0000,-0.0142,0.0062,-0.0239,-0.0058,0.1193,-0.0100,-0.3936,-0.0578,0.0075,-0.1431,-0.0282,-0.1081,0.5392,-0.1512,-0.0097,0.1260,-0.2132,-0.1239,-0.1225,0.0828,-0.1717,0.0398,0.0790,0.0033,0.0210,0.0023,0.0680,0.0762,-0.0080,-0.1869,0.0022,0.0208,0.0004,-1.0000,-1.0000,-1.0000,-1.0000,-1.0000,-1.0000,-1.0000,-1.0000,-1.0000,-1.0000,-1.0000,-1.0000,-1.0000,-1.0000,-1.0000,-1.0000,-1.0000,-1.0000,-1.0000,-1.0000,-1.0000,-1.0000,-1.0000,-1.0000,-1.0000,-1.0000,-1.0000,-1.0000,-1.0000,-1.0000,-1.0000,-1.0000,-1.0000,-1.0000,-1.0000,-1.0000,-1.0000,-1.0000,-1.0000,-1.0000,-1.0000,-1.0000,-1.0000,-1.0000,-1.0000,-1.0000,-1.0000,-1.0000,-1.0000,-1.0000,-1.0000,-1.0000,-1.0000,-1.0000,-1.0000,-1.0000,-1.0000,-1.0000,-1.0000,-1.0000,-1.0000,-1.0000,-1.0000,-1.0000,-1.0000,-1.0000,-1.0000,-1.0000,-1.0000,-1.0000,-1.0000,-1.0000,-1.0000,-1.0000,-1.0000,-1.0000,-1.0000,-1.0000,-1.0000,-1.0000,-1.0000,-1.0000,-1.0000,-1.0000,-1.0000,-1.0000,-1.0000,-1.0000,-1.0000,-1.0000,-1.0000,-1.0000,-1.0000,-1.0000,-1.0000,-1.0000,-1.0000,-1.0000,-1.0000,-1.0000,-1.0000,-1.0000,-1.0000,-1.0000,-1.0000,-1.0000,-1.0000,-1.0000,-1.0000,-1.0000,-1.0000,-1.0000,-1.0000,-1.0000,-1.0000,-1.0000,-1.0000,-1.0000,-1.0000,-1.0000,-1.0000,2.0110,2.0140,1.9628,2.0009,1.9790,2.0524,1.8816,1.8579,1.9319,1.8234,1.9257,1.8192,1.9004,1.8599,1.8046,1.8357,1.9316,2.0824,2.0928,2.0995,2.0919,2.0455,2.0342,2.1050,2.0161,2.0592,2.0702,2.0827,2.0336,1.9993,2.0586,2.0824,2.1072,2.0932,2.0882,2.0905,2.0835,2.0615,2.0739,2.0933,1.6746,1.7159,1.6895,1.6793,1.7171,1.6540,1.6108,1.7187,1.6576,1.6103,1.6160,1.6284,1.6980,1.6083,1.5907,1.6384,1.6076,1.6081,1.6562,1.5919,1.6800,1.6539,1.6277,0,1.0000,2.0308,4.6896,1.9317
10,0.0200,-0.3784,-1.7319,1.0330,2.0308,4.6896,1.7551,0.1110,0.1897,0.0000,1.0276,1.0000,-0.0001,0.0008,0.0008,-0.0120,-0.0010,-0.0001,-0.0017,0.0009,0.0012,0.0115,-0.0009,0.0003,0.0006,-0.0009,-0.0001,-0.0033,0.0004,-0.0011,0.0015,0.0009,0.0000,0.0002,0.0000,-0.0002,0.0003,0.0003,-0.0007,0.0000,0.0002,0.0000,-0.0142,0.0062,-0.0239,-0.0058,0.1193,-0.0100,-0.3936,-0.0578,0.0075,-0.1431,-0.0282,-0.1081,0.5392,-0.1512,-0.0097,0.1260,-0.2132,-0.1239,-0.1225,0.0828,-0.1717,0.0398,0.0790,0.0033,0.0210,0.0023,0.0680,0.0762,-0.0080,-0.1869,0.0022,0.0208,0.0004,-1.0000,-1.0000,-1.0000,-1.0000,-1.0000,-1.0000,-1.0000,-1.0000,-1.0000,-1.0000,-1.0000,-1.0000,-1.0000,-1.0000,-1.0000,-1.0000,-1.0000,-1.0000,-1.0000,-1.0000,-1.0000,-1.0000,-1.0000,-1.0000,-1.0000,-1.0000,-1.0000,-1.0000,-1.0000,-1.0000,-1.0000,-1.0000,-1.0000,-1.0000,-1.0000,-1.0000,-1.0000,-1.0000,-1.0000,-1.0000,-1.0000,-1.0000,-1.0000,-1.0000,-1.0000,-1.0000,-1.0000,-1.0000,-1.0000,-1.0000,-1.0000,-1.0000,-1.0000,-1.0000,-1.0000,-1.0000,-1.0000,-1.0000,-1.0000,-1.0000,-1.0000,-1.0000,-1.0000,-1.0000,-1.0000,-1.0000,-1.0000,-1.0000,-1.0000,-1.0000,-1.0000,-1.0000,-1.0000,-1.0000,-1.0000,-1.0000,-1.0000,-1.0000,-1.0000,-1.0000,-1.0000,-1.0000,-1.0000,-1.0000,-1.0000,-1.0000,-1.0000,-1.0000,-1.0000,-1.0000,-1.0000,-1.0000,-1.0000,-1.0000,-1.0000,-1.0000,-1.0000,-1.0000,-1.0000,-1.0000,-1.0000,-1.0000,-1.0000,-1.0000,-1.0000,-1.0000,-1.0000,-1.0000,-1.0000,-1.0000,-1.0000,-1.0000,-1.0000,-1.0000,-1.0000,-1.0000,-1.0000,-1.0000,-1.0000,-1.0000,-1.0000,2.0110,2.0140,1.9628,2.0009,1.9790,2.0524,1.8816,1.8579,1.9319,1.8234,1.9257,1.8192,1.9004,1.8599,1.8046,1.8357,1.9316,2.0824,2.0928,2.0995,2.0919,2.0455,2.0342,2.1050,2.0161,2.0592,2.0702,2.0827,2.0336,1.9993,2.0586,2.0824,2.1072,2.0932,2.0882,2.0905,2.0835,2.0615,2.0739,2.0933,1.6746,1.7159,1.6895,1.6793,1.7171,1.6540,1.6108,1.7187,1.6576,1.6103,1.6160,1.6284,1.6980,1.6083,1.5907,1.6384,1.6076,1.6081,1.6562,1.5919,1.6800,1.6539,1.6277,0,1.0000,2.0308,4.6896,1.9317
10,0.0200,-0.3784,-1.7319,1.0330,2.0308,4.6896,1.7551,0.1110,0.1897,0.0000,1.0276,1.0000,-0.0001,0.0008,0.0008,-0.0120,-0.0010,-0.0001,-0.0017,0.0009,0.0012,0.0115,-0.0009,0.0003,0.0006,-0.0009,-0.0001,-0.0033,0.0004,-0.0011,0.0015,0.0009,0.0000,0.0002,0.0000,-0.0002,0.0003,0.0003,-0.0007,0.0000,0.0002,0.0000,-0.0142,0.0062,-0.0239,-0.0058,0.1193,-0.0100,-0.3936,-0.0578,0.0075,-0.1431,-0.0282,-0.1081,0.5392,-0.1512,-0.0097,0.1260,-0.2132,-0.1239,-0.1225,0.0828,-0.1717,0.0398,0.0790,0.0033,0.0210,0.0023,0.0680,0.0762,-0.0080,-0.1869,0.0022,0.0208,0.0004,-1.0000,-1.0000,-1.0000,-1.0000,-1.0000,-1.0000,-1.0000,-1.0000,-1.0000,-1.0000,-1.0000,-1.0000,-1.0000,-1.0000,-1.0000,-1.0000,-1.0000,-1.0000,-1.0000,-1.0000,-1.0000,-1.0000,-1.0000,-1.0000,-1.0000,-1.0000,-1.0000,-1.0000,-1.0000,-1.0000,-1.0000,-1.0000,-1.0000,-1.0000,-1.0000,-1.0000,-1.0000,-1.0000,-1.0000,-1.0000,-1.0000,-1.0000,-1.0000,-1.0000,-1.0000,-1.0000,-1.0000,-1.0000,-1.0000,-1.0000,-1.0000,-1.0000,-1.0000,-1.0000,-1.0000,-1.0000,-1.0000,-1.0000,-1.0000,-1.0000,-1.0000,-1.0000,-1.0000,-1.0000,-1.0000,-1.0000,-1.0000,-1.0000,-1.0000,-1.0000,-1.0000,-1.0000,-1.0000,-1.0000,-1.0000,-1.0000,-1.0000,-1.0000,-1.0000,-1.0000,-1.0000,-1.0000,-1.0000,-1.0000,-1.0000,-1.0000,-1.0000,-1.0000,-1.0000,-1.0000,-1.0000,-1.0000,-1.0000,-1.0000,-1.0000,-1.0000,-1.0000,-1.0000,-1.0000,-1.0000,-1.0000,-1.0000,-1.0000,-1.0000,-1.0000,-1.0000,-1.0000,-1.0000,-1.0000,-1.0000,-1.0000,-1.0000,-1.0000,-1.0000,-1.0000,-1.0000,-1.0000,-1.0000,-1.0000,-1.0000,-1.0000,2.0110,2.0140,1.9628,2.0009,1.9790,2.0524,1.8816,1.8579,1.9319,1.8234,1.9257,1.8192,1.9004,1.8599,1.8046,1.8357,1.9316,2.0824,2.0928,2.0995,2.0919,2.0455,2.0342,2.1050,2.0161,2.0592,2.0702,2.0827,2.0336,1.9993,2.0586,2.0824,2.1072,2.0932,2.0882,2.0905,2.0835,2.0615,2.0739,2.0933,1.6746,1.7159,1.6895,1.6793,1.7171,1.6540,1.6108,1.7187,1.6576,1.6103,1.6160,1.6284,1.6980,1.6083,1.5907,1.6384,1.6076,1.6081,1.6562,1.5919,1.6800,1.6539,1.6277,0,1.0000,2.0308,4.6896,1.9317
10,0.0200,-0.3784,-1.7319,1.0330,2.0308,4.6896,1.7551,0.1110,0.1897,0.0000,1.0276,1.0000,-0.0001,0.0008,0.0008,-0.0120,-0.0010,-0.0001,-0.0017,0.0009,0.0012,0.0115,-0.0009,0.0003,0.0006,-0.0009,-0.0001,-0.0033,0.0004,-0.0011,0.0015,0.0009,0.0000,0.0002,0.0000,-0.0002,0.0003,0.0003,-0.0007,0.0000,0.0002,0.0000,-0.0142,0.0062,-0.0239,-0.0058,0.1193,-0.0100,-0.3936,-0.0578,0.0075,-0.1431,-0.0282,-0.1081,0.5392,-0.1512,-0.0097,0.1260,-0.2132,-0.1239,-0.1225,0.0828,-0.1717,0.0398,0.0790,0.0033,0.0210,0.0023,0.0680,0.0762,-0.0080,-0.1869,0.0022,0.0208,0.0004,-1.0000,-1.0000,-1.0000,-1.0000,-1.0000,-1.0000,-1.0000,-1.0000,-1.0000,-1.0000,-1.0000,-1.0000,-1.0000,-1.0000,-1.0000,-1.0000,-1.0000,-1.0000,-1.0000,-1.0000,-1.0000,-1.0000,-1.0000,-1.0000,-1.0000,-1.0000,-1.0000,-1.0000,-1.0000,-1.0000,-1.0000,-1.0000,-1.0000,-1.0000,-1.0000,-1.0000,-1.0000,-1.0000,-1.0000,-1.0000,-1.0000,-1.0000,-1.0000,-1.0000,-1.0000,-1.0000,-1.0000,-1.0000,-1.0000,-1.0000,-1.0000,-1.0000,-1.0000,-1.0000,-1.0000,-1.0000,-1.0000,-1.0000,-1.0000,-1.0000,-1.0000,-1.0000,-1.0000,-1.0000,-1.0000,-1.0000,-1.0000,-1.0000,-1.0000,-1.0000,-1.0000,-1.0000,-1.0000,-1.0000,-1.0000,-1.0000,-1.0000,-1.0000,-1.0000,-1.0000,-1.0000,-1.0000,-1.0000,-1.0000,-1.0000,-1.0000,-1.0000,-1.0000,-1.0000,-1.0000,-1.0000,-1.0000,-1.0000,-1.0000,-1.0000,-1.0000,-1.0000,-1.0000,-1.0000,-1.0000,-1.0000,-1.0000,-1.0000,-1.0000,-1.0000,-1.0000,-1.0000,-1.0000,-1.0000,-1.0000,-1.0000,-1.0000,-1.0000,-1.0000,-1.0000,-1.0000,-1.0000,-1.0000,-1.0000,-1.0000,-1.0000,2.0110,2.0140,1.9628,2.0009,1.9790,2.0524,1.8816,1.8579,1.9319,1.8234,1.9257,1.8192,1.9004,1.8599,1.8046,1.8357,1.9316,2.0824,2.0928,2.0995,2.0919,2.0455,2.0342,2.1050,2.0161,2.0592,2.0702,2.0827,2.0336,1.9993,2.0586,2.0824,2.1072,2.0932,2.0882,2.0905,2.0835,2.0615,2.0739,2.0933,1.6746,1.7159,1.6895,1.6793,1.7171,1.6540,1.6108,1.7187,1.6576,1.6103,1.6160,1.6284,1.6980,1.6083,1.5907,1.6384,1.6076,1.6081,1.6562,1.5919,1.6800,1.6539,1.6277,0,1.0000,2.0308,4.6896,1.9317
10,0.0200,-0.3784,-1.7319,1.0330,2.0308,4.6896,1.7551,0.1110,0.1897,0.0000,1.0276,1.0000,-0.0001,0.0008,0.0008,-0.0120,-0.0010,-0.0001,-0.0017,0.0009,0.0012,0.0115,-0.0009,0.0003,0.0006,-0.0009,-0.0001,-0.0033,0.0004,-0.0011,0.0015,0.0009,0.0000,0.0002,0.0000,-0.0002,0.0003,0.0003,-0.0007,0.0000,0.0002,0.0000,-0.0142,0.0062,-0.0239,-0.0058,0.1193,-0.0100,-0.3936,-0.0578,0.0075,-0.1431,-0.0282,-0.1081,0.5392,-0.1512,-0.0097,0.1260,-0.2132,-0.1239,-0.1225,0.0828,-0.1717,0.0398,0.0790,0.0033,0.0210,0.0023,0.0680,0.0762,-0.0080,-0.1869,0.0022,0.0208,0.0004,-1.0000,-1.0000,-1.0000,-1.0000,-1.0000,-1.0000,-1.0000,-1.0000,-1.0000,-1.0000,-1.0000,-1.0000,-1.0000,-1.0000,-1.0000,-1.0000,-1.0000,-1.0000,-1.0000,-1.0000,-1.0000,-1.0000,-1.0000,-1.0000,-1.0000,-1.0000,-1.0000,-1.0000,-1.0000,-1.0000,-1.0000,-1.0000,-1.0000,-1.0000,-1.0000,-1.0000,-1.0000,-1.0000,-1.0000,-1.0000,-1.0000,-1.0000,-1.0000,-1.0000,-1.0000,-1.0000,-1.0000,-1.0000,-1.0000,-1.0000,-1.0000,-1.0000,-1.0000,-1.0000,-1.0000,-1.0000,-1.0000,-1.0000,-1.0000,-1.0000,-1.0000,-1.0000,-1.0000,-1.0000,-1.0000,-1.0000,-1.0000,-1.0000,-1.0000,-1.0000,-1.0000,-1.0000,-1.0000,-1.0000,-1.0000,-1.0000,-1.0000,-1.0000,-1.0000,-1.0000,-1.0000,-1.0000,-1.0000,-1.0000,-1.0000,-1.0000,-1.0000,-1.0000,-1.0000,-1.0000,-1.0000,-1.0000,-1.0000,-1.0000,-1.0000,-1.0000,-1.0000,-1.0000,-1.0000,-1.0000,-1.0000,-1.0000,-1.0000,-1.0000,-1.0000,-1.0000,-1.0000,-1.0000,-1.0000,-1.0000,-1.0000,-1.0000,-1.0000,-1.0000,-1.0000,-1.0000,-1.0000,-1.0000,-1.0000,-1.0000,-1.0000,2.0110,2.0140,1.9628,2.0009,1.9790,2.0524,1.8816,1.8579,1.9319,1.8234,1.9257,1.8192,1.9004,1.8599,1.8046,1.8357,1.9316,2.0824,2.0928,2.0995,2.0919,2.0455,2.0342,2.1050,2.0161,2.0592,2.0702,2.0827,2.0336,1.9993,2.0586,2.0824,2.1072,2.0932,2.0882,2.0905,2.0835,2.0615,2.0739,2.0933,1.6746,1.7159,1.6895,1.6793,1.7171,1.6540,1.6108,1.7187,1.6576,1.6103,1.6160,1.6284,1.6980,1.6083,1.5907,1.6384,1.6076,1.6081,1.6562,1.5919,1.6800,1.6539,1.6277,0,1.0000,2.0308,4.6896,1.9317
10,0.0200,-0.3784,-1.7319,1.0330,2.0308,4.6896,1.7551,0.1110,0.1897,0.0000,1.0276,1.0000,-0.0001,0.0008,0.0008,-0.0120,-0.0010,-0.0001,-0.0017,0.0009,0.0012,0.0115,-0.0009,0.0003,0.0006,-0.0009,-0.0001,-0.0033,0.0004,-0.0011,0.0015,0.0009,0.0000,0.0002,0.0000,-0.0002,0.0003,0.0003,-0.0007,0.0000,0.0002,0.0000,-0.0142,0.0062,-0.0239,-0.0058,0.1193,-0.0100,-0.3936,-0.0578,0.0075,-0.1431,-0.0282,-0.1081,0.5392,-0.1512,-0.0097,0.1260,-0.2132,-0.1239,-0.1225,0.0828,-0.1717,0.0398,0.0790,0.0033,0.0210,0.0023,0.0680,0.0762,-0.0080,-0.1869,0.0022,0.0208,0.0004,-1.0000,-1.0000,-1.0000,-1.0000,-1.0000,-1.0000,-1.0000,-1.0000,-1.0000,-1.0000,-1.0000,-1.0000,-1.0000,-1.0000,-1.0000,-1.0000,-1.0000,-1.0000,-1.0000,-1.0000,-1.0000,-1.0000,-1.0000,-1.0000,-1.0000,-1.0000,-1.0000,-1.0000,-1.0000,-1.0000,-1.0000,-1.0000,-1.0000,-1.0000,-1.0000,-1.0000,-1.0000,-1.0000,-1.0000,-1.0000,-1.0000,-1.0000,-1.0000,-1.0000,-1.0000,-1.0000,-1.0000,-1.0000,-1.0000,-1.0000,-1.0000,-1.0000,-1.0000,-1.0000,-1.0000,-1.0000,-1.0000,-1.0000,-1.0000,-1.0000,-1.0000,-1.0000,-1.0000,-1.0000,-1.0000,-1.0000,-1.0000,-1.0000,-1.0000,-1.0000,-1.0000,-1.0000,-1.0000,-1.0000,-1.0000,-1.0000,-1.0000,-1.0000,-1.0000,-1.0000,-1.0000,-1.0000,-1.0000,-1.0000,-1.0000,-1.0000,-1.0000,-1.0000,-1.0000,-1.0000,-1.0000,-1.0000,-1.0000,-1.0000,-1.0000,-1.0000,-1.0000,-1.0000,-1.0000,-1.0000,-1.0000,-1.0000,-1.0000,-1.0000,-1.0000,-1.0000,-1.0000,-1.0000,-1.0000,-1.0000,-1.0000,-1.0000,-1.0000,-1.0000,-1.0000,-1.0000,-1.0000,-1.0000,-1.0000,-1.0000,-1.0000,2.0110,2.0140,1.9628,2.0009,1.9790,2.0524,1.8816,1.8579,1.9319,1.8234,1.9257,1.8192,1.9004,1.8599,1.8046,1.8357,1.9316,2.0824,2.0928,2.0995,2.0919,2.0455,2.0342,2.1050,2.0161,2.0592,2.0702,2.0827,2.0336,1.9993,2.0586,2.0824,2.1072,2.0932,2.0882,2.0905,2.0835,2.0615,2.0739,2.0933,1.6746,1.7159,1.6895,1.6793,1.7171,1.6540,1.6108,1.7187,1.6576,1.6103,1.6160,1.6284,1.6980,1.6083,1.5907,1.6384,1.6076,1.6081,1.6562,1.5919,1.6800,1.6539,1.6277,0,1.0000,2.0308,4.6896,1.9317
11,0.0220,-0.3743,-1.7225,1.0365,2.0308,4.6896,1.7355,0.1110,0.1897,0.0001,1.0276,1.0000,-0.0001,0.0009,0.0010,-0.0124,-0.0016,0.0001,-0.0013,0.0014,0.0011,0.0124,-0.0010,0.0003,0.0008,-0.0016,-0.0006,-0.0044,0.0005,-0.0016,0.0015,0.0010,0.0000,0.0003,0.0000,-0.0000,0.0007,0.0003,-0.0014,0.0000,0.0003,0.0000,-0.0147,0.0049,-0.0285,-0.0383,0.1083,0.1947,-0.1879,-0.2891,0.0555,0.2232,0.2490,-0.0738,0.4846,-0.0641,0.0406,0.0939,-0.3590,-0.2388,-0.5230,0.0348,-0.2146,0.0398,0.0766,0.0046,0.0256,0.0046,0.0630,0.1998,0.0356,-0.3709,0.0024,0.0306,0.0003,-1.0000,-1.0000,-1.0000,-1.0000,-1.0000,-1.0000,-1.0000,-1.0000,-1.0000,-1.0000,-1.0000,-1.0000,-1.0000,-1.0000,-1.0000,-1.0000,-1.0000,-1.0000,-1.0000,-1.0000,-1.0000,-1.0000,-1.0000,-1.0000,-1.0000,-1.0000,-1.0000,-1.0000,-1.0000,-1.0000,-1.0000,-1.0000,-1.0000,-1.0000,-1.0000,-1.0000,-1.0000,-1.0000,-1.0000,-1.0000,-1.0000,-1.0000,-1.0000,-1.0000,-1.0000,-1.0000,-1.0000,-1.0000,-1.0000,-1.0000,-1.0000,-1.0000,-1.0000,-1.0000,-1.0000,-1.0000,-1.0000,-1.0000,-1.0000,-1.0000,-1.0000,-1.0000,-1.0000,-1.0000,-1.0000,-1.0000,-1.0000,-1.0000,-1.0000,-1.0000,-1.0000,-1.0000,-1.0000,-1.0000,-1.0000,-1.0000,-1.0000,-1.0000,-1.0000,-1.0000,-1.0000,-1.0000,-1.0000,-1.0000,-1.0000,-1.0000,-1.0000,-1.0000,-1.0000,-1.0000,-1.0000,-1.0000,-1.0000,-1.0000,-1.0000,-1.0000,-1.0000,-1.0000,-1.0000,-1.0000,-1.0000,-1.0000,-1.0000,-1.0000,-1.0000,-1.0000,-1.0000,-1.0000,-1.0000,-1.0000,-1.0000,-1.0000,-1.0000,-1.0000,-1.0000,-1.0000,-1.0000,-1.0000,-1.0000,-1.0000,-1.0000,2.0002,2.0032,1.9521,1.9902,1.9682,2.0417,1.8712,1.8473,1.9212,1.8129,1.9152,1.8085,1.8899,1.8493,1.7941,1.8251,1.9210,2.0718,2.0821,2.0889,2.0813,2.0349,2.0237,2.0945,2.0055,2.0487,2.0597,2.0722,2.0231,1.9888,2.0481,2.0721,2.0968,2.0827,2.0778,2.0801,2.0731,2.0510,2.0635,2.0829,1.6639,1.7051,1.6787,1.6686,1.7064,1.6434,1.6001,1.7080,1.6470,1.5997,1.6055,1.6179,1.6874,1.5978,1.5803,1.6279,1.5971,1.5977,1.6458,1.5815,1.6695,1.6436,1.6173,0,1.0000,2.0308,4.6896,1.9317
11,0.0220,-0.3743,-1.7225,1.0365,2.0308,4.6896,1.7355,0.1110,0.1897,0.0001,1.0276,1.0000,-0.0001,0.0009,0.0010,-0.0124,-0.0016,0.0001,-0.0013,0.0014,0.0011,0.0124,-0.0010,0.0003,0.0008,-0.0016,-0.0006,-0.0044,0.0005,-0.0016,0.0015,0.0010,0.0000,0.0003,0.0000,-0.0000,0.0007,0.0003,-0.0014,0.0000,0.0003,0.0000,-0.0147,0.0049,-0.0285,-0.0383,0.1083,0.1947,-0.1879,-0.2891,0.0555,0.2232,0.2490,-0.0738,0.4846,-0.0641,0.0406,0.0939,-0.3590,-0.2388,-0.5230,0.0348,-0.2146,0.0398,0.0766,0.0046,0.0256,0.0046,0.0630,0.1998,0.0356,-0.3709,0.0024,0.0306,0.0003,-1.0000,-1.0000,-1.0000,-1.0000,-1.0000,-1.0000,-1.0000,-1.0000,-1.0000,-1.0000,-1.0000,-1.0000,-1.0000,-1.0000,-1.0000,-1.0000,-1.0000,-1.0000,-1.0000,-1.0000,-1.0000,-1.0000,-1.0000,-1.0000,-1.0000,-1.0000,-1.0000,-1.0000,-1.0000,-1.0000,-1.0000,-1.0000,-1.0000,-1.0000,-1.0000,-1.0000,-1.0000,-1.0000,-1.0000,-1.0000,-1.0000,-1.0000,-1.0000,-1.0000,-1.0000,-1.0000,-1.0000,-1.0000,-1.0000,-1.0000,-1.0000,-1.0000,-1.0000,-1.0000,-1.0000,-1.0000,-1.0000,-1.0000,-1.0000,-1.0000,-1.0000,-1.0000,-1.0000,-1.0000,-1.0000,-1.0000,-1.0000,-1.0000,-1.0000,-1.0000,-1.0000,-1.0000,-1.0000,-1.0000,-1.0000,-1.0000,-1.0000,-1.0000,-1.0000,-1.0000,-1.0000,-1.0000,-1.0000,-1.0000,-1.0000,-1.0000,-1.0000,-1.0000,-1.0000,-1.0000,-1.0000,-1.0000,-1.0000,-1.0000,-1.0000,-1.0000,-1.0000,-1.0000,-1.0000,-1.0000,-1.0000,-1.0000,-1.0000,-1.0000,-1.0000,-1.0000,-1.0000,-1.0000,-1.0000,-1.0000,-1.0000,-1.0000,-1.0000,-1.0000,-1.0000,-1.0000,-1.0000,-1.0000,-1.0000,-1.0000,-1.0000,2.0002,2.0032,1.9521,1.9902,1.9682,2.0417,1.8712,1.8473,1.9212,1.8129,1.9152,1.8085,1.8899,1.8493,1.7941,1.8251,1.9210,2.0718,2.0821,2.0889,2.0813,2.0349,2.0237,2.0945,2.0055,2.0487,2.0597,2.0722,2.0231,1.9888,2.0481,2.0721,2.0968,2.0827,2.0778,2.0801,2.0731,2.0510,2.0635,2.0829,1.6639,1.7051,1.6787,1.6686,1.7064,1.6434,1.6001,1.7080,1.6470,1.5997,1.6055,1.6179,1.6874,1.5978,1.5803,1.6279,1.5971,1.5977,1.6458,1.5815,1.6695,1.6436,1.6173,0,1.0000,2.0308,4.6896,1.9317
11,0.0220,-0.3743,-1.7225,1.0365,2.0308,4.6896,1.7355,0.1110,0.1897,0.0001,1.0276,1.0000,-0.0001,0.0009,0.0010,-0.0124,-0.0016,0.0001,-0.0013,0.0014,0.0011,0.0124,-0.0010,0.0003,0.0008,-0.0016,-0.0006,-0.0044,0.0005,-0.0016,0.0015,0.0010,0.0000,0.0003,0.0000,-0.0000,0.0007,0.0003,-0.0014,0.0000,0.0003,0.0000,-0.0147,0.0049,-0.0285,-0.0383,0.1083,0.1947,-0.1879,-0.2891,0.0555,0.2232,0.2490,-0.0738,0.4846,-0.0641,0.0406,0.0939,-0.3590,-0.2388,-0.5230,0.0348,-0.2146,0.0398,0.0766,0.0046,0.0256,0.0046,0.0630,0.1998,0.0356,-0.3709,0.0024,0.0306,0.0003,-1.0000,-1.0000,-1.0000,-1.0000,-1.0000,-1.0000,-1.0000,-1.0000,-1.0000,-1.0000,-1.0000,-1.0000,-1.0000,-1.0000,-1.0000,-1.0000,-1.0000,-1.0000,-1.0000,-1.0000,-1.0000,-1.0000,-1.0000,-1.0000,-1.0000,-1.0000,-1.0000,-1.0000,-1.0000,-1.0000,-1.0000,-1.0000,-1.0000,-1.0000,-1.0000,-1.0000,-1.0000,-1.0000,-1.0000,-1.0000,-1.0000,-1.0000,-1.0000,-1.0000,-1.0000,-1.0000,-1.0000,-1.0000,-1.0000,-1.0000,-1.0000,-1.0000,-1.0000,-1.0000,-1.0000,-1.0000,-1.0000,-1.0000,-1.0000,-1.0000,-1.0000,-1.0000,-1.0000,-1.0000,-1.0000,-1.0000,-1.0000,-1.0000,-1.0000,-1.0000,-1.0000,-1.0000,-1.0000,-1.0000,-1.0000,-1.0000,-1.0000,-1.0000,-1.0000,-1.0000,-1.0000,-1.0000,-1.0000,-1.0000,-1.0000,-1.0000,-1.0000,-1.0000,-1.0000,-1.0000,-1.0000,-1.0000,-1.0000,-1.0000,-1.0000,-1.0000,-1.0000,-1.0000,-1.0000,-1.0000,-1.0000,-1.0000,-1.0000,-1.0000,-1.0000,-1.0000,-1.0000,-1.0000,-1.0000,-1.0000,-1.0000,-1.0000,-1.0000,-1.0000,-1.0000,-1.0000,-1.0000,-1.0000,-1.0000,-1.0000,-1.0000,2.0002,2.0032,1.9521,1.9902,1.9682,2.0417,1.8712,1.8473,1.9212,1.8129,1.9152,1.8085,1.8899,1.8493,1.7941,1.8251,1.9210,2.0718,2.0821,2.0889,2.0813,2.0349,2.0237,2.0945,2.0055,2.0487,2.0597,2.0722,2.0231,1.9888,2.0481,2.0721,2.0968,2.0827,2.0778,2.0801,2.0731,2.0510,2.0635,2.0829,1.6639,1.7051,1.6787,1.6686,1.7064,1.6434,1.6001,1.7080,1.6470,1.5997,1.6055,1.6179,1.6874,1.5978,1.5803,1.6279,1.5971,1.5977,1.6458,1.5815,1.6695,1.6436,1.6173,0,1.0000,2.0308,4.6896,1.9317
11,0.0220,-0.3743,-1.7225,1.0365,2.0308,4.6896,1.7355,0.1110,0.1897,0.0001,1.0276,1.0000,-0.0001,0.0009,0.0010,-0.0124,-0.0016,0.0001,-0.0013,0.0014,0.0011,0.0124,-0.0010,0.0003,0.0008,-0.0016,-0.0006,-0.0044,0.0005,-0.0016,0.0015,0.0010,0.0000,0.0003,0.0000,-0.0000,0.0007,0.0003,-0.0014,0.0000,0.0003,0.0000,-0.0147,0.0049,-0.0285,-0.0383,0.1083,0.1947,-0.1879,-0.2891,0.0555,0.2232,0.2490,-0.0738,0.4846,-0.0641,0.0406,0.0939,-0.3590,-0.2388,-0.5230,0.0348,-0.2146,0.0398,0.0766,0.0046,0.0256,0.0046,0.0630,0.1998,0.0356,-0.3709,0.0024,0.0306,0.0003,-1.0000,-1.0000,-1.0000,-1.0000,-1.0000,-1.0000,-1.0000,-1.0000,-1.0000,-1.0000,-1.0000,-1.0000,-1.0000,-1.0000,-1.0000,-1.0000,-1.0000,-1.0000,-1.0000,-1.0000,-1.0000,-1.0000,-1.0000,-1.0000,-1.0000,-1.0000,-1.0000,-1.0000,-1.0000,-1.0000,-1.0000,-1.0000,-1.0000,-1.0000,-1.0000,-1.0000,-1.0000,-1.0000,-1.0000,-1.0000,-1.0000,-1.0000,-1.0000,-1.0000,-1.0000,-1.0000,-1.0000,-1.0000,-1.0000,-1.0000,-1.0000,-1.0000,-1.0000,-1.0000,-1.0000,-1.0000,-1.0000,-1.0000,-1.0000,-1.0000,-1.0000,-1.0000,-1.0000,-1.0000,-1.0000,-1.0000,-1.0000,-1.0000,-1.0000,-1.0000,-1.0000,-1.0000,-1.0000,-1.0000,-1.0000,-1.0000,-1.0000,-1.0000,-1.0000,-1.0000,-1.0000,-1.0000,-1.0000,-1.0000,-1.0000,-1.0000,-1.0000,-1.0000,-1.0000,-1.0000,-1.0000,-1.0000,-1.0000,-1.0000,-1.0000,-1.0000,-1.0000,-1.0000,-1.0000,-1.0000,-1.0000,-1.0000,-1.0000,-1.0000,-1.0000,-1.0000,-1.0000,-1.0000,-1.0000,-1.0000,-1.0000,-1.0000,-1.0000,-1.0000,-1.0000,-1.0000,-1.0000,-1.0000,-1.0000,-1.0000,-1.0000,2.0002,2.0032,1.9521,1.9902,1.9682,2.0417,1.8712,1.8473,1.9212,1.8129,1.9152,1.8085,1.8899,1.8493,1.7941,1.8251,1.9210,2.0718,2.0821,2.0889,2.0813,2.0349,2.0237,2.0945,2.0055,2.0487,2.0597,2.0722,2.0231,1.9888,2.0481,2.0721,2.0968,2.0827,2.0778,2.0801,2.0731,2.0510,2.0635,2.0829,1.6639,1.7051,1.6787,1.6686,1.7064,1.6434,1.6001,1.7080,1.6470,1.5997,1.6055,1.6179,1.6874,1.5978,1.5803,1.6279,1.5971,1.5977,1.6458,1.5815,1.6695,1.6436,1.6173,0,1.0000,2.0308,4.6896,1.9317
11,0.0220,-0.3743,-1.7225,1.0365,2.0308,4.6896,1.7355,0.1110,0.1897,0.0001,1.0276,1.0000,-0.0001,0.0009,0.0010,-0.0124,-0.0016,0.0001,-0.0013,0.0014,0.0011,0.0124,-0.0010,0.0003,0.0008,-0.0016,-0.0006,-0.0044,0.0005,-0.0016,0.0015,0.0010,0.0000,0.0003,0.0000,-0.0000,0.0007,0.0003,-0.0014,0.0000,0.0003,0.0000,-0.0147,0.0049,-0.0285,-0.0383,0.1083,0.1947,-0.1879,-0.2891,0.0555,0.2232,0.2490,-0.0738,0.4846,-0.0641,0.0406,0.0939,-0.3590,-0.2388,-0.5230,0.0348,-0.2146,0.0398,0.0766,0.0046,0.0256,0.0046,0.0630,0.1998,0.0356,-0.3709,0.0024,0.0306,0.0003,-1.0000,-1.0000,-1.0000,-1.0000,-1.0000,-1.0000,-1.0000,-1.0000,-1.0000,-1.0000,-1.0000,-1.0000,-1.0000,-1.0000,-1.0000,-1.0000,-1.0000,-1.0000,-1.0000,-1.0000,-1.0000,-1.0000,-1.0000,-1.0000,-1.0000,-1.0000,-1.0000,-1.0000,-1.0000,-1.0000,-1.0000,-1.0000,-1.0000,-1.0000,-1.0000,-1.0000,-1.0000,-1.0000,-1.0000,-1.0000,-1.0000,-1.0000,-1.0000,-1.0000,-1.0000,-1.0000,-1.0000,-1.0000,-1.0000,-1.0000,-1.0000,-1.0000,-1.0000,-1.0000,-1.0000,-1.0000,-1.0000,-1.0000,-1.0000,-1.0000,-1.0000,-1.0000,-1.0000,-1.0000,-1.0000,-1.0000,-1.0000,-1.0000,-1.0000,-1.0000,-1.0000,-1.0000,-1.0000,-1.0000,-1.0000,-1.0000,-1.0000,-1.0000,-1.0000,-1.0000,-1.0000,-1.0000,-1.0000,-1.0000,-1.0000,-1.0000,-1.0000,-1.0000,-1.0000,-1.0000,-1.0000,-1.0000,-1.0000,-1.0000,-1.0000,-1.0000,-1.0000,-1.0000,-1.0000,-1.0000,-1.0000,-1.0000,-1.0000,-1.0000,-1.0000,-1.0000,-1.0000,-1.0000,-1.0000,-1.0000,-1.0000,-1.0000,-1.0000,-1.0000,-1.0000,-1.0000,-1.0000,-1.0000,-1.0000,-1.0000,-1.0000,2.0002,2.0032,1.9521,1.9902,1.9682,2.0417,1.8712,1.8473,1.9212,1.8129,1.9152,1.8085,1.8899,1.8493,1.7941,1.8251,1.9210,2.0718,2.0821,2.0889,2.0813,2.0349,2.0237,2.0945,2.0055,2.0487,2.0597,2.0722,2.0231,1.9888,2.0481,2.0721,2.0968,2.0827,2.0778,2.0801,2.0731,2.0510,2.0635,2.0829,1.6639,1.7051,1.6787,1.6686,1.7064,1.6434,1.6001,1.7080,1.6470,1.5997,1.6055,1.6179,1.6874,1.5978,1.5803,1.6279,1.5971,1.5977,1.6458,1.5815,1.6695,1.6436,1.6173,0,1.0000,2.0308,4.6896,1.9317
11,0.0220,-0.3743,-1.7225,1.0365,2.0308,4.6896,1.7355,0.1110,0.1897,0.0001,1.0276,1.0000,-0.0001,0.0009,0.0010,-0.0124,-0.0016,0.0001,-0.0013,0.0014,0.0011,0.0124,-0.0010,0.0003,0.0008,-0.0016,-0.0006,-0.0044,0.0005,-0.0016,0.0015,0.0010,0.0000,0.0003,0.0000,-0.0000,0.0007,0.0003,-0.0014,0.0000,0.0003,0.0000,-0.0147,0.0049,-0.0285,-0.0383,0.1083,0.1947,-0.1879,-0.2891,0.0555,0.2232,0.2490,-0.0738,0.4846,-0.0641,0.0406,0.0939,-0.3590,-0.2388,-0.5230,0.0348,-0.2146,0.0398,0.0766,0.0046,0.0256,0.0046,0.0630,0.1998,0.0356,-0.3709,0.0024,0.0306,0.0003,-1.0000,-1.0000,-1.0000,-1.0000,-1.0000,-1.0000,-1.0000,-1.0000,-1.0000,-1.0000,-1.0000,-1.0000,-1.0000,-1.0000,-1.0000,-1.0000,-1.0000,-1.0000,-1.0000,-1.0000,-1.0000,-1.0000,-1.0000,-1.0000,-1.0000,-1.0000,-1.0000,-1.0000,-1.0000,-1.0000,-1.0000,-1.0000,-1.0000,-1.0000,-1.0000,-1.0000,-1.0000,-1.0000,-1.0000,-1.0000,-1.0000,-1.0000,-1.0000,-1.0000,-1.0000,-1.0000,-1.0000,-1.0000,-1.0000,-1.0000,-1.0000,-1.0000,-1.0000,-1.0000,-1.0000,-1.0000,-1.0000,-1.0000,-1.0000,-1.0000,-1.0000,-1.0000,-1.0000,-1.0000,-1.0000,-1.0000,-1.0000,-1.0000,-1.0000,-1.0000,-1.0000,-1.0000,-1.0000,-1.0000,-1.0000,-1.0000,-1.0000,-1.0000,-1.0000,-1.0000,-1.0000,-1.0000,-1.0000,-1.0000,-1.0000,-1.0000,-1.0000,-1.0000,-1.0000,-1.0000,-1.0000,-1.0000,-1.0000,-1.0000,-1.0000,-1.0000,-1.0000,-1.0000,-1.0000,-1.0000,-1.0000,-1.0000,-1.0000,-1.0000,-1.0000,-1.0000,-1.0000,-1.0000,-1.0000,-1.0000,-1.0000,-1.0000,-1.0000,-1.0000,-1.0000,-1.0000,-1.0000,-1.0000,-1.0000,-1.0000,-1.0000,2.0002,2.0032,1.9521,1.9902,1.9682,2.0417,1.8712,1.8473,1.9212,1.8129,1.9152,1.8085,1.8899,1.8493,1.7941,1.8251,1.9210,2.0718,2.0821,2.0889,2.0813,2.0349,2.0237,2.0945,2.0055,2.0487,2.0597,2.0722,2.0231,1.9888,2.0481,2.0721,2.0968,2.0827,2.0778,2.0801,2.0731,2.0510,2.0635,2.0829,1.6639,1.7051,1.6787,1.6686,1.7064,1.6434,1.6001,1.7080,1.6470,1.5997,1.6055,1.6179,1.6874,1.5978,1.5803,1.6279,1.5971,1.5977,1.6458,1.5815,1.6695,1.6436,1.6173,0,1.0000,2.0308,4.6896,1.9317
11,0.0220,-0.3743,-1.7225,1.0365,2.0308,4.6896,1.7355,0.1110,0.1897,0.0001,1.0276,1.0000,-0.0001,0.0009,0.0010,-0.0124,-0.0016,0.0001,-0.0013,0.0014,0.0011,0.0124,-0.0010,0.0003,0.0008,-0.0016,-0.0006,-0.0044,0.0005,-0.0016,0.0015,0.0010,0.0000,0.0003,0.0000,-0.0000,0.0007,0.0003,-0.0014,0.0000,0.0003,0.0000,-0.0147,0.0049,-0.0285,-0.0383,0.1083,0.1947,-0.1879,-0.2891,0.0555,0.2232,0.2490,-0.0738,0.4846,-0.0641,0.0406,0.0939,-0.3590,-0.2388,-0.5230,0.0348,-0.2146,0.0398,0.0766,0.0046,0.0256,0.0046,0.0630,0.1998,0.0356,-0.3709,0.0024,0.0306,0.0003,-1.0000,-1.0000,-1.0000,-1.0000,-1.0000,-1.0000,-1.0000,-1.0000,-1.0000,-1.0000,-1.0000,-1.0000,-1.0000,-1.0000,-1.0000,-1.0000,-1.0000,-1.0000,-1.0000,-1.0000,-1.0000,-1.0000,-1.0000,-1.0000,-1.0000,-1.0000,-1.0000,-1.0000,-1.0000,-1.0000,-1.0000,-1.0000,-1.0000,-1.0000,-1.0000,-1.0000,-1.0000,-1.0000,-1.0000,-1.0000,-1.0000,-1.0000,-1.0000,-1.0000,-1.0000,-1.0000,-1.0000,-1.0000,-1.0000,-1.0000,-1.0000,-1.0000,-1.0000,-1.0000,-1.0000,-1.0000,-1.0000,-1.0000,-1.0000,-1.0000,-1.0000,-1.0000,-1.0000,-1.0000,-1.0000,-1.0000,-1.0000,-1.0000,-1.0000,-1.0000,-1.0000,-1.0000,-1.0000,-1.0000,-1.0000,-1.0000,-1.0000,-1.0000,-1.0000,-1.0000,-1.0000,-1.0000,-1.0000,-1.0000,-1.0000,-1.0000,-1.0000,-1.0000,-1.0000,-1.0000,-1.0000,-1.0000,-1.0000,-1.0000,-1.0000,-1.0000,-1.0000,-1.0000,-1.0000,-1.0000,-1.0000,-1.0000,-1.0000,-1.0000,-1.0000,-1.0000,-1.0000,-1.0000,-1.0000,-1.0000,-1.0000,-1.0000,-1.0000,-1.0000,-1.0000,-1.0000,-1.0000,-1.0000,-1.0000,-1.0000,-1.0000,2.0002,2.0032,1.9521,1.9902,1.9682,2.0417,1.8712,1.8473,1.9212,1.8129,1.9152,1.8085,1.8899,1.8493,1.7941,1.8251,1.9210,2.0718,2.0821,2.0889,2.0813,2.0349,2.0237,2.0945,2.0055,2.0487,2.0597,2.0722,2.0231,1.9888,2.0481,2.0721,2.0968,2.0827,2.0778,2.0801,2.0731,2.0510,2.0635,2.0829,1.6639,1.7051,1.6787,1.6686,1.7064,1.6434,1.6001,1.7080,1.6470,1.5997,1.6055,1.6179,1.6874,1.5978,1.5803,1.6279,1.5971,1.5977,1.6458,1.5815,1.6695,1.6436,1.6173,0,1.0000,2.0308,4.6896,1.9317
11,0.0220,-0.3743,-1.7225,1.0365,2.0308,4.6896,1.7355,0.1110,0.1897,0.0001,1.0276,1.0000,-0.0001,0.0009,0.0010,-0.0124,-0.0016,0.0001,-0.0013,0.0014,0.0011,0.0124,-0.0010,0.0003,0.0008,-0.0016,-0.0006,-0.0044,0.0005,-0.0016,0.0015,0.0010,0.0000,0.0003,0.0000,-0.0000,0.0007,0.0003,-0.0014,0.0000,0.0003,0.0000,-0.0147,0.0049,-0.0285,-0.0383,0.1083,0.1947,-0.1879,-0.2891,0.0555,0.2232,0.2490,-0.0738,0.4846,-0.0641,0.0406,0.0939,-0.3590,-0.2388,-0.5230,0.0348,-0.2146,0.0398,0.0766,0.0046,0.0256,0.0046,0.0630,0.1998,0.0356,-0.3709,0.0024,0.0306,0.0003,-1.0000,-1.0000,-1.0000,-1.0000,-1.0000,-1.0000,-1.0000,-1.0000,-1.0000,-1.0000,-1.0000,-1.0000,-1.0000,-1.0000,-1.0000,-1.0000,-1.0000,-1.0000,-1.0000,-1.0000,-1.0000,-1.0000,-1.0000,-1.0000,-1.0000,-1.0000,-1.0000,-1.0000,-1.0000,-1.0000,-1.0000,-1.0000,-1.0000,-1.0000,-1.0000,-1.0000,-1.0000,-1.0000,-1.0000,-1.0000,-1.0000,-1.0000,-1.0000,-1.0000,-1.0000,-1.0000,-1.0000,-1.0000,-1.0000,-1.0000,-1.0000,-1.0000,-1.0000,-1.0000,-1.0000,-1.0000,-1.0000,-1.0000,-1.0000,-1.0000,-1.0000,-1.0000,-1.0000,-1.0000,-1.0000,-1.0000,-1.0000,-1.0000,-1.0000,-1.0000,-1.0000,-1.0000,-1.0000,-1.0000,-1.0000,-1.0000,-1.0000,-1.0000,-1.0000,-1.0000,-1.0000,-1.0000,-1.0000,-1.0000,-1.0000,-1.0000,-1.0000,-1.0000,-1.0000,-1.0000,-1.0000,-1.0000,-1.0000,-1.0000,-1.0000,-1.0000,-1.0000,-1.0000,-1.0000,-1.0000,-1.0000,-1.0000,-1.0000,-1.0000,-1.0000,-1.0000,-1.0000,-1.0000,-1.0000,-1.0000,-1.0000,-1.0000,-1.0000,-1.0000,-1.0000,-1.0000,-1.0000,-1.0000,-1.0000,-1.0000,-1.0000,2.0002,2.0032,1.9521,1.9902,1.9682,2.0417,1.8712,1.8473,1.9212,1.8129,1.9152,1.8085,1.8899,1.8493,1.7941,1.8251,1.9210,2.0718,2.0821,2.0889,2.0813,2.0349,2.0237,2.0945,2.0055,2.0487,2.0597,2.0722,2.0231,1.9888,2.0481,2.0721,2.0968,2.0827,2.0778,2.0801,2.0731,2.0510,2.0635,2.0829,1.6639,1.7051,1.6787,1.6686,1.7064,1.6434,1.6001,1.7080,1.6470,1.5997,1.6055,1.6179,1.6874,1.5978,1.5803,1.6279,1.5971,1.5977,1.6458,1.5815,1.6695,1.6436,1.6173,0,1.0000,2.0308,4.6896,1.9317
11,0.0220,-0.3743,-1.7225,1.0365,2.0308,4.6896,1.7355,0.1110,0.1897,0.0001,1.0276,1.0000,-0.0001,0.0009,0.0010,-0.0124,-0.0016,0.0001,-0.0013,0.0014,0.0011,0.0124,-0.0010,0.0003,0.0008,-0.0016,-0.0006,-0.0044,0.0005,-0.0016,0.0015,0.0010,0.0000,0.0003,0.0000,-0.0000,0.0007,0.0003,-0.0014,0.0000,0.0003,0.0000,-0.0147,0.0049,-0.0285,-0.0383,0.1083,0.1947,-0.1879,-0.2891,0.0555,0.2232,0.2490,-0.0738,0.4846,-0.0641,0.0406,0.0939,-0.3590,-0.2388,-0.5230,0.0348,-0.2146,0.0398,0.0766,0.0046,0.0256,0.0046,0.0630,0.1998,0.0356,-0.3709,0.0024,0.0306,0.0003,-1.0000,-1.0000,-1.0000,-1.0000,-1.0000,-1.0000,-1.0000,-1.0000,-1.0000,-1.0000,-1.0000,-1.0000,-1.0000,-1.0000,-1.0000,-1.0000,-1.0000,-1.0000,-1.0000,-1.0000,-1.0000,-1.0000,-1.0000,-1.0000,-1.0000,-1.0000,-1.0000,-1.0000,-1.0000,-1.0000,-1.0000,-1.0000,-1.0000,-1.0000,-1.0000,-1.0000,-1.0000,-1.0000,-1.0000,-1.0000,-1.0000,-1.0000,-1.0000,-1.0000,-1.0000,-1.0000,-1.0000,-1.0000,-1.0000,-1.0000,-1.0000,-1.0000,-1.0000,-1.0000,-1.0000,-1.0000,-1.0000,-1.0000,-1.0000,-1.0000,-1.0000,-1.0000,-1.0000,-1.0000,-1.0000,-1.0000,-1.0000,-1.0000,-1.0000,-1.0000,-1.0000,-1.0000,-1.0000,-1.0000,-1.0000,-1.0000,-1.0000,-1.0000,-1.0000,-1.0000,-1.0000,-1.0000,-1.0000,-1.0000,-1.0000,-1.0000,-1.0000,-1.0000,-1.0000,-1.0000,-1.0000,-1.0000,-1.0000,-1.0000,-1.0000,-1.0000,-1.0000,-1.0000,-1.0000,-1.0000,-1.0000,-1.0000,-1.0000,-1.0000,-1.0000,-1.0000,-1.0000,-1.0000,-1.0000,-1.0000,-1.0000,-1.0000,-1.0000,-1.0000,-1.0000,-1.0000,-1.0000,-1.0000,-1.0000,-1.0000,-1.0000,2.0002,2.0032,1.9521,1.9902,1.9682,2.0417,1.8712,1.8473,1.9212,1.8129,1.9152,1.8085,1.8899,1.8493,1.7941,1.8251,1.9210,2.0718,2.0821,2.0889,2.0813,2.0349,2.0237,2.0945,2.0055,2.0487,2.0597,2.0722,2.0231,1.9888,2.0481,2.0721,2.0968,2.0827,2.0778,2.0801,2.0731,2.0510,2.0635,2.0829,1.6639,1.7051,1.6787,1.6686,1.7064,1.6434,1.6001,1.7080,1.6470,1.5997,1.6055,1.6179,1.6874,1.5978,1.5803,1.6279,1.5971,1.5977,1.6458,1.5815,1.6695,1.6436,1.6173,0,1.0000,2.0308,4.6896,1.9317
11,0.0220,-0.3743,-1.7225,1.0365,2.0308,4.6896,1.7355,0.1110,0.1897,0.0001,1.0276,1.0000,-0.0001,0.0009,0.0010,-0.0124,-0.0016,0.0001,-0.0013,0.0014,0.0011,0.0124,-0.0010,0.0003,0.0008,-0.0016,-0.0006,-0.0044,0.0005,-0.0016,0.0015,0.0010,0.0000,0.0003,0.0000,-0.0000,0.0007,0.0003,-0.0014,0.0000,0.0003,0.0000,-0.0147,0.0049,-0.0285,-0.0383,0.1083,0.1947,-0.1879,-0.2891,0.0555,0.2232,0.2490,-0.0738,0.4846,-0.0641,0.0406,0.0939,-0.3590,-0.2388,-0.5230,0.0348,-0.2146,0.0398,0.0766,0.0046,0.0256,0.0046,0.0630,0.1998,0.0356,-0.3709,0.0024,0.0306,0.0003,-1.0000,-1.0000,-1.0000,-1.0000,-1.0000,-1.0000,-1.0000,-1.0000,-1.0000,-1.0000,-1.0000,-1.0000,-1.0000,-1.0000,-1.0000,-1.0000,-1.0000,-1.0000,-1.0000,-1.0000,-1.0000,-1.0000,-1.0000,-1.0000,-1.0000,-1.0000,-1.0000,-1.0000,-1.0000,-1.0000,-1.0000,-1.0000,-1.0000,-1.0000,-1.0000,-1.0000,-1.0000,-1.0000,-1.0000,-1.0000,-1.0000,-1.0000,-1.0000,-1.0000,-1.0000,-1.0000,-1.0000,-1.0000,-1.0000,-1.0000,-1.0000,-1.0000,-1.0000,-1.0000,-1.0000,-1.0000,-1.0000,-1.0000,-1.0000,-1.0000,-1.0000,-1.0000,-1.0000,-1.0000,-1.0000,-1.0000,-1.0000,-1.0000,-1.0000,-1.0000,-1.0000,-1.0000,-1.0000,-1.0000,-1.0000,-1.0000,-1.0000,-1.0000,-1.0000,-1.0000,-1.0000,-1.0000,-1.0000,-1.0000,-1.0000,-1.0000,-1.0000,-1.0000,-1.0000,-1.0000,-1.0000,-1.0000,-1.0000,-1.0000,-1.0000,-1.0000,-1.0000,-1.0000,-1.0000,-1.0000,-1.0000,-1.0000,-1.0000,-1.0000,-1.0000,-1.0000,-1.0000,-1.0000,-1.0000,-1.0000,-1.0000,-1.0000,-1.0000,-1.0000,-1.0000,-1.0000,-1.0000,-1.0000,-1.0000,-1.0000,-1.0000,2.0002,2.0032,1.9521,1.9902,1.9682,2.0417,1.8712,1.8473,1.9212,1.8129,1.9152,1.8085,1.8899,1.8493,1.7941,1.8251,1.9210,2.0718,2.0821,2.0889,2.0813,2.0349,2.0237,2.0945,2.0055,2.0487,2.0597,2.0722,2.0231,1.9888,2.0481,2.0721,2.0968,2.0827,2.0778,2.0801,2.0731,2.0510,2.0635,2.0829,1.6639,1.7051,1.6787,1.6686,1.7064,1.6434,1.6001,1.7080,1.6470,1.5997,1.6055,1.6179,1.6874,1.5978,1.5803,1.6279,1.5971,1.5977,1.6458,1.5815,1.6695,1.6436,1.6173,0,1.0000,2.0308,4.6896,1.9317
11,0.0220,-0.3743,-1.7225,1.0365,2.0308,4.6896,1.7355,0.1110,0.1897,0.0001,1.0276,1.0000,-0.0001,0.0009,0.0010,-0.0124,-0.0016,0.0001,-0.0013,0.0014,0.0011,0.0124,-0.0010,0.0003,0.0008,-0.0016,-0.0006,-0.0044,0.0005,-0.0016,0.0015,0.0010,0.0000,0.0003,0.0000,-0.0000,0.0007,0.0003,-0.0014,0.0000,0.0003,0.0000,-0.0147,0.0049,-0.0285,-0.0383,0.1083,0.1947,-0.1879,-0.2891,0.0555,0.2232,0.2490,-0.0738,0.4846,-0.0641,0.0406,0.0939,-0.3590,-0.2388,-0.5230,0.0348,-0.2146,0.0398,0.0766,0.0046,0.0256,0.0046,0.0630,0.1998,0.0356,-0.3709,0.0024,0.0306,0.0003,-1.0000,-1.0000,-1.0000,-1.0000,-1.0000,-1.0000,-1.0000,-1.0000,-1.0000,-1.0000,-1.0000,-1.0000,-1.0000,-1.0000,-1.0000,-1.0000,-1.0000,-1.0000,-1.0000,-1.0000,-1.0000,-1.0000,-1.0000,-1.0000,-1.0000,-1.0000,-1.0000,-1.0000,-1.0000,-1.0000,-1.0000,-1.0000,-1.0000,-1.0000,-1.0000,-1.0000,-1.0000,-1.0000,-1.0000,-1.0000,-1.0000,-1.0000,-1.0000,-1.0000,-1.0000,-1.0000,-1.0000,-1.0000,-1.0000,-1.0000,-1.0000,-1.0000,-1.0000,-1.0000,-1.0000,-1.0000,-1.0000,-1.0000,-1.0000,-1.0000,-1.0000,-1.0000,-1.0000,-1.0000,-1.0000,-1.0000,-1.0000,-1.0000,-1.0000,-1.0000,-1.0000,-1.0000,-1.0000,-1.0000,-1.0000,-1.0000,-1.0000,-1.0000,-1.0000,-1.0000,-1.0000,-1.0000,-1.0000,-1.0000,-1.0000,-1.0000,-1.0000,-1.0000,-1.0000,-1.0000,-1.0000,-1.0000,-1.0000,-1.0000,-1.0000,-1.0000,-1.0000,-1.0000,-1.0000,-1.0000,-1.0000,-1.0000,-1.0000,-1.0000,-1.0000,-1.0000,-1.0000,-1.0000,-1.0000,-1.0000,-1.0000,-1.0000,-1.0000,-1.0000,-1.0000,-1.0000,-1.0000,-1.0000,-1.0000,-1.0000,-1.0000,2.0002,2.0032,1.9521,1.9902,1.9682,2.0417,1.8712,1.8473,1.9212,1.8129,1.9152,1.8085,1.8899,1.8493,1.7941,1.8251,1.9210,2.0718,2.0821,2.0889,2.0813,2.0349,2.0237,2.0945,2.0055,2.0487,2.0597,2.0722,2.0231,1.9888,2.0481,2.0721,2.0968,2.0827,2.0778,2.0801,2.0731,2.0510,2.0635,2.0829,1.6639,1.7051,1.6787,1.6686,1.7064,1.6434,1.6001,1.7080,1.6470,1.5997,1.6055,1.6179,1.6874,1.5978,1.5803,1.6279,1.5971,1.5977,1.6458,1.5815,1.6695,1.6436,1.6173,0,1.0000,2.0308,4.6896,1.9317
11,0.0220,-0.3743,-1.7225,1.0365,2.0308,4.6896,1.7355,0.1110,0.1897,0.0001,1.0276,1.0000,-0.0001,0.0009,0.0010,-0.0124,-0.0016,0.0001,-0.0013,0.0014,0.0011,0.0124,-0.0010,0.0003,0.0008,-0.0016,-0.0006,-0.0044,0.0005,-0.0016,0.0015,0.0010,0.0000,0.0003,0.0000,-0.0000,0.0007,0.0003,-0.0014,0.0000,0.0003,0.0000,-0.0147,0.0049,-0.0285,-0.0383,0.1083,0.1947,-0.1879,-0.2891,0.0555,0.2232,0.2490,-0.0738,0.4846,-0.0641,0.0406,0.0939,-0.3590,-0.2388,-0.5230,0.0348,-0.2146,0.0398,0.0766,0.0046,0.0256,0.0046,0.0630,0.1998,0.0356,-0.3709,0.0024,0.0306,0.0003,-1.0000,-1.0000,-1.0000,-1.0000,-1.0000,-1.0000,-1.0000,-1.0000,-1.0000,-1.0000,-1.0000,-1.0000,-1.0000,-1.0000,-1.0000,-1.0000,-1.0000,-1.0000,-1.0000,-1.0000,-1.0000,-1.0000,-1.0000,-1.0000,-1.0000,-1.0000,-1.0000,-1.0000,-1.0000,-1.0000,-1.0000,-1.0000,-1.0000,-1.0000,-1.0000,-1.0000,-1.0000,-1.0000,-1.0000,-1.0000,-1.0000,-1.0000,-1.0000,-1.0000,-1.0000,-1.0000,-1.0000,-1.0000,-1.0000,-1.0000,-1.0000,-1.0000,-1.0000,-1.0000,-1.0000,-1.0000,-1.0000,-1.0000,-1.0000,-1.0000,-1.0000,-1.0000,-1.0000,-1.0000,-1.0000,-1.0000,-1.0000,-1.0000,-1.0000,-1.0000,-1.0000,-1.0000,-1.0000,-1.0000,-1.0000,-1.0000,-1.0000,-1.0000,-1.0000,-1.0000,-1.0000,-1.0000,-1.0000,-1.0000,-1.0000,-1.0000,-1.0000,-1.0000,-1.0000,-1.0000,-1.0000,-1.0000,-1.0000,-1.0000,-1.0000,-1.0000,-1.0000,-1.0000,-1.0000,-1.0000,-1.0000,-1.0000,-1.0000,-1.0000,-1.0000,-1.0000,-1.0000,-1.0000,-1.0000,-1.0000,-1.0000,-1.0000,-1.0000,-1.0000,-1.0000,-1.0000,-1.0000,-1.0000,-1.0000,-1.0000,-1.0000,2.0002,2.0032,1.9521,1.9902,1.9682,2.0417,1.8712,1.8473,1.9212,1.8129,1.9152,1.8085,1.8899,1.8493,1.7941,1.8251,1.9210,2.0718,2.0821,2.0889,2.0813,2.0349,2.0237,2.0945,2.0055,2.0487,2.0597,2.0722,2.0231,1.9888,2.0481,2.0721,2.0968,2.0827,2.0778,2.0801,2.0731,2.0510,2.0635,2.0829,1.6639,1.7051,1.6787,1.6686,1.7064,1.6434,1.6001,1.7080,1.6470,1.5997,1.6055,1.6179,1.6874,1.5978,1.5803,1.6279,1.5971,1.5977,1.6458,1.5815,1.6695,1.6436,1.6173,0,1.0000,2.0308,4.6896,1.9317
11,0.0220,-0.3743,-1.7225,1.0365,2.0308,4.6896,1.7355,0.1110,0.1897,0.0001,1.0276,1.0000,-0.0001,0.0009,0.0010,-0.0124,-0.0016,0.0001,-0.0013,0.0014,0.0011,0.0124,-0.0010,0.0003,0.0008,-0.0016,-0.0006,-0.0044,0.0005,-0.0016,0.0015,0.0010,0.0000,0.0003,0.0000,-0.0000,0.0007,0.0003,-0.0014,0.0000,0.0003,0.0000,-0.0147,0.0049,-0.0285,-0.0383,0.1083,0.1947,-0.1879,-0.2891,0.0555,0.2232,0.2490,-0.0738,0.4846,-0.0641,0.0406,0.0939,-0.3590,-0.2388,-0.5230,0.0348,-0.2146,0.0398,0.0766,0.0046,0.0256,0.0046,0.0630,0.1998,0.0356,-0.3709,0.0024,0.0306,0.0003,-1.0000,-1.0000,-1.0000,-1.0000,-1.0000,-1.0000,-1.0000,-1.0000,-1.0000,-1.0000,-1.0000,-1.0000,-1.0000,-1.0000,-1.0000,-1.0000,-1.0000,-1.0000,-1.0000,-1.0000,-1.0000,-1.0000,-1.0000,-1.0000,-1.0000,-1.0000,-1.0000,-1.0000,-1.0000,-1.0000,-1.0000,-1.0000,-1.0000,-1.0000,-1.0000,-1.0000,-1.0000,-1.0000,-1.0000,-1.0000,-1.0000,-1.0000,-1.0000,-1.0000,-1.0000,-1.0000,-1.0000,-1.0000,-1.0000,-1.0000,-1.0000,-1.0000,-1.0000,-1.0000,-1.0000,-1.0000,-1.0000,-1.0000,-1.0000,-1.0000,-1.0000,-1.0000,-1.0000,-1.0000,-1.0000,-1.0000,-1.0000,-1.0000,-1.0000,-1.0000,-1.0000,-1.0000,-1.0000,-1.0000,-1.0000,-1.0000,-1.0000,-1.0000,-1.0000,-1.0000,-1.0000,-1.0000,-1.0000,-1.0000,-1.0000,-1.0000,-1.0000,-1.0000,-1.0000,-1.0000,-1.0000,-1.0000,-1.0000,-1.0000,-1.0000,-1.0000,-1.0000,-1.0000,-1.0000,-1.0000,-1.0000,-1.0000,-1.0000,-1.0000,-1.0000,-1.0000,-1.0000,-1.0000,-1.0000,-1.0000,-1.0000,-1.0000,-1.0000,-1.0000,-1.0000,-1.0000,-1.0000,-1.0000,-1.0000,-1.0000,-1.0000,2.0002,2.0032,1.9521,1.9902,1.9682,2.0417,1.8712,1.8473,1.9212,1.8129,1.9152,1.8085,1.8899,1.8493,1.7941,1.8251,1.9210,2.0718,2.0821,2.0889,2.0813,2.0349,2.0237,2.0945,2.0055,2.0487,2.0597,2.0722,2.0231,1.9888,2.0481,2.0721,2.0968,2.0827,2.0778,2.0801,2.0731,2.0510,2.0635,2.0829,1.6639,1.7051,1.6787,1.6686,1.7064,1.6434,1.6001,1.7080,1.6470,1.5997,1.6055,1.6179,1.6874,1.5978,1.5803,1.6279,1.5971,1.5977,1.6458,1.5815,1.6695,1.6436,1.6173,0,1.0000,2.0308,4.6896,1.9317
11,0.0220,-0.3743,-1.7225,1.0365,2.0308,4.6896,1.7355,0.1110,0.1897,0.0001,1.0276,1.0000,-0.0001,0.0009,0.0010,-0.0124,-0.0016,0.0001,-0.0013,0.0014,0.0011,0.0124,-0.0010,0.0003,0.0008,-0.0016,-0.0006,-0.0044,0.0005,-0.0016,0.0015,0.0010,0.0000,0.0003,0.0000,-0.0000,0.0007,0.0003,-0.0014,0.0000,0.0003,0.0000,-0.0147,0.0049,-0.0285,-0.0383,0.1083,0.1947,-0.1879,-0.2891,0.0555,0.2232,0.2490,-0.0738,0.4846,-0.0641,0.0406,0.0939,-0.3590,-0.2388,-0.5230,0.0348,-0.2146,0.0398,0.0766,0.0046,0.0256,0.0046,0.0630,0.1998,0.0356,-0.3709,0.0024,0.0306,0.0003,-1.0000,-1.0000,-1.0000,-1.0000,-1.0000,-1.0000,-1.0000,-1.0000,-1.0000,-1.0000,-1.0000,-1.0000,-1.0000,-1.0000,-1.0000,-1.0000,-1.0000,-1.0000,-1.0000,-1.0000,-1.0000,-1.0000,-1.0000,-1.0000,-1.0000,-1.0000,-1.0000,-1.0000,-1.0000,-1.0000,-1.0000,-1.0000,-1.0000,-1.0000,-1.0000,-1.0000,-1.0000,-1.0000,-1.0000,-1.0000,-1.0000,-1.0000,-1.0000,-1.0000,-1.0000,-1.0000,-1.0000,-1.0000,-1.0000,-1.0000,-1.0000,-1.0000,-1.0000,-1.0000,-1.0000,-1.0000,-1.0000,-1.0000,-1.0000,-1.0000,-1.0000,-1.0000,-1.0000,-1.0000,-1.0000,-1.0000,-1.0000,-1.0000,-1.0000,-1.0000,-1.0000,-1.0000,-1.0000,-1.0000,-1.0000,-1.0000,-1.0000,-1.0000,-1.0000,-1.0000,-1.0000,-1.0000,-1.0000,-1.0000,-1.0000,-1.0000,-1.0000,-1.0000,-1.0000,-1.0000,-1.0000,-1.0000,-1.0000,-1.0000,-1.0000,-1.0000,-1.0000,-1.0000,-1.0000,-1.0000,-1.0000,-1.0000,-1.0000,-1.0000,-1.0000,-1.0000,-1.0000,-1.0000,-1.0000,-1.0000,-1.0000,-1.0000,-1.0000,-1.0000,-1.0000,-1.0000,-1.0000,-1.0000,-1.0000,-1.0000,-1.0000,2.0002,2.0032,1.9521,1.9902,1.9682,2.0417,1.8712,1.8473,1.9212,1.8129,1.9152,1.8085,1.8899,1.8493,1.7941,1.8251,1.9210,2.0718,2.0821,2.0889,2.0813,2.0349,2.0237,2.0945,2.0055,2.0487,2.0597,2.0722,2.0231,1.9888,2.0481,2.0721,2.0968,2.0827,2.0778,2.0801,2.0731,2.0510,2.0635,2.0829,1.6639,1.7051,1.6787,1.6686,1.7064,1.6434,1.6001,1.7080,1.6470,1.5997,1.6055,1.6179,1.6874,1.5978,1.5803,1.6279,1.5971,1.5977,1.6458,1.5815,1.6695,1.6436,1.6173,0,1.0000,2.0308,4.6896,1.9317
12,0.0240,-0.3703,-1.7131,1.0399,2.0308,4.6896,1.7158,0.1110,0.1896,0.0001,1.0275,1.0000,-0.0002,0.0010,0.0014,-0.0128,-0.0025,0.0002,-0.0004,0.0017,0.0006,0.0135,-0.0011,0.0005,0.0009,-0.0025,-0.0008,-0.0061,0.0005,-0.0021,0.0016,0.0012,0.0000,0.0003,0.0000,0.0001,0.0013,0.0005,-0.0025,0.0000,0.0003,0.0000,-0.0183,0.0045,-0.0233,-0.0554,0.1144,0.3413,-0.2344,-0.4307,0.0726,0.4327,0.1504,-0.2345,0.5062,-0.0172,0.0680,0.0740,-0.4757,-0.1296,-0.8415,-0.0023,-0.2523,0.0363,0.0941,0.0058,0.0301,0.0067,0.0568,0.3160,0.0844,-0.5452,0.0027,0.0402,0.0001,-1.0000,-1.0000,-1.0000,-1.0000,-1.0000,-1.0000,-1.0000,-1.0000,-1.0000,-1.0000,-1.0000,-1.0000,-1.0000,-1.0000,-1.0000,-1.0000,-1.0000,-1.0000,-1.0000,-1.0000,-1.0000,-1.0000,-1.0000,-1.0000,-1.0000,-1.0000,-1.0000,-1.0000,-1.0000,-1.0000,-1.0000,-1.0000,-1.0000,-1.0000,-1.0000,-1.0000,-1.0000,-1.0000,-1.0000,-1.0000,-1.0000,-1.0000,-1.0000,-1.0000,-1.0000,-1.0000,-1.0000,-1.0000,-1.0000,-1.0000,-1.0000,-1.0000,-1.0000,-1.0000,-1.0000,-1.0000,-1.0000,-1.0000,-1.0000,-1.0000,-1.0000,-1.0000,-1.0000,-1.0000,-1.0000,-1.0000,-1.0000,-1.0000,-1.0000,-1.0000,-1.0000,-1.0000,-1.0000,-1.0000,-1.0000,-1.0000,-1.0000,-1.0000,-1.0000,-1.0000,-1.0000,-1.0000,-1.0000,-1.0000,-1.0000,-1.0000,-1.0000,-1.0000,-1.0000,-1.0000,-1.0000,-1.0000,-1.0000,-1.0000,-1.0000,-1.0000,-1.0000,-1.0000,-1.0000,-1.0000,-1.0000,-1.0000,-1.0000,-1.0000,-1.0000,-1.0000,-1.0000,-1.0000,-1.0000,-1.0000,-1.0000,-1.0000,-1.0000,-1.0000,-1.0000,-1.0000,-1.0000,-1.0000,-1.0000,-1.0000,-1.0000,1.9895,1.9924,1.9414,1.9795,1.9575,2.0310,1.8609,1.8367,1.9105,1.8024,1.9047,1.7978,1.8794,1.8386,1.7837,1.8146,1.9104,2.0612,2.0715,2.0783,2.0707,2.0243,2.0132,2.0840,1.9949,2.0381,2.0493,2.0617,2.0127,1.9783,2.0377,2.0617,2.0863,2.0723,2.0674,2.0696,2.0628,2.0405,2.0531,2.0725,1.6532,1.6943,1.6679,1.6579,1.6957,1.6328,1.5894,1.6974,1.6365,1.5892,1.5949,1.6075,1.6768,1.5874,1.5700,1.6175,1.5867,1.5874,1.6353,1.5712,1.6591,1.6333,1.6070,0,1.0000,2.0308,4.6896,1.9317
12,0.0240,-0.3703,-1.7131,1.0399,2.0308,4.6896,1.7158,0.1110,0.1896,0.0001,1.0275,1.0000,-0.0002,0.0010,0.0014,-0.0128,-0.0025,0.0002,-0.0004,0.0017,0.0006,0.0135,-0.0011,0.0005,0.0009,-0.0025,-0.0008,-0.0061,0.0005,-0.0021,0.0016,0.0012,0.0000,0.0003,0.0000,0.0001,0.0013,0.0005,-0.0025,0.0000,0.0003,0.0000,-0.0183,0.0045,-0.0233,-0.0554,0.1144,0.3413,-0.2344,-0.4307,0.0726,0.4327,0.1504,-0.2345,0.5062,-0.0172,0.0680,0.0740,-0.4757,-0.1296,-0.8415,-0.0023,-0.2523,0.0363,0.0941,0.0058,0.0301,0.0067,0.0568,0.3160,0.0844,-0.5452,0.0027,0.0402,0.0001,-1.0000,-1.0000,-1.0000,-1.0000,-1.0000,-1.0000,-1.0000,-1.0000,-1.0000,-1.0000,-1.0000,-1.0000,-1.0000,-1.0000,-1.0000,-1.0000,-1.0000,-1.0000,-1.0000,-1.0000,-1.0000,-1.0000,-1.0000,-1.0000,-1.0000,-1.0000,-1.0000,-1.0000,-1.0000,-1.0000,-1.0000,-1.0000,-1.0000,-1.0000,-1.0000,-1.0000,-1.0000,-1.0000,-1.0000,-1.0000,-1.0000,-1.0000,-1.0000,-1.0000,-1.0000,-1.0000,-1.0000,-1.0000,-1.0000,-1.0000,-1.0000,-1.0000,-1.0000,-1.0000,-1.0000,-1.0000,-1.0000,-1.0000,-1.0000,-1.0000,-1.0000,-1.0000,-1.0000,-1.0000,-1.0000,-1.0000,-1.0000,-1.0000,-1.0000,-1.0000,-1.0000,-1.0000,-1.0000,-1.0000,-1.0000,-1.0000,-1.0000,-1.0000,-1.0000,-1.0000,-1.0000,-1.0000,-1.0000,-1.0000,-1.0000,-1.0000,-1.0000,-1.0000,-1.0000,-1.0000,-1.0000,-1.0000,-1.0000,-1.0000,-1.0000,-1.0000,-1.0000,-1.0000,-1.0000,-1.0000,-1.0000,-1.0000,-1.0000,-1.0000,-1.0000,-1.0000,-1.0000,-1.0000,-1.0000,-1.0000,-1.0000,-1.0000,-1.0000,-1.0000,-1.0000,-1.0000,-1.0000,-1.0000,-1.0000,-1.0000,-1.0000,1.9895,1.9924,1.9414,1.9795,1.9575,2.0310,1.8609,1.8367,1.9105,1.8024,1.9047,1.7978,1.8794,1.8386,1.7837,1.8146,1.9104,2.0612,2.0715,2.0783,2.0707,2.0243,2.0132,2.0840,1.9949,2.0381,2.0493,2.0617,2.0127,1.9783,2.0377,2.0617,2.0863,2.0723,2.0674,2.0696,2.0628,2.0405,2.0531,2.0725,1.6532,1.6943,1.6679,1.6579,1.6957,1.6328,1.5894,1.6974,1.6365,1.5892,1.5949,1.6075,1.6768,1.5874,1.5700,1.6175,1.5867,1.5874,1.6353,1.5712,1.6591,1.6333,1.6070,0,1.0000,2.0308,4.6896,1.9317
12,0.0240,-0.3703,-1.7131,1.0399,2.0308,4.6896,1.7158,0.1110,0.1896,0.0001,1.0275,1.0000,-0.0002,0.0010,0.0014,-0.0128,-0.0025,0.0002,-0.0004,0.0017,0.0006,0.0135,-0.0011,0.0005,0.0009,-0.0025,-0.0008,-0.0061,0.0005,-0.0021,0.0016,0.0012,0.0000,0.0003,0.0000,0.0001,0.0013,0.0005,-0.0025,0.0000,0.0003,0.0000,-0.0183,0.0045,-0.0233,-0.0554,0.1144,0.3413,-0.2344,-0.4307,0.0726,0.4327,0.1504,-0.2345,0.5062,-0.0172,0.0680,0.0740,-0.4757,-0.1296,-0.8415,-0.0023,-0.2523,0.0363,0.0941,0.0058,0.0301,0.0067,0.0568,0.3160,0.0844,-0.5452,0.0027,0.0402,0.0001,-1.0000,-1.0000,-1.0000,-1.0000,-1.0000,-1.0000,-1.0000,-1.0000,-1.0000,-1.0000,-1.0000,-1.0000,-1.0000,-1.0000,-1.0000,-1.0000,-1.0000,-1.0000,-1.0000,-1.0000,-1.0000,-1.0000,-1.0000,-1.0000,-1.0000,-1.0000,-1.0000,-1.0000,-1.0000,-1.0000,-1.0000,-1.0000,-1.0000,-1.0000,-1.0000,-1.0000,-1.0000,-1.0000,-1.0000,-1.0000,-1.0000,-1.0000,-1.0000,-1.0000,-1.0000,-1.0000,-1.0000,-1.0000,-1.0000,-1.0000,-1.0000,-1.0000,-1.0000,-1.0000,-1.0000,-1.0000,-1.0000,-1.0000,-1.0000,-1.0000,-1.0000,-1.0000,-1.0000,-1.0000,-1.0000,-1.0000,-1.0000,-1.0000,-1.0000,-1.0000,-1.0000,-1.0000,-1.0000,-1.0000,-1.0000,-1.0000,-1.0000,-1.0000,-1.0000,-1.0000,-1.0000,-1.0000,-1.0000,-1.0000,-1.0000,-1.0000,-1.0000,-1.0000,-1.0000,-1.0000,-1.0000,-1.0000,-1.0000,-1.0000,-1.0000,-1.0000,-1.0000,-1.0000,-1.0000,-1.0000,-1.0000,-1.0000,-1.0000,-1.0000,-1.0000,-1.0000,-1.0000,-1.0000,-1.0000,-1.0000,-1.0000,-1.0000,-1.0000,-1.0000,-1.0000,-1.0000,-1.0000,-1.0000,-1.0000,-1.0000,-1.0000,1.9895,1.9924,1.9414,1.9795,1.9575,2.0310,1.8609,1.8367,1.9105,1.8024,1.9047,1.7978,1.8794,1.8386,1.7837,1.8146,1.9104,2.0612,2.0715,2.0783,2.0707,2.0243,2.0132,2.0840,1.9949,2.0381,2.0493,2.0617,2.0127,1.9783,2.0377,2.0617,2.0863,2.0723,2.0674,2.0696,2.0628,2.0405,2.0531,2.0725,1.6532,1.6943,1.6679,1.6579,1.6957,1.6328,1.5894,1.6974,1.6365,1.5892,1.5949,1.6075,1.6768,1.5874,1.5700,1.6175,1.5867,1.5874,1.6353,1.5712,1.6591,1.6333,1.6070,0,1.0000,2.0308,4.6896,1.9317
12,0.0240,-0.3703,-1.7131,1.0399,2.0308,4.6896,1.7158,0.1110,0.1896,0.0001,1.0275,1.0000,-0.0002,0.0010,0.0014,-0.0128,-0.0025,0.0002,-0.0004,0.0017,0.0006,0.0135,-0.0011,0.0005,0.0009,-0.0025,-0.0008,-0.0061,0.0005,-0.0021,0.0016,0.0012,0.0000,0.0003,0.0000,0.0001,0.0013,0.0005,-0.0025,0.0000,0.0003,0.0000,-0.0183,0.0045,-0.0233,-0.0554,0.1144,0.3413,-0.2344,-0.4307,0.0726,0.4327,0.1504,-0.2345,0.5062,-0.0172,0.0680,0.0740,-0.4757,-0.1296,-0.8415,-0.0023,-0.2523,0.0363,0.0941,0.0058,0.0301,0.0067,0.0568,0.3160,0.0844,-0.5452,0.0027,0.0402,0.0001,-1.0000,-1.0000,-1.0000,-1.0000,-1.0000,-1.0000,-1.0000,-1.0000,-1.0000,-1.0000,-1.0000,-1.0000,-1.0000,-1.0000,-1.0000,-1.0000,-1.0000,-1.0000,-1.0000,-1.0000,-1.0000,-1.0000,-1.0000,-1.0000,-1.0000,-1.0000,-1.0000,-1.0000,-1.0000,-1.0000,-1.0000,-1.0000,-1.0000,-1.0000,-1.0000,-1.0000,-1.0000,-1.0000,-1.0000,-1.0000,-1.0000,-1.0000,-1.0000,-1.0000,-1.0000,-1.0000,-1.0000,-1.0000,-1.0000,-1.0000,-1.0000,-1.0000,-1.0000,-1.0000,-1.0000,-1.0000,-1.0000,-1.0000,-1.0000,-1.0000,-1.0000,-1.0000,-1.0000,-1.0000,-1.0000,-1.0000,-1.0000,-1.0000,-1.0000,-1.0000,-1.0000,-1.0000,-1.0000,-1.0000,-1.0000,-1.0000,-1.0000,-1.0000,-1.0000,-1.0000,-1.0000,-1.0000,-1.0000,-1.0000,-1.0000,-1.0000,-1.0000,-1.0000,-1.0000,-1.0000,-1.0000,-1.0000,-1.0000,-1.0000,-1.0000,-1.0000,-1.0000,-1.0000,-1.0000,-1.0000,-1.0000,-1.0000,-1.0000,-1.0000,-1.0000,-1.0000,-1.0000,-1.0000,-1.0000,-1.0000,-1.0000,-1.0000,-1.0000,-1.0000,-1.0000,-1.0000,-1.0000,-1.0000,-1.0000,-1.0000,-1.0000,1.9895,1.9924,1.9414,1.9795,1.9575,2.0310,1.8609,1.8367,1.9105,1.8024,1.9047,1.7978,1.8794,1.8386,1.7837,1.8146,1.9104,2.0612,2.0715,2.0783,2.0707,2.0243,2.0132,2.0840,1.9949,2.0381,2.0493,2.0617,2.0127,1.9783,2.0377,2.0617,2.0863,2.0723,2.0674,2.0696,2.0628,2.0405,2.0531,2.0725,1.6532,1.6943,1.6679,1.6579,1.6957,1.6328,1.5894,1.6974,1.6365,1.5892,1.5949,1.6075,1.6768,1.5874,1.5700,1.6175,1.5867,1.5874,1.6353,1.5712,1.6591,1.6333,1.6070,0,1.0000,2.0308,4.6896,1.9317
12,0.0240,-0.3703,-1.7131,1.0399,2.0308,4.6896,1.7158,0.1110,0.1896,0.0001,1.0275,1.0000,-0.0002,0.0010,0.0014,-0.0128,-0.0025,0.0002,-0.0004,0.0017,0.0006,0.0135,-0.0011,0.0005,0.0009,-0.0025,-0.0008,-0.0061,0.0005,-0.0021,0.0016,0.0012,0.0000,0.0003,0.0000,0.0001,0.0013,0.0005,-0.0025,0.0000,0.0003,0.0000,-0.0183,0.0045,-0.0233,-0.0554,0.1144,0.3413,-0.2344,-0.4307,0.0726,0.4327,0.1504,-0.2345,0.5062,-0.0172,0.0680,0.0740,-0.4757,-0.1296,-0.8415,-0.0023,-0.2523,0.0363,0.0941,0.0058,0.0301,0.0067,0.0568,0.3160,0.0844,-0.5452,0.0027,0.0402,0.0001,-1.0000,-1.0000,-1.0000,-1.0000,-1.0000,-1.0000,-1.0000,-1.0000,-1.0000,-1.0000,-1.0000,-1.0000,-1.0000,-1.0000,-1.0000,-1.0000,-1.0000,-1.0000,-1.0000,-1.0000,-1.0000,-1.0000,-1.0000,-1.0000,-1.0000,-1.0000,-1.0000,-1.0000,-1.0000,-1.0000,-1.0000,-1.0000,-1.0000,-1.0000,-1.0000,-1.0000,-1.0000,-1.0000,-1.0000,-1.0000,-1.0000,-1.0000,-1.0000,-1.0000,-1.0000,-1.0000,-1.0000,-1.0000,-1.0000,-1.0000,-1.0000,-1.0000,-1.0000,-1.0000,-1.0000,-1.0000,-1.0000,-1.0000,-1.0000,-1.0000,-1.0000,-1.0000,-1.0000,-1.0000,-1.0000,-1.0000,-1.0000,-1.0000,-1.0000,-1.0000,-1.0000,-1.0000,-1.0000,-1.0000,-1.0000,-1.0000,-1.0000,-1.0000,-1.0000,-1.0000,-1.0000,-1.0000,-1.0000,-1.0000,-1.0000,-1.0000,-1.0000,-1.0000,-1.0000,-1.0000,-1.0000,-1.0000,-1.0000,-1.0000,-1.0000,-1.0000,-1.0000,-1.0000,-1.0000,-1.0000,-1.0000,-1.0000,-1.0000,-1.0000,-1.0000,-1.0000,-1.0000,-1.0000,-1.0000,-1.0000,-1.0000,-1.0000,-1.0000,-1.0000,-1.0000,-1.0000,-1.0000,-1.0000,-1.0000,-1.0000,-1.0000,1.9895,1.9924,1.9414,1.9795,1.9575,2.0310,1.8609,1.8367,1.9105,1.8024,1.9047,1.7978,1.8794,1.8386,1.7837,1.8146,1.9104,2.0612,2.0715,2.0783,2.0707,2.0243,2.0132,2.0840,1.9949,2.0381,2.0493,2.0617,2.0127,1.9783,2.0377,2.0617,2.0863,2.0723,2.0674,2.0696,2.0628,2.0405,2.0531,2.0725,1.6532,1.6943,1.6679,1.6579,1.6957,1.6328,1.5894,1.6974,1.6365,1.5892,1.5949,1.6075,1.6768,1.5874,1.5700,1.6175,1.5867,1.5874,1.6353,1.5712,1.6591,1.6333,1.6070,0,1.0000,2.0308,4.6896,1.9317
12,0.0240,-0.3703,-1.7131,1.0399,2.0308,4.6896,1.7158,0.1110,0.1896,0.0001,1.0275,1.0000,-0.0002,0.0010,0.0014,-0.0128,-0.0025,0.0002,-0.0004,0.0017,0.0006,0.0135,-0.0011,0.0005,0.0009,-0.0025,-0.0008,-0.0061,0.0005,-0.0021,0.0016,0.0012,0.0000,0.0003,0.0000,0.0001,0.0013,0.0005,-0.0025,0.0000,0.0003,0.0000,-0.0183,0.0045,-0.0233,-0.0554,0.1144,0.3413,-0.2344,-0.4307,0.0726,0.4327,0.1504,-0.2345,0.5062,-0.0172,0.0680,0.0740,-0.4757,-0.1296,-0.8415,-0.0023,-0.2523,0.0363,0.0941,0.0058,0.0301,0.0067,0.0568,0.3160,0.0844,-0.5452,0.0027,0.0402,0.0001,-1.0000,-1.0000,-1.0000,-1.0000,-1.0000,-1.0000,-1.0000,-1.0000,-1.0000,-1.0000,-1.0000,-1.0000,-1.0000,-1.0000,-1.0000,-1.0000,-1.0000,-1.0000,-1.0000,-1.0000,-1.0000,-1.0000,-1.0000,-1.0000,-1.0000,-1.0000,-1.0000,-1.0000,-1.0000,-1.0000,-1.0000,-1.0000,-1.0000,-1.0000,-1.0000,-1.0000,-1.0000,-1.0000,-1.0000,-1.0000,-1.0000,-1.0000,-1.0000,-1.0000,-1.0000,-1.0000,-1.0000,-1.0000,-1.0000,-1.0000,-1.0000,-1.0000,-1.0000,-1.0000,-1.0000,-1.0000,-1.0000,-1.0000,-1.0000,-1.0000,-1.0000,-1.0000,-1.0000,-1.0000,-1.0000,-1.0000,-1.0000,-1.0000,-1.0000,-1.0000,-1.0000,-1.0000,-1.0000,-1.0000,-1.0000,-1.0000,-1.0000,-1.0000,-1.0000,-1.0000,-1.0000,-1.0000,-1.0000,-1.0000,-1.0000,-1.0000,-1.0000,-1.0000,-1.0000,-1.0000,-1.0000,-1.0000,-1.0000,-1.0000,-1.0000,-1.0000,-1.0000,-1.0000,-1.0000,-1.0000,-1.0000,-1.0000,-1.0000,-1.0000,-1.0000,-1.0000,-1.0000,-1.0000,-1.0000,-1.0000,-1.0000,-1.0000,-1.0000,-1.0000,-1.0000,-1.0000,-1.0000,-1.0000,-1.0000,-1.0000,-1.0000,1.9895,1.9924,1.9414,1.9795,1.9575,2.0310,1.8609,1.8367,1.9105,1.8024,1.9047,1.7978,1.8794,1.8386,1.7837,1.8146,1.9104,2.0612,2.0715,2.0783,2.0707,2.0243,2.0132,2.0840,1.9949,2.0381,2.0493,2.0617,2.0127,1.9783,2.0377,2.0617,2.0863,2.0723,2.0674,2.0696,2.0628,2.0405,2.0531,2.0725,1.6532,1.6943,1.6679,1.6579,1.6957,1.6328,1.5894,1.6974,1.6365,1.5892,1.5949,1.6075,1.6768,1.5874,1.5700,1.6175,1.5867,1.5874,1.6353,1.5712,1.6591,1.6333,1.6070,0,1.0000,2.0308,4.6896,1.9317
12,0.0240,-0.3703,-1.7131,1.0399,2.0308,4.6896,1.7158,0.1110,0.1896,0.0001,1.0275,1.0000,-0.0002,0.0010,0.0014,-0.0128,-0.0025,0.0002,-0.0004,0.0017,0.0006,0.0135,-0.0011,0.0005,0.0009,-0.0025,-0.0008,-0.0061,0.0005,-0.0021,0.0016,0.0012,0.0000,0.0003,0.0000,0.0001,0.0013,0.0005,-0.0025,0.0000,0.0003,0.0000,-0.0183,0.0045,-0.0233,-0.0554,0.1144,0.3413,-0.2344,-0.4307,0.0726,0.4327,0.1504,-0.2345,0.5062,-0.0172,0.0680,0.0740,-0.4757,-0.1296,-0.8415,-0.0023,-0.2523,0.0363,0.0941,0.0058,0.0301,0.0067,0.0568,0.3160,0.0844,-0.5452,0.0027,0.0402,0.0001,-1.0000,-1.0000,-1.0000,-1.0000,-1.0000,-1.0000,-1.0000,-1.0000,-1.0000,-1.0000,-1.0000,-1.0000,-1.0000,-1.0000,-1.0000,-1.0000,-1.0000,-1.0000,-1.0000,-1.0000,-1.0000,-1.0000,-1.0000,-1.0000,-1.0000,-1.0000,-1.0000,-1.0000,-1.0000,-1.0000,-1.0000,-1.0000,-1.0000,-1.0000,-1.0000,-1.0000,-1.0000,-1.0000,-1.0000,-1.0000,-1.0000,-1.0000,-1.0000,-1.0000,-1.0000,-1.0000,-1.0000,-1.0000,-1.0000,-1.0000,-1.0000,-1.0000,-1.0000,-1.0000,-1.0000,-1.0000,-1.0000,-1.0000,-1.0000,-1.0000,-1.0000,-1.0000,-1.0000,-1.0000,-1.0000,-1.0000,-1.0000,-1.0000,-1.0000,-1.0000,-1.0000,-1.0000,-1.0000,-1.0000,-1.0000,-1.0000,-1.0000,-1.0000,-1.0000,-1.0000,-1.0000,-1.0000,-1.0000,-1.0000,-1.0000,-1.0000,-1.0000,-1.0000,-1.0000,-1.0000,-1.0000,-1.0000,-1.0000,-1.0000,-1.0000,-1.0000,-1.0000,-1.0000,-1.0000,-1.0000,-1.0000,-1.0000,-1.0000,-1.0000,-1.0000,-1.0000,-1.0000,-1.0000,-1.0000,-1.0000,-1.0000,-1.0000,-1.0000,-1.0000,-1.0000,-1.0000,-1.0000,-1.0000,-1.0000,-1.0000,-1.0000,1.9895,1.9924,1.9414,1.9795,1.9575,2.0310,1.8609,1.8367,1.9105,1.8024,1.9047,1.7978,1.8794,1.8386,1.7837,1.8146,1.9104,2.0612,2.0715,2.0783,2.0707,2.0243,2.0132,2.0840,1.9949,2.0381,2.0493,2.0617,2.0127,1.9783,2.0377,2.0617,2.0863,2.0723,2.0674,2.0696,2.0628,2.0405,2.0531,2.0725,1.6532,1.6943,1.6679,1.6579,1.6957,1.6328,1.5894,1.6974,1.6365,1.5892,1.5949,1.6075,1.6768,1.5874,1.5700,1.6175,1.5867,1.5874,1.6353,1.5712,1.6591,1.6333,1.6070,0,1.0000,2.0308,4.6896,1.9317
12,0.0240,-0.3703,-1.7131,1.0399,2.0308,4.6896,1.7158,0.1110,0.1896,0.0001,1.0275,1.0000,-0.0002,0.0010,0.0014,-0.0128,-0.0025,0.0002,-0.0004,0.0017,0.0006,0.0135,-0.0011,0.0005,0.0009,-0.0025,-0.0008,-0.0061,0.0005,-0.0021,0.0016,0.0012,0.0000,0.0003,0.0000,0.0001,0.0013,0.0005,-0.0025,0.0000,0.0003,0.0000,-0.0183,0.0045,-0.0233,-0.0554,0.1144,0.3413,-0.2344,-0.4307,0.0726,0.4327,0.1504,-0.2345,0.5062,-0.0172,0.0680,0.0740,-0.4757,-0.1296,-0.8415,-0.0023,-0.2523,0.0363,0.0941,0.0058,0.0301,0.0067,0.0568,0.3160,0.0844,-0.5452,0.0027,0.0402,0.0001,-1.0000,-1.0000,-1.0000,-1.0000,-1.0000,-1.0000,-1.0000,-1.0000,-1.0000,-1.0000,-1.0000,-1.0000,-1.0000,-1.0000,-1.0000,-1.0000,-1.0000,-1.0000,-1.0000,-1.0000,-1.0000,-1.0000,-1.0000,-1.0000,-1.0000,-1.0000,-1.0000,-1.0000,-1.0000,-1.0000,-1.0000,-1.0000,-1.0000,-1.0000,-1.0000,-1.0000,-1.0000,-1.0000,-1.0000,-1.0000,-1.0000,-1.0000,-1.0000,-1.0000,-1.0000,-1.0000,-1.0000,-1.0000,-1.0000,-1.0000,-1.0000,-1.0000,-1.0000,-1.0000,-1.0000,-1.0000,-1.0000,-1.0000,-1.0000,-1.0000,-1.0000,-1.0000,-1.0000,-1.0000,-1.0000,-1.0000,-1.0000,-1.0000,-1.0000,-1.0000,-1.0000,-1.0000,-1.0000,-1.0000,-1.0000,-1.0000,-1.0000,-1.0000,-1.0000,-1.0000,-1.0000,-1.0000,-1.0000,-1.0000,-1.0000,-1.0000,-1.0000,-1.0000,-1.0000,-1.0000,-1.0000,-1.0000,-1.0000,-1.0000,-1.0000,-1.0000,-1.0000,-1.0000,-1.0000,-1.0000,-1.0000,-1.0000,-1.0000,-1.0000,-1.0000,-1.0000,-1.0000,-1.0000,-1.0000,-1.0000,-1.0000,-1.0000,-1.0000,-1.0000,-1.0000,-1.0000,-1.0000,-1.0000,-1.0000,-1.0000,-1.0000,1.9895,1.9924,1.9414,1.9795,1.9575,2.0310,1.8609,1.8367,1.9105,1.8024,1.9047,1.7978,1.8794,1.8386,1.7837,1.8146,1.9104,2.0612,2.0715,2.0783,2.0707,2.0243,2.0132,2.0840,1.9949,2.0381,2.0493,2.0617,2.0127,1.9783,2.0377,2.0617,2.0863,2.0723,2.0674,2.0696,2.0628,2.0405,2.0531,2.0725,1.6532,1.6943,1.6679,1.6579,1.6957,1.6328,1.5894,1.6974,1.6365,1.5892,1.5949,1.6075,1.6768,1.5874,1.5700,1.6175,1.5867,1.5874,1.6353,1.5712,1.6591,1.6333,1.6070,0,1.0000,2.0308,4.6896,1.9317
12,0.0240,-0.3703,-1.7131,1.0399,2.0308,4.6896,1.7158,0.1110,0.1896,0.0001,1.0275,1.0000,-0.0002,0.0010,0.0014,-0.0128,-0.0025,0.0002,-0.0004,0.0017,0.0006,0.0135,-0.0011,0.0005,0.0009,-0.0025,-0.0008,-0.0061,0.0005,-0.0021,0.0016,0.0012,0.0000,0.0003,0.0000,0.0001,0.0013,0.0005,-0.0025,0.0000,0.0003,0.0000,-0.0183,0.0045,-0.0233,-0.0554,0.1144,0.3413,-0.2344,-0.4307,0.0726,0.4327,0.1504,-0.2345,0.5062,-0.0172,0.0680,0.0740,-0.4757,-0.1296,-0.8415,-0.0023,-0.2523,0.0363,0.0941,0.0058,0.0301,0.0067,0.0568,0.3160,0.0844,-0.5452,0.0027,0.0402,0.0001,-1.0000,-1.0000,-1.0000,-1.0000,-1.0000,-1.0000,-1.0000,-1.0000,-1.0000,-1.0000,-1.0000,-1.0000,-1.0000,-1.0000,-1.0000,-1.0000,-1.0000,-1.0000,-1.0000,-1.0000,-1.0000,-1.0000,-1.0000,-1.0000,-1.0000,-1.0000,-1.0000,-1.0000,-1.0000,-1.0000,-1.0000,-1.0000,-1.0000,-1.0000,-1.0000,-1.0000,-1.0000,-1.0000,-1.0000,-1.0000,-1.0000,-1.0000,-1.0000,-1.0000,-1.0000,-1.0000,-1.0000,-1.0000,-1.0000,-1.0000,-1.0000,-1.0000,-1.0000,-1.0000,-1.0000,-1.0000,-1.0000,-1.0000,-1.0000,-1.0000,-1.0000,-1.0000,-1.0000,-1.0000,-1.0000,-1.0000,-1.0000,-1.0000,-1.0000,-1.0000,-1.0000,-1.0000,-1.0000,-1.0000,-1.0000,-1.0000,-1.0000,-1.0000,-1.0000,-1.0000,-1.0000,-1.0000,-1.0000,-1.0000,-1.0000,-1.0000,-1.0000,-1.0000,-1.0000,-1.0000,-1.0000,-1.0000,-1.0000,-1.0000,-1.0000,-1.0000,-1.0000,-1.0000,-1.0000,-1.0000,-1.0000,-1.0000,-1.0000,-1.0000,-1.0000,-1.0000,-1.0000,-1.0000,-1.0000,-1.0000,-1.0000,-1.0000,-1.0000,-1.0000,-1.0000,-1.0000,-1.0000,-1.0000,-1.0000,-1.0000,-1.0000,1.9895,1.9924,1.9414,1.9795,1.9575,2.0310,1.8609,1.8367,1.9105,1.8024,1.9047,1.7978,1.8794,1.8386,1.7837,1.8146,1.9104,2.0612,2.0715,2.0783,2.0707,2.0243,2.0132,2.0840,1.9949,2.0381,2.0493,2.0617,2.0127,1.9783,2.0377,2.0617,2.0863,2.0723,2.0674,2.0696,2.0628,2.0405,2.0531,2.0725,1.6532,1.6943,1.6679,1.6579,1.6957,1.6328,1.5894,1.6974,1.6365,1.5892,1.5949,1.6075,1.6768,1.5874,1.5700,1.6175,1.5867,1.5874,1.6353,1.5712,1.6591,1.6333,1.6070,0,1.0000,2.0308,4.6896,1.9317
12,0.0240,-0.3703,-1.7131,1.0399,2.0308,4.6896,1.7158,0.1110,0.1896,0.0001,1.0275,1.0000,-0.0002,0.0010,0.0014,-0.0128,-0.0025,0.0002,-0.0004,0.0017,0.0006,0.0135,-0.0011,0.0005,0.0009,-0.0025,-0.0008,-0.0061,0.0005,-0.0021,0.0016,0.0012,0.0000,0.0003,0.0000,0.0001,0.0013,0.0005,-0.0025,0.0000,0.0003,0.0000,-0.0183,0.0045,-0.0233,-0.0554,0.1144,0.3413,-0.2344,-0.4307,0.0726,0.4327,0.1504,-0.2345,0.5062,-0.0172,0.0680,0.0740,-0.4757,-0.1296,-0.8415,-0.0023,-0.2523,0.0363,0.0941,0.0058,0.0301,0.0067,0.0568,0.3160,0.0844,-0.5452,0.0027,0.0402,0.0001,-1.0000,-1.0000,-1.0000,-1.0000,-1.0000,-1.0000,-1.0000,-1.0000,-1.0000,-1.0000,-1.0000,-1.0000,-1.0000,-1.0000,-1.0000,-1.0000,-1.0000,-1.0000,-1.0000,-1.0000,-1.0000,-1.0000,-1.0000,-1.0000,-1.0000,-1.0000,-1.0000,-1.0000,-1.0000,-1.0000,-1.0000,-1.0000,-1.0000,-1.0000,-1.0000,-1.0000,-1.0000,-1.0000,-1.0000,-1.0000,-1.0000,-1.0000,-1.0000,-1.0000,-1.0000,-1.0000,-1.0000,-1.0000,-1.0000,-1.0000,-1.0000,-1.0000,-1.0000,-1.0000,-1.0000,-1.0000,-1.0000,-1.0000,-1.0000,-1.0000,-1.0000,-1.0000,-1.0000,-1.0000,-1.0000,-1.0000,-1.0000,-1.0000,-1.0000,-1.0000,-1.0000,-1.0000,-1.0000,-1.0000,-1.0000,-1.0000,-1.0000,-1.0000,-1.0000,-1.0000,-1.0000,-1.0000,-1.0000,-1.0000,-1.0000,-1.0000,-1.0000,-1.0000,-1.0000,-1.0000,-1.0000,-1.0000,-1.0000,-1.0000,-1.0000,-1.0000,-1.0000,-1.0000,-1.0000,-1.0000,-1.0000,-1.0000,-1.0000,-1.0000,-1.0000,-1.0000,-1.0000,-1.0000,-1.0000,-1.0000,-1.0000,-1.0000,-1.0000,-1.0000,-1.0000,-1.0000,-1.0000,-1.0000,-1.0000,-1.0000,-1.0000,1.9895,1.9924,1.9414,1.9795,1.9575,2.0310,1.8609,1.8367,1.9105,1.8024,1.9047,1.7978,1.8794,1.8386,1.7837,1.8146,1.9104,2.0612,2.0715,2.0783,2.0707,2.0243,2.0132,2.0840,1.9949,2.0381,2.0493,2.0617,2.0127,1.9783,2.0377,2.0617,2.0863,2.0723,2.0674,2.0696,2.0628,2.0405,2.0531,2.0725,1.6532,1.6943,1.6679,1.6579,1.6957,1.6328,1.5894,1.6974,1.6365,1.5892,1.5949,1.6075,1.6768,1.5874,1.5700,1.6175,1.5867,1.5874,1.6353,1.5712,1.6591,1.6333,1.6070,0,1.0000,2.0308,4.6896,1.9317
12,0.0240,-0.3703,-1.7131,1.0399,2.0308,4.6896,1.7158,0.1110,0.1896,0.0001,1.0275,1.0000,-0.0002,0.0010,0.0014,-0.0128,-0.0025,0.0002,-0.0004,0.0017,0.0006,0.0135,-0.0011,0.0005,0.0009,-0.0025,-0.0008,-0.0061,0.0005,-0.0021,0.0016,0.0012,0.0000,0.0003,0.0000,0.0001,0.0013,0.0005,-0.0025,0.0000,0.0003,0.0000,-0.0183,0.0045,-0.0233,-0.0554,0.1144,0.3413,-0.2344,-0.4307,0.0726,0.4327,0.1504,-0.2345,0.5062,-0.0172,0.0680,0.0740,-0.4757,-0.1296,-0.8415,-0.0023,-0.2523,0.0363,0.0941,0.0058,0.0301,0.0067,0.0568,0.3160,0.0844,-0.5452,0.0027,0.0402,0.0001,-1.0000,-1.0000,-1.0000,-1.0000,-1.0000,-1.0000,-1.0000,-1.0000,-1.0000,-1.0000,-1.0000,-1.0000,-1.0000,-1.0000,-1.0000,-1.0000,-1.0000,-1.0000,-1.0000,-1.0000,-1.0000,-1.0000,-1.0000,-1.0000,-1.0000,-1.0000,-1.0000,-1.0000,-1.0000,-1.0000,-1.0000,-1.0000,-1.0000,-1.0000,-1.0000,-1.0000,-1.0000,-1.0000,-1.0000,-1.0000,-1.0000,-1.0000,-1.0000,-1.0000,-1.0000,-1.0000,-1.0000,-1.0000,-1.0000,-1.0000,-1.0000,-1.0000,-1.0000,-1.0000,-1.0000,-1.0000,-1.0000,-1.0000,-1.0000,-1.0000,-1.0000,-1.0000,-1.0000,-1.0000,-1.0000,-1.0000,-1.0000,-1.0000,-1.0000,-1.0000,-1.0000,-1.0000,-1.0000,-1.0000,-1.0000,-1.0000,-1.0000,-1.0000,-1.0000,-1.0000,-1.0000,-1.0000,-1.0000,-1.0000,-1.0000,-1.0000,-1.0000,-1.0000,-1.0000,-1.0000,-1.0000,-1.0000,-1.0000,-1.0000,-1.0000,-1.0000,-1.0000,-1.0000,-1.0000,-1.0000,-1.0000,-1.0000,-1.0000,-1.0000,-1.0000,-1.0000,-1.0000,-1.0000,-1.0000,-1.0000,-1.0000,-1.0000,-1.0000,-1.0000,-1.0000,-1.0000,-1.0000,-1.0000,-1.0000,-1.0000,-1.0000,1.9895,1.9924,1.9414,1.9795,1.9575,2.0310,1.8609,1.8367,1.9105,1.8024,1.9047,1.7978,1.8794,1.8386,1.7837,1.8146,1.9104,2.0612,2.0715,2.0783,2.0707,2.0243,2.0132,2.0840,1.9949,2.0381,2.0493,2.0617,2.0127,1.9783,2.0377,2.0617,2.0863,2.0723,2.0674,2.0696,2.0628,2.0405,2.0531,2.0725,1.6532,1.6943,1.6679,1.6579,1.6957,1.6328,1.5894,1.6974,1.6365,1.5892,1.5949,1.6075,1.6768,1.5874,1.5700,1.6175,1.5867,1.5874,1.6353,1.5712,1.6591,1.6333,1.6070,0,1.0000,2.0308,4.6896,1.9317
12,0.0240,-0.3703,-1.7131,1.0399,2.0308,4.6896,1.7158,0.1110,0.1896,0.0001,1.0275,1.0000,-0.0002,0.0010,0.0014,-0.0128,-0.0025,0.0002,-0.0004,0.0017,0.0006,0.0135,-0.0011,0.0005,0.0009,-0.0025,-0.0008,-0.0061,0.0005,-0.0021,0.0016,0.0012,0.0000,0.0003,0.0000,0.0001,0.0013,0.0005,-0.0025,0.0000,0.0003,0.0000,-0.0183,0.0045,-0.0233,-0.0554,0.1144,0.3413,-0.2344,-0.4307,0.0726,0.4327,0.1504,-0.2345,0.5062,-0.0172,0.0680,0.0740,-0.4757,-0.1296,-0.8415,-0.0023,-0.2523,0.0363,0.0941,0.0058,0.0301,0.0067,0.0568,0.3160,0.0844,-0.5452,0.0027,0.0402,0.0001,-1.0000,-1.0000,-1.0000,-1.0000,-1.0000,-1.0000,-1.0000,-1.0000,-1.0000,-1.0000,-1.0000,-1.0000,-1.0000,-1.0000,-1.0000,-1.0000,-1.0000,-1.0000,-1.0000,-1.0000,-1.0000,-1.0000,-1.0000,-1.0000,-1.0000,-1.0000,-1.0000,-1.0000,-1.0000,-1.0000,-1.0000,-1.0000,-1.0000,-1.0000,-1.0000,-1.0000,-1.0000,-1.0000,-1.0000,-1.0000,-1.0000,-1.0000,-1.0000,-1.0000,-1.0000,-1.0000,-1.0000,-1.0000,-1.0000,-1.0000,-1.0000,-1.0000,-1.0000,-1.0000,-1.0000,-1.0000,-1.0000,-1.0000,-1.0000,-1.0000,-1.0000,-1.0000,-1.0000,-1.0000,-1.0000,-1.0000,-1.0000,-1.0000,-1.0000,-1.0000,-1.0000,-1.0000,-1.0000,-1.0000,-1.0000,-1.0000,-1.0000,-1.0000,-1.0000,-1.0000,-1.0000,-1.0000,-1.0000,-1.0000,-1.0000,-1.0000,-1.0000,-1.0000,-1.0000,-1.0000,-1.0000,-1.0000,-1.0000,-1.0000,-1.0000,-1.0000,-1.0000,-1.0000,-1.0000,-1.0000,-1.0000,-1.0000,-1.0000,-1.0000,-1.0000,-1.0000,-1.0000,-1.0000,-1.0000,-1.0000,-1.0000,-1.0000,-1.0000,-1.0000,-1.0000,-1.0000,-1.0000,-1.0000,-1.0000,-1.0000,-1.0000,1.9895,1.9924,1.9414,1.9795,1.9575,2.0310,1.8609,1.8367,1.9105,1.8024,1.9047,1.7978,1.8794,1.8386,1.7837,1.8146,1.9104,2.0612,2.0715,2.0783,2.0707,2.0243,2.0132,2.0840,1.9949,2.0381,2.0493,2.0617,2.0127,1.9783,2.0377,2.0617,2.0863,2.0723,2.0674,2.0696,2.0628,2.0405,2.0531,2.0725,1.6532,1.6943,1.6679,1.6579,1.6957,1.6328,1.5894,1.6974,1.6365,1.5892,1.5949,1.6075,1.6768,1.5874,1.5700,1.6175,1.5867,1.5874,1.6353,1.5712,1.6591,1.6333,1.6070,0,1.0000,2.0308,4.6896,1.9317
12,0.0240,-0.3703,-1.7131,1.0399,2.0308,4.6896,1.7158,0.1110,0.1896,0.0001,1.0275,1.0000,-0.0002,0.0010,0.0014,-0.0128,-0.0025,0.0002,-0.0004,0.0017,0.0006,0.0135,-0.0011,0.0005,0.0009,-0.0025,-0.0008,-0.0061,0.0005,-0.0021,0.0016,0.0012,0.0000,0.0003,0.0000,0.0001,0.0013,0.0005,-0.0025,0.0000,0.0003,0.0000,-0.0183,0.0045,-0.0233,-0.0554,0.1144,0.3413,-0.2344,-0.4307,0.0726,0.4327,0.1504,-0.2345,0.5062,-0.0172,0.0680,0.0740,-0.4757,-0.1296,-0.8415,-0.0023,-0.2523,0.0363,0.0941,0.0058,0.0301,0.0067,0.0568,0.3160,0.0844,-0.5452,0.0027,0.0402,0.0001,-1.0000,-1.0000,-1.0000,-1.0000,-1.0000,-1.0000,-1.0000,-1.0000,-1.0000,-1.0000,-1.0000,-1.0000,-1.0000,-1.0000,-1.0000,-1.0000,-1.0000,-1.0000,-1.0000,-1.0000,-1.0000,-1.0000,-1.0000,-1.0000,-1.0000,-1.0000,-1.0000,-1.0000,-1.0000,-1.0000,-1.0000,-1.0000,-1.0000,-1.0000,-1.0000,-1.0000,-1.0000,-1.0000,-1.0000,-1.0000,-1.0000,-1.0000,-1.0000,-1.0000,-1.0000,-1.0000,-1.0000,-1.0000,-1.0000,-1.0000,-1.0000,-1.0000,-1.0000,-1.0000,-1.0000,-1.0000,-1.0000,-1.0000,-1.0000,-1.0000,-1.0000,-1.0000,-1.0000,-1.0000,-1.0000,-1.0000,-1.0000,-1.0000,-1.0000,-1.0000,-1.0000,-1.0000,-1.0000,-1.0000,-1.0000,-1.0000,-1.0000,-1.0000,-1.0000,-1.0000,-1.0000,-1.0000,-1.0000,-1.0000,-1.0000,-1.0000,-1.0000,-1.0000,-1.0000,-1.0000,-1.0000,-1.0000,-1.0000,-1.0000,-1.0000,-1.0000,-1.0000,-1.0000,-1.0000,-1.0000,-1.0000,-1.0000,-1.0000,-1.0000,-1.0000,-1.0000,-1.0000,-1.0000,-1.0000,-1.0000,-1.0000,-1.0000,-1.0000,-1.0000,-1.0000,-1.0000,-1.0000,-1.0000,-1.0000,-1.0000,-1.0000,1.9895,1.9924,1.9414,1.9795,1.9575,2.0310,1.8609,1.8367,1.9105,1.8024,1.9047,1.7978,1.8794,1.8386,1.7837,1.8146,1.9104,2.0612,2.0715,2.0783,2.0707,2.0243,2.0132,2.0840,1.9949,2.0381,2.0493,2.0617,2.0127,1.9783,2.0377,2.0617,2.0863,2.0723,2.0674,2.0696,2.0628,2.0405,2.0531,2.0725,1.6532,1.6943,1.6679,1.6579,1.6957,1.6328,1.5894,1.6974,1.6365,1.5892,1.5949,1.6075,1.6768,1.5874,1.5700,1.6175,1.5867,1.5874,1.6353,1.5712,1.6591,1.6333,1.6070,0,1.0000,2.0308,4.6896,1.9317
12,0.0240,-0.3703,-1.7131,1.0399,2.0308,4.6896,1.7158,0.1110,0.1896,0.0001,1.0275,1.0000,-0.0002,0.0010,0.0014,-0.0128,-0.0025,0.0002,-0.0004,0.0017,0.0006,0.0135,-0.0011,0.0005,0.0009,-0.0025,-0.0008,-0.0061,0.0005,-0.0021,0.0016,0.0012,0.0000,0.0003,0.0000,0.0001,0.0013,0.0005,-0.0025,0.0000,0.0003,0.0000,-0.0183,0.0045,-0.0233,-0.0554,0.1144,0.3413,-0.2344,-0.4307,0.0726,0.4327,0.1504,-0.2345,0.5062,-0.0172,0.0680,0.0740,-0.4757,-0.1296,-0.8415,-0.0023,-0.2523,0.0363,0.0941,0.0058,0.0301,0.0067,0.0568,0.3160,0.0844,-0.5452,0.0027,0.0402,0.0001,-1.0000,-1.0000,-1.0000,-1.0000,-1.0000,-1.0000,-1.0000,-1.0000,-1.0000,-1.0000,-1.0000,-1.0000,-1.0000,-1.0000,-1.0000,-1.0000,-1.0000,-1.0000,-1.0000,-1.0000,-1.0000,-1.0000,-1.0000,-1.0000,-1.0000,-1.0000,-1.0000,-1.0000,-1.0000,-1.0000,-1.0000,-1.0000,-1.0000,-1.0000,-1.0000,-1.0000,-1.0000,-1.0000,-1.0000,-1.0000,-1.0000,-1.0000,-1.0000,-1.0000,-1.0000,-1.0000,-1.0000,-1.0000,-1.0000,-1.0000,-1.0000,-1.0000,-1.0000,-1.0000,-1.0000,-1.0000,-1.0000,-1.0000,-1.0000,-1.0000,-1.0000,-1.0000,-1.0000,-1.0000,-1.0000,-1.0000,-1.0000,-1.0000,-1.0000,-1.0000,-1.0000,-1.0000,-1.0000,-1.0000,-1.0000,-1.0000,-1.0000,-1.0000,-1.0000,-1.0000,-1.0000,-1.0000,-1.0000,-1.0000,-1.0000,-1.0000,-1.0000,-1.0000,-1.0000,-1.0000,-1.0000,-1.0000,-1.0000,-1.0000,-1.0000,-1.0000,-1.0000,-1.0000,-1.0000,-1.0000,-1.0000,-1.0000,-1.0000,-1.0000,-1.0000,-1.0000,-1.0000,-1.0000,-1.0000,-1.0000,-1.0000,-1.0000,-1.0000,-1.0000,-1.0000,-1.0000,-1.0000,-1.0000,-1.0000,-1.0000,-1.0000,1.9895,1.9924,1.9414,1.9795,1.9575,2.0310,1.8609,1.8367,1.9105,1.8024,1.9047,1.7978,1.8794,1.8386,1.7837,1.8146,1.9104,2.0612,2.0715,2.0783,2.0707,2.0243,2.0132,2.0840,1.9949,2.0381,2.0493,2.0617,2.0127,1.9783,2.0377,2.0617,2.0863,2.0723,2.0674,2.0696,2.0628,2.0405,2.0531,2.0725,1.6532,1.6943,1.6679,1.6579,1.6957,1.6328,1.5894,1.6974,1.6365,1.5892,1.5949,1.6075,1.6768,1.5874,1.5700,1.6175,1.5867,1.5874,1.6353,1.5712,1.6591,1.6333,1.6070,0,1.0000,2.0308,4.6896,1.9317
12,0.0240,-0.3703,-1.7131,1.0399,2.0308,4.6896,1.7158,0.1110,0.1896,0.0001,1.0275,1.0000,-0.0002,0.0010,0.0014,-0.0128,-0.0025,0.0002,-0.0004,0.0017,0.0006,0.0135,-0.0011,0.0005,0.0009,-0.0025,-0.0008,-0.0061,0.0005,-0.0021,0.0016,0.0012,0.0000,0.0003,0.0000,0.0001,0.0013,0.0005,-0.0025,0.0000,0.0003,0.0000,-0.0183,0.0045,-0.0233,-0.0554,0.1144,0.3413,-0.2344,-0.4307,0.0726,0.4327,0.1504,-0.2345,0.5062,-0.0172,0.0680,0.0740,-0.4757,-0.1296,-0.8415,-0.0023,-0.2523,0.0363,0.0941,0.0058,0.0301,0.0067,0.0568,0.3160,0.0844,-0.5452,0.0027,0.0402,0.0001,-1.0000,-1.0000,-1.0000,-1.0000,-1.0000,-1.0000,-1.0000,-1.0000,-1.0000,-1.0000,-1.0000,-1.0000,-1.0000,-1.0000,-1.0000,-1.0000,-1.0000,-1.0000,-1.0000,-1.0000,-1.0000,-1.0000,-1.0000,-1.0000,-1.0000,-1.0000,-1.0000,-1.0000,-1.0000,-1.0000,-1.0000,-1.0000,-1.0000,-1.0000,-1.0000,-1.0000,-1.0000,-1.0000,-1.0000,-1.0000,-1.0000,-1.0000,-1.0000,-1.0000,-1.0000,-1.0000,-1.0000,-1.0000,-1.0000,-1.0000,-1.0000,-1.0000,-1.0000,-1.0000,-1.0000,-1.0000,-1.0000,-1.0000,-1.0000,-1.0000,-1.0000,-1.0000,-1.0000,-1.0000,-1.0000,-1.0000,-1.0000,-1.0000,-1.0000,-1.0000,-1.0000,-1.0000,-1.0000,-1.0000,-1.0000,-1.0000,-1.0000,-1.0000,-1.0000,-1.0000,-1.0000,-1.0000,-1.0000,-1.0000,-1.0000,-1.0000,-1.0000,-1.0000,-1.0000,-1.0000,-1.0000,-1.0000,-1.0000,-1.0000,-1.0000,-1.0000,-1.0000,-1.0000,-1.0000,-1.0000,-1.0000,-1.0000,-1.0000,-1.0000,-1.0000,-1.0000,-1.0000,-1.0000,-1.0000,-1.0000,-1.0000,-1.0000,-1.0000,-1.0000,-1.0000,-1.0000,-1.0000,-1.0000,-1.0000,-1.0000,-1.0000,1.9895,1.9924,1.9414,1.9795,1.9575,2.0310,1.8609,1.8367,1.9105,1.8024,1.9047,1.7978,1.8794,1.8386,1.7837,1.8146,1.9104,2.0612,2.0715,2.0783,2.0707,2.0243,2.0132,2.0840,1.9949,2.0381,2.0493,2.0617,2.0127,1.9783,2.0377,2.0617,2.0863,2.0723,2.0674,2.0696,2.0628,2.0405,2.0531,2.0725,1.6532,1.6943,1.6679,1.6579,1.6957,1.6328,1.5894,1.6974,1.6365,1.5892,1.5949,1.6075,1.6768,1.5874,1.5700,1.6175,1.5867,1.5874,1.6353,1.5712,1.6591,1.6333,1.6070,0,1.0000,2.0308,4.6896,1.9317
12,0.0240,-0.3703,-1.7131,1.0399,2.0308,4.6896,1.7158,0.1110,0.1896,0.0001,1.0275,1.0000,-0.0002,0.0010,0.0014,-0.0128,-0.0025,0.0002,-0.0004,0.0017,0.0006,0.0135,-0.0011,0.0005,0.0009,-0.0025,-0.0008,-0.0061,0.0005,-0.0021,0.0016,0.0012,0.0000,0.0003,0.0000,0.0001,0.0013,0.0005,-0.0025,0.0000,0.0003,0.0000,-0.0183,0.0045,-0.0233,-0.0554,0.1144,0.3413,-0.2344,-0.4307,0.0726,0.4327,0.1504,-0.2345,0.5062,-0.0172,0.0680,0.0740,-0.4757,-0.1296,-0.8415,-0.0023,-0.2523,0.0363,0.0941,0.0058,0.0301,0.0067,0.0568,0.3160,0.0844,-0.5452,0.0027,0.0402,0.0001,-1.0000,-1.0000,-1.0000,-1.0000,-1.0000,-1.0000,-1.0000,-1.0000,-1.0000,-1.0000,-1.0000,-1.0000,-1.0000,-1.0000,-1.0000,-1.0000,-1.0000,-1.0000,-1.0000,-1.0000,-1.0000,-1.0000,-1.0000,-1.0000,-1.0000,-1.0000,-1.0000,-1.0000,-1.0000,-1.0000,-1.0000,-1.0000,-1.0000,-1.0000,-1.0000,-1.0000,-1.0000,-1.0000,-1.0000,-1.0000,-1.0000,-1.0000,-1.0000,-1.0000,-1.0000,-1.0000,-1.0000,-1.0000,-1.0000,-1.0000,-1.0000,-1.0000,-1.0000,-1.0000,-1.0000,-1.0000,-1.0000,-1.0000,-1.0000,-1.0000,-1.0000,-1.0000,-1.0000,-1.0000,-1.0000,-1.0000,-1.0000,-1.0000,-1.0000,-1.0000,-1.0000,-1.0000,-1.0000,-1.0000,-1.0000,-1.0000,-1.0000,-1.0000,-1.0000,-1.0000,-1.0000,-1.0000,-1.0000,-1.0000,-1.0000,-1.0000,-1.0000,-1.0000,-1.0000,-1.0000,-1.0000,-1.0000,-1.0000,-1.0000,-1.0000,-1.0000,-1.0000,-1.0000,-1.0000,-1.0000,-1.0000,-1.0000,-1.0000,-1.0000,-1.0000,-1.0000,-1.0000,-1.0000,-1.0000,-1.0000,-1.0000,-1.0000,-1.0000,-1.0000,-1.0000,-1.0000,-1.0000,-1.0000,-1.0000,-1.0000,-1.0000,1.9895,1.9924,1.9414,1.9795,1.9575,2.0310,1.8609,1.8367,1.9105,1.8024,1.9047,1.7978,1.8794,1.8386,1.7837,1.8146,1.9104,2.0612,2.0715,2.0783,2.0707,2.0243,2.0132,2.0840,1.9949,2.0381,2.0493,2.0617,2.0127,1.9783,2.0377,2.0617,2.0863,2.0723,2.0674,2.0696,2.0628,2.0405,2.0531,2.0725,1.6532,1.6943,1.6679,1.6579,1.6957,1.6328,1.5894,1.6974,1.6365,1.5892,1.5949,1.6075,1.6768,1.5874,1.5700,1.6175,1.5867,1.5874,1.6353,1.5712,1.6591,1.6333,1.6070,0,1.0000,2.0308,4.6896,1.9317
12,0.0240,-0.3703,-1.7131,1.0399,2.0308,4.6896,1.7158,0.1110,0.1896,0.0001,1.0275,1.0000,-0.0002,0.0010,0.0014,-0.0128,-0.0025,0.0002,-0.0004,0.0017,0.0006,0.0135,-0.0011,0.0005,0.0009,-0.0025,-0.0008,-0.0061,0.0005,-0.0021,0.0016,0.0012,0.0000,0.0003,0.0000,0.0001,0.0013,0.0005,-0.0025,0.0000,0.0003,0.0000,-0.0183,0.0045,-0.0233,-0.0554,0.1144,0.3413,-0.2344,-0.4307,0.0726,0.4327,0.1504,-0.2345,0.5062,-0.0172,0.0680,0.0740,-0.4757,-0.1296,-0.8415,-0.0023,-0.2523,0.0363,0.0941,0.0058,0.0301,0.0067,0.0568,0.3160,0.0844,-0.5452,0.0027,0.0402,0.0001,-1.0000,-1.0000,-1.0000,-1.0000,-1.0000,-1.0000,-1.0000,-1.0000,-1.0000,-1.0000,-1.0000,-1.0000,-1.0000,-1.0000,-1.0000,-1.0000,-1.0000,-1.0000,-1.0000,-1.0000,-1.0000,-1.0000,-1.0000,-1.0000,-1.0000,-1.0000,-1.0000,-1.0000,-1.0000,-1.0000,-1.0000,-1.0000,-1.0000,-1.0000,-1.0000,-1.0000,-1.0000,-1.0000,-1.0000,-1.0000,-1.0000,-1.0000,-1.0000,-1.0000,-1.0000,-1.0000,-1.0000,-1.0000,-1.0000,-1.0000,-1.0000,-1.0000,-1.0000,-1.0000,-1.0000,-1.0000,-1.0000,-1.0000,-1.0000,-1.0000,-1.0000,-1.0000,-1.0000,-1.0000,-1.0000,-1.0000,-1.0000,-1.0000,-1.0000,-1.0000,-1.0000,-1.0000,-1.0000,-1.0000,-1.0000,-1.0000,-1.0000,-1.0000,-1.0000,-1.0000,-1.0000,-1.0000,-1.0000,-1.0000,-1.0000,-1.0000,-1.0000,-1.0000,-1.0000,-1.0000,-1.0000,-1.0000,-1.0000,-1.0000,-1.0000,-1.0000,-1.0000,-1.0000,-1.0000,-1.0000,-1.0000,-1.0000,-1.0000,-1.0000,-1.0000,-1.0000,-1.0000,-1.0000,-1.0000,-1.0000,-1.0000,-1.0000,-1.0000,-1.0000,-1.0000,-1.0000,-1.0000,-1.0000,-1.0000,-1.0000,-1.0000,1.9895,1.9924,1.9414,1.9795,1.9575,2.0310,1.8609,1.8367,1.9105,1.8024,1.9047,1.7978,1.8794,1.8386,1.7837,1.8146,1.9104,2.0612,2.0715,2.0783,2.0707,2.0243,2.0132,2.0840,1.9949,2.0381,2.0493,2.0617,2.0127,1.9783,2.0377,2.0617,2.0863,2.0723,2.0674,2.0696,2.0628,2.0405,2.0531,2.0725,1.6532,1.6943,1.6679,1.6579,1.6957,1.6328,1.5894,1.6974,1.6365,1.5892,1.5949,1.6075,1.6768,1.5874,1.5700,1.6175,1.5867,1.5874,1.6353,1.5712,1.6591,1.6333,1.6070,0,1.0000,2.0308,4.6896,1.9317
12,0.0240,-0.3703,-1.7131,1.0399,2.0308,4.6896,1.7158,0.1110,0.1896,0.0001,1.0275,1.0000,-0.0002,0.0010,0.0014,-0.0128,-0.0025,0.0002,-0.0004,0.0017,0.0006,0.0135,-0.0011,0.0005,0.0009,-0.0025,-0.0008,-0.0061,0.0005,-0.0021,0.0016,0.0012,0.0000,0.0003,0.0000,0.0001,0.0013,0.0005,-0.0025,0.0000,0.0003,0.0000,-0.0183,0.0045,-0.0233,-0.0554,0.1144,0.3413,-0.2344,-0.4307,0.0726,0.4327,0.1504,-0.2345,0.5062,-0.0172,0.0680,0.0740,-0.4757,-0.1296,-0.8415,-0.0023,-0.2523,0.0363,0.0941,0.0058,0.0301,0.0067,0.0568,0.3160,0.0844,-0.5452,0.0027,0.0402,0.0001,-1.0000,-1.0000,-1.0000,-1.0000,-1.0000,-1.0000,-1.0000,-1.0000,-1.0000,-1.0000,-1.0000,-1.0000,-1.0000,-1.0000,-1.0000,-1.0000,-1.0000,-1.0000,-1.0000,-1.0000,-1.0000,-1.0000,-1.0000,-1.0000,-1.0000,-1.0000,-1.0000,-1.0000,-1.0000,-1.0000,-1.0000,-1.0000,-1.0000,-1.0000,-1.0000,-1.0000,-1.0000,-1.0000,-1.0000,-1.0000,-1.0000,-1.0000,-1.0000,-1.0000,-1.0000,-1.0000,-1.0000,-1.0000,-1.0000,-1.0000,-1.0000,-1.0000,-1.0000,-1.0000,-1.0000,-1.0000,-1.0000,-1.0000,-1.0000,-1.0000,-1.0000,-1.0000,-1.0000,-1.0000,-1.0000,-1.0000,-1.0000,-1.0000,-1.0000,-1.0000,-1.0000,-1.0000,-1.0000,-1.0000,-1.0000,-1.0000,-1.0000,-1.0000,-1.0000,-1.0000,-1.0000,-1.0000,-1.0000,-1.0000,-1.0000,-1.0000,-1.0000,-1.0000,-1.0000,-1.0000,-1.0000,-1.0000,-1.0000,-1.0000,-1.0000,-1.0000,-1.0000,-1.0000,-1.0000,-1.0000,-1.0000,-1.0000,-1.0000,-1.0000,-1.0000,-1.0000,-1.0000,-1.0000,-1.0000,-1.0000,-1.0000,-1.0000,-1.0000,-1.0000,-1.0000,-1.0000,-1.0000,-1.0000,-1.0000,-1.0000,-1.0000,1.9895,1.9924,1.9414,1.9795,1.9575,2.0310,1.8609,1.8367,1.9105,1.8024,1.9047,1.7978,1.8794,1.8386,1.7837,1.8146,1.9104,2.0612,2.0715,2.0783,2.0707,2.0243,2.0132,2.0840,1.9949,2.0381,2.0493,2.0617,2.0127,1.9783,2.0377,2.0617,2.0863,2.0723,2.0674,2.0696,2.0628,2.0405,2.0531,2.0725,1.6532,1.6943,1.6679,1.6579,1.6957,1.6328,1.5894,1.6974,1.6365,1.5892,1.5949,1.6075,1.6768,1.5874,1.5700,1.6175,1.5867,1.5874,1.6353,1.5712,1.6591,1.6333,1.6070,0,1.0000,2.0308,4.6896,1.9317
12,0.0240,-0.3703,-1.7131,1.0399,2.0308,4.6896,1.7158,0.1110,0.1896,0.0001,1.0275,1.0000,-0.0002,0.0010,0.0014,-0.0128,-0.0025,0.0002,-0.0004,0.0017,0.0006,0.0135,-0.0011,0.0005,0.0009,-0.0025,-0.0008,-0.0061,0.0005,-0.0021,0.0016,0.0012,0.0000,0.0003,0.0000,0.0001,0.0013,0.0005,-0.0025,0.0000,0.0003,0.0000,-0.0183,0.0045,-0.0233,-0.0554,0.1144,0.3413,-0.2344,-0.4307,0.0726,0.4327,0.1504,-0.2345,0.5062,-0.0172,0.0680,0.0740,-0.4757,-0.1296,-0.8415,-0.0023,-0.2523,0.0363,0.0941,0.0058,0.0301,0.0067,0.0568,0.3160,0.0844,-0.5452,0.0027,0.0402,0.0001,-1.0000,-1.0000,-1.0000,-1.0000,-1.0000,-1.0000,-1.0000,-1.0000,-1.0000,-1.0000,-1.0000,-1.0000,-1.0000,-1.0000,-1.0000,-1.0000,-1.0000,-1.0000,-1.0000,-1.0000,-1.0000,-1.0000,-1.0000,-1.0000,-1.0000,-1.0000,-1.0000,-1.0000,-1.0000,-1.0000,-1.0000,-1.0000,-1.0000,-1.0000,-1.0000,-1.0000,-1.0000,-1.0000,-1.0000,-1.0000,-1.0000,-1.0000,-1.0000,-1.0000,-1.0000,-1.0000,-1.0000,-1.0000,-1.0000,-1.0000,-1.0000,-1.0000,-1.0000,-1.0000,-1.0000,-1.0000,-1.0000,-1.0000,-1.0000,-1.0000,-1.0000,-1.0000,-1.0000,-1.0000,-1.0000,-1.0000,-1.0000,-1.0000,-1.0000,-1.0000,-1.0000,-1.0000,-1.0000,-1.0000,-1.0000,-1.0000,-1.0000,-1.0000,-1.0000,-1.0000,-1.0000,-1.0000,-1.0000,-1.0000,-1.0000,-1.0000,-1.0000,-1.0000,-1.0000,-1.0000,-1.0000,-1.0000,-1.0000,-1.0000,-1.0000,-1.0000,-1.0000,-1.0000,-1.0000,-1.0000,-1.0000,-1.0000,-1.0000,-1.0000,-1.0000,-1.0000,-1.0000,-1.0000,-1.0000,-1.0000,-1.0000,-1.0000,-1.0000,-1.0000,-1.0000,-1.0000,-1.0000,-1.0000,-1.0000,-1.0000,-1.0000,1.9895,1.9924,1.9414,1.9795,1.9575,2.0310,1.8609,1.8367,1.9105,1.8024,1.9047,1.7978,1.8794,1.8386,1.7837,1.8146,1.9104,2.0612,2.0715,2.0783,2.0707,2.0243,2.0132,2.0840,1.9949,2.0381,2.0493,2.0617,2.0127,1.9783,2.0377,2.0617,2.0863,2.0723,2.0674,2.0696,2.0628,2.0405,2.0531,2.0725,1.6532,1.6943,1.6679,1.6579,1.6957,1.6328,1.5894,1.6974,1.6365,1.5892,1.5949,1.6075,1.6768,1.5874,1.5700,1.6175,1.5867,1.5874,1.6353,1.5712,1.6591,1.6333,1.6070,0,1.0000,2.0308,4.6896,1.9317
13,0.0260,-0.3662,-1.7038,1.0433,2.0308,4.6896,1.6962,0.1110,0.1896,0.0001,1.0275,1.0000,-0.0002,0.0012,0.0019,-0.0136,-0.0036,0.0003,0.0008,0.0018,-0.0001,0.0152,-0.0010,0.0007,0.0010,-0.0029,-0.0006,-0.0084,0.0004,-0.0026,0.0017,0.0014,0.0001,0.0004,0.0001,0.0002,0.0022,0.0008,-0.0040,0.0000,0.0004,0.0000,-0.0252,0.0036,-0.0247,-0.0489,0.1338,0.5066,-0.3645,-0.5680,0.0667,0.6032,0.0314,-0.3569,0.8836,0.0247,0.1075,0.0476,-0.2096,0.1421,-1.1490,-0.0437,-0.2776,0.0278,0.1068,0.0067,0.0340,0.0084,0.0442,0.4318,0.1319,-0.7408,0.0026,0.0485,-0.0002,-1.0000,-1.0000,-1.0000,-1.0000,-1.0000,-1.0000,-1.0000,-1.0000,-1.0000,-1.0000,-1.0000,-1.0000,-1.0000,-1.0000,-1.0000,-1.0000,-1.0000,-1.0000,-1.0000,-1.0000,-1.0000,-1.0000,-1.0000,-1.0000,-1.0000,-1.0000,-1.0000,-1.0000,-1.0000,-1.0000,-1.0000,-1.0000,-1.0000,-1.0000,-1.0000,-1.0000,-1.0000,-1.0000,-1.0000,-1.0000,-1.0000,-1.0000,-1.0000,-1.0000,-1.0000,-1.0000,-1.0000,-1.0000,-1.0000,-1.0000,-1.0000,-1.0000,-1.0000,-1.0000,-1.0000,-1.0000,-1.0000,-1.0000,-1.0000,-1.0000,-1.0000,-1.0000,-1.0000,-1.0000,-1.0000,-1.0000,-1.0000,-1.0000,-1.0000,-1.0000,-1.0000,-1.0000,-1.0000,-1.0000,-1.0000,-1.0000,-1.0000,-1.0000,-1.0000,-1.0000,-1.0000,-1.0000,-1.0000,-1.0000,-1.0000,-1.0000,-1.0000,-1.0000,-1.0000,-1.0000,-1.0000,-1.0000,-1.0000,-1.0000,-1.0000,-1.0000,-1.0000,-1.0000,-1.0000,-1.0000,-1.0000,-1.0000,-1.0000,-1.0000,-1.0000,-1.0000,-1.0000,-1.0000,-1.0000,-1.0000,-1.0000,-1.0000,-1.0000,-1.0000,-1.0000,-1.0000,-1.0000,-1.0000,-1.0000,-1.0000,-1.0000,1.9788,1.9816,1.9307,1.9689,1.9467,2.0203,1.8506,1.8261,1.8998,1.7920,1.8942,1.7871,1.8689,1.8279,1.7733,1.8041,1.8997,2.0506,2.0609,2.0677,2.0601,2.0137,2.0028,2.0735,1.9843,2.0276,2.0389,2.0513,2.0023,1.9678,2.0274,2.0514,2.0758,2.0619,2.0570,2.0590,2.0524,2.0299,2.0427,2.0620,1.6425,1.6835,1.6571,1.6471,1.6850,1.6223,1.5788,1.6868,1.6260,1.5787,1.5844,1.5971,1.6663,1.5770,1.5598,1.6071,1.5763,1.5772,1.6248,1.5608,1.6486,1.6231,1.5967,0,1.0000,2.0308,4.6896,1.9317
13,0.0260,-0.3662,-1.7038,1.0433,2.0308,4.6896,1.6962,0.1110,0.1896,0.0001,1.0275,1.0000,-0.0002,0.0012,0.0019,-0.0136,-0.0036,0.0003,0.0008,0.0018,-0.0001,0.0152,-0.0010,0.0007,0.0010,-0.0029,-0.0006,-0.0084,0.0004,-0.0026,0.0017,0.0014,0.0001,0.0004,0.0001,0.0002,0.0022,0.0008,-0.0040,0.0000,0.0004,0.0000,-0.0252,0.0036,-0.0247,-0.0489,0.1338,0.5066,-0.3645,-0.5680,0.0667,0.6032,0.0314,-0.3569,0.8836,0.0247,0.1075,0.0476,-0.2096,0.1421,-1.1490,-0.0437,-0.2776,0.0278,0.1068,0.0067,0.0340,0.0084,0.0442,0.4318,0.1319,-0.7408,0.0026,0.0485,-0.0002,-1.0000,-1.0000,-1.0000,-1.0000,-1.0000,-1.0000,-1.0000,-1.0000,-1.0000,-1.0000,-1.0000,-1.0000,-1.0000,-1.0000,-1.0000,-1.0000,-1.0000,-1.0000,-1.0000,-1.0000,-1.0000,-1.0000,-1.0000,-1.0000,-1.0000,-1.0000,-1.0000,-1.0000,-1.0000,-1.0000,-1.0000,-1.0000,-1.0000,-1.0000,-1.0000,-1.0000,-1.0000,-1.0000,-1.0000,-1.0000,-1.0000,-1.0000,-1.0000,-1.0000,-1.0000,-1.0000,-1.0000,-1.0000,-1.0000,-1.0000,-1.0000,-1.0000,-1.0000,-1.0000,-1.0000,-1.0000,-1.0000,-1.0000,-1.0000,-1.0000,-1.0000,-1.0000,-1.0000,-1.0000,-1.0000,-1.0000,-1.0000,-1.0000,-1.0000,-1.0000,-1.0000,-1.0000,-1.0000,-1.0000,-1.0000,-1.0000,-1.0000,-1.0000,-1.0000,-1.0000,-1.0000,-1.0000,-1.0000,-1.0000,-1.0000,-1.0000,-1.0000,-1.0000,-1.0000,-1.0000,-1.0000,-1.0000,-1.0000,-1.0000,-1.0000,-1.0000,-1.0000,-1.0000,-1.0000,-1.0000,-1.0000,-1.0000,-1.0000,-1.0000,-1.0000,-1.0000,-1.0000,-1.0000,-1.0000,-1.0000,-1.0000,-1.0000,-1.0000,-1.0000,-1.0000,-1.0000,-1.0000,-1.0000,-1.0000,-1.0000,-1.0000,1.9788,1.9816,1.9307,1.9689,1.9467,2.0203,1.8506,1.8261,1.8998,1.7920,1.8942,1.7871,1.8689,1.8279,1.7733,1.8041,1.8997,2.0506,2.0609,2.0677,2.0601,2.0137,2.0028,2.0735,1.9843,2.0276,2.0389,2.0513,2.0023,1.9678,2.0274,2.0514,2.0758,2.0619,2.0570,2.0590,2.0524,2.0299,2.0427,2.0620,1.6425,1.6835,1.6571,1.6471,1.6850,1.6223,1.5788,1.6868,1.6260,1.5787,1.5844,1.5971,1.6663,1.5770,1.5598,1.6071,1.5763,1.5772,1.6248,1.5608,1.6486,1.6231,1.5967,0,1.0000,2.0308,4.6896,1.9317
13,0.0260,-0.3662,-1.7038,1.0433,2.0308,4.6896,1.6962,0.1110,0.1896,0.0001,1.0275,1.0000,-0.0002,0.0012,0.0019,-0.0136,-0.0036,0.0003,0.0008,0.0018,-0.0001,0.0152,-0.0010,0.0007,0.0010,-0.0029,-0.0006,-0.0084,0.0004,-0.0026,0.0017,0.0014,0.0001,0.0004,0.0001,0.0002,0.0022,0.0008,-0.0040,0.0000,0.0004,0.0000,-0.0252,0.0036,-0.0247,-0.0489,0.1338,0.5066,-0.3645,-0.5680,0.0667,0.6032,0.0314,-0.3569,0.8836,0.0247,0.1075,0.0476,-0.2096,0.1421,-1.1490,-0.0437,-0.2776,0.0278,0.1068,0.0067,0.0340,0.0084,0.0442,0.4318,0.1319,-0.7408,0.0026,0.0485,-0.0002,-1.0000,-1.0000,-1.0000,-1.0000,-1.0000,-1.0000,-1.0000,-1.0000,-1.0000,-1.0000,-1.0000,-1.0000,-1.0000,-1.0000,-1.0000,-1.0000,-1.0000,-1.0000,-1.0000,-1.0000,-1.0000,-1.0000,-1.0000,-1.0000,-1.0000,-1.0000,-1.0000,-1.0000,-1.0000,-1.0000,-1.0000,-1.0000,-1.0000,-1.0000,-1.0000,-1.0000,-1.0000,-1.0000,-1.0000,-1.0000,-1.0000,-1.0000,-1.0000,-1.0000,-1.0000,-1.0000,-1.0000,-1.0000,-1.0000,-1.0000,-1.0000,-1.0000,-1.0000,-1.0000,-1.0000,-1.0000,-1.0000,-1.0000,-1.0000,-1.0000,-1.0000,-1.0000,-1.0000,-1.0000,-1.0000,-1.0000,-1.0000,-1.0000,-1.0000,-1.0000,-1.0000,-1.0000,-1.0000,-1.0000,-1.0000,-1.0000,-1.0000,-1.0000,-1.0000,-1.0000,-1.0000,-1.0000,-1.0000,-1.0000,-1.0000,-1.0000,-1.0000,-1.0000,-1.0000,-1.0000,-1.0000,-1.0000,-1.0000,-1.0000,-1.0000,-1.0000,-1.0000,-1.0000,-1.0000,-1.0000,-1.0000,-1.0000,-1.0000,-1.0000,-1.0000,-1.0000,-1.0000,-1.0000,-1.0000,-1.0000,-1.0000,-1.0000,-1.0000,-1.0000,-1.0000,-1.0000,-1.0000,-1.0000,-1.0000,-1.0000,-1.0000,1.9788,1.9816,1.9307,1.9689,1.9467,2.0203,1.8506,1.8261,1.8998,1.7920,1.8942,1.7871,1.8689,1.8279,1.7733,1.8041,1.8997,2.0506,2.0609,2.0677,2.0601,2.0137,2.0028,2.0735,1.9843,2.0276,2.0389,2.0513,2.0023,1.9678,2.0274,2.0514,2.0758,2.0619,2.0570,2.0590,2.0524,2.0299,2.0427,2.0620,1.6425,1.6835,1.6571,1.6471,1.6850,1.6223,1.5788,1.6868,1.6260,1.5787,1.5844,1.5971,1.6663,1.5770,1.5598,1.6071,1.5763,1.5772,1.6248,1.5608,1.6486,1.6231,1.5967,0,1.0000,2.0308,4.6896,1.9317
13,0.0260,-0.3662,-1.7038,1.0433,2.0308,4.6896,1.6962,0.1110,0.1896,0.0001,1.0275,1.0000,-0.0002,0.0012,0.0019,-0.0136,-0.0036,0.0003,0.0008,0.0018,-0.0001,0.0152,-0.0010,0.0007,0.0010,-0.0029,-0.0006,-0.0084,0.0004,-0.0026,0.0017,0.0014,0.0001,0.0004,0.0001,0.0002,0.0022,0.0008,-0.0040,0.0000,0.0004,0.0000,-0.0252,0.0036,-0.0247,-0.0489,0.1338,0.5066,-0.3645,-0.5680,0.0667,0.6032,0.0314,-0.3569,0.8836,0.0247,0.1075,0.0476,-0.2096,0.1421,-1.1490,-0.0437,-0.2776,0.0278,0.1068,0.0067,0.0340,0.0084,0.0442,0.4318,0.1319,-0.7408,0.0026,0.0485,-0.0002,-1.0000,-1.0000,-1.0000,-1.0000,-1.0000,-1.0000,-1.0000,-1.0000,-1.0000,-1.0000,-1.0000,-1.0000,-1.0000,-1.0000,-1.0000,-1.0000,-1.0000,-1.0000,-1.0000,-1.0000,-1.0000,-1.0000,-1.0000,-1.0000,-1.0000,-1.0000,-1.0000,-1.0000,-1.0000,-1.0000,-1.0000,-1.0000,-1.0000,-1.0000,-1.0000,-1.0000,-1.0000,-1.0000,-1.0000,-1.0000,-1.0000,-1.0000,-1.0000,-1.0000,-1.0000,-1.0000,-1.0000,-1.0000,-1.0000,-1.0000,-1.0000,-1.0000,-1.0000,-1.0000,-1.0000,-1.0000,-1.0000,-1.0000,-1.0000,-1.0000,-1.0000,-1.0000,-1.0000,-1.0000,-1.0000,-1.0000,-1.0000,-1.0000,-1.0000,-1.0000,-1.0000,-1.0000,-1.0000,-1.0000,-1.0000,-1.0000,-1.0000,-1.0000,-1.0000,-1.0000,-1.0000,-1.0000,-1.0000,-1.0000,-1.0000,-1.0000,-1.0000,-1.0000,-1.0000,-1.0000,-1.0000,-1.0000,-1.0000,-1.0000,-1.0000,-1.0000,-1.0000,-1.0000,-1.0000,-1.0000,-1.0000,-1.0000,-1.0000,-1.0000,-1.0000,-1.0000,-1.0000,-1.0000,-1.0000,-1.0000,-1.0000,-1.0000,-1.0000,-1.0000,-1.0000,-1.0000,-1.0000,-1.0000,-1.0000,-1.0000,-1.0000,1.9788,1.9816,1.9307,1.9689,1.9467,2.0203,1.8506,1.8261,1.8998,1.7920,1.8942,1.7871,1.8689,1.8279,1.7733,1.8041,1.8997,2.0506,2.0609,2.0677,2.0601,2.0137,2.0028,2.0735,1.9843,2.0276,2.0389,2.0513,2.0023,1.9678,2.0274,2.0514,2.0758,2.0619,2.0570,2.0590,2.0524,2.0299,2.0427,2.0620,1.6425,1.6835,1.6571,1.6471,1.6850,1.6223,1.5788,1.6868,1.6260,1.5787,1.5844,1.5971,1.6663,1.5770,1.5598,1.6071,1.5763,1.5772,1.6248,1.5608,1.6486,1.6231,1.5967,0,1.0000,2.0308,4.6896,1.9317
13,0.0260,-0.3662,-1.7038,1.0433,2.0308,4.6896,1.6962,0.1110,0.1896,0.0001,1.0275,1.0000,-0.0002,0.0012,0.0019,-0.0136,-0.0036,0.0003,0.0008,0.0018,-0.0001,0.0152,-0.0010,0.0007,0.0010,-0.0029,-0.0006,-0.0084,0.0004,-0.0026,0.0017,0.0014,0.0001,0.0004,0.0001,0.0002,0.0022,0.0008,-0.0040,0.0000,0.0004,0.0000,-0.0252,0.0036,-0.0247,-0.0489,0.1338,0.5066,-0.3645,-0.5680,0.0667,0.6032,0.0314,-0.3569,0.8836,0.0247,0.1075,0.0476,-0.2096,0.1421,-1.1490,-0.0437,-0.2776,0.0278,0.1068,0.0067,0.0340,0.0084,0.0442,0.4318,0.1319,-0.7408,0.0026,0.0485,-0.0002,-1.0000,-1.0000,-1.0000,-1.0000,-1.0000,-1.0000,-1.0000,-1.0000,-1.0000,-1.0000,-1.0000,-1.0000,-1.0000,-1.0000,-1.0000,-1.0000,-1.0000,-1.0000,-1.0000,-1.0000,-1.0000,-1.0000,-1.0000,-1.0000,-1.0000,-1.0000,-1.0000,-1.0000,-1.0000,-1.0000,-1.0000,-1.0000,-1.0000,-1.0000,-1.0000,-1.0000,-1.0000,-1.0000,-1.0000,-1.0000,-1.0000,-1.0000,-1.0000,-1.0000,-1.0000,-1.0000,-1.0000,-1.0000,-1.0000,-1.0000,-1.0000,-1.0000,-1.0000,-1.0000,-1.0000,-1.0000,-1.0000,-1.0000,-1.0000,-1.0000,-1.0000,-1.0000,-1.0000,-1.0000,-1.0000,-1.0000,-1.0000,-1.0000,-1.0000,-1.0000,-1.0000,-1.0000,-1.0000,-1.0000,-1.0000,-1.0000,-1.0000,-1.0000,-1.0000,-1.0000,-1.0000,-1.0000,-1.0000,-1.0000,-1.0000,-1.0000,-1.0000,-1.0000,-1.0000,-1.0000,-1.0000,-1.0000,-1.0000,-1.0000,-1.0000,-1.0000,-1.0000,-1.0000,-1.0000,-1.0000,-1.0000,-1.0000,-1.0000,-1.0000,-1.0000,-1.0000,-1.0000,-1.0000,-1.0000,-1.0000,-1.0000,-1.0000,-1.0000,-1.0000,-1.0000,-1.0000,-1.0000,-1.0000,-1.0000,-1.0000,-1.0000,1.9788,1.9816,1.9307,1.9689,1.9467,2.0203,1.8506,1.8261,1.8998,1.7920,1.8942,1.7871,1.8689,1.8279,1.7733,1.8041,1.8997,2.0506,2.0609,2.0677,2.0601,2.0137,2.0028,2.0735,1.9843,2.0276,2.0389,2.0513,2.0023,1.9678,2.0274,2.0514,2.0758,2.0619,2.0570,2.0590,2.0524,2.0299,2.0427,2.0620,1.6425,1.6835,1.6571,1.6471,1.6850,1.6223,1.5788,1.6868,1.6260,1.5787,1.5844,1.5971,1.6663,1.5770,1.5598,1.6071,1.5763,1.5772,1.6248,1.5608,1.6486,1.6231,1.5967,0,1.0000,2.0308,4.6896,1.9317
13,0.0260,-0.3662,-1.7038,1.0433,2.0308,4.6896,1.6962,0.1110,0.1896,0.0001,1.0275,1.0000,-0.0002,0.0012,0.0019,-0.0136,-0.0036,0.0003,0.0008,0.0018,-0.0001,0.0152,-0.0010,0.0007,0.0010,-0.0029,-0.0006,-0.0084,0.0004,-0.0026,0.0017,0.0014,0.0001,0.0004,0.0001,0.0002,0.0022,0.0008,-0.0040,0.0000,0.0004,0.0000,-0.0252,0.0036,-0.0247,-0.0489,0.1338,0.5066,-0.3645,-0.5680,0.0667,0.6032,0.0314,-0.3569,0.8836,0.0247,0.1075,0.0476,-0.2096,0.1421,-1.1490,-0.0437,-0.2776,0.0278,0.1068,0.0067,0.0340,0.0084,0.0442,0.4318,0.1319,-0.7408,0.0026,0.0485,-0.0002,-1.0000,-1.0000,-1.0000,-1.0000,-1.0000,-1.0000,-1.0000,-1.0000,-1.0000,-1.0000,-1.0000,-1.0000,-1.0000,-1.0000,-1.0000,-1.0000,-1.0000,-1.0000,-1.0000,-1.0000,-1.0000,-1.0000,-1.0000,-1.0000,-1.0000,-1.0000,-1.0000,-1.0000,-1.0000,-1.0000,-1.0000,-1.0000,-1.0000,-1.0000,-1.0000,-1.0000,-1.0000,-1.0000,-1.0000,-1.0000,-1.0000,-1.0000,-1.0000,-1.0000,-1.0000,-1.0000,-1.0000,-1.0000,-1.0000,-1.0000,-1.0000,-1.0000,-1.0000,-1.0000,-1.0000,-1.0000,-1.0000,-1.0000,-1.0000,-1.0000,-1.0000,-1.0000,-1.0000,-1.0000,-1.0000,-1.0000,-1.0000,-1.0000,-1.0000,-1.0000,-1.0000,-1.0000,-1.0000,-1.0000,-1.0000,-1.0000,-1.0000,-1.0000,-1.0000,-1.0000,-1.0000,-1.0000,-1.0000,-1.0000,-1.0000,-1.0000,-1.0000,-1.0000,-1.0000,-1.0000,-1.0000,-1.0000,-1.0000,-1.0000,-1.0000,-1.0000,-1.0000,-1.0000,-1.0000,-1.0000,-1.0000,-1.0000,-1.0000,-1.0000,-1.0000,-1.0000,-1.0000,-1.0000,-1.0000,-1.0000,-1.0000,-1.0000,-1.0000,-1.0000,-1.0000,-1.0000,-1.0000,-1.0000,-1.0000,-1.0000,-1.0000,1.9788,1.9816,1.9307,1.9689,1.9467,2.0203,1.8506,1.8261,1.8998,1.7920,1.8942,1.7871,1.8689,1.8279,1.7733,1.8041,1.8997,2.0506,2.0609,2.0677,2.0601,2.0137,2.0028,2.0735,1.9843,2.0276,2.0389,2.0513,2.0023,1.9678,2.0274,2.0514,2.0758,2.0619,2.0570,2.0590,2.0524,2.0299,2.0427,2.0620,1.6425,1.6835,1.6571,1.6471,1.6850,1.6223,1.5788,1.6868,1.6260,1.5787,1.5844,1.5971,1.6663,1.5770,1.5598,1.6071,1.5763,1.5772,1.6248,1.5608,1.6486,1.6231,1.5967,0,1.0000,2.0308,4.6896,1.9317
13,0.0260,-0.3662,-1.7038,1.0433,2.0308,4.6896,1.6962,0.1110,0.1896,0.0001,1.0275,1.0000,-0.0002,0.0012,0.0019,-0.0136,-0.0036,0.0003,0.0008,0.0018,-0.0001,0.0152,-0.0010,0.0007,0.0010,-0.0029,-0.0006,-0.0084,0.0004,-0.0026,0.0017,0.0014,0.0001,0.0004,0.0001,0.0002,0.0022,0.0008,-0.0040,0.0000,0.0004,0.0000,-0.0252,0.0036,-0.0247,-0.0489,0.1338,0.5066,-0.3645,-0.5680,0.0667,0.6032,0.0314,-0.3569,0.8836,0.0247,0.1075,0.0476,-0.2096,0.1421,-1.1490,-0.0437,-0.2776,0.0278,0.1068,0.0067,0.0340,0.0084,0.0442,0.4318,0.1319,-0.7408,0.0026,0.0485,-0.0002,-1.0000,-1.0000,-1.0000,-1.0000,-1.0000,-1.0000,-1.0000,-1.0000,-1.0000,-1.0000,-1.0000,-1.0000,-1.0000,-1.0000,-1.0000,-1.0000,-1.0000,-1.0000,-1.0000,-1.0000,-1.0000,-1.0000,-1.0000,-1.0000,-1.0000,-1.0000,-1.0000,-1.0000,-1.0000,-1.0000,-1.0000,-1.0000,-1.0000,-1.0000,-1.0000,-1.0000,-1.0000,-1.0000,-1.0000,-1.0000,-1.0000,-1.0000,-1.0000,-1.0000,-1.0000,-1.0000,-1.0000,-1.0000,-1.0000,-1.0000,-1.0000,-1.0000,-1.0000,-1.0000,-1.0000,-1.0000,-1.0000,-1.0000,-1.0000,-1.0000,-1.0000,-1.0000,-1.0000,-1.0000,-1.0000,-1.0000,-1.0000,-1.0000,-1.0000,-1.0000,-1.0000,-1.0000,-1.0000,-1.0000,-1.0000,-1.0000,-1.0000,-1.0000,-1.0000,-1.0000,-1.0000,-1.0000,-1.0000,-1.0000,-1.0000,-1.0000,-1.0000,-1.0000,-1.0000,-1.0000,-1.0000,-1.0000,-1.0000,-1.0000,-1.0000,-1.0000,-1.0000,-1.0000,-1.0000,-1.0000,-1.0000,-1.0000,-1.0000,-1.0000,-1.0000,-1.0000,-1.0000,-1.0000,-1.0000,-1.0000,-1.0000,-1.0000,-1.0000,-1.0000,-1.0000,-1.0000,-1.0000,-1.0000,-1.0000,-1.0000,-1.0000,1.9788,1.9816,1.9307,1.9689,1.9467,2.0203,1.8506,1.8261,1.8998,1.7920,1.8942,1.7871,1.8689,1.8279,1.7733,1.8041,1.8997,2.0506,2.0609,2.0677,2.0601,2.0137,2.0028,2.0735,1.9843,2.0276,2.0389,2.0513,2.0023,1.9678,2.0274,2.0514,2.0758,2.0619,2.0570,2.0590,2.0524,2.0299,2.0427,2.0620,1.6425,1.6835,1.6571,1.6471,1.6850,1.6223,1.5788,1.6868,1.6260,1.5787,1.5844,1.5971,1.6663,1.5770,1.5598,1.6071,1.5763,1.5772,1.6248,1.5608,1.6486,1.6231,1.5967,0,1.0000,2.0308,4.6896,1.9317
13,0.0260,-0.3662,-1.7038,1.0433,2.0308,4.6896,1.6962,0.1110,0.1896,0.0001,1.0275,1.0000,-0.0002,0.0012,0.0019,-0.0136,-0.0036,0.0003,0.0008,0.0018,-0.0001,0.0152,-0.0010,0.0007,0.0010,-0.0029,-0.0006,-0.0084,0.0004,-0.0026,0.0017,0.0014,0.0001,0.0004,0.0001,0.0002,0.0022,0.0008,-0.0040,0.0000,0.0004,0.0000,-0.0252,0.0036,-0.0247,-0.0489,0.1338,0.5066,-0.3645,-0.5680,0.0667,0.6032,0.0314,-0.3569,0.8836,0.0247,0.1075,0.0476,-0.2096,0.1421,-1.1490,-0.0437,-0.2776,0.0278,0.1068,0.0067,0.0340,0.0084,0.0442,0.4318,0.1319,-0.7408,0.0026,0.0485,-0.0002,-1.0000,-1.0000,-1.0000,-1.0000,-1.0000,-1.0000,-1.0000,-1.0000,-1.0000,-1.0000,-1.0000,-1.0000,-1.0000,-1.0000,-1.0000,-1.0000,-1.0000,-1.0000,-1.0000,-1.0000,-1.0000,-1.0000,-1.0000,-1.0000,-1.0000,-1.0000,-1.0000,-1.0000,-1.0000,-1.0000,-1.0000,-1.0000,-1.0000,-1.0000,-1.0000,-1.0000,-1.0000,-1.0000,-1.0000,-1.0000,-1.0000,-1.0000,-1.0000,-1.0000,-1.0000,-1.0000,-1.0000,-1.0000,-1.0000,-1.0000,-1.0000,-1.0000,-1.0000,-1.0000,-1.0000,-1.0000,-1.0000,-1.0000,-1.0000,-1.0000,-1.0000,-1.0000,-1.0000,-1.0000,-1.0000,-1.0000,-1.0000,-1.0000,-1.0000,-1.0000,-1.0000,-1.0000,-1.0000,-1.0000,-1.0000,-1.0000,-1.0000,-1.0000,-1.0000,-1.0000,-1.0000,-1.0000,-1.0000,-1.0000,-1.0000,-1.0000,-1.0000,-1.0000,-1.0000,-1.0000,-1.0000,-1.0000,-1.0000,-1.0000,-1.0000,-1.0000,-1.0000,-1.0000,-1.0000,-1.0000,-1.0000,-1.0000,-1.0000,-1.0000,-1.0000,-1.0000,-1.0000,-1.0000,-1.0000,-1.0000,-1.0000,-1.0000,-1.0000,-1.0000,-1.0000,-1.0000,-1.0000,-1.0000,-1.0000,-1.0000,-1.0000,1.9788,1.9816,1.9307,1.9689,1.9467,2.0203,1.8506,1.8261,1.8998,1.7920,1.8942,1.7871,1.8689,1.8279,1.7733,1.8041,1.8997,2.0506,2.0609,2.0677,2.0601,2.0137,2.0028,2.0735,1.9843,2.0276,2.0389,2.0513,2.0023,1.9678,2.0274,2.0514,2.0758,2.0619,2.0570,2.0590,2.0524,2.0299,2.0427,2.0620,1.6425,1.6835,1.6571,1.6471,1.6850,1.6223,1.5788,1.6868,1.6260,1.5787,1.5844,1.5971,1.6663,1.5770,1.5598,1.6071,1.5763,1.5772,1.6248,1.5608,1.6486,1.6231,1.5967,0,1.0000,2.0308,4.6896,1.9317
13,0.0260,-0.3662,-1.7038,1.0433,2.0308,4.6896,1.6962,0.1110,0.1896,0.0001,1.0275,1.0000,-0.0002,0.0012,0.0019,-0.0136,-0.0036,0.0003,0.0008,0.0018,-0.0001,0.0152,-0.0010,0.0007,0.0010,-0.0029,-0.0006,-0.0084,0.0004,-0.0026,0.0017,0.0014,0.0001,0.0004,0.0001,0.0002,0.0022,0.0008,-0.0040,0.0000,0.0004,0.0000,-0.0252,0.0036,-0.0247,-0.0489,0.1338,0.5066,-0.3645,-0.5680,0.0667,0.6032,0.0314,-0.3569,0.8836,0.0247,0.1075,0.0476,-0.2096,0.1421,-1.1490,-0.0437,-0.2776,0.0278,0.1068,0.0067,0.0340,0.0084,0.0442,0.4318,0.1319,-0.7408,0.0026,0.0485,-0.0002,-1.0000,-1.0000,-1.0000,-1.0000,-1.0000,-1.0000,-1.0000,-1.0000,-1.0000,-1.0000,-1.0000,-1.0000,-1.0000,-1.0000,-1.0000,-1.0000,-1.0000,-1.0000,-1.0000,-1.0000,-1.0000,-1.0000,-1.0000,-1.0000,-1.0000,-1.0000,-1.0000,-1.0000,-1.0000,-1.0000,-1.0000,-1.0000,-1.0000,-1.0000,-1.0000,-1.0000,-1.0000,-1.0000,-1.0000,-1.0000,-1.0000,-1.0000,-1.0000,-1.0000,-1.0000,-1.0000,-1.0000,-1.0000,-1.0000,-1.0000,-1.0000,-1.0000,-1.0000,-1.0000,-1.0000,-1.0000,-1.0000,-1.0000,-1.0000,-1.0000,-1.0000,-1.0000,-1.0000,-1.0000,-1.0000,-1.0000,-1.0000,-1.0000,-1.0000,-1.0000,-1.0000,-1.0000,-1.0000,-1.0000,-1.0000,-1.0000,-1.0000,-1.0000,-1.0000,-1.0000,-1.0000,-1.0000,-1.0000,-1.0000,-1.0000,-1.0000,-1.0000,-1.0000,-1.0000,-1.0000,-1.0000,-1.0000,-1.0000,-1.0000,-1.0000,-1.0000,-1.0000,-1.0000,-1.0000,-1.0000,-1.0000,-1.0000,-1.0000,-1.0000,-1.0000,-1.0000,-1.0000,-1.0000,-1.0000,-1.0000,-1.0000,-1.0000,-1.0000,-1.0000,-1.0000,-1.0000,-1.0000,-1.0000,-1.0000,-1.0000,-1.0000,1.9788,1.9816,1.9307,1.9689,1.9467,2.0203,1.8506,1.8261,1.8998,1.7920,1.8942,1.7871,1.8689,1.8279,1.7733,1.8041,1.8997,2.0506,2.0609,2.0677,2.0601,2.0137,2.0028,2.0735,1.9843,2.0276,2.0389,2.0513,2.0023,1.9678,2.0274,2.0514,2.0758,2.0619,2.0570,2.0590,2.0524,2.0299,2.0427,2.0620,1.6425,1.6835,1.6571,1.6471,1.6850,1.6223,1.5788,1.6868,1.6260,1.5787,1.5844,1.5971,1.6663,1.5770,1.5598,1.6071,1.5763,1.5772,1.6248,1.5608,1.6486,1.6231,1.5967,0,1.0000,2.0308,4.6896,1.9317
13,0.0260,-0.3662,-1.7038,1.0433,2.0308,4.6896,1.6962,0.1110,0.1896,0.0001,1.0275,1.0000,-0.0002,0.0012,0.0019,-0.0136,-0.0036,0.0003,0.0008,0.0018,-0.0001,0.0152,-0.0010,0.0007,0.0010,-0.0029,-0.0006,-0.0084,0.0004,-0.0026,0.0017,0.0014,0.0001,0.0004,0.0001,0.0002,0.0022,0.0008,-0.0040,0.0000,0.0004,0.0000,-0.0252,0.0036,-0.0247,-0.0489,0.1338,0.5066,-0.3645,-0.5680,0.0667,0.6032,0.0314,-0.3569,0.8836,0.0247,0.1075,0.0476,-0.2096,0.1421,-1.1490,-0.0437,-0.2776,0.0278,0.1068,0.0067,0.0340,0.0084,0.0442,0.4318,0.1319,-0.7408,0.0026,0.0485,-0.0002,-1.0000,-1.0000,-1.0000,-1.0000,-1.0000,-1.0000,-1.0000,-1.0000,-1.0000,-1.0000,-1.0000,-1.0000,-1.0000,-1.0000,-1.0000,-1.0000,-1.0000,-1.0000,-1.0000,-1.0000,-1.0000,-1.0000,-1.0000,-1.0000,-1.0000,-1.0000,-1.0000,-1.0000,-1.0000,-1.0000,-1.0000,-1.0000,-1.0000,-1.0000,-1.0000,-1.0000,-1.0000,-1.0000,-1.0000,-1.0000,-1.0000,-1.0000,-1.0000,-1.0000,-1.0000,-1.0000,-1.0000,-1.0000,-1.0000,-1.0000,-1.0000,-1.0000,-1.0000,-1.0000,-1.0000,-1.0000,-1.0000,-1.0000,-1.0000,-1.0000,-1.0000,-1.0000,-1.0000,-1.0000,-1.0000,-1.0000,-1.0000,-1.0000,-1.0000,-1.0000,-1.0000,-1.0000,-1.0000,-1.0000,-1.0000,-1.0000,-1.0000,-1.0000,-1.0000,-1.0000,-1.0000,-1.0000,-1.0000,-1.0000,-1.0000,-1.0000,-1.0000,-1.0000,-1.0000,-1.0000,-1.0000,-1.0000,-1.0000,-1.0000,-1.0000,-1.0000,-1.0000,-1.0000,-1.0000,-1.0000,-1.0000,-1.0000,-1.0000,-1.0000,-1.0000,-1.0000,-1.0000,-1.0000,-1.0000,-1.0000,-1.0000,-1.0000,-1.0000,-1.0000,-1.0000,-1.0000,-1.0000,-1.0000,-1.0000,-1.0000,-1.0000,1.9788,1.9816,1.9307,1.9689,1.9467,2.0203,1.8506,1.8261,1.8998,1.7920,1.8942,1.7871,1.8689,1.8279,1.7733,1.8041,1.8997,2.0506,2.0609,2.0677,2.0601,2.0137,2.0028,2.0735,1.9843,2.0276,2.0389,2.0513,2.0023,1.9678,2.0274,2.0514,2.0758,2.0619,2.0570,2.0590,2.0524,2.0299,2.0427,2.0620,1.6425,1.6835,1.6571,1.6471,1.6850,1.6223,1.5788,1.6868,1.6260,1.5787,1.5844,1.5971,1.6663,1.5770,1.5598,1.6071,1.5763,1.5772,1.6248,1.5608,1.6486,1.6231,1.5967,0,1.0000,2.0308,4.6896,1.9317
13,0.0260,-0.3662,-1.7038,1.0433,2.0308,4.6896,1.6962,0.1110,0.1896,0.0001,1.0275,1.0000,-0.0002,0.0012,0.0019,-0.0136,-0.0036,0.0003,0.0008,0.0018,-0.0001,0.0152,-0.0010,0.0007,0.0010,-0.0029,-0.0006,-0.0084,0.0004,-0.0026,0.0017,0.0014,0.0001,0.0004,0.0001,0.0002,0.0022,0.0008,-0.0040,0.0000,0.0004,0.0000,-0.0252,0.0036,-0.0247,-0.0489,0.1338,0.5066,-0.3645,-0.5680,0.0667,0.6032,0.0314,-0.3569,0.8836,0.0247,0.1075,0.0476,-0.2096,0.1421,-1.1490,-0.0437,-0.2776,0.0278,0.1068,0.0067,0.0340,0.0084,0.0442,0.4318,0.1319,-0.7408,0.0026,0.0485,-0.0002,-1.0000,-1.0000,-1.0000,-1.0000,-1.0000,-1.0000,-1.0000,-1.0000,-1.0000,-1.0000,-1.0000,-1.0000,-1.0000,-1.0000,-1.0000,-1.0000,-1.0000,-1.0000,-1.0000,-1.0000,-1.0000,-1.0000,-1.0000,-1.0000,-1.0000,-1.0000,-1.0000,-1.0000,-1.0000,-1.0000,-1.0000,-1.0000,-1.0000,-1.0000,-1.0000,-1.0000,-1.0000,-1.0000,-1.0000,-1.0000,-1.0000,-1.0000,-1.0000,-1.0000,-1.0000,-1.0000,-1.0000,-1.0000,-1.0000,-1.0000,-1.0000,-1.0000,-1.0000,-1.0000,-1.0000,-1.0000,-1.0000,-1.0000,-1.0000,-1.0000,-1.0000,-1.0000,-1.0000,-1.0000,-1.0000,-1.0000,-1.0000,-1.0000,-1.0000,-1.0000,-1.0000,-1.0000,-1.0000,-1.0000,-1.0000,-1.0000,-1.0000,-1.0000,-1.0000,-1.0000,-1.0000,-1.0000,-1.0000,-1.0000,-1.0000,-1.0000,-1.0000,-1.0000,-1.0000,-1.0000,-1.0000,-1.0000,-1.0000,-1.0000,-1.0000,-1.0000,-1.0000,-1.0000,-1.0000,-1.0000,-1.0000,-1.0000,-1.0000,-1.0000,-1.0000,-1.0000,-1.0000,-1.0000,-1.0000,-1.0000,-1.0000,-1.0000,-1.0000,-1.0000,-1.0000,-1.0000,-1.0000,-1.0000,-1.0000,-1.0000,-1.0000,1.9788,1.9816,1.9307,1.9689,1.9467,2.0203,1.8506,1.8261,1.8998,1.7920,1.8942,1.7871,1.8689,1.8279,1.7733,1.8041,1.8997,2.0506,2.0609,2.0677,2.0601,2.0137,2.0028,2.0735,1.9843,2.0276,2.0389,2.0513,2.0023,1.9678,2.0274,2.0514,2.0758,2.0619,2.0570,2.0590,2.0524,2.0299,2.0427,2.0620,1.6425,1.6835,1.6571,1.6471,1.6850,1.6223,1.5788,1.6868,1.6260,1.5787,1.5844,1.5971,1.6663,1.5770,1.5598,1.6071,1.5763,1.5772,1.6248,1.5608,1.6486,1.6231,1.5967,0,1.0000,2.0308,4.6896,1.9317
13,0.0260,-0.3662,-1.7038,1.0433,2.0308,4.6896,1.6962,0.1110,0.1896,0.0001,1.0275,1.0000,-0.0002,0.0012,0.0019,-0.0136,-0.0036,0.0003,0.0008,0.0018,-0.0001,0.0152,-0.0010,0.0007,0.0010,-0.0029,-0.0006,-0.0084,0.0004,-0.0026,0.0017,0.0014,0.0001,0.0004,0.0001,0.0002,0.0022,0.0008,-0.0040,0.0000,0.0004,0.0000,-0.0252,0.0036,-0.0247,-0.0489,0.1338,0.5066,-0.3645,-0.5680,0.0667,0.6032,0.0314,-0.3569,0.8836,0.0247,0.1075,0.0476,-0.2096,0.1421,-1.1490,-0.0437,-0.2776,0.0278,0.1068,0.0067,0.0340,0.0084,0.0442,0.4318,0.1319,-0.7408,0.0026,0.0485,-0.0002,-1.0000,-1.0000,-1.0000,-1.0000,-1.0000,-1.0000,-1.0000,-1.0000,-1.0000,-1.0000,-1.0000,-1.0000,-1.0000,-1.0000,-1.0000,-1.0000,-1.0000,-1.0000,-1.0000,-1.0000,-1.0000,-1.0000,-1.0000,-1.0000,-1.0000,-1.0000,-1.0000,-1.0000,-1.0000,-1.0000,-1.0000,-1.0000,-1.0000,-1.0000,-1.0000,-1.0000,-1.0000,-1.0000,-1.0000,-1.0000,-1.0000,-1.0000,-1.0000,-1.0000,-1.0000,-1.0000,-1.0000,-1.0000,-1.0000,-1.0000,-1.0000,-1.0000,-1.0000,-1.0000,-1.0000,-1.0000,-1.0000,-1.0000,-1.0000,-1.0000,-1.0000,-1.0000,-1.0000,-1.0000,-1.0000,-1.0000,-1.0000,-1.0000,-1.0000,-1.0000,-1.0000,-1.0000,-1.0000,-1.0000,-1.0000,-1.0000,-1.0000,-1.0000,-1.0000,-1.0000,-1.0000,-1.0000,-1.0000,-1.0000,-1.0000,-1.0000,-1.0000,-1.0000,-1.0000,-1.0000,-1.0000,-1.0000,-1.0000,-1.0000,-1.0000,-1.0000,-1.0000,-1.0000,-1.0000,-1.0000,-1.0000,-1.0000,-1.0000,-1.0000,-1.0000,-1.0000,-1.0000,-1.0000,-1.0000,-1.0000,-1.0000,-1.0000,-1.0000,-1.0000,-1.0000,-1.0000,-1.0000,-1.0000,-1.0000,-1.0000,-1.0000,1.9788,1.9816,1.9307,1.9689,1.9467,2.0203,1.8506,1.8261,1.8998,1.7920,1.8942,1.7871,1.8689,1.8279,1.7733,1.8041,1.8997,2.0506,2.0609,2.0677,2.0601,2.0137,2.0028,2.0735,1.9843,2.0276,2.0389,2.0513,2.0023,1.9678,2.0274,2.0514,2.0758,2.0619,2.0570,2.0590,2.0524,2.0299,2.0427,2.0620,1.6425,1.6835,1.6571,1.6471,1.6850,1.6223,1.5788,1.6868,1.6260,1.5787,1.5844,1.5971,1.6663,1.5770,1.5598,1.6071,1.5763,1.5772,1.6248,1.5608,1.6486,1.6231,1.5967,0,1.0000,2.0308,4.6896,1.9317
13,0.0260,-0.3662,-1.7038,1.0433,2.0308,4.6896,1.6962,0.1110,0.1896,0.0001,1.0275,1.0000,-0.0002,0.0012,0.0019,-0.0136,-0.0036,0.0003,0.0008,0.0018,-0.0001,0.0152,-0.0010,0.0007,0.0010,-0.0029,-0.0006,-0.0084,0.0004,-0.0026,0.0017,0.0014,0.0001,0.0004,0.0001,0.0002,0.0022,0.0008,-0.0040,0.0000,0.0004,0.0000,-0.0252,0.0036,-0.0247,-0.0489,0.1338,0.5066,-0.3645,-0.5680,0.0667,0.6032,0.0314,-0.3569,0.8836,0.0247,0.1075,0.0476,-0.2096,0.1421,-1.1490,-0.0437,-0.2776,0.0278,0.1068,0.0067,0.0340,0.0084,0.0442,0.4318,0.1319,-0.7408,0.0026,0.0485,-0.0002,-1.0000,-1.0000,-1.0000,-1.0000,-1.0000,-1.0000,-1.0000,-1.0000,-1.0000,-1.0000,-1.0000,-1.0000,-1.0000,-1.0000,-1.0000,-1.0000,-1.0000,-1.0000,-1.0000,-1.0000,-1.0000,-1.0000,-1.0000,-1.0000,-1.0000,-1.0000,-1.0000,-1.0000,-1.0000,-1.0000,-1.0000,-1.0000,-1.0000,-1.0000,-1.0000,-1.0000,-1.0000,-1.0000,-1.0000,-1.0000,-1.0000,-1.0000,-1.0000,-1.0000,-1.0000,-1.0000,-1.0000,-1.0000,-1.0000,-1.0000,-1.0000,-1.0000,-1.0000,-1.0000,-1.0000,-1.0000,-1.0000,-1.0000,-1.0000,-1.0000,-1.0000,-1.0000,-1.0000,-1.0000,-1.0000,-1.0000,-1.0000,-1.0000,-1.0000,-1.0000,-1.0000,-1.0000,-1.0000,-1.0000,-1.0000,-1.0000,-1.0000,-1.0000,-1.0000,-1.0000,-1.0000,-1.0000,-1.0000,-1.0000,-1.0000,-1.0000,-1.0000,-1.0000,-1.0000,-1.0000,-1.0000,-1.0000,-1.0000,-1.0000,-1.0000,-1.0000,-1.0000,-1.0000,-1.0000,-1.0000,-1.0000,-1.0000,-1.0000,-1.0000,-1.0000,-1.0000,-1.0000,-1.0000,-1.0000,-1.0000,-1.0000,-1.0000,-1.0000,-1.0000,-1.0000,-1.0000,-1.0000,-1.0000,-1.0000,-1.0000,-1.0000,1.9788,1.9816,1.9307,1.9689,1.9467,2.0203,1.8506,1.8261,1.8998,1.7920,1.8942,1.7871,1.8689,1.8279,1.7733,1.8041,1.8997,2.0506,2.0609,2.0677,2.0601,2.0137,2.0028,2.0735,1.9843,2.0276,2.0389,2.0513,2.0023,1.9678,2.0274,2.0514,2.0758,2.0619,2.0570,2.0590,2.0524,2.0299,2.0427,2.0620,1.6425,1.6835,1.6571,1.6471,1.6850,1.6223,1.5788,1.6868,1.6260,1.5787,1.5844,1.5971,1.6663,1.5770,1.5598,1.6071,1.5763,1.5772,1.6248,1.5608,1.6486,1.6231,1.5967,0,1.0000,2.0308,4.6896,1.9317
13,0.0260,-0.3662,-1.7038,1.0433,2.0308,4.6896,1.6962,0.1110,0.1896,0.0001,1.0275,1.0000,-0.0002,0.0012,0.0019,-0.0136,-0.0036,0.0003,0.0008,0.0018,-0.0001,0.0152,-0.0010,0.0007,0.0010,-0.0029,-0.0006,-0.0084,0.0004,-0.0026,0.0017,0.0014,0.0001,0.0004,0.0001,0.0002,0.0022,0.0008,-0.0040,0.0000,0.0004,0.0000,-0.0252,0.0036,-0.0247,-0.0489,0.1338,0.5066,-0.3645,-0.5680,0.0667,0.6032,0.0314,-0.3569,0.8836,0.0247,0.1075,0.0476,-0.2096,0.1421,-1.1490,-0.0437,-0.2776,0.0278,0.1068,0.0067,0.0340,0.0084,0.0442,0.4318,0.1319,-0.7408,0.0026,0.0485,-0.0002,-1.0000,-1.0000,-1.0000,-1.0000,-1.0000,-1.0000,-1.0000,-1.0000,-1.0000,-1.0000,-1.0000,-1.0000,-1.0000,-1.0000,-1.0000,-1.0000,-1.0000,-1.0000,-1.0000,-1.0000,-1.0000,-1.0000,-1.0000,-1.0000,-1.0000,-1.0000,-1.0000,-1.0000,-1.0000,-1.0000,-1.0000,-1.0000,-1.0000,-1.0000,-1.0000,-1.0000,-1.0000,-1.0000,-1.0000,-1.0000,-1.0000,-1.0000,-1.0000,-1.0000,-1.0000,-1.0000,-1.0000,-1.0000,-1.0000,-1.0000,-1.0000,-1.0000,-1.0000,-1.0000,-1.0000,-1.0000,-1.0000,-1.0000,-1.0000,-1.0000,-1.0000,-1.0000,-1.0000,-1.0000,-1.0000,-1.0000,-1.0000,-1.0000,-1.0000,-1.0000,-1.0000,-1.0000,-1.0000,-1.0000,-1.0000,-1.0000,-1.0000,-1.0000,-1.0000,-1.0000,-1.0000,-1.0000,-1.0000,-1.0000,-1.0000,-1.0000,-1.0000,-1.0000,-1.0000,-1.0000,-1.0000,-1.0000,-1.0000,-1.0000,-1.0000,-1.0000,-1.0000,-1.0000,-1.0000,-1.0000,-1.0000,-1.0000,-1.0000,-1.0000,-1.0000,-1.0000,-1.0000,-1.0000,-1.0000,-1.0000,-1.0000,-1.0000,-1.0000,-1.0000,-1.0000,-1.0000,-1.0000,-1.0000,-1.0000,-1.0000,-1.0000,1.9788,1.9816,1.9307,1.9689,1.9467,2.0203,1.8506,1.8261,1.8998,1.7920,1.8942,1.7871,1.8689,1.8279,1.7733,1.8041,1.8997,2.0506,2.0609,2.0677,2.0601,2.0137,2.0028,2.0735,1.9843,2.0276,2.0389,2.0513,2.0023,1.9678,2.0274,2.0514,2.0758,2.0619,2.0570,2.0590,2.0524,2.0299,2.0427,2.0620,1.6425,1.6835,1.6571,1.6471,1.6850,1.6223,1.5788,1.6868,1.6260,1.5787,1.5844,1.5971,1.6663,1.5770,1.5598,1.6071,1.5763,1.5772,1.6248,1.5608,1.6486,1.6231,1.5967,0,1.0000,2.0308,4.6896,1.9317
13,0.0260,-0.3662,-1.7038,1.0433,2.0308,4.6896,1.6962,0.1110,0.1896,0.0001,1.0275,1.0000,-0.0002,0.0012,0.0019,-0.0136,-0.0036,0.0003,0.0008,0.0018,-0.0001,0.0152,-0.0010,0.0007,0.0010,-0.0029,-0.0006,-0.0084,0.0004,-0.0026,0.0017,0.0014,0.0001,0.0004,0.0001,0.0002,0.0022,0.0008,-0.0040,0.0000,0.0004,0.0000,-0.0252,0.0036,-0.0247,-0.0489,0.1338,0.5066,-0.3645,-0.5680,0.0667,0.6032,0.0314,-0.3569,0.8836,0.0247,0.1075,0.0476,-0.2096,0.1421,-1.1490,-0.0437,-0.2776,0.0278,0.1068,0.0067,0.0340,0.0084,0.0442,0.4318,0.1319,-0.7408,0.0026,0.0485,-0.0002,-1.0000,-1.0000,-1.0000,-1.0000,-1.0000,-1.0000,-1.0000,-1.0000,-1.0000,-1.0000,-1.0000,-1.0000,-1.0000,-1.0000,-1.0000,-1.0000,-1.0000,-1.0000,-1.0000,-1.0000,-1.0000,-1.0000,-1.0000,-1.0000,-1.0000,-1.0000,-1.0000,-1.0000,-1.0000,-1.0000,-1.0000,-1.0000,-1.0000,-1.0000,-1.0000,-1.0000,-1.0000,-1.0000,-1.0000,-1.0000,-1.0000,-1.0000,-1.0000,-1.0000,-1.0000,-1.0000,-1.0000,-1.0000,-1.0000,-1.0000,-1.0000,-1.0000,-1.0000,-1.0000,-1.0000,-1.0000,-1.0000,-1.0000,-1.0000,-1.0000,-1.0000,-1.0000,-1.0000,-1.0000,-1.0000,-1.0000,-1.0000,-1.0000,-1.0000,-1.0000,-1.0000,-1.0000,-1.0000,-1.0000,-1.0000,-1.0000,-1.0000,-1.0000,-1.0000,-1.0000,-1.0000,-1.0000,-1.0000,-1.0000,-1.0000,-1.0000,-1.0000,-1.0000,-1.0000,-1.0000,-1.0000,-1.0000,-1.0000,-1.0000,-1.0000,-1.0000,-1.0000,-1.0000,-1.0000,-1.0000,-1.0000,-1.0000,-1.0000,-1.0000,-1.0000,-1.0000,-1.0000,-1.0000,-1.0000,-1.0000,-1.0000,-1.0000,-1.0000,-1.0000,-1.0000,-1.0000,-1.0000,-1.0000,-1.0000,-1.0000,-1.0000,1.9788,1.9816,1.9307,1.9689,1.9467,2.0203,1.8506,1.8261,1.8998,1.7920,1.8942,1.7871,1.8689,1.8279,1.7733,1.8041,1.8997,2.0506,2.0609,2.0677,2.0601,2.0137,2.0028,2.0735,1.9843,2.0276,2.0389,2.0513,2.0023,1.9678,2.0274,2.0514,2.0758,2.0619,2.0570,2.0590,2.0524,2.0299,2.0427,2.0620,1.6425,1.6835,1.6571,1.6471,1.6850,1.6223,1.5788,1.6868,1.6260,1.5787,1.5844,1.5971,1.6663,1.5770,1.5598,1.6071,1.5763,1.5772,1.6248,1.5608,1.6486,1.6231,1.5967,0,1.0000,2.0308,4.6896,1.9317
13,0.0260,-0.3662,-1.7038,1.0433,2.0308,4.6896,1.6962,0.1110,0.1896,0.0001,1.0275,1.0000,-0.0002,0.0012,0.0019,-0.0136,-0.0036,0.0003,0.0008,0.0018,-0.0001,0.0152,-0.0010,0.0007,0.0010,-0.0029,-0.0006,-0.0084,0.0004,-0.0026,0.0017,0.0014,0.0001,0.0004,0.0001,0.0002,0.0022,0.0008,-0.0040,0.0000,0.0004,0.0000,-0.0252,0.0036,-0.0247,-0.0489,0.1338,0.5066,-0.3645,-0.5680,0.0667,0.6032,0.0314,-0.3569,0.8836,0.0247,0.1075,0.0476,-0.2096,0.1421,-1.1490,-0.0437,-0.2776,0.0278,0.1068,0.0067,0.0340,0.0084,0.0442,0.4318,0.1319,-0.7408,0.0026,0.0485,-0.0002,-1.0000,-1.0000,-1.0000,-1.0000,-1.0000,-1.0000,-1.0000,-1.0000,-1.0000,-1.0000,-1.0000,-1.0000,-1.0000,-1.0000,-1.0000,-1.0000,-1.0000,-1.0000,-1.0000,-1.0000,-1.0000,-1.0000,-1.0000,-1.0000,-1.0000,-1.0000,-1.0000,-1.0000,-1.0000,-1.0000,-1.0000,-1.0000,-1.0000,-1.0000,-1.0000,-1.0000,-1.0000,-1.0000,-1.0000,-1.0000,-1.0000,-1.0000,-1.0000,-1.0000,-1.0000,-1.0000,-1.0000,-1.0000,-1.0000,-1.0000,-1.0000,-1.0000,-1.0000,-1.0000,-1.0000,-1.0000,-1.0000,-1.0000,-1.0000,-1.0000,-1.0000,-1.0000,-1.0000,-1.0000,-1.0000,-1.0000,-1.0000,-1.0000,-1.0000,-1.0000,-1.0000,-1.0000,-1.0000,-1.0000,-1.0000,-1.0000,-1.0000,-1.0000,-1.0000,-1.0000,-1.0000,-1.0000,-1.0000,-1.0000,-1.0000,-1.0000,-1.0000,-1.0000,-1.0000,-1.0000,-1.0000,-1.0000,-1.0000,-1.0000,-1.0000,-1.0000,-1.0000,-1.0000,-1.0000,-1.0000,-1.0000,-1.0000,-1.0000,-1.0000,-1.0000,-1.0000,-1.0000,-1.0000,-1.0000,-1.0000,-1.0000,-1.0000,-1.0000,-1.0000,-1.0000,-1.0000,-1.0000,-1.0000,-1.0000,-1.0000,-1.0000,1.9788,1.9816,1.9307,1.9689,1.9467,2.0203,1.8506,1.8261,1.8998,1.7920,1.8942,1.7871,1.8689,1.8279,1.7733,1.8041,1.8997,2.0506,2.0609,2.0677,2.0601,2.0137,2.0028,2.0735,1.9843,2.0276,2.0389,2.0513,2.0023,1.9678,2.0274,2.0514,2.0758,2.0619,2.0570,2.0590,2.0524,2.0299,2.0427,2.0620,1.6425,1.6835,1.6571,1.6471,1.6850,1.6223,1.5788,1.6868,1.6260,1.5787,1.5844,1.5971,1.6663,1.5770,1.5598,1.6071,1.5763,1.5772,1.6248,1.5608,1.6486,1.6231,1.5967,0,1.0000,2.0308,4.6896,1.9317
13,0.0260,-0.3662,-1.7038,1.0433,2.0308,4.6896,1.6962,0.1110,0.1896,0.0001,1.0275,1.0000,-0.0002,0.0012,0.0019,-0.0136,-0.0036,0.0003,0.0008,0.0018,-0.0001,0.0152,-0.0010,0.0007,0.0010,-0.0029,-0.0006,-0.0084,0.0004,-0.0026,0.0017,0.0014,0.0001,0.0004,0.0001,0.0002,0.0022,0.0008,-0.0040,0.0000,0.0004,0.0000,-0.0252,0.0036,-0.0247,-0.0489,0.1338,0.5066,-0.3645,-0.5680,0.0667,0.6032,0.0314,-0.3569,0.8836,0.0247,0.1075,0.0476,-0.2096,0.1421,-1.1490,-0.0437,-0.2776,0.0278,0.1068,0.0067,0.0340,0.0084,0.0442,0.4318,0.1319,-0.7408,0.0026,0.0485,-0.0002,-1.0000,-1.0000,-1.0000,-1.0000,-1.0000,-1.0000,-1.0000,-1.0000,-1.0000,-1.0000,-1.0000,-1.0000,-1.0000,-1.0000,-1.0000,-1.0000,-1.0000,-1.0000,-1.0000,-1.0000,-1.0000,-1.0000,-1.0000,-1.0000,-1.0000,-1.0000,-1.0000,-1.0000,-1.0000,-1.0000,-1.0000,-1.0000,-1.0000,-1.0000,-1.0000,-1.0000,-1.0000,-1.0000,-1.0000,-1.0000,-1.0000,-1.0000,-1.0000,-1.0000,-1.0000,-1.0000,-1.0000,-1.0000,-1.0000,-1.0000,-1.0000,-1.0000,-1.0000,-1.0000,-1.0000,-1.0000,-1.0000,-1.0000,-1.0000,-1.0000,-1.0000,-1.0000,-1.0000,-1.0000,-1.0000,-1.0000,-1.0000,-1.0000,-1.0000,-1.0000,-1.0000,-1.0000,-1.0000,-1.0000,-1.0000,-1.0000,-1.0000,-1.0000,-1.0000,-1.0000,-1.0000,-1.0000,-1.0000,-1.0000,-1.0000,-1.0000,-1.0000,-1.0000,-1.0000,-1.0000,-1.0000,-1.0000,-1.0000,-1.0000,-1.0000,-1.0000,-1.0000,-1.0000,-1.0000,-1.0000,-1.0000,-1.0000,-1.0000,-1.0000,-1.0000,-1.0000,-1.0000,-1.0000,-1.0000,-1.0000,-1.0000,-1.0000,-1.0000,-1.0000,-1.0000,-1.0000,-1.0000,-1.0000,-1.0000,-1.0000,-1.0000,1.9788,1.9816,1.9307,1.9689,1.9467,2.0203,1.8506,1.8261,1.8998,1.7920,1.8942,1.7871,1.8689,1.8279,1.7733,1.8041,1.8997,2.0506,2.0609,2.0677,2.0601,2.0137,2.0028,2.0735,1.9843,2.0276,2.0389,2.0513,2.0023,1.9678,2.0274,2.0514,2.0758,2.0619,2.0570,2.0590,2.0524,2.0299,2.0427,2.0620,1.6425,1.6835,1.6571,1.6471,1.6850,1.6223,1.5788,1.6868,1.6260,1.5787,1.5844,1.5971,1.6663,1.5770,1.5598,1.6071,1.5763,1.5772,1.6248,1.5608,1.6486,1.6231,1.5967,0,1.0000,2.0308,4.6896,1.9317
13,0.0260,-0.3662,-1.7038,1.0433,2.0308,4.6896,1.6962,0.1110,0.1896,0.0001,1.0275,1.0000,-0.0002,0.0012,0.0019,-0.0136,-0.0036,0.0003,0.0008,0.0018,-0.0001,0.0152,-0.0010,0.0007,0.0010,-0.0029,-0.0006,-0.0084,0.0004,-0.0026,0.0017,0.0014,0.0001,0.0004,0.0001,0.0002,0.0022,0.0008,-0.0040,0.0000,0.0004,0.0000,-0.0252,0.0036,-0.0247,-0.0489,0.1338,0.5066,-0.3645,-0.5680,0.0667,0.6032,0.0314,-0.3569,0.8836,0.0247,0.1075,0.0476,-0.2096,0.1421,-1.1490,-0.0437,-0.2776,0.0278,0.1068,0.0067,0.0340,0.0084,0.0442,0.4318,0.1319,-0.7408,0.0026,0.0485,-0.0002,-1.0000,-1.0000,-1.0000,-1.0000,-1.0000,-1.0000,-1.0000,-1.0000,-1.0000,-1.0000,-1.0000,-1.0000,-1.0000,-1.0000,-1.0000,-1.0000,-1.0000,-1.0000,-1.0000,-1.0000,-1.0000,-1.0000,-1.0000,-1.0000,-1.0000,-1.0000,-1.0000,-1.0000,-1.0000,-1.0000,-1.0000,-1.0000,-1.0000,-1.0000,-1.0000,-1.0000,-1.0000,-1.0000,-1.0000,-1.0000,-1.0000,-1.0000,-1.0000,-1.0000,-1.0000,-1.0000,-1.0000,-1.0000,-1.0000,-1.0000,-1.0000,-1.0000,-1.0000,-1.0000,-1.0000,-1.0000,-1.0000,-1.0000,-1.0000,-1.0000,-1.0000,-1.0000,-1.0000,-1.0000,-1.0000,-1.0000,-1.0000,-1.0000,-1.0000,-1.0000,-1.0000,-1.0000,-1.0000,-1.0000,-1.0000,-1.0000,-1.0000,-1.0000,-1.0000,-1.0000,-1.0000,-1.0000,-1.0000,-1.0000,-1.0000,-1.0000,-1.0000,-1.0000,-1.0000,-1.0000,-1.0000,-1.0000,-1.0000,-1.0000,-1.0000,-1.0000,-1.0000,-1.0000,-1.0000,-1.0000,-1.0000,-1.0000,-1.0000,-1.0000,-1.0000,-1.0000,-1.0000,-1.0000,-1.0000,-1.0000,-1.0000,-1.0000,-1.0000,-1.0000,-1.0000,-1.0000,-1.0000,-1.0000,-1.0000,-1.0000,-1.0000,1.9788,1.9816,1.9307,1.9689,1.9467,2.0203,1.8506,1.8261,1.8998,1.7920,1.8942,1.7871,1.8689,1.8279,1.7733,1.8041,1.8997,2.0506,2.0609,2.0677,2.0601,2.0137,2.0028,2.0735,1.9843,2.0276,2.0389,2.0513,2.0023,1.9678,2.0274,2.0514,2.0758,2.0619,2.0570,2.0590,2.0524,2.0299,2.0427,2.0620,1.6425,1.6835,1.6571,1.6471,1.6850,1.6223,1.5788,1.6868,1.6260,1.5787,1.5844,1.5971,1.6663,1.5770,1.5598,1.6071,1.5763,1.5772,1.6248,1.5608,1.6486,1.6231,1.5967,0,1.0000,2.0308,4.6896,1.9317
13,0.0260,-0.3662,-1.7038,1.0433,2.0308,4.6896,1.6962,0.1110,0.1896,0.0001,1.0275,1.0000,-0.0002,0.0012,0.0019,-0.0136,-0.0036,0.0003,0.0008,0.0018,-0.0001,0.0152,-0.0010,0.0007,0.0010,-0.0029,-0.0006,-0.0084,0.0004,-0.0026,0.0017,0.0014,0.0001,0.0004,0.0001,0.0002,0.0022,0.0008,-0.0040,0.0000,0.0004,0.0000,-0.0252,0.0036,-0.0247,-0.0489,0.1338,0.5066,-0.3645,-0.5680,0.0667,0.6032,0.0314,-0.3569,0.8836,0.0247,0.1075,0.0476,-0.2096,0.1421,-1.1490,-0.0437,-0.2776,0.0278,0.1068,0.0067,0.0340,0.0084,0.0442,0.4318,0.1319,-0.7408,0.0026,0.0485,-0.0002,-1.0000,-1.0000,-1.0000,-1.0000,-1.0000,-1.0000,-1.0000,-1.0000,-1.0000,-1.0000,-1.0000,-1.0000,-1.0000,-1.0000,-1.0000,-1.0000,-1.0000,-1.0000,-1.0000,-1.0000,-1.0000,-1.0000,-1.0000,-1.0000,-1.0000,-1.0000,-1.0000,-1.0000,-1.0000,-1.0000,-1.0000,-1.0000,-1.0000,-1.0000,-1.0000,-1.0000,-1.0000,-1.0000,-1.0000,-1.0000,-1.0000,-1.0000,-1.0000,-1.0000,-1.0000,-1.0000,-1.0000,-1.0000,-1.0000,-1.0000,-1.0000,-1.0000,-1.0000,-1.0000,-1.0000,-1.0000,-1.0000,-1.0000,-1.0000,-1.0000,-1.0000,-1.0000,-1.0000,-1.0000,-1.0000,-1.0000,-1.0000,-1.0000,-1.0000,-1.0000,-1.0000,-1.0000,-1.0000,-1.0000,-1.0000,-1.0000,-1.0000,-1.0000,-1.0000,-1.0000,-1.0000,-1.0000,-1.0000,-1.0000,-1.0000,-1.0000,-1.0000,-1.0000,-1.0000,-1.0000,-1.0000,-1.0000,-1.0000,-1.0000,-1.0000,-1.0000,-1.0000,-1.0000,-1.0000,-1.0000,-1.0000,-1.0000,-1.0000,-1.0000,-1.0000,-1.0000,-1.0000,-1.0000,-1.0000,-1.0000,-1.0000,-1.0000,-1.0000,-1.0000,-1.0000,-1.0000,-1.0000,-1.0000,-1.0000,-1.0000,-1.0000,1.9788,1.9816,1.9307,1.9689,1.9467,2.0203,1.8506,1.8261,1.8998,1.7920,1.8942,1.7871,1.8689,1.8279,1.7733,1.8041,1.8997,2.0506,2.0609,2.0677,2.0601,2.0137,2.0028,2.0735,1.9843,2.0276,2.0389,2.0513,2.0023,1.9678,2.0274,2.0514,2.0758,2.0619,2.0570,2.0590,2.0524,2.0299,2.0427,2.0620,1.6425,1.6835,1.6571,1.6471,1.6850,1.6223,1.5788,1.6868,1.6260,1.5787,1.5844,1.5971,1.6663,1.5770,1.5598,1.6071,1.5763,1.5772,1.6248,1.5608,1.6486,1.6231,1.5967,0,1.0000,2.0308,4.6896,1.9317
13,0.0260,-0.3662,-1.7038,1.0433,2.0308,4.6896,1.6962,0.1110,0.1896,0.0001,1.0275,1.0000,-0.0002,0.0012,0.0019,-0.0136,-0.0036,0.0003,0.0008,0.0018,-0.0001,0.0152,-0.0010,0.0007,0.0010,-0.0029,-0.0006,-0.0084,0.0004,-0.0026,0.0017,0.0014,0.0001,0.0004,0.0001,0.0002,0.0022,0.0008,-0.0040,0.0000,0.0004,0.0000,-0.0252,0.0036,-0.0247,-0.0489,0.1338,0.5066,-0.3645,-0.5680,0.0667,0.6032,0.0314,-0.3569,0.8836,0.0247,0.1075,0.0476,-0.2096,0.1421,-1.1490,-0.0437,-0.2776,0.0278,0.1068,0.0067,0.0340,0.0084,0.0442,0.4318,0.1319,-0.7408,0.0026,0.0485,-0.0002,-1.0000,-1.0000,-1.0000,-1.0000,-1.0000,-1.0000,-1.0000,-1.0000,-1.0000,-1.0000,-1.0000,-1.0000,-1.0000,-1.0000,-1.0000,-1.0000,-1.0000,-1.0000,-1.0000,-1.0000,-1.0000,-1.0000,-1.0000,-1.0000,-1.0000,-1.0000,-1.0000,-1.0000,-1.0000,-1.0000,-1.0000,-1.0000,-1.0000,-1.0000,-1.0000,-1.0000,-1.0000,-1.0000,-1.0000,-1.0000,-1.0000,-1.0000,-1.0000,-1.0000,-1.0000,-1.0000,-1.0000,-1.0000,-1.0000,-1.0000,-1.0000,-1.0000,-1.0000,-1.0000,-1.0000,-1.0000,-1.0000,-1.0000,-1.0000,-1.0000,-1.0000,-1.0000,-1.0000,-1.0000,-1.0000,-1.0000,-1.0000,-1.0000,-1.0000,-1.0000,-1.0000,-1.0000,-1.0000,-1.0000,-1.0000,-1.0000,-1.0000,-1.0000,-1.0000,-1.0000,-1.0000,-1.0000,-1.0000,-1.0000,-1.0000,-1.0000,-1.0000,-1.0000,-1.0000,-1.0000,-1.0000,-1.0000,-1.0000,-1.0000,-1.0000,-1.0000,-1.0000,-1.0000,-1.0000,-1.0000,-1.0000,-1.0000,-1.0000,-1.0000,-1.0000,-1.0000,-1.0000,-1.0000,-1.0000,-1.0000,-1.0000,-1.0000,-1.0000,-1.0000,-1.0000,-1.0000,-1.0000,-1.0000,-1.0000,-1.0000,-1.0000,1.9788,1.9816,1.9307,1.9689,1.9467,2.0203,1.8506,1.8261,1.8998,1.7920,1.8942,1.7871,1.8689,1.8279,1.7733,1.8041,1.8997,2.0506,2.0609,2.0677,2.0601,2.0137,2.0028,2.0735,1.9843,2.0276,2.0389,2.0513,2.0023,1.9678,2.0274,2.0514,2.0758,2.0619,2.0570,2.0590,2.0524,2.0299,2.0427,2.0620,1.6425,1.6835,1.6571,1.6471,1.6850,1.6223,1.5788,1.6868,1.6260,1.5787,1.5844,1.5971,1.6663,1.5770,1.5598,1.6071,1.5763,1.5772,1.6248,1.5608,1.6486,1.6231,1.5967,0,1.0000,2.0308,4.6896,1.9317
14,0.0280,-0.3621,-1.6944,1.0467,2.0308,4.6896,1.6766,0.1110,0.1895,0.0001,1.0274,1.0000,-0.0002,0.0013,0.0025,-0.0146,-0.0049,0.0005,0.0022,0.0017,-0.0008,0.0175,-0.0008,0.0010,0.0011,-0.0030,0.0002,-0.0113,0.0002,-0.0032,0.0017,0.0017,0.0001,0.0005,0.0001,0.0002,0.0033,0.0012,-0.0057,0.0000,0.0005,0.0000,-0.0290,0.0013,-0.0244,-0.0457,0.1327,0.6550,-0.4928,-0.6377,0.0644,0.7045,-0.0781,-0.3640,1.1461,0.0792,0.1430,0.0317,-0.0158,0.3832,-1.4431,-0.0859,-0.2928,0.0103,0.1079,0.0076,0.0392,0.0101,0.0153,0.5381,0.2359,-0.8718,0.0024,0.0559,-0.0010,-1.0000,-1.0000,-1.0000,-1.0000,-1.0000,-1.0000,-1.0000,-1.0000,-1.0000,-1.0000,-1.0000,-1.0000,-1.0000,-1.0000,-1.0000,-1.0000,-1.0000,-1.0000,-1.0000,-1.0000,-1.0000,-1.0000,-1.0000,-1.0000,-1.0000,-1.0000,-1.0000,-1.0000,-1.0000,-1.0000,-1.0000,-1.0000,-1.0000,-1.0000,-1.0000,-1.0000,-1.0000,-1.0000,-1.0000,-1.0000,-1.0000,-1.0000,-1.0000,-1.0000,-1.0000,-1.0000,-1.0000,-1.0000,-1.0000,-1.0000,-1.0000,-1.0000,-1.0000,-1.0000,-1.0000,-1.0000,-1.0000,-1.0000,-1.0000,-1.0000,-1.0000,-1.0000,-1.0000,-1.0000,-1.0000,-1.0000,-1.0000,-1.0000,-1.0000,-1.0000,-1.0000,-1.0000,-1.0000,-1.0000,-1.0000,-1.0000,-1.0000,-1.0000,-1.0000,-1.0000,-1.0000,-1.0000,-1.0000,-1.0000,-1.0000,-1.0000,-1.0000,-1.0000,-1.0000,-1.0000,-1.0000,-1.0000,-1.0000,-1.0000,-1.0000,-1.0000,-1.0000,-1.0000,-1.0000,-1.0000,-1.0000,-1.0000,-1.0000,-1.0000,-1.0000,-1.0000,-1.0000,-1.0000,-1.0000,-1.0000,-1.0000,-1.0000,-1.0000,-1.0000,-1.0000,-1.0000,-1.0000,-1.0000,-1.0000,-1.0000,-1.0000,1.9681,1.9709,1.9200,1.9583,1.9360,2.0096,1.8403,1.8154,1.8891,1.7815,1.8836,1.7764,1.8585,1.8172,1.7630,1.7936,1.8891,2.0401,2.0503,2.0571,2.0496,2.0031,1.9924,2.0631,1.9738,2.0171,2.0285,2.0408,1.9920,1.9573,2.0170,2.0410,2.0653,2.0515,2.0466,2.0485,2.0420,2.0194,2.0322,2.0516,1.6318,1.6727,1.6463,1.6363,1.6743,1.6117,1.5681,1.6762,1.6155,1.5682,1.5739,1.5867,1.6559,1.5667,1.5496,1.5968,1.5660,1.5670,1.6144,1.5506,1.6382,1.6129,1.5865,0,1.0000,2.0308,4.6896,1.9317
14,0.0280,-0.3621,-1.6944,1.0467,2.0308,4.6896,1.6766,0.1110,0.1895,0.0001,1.0274,1.0000,-0.0002,0.0013,0.0025,-0.0146,-0.0049,0.0005,0.0022,0.0017,-0.0008,0.0175,-0.0008,0.0010,0.0011,-0.0030,0.0002,-0.0113,0.0002,-0.0032,0.0017,0.0017,0.0001,0.0005,0.0001,0.0002,0.0033,0.0012,-0.0057,0.0000,0.0005,0.0000,-0.0290,0.0013,-0.0244,-0.0457,0.1327,0.6550,-0.4928,-0.6377,0.0644,0.7045,-0.0781,-0.3640,1.1461,0.0792,0.1430,0.0317,-0.0158,0.3832,-1.4431,-0.0859,-0.2928,0.0103,0.1079,0.0076,0.0392,0.0101,0.0153,0.5381,0.2359,-0.8718,0.0024,0.0559,-0.0010,-1.0000,-1.0000,-1.0000,-1.0000,-1.0000,-1.0000,-1.0000,-1.0000,-1.0000,-1.0000,-1.0000,-1.0000,-1.0000,-1.0000,-1.0000,-1.0000,-1.0000,-1.0000,-1.0000,-1.0000,-1.0000,-1.0000,-1.0000,-1.0000,-1.0000,-1.0000,-1.0000,-1.0000,-1.0000,-1.0000,-1.0000,-1.0000,-1.0000,-1.0000,-1.0000,-1.0000,-1.0000,-1.0000,-1.0000,-1.0000,-1.0000,-1.0000,-1.0000,-1.0000,-1.0000,-1.0000,-1.0000,-1.0000,-1.0000,-1.0000,-1.0000,-1.0000,-1.0000,-1.0000,-1.0000,-1.0000,-1.0000,-1.0000,-1.0000,-1.0000,-1.0000,-1.0000,-1.0000,-1.0000,-1.0000,-1.0000,-1.0000,-1.0000,-1.0000,-1.0000,-1.0000,-1.0000,-1.0000,-1.0000,-1.0000,-1.0000,-1.0000,-1.0000,-1.0000,-1.0000,-1.0000,-1.0000,-1.0000,-1.0000,-1.0000,-1.0000,-1.0000,-1.0000,-1.0000,-1.0000,-1.0000,-1.0000,-1.0000,-1.0000,-1.0000,-1.0000,-1.0000,-1.0000,-1.0000,-1.0000,-1.0000,-1.0000,-1.0000,-1.0000,-1.0000,-1.0000,-1.0000,-1.0000,-1.0000,-1.0000,-1.0000,-1.0000,-1.0000,-1.0000,-1.0000,-1.0000,-1.0000,-1.0000,-1.0000,-1.0000,-1.0000,1.9681,1.9709,1.9200,1.9583,1.9360,2.0096,1.8403,1.8154,1.8891,1.7815,1.8836,1.7764,1.8585,1.8172,1.7630,1.7936,1.8891,2.0401,2.0503,2.0571,2.0496,2.0031,1.9924,2.0631,1.9738,2.0171,2.0285,2.0408,1.9920,1.9573,2.0170,2.0410,2.0653,2.0515,2.0466,2.0485,2.0420,2.0194,2.0322,2.0516,1.6318,1.6727,1.6463,1.6363,1.6743,1.6117,1.5681,1.6762,1.6155,1.5682,1.5739,1.5867,1.6559,1.5667,1.5496,1.5968,1.5660,1.5670,1.6144,1.5506,1.6382,1.6129,1.5865,0,1.0000,2.0308,4.6896,1.9317
14,0.0280,-0.3621,-1.6944,1.0467,2.0308,4.6896,1.6766,0.1110,0.1895,0.0001,1.0274,1.0000,-0.0002,0.0013,0.0025,-0.0146,-0.0049,0.0005,0.0022,0.0017,-0.0008,0.0175,-0.0008,0.0010,0.0011,-0.0030,0.0002,-0.0113,0.0002,-0.0032,0.0017,0.0017,0.0001,0.0005,0.0001,0.0002,0.0033,0.0012,-0.0057,0.0000,0.0005,0.0000,-0.0290,0.0013,-0.0244,-0.0457,0.1327,0.6550,-0.4928,-0.6377,0.0644,0.7045,-0.0781,-0.3640,1.1461,0.0792,0.1430,0.0317,-0.0158,0.3832,-1.4431,-0.0859,-0.2928,0.0103,0.1079,0.0076,0.0392,0.0101,0.0153,0.5381,0.2359,-0.8718,0.0024,0.0559,-0.0010,-1.0000,-1.0000,-1.0000,-1.0000,-1.0000,-1.0000,-1.0000,-1.0000,-1.0000,-1.0000,-1.0000,-1.0000,-1.0000,-1.0000,-1.0000,-1.0000,-1.0000,-1.0000,-1.0000,-1.0000,-1.0000,-1.0000,-1.0000,-1.0000,-1.0000,-1.0000,-1.0000,-1.0000,-1.0000,-1.0000,-1.0000,-1.0000,-1.0000,-1.0000,-1.0000,-1.0000,-1.0000,-1.0000,-1.0000,-1.0000,-1.0000,-1.0000,-1.0000,-1.0000,-1.0000,-1.0000,-1.0000,-1.0000,-1.0000,-1.0000,-1.0000,-1.0000,-1.0000,-1.0000,-1.0000,-1.0000,-1.0000,-1.0000,-1.0000,-1.0000,-1.0000,-1.0000,-1.0000,-1.0000,-1.0000,-1.0000,-1.0000,-1.0000,-1.0000,-1.0000,-1.0000,-1.0000,-1.0000,-1.0000,-1.0000,-1.0000,-1.0000,-1.0000,-1.0000,-1.0000,-1.0000,-1.0000,-1.0000,-1.0000,-1.0000,-1.0000,-1.0000,-1.0000,-1.0000,-1.0000,-1.0000,-1.0000,-1.0000,-1.0000,-1.0000,-1.0000,-1.0000,-1.0000,-1.0000,-1.0000,-1.0000,-1.0000,-1.0000,-1.0000,-1.0000,-1.0000,-1.0000,-1.0000,-1.0000,-1.0000,-1.0000,-1.0000,-1.0000,-1.0000,-1.0000,-1.0000,-1.0000,-1.0000,-1.0000,-1.0000,-1.0000,1.9681,1.9709,1.9200,1.9583,1.9360,2.0096,1.8403,1.8154,1.8891,1.7815,1.8836,1.7764,1.8585,1.8172,1.7630,1.7936,1.8891,2.0401,2.0503,2.0571,2.0496,2.0031,1.9924,2.0631,1.9738,2.0171,2.0285,2.0408,1.9920,1.9573,2.0170,2.0410,2.0653,2.0515,2.0466,2.0485,2.0420,2.0194,2.0322,2.0516,1.6318,1.6727,1.6463,1.6363,1.6743,1.6117,1.5681,1.6762,1.6155,1.5682,1.5739,1.5867,1.6559,1.5667,1.5496,1.5968,1.5660,1.5670,1.6144,1.5506,1.6382,1.6129,1.5865,0,1.0000,2.0308,4.6896,1.9317
14,0.0280,-0.3621,-1.6944,1.0467,2.0308,4.6896,1.6766,0.1110,0.1895,0.0001,1.0274,1.0000,-0.0002,0.0013,0.0025,-0.0146,-0.0049,0.0005,0.0022,0.0017,-0.0008,0.0175,-0.0008,0.0010,0.0011,-0.0030,0.0002,-0.0113,0.0002,-0.0032,0.0017,0.0017,0.0001,0.0005,0.0001,0.0002,0.0033,0.0012,-0.0057,0.0000,0.0005,0.0000,-0.0290,0.0013,-0.0244,-0.0457,0.1327,0.6550,-0.4928,-0.6377,0.0644,0.7045,-0.0781,-0.3640,1.1461,0.0792,0.1430,0.0317,-0.0158,0.3832,-1.4431,-0.0859,-0.2928,0.0103,0.1079,0.0076,0.0392,0.0101,0.0153,0.5381,0.2359,-0.8718,0.0024,0.0559,-0.0010,-1.0000,-1.0000,-1.0000,-1.0000,-1.0000,-1.0000,-1.0000,-1.0000,-1.0000,-1.0000,-1.0000,-1.0000,-1.0000,-1.0000,-1.0000,-1.0000,-1.0000,-1.0000,-1.0000,-1.0000,-1.0000,-1.0000,-1.0000,-1.0000,-1.0000,-1.0000,-1.0000,-1.0000,-1.0000,-1.0000,-1.0000,-1.0000,-1.0000,-1.0000,-1.0000,-1.0000,-1.0000,-1.0000,-1.0000,-1.0000,-1.0000,-1.0000,-1.0000,-1.0000,-1.0000,-1.0000,-1.0000,-1.0000,-1.0000,-1.0000,-1.0000,-1.0000,-1.0000,-1.0000,-1.0000,-1.0000,-1.0000,-1.0000,-1.0000,-1.0000,-1.0000,-1.0000,-1.0000,-1.0000,-1.0000,-1.0000,-1.0000,-1.0000,-1.0000,-1.0000,-1.0000,-1.0000,-1.0000,-1.0000,-1.0000,-1.0000,-1.0000,-1.0000,-1.0000,-1.0000,-1.0000,-1.0000,-1.0000,-1.0000,-1.0000,-1.0000,-1.0000,-1.0000,-1.0000,-1.0000,-1.0000,-1.0000,-1.0000,-1.0000,-1.0000,-1.0000,-1.0000,-1.0000,-1.0000,-1.0000,-1.0000,-1.0000,-1.0000,-1.0000,-1.0000,-1.0000,-1.0000,-1.0000,-1.0000,-1.0000,-1.0000,-1.0000,-1.0000,-1.0000,-1.0000,-1.0000,-1.0000,-1.0000,-1.0000,-1.0000,-1.0000,1.9681,1.9709,1.9200,1.9583,1.9360,2.0096,1.8403,1.8154,1.8891,1.7815,1.8836,1.7764,1.8585,1.8172,1.7630,1.7936,1.8891,2.0401,2.0503,2.0571,2.0496,2.0031,1.9924,2.0631,1.9738,2.0171,2.0285,2.0408,1.9920,1.9573,2.0170,2.0410,2.0653,2.0515,2.0466,2.0485,2.0420,2.0194,2.0322,2.0516,1.6318,1.6727,1.6463,1.6363,1.6743,1.6117,1.5681,1.6762,1.6155,1.5682,1.5739,1.5867,1.6559,1.5667,1.5496,1.5968,1.5660,1.5670,1.6144,1.5506,1.6382,1.6129,1.5865,0,1.0000,2.0308,4.6896,1.9317
14,0.0280,-0.3621,-1.6944,1.0467,2.0308,4.6896,1.6766,0.1110,0.1895,0.0001,1.0274,1.0000,-0.0002,0.0013,0.0025,-0.0146,-0.0049,0.0005,0.0022,0.0017,-0.0008,0.0175,-0.0008,0.0010,0.0011,-0.0030,0.0002,-0.0113,0.0002,-0.0032,0.0017,0.0017,0.0001,0.0005,0.0001,0.0002,0.0033,0.0012,-0.0057,0.0000,0.0005,0.0000,-0.0290,0.0013,-0.0244,-0.0457,0.1327,0.6550,-0.4928,-0.6377,0.0644,0.7045,-0.0781,-0.3640,1.1461,0.0792,0.1430,0.0317,-0.0158,0.3832,-1.4431,-0.0859,-0.2928,0.0103,0.1079,0.0076,0.0392,0.0101,0.0153,0.5381,0.2359,-0.8718,0.0024,0.0559,-0.0010,-1.0000,-1.0000,-1.0000,-1.0000,-1.0000,-1.0000,-1.0000,-1.0000,-1.0000,-1.0000,-1.0000,-1.0000,-1.0000,-1.0000,-1.0000,-1.0000,-1.0000,-1.0000,-1.0000,-1.0000,-1.0000,-1.0000,-1.0000,-1.0000,-1.0000,-1.0000,-1.0000,-1.0000,-1.0000,-1.0000,-1.0000,-1.0000,-1.0000,-1.0000,-1.0000,-1.0000,-1.0000,-1.0000,-1.0000,-1.0000,-1.0000,-1.0000,-1.0000,-1.0000,-1.0000,-1.0000,-1.0000,-1.0000,-1.0000,-1.0000,-1.0000,-1.0000,-1.0000,-1.0000,-1.0000,-1.0000,-1.0000,-1.0000,-1.0000,-1.0000,-1.0000,-1.0000,-1.0000,-1.0000,-1.0000,-1.0000,-1.0000,-1.0000,-1.0000,-1.0000,-1.0000,-1.0000,-1.0000,-1.0000,-1.0000,-1.0000,-1.0000,-1.0000,-1.0000,-1.0000,-1.0000,-1.0000,-1.0000,-1.0000,-1.0000,-1.0000,-1.0000,-1.0000,-1.0000,-1.0000,-1.0000,-1.0000,-1.0000,-1.0000,-1.0000,-1.0000,-1.0000,-1.0000,-1.0000,-1.0000,-1.0000,-1.0000,-1.0000,-1.0000,-1.0000,-1.0000,-1.0000,-1.0000,-1.0000,-1.0000,-1.0000,-1.0000,-1.0000,-1.0000,-1.0000,-1.0000,-1.0000,-1.0000,-1.0000,-1.0000,-1.0000,1.9681,1.9709,1.9200,1.9583,1.9360,2.0096,1.8403,1.8154,1.8891,1.7815,1.8836,1.7764,1.8585,1.8172,1.7630,1.7936,1.8891,2.0401,2.0503,2.0571,2.0496,2.0031,1.9924,2.0631,1.9738,2.0171,2.0285,2.0408,1.9920,1.9573,2.0170,2.0410,2.0653,2.0515,2.0466,2.0485,2.0420,2.0194,2.0322,2.0516,1.6318,1.6727,1.6463,1.6363,1.6743,1.6117,1.5681,1.6762,1.6155,1.5682,1.5739,1.5867,1.6559,1.5667,1.5496,1.5968,1.5660,1.5670,1.6144,1.5506,1.6382,1.6129,1.5865,0,1.0000,2.0308,4.6896,1.9317
14,0.0280,-0.3621,-1.6944,1.0467,2.0308,4.6896,1.6766,0.1110,0.1895,0.0001,1.0274,1.0000,-0.0002,0.0013,0.0025,-0.0146,-0.0049,0.0005,0.0022,0.0017,-0.0008,0.0175,-0.0008,0.0010,0.0011,-0.0030,0.0002,-0.0113,0.0002,-0.0032,0.0017,0.0017,0.0001,0.0005,0.0001,0.0002,0.0033,0.0012,-0.0057,0.0000,0.0005,0.0000,-0.0290,0.0013,-0.0244,-0.0457,0.1327,0.6550,-0.4928,-0.6377,0.0644,0.7045,-0.0781,-0.3640,1.1461,0.0792,0.1430,0.0317,-0.0158,0.3832,-1.4431,-0.0859,-0.2928,0.0103,0.1079,0.0076,0.0392,0.0101,0.0153,0.5381,0.2359,-0.8718,0.0024,0.0559,-0.0010,-1.0000,-1.0000,-1.0000,-1.0000,-1.0000,-1.0000,-1.0000,-1.0000,-1.0000,-1.0000,-1.0000,-1.0000,-1.0000,-1.0000,-1.0000,-1.0000,-1.0000,-1.0000,-1.0000,-1.0000,-1.0000,-1.0000,-1.0000,-1.0000,-1.0000,-1.0000,-1.0000,-1.0000,-1.0000,-1.0000,-1.0000,-1.0000,-1.0000,-1.0000,-1.0000,-1.0000,-1.0000,-1.0000,-1.0000,-1.0000,-1.0000,-1.0000,-1.0000,-1.0000,-1.0000,-1.0000,-1.0000,-1.0000,-1.0000,-1.0000,-1.0000,-1.0000,-1.0000,-1.0000,-1.0000,-1.0000,-1.0000,-1.0000,-1.0000,-1.0000,-1.0000,-1.0000,-1.0000,-1.0000,-1.0000,-1.0000,-1.0000,-1.0000,-1.0000,-1.0000,-1.0000,-1.0000,-1.0000,-1.0000,-1.0000,-1.0000,-1.0000,-1.0000,-1.0000,-1.0000,-1.0000,-1.0000,-1.0000,-1.0000,-1.0000,-1.0000,-1.0000,-1.0000,-1.0000,-1.0000,-1.0000,-1.0000,-1.0000,-1.0000,-1.0000,-1.0000,-1.0000,-1.0000,-1.0000,-1.0000,-1.0000,-1.0000,-1.0000,-1.0000,-1.0000,-1.0000,-1.0000,-1.0000,-1.0000,-1.0000,-1.0000,-1.0000,-1.0000,-1.0000,-1.0000,-1.0000,-1.0000,-1.0000,-1.0000,-1.0000,-1.0000,1.9681,1.9709,1.9200,1.9583,1.9360,2.0096,1.8403,1.8154,1.8891,1.7815,1.8836,1.7764,1.8585,1.8172,1.7630,1.7936,1.8891,2.0401,2.0503,2.0571,2.0496,2.0031,1.9924,2.0631,1.9738,2.0171,2.0285,2.0408,1.9920,1.9573,2.0170,2.0410,2.0653,2.0515,2.0466,2.0485,2.0420,2.0194,2.0322,2.0516,1.6318,1.6727,1.6463,1.6363,1.6743,1.6117,1.5681,1.6762,1.6155,1.5682,1.5739,1.5867,1.6559,1.5667,1.5496,1.5968,1.5660,1.5670,1.6144,1.5506,1.6382,1.6129,1.5865,0,1.0000,2.0308,4.6896,1.9317
14,0.0280,-0.3621,-1.6944,1.0467,2.0308,4.6896,1.6766,0.1110,0.1895,0.0001,1.0274,1.0000,-0.0002,0.0013,0.0025,-0.0146,-0.0049,0.0005,0.0022,0.0017,-0.0008,0.0175,-0.0008,0.0010,0.0011,-0.0030,0.0002,-0.0113,0.0002,-0.0032,0.0017,0.0017,0.0001,0.0005,0.0001,0.0002,0.0033,0.0012,-0.0057,0.0000,0.0005,0.0000,-0.0290,0.0013,-0.0244,-0.0457,0.1327,0.6550,-0.4928,-0.6377,0.0644,0.7045,-0.0781,-0.3640,1.1461,0.0792,0.1430,0.0317,-0.0158,0.3832,-1.4431,-0.0859,-0.2928,0.0103,0.1079,0.0076,0.0392,0.0101,0.0153,0.5381,0.2359,-0.8718,0.0024,0.0559,-0.0010,-1.0000,-1.0000,-1.0000,-1.0000,-1.0000,-1.0000,-1.0000,-1.0000,-1.0000,-1.0000,-1.0000,-1.0000,-1.0000,-1.0000,-1.0000,-1.0000,-1.0000,-1.0000,-1.0000,-1.0000,-1.0000,-1.0000,-1.0000,-1.0000,-1.0000,-1.0000,-1.0000,-1.0000,-1.0000,-1.0000,-1.0000,-1.0000,-1.0000,-1.0000,-1.0000,-1.0000,-1.0000,-1.0000,-1.0000,-1.0000,-1.0000,-1.0000,-1.0000,-1.0000,-1.0000,-1.0000,-1.0000,-1.0000,-1.0000,-1.0000,-1.0000,-1.0000,-1.0000,-1.0000,-1.0000,-1.0000,-1.0000,-1.0000,-1.0000,-1.0000,-1.0000,-1.0000,-1.0000,-1.0000,-1.0000,-1.0000,-1.0000,-1.0000,-1.0000,-1.0000,-1.0000,-1.0000,-1.0000,-1.0000,-1.0000,-1.0000,-1.0000,-1.0000,-1.0000,-1.0000,-1.0000,-1.0000,-1.0000,-1.0000,-1.0000,-1.0000,-1.0000,-1.0000,-1.0000,-1.0000,-1.0000,-1.0000,-1.0000,-1.0000,-1.0000,-1.0000,-1.0000,-1.0000,-1.0000,-1.0000,-1.0000,-1.0000,-1.0000,-1.0000,-1.0000,-1.0000,-1.0000,-1.0000,-1.0000,-1.0000,-1.0000,-1.0000,-1.0000,-1.0000,-1.0000,-1.0000,-1.0000,-1.0000,-1.0000,-1.0000,-1.0000,1.9681,1.9709,1.9200,1.9583,1.9360,2.0096,1.8403,1.8154,1.8891,1.7815,1.8836,1.7764,1.8585,1.8172,1.7630,1.7936,1.8891,2.0401,2.0503,2.0571,2.0496,2.0031,1.9924,2.0631,1.9738,2.0171,2.0285,2.0408,1.9920,1.9573,2.0170,2.0410,2.0653,2.0515,2.0466,2.0485,2.0420,2.0194,2.0322,2.0516,1.6318,1.6727,1.6463,1.6363,1.6743,1.6117,1.5681,1.6762,1.6155,1.5682,1.5739,1.5867,1.6559,1.5667,1.5496,1.5968,1.5660,1.5670,1.6144,1.5506,1.6382,1.6129,1.5865,0,1.0000,2.0308,4.6896,1.9317
14,0.0280,-0.3621,-1.6944,1.0467,2.0308,4.6896,1.6766,0.1110,0.1895,0.0001,1.0274,1.0000,-0.0002,0.0013,0.0025,-0.0146,-0.0049,0.0005,0.0022,0.0017,-0.0008,0.0175,-0.0008,0.0010,0.0011,-0.0030,0.0002,-0.0113,0.0002,-0.0032,0.0017,0.0017,0.0001,0.0005,0.0001,0.0002,0.0033,0.0012,-0.0057,0.0000,0.0005,0.0000,-0.0290,0.0013,-0.0244,-0.0457,0.1327,0.6550,-0.4928,-0.6377,0.0644,0.7045,-0.0781,-0.3640,1.1461,0.0792,0.1430,0.0317,-0.0158,0.3832,-1.4431,-0.0859,-0.2928,0.0103,0.1079,0.0076,0.0392,0.0101,0.0153,0.5381,0.2359,-0.8718,0.0024,0.0559,-0.0010,-1.0000,-1.0000,-1.0000,-1.0000,-1.0000,-1.0000,-1.0000,-1.0000,-1.0000,-1.0000,-1.0000,-1.0000,-1.0000,-1.0000,-1.0000,-1.0000,-1.0000,-1.0000,-1.0000,-1.0000,-1.0000,-1.0000,-1.0000,-1.0000,-1.0000,-1.0000,-1.0000,-1.0000,-1.0000,-1.0000,-1.0000,-1.0000,-1.0000,-1.0000,-1.0000,-1.0000,-1.0000,-1.0000,-1.0000,-1.0000,-1.0000,-1.0000,-1.0000,-1.0000,-1.0000,-1.0000,-1.0000,-1.0000,-1.0000,-1.0000,-1.0000,-1.0000,-1.0000,-1.0000,-1.0000,-1.0000,-1.0000,-1.0000,-1.0000,-1.0000,-1.0000,-1.0000,-1.0000,-1.0000,-1.0000,-1.0000,-1.0000,-1.0000,-1.0000,-1.0000,-1.0000,-1.0000,-1.0000,-1.0000,-1.0000,-1.0000,-1.0000,-1.0000,-1.0000,-1.0000,-1.0000,-1.0000,-1.0000,-1.0000,-1.0000,-1.0000,-1.0000,-1.0000,-1.0000,-1.0000,-1.0000,-1.0000,-1.0000,-1.0000,-1.0000,-1.0000,-1.0000,-1.0000,-1.0000,-1.0000,-1.0000,-1.0000,-1.0000,-1.0000,-1.0000,-1.0000,-1.0000,-1.0000,-1.0000,-1.0000,-1.0000,-1.0000,-1.0000,-1.0000,-1.0000,-1.0000,-1.0000,-1.0000,-1.0000,-1.0000,-1.0000,1.9681,1.9709,1.9200,1.9583,1.9360,2.0096,1.8403,1.8154,1.8891,1.7815,1.8836,1.7764,1.8585,1.8172,1.7630,1.7936,1.8891,2.0401,2.0503,2.0571,2.0496,2.0031,1.9924,2.0631,1.9738,2.0171,2.0285,2.0408,1.9920,1.9573,2.0170,2.0410,2.0653,2.0515,2.0466,2.0485,2.0420,2.0194,2.0322,2.0516,1.6318,1.6727,1.6463,1.6363,1.6743,1.6117,1.5681,1.6762,1.6155,1.5682,1.5739,1.5867,1.6559,1.5667,1.5496,1.5968,1.5660,1.5670,1.6144,1.5506,1.6382,1.6129,1.5865,0,1.0000,2.0308,4.6896,1.9317
14,0.0280,-0.3621,-1.6944,1.0467,2.0308,4.6896,1.6766,0.1110,0.1895,0.0001,1.0274,1.0000,-0.0002,0.0013,0.0025,-0.0146,-0.0049,0.0005,0.0022,0.0017,-0.0008,0.0175,-0.0008,0.0010,0.0011,-0.0030,0.0002,-0.0113,0.0002,-0.0032,0.0017,0.0017,0.0001,0.0005,0.0001,0.0002,0.0033,0.0012,-0.0057,0.0000,0.0005,0.0000,-0.0290,0.0013,-0.0244,-0.0457,0.1327,0.6550,-0.4928,-0.6377,0.0644,0.7045,-0.0781,-0.3640,1.1461,0.0792,0.1430,0.0317,-0.0158,0.3832,-1.4431,-0.0859,-0.2928,0.0103,0.1079,0.0076,0.0392,0.0101,0.0153,0.5381,0.2359,-0.8718,0.0024,0.0559,-0.0010,-1.0000,-1.0000,-1.0000,-1.0000,-1.0000,-1.0000,-1.0000,-1.0000,-1.0000,-1.0000,-1.0000,-1.0000,-1.0000,-1.0000,-1.0000,-1.0000,-1.0000,-1.0000,-1.0000,-1.0000,-1.0000,-1.0000,-1.0000,-1.0000,-1.0000,-1.0000,-1.0000,-1.0000,-1.0000,-1.0000,-1.0000,-1.0000,-1.0000,-1.0000,-1.0000,-1.0000,-1.0000,-1.0000,-1.0000,-1.0000,-1.0000,-1.0000,-1.0000,-1.0000,-1.0000,-1.0000,-1.0000,-1.0000,-1.0000,-1.0000,-1.0000,-1.0000,-1.0000,-1.0000,-1.0000,-1.0000,-1.0000,-1.0000,-1.0000,-1.0000,-1.0000,-1.0000,-1.0000,-1.0000,-1.0000,-1.0000,-1.0000,-1.0000,-1.0000,-1.0000,-1.0000,-1.0000,-1.0000,-1.0000,-1.0000,-1.0000,-1.0000,-1.0000,-1.0000,-1.0000,-1.0000,-1.0000,-1.0000,-1.0000,-1.0000,-1.0000,-1.0000,-1.0000,-1.0000,-1.0000,-1.0000,-1.0000,-1.0000,-1.0000,-1.0000,-1.0000,-1.0000,-1.0000,-1.0000,-1.0000,-1.0000,-1.0000,-1.0000,-1.0000,-1.0000,-1.0000,-1.0000,-1.0000,-1.0000,-1.0000,-1.0000,-1.0000,-1.0000,-1.0000,-1.0000,-1.0000,-1.0000,-1.0000,-1.0000,-1.0000,-1.0000,1.9681,1.9709,1.9200,1.9583,1.9360,2.0096,1.8403,1.8154,1.8891,1.7815,1.8836,1.7764,1.8585,1.8172,1.7630,1.7936,1.8891,2.0401,2.0503,2.0571,2.0496,2.0031,1.9924,2.0631,1.9738,2.0171,2.0285,2.0408,1.9920,1.9573,2.0170,2.0410,2.0653,2.0515,2.0466,2.0485,2.0420,2.0194,2.0322,2.0516,1.6318,1.6727,1.6463,1.6363,1.6743,1.6117,1.5681,1.6762,1.6155,1.5682,1.5739,1.5867,1.6559,1.5667,1.5496,1.5968,1.5660,1.5670,1.6144,1.5506,1.6382,1.6129,1.5865,0,1.0000,2.0308,4.6896,1.9317
14,0.0280,-0.3621,-1.6944,1.0467,2.0308,4.6896,1.6766,0.1110,0.1895,0.0001,1.0274,1.0000,-0.0002,0.0013,0.0025,-0.0146,-0.0049,0.0005,0.0022,0.0017,-0.0008,0.0175,-0.0008,0.0010,0.0011,-0.0030,0.0002,-0.0113,0.0002,-0.0032,0.0017,0.0017,0.0001,0.0005,0.0001,0.0002,0.0033,0.0012,-0.0057,0.0000,0.0005,0.0000,-0.0290,0.0013,-0.0244,-0.0457,0.1327,0.6550,-0.4928,-0.6377,0.0644,0.7045,-0.0781,-0.3640,1.1461,0.0792,0.1430,0.0317,-0.0158,0.3832,-1.4431,-0.0859,-0.2928,0.0103,0.1079,0.0076,0.0392,0.0101,0.0153,0.5381,0.2359,-0.8718,0.0024,0.0559,-0.0010,-1.0000,-1.0000,-1.0000,-1.0000,-1.0000,-1.0000,-1.0000,-1.0000,-1.0000,-1.0000,-1.0000,-1.0000,-1.0000,-1.0000,-1.0000,-1.0000,-1.0000,-1.0000,-1.0000,-1.0000,-1.0000,-1.0000,-1.0000,-1.0000,-1.0000,-1.0000,-1.0000,-1.0000,-1.0000,-1.0000,-1.0000,-1.0000,-1.0000,-1.0000,-1.0000,-1.0000,-1.0000,-1.0000,-1.0000,-1.0000,-1.0000,-1.0000,-1.0000,-1.0000,-1.0000,-1.0000,-1.0000,-1.0000,-1.0000,-1.0000,-1.0000,-1.0000,-1.0000,-1.0000,-1.0000,-1.0000,-1.0000,-1.0000,-1.0000,-1.0000,-1.0000,-1.0000,-1.0000,-1.0000,-1.0000,-1.0000,-1.0000,-1.0000,-1.0000,-1.0000,-1.0000,-1.0000,-1.0000,-1.0000,-1.0000,-1.0000,-1.0000,-1.0000,-1.0000,-1.0000,-1.0000,-1.0000,-1.0000,-1.0000,-1.0000,-1.0000,-1.0000,-1.0000,-1.0000,-1.0000,-1.0000,-1.0000,-1.0000,-1.0000,-1.0000,-1.0000,-1.0000,-1.0000,-1.0000,-1.0000,-1.0000,-1.0000,-1.0000,-1.0000,-1.0000,-1.0000,-1.0000,-1.0000,-1.0000,-1.0000,-1.0000,-1.0000,-1.0000,-1.0000,-1.0000,-1.0000,-1.0000,-1.0000,-1.0000,-1.0000,-1.0000,1.9681,1.9709,1.9200,1.9583,1.9360,2.0096,1.8403,1.8154,1.8891,1.7815,1.8836,1.7764,1.8585,1.8172,1.7630,1.7936,1.8891,2.0401,2.0503,2.0571,2.0496,2.0031,1.9924,2.0631,1.9738,2.0171,2.0285,2.0408,1.9920,1.9573,2.0170,2.0410,2.0653,2.0515,2.0466,2.0485,2.0420,2.0194,2.0322,2.0516,1.6318,1.6727,1.6463,1.6363,1.6743,1.6117,1.5681,1.6762,1.6155,1.5682,1.5739,1.5867,1.6559,1.5667,1.5496,1.5968,1.5660,1.5670,1.6144,1.5506,1.6382,1.6129,1.5865,0,1.0000,2.0308,4.6896,1.9317
14,0.0280,-0.3621,-1.6944,1.0467,2.0308,4.6896,1.6766,0.1110,0.1895,0.0001,1.0274,1.0000,-0.0002,0.0013,0.0025,-0.0146,-0.0049,0.0005,0.0022,0.0017,-0.0008,0.0175,-0.0008,0.0010,0.0011,-0.0030,0.0002,-0.0113,0.0002,-0.0032,0.0017,0.0017,0.0001,0.0005,0.0001,0.0002,0.0033,0.0012,-0.0057,0.0000,0.0005,0.0000,-0.0290,0.0013,-0.0244,-0.0457,0.1327,0.6550,-0.4928,-0.6377,0.0644,0.7045,-0.0781,-0.3640,1.1461,0.0792,0.1430,0.0317,-0.0158,0.3832,-1.4431,-0.0859,-0.2928,0.0103,0.1079,0.0076,0.0392,0.0101,0.0153,0.5381,0.2359,-0.8718,0.0024,0.0559,-0.0010,-1.0000,-1.0000,-1.0000,-1.0000,-1.0000,-1.0000,-1.0000,-1.0000,-1.0000,-1.0000,-1.0000,-1.0000,-1.0000,-1.0000,-1.0000,-1.0000,-1.0000,-1.0000,-1.0000,-1.0000,-1.0000,-1.0000,-1.0000,-1.0000,-1.0000,-1.0000,-1.0000,-1.0000,-1.0000,-1.0000,-1.0000,-1.0000,-1.0000,-1.0000,-1.0000,-1.0000,-1.0000,-1.0000,-1.0000,-1.0000,-1.0000,-1.0000,-1.0000,-1.0000,-1.0000,-1.0000,-1.0000,-1.0000,-1.0000,-1.0000,-1.0000,-1.0000,-1.0000,-1.0000,-1.0000,-1.0000,-1.0000,-1.0000,-1.0000,-1.0000,-1.0000,-1.0000,-1.0000,-1.0000,-1.0000,-1.0000,-1.0000,-1.0000,-1.0000,-1.0000,-1.0000,-1.0000,-1.0000,-1.0000,-1.0000,-1.0000,-1.0000,-1.0000,-1.0000,-1.0000,-1.0000,-1.0000,-1.0000,-1.0000,-1.0000,-1.0000,-1.0000,-1.0000,-1.0000,-1.0000,-1.0000,-1.0000,-1.0000,-1.0000,-1.0000,-1.0000,-1.0000,-1.0000,-1.0000,-1.0000,-1.0000,-1.0000,-1.0000,-1.0000,-1.0000,-1.0000,-1.0000,-1.0000,-1.0000,-1.0000,-1.0000,-1.0000,-1.0000,-1.0000,-1.0000,-1.0000,-1.0000,-1.0000,-1.0000,-1.0000,-1.0000,1.9681,1.9709,1.9200,1.9583,1.9360,2.0096,1.8403,1.8154,1.8891,1.7815,1.8836,1.7764,1.8585,1.8172,1.7630,1.7936,1.8891,2.0401,2.0503,2.0571,2.0496,2.0031,1.9924,2.0631,1.9738,2.0171,2.0285,2.0408,1.9920,1.9573,2.0170,2.0410,2.0653,2.0515,2.0466,2.0485,2.0420,2.0194,2.0322,2.0516,1.6318,1.6727,1.6463,1.6363,1.6743,1.6117,1.5681,1.6762,1.6155,1.5682,1.5739,1.5867,1.6559,1.5667,1.5496,1.5968,1.5660,1.5670,1.6144,1.5506,1.6382,1.6129,1.5865,0,1.0000,2.0308,4.6896,1.9317
14,0.0280,-0.3621,-1.6944,1.0467,2.0308,4.6896,1.6766,0.1110,0.1895,0.0001,1.0274,1.0000,-0.0002,0.0013,0.0025,-0.0146,-0.0049,0.0005,0.0022,0.0017,-0.0008,0.0175,-0.0008,0.0010,0.0011,-0.0030,0.0002,-0.0113,0.0002,-0.0032,0.0017,0.0017,0.0001,0.0005,0.0001,0.0002,0.0033,0.0012,-0.0057,0.0000,0.0005,0.0000,-0.0290,0.0013,-0.0244,-0.0457,0.1327,0.6550,-0.4928,-0.6377,0.0644,0.7045,-0.0781,-0.3640,1.1461,0.0792,0.1430,0.0317,-0.0158,0.3832,-1.4431,-0.0859,-0.2928,0.0103,0.1079,0.0076,0.0392,0.0101,0.0153,0.5381,0.2359,-0.8718,0.0024,0.0559,-0.0010,-1.0000,-1.0000,-1.0000,-1.0000,-1.0000,-1.0000,-1.0000,-1.0000,-1.0000,-1.0000,-1.0000,-1.0000,-1.0000,-1.0000,-1.0000,-1.0000,-1.0000,-1.0000,-1.0000,-1.0000,-1.0000,-1.0000,-1.0000,-1.0000,-1.0000,-1.0000,-1.0000,-1.0000,-1.0000,-1.0000,-1.0000,-1.0000,-1.0000,-1.0000,-1.0000,-1.0000,-1.0000,-1.0000,-1.0000,-1.0000,-1.0000,-1.0000,-1.0000,-1.0000,-1.0000,-1.0000,-1.0000,-1.0000,-1.0000,-1.0000,-1.0000,-1.0000,-1.0000,-1.0000,-1.0000,-1.0000,-1.0000,-1.0000,-1.0000,-1.0000,-1.0000,-1.0000,-1.0000,-1.0000,-1.0000,-1.0000,-1.0000,-1.0000,-1.0000,-1.0000,-1.0000,-1.0000,-1.0000,-1.0000,-1.0000,-1.0000,-1.0000,-1.0000,-1.0000,-1.0000,-1.0000,-1.0000,-1.0000,-1.0000,-1.0000,-1.0000,-1.0000,-1.0000,-1.0000,-1.0000,-1.0000,-1.0000,-1.0000,-1.0000,-1.0000,-1.0000,-1.0000,-1.0000,-1.0000,-1.0000,-1.0000,-1.0000,-1.0000,-1.0000,-1.0000,-1.0000,-1.0000,-1.0000,-1.0000,-1.0000,-1.0000,-1.0000,-1.0000,-1.0000,-1.0000,-1.0000,-1.0000,-1.0000,-1.0000,-1.0000,-1.0000,1.9681,1.9709,1.9200,1.9583,1.9360,2.0096,1.8403,1.8154,1.8891,1.7815,1.8836,1.7764,1.8585,1.8172,1.7630,1.7936,1.8891,2.0401,2.0503,2.0571,2.0496,2.0031,1.9924,2.0631,1.9738,2.0171,2.0285,2.0408,1.9920,1.9573,2.0170,2.0410,2.0653,2.0515,2.0466,2.0485,2.0420,2.0194,2.0322,2.0516,1.6318,1.6727,1.6463,1.6363,1.6743,1.6117,1.5681,1.6762,1.6155,1.5682,1.5739,1.5867,1.6559,1.5667,1.5496,1.5968,1.5660,1.5670,1.6144,1.5506,1.6382,1.6129,1.5865,0,1.0000,2.0308,4.6896,1.9317
14,0.0280,-0.3621,-1.6944,1.0467,2.0308,4.6896,1.6766,0.1110,0.1895,0.0001,1.0274,1.0000,-0.0002,0.0013,0.0025,-0.0146,-0.0049,0.0005,0.0022,0.0017,-0.0008,0.0175,-0.0008,0.0010,0.0011,-0.0030,0.0002,-0.0113,0.0002,-0.0032,0.0017,0.0017,0.0001,0.0005,0.0001,0.0002,0.0033,0.0012,-0.0057,0.0000,0.0005,0.0000,-0.0290,0.0013,-0.0244,-0.0457,0.1327,0.6550,-0.4928,-0.6377,0.0644,0.7045,-0.0781,-0.3640,1.1461,0.0792,0.1430,0.0317,-0.0158,0.3832,-1.4431,-0.0859,-0.2928,0.0103,0.1079,0.0076,0.0392,0.0101,0.0153,0.5381,0.2359,-0.8718,0.0024,0.0559,-0.0010,-1.0000,-1.0000,-1.0000,-1.0000,-1.0000,-1.0000,-1.0000,-1.0000,-1.0000,-1.0000,-1.0000,-1.0000,-1.0000,-1.0000,-1.0000,-1.0000,-1.0000,-1.0000,-1.0000,-1.0000,-1.0000,-1.0000,-1.0000,-1.0000,-1.0000,-1.0000,-1.0000,-1.0000,-1.0000,-1.0000,-1.0000,-1.0000,-1.0000,-1.0000,-1.0000,-1.0000,-1.0000,-1.0000,-1.0000,-1.0000,-1.0000,-1.0000,-1.0000,-1.0000,-1.0000,-1.0000,-1.0000,-1.0000,-1.0000,-1.0000,-1.0000,-1.0000,-1.0000,-1.0000,-1.0000,-1.0000,-1.0000,-1.0000,-1.0000,-1.0000,-1.0000,-1.0000,-1.0000,-1.0000,-1.0000,-1.0000,-1.0000,-1.0000,-1.0000,-1.0000,-1.0000,-1.0000,-1.0000,-1.0000,-1.0000,-1.0000,-1.0000,-1.0000,-1.0000,-1.0000,-1.0000,-1.0000,-1.0000,-1.0000,-1.0000,-1.0000,-1.0000,-1.0000,-1.0000,-1.0000,-1.0000,-1.0000,-1.0000,-1.0000,-1.0000,-1.0000,-1.0000,-1.0000,-1.0000,-1.0000,-1.0000,-1.0000,-1.0000,-1.0000,-1.0000,-1.0000,-1.0000,-1.0000,-1.0000,-1.0000,-1.0000,-1.0000,-1.0000,-1.0000,-1.0000,-1.0000,-1.0000,-1.0000,-1.0000,-1.0000,-1.0000,1.9681,1.9709,1.9200,1.9583,1.9360,2.0096,1.8403,1.8154,1.8891,1.7815,1.8836,1.7764,1.8585,1.8172,1.7630,1.7936,1.8891,2.0401,2.0503,2.0571,2.0496,2.0031,1.9924,2.0631,1.9738,2.0171,2.0285,2.0408,1.9920,1.9573,2.0170,2.0410,2.0653,2.0515,2.0466,2.0485,2.0420,2.0194,2.0322,2.0516,1.6318,1.6727,1.6463,1.6363,1.6743,1.6117,1.5681,1.6762,1.6155,1.5682,1.5739,1.5867,1.6559,1.5667,1.5496,1.5968,1.5660,1.5670,1.6144,1.5506,1.6382,1.6129,1.5865,0,1.0000,2.0308,4.6896,1.9317
14,0.0280,-0.3621,-1.6944,1.0467,2.0308,4.6896,1.6766,0.1110,0.1895,0.0001,1.0274,1.0000,-0.0002,0.0013,0.0025,-0.0146,-0.0049,0.0005,0.0022,0.0017,-0.0008,0.0175,-0.0008,0.0010,0.0011,-0.0030,0.0002,-0.0113,0.0002,-0.0032,0.0017,0.0017,0.0001,0.0005,0.0001,0.0002,0.0033,0.0012,-0.0057,0.0000,0.0005,0.0000,-0.0290,0.0013,-0.0244,-0.0457,0.1327,0.6550,-0.4928,-0.6377,0.0644,0.7045,-0.0781,-0.3640,1.1461,0.0792,0.1430,0.0317,-0.0158,0.3832,-1.4431,-0.0859,-0.2928,0.0103,0.1079,0.0076,0.0392,0.0101,0.0153,0.5381,0.2359,-0.8718,0.0024,0.0559,-0.0010,-1.0000,-1.0000,-1.0000,-1.0000,-1.0000,-1.0000,-1.0000,-1.0000,-1.0000,-1.0000,-1.0000,-1.0000,-1.0000,-1.0000,-1.0000,-1.0000,-1.0000,-1.0000,-1.0000,-1.0000,-1.0000,-1.0000,-1.0000,-1.0000,-1.0000,-1.0000,-1.0000,-1.0000,-1.0000,-1.0000,-1.0000,-1.0000,-1.0000,-1.0000,-1.0000,-1.0000,-1.0000,-1.0000,-1.0000,-1.0000,-1.0000,-1.0000,-1.0000,-1.0000,-1.0000,-1.0000,-1.0000,-1.0000,-1.0000,-1.0000,-1.0000,-1.0000,-1.0000,-1.0000,-1.0000,-1.0000,-1.0000,-1.0000,-1.0000,-1.0000,-1.0000,-1.0000,-1.0000,-1.0000,-1.0000,-1.0000,-1.0000,-1.0000,-1.0000,-1.0000,-1.0000,-1.0000,-1.0000,-1.0000,-1.0000,-1.0000,-1.0000,-1.0000,-1.0000,-1.0000,-1.0000,-1.0000,-1.0000,-1.0000,-1.0000,-1.0000,-1.0000,-1.0000,-1.0000,-1.0000,-1.0000,-1.0000,-1.0000,-1.0000,-1.0000,-1.0000,-1.0000,-1.0000,-1.0000,-1.0000,-1.0000,-1.0000,-1.0000,-1.0000,-1.0000,-1.0000,-1.0000,-1.0000,-1.0000,-1.0000,-1.0000,-1.0000,-1.0000,-1.0000,-1.0000,-1.0000,-1.0000,-1.0000,-1.0000,-1.0000,-1.0000,1.9681,1.9709,1.9200,1.9583,1.9360,2.0096,1.8403,1.8154,1.8891,1.7815,1.8836,1.7764,1.8585,1.8172,1.7630,1.7936,1.8891,2.0401,2.0503,2.0571,2.0496,2.0031,1.9924,2.0631,1.9738,2.0171,2.0285,2.0408,1.9920,1.9573,2.0170,2.0410,2.0653,2.0515,2.0466,2.0485,2.0420,2.0194,2.0322,2.0516,1.6318,1.6727,1.6463,1.6363,1.6743,1.6117,1.5681,1.6762,1.6155,1.5682,1.5739,1.5867,1.6559,1.5667,1.5496,1.5968,1.5660,1.5670,1.6144,1.5506,1.6382,1.6129,1.5865,0,1.0000,2.0308,4.6896,1.9317
14,0.0280,-0.3621,-1.6944,1.0467,2.0308,4.6896,1.6766,0.1110,0.1895,0.0001,1.0274,1.0000,-0.0002,0.0013,0.0025,-0.0146,-0.0049,0.0005,0.0022,0.0017,-0.0008,0.0175,-0.0008,0.0010,0.0011,-0.0030,0.0002,-0.0113,0.0002,-0.0032,0.0017,0.0017,0.0001,0.0005,0.0001,0.0002,0.0033,0.0012,-0.0057,0.0000,0.0005,0.0000,-0.0290,0.0013,-0.0244,-0.0457,0.1327,0.6550,-0.4928,-0.6377,0.0644,0.7045,-0.0781,-0.3640,1.1461,0.0792,0.1430,0.0317,-0.0158,0.3832,-1.4431,-0.0859,-0.2928,0.0103,0.1079,0.0076,0.0392,0.0101,0.0153,0.5381,0.2359,-0.8718,0.0024,0.0559,-0.0010,-1.0000,-1.0000,-1.0000,-1.0000,-1.0000,-1.0000,-1.0000,-1.0000,-1.0000,-1.0000,-1.0000,-1.0000,-1.0000,-1.0000,-1.0000,-1.0000,-1.0000,-1.0000,-1.0000,-1.0000,-1.0000,-1.0000,-1.0000,-1.0000,-1.0000,-1.0000,-1.0000,-1.0000,-1.0000,-1.0000,-1.0000,-1.0000,-1.0000,-1.0000,-1.0000,-1.0000,-1.0000,-1.0000,-1.0000,-1.0000,-1.0000,-1.0000,-1.0000,-1.0000,-1.0000,-1.0000,-1.0000,-1.0000,-1.0000,-1.0000,-1.0000,-1.0000,-1.0000,-1.0000,-1.0000,-1.0000,-1.0000,-1.0000,-1.0000,-1.0000,-1.0000,-1.0000,-1.0000,-1.0000,-1.0000,-1.0000,-1.0000,-1.0000,-1.0000,-1.0000,-1.0000,-1.0000,-1.0000,-1.0000,-1.0000,-1.0000,-1.0000,-1.0000,-1.0000,-1.0000,-1.0000,-1.0000,-1.0000,-1.0000,-1.0000,-1.0000,-1.0000,-1.0000,-1.0000,-1.0000,-1.0000,-1.0000,-1.0000,-1.0000,-1.0000,-1.0000,-1.0000,-1.0000,-1.0000,-1.0000,-1.0000,-1.0000,-1.0000,-1.0000,-1.0000,-1.0000,-1.0000,-1.0000,-1.0000,-1.0000,-1.0000,-1.0000,-1.0000,-1.0000,-1.0000,-1.0000,-1.0000,-1.0000,-1.0000,-1.0000,-1.0000,1.9681,1.9709,1.9200,1.9583,1.9360,2.0096,1.8403,1.8154,1.8891,1.7815,1.8836,1.7764,1.8585,1.8172,1.7630,1.7936,1.8891,2.0401,2.0503,2.0571,2.0496,2.0031,1.9924,2.0631,1.9738,2.0171,2.0285,2.0408,1.9920,1.9573,2.0170,2.0410,2.0653,2.0515,2.0466,2.0485,2.0420,2.0194,2.0322,2.0516,1.6318,1.6727,1.6463,1.6363,1.6743,1.6117,1.5681,1.6762,1.6155,1.5682,1.5739,1.5867,1.6559,1.5667,1.5496,1.5968,1.5660,1.5670,1.6144,1.5506,1.6382,1.6129,1.5865,0,1.0000,2.0308,4.6896,1.9317
14,0.0280,-0.3621,-1.6944,1.0467,2.0308,4.6896,1.6766,0.1110,0.1895,0.0001,1.0274,1.0000,-0.0002,0.0013,0.0025,-0.0146,-0.0049,0.0005,0.0022,0.0017,-0.0008,0.0175,-0.0008,0.0010,0.0011,-0.0030,0.0002,-0.0113,0.0002,-0.0032,0.0017,0.0017,0.0001,0.0005,0.0001,0.0002,0.0033,0.0012,-0.0057,0.0000,0.0005,0.0000,-0.0290,0.0013,-0.0244,-0.0457,0.1327,0.6550,-0.4928,-0.6377,0.0644,0.7045,-0.0781,-0.3640,1.1461,0.0792,0.1430,0.0317,-0.0158,0.3832,-1.4431,-0.0859,-0.2928,0.0103,0.1079,0.0076,0.0392,0.0101,0.0153,0.5381,0.2359,-0.8718,0.0024,0.0559,-0.0010,-1.0000,-1.0000,-1.0000,-1.0000,-1.0000,-1.0000,-1.0000,-1.0000,-1.0000,-1.0000,-1.0000,-1.0000,-1.0000,-1.0000,-1.0000,-1.0000,-1.0000,-1.0000,-1.0000,-1.0000,-1.0000,-1.0000,-1.0000,-1.0000,-1.0000,-1.0000,-1.0000,-1.0000,-1.0000,-1.0000,-1.0000,-1.0000,-1.0000,-1.0000,-1.0000,-1.0000,-1.0000,-1.0000,-1.0000,-1.0000,-1.0000,-1.0000,-1.0000,-1.0000,-1.0000,-1.0000,-1.0000,-1.0000,-1.0000,-1.0000,-1.0000,-1.0000,-1.0000,-1.0000,-1.0000,-1.0000,-1.0000,-1.0000,-1.0000,-1.0000,-1.0000,-1.0000,-1.0000,-1.0000,-1.0000,-1.0000,-1.0000,-1.0000,-1.0000,-1.0000,-1.0000,-1.0000,-1.0000,-1.0000,-1.0000,-1.0000,-1.0000,-1.0000,-1.0000,-1.0000,-1.0000,-1.0000,-1.0000,-1.0000,-1.0000,-1.0000,-1.0000,-1.0000,-1.0000,-1.0000,-1.0000,-1.0000,-1.0000,-1.0000,-1.0000,-1.0000,-1.0000,-1.0000,-1.0000,-1.0000,-1.0000,-1.0000,-1.0000,-1.0000,-1.0000,-1.0000,-1.0000,-1.0000,-1.0000,-1.0000,-1.0000,-1.0000,-1.0000,-1.0000,-1.0000,-1.0000,-1.0000,-1.0000,-1.0000,-1.0000,-1.0000,1.9681,1.9709,1.9200,1.9583,1.9360,2.0096,1.8403,1.8154,1.8891,1.7815,1.8836,1.7764,1.8585,1.8172,1.7630,1.7936,1.8891,2.0401,2.0503,2.0571,2.0496,2.0031,1.9924,2.0631,1.9738,2.0171,2.0285,2.0408,1.9920,1.9573,2.0170,2.0410,2.0653,2.0515,2.0466,2.0485,2.0420,2.0194,2.0322,2.0516,1.6318,1.6727,1.6463,1.6363,1.6743,1.6117,1.5681,1.6762,1.6155,1.5682,1.5739,1.5867,1.6559,1.5667,1.5496,1.5968,1.5660,1.5670,1.6144,1.5506,1.6382,1.6129,1.5865,0,1.0000,2.0308,4.6896,1.9317
14,0.0280,-0.3621,-1.6944,1.0467,2.0308,4.6896,1.6766,0.1110,0.1895,0.0001,1.0274,1.0000,-0.0002,0.0013,0.0025,-0.0146,-0.0049,0.0005,0.0022,0.0017,-0.0008,0.0175,-0.0008,0.0010,0.0011,-0.0030,0.0002,-0.0113,0.0002,-0.0032,0.0017,0.0017,0.0001,0.0005,0.0001,0.0002,0.0033,0.0012,-0.0057,0.0000,0.0005,0.0000,-0.0290,0.0013,-0.0244,-0.0457,0.1327,0.6550,-0.4928,-0.6377,0.0644,0.7045,-0.0781,-0.3640,1.1461,0.0792,0.1430,0.0317,-0.0158,0.3832,-1.4431,-0.0859,-0.2928,0.0103,0.1079,0.0076,0.0392,0.0101,0.0153,0.5381,0.2359,-0.8718,0.0024,0.0559,-0.0010,-1.0000,-1.0000,-1.0000,-1.0000,-1.0000,-1.0000,-1.0000,-1.0000,-1.0000,-1.0000,-1.0000,-1.0000,-1.0000,-1.0000,-1.0000,-1.0000,-1.0000,-1.0000,-1.0000,-1.0000,-1.0000,-1.0000,-1.0000,-1.0000,-1.0000,-1.0000,-1.0000,-1.0000,-1.0000,-1.0000,-1.0000,-1.0000,-1.0000,-1.0000,-1.0000,-1.0000,-1.0000,-1.0000,-1.0000,-1.0000,-1.0000,-1.0000,-1.0000,-1.0000,-1.0000,-1.0000,-1.0000,-1.0000,-1.0000,-1.0000,-1.0000,-1.0000,-1.0000,-1.0000,-1.0000,-1.0000,-1.0000,-1.0000,-1.0000,-1.0000,-1.0000,-1.0000,-1.0000,-1.0000,-1.0000,-1.0000,-1.0000,-1.0000,-1.0000,-1.0000,-1.0000,-1.0000,-1.0000,-1.0000,-1.0000,-1.0000,-1.0000,-1.0000,-1.0000,-1.0000,-1.0000,-1.0000,-1.0000,-1.0000,-1.0000,-1.0000,-1.0000,-1.0000,-1.0000,-1.0000,-1.0000,-1.0000,-1.0000,-1.0000,-1.0000,-1.0000,-1.0000,-1.0000,-1.0000,-1.0000,-1.0000,-1.0000,-1.0000,-1.0000,-1.0000,-1.0000,-1.0000,-1.0000,-1.0000,-1.0000,-1.0000,-1.0000,-1.0000,-1.0000,-1.0000,-1.0000,-1.0000,-1.0000,-1.0000,-1.0000,-1.0000,1.9681,1.9709,1.9200,1.9583,1.9360,2.0096,1.8403,1.8154,1.8891,1.7815,1.8836,1.7764,1.8585,1.8172,1.7630,1.7936,1.8891,2.0401,2.0503,2.0571,2.0496,2.0031,1.9924,2.0631,1.9738,2.0171,2.0285,2.0408,1.9920,1.9573,2.0170,2.0410,2.0653,2.0515,2.0466,2.0485,2.0420,2.0194,2.0322,2.0516,1.6318,1.6727,1.6463,1.6363,1.6743,1.6117,1.5681,1.6762,1.6155,1.5682,1.5739,1.5867,1.6559,1.5667,1.5496,1.5968,1.5660,1.5670,1.6144,1.5506,1.6382,1.6129,1.5865,0,1.0000,2.0308,4.6896,1.9317
14,0.0280,-0.3621,-1.6944,1.0467,2.0308,4.6896,1.6766,0.1110,0.1895,0.0001,1.0274,1.0000,-0.0002,0.0013,0.0025,-0.0146,-0.0049,0.0005,0.0022,0.0017,-0.0008,0.0175,-0.0008,0.0010,0.0011,-0.0030,0.0002,-0.0113,0.0002,-0.0032,0.0017,0.0017,0.0001,0.0005,0.0001,0.0002,0.0033,0.0012,-0.0057,0.0000,0.0005,0.0000,-0.0290,0.0013,-0.0244,-0.0457,0.1327,0.6550,-0.4928,-0.6377,0.0644,0.7045,-0.0781,-0.3640,1.1461,0.0792,0.1430,0.0317,-0.0158,0.3832,-1.4431,-0.0859,-0.2928,0.0103,0.1079,0.0076,0.0392,0.0101,0.0153,0.5381,0.2359,-0.8718,0.0024,0.0559,-0.0010,-1.0000,-1.0000,-1.0000,-1.0000,-1.0000,-1.0000,-1.0000,-1.0000,-1.0000,-1.0000,-1.0000,-1.0000,-1.0000,-1.0000,-1.0000,-1.0000,-1.0000,-1.0000,-1.0000,-1.0000,-1.0000,-1.0000,-1.0000,-1.0000,-1.0000,-1.0000,-1.0000,-1.0000,-1.0000,-1.0000,-1.0000,-1.0000,-1.0000,-1.0000,-1.0000,-1.0000,-1.0000,-1.0000,-1.0000,-1.0000,-1.0000,-1.0000,-1.0000,-1.0000,-1.0000,-1.0000,-1.0000,-1.0000,-1.0000,-1.0000,-1.0000,-1.0000,-1.0000,-1.0000,-1.0000,-1.0000,-1.0000,-1.0000,-1.0000,-1.0000,-1.0000,-1.0000,-1.0000,-1.0000,-1.0000,-1.0000,-1.0000,-1.0000,-1.0000,-1.0000,-1.0000,-1.0000,-1.0000,-1.0000,-1.0000,-1.0000,-1.0000,-1.0000,-1.0000,-1.0000,-1.0000,-1.0000,-1.0000,-1.0000,-1.0000,-1.0000,-1.0000,-1.0000,-1.0000,-1.0000,-1.0000,-1.0000,-1.0000,-1.0000,-1.0000,-1.0000,-1.0000,-1.0000,-1.0000,-1.0000,-1.0000,-1.0000,-1.0000,-1.0000,-1.0000,-1.0000,-1.0000,-1.0000,-1.0000,-1.0000,-1.0000,-1.0000,-1.0000,-1.0000,-1.0000,-1.0000,-1.0000,-1.0000,-1.0000,-1.0000,-1.0000,1.9681,1.9709,1.9200,1.9583,1.9360,2.0096,1.8403,1.8154,1.8891,1.7815,1.8836,1.7764,1.8585,1.8172,1.7630,1.7936,1.8891,2.0401,2.0503,2.0571,2.0496,2.0031,1.9924,2.0631,1.9738,2.0171,2.0285,2.0408,1.9920,1.9573,2.0170,2.0410,2.0653,2.0515,2.0466,2.0485,2.0420,2.0194,2.0322,2.0516,1.6318,1.6727,1.6463,1.6363,1.6743,1.6117,1.5681,1.6762,1.6155,1.5682,1.5739,1.5867,1.6559,1.5667,1.5496,1.5968,1.5660,1.5670,1.6144,1.5506,1.6382,1.6129,1.5865,0,1.0000,2.0308,4.6896,1.9317
14,0.0280,-0.3621,-1.6944,1.0467,2.0308,4.6896,1.6766,0.1110,0.1895,0.0001,1.0274,1.0000,-0.0002,0.0013,0.0025,-0.0146,-0.0049,0.0005,0.0022,0.0017,-0.0008,0.0175,-0.0008,0.0010,0.0011,-0.0030,0.0002,-0.0113,0.0002,-0.0032,0.0017,0.0017,0.0001,0.0005,0.0001,0.0002,0.0033,0.0012,-0.0057,0.0000,0.0005,0.0000,-0.0290,0.0013,-0.0244,-0.0457,0.1327,0.6550,-0.4928,-0.6377,0.0644,0.7045,-0.0781,-0.3640,1.1461,0.0792,0.1430,0.0317,-0.0158,0.3832,-1.4431,-0.0859,-0.2928,0.0103,0.1079,0.0076,0.0392,0.0101,0.0153,0.5381,0.2359,-0.8718,0.0024,0.0559,-0.0010,-1.0000,-1.0000,-1.0000,-1.0000,-1.0000,-1.0000,-1.0000,-1.0000,-1.0000,-1.0000,-1.0000,-1.0000,-1.0000,-1.0000,-1.0000,-1.0000,-1.0000,-1.0000,-1.0000,-1.0000,-1.0000,-1.0000,-1.0000,-1.0000,-1.0000,-1.0000,-1.0000,-1.0000,-1.0000,-1.0000,-1.0000,-1.0000,-1.0000,-1.0000,-1.0000,-1.0000,-1.0000,-1.0000,-1.0000,-1.0000,-1.0000,-1.0000,-1.0000,-1.0000,-1.0000,-1.0000,-1.0000,-1.0000,-1.0000,-1.0000,-1.0000,-1.0000,-1.0000,-1.0000,-1.0000,-1.0000,-1.0000,-1.0000,-1.0000,-1.0000,-1.0000,-1.0000,-1.0000,-1.0000,-1.0000,-1.0000,-1.0000,-1.0000,-1.0000,-1.0000,-1.0000,-1.0000,-1.0000,-1.0000,-1.0000,-1.0000,-1.0000,-1.0000,-1.0000,-1.0000,-1.0000,-1.0000,-1.0000,-1.0000,-1.0000,-1.0000,-1.0000,-1.0000,-1.0000,-1.0000,-1.0000,-1.0000,-1.0000,-1.0000,-1.0000,-1.0000,-1.0000,-1.0000,-1.0000,-1.0000,-1.0000,-1.0000,-1.0000,-1.0000,-1.0000,-1.0000,-1.0000,-1.0000,-1.0000,-1.0000,-1.0000,-1.0000,-1.0000,-1.0000,-1.0000,-1.0000,-1.0000,-1.0000,-1.0000,-1.0000,-1.0000,1.9681,1.9709,1.9200,1.9583,1.9360,2.0096,1.8403,1.8154,1.8891,1.7815,1.8836,1.7764,1.8585,1.8172,1.7630,1.7936,1.8891,2.0401,2.0503,2.0571,2.0496,2.0031,1.9924,2.0631,1.9738,2.0171,2.0285,2.0408,1.9920,1.9573,2.0170,2.0410,2.0653,2.0515,2.0466,2.0485,2.0420,2.0194,2.0322,2.0516,1.6318,1.6727,1.6463,1.6363,1.6743,1.6117,1.5681,1.6762,1.6155,1.5682,1.5739,1.5867,1.6559,1.5667,1.5496,1.5968,1.5660,1.5670,1.6144,1.5506,1.6382,1.6129,1.5865,0,1.0000,2.0308,4.6896,1.9317
15,0.0300,-0.3581,-1.6850,1.0500,2.0308,4.6896,1.6570,0.1110,0.1895,0.0001,1.0274,1.0000,-0.0003,0.0015,0.0033,-0.0158,-0.0063,0.0006,0.0038,0.0013,-0.0016,0.0206,-0.0005,0.0014,0.0011,-0.0029,0.0012,-0.0147,-0.0001,-0.0038,0.0017,0.0019,0.0001,0.0006,0.0001,0.0002,0.0045,0.0020,-0.0077,0.0000,0.0007,0.0000,-0.0334,-0.0013,-0.0258,-0.0385,0.1368,0.8020,-0.6240,-0.7020,0.0593,0.7816,-0.1670,-0.3888,1.5221,0.1664,0.1877,0.0118,0.0600,0.4719,-1.7244,-0.1296,-0.3059,-0.0082,0.1093,0.0084,0.0420,0.0117,-0.0117,0.6364,0.3543,-0.9997,0.0022,0.0622,-0.0019,-1.0000,-1.0000,-1.0000,-1.0000,-1.0000,-1.0000,-1.0000,-1.0000,-1.0000,-1.0000,-1.0000,-1.0000,-1.0000,-1.0000,-1.0000,-1.0000,-1.0000,-1.0000,-1.0000,-1.0000,-1.0000,-1.0000,-1.0000,-1.0000,-1.0000,-1.0000,-1.0000,-1.0000,-1.0000,-1.0000,-1.0000,-1.0000,-1.0000,-1.0000,-1.0000,-1.0000,-1.0000,-1.0000,-1.0000,-1.0000,-1.0000,-1.0000,-1.0000,-1.0000,-1.0000,-1.0000,-1.0000,-1.0000,-1.0000,-1.0000,-1.0000,-1.0000,-1.0000,-1.0000,-1.0000,-1.0000,-1.0000,-1.0000,-1.0000,-1.0000,-1.0000,-1.0000,-1.0000,-1.0000,-1.0000,-1.0000,-1.0000,-1.0000,-1.0000,-1.0000,-1.0000,-1.0000,-1.0000,-1.0000,-1.0000,-1.0000,-1.0000,-1.0000,-1.0000,-1.0000,-1.0000,-1.0000,-1.0000,-1.0000,-1.0000,-1.0000,-1.0000,-1.0000,-1.0000,-1.0000,-1.0000,-1.0000,-1.0000,-1.0000,-1.0000,-1.0000,-1.0000,-1.0000,-1.0000,-1.0000,-1.0000,-1.0000,-1.0000,-1.0000,-1.0000,-1.0000,-1.0000,-1.0000,-1.0000,-1.0000,-1.0000,-1.0000,-1.0000,-1.0000,-1.0000,-1.0000,-1.0000,-1.0000,-1.0000,-1.0000,-1.0000,1.9574,1.9600,1.9093,1.9477,1.9252,1.9989,1.8301,1.8048,1.8783,1.7712,1.8731,1.7657,1.8481,1.8064,1.7527,1.7831,1.8785,2.0295,2.0397,2.0465,2.0390,1.9925,1.9820,2.0527,1.9632,2.0067,2.0182,2.0304,1.9816,1.9469,2.0067,2.0307,2.0548,2.0411,2.0363,2.0380,2.0317,2.0089,2.0218,2.0412,1.6211,1.6618,1.6355,1.6256,1.6636,1.6013,1.5575,1.6656,1.6050,1.5577,1.5635,1.5764,1.6454,1.5564,1.5395,1.5864,1.5557,1.5569,1.6040,1.5404,1.6278,1.6028,1.5763,0,1.0000,2.0308,4.6896,1.9317
15,0.0300,-0.3581,-1.6850,1.0500,2.0308,4.6896,1.6570,0.1110,0.1895,0.0001,1.0274,1.0000,-0.0003,0.0015,0.0033,-0.0158,-0.0063,0.0006,0.0038,0.0013,-0.0016,0.0206,-0.0005,0.0014,0.0011,-0.0029,0.0012,-0.0147,-0.0001,-0.0038,0.0017,0.0019,0.0001,0.0006,0.0001,0.0002,0.0045,0.0020,-0.0077,0.0000,0.0007,0.0000,-0.0334,-0.0013,-0.0258,-0.0385,0.1368,0.8020,-0.6240,-0.7020,0.0593,0.7816,-0.1670,-0.3888,1.5221,0.1664,0.1877,0.0118,0.0600,0.4719,-1.7244,-0.1296,-0.3059,-0.0082,0.1093,0.0084,0.0420,0.0117,-0.0117,0.6364,0.3543,-0.9997,0.0022,0.0622,-0.0019,-1.0000,-1.0000,-1.0000,-1.0000,-1.0000,-1.0000,-1.0000,-1.0000,-1.0000,-1.0000,-1.0000,-1.0000,-1.0000,-1.0000,-1.0000,-1.0000,-1.0000,-1.0000,-1.0000,-1.0000,-1.0000,-1.0000,-1.0000,-1.0000,-1.0000,-1.0000,-1.0000,-1.0000,-1.0000,-1.0000,-1.0000,-1.0000,-1.0000,-1.0000,-1.0000,-1.0000,-1.0000,-1.0000,-1.0000,-1.0000,-1.0000,-1.0000,-1.0000,-1.0000,-1.0000,-1.0000,-1.0000,-1.0000,-1.0000,-1.0000,-1.0000,-1.0000,-1.0000,-1.0000,-1.0000,-1.0000,-1.0000,-1.0000,-1.0000,-1.0000,-1.0000,-1.0000,-1.0000,-1.0000,-1.0000,-1.0000,-1.0000,-1.0000,-1.0000,-1.0000,-1.0000,-1.0000,-1.0000,-1.0000,-1.0000,-1.0000,-1.0000,-1.0000,-1.0000,-1.0000,-1.0000,-1.0000,-1.0000,-1.0000,-1.0000,-1.0000,-1.0000,-1.0000,-1.0000,-1.0000,-1.0000,-1.0000,-1.0000,-1.0000,-1.0000,-1.0000,-1.0000,-1.0000,-1.0000,-1.0000,-1.0000,-1.0000,-1.0000,-1.0000,-1.0000,-1.0000,-1.0000,-1.0000,-1.0000,-1.0000,-1.0000,-1.0000,-1.0000,-1.0000,-1.0000,-1.0000,-1.0000,-1.0000,-1.0000,-1.0000,-1.0000,1.9574,1.9600,1.9093,1.9477,1.9252,1.9989,1.8301,1.8048,1.8783,1.7712,1.8731,1.7657,1.8481,1.8064,1.7527,1.7831,1.8785,2.0295,2.0397,2.0465,2.0390,1.9925,1.9820,2.0527,1.9632,2.0067,2.0182,2.0304,1.9816,1.9469,2.0067,2.0307,2.0548,2.0411,2.0363,2.0380,2.0317,2.0089,2.0218,2.0412,1.6211,1.6618,1.6355,1.6256,1.6636,1.6013,1.5575,1.6656,1.6050,1.5577,1.5635,1.5764,1.6454,1.5564,1.5395,1.5864,1.5557,1.5569,1.6040,1.5404,1.6278,1.6028,1.5763,0,1.0000,2.0308,4.6896,1.9317
15,0.0300,-0.3581,-1.6850,1.0500,2.0308,4.6896,1.6570,0.1110,0.1895,0.0001,1.0274,1.0000,-0.0003,0.0015,0.0033,-0.0158,-0.0063,0.0006,0.0038,0.0013,-0.0016,0.0206,-0.0005,0.0014,0.0011,-0.0029,0.0012,-0.0147,-0.0001,-0.0038,0.0017,0.0019,0.0001,0.0006,0.0001,0.0002,0.0045,0.0020,-0.0077,0.0000,0.0007,0.0000,-0.0334,-0.0013,-0.0258,-0.0385,0.1368,0.8020,-0.6240,-0.7020,0.0593,0.7816,-0.1670,-0.3888,1.5221,0.1664,0.1877,0.0118,0.0600,0.4719,-1.7244,-0.1296,-0.3059,-0.0082,0.1093,0.0084,0.0420,0.0117,-0.0117,0.6364,0.3543,-0.9997,0.0022,0.0622,-0.0019,-1.0000,-1.0000,-1.0000,-1.0000,-1.0000,-1.0000,-1.0000,-1.0000,-1.0000,-1.0000,-1.0000,-1.0000,-1.0000,-1.0000,-1.0000,-1.0000,-1.0000,-1.0000,-1.0000,-1.0000,-1.0000,-1.0000,-1.0000,-1.0000,-1.0000,-1.0000,-1.0000,-1.0000,-1.0000,-1.0000,-1.0000,-1.0000,-1.0000,-1.0000,-1.0000,-1.0000,-1.0000,-1.0000,-1.0000,-1.0000,-1.0000,-1.0000,-1.0000,-1.0000,-1.0000,-1.0000,-1.0000,-1.0000,-1.0000,-1.0000,-1.0000,-1.0000,-1.0000,-1.0000,-1.0000,-1.0000,-1.0000,-1.0000,-1.0000,-1.0000,-1.0000,-1.0000,-1.0000,-1.0000,-1.0000,-1.0000,-1.0000,-1.0000,-1.0000,-1.0000,-1.0000,-1.0000,-1.0000,-1.0000,-1.0000,-1.0000,-1.0000,-1.0000,-1.0000,-1.0000,-1.0000,-1.0000,-1.0000,-1.0000,-1.0000,-1.0000,-1.0000,-1.0000,-1.0000,-1.0000,-1.0000,-1.0000,-1.0000,-1.0000,-1.0000,-1.0000,-1.0000,-1.0000,-1.0000,-1.0000,-1.0000,-1.0000,-1.0000,-1.0000,-1.0000,-1.0000,-1.0000,-1.0000,-1.0000,-1.0000,-1.0000,-1.0000,-1.0000,-1.0000,-1.0000,-1.0000,-1.0000,-1.0000,-1.0000,-1.0000,-1.0000,1.9574,1.9600,1.9093,1.9477,1.9252,1.9989,1.8301,1.8048,1.8783,1.7712,1.8731,1.7657,1.8481,1.8064,1.7527,1.7831,1.8785,2.0295,2.0397,2.0465,2.0390,1.9925,1.9820,2.0527,1.9632,2.0067,2.0182,2.0304,1.9816,1.9469,2.0067,2.0307,2.0548,2.0411,2.0363,2.0380,2.0317,2.0089,2.0218,2.0412,1.6211,1.6618,1.6355,1.6256,1.6636,1.6013,1.5575,1.6656,1.6050,1.5577,1.5635,1.5764,1.6454,1.5564,1.5395,1.5864,1.5557,1.5569,1.6040,1.5404,1.6278,1.6028,1.5763,0,1.0000,2.0308,4.6896,1.9317
15,0.0300,-0.3581,-1.6850,1.0500,2.0308,4.6896,1.6570,0.1110,0.1895,0.0001,1.0274,1.0000,-0.0003,0.0015,0.0033,-0.0158,-0.0063,0.0006,0.0038,0.0013,-0.0016,0.0206,-0.0005,0.0014,0.0011,-0.0029,0.0012,-0.0147,-0.0001,-0.0038,0.0017,0.0019,0.0001,0.0006,0.0001,0.0002,0.0045,0.0020,-0.0077,0.0000,0.0007,0.0000,-0.0334,-0.0013,-0.0258,-0.0385,0.1368,0.8020,-0.6240,-0.7020,0.0593,0.7816,-0.1670,-0.3888,1.5221,0.1664,0.1877,0.0118,0.0600,0.4719,-1.7244,-0.1296,-0.3059,-0.0082,0.1093,0.0084,0.0420,0.0117,-0.0117,0.6364,0.3543,-0.9997,0.0022,0.0622,-0.0019,-1.0000,-1.0000,-1.0000,-1.0000,-1.0000,-1.0000,-1.0000,-1.0000,-1.0000,-1.0000,-1.0000,-1.0000,-1.0000,-1.0000,-1.0000,-1.0000,-1.0000,-1.0000,-1.0000,-1.0000,-1.0000,-1.0000,-1.0000,-1.0000,-1.0000,-1.0000,-1.0000,-1.0000,-1.0000,-1.0000,-1.0000,-1.0000,-1.0000,-1.0000,-1.0000,-1.0000,-1.0000,-1.0000,-1.0000,-1.0000,-1.0000,-1.0000,-1.0000,-1.0000,-1.0000,-1.0000,-1.0000,-1.0000,-1.0000,-1.0000,-1.0000,-1.0000,-1.0000,-1.0000,-1.0000,-1.0000,-1.0000,-1.0000,-1.0000,-1.0000,-1.0000,-1.0000,-1.0000,-1.0000,-1.0000,-1.0000,-1.0000,-1.0000,-1.0000,-1.0000,-1.0000,-1.0000,-1.0000,-1.0000,-1.0000,-1.0000,-1.0000,-1.0000,-1.0000,-1.0000,-1.0000,-1.0000,-1.0000,-1.0000,-1.0000,-1.0000,-1.0000,-1.0000,-1.0000,-1.0000,-1.0000,-1.0000,-1.0000,-1.0000,-1.0000,-1.0000,-1.0000,-1.0000,-1.0000,-1.0000,-1.0000,-1.0000,-1.0000,-1.0000,-1.0000,-1.0000,-1.0000,-1.0000,-1.0000,-1.0000,-1.0000,-1.0000,-1.0000,-1.0000,-1.0000,-1.0000,-1.0000,-1.0000,-1.0000,-1.0000,-1.0000,1.9574,1.9600,1.9093,1.9477,1.9252,1.9989,1.8301,1.8048,1.8783,1.7712,1.8731,1.7657,1.8481,1.8064,1.7527,1.7831,1.8785,2.0295,2.0397,2.0465,2.0390,1.9925,1.9820,2.0527,1.9632,2.0067,2.0182,2.0304,1.9816,1.9469,2.0067,2.0307,2.0548,2.0411,2.0363,2.0380,2.0317,2.0089,2.0218,2.0412,1.6211,1.6618,1.6355,1.6256,1.6636,1.6013,1.5575,1.6656,1.6050,1.5577,1.5635,1.5764,1.6454,1.5564,1.5395,1.5864,1.5557,1.5569,1.6040,1.5404,1.6278,1.6028,1.5763,0,1.0000,2.0308,4.6896,1.9317
15,0.0300,-0.3581,-1.6850,1.0500,2.0308,4.6896,1.6570,0.1110,0.1895,0.0001,1.0274,1.0000,-0.0003,0.0015,0.0033,-0.0158,-0.0063,0.0006,0.0038,0.0013,-0.0016,0.0206,-0.0005,0.0014,0.0011,-0.0029,0.0012,-0.0147,-0.0001,-0.0038,0.0017,0.0019,0.0001,0.0006,0.0001,0.0002,0.0045,0.0020,-0.0077,0.0000,0.0007,0.0000,-0.0334,-0.0013,-0.0258,-0.0385,0.1368,0.8020,-0.6240,-0.7020,0.0593,0.7816,-0.1670,-0.3888,1.5221,0.1664,0.1877,0.0118,0.0600,0.4719,-1.7244,-0.1296,-0.3059,-0.0082,0.1093,0.0084,0.0420,0.0117,-0.0117,0.6364,0.3543,-0.9997,0.0022,0.0622,-0.0019,-1.0000,-1.0000,-1.0000,-1.0000,-1.0000,-1.0000,-1.0000,-1.0000,-1.0000,-1.0000,-1.0000,-1.0000,-1.0000,-1.0000,-1.0000,-1.0000,-1.0000,-1.0000,-1.0000,-1.0000,-1.0000,-1.0000,-1.0000,-1.0000,-1.0000,-1.0000,-1.0000,-1.0000,-1.0000,-1.0000,-1.0000,-1.0000,-1.0000,-1.0000,-1.0000,-1.0000,-1.0000,-1.0000,-1.0000,-1.0000,-1.0000,-1.0000,-1.0000,-1.0000,-1.0000,-1.0000,-1.0000,-1.0000,-1.0000,-1.0000,-1.0000,-1.0000,-1.0000,-1.0000,-1.0000,-1.0000,-1.0000,-1.0000,-1.0000,-1.0000,-1.0000,-1.0000,-1.0000,-1.0000,-1.0000,-1.0000,-1.0000,-1.0000,-1.0000,-1.0000,-1.0000,-1.0000,-1.0000,-1.0000,-1.0000,-1.0000,-1.0000,-1.0000,-1.0000,-1.0000,-1.0000,-1.0000,-1.0000,-1.0000,-1.0000,-1.0000,-1.0000,-1.0000,-1.0000,-1.0000,-1.0000,-1.0000,-1.0000,-1.0000,-1.0000,-1.0000,-1.0000,-1.0000,-1.0000,-1.0000,-1.0000,-1.0000,-1.0000,-1.0000,-1.0000,-1.0000,-1.0000,-1.0000,-1.0000,-1.0000,-1.0000,-1.0000,-1.0000,-1.0000,-1.0000,-1.0000,-1.0000,-1.0000,-1.0000,-1.0000,-1.0000,1.9574,1.9600,1.9093,1.9477,1.9252,1.9989,1.8301,1.8048,1.8783,1.7712,1.8731,1.7657,1.8481,1.8064,1.7527,1.7831,1.8785,2.0295,2.0397,2.0465,2.0390,1.9925,1.9820,2.0527,1.9632,2.0067,2.0182,2.0304,1.9816,1.9469,2.0067,2.0307,2.0548,2.0411,2.0363,2.0380,2.0317,2.0089,2.0218,2.0412,1.6211,1.6618,1.6355,1.6256,1.6636,1.6013,1.5575,1.6656,1.6050,1.5577,1.5635,1.5764,1.6454,1.5564,1.5395,1.5864,1.5557,1.5569,1.6040,1.5404,1.6278,1.6028,1.5763,0,1.0000,2.0308,4.6896,1.9317
15,0.0300,-0.3581,-1.6850,1.0500,2.0308,4.6896,1.6570,0.1110,0.1895,0.0001,1.0274,1.0000,-0.0003,0.0015,0.0033,-0.0158,-0.0063,0.0006,0.0038,0.0013,-0.0016,0.0206,-0.0005,0.0014,0.0011,-0.0029,0.0012,-0.0147,-0.0001,-0.0038,0.0017,0.0019,0.0001,0.0006,0.0001,0.0002,0.0045,0.0020,-0.0077,0.0000,0.0007,0.0000,-0.0334,-0.0013,-0.0258,-0.0385,0.1368,0.8020,-0.6240,-0.7020,0.0593,0.7816,-0.1670,-0.3888,1.5221,0.1664,0.1877,0.0118,0.0600,0.4719,-1.7244,-0.1296,-0.3059,-0.0082,0.1093,0.0084,0.0420,0.0117,-0.0117,0.6364,0.3543,-0.9997,0.0022,0.0622,-0.0019,-1.0000,-1.0000,-1.0000,-1.0000,-1.0000,-1.0000,-1.0000,-1.0000,-1.0000,-1.0000,-1.0000,-1.0000,-1.0000,-1.0000,-1.0000,-1.0000,-1.0000,-1.0000,-1.0000,-1.0000,-1.0000,-1.0000,-1.0000,-1.0000,-1.0000,-1.0000,-1.0000,-1.0000,-1.0000,-1.0000,-1.0000,-1.0000,-1.0000,-1.0000,-1.0000,-1.0000,-1.0000,-1.0000,-1.0000,-1.0000,-1.0000,-1.0000,-1.0000,-1.0000,-1.0000,-1.0000,-1.0000,-1.0000,-1.0000,-1.0000,-1.0000,-1.0000,-1.0000,-1.0000,-1.0000,-1.0000,-1.0000,-1.0000,-1.0000,-1.0000,-1.0000,-1.0000,-1.0000,-1.0000,-1.0000,-1.0000,-1.0000,-1.0000,-1.0000,-1.0000,-1.0000,-1.0000,-1.0000,-1.0000,-1.0000,-1.0000,-1.0000,-1.0000,-1.0000,-1.0000,-1.0000,-1.0000,-1.0000,-1.0000,-1.0000,-1.0000,-1.0000,-1.0000,-1.0000,-1.0000,-1.0000,-1.0000,-1.0000,-1.0000,-1.0000,-1.0000,-1.0000,-1.0000,-1.0000,-1.0000,-1.0000,-1.0000,-1.0000,-1.0000,-1.0000,-1.0000,-1.0000,-1.0000,-1.0000,-1.0000,-1.0000,-1.0000,-1.0000,-1.0000,-1.0000,-1.0000,-1.0000,-1.0000,-1.0000,-1.0000,-1.0000,1.9574,1.9600,1.9093,1.9477,1.9252,1.9989,1.8301,1.8048,1.8783,1.7712,1.8731,1.7657,1.8481,1.8064,1.7527,1.7831,1.8785,2.0295,2.0397,2.0465,2.0390,1.9925,1.9820,2.0527,1.9632,2.0067,2.0182,2.0304,1.9816,1.9469,2.0067,2.0307,2.0548,2.0411,2.0363,2.0380,2.0317,2.0089,2.0218,2.0412,1.6211,1.6618,1.6355,1.6256,1.6636,1.6013,1.5575,1.6656,1.6050,1.5577,1.5635,1.5764,1.6454,1.5564,1.5395,1.5864,1.5557,1.5569,1.6040,1.5404,1.6278,1.6028,1.5763,0,1.0000,2.0308,4.6896,1.9317
15,0.0300,-0.3581,-1.6850,1.0500,2.0308,4.6896,1.6570,0.1110,0.1895,0.0001,1.0274,1.0000,-0.0003,0.0015,0.0033,-0.0158,-0.0063,0.0006,0.0038,0.0013,-0.0016,0.0206,-0.0005,0.0014,0.0011,-0.0029,0.0012,-0.0147,-0.0001,-0.0038,0.0017,0.0019,0.0001,0.0006,0.0001,0.0002,0.0045,0.0020,-0.0077,0.0000,0.0007,0.0000,-0.0334,-0.0013,-0.0258,-0.0385,0.1368,0.8020,-0.6240,-0.7020,0.0593,0.7816,-0.1670,-0.3888,1.5221,0.1664,0.1877,0.0118,0.0600,0.4719,-1.7244,-0.1296,-0.3059,-0.0082,0.1093,0.0084,0.0420,0.0117,-0.0117,0.6364,0.3543,-0.9997,0.0022,0.0622,-0.0019,-1.0000,-1.0000,-1.0000,-1.0000,-1.0000,-1.0000,-1.0000,-1.0000,-1.0000,-1.0000,-1.0000,-1.0000,-1.0000,-1.0000,-1.0000,-1.0000,-1.0000,-1.0000,-1.0000,-1.0000,-1.0000,-1.0000,-1.0000,-1.0000,-1.0000,-1.0000,-1.0000,-1.0000,-1.0000,-1.0000,-1.0000,-1.0000,-1.0000,-1.0000,-1.0000,-1.0000,-1.0000,-1.0000,-1.0000,-1.0000,-1.0000,-1.0000,-1.0000,-1.0000,-1.0000,-1.0000,-1.0000,-1.0000,-1.0000,-1.0000,-1.0000,-1.0000,-1.0000,-1.0000,-1.0000,-1.0000,-1.0000,-1.0000,-1.0000,-1.0000,-1.0000,-1.0000,-1.0000,-1.0000,-1.0000,-1.0000,-1.0000,-1.0000,-1.0000,-1.0000,-1.0000,-1.0000,-1.0000,-1.0000,-1.0000,-1.0000,-1.0000,-1.0000,-1.0000,-1.0000,-1.0000,-1.0000,-1.0000,-1.0000,-1.0000,-1.0000,-1.0000,-1.0000,-1.0000,-1.0000,-1.0000,-1.0000,-1.0000,-1.0000,-1.0000,-1.0000,-1.0000,-1.0000,-1.0000,-1.0000,-1.0000,-1.0000,-1.0000,-1.0000,-1.0000,-1.0000,-1.0000,-1.0000,-1.0000,-1.0000,-1.0000,-1.0000,-1.0000,-1.0000,-1.0000,-1.0000,-1.0000,-1.0000,-1.0000,-1.0000,-1.0000,1.9574,1.9600,1.9093,1.9477,1.9252,1.9989,1.8301,1.8048,1.8783,1.7712,1.8731,1.7657,1.8481,1.8064,1.7527,1.7831,1.8785,2.0295,2.0397,2.0465,2.0390,1.9925,1.9820,2.0527,1.9632,2.0067,2.0182,2.0304,1.9816,1.9469,2.0067,2.0307,2.0548,2.0411,2.0363,2.0380,2.0317,2.0089,2.0218,2.0412,1.6211,1.6618,1.6355,1.6256,1.6636,1.6013,1.5575,1.6656,1.6050,1.5577,1.5635,1.5764,1.6454,1.5564,1.5395,1.5864,1.5557,1.5569,1.6040,1.5404,1.6278,1.6028,1.5763,0,1.0000,2.0308,4.6896,1.9317
15,0.0300,-0.3581,-1.6850,1.0500,2.0308,4.6896,1.6570,0.1110,0.1895,0.0001,1.0274,1.0000,-0.0003,0.0015,0.0033,-0.0158,-0.0063,0.0006,0.0038,0.0013,-0.0016,0.0206,-0.0005,0.0014,0.0011,-0.0029,0.0012,-0.0147,-0.0001,-0.0038,0.0017,0.0019,0.0001,0.0006,0.0001,0.0002,0.0045,0.0020,-0.0077,0.0000,0.0007,0.0000,-0.0334,-0.0013,-0.0258,-0.0385,0.1368,0.8020,-0.6240,-0.7020,0.0593,0.7816,-0.1670,-0.3888,1.5221,0.1664,0.1877,0.0118,0.0600,0.4719,-1.7244,-0.1296,-0.3059,-0.0082,0.1093,0.0084,0.0420,0.0117,-0.0117,0.6364,0.3543,-0.9997,0.0022,0.0622,-0.0019,-1.0000,-1.0000,-1.0000,-1.0000,-1.0000,-1.0000,-1.0000,-1.0000,-1.0000,-1.0000,-1.0000,-1.0000,-1.0000,-1.0000,-1.0000,-1.0000,-1.0000,-1.0000,-1.0000,-1.0000,-1.0000,-1.0000,-1.0000,-1.0000,-1.0000,-1.0000,-1.0000,-1.0000,-1.0000,-1.0000,-1.0000,-1.0000,-1.0000,-1.0000,-1.0000,-1.0000,-1.0000,-1.0000,-1.0000,-1.0000,-1.0000,-1.0000,-1.0000,-1.0000,-1.0000,-1.0000,-1.0000,-1.0000,-1.0000,-1.0000,-1.0000,-1.0000,-1.0000,-1.0000,-1.0000,-1.0000,-1.0000,-1.0000,-1.0000,-1.0000,-1.0000,-1.0000,-1.0000,-1.0000,-1.0000,-1.0000,-1.0000,-1.0000,-1.0000,-1.0000,-1.0000,-1.0000,-1.0000,-1.0000,-1.0000,-1.0000,-1.0000,-1.0000,-1.0000,-1.0000,-1.0000,-1.0000,-1.0000,-1.0000,-1.0000,-1.0000,-1.0000,-1.0000,-1.0000,-1.0000,-1.0000,-1.0000,-1.0000,-1.0000,-1.0000,-1.0000,-1.0000,-1.0000,-1.0000,-1.0000,-1.0000,-1.0000,-1.0000,-1.0000,-1.0000,-1.0000,-1.0000,-1.0000,-1.0000,-1.0000,-1.0000,-1.0000,-1.0000,-1.0000,-1.0000,-1.0000,-1.0000,-1.0000,-1.0000,-1.0000,-1.0000,1.9574,1.9600,1.9093,1.9477,1.9252,1.9989,1.8301,1.8048,1.8783,1.7712,1.8731,1.7657,1.8481,1.8064,1.7527,1.7831,1.8785,2.0295,2.0397,2.0465,2.0390,1.9925,1.9820,2.0527,1.9632,2.0067,2.0182,2.0304,1.9816,1.9469,2.0067,2.0307,2.0548,2.0411,2.0363,2.0380,2.0317,2.0089,2.0218,2.0412,1.6211,1.6618,1.6355,1.6256,1.6636,1.6013,1.5575,1.6656,1.6050,1.5577,1.5635,1.5764,1.6454,1.5564,1.5395,1.5864,1.5557,1.5569,1.6040,1.5404,1.6278,1.6028,1.5763,0,1.0000,2.0308,4.6896,1.9317
15,0.0300,-0.3581,-1.6850,1.0500,2.0308,4.6896,1.6570,0.1110,0.1895,0.0001,1.0274,1.0000,-0.0003,0.0015,0.0033,-0.0158,-0.0063,0.0006,0.0038,0.0013,-0.0016,0.0206,-0.0005,0.0014,0.0011,-0.0029,0.0012,-0.0147,-0.0001,-0.0038,0.0017,0.0019,0.0001,0.0006,0.0001,0.0002,0.0045,0.0020,-0.0077,0.0000,0.0007,0.0000,-0.0334,-0.0013,-0.0258,-0.0385,0.1368,0.8020,-0.6240,-0.7020,0.0593,0.7816,-0.1670,-0.3888,1.5221,0.1664,0.1877,0.0118,0.0600,0.4719,-1.7244,-0.1296,-0.3059,-0.0082,0.1093,0.0084,0.0420,0.0117,-0.0117,0.6364,0.3543,-0.9997,0.0022,0.0622,-0.0019,-1.0000,-1.0000,-1.0000,-1.0000,-1.0000,-1.0000,-1.0000,-1.0000,-1.0000,-1.0000,-1.0000,-1.0000,-1.0000,-1.0000,-1.0000,-1.0000,-1.0000,-1.0000,-1.0000,-1.0000,-1.0000,-1.0000,-1.0000,-1.0000,-1.0000,-1.0000,-1.0000,-1.0000,-1.0000,-1.0000,-1.0000,-1.0000,-1.0000,-1.0000,-1.0000,-1.0000,-1.0000,-1.0000,-1.0000,-1.0000,-1.0000,-1.0000,-1.0000,-1.0000,-1.0000,-1.0000,-1.0000,-1.0000,-1.0000,-1.0000,-1.0000,-1.0000,-1.0000,-1.0000,-1.0000,-1.0000,-1.0000,-1.0000,-1.0000,-1.0000,-1.0000,-1.0000,-1.0000,-1.0000,-1.0000,-1.0000,-1.0000,-1.0000,-1.0000,-1.0000,-1.0000,-1.0000,-1.0000,-1.0000,-1.0000,-1.0000,-1.0000,-1.0000,-1.0000,-1.0000,-1.0000,-1.0000,-1.0000,-1.0000,-1.0000,-1.0000,-1.0000,-1.0000,-1.0000,-1.0000,-1.0000,-1.0000,-1.0000,-1.0000,-1.0000,-1.0000,-1.0000,-1.0000,-1.0000,-1.0000,-1.0000,-1.0000,-1.0000,-1.0000,-1.0000,-1.0000,-1.0000,-1.0000,-1.0000,-1.0000,-1.0000,-1.0000,-1.0000,-1.0000,-1.0000,-1.0000,-1.0000,-1.0000,-1.0000,-1.0000,-1.0000,1.9574,1.9600,1.9093,1.9477,1.9252,1.9989,1.8301,1.8048,1.8783,1.7712,1.8731,1.7657,1.8481,1.8064,1.7527,1.7831,1.8785,2.0295,2.0397,2.0465,2.0390,1.9925,1.9820,2.0527,1.9632,2.0067,2.0182,2.0304,1.9816,1.9469,2.0067,2.0307,2.0548,2.0411,2.0363,2.0380,2.0317,2.0089,2.0218,2.0412,1.6211,1.6618,1.6355,1.6256,1.6636,1.6013,1.5575,1.6656,1.6050,1.5577,1.5635,1.5764,1.6454,1.5564,1.5395,1.5864,1.5557,1.5569,1.6040,1.5404,1.6278,1.6028,1.5763,0,1.0000,2.0308,4.6896,1.9317
15,0.0300,-0.3581,-1.6850,1.0500,2.0308,4.6896,1.6570,0.1110,0.1895,0.0001,1.0274,1.0000,-0.0003,0.0015,0.0033,-0.0158,-0.0063,0.0006,0.0038,0.0013,-0.0016,0.0206,-0.0005,0.0014,0.0011,-0.0029,0.0012,-0.0147,-0.0001,-0.0038,0.0017,0.0019,0.0001,0.0006,0.0001,0.0002,0.0045,0.0020,-0.0077,0.0000,0.0007,0.0000,-0.0334,-0.0013,-0.0258,-0.0385,0.1368,0.8020,-0.6240,-0.7020,0.0593,0.7816,-0.1670,-0.3888,1.5221,0.1664,0.1877,0.0118,0.0600,0.4719,-1.7244,-0.1296,-0.3059,-0.0082,0.1093,0.0084,0.0420,0.0117,-0.0117,0.6364,0.3543,-0.9997,0.0022,0.0622,-0.0019,-1.0000,-1.0000,-1.0000,-1.0000,-1.0000,-1.0000,-1.0000,-1.0000,-1.0000,-1.0000,-1.0000,-1.0000,-1.0000,-1.0000,-1.0000,-1.0000,-1.0000,-1.0000,-1.0000,-1.0000,-1.0000,-1.0000,-1.0000,-1.0000,-1.0000,-1.0000,-1.0000,-1.0000,-1.0000,-1.0000,-1.0000,-1.0000,-1.0000,-1.0000,-1.0000,-1.0000,-1.0000,-1.0000,-1.0000,-1.0000,-1.0000,-1.0000,-1.0000,-1.0000,-1.0000,-1.0000,-1.0000,-1.0000,-1.0000,-1.0000,-1.0000,-1.0000,-1.0000,-1.0000,-1.0000,-1.0000,-1.0000,-1.0000,-1.0000,-1.0000,-1.0000,-1.0000,-1.0000,-1.0000,-1.0000,-1.0000,-1.0000,-1.0000,-1.0000,-1.0000,-1.0000,-1.0000,-1.0000,-1.0000,-1.0000,-1.0000,-1.0000,-1.0000,-1.0000,-1.0000,-1.0000,-1.0000,-1.0000,-1.0000,-1.0000,-1.0000,-1.0000,-1.0000,-1.0000,-1.0000,-1.0000,-1.0000,-1.0000,-1.0000,-1.0000,-1.0000,-1.0000,-1.0000,-1.0000,-1.0000,-1.0000,-1.0000,-1.0000,-1.0000,-1.0000,-1.0000,-1.0000,-1.0000,-1.0000,-1.0000,-1.0000,-1.0000,-1.0000,-1.0000,-1.0000,-1.0000,-1.0000,-1.0000,-1.0000,-1.0000,-1.0000,1.9574,1.9600,1.9093,1.9477,1.9252,1.9989,1.8301,1.8048,1.8783,1.7712,1.8731,1.7657,1.8481,1.8064,1.7527,1.7831,1.8785,2.0295,2.0397,2.0465,2.0390,1.9925,1.9820,2.0527,1.9632,2.0067,2.0182,2.0304,1.9816,1.9469,2.0067,2.0307,2.0548,2.0411,2.0363,2.0380,2.0317,2.0089,2.0218,2.0412,1.6211,1.6618,1.6355,1.6256,1.6636,1.6013,1.5575,1.6656,1.6050,1.5577,1.5635,1.5764,1.6454,1.5564,1.5395,1.5864,1.5557,1.5569,1.6040,1.5404,1.6278,1.6028,1.5763,0,1.0000,2.0308,4.6896,1.9317
15,0.0300,-0.3581,-1.6850,1.0500,2.0308,4.6896,1.6570,0.1110,0.1895,0.0001,1.0274,1.0000,-0.0003,0.0015,0.0033,-0.0158,-0.0063,0.0006,0.0038,0.0013,-0.0016,0.0206,-0.0005,0.0014,0.0011,-0.0029,0.0012,-0.0147,-0.0001,-0.0038,0.0017,0.0019,0.0001,0.0006,0.0001,0.0002,0.0045,0.0020,-0.0077,0.0000,0.0007,0.0000,-0.0334,-0.0013,-0.0258,-0.0385,0.1368,0.8020,-0.6240,-0.7020,0.0593,0.7816,-0.1670,-0.3888,1.5221,0.1664,0.1877,0.0118,0.0600,0.4719,-1.7244,-0.1296,-0.3059,-0.0082,0.1093,0.0084,0.0420,0.0117,-0.0117,0.6364,0.3543,-0.9997,0.0022,0.0622,-0.0019,-1.0000,-1.0000,-1.0000,-1.0000,-1.0000,-1.0000,-1.0000,-1.0000,-1.0000,-1.0000,-1.0000,-1.0000,-1.0000,-1.0000,-1.0000,-1.0000,-1.0000,-1.0000,-1.0000,-1.0000,-1.0000,-1.0000,-1.0000,-1.0000,-1.0000,-1.0000,-1.0000,-1.0000,-1.0000,-1.0000,-1.0000,-1.0000,-1.0000,-1.0000,-1.0000,-1.0000,-1.0000,-1.0000,-1.0000,-1.0000,-1.0000,-1.0000,-1.0000,-1.0000,-1.0000,-1.0000,-1.0000,-1.0000,-1.0000,-1.0000,-1.0000,-1.0000,-1.0000,-1.0000,-1.0000,-1.0000,-1.0000,-1.0000,-1.0000,-1.0000,-1.0000,-1.0000,-1.0000,-1.0000,-1.0000,-1.0000,-1.0000,-1.0000,-1.0000,-1.0000,-1.0000,-1.0000,-1.0000,-1.0000,-1.0000,-1.0000,-1.0000,-1.0000,-1.0000,-1.0000,-1.0000,-1.0000,-1.0000,-1.0000,-1.0000,-1.0000,-1.0000,-1.0000,-1.0000,-1.0000,-1.0000,-1.0000,-1.0000,-1.0000,-1.0000,-1.0000,-1.0000,-1.0000,-1.0000,-1.0000,-1.0000,-1.0000,-1.0000,-1.0000,-1.0000,-1.0000,-1.0000,-1.0000,-1.0000,-1.0000,-1.0000,-1.0000,-1.0000,-1.0000,-1.0000,-1.0000,-1.0000,-1.0000,-1.0000,-1.0000,-1.0000,1.9574,1.9600,1.9093,1.9477,1.9252,1.9989,1.8301,1.8048,1.8783,1.7712,1.8731,1.7657,1.8481,1.8064,1.7527,1.7831,1.8785,2.0295,2.0397,2.0465,2.0390,1.9925,1.9820,2.0527,1.9632,2.0067,2.0182,2.0304,1.9816,1.9469,2.0067,2.0307,2.0548,2.0411,2.0363,2.0380,2.0317,2.0089,2.0218,2.0412,1.6211,1.6618,1.6355,1.6256,1.6636,1.6013,1.5575,1.6656,1.6050,1.5577,1.5635,1.5764,1.6454,1.5564,1.5395,1.5864,1.5557,1.5569,1.6040,1.5404,1.6278,1.6028,1.5763,0,1.0000,2.0308,4.6896,1.9317
15,0.0300,-0.3581,-1.6850,1.0500,2.0308,4.6896,1.6570,0.1110,0.1895,0.0001,1.0274,1.0000,-0.0003,0.0015,0.0033,-0.0158,-0.0063,0.0006,0.0038,0.0013,-0.0016,0.0206,-0.0005,0.0014,0.0011,-0.0029,0.0012,-0.0147,-0.0001,-0.0038,0.0017,0.0019,0.0001,0.0006,0.0001,0.0002,0.0045,0.0020,-0.0077,0.0000,0.0007,0.0000,-0.0334,-0.0013,-0.0258,-0.0385,0.1368,0.8020,-0.6240,-0.7020,0.0593,0.7816,-0.1670,-0.3888,1.5221,0.1664,0.1877,0.0118,0.0600,0.4719,-1.7244,-0.1296,-0.3059,-0.0082,0.1093,0.0084,0.0420,0.0117,-0.0117,0.6364,0.3543,-0.9997,0.0022,0.0622,-0.0019,-1.0000,-1.0000,-1.0000,-1.0000,-1.0000,-1.0000,-1.0000,-1.0000,-1.0000,-1.0000,-1.0000,-1.0000,-1.0000,-1.0000,-1.0000,-1.0000,-1.0000,-1.0000,-1.0000,-1.0000,-1.0000,-1.0000,-1.0000,-1.0000,-1.0000,-1.0000,-1.0000,-1.0000,-1.0000,-1.0000,-1.0000,-1.0000,-1.0000,-1.0000,-1.0000,-1.0000,-1.0000,-1.0000,-1.0000,-1.0000,-1.0000,-1.0000,-1.0000,-1.0000,-1.0000,-1.0000,-1.0000,-1.0000,-1.0000,-1.0000,-1.0000,-1.0000,-1.0000,-1.0000,-1.0000,-1.0000,-1.0000,-1.0000,-1.0000,-1.0000,-1.0000,-1.0000,-1.0000,-1.0000,-1.0000,-1.0000,-1.0000,-1.0000,-1.0000,-1.0000,-1.0000,-1.0000,-1.0000,-1.0000,-1.0000,-1.0000,-1.0000,-1.0000,-1.0000,-1.0000,-1.0000,-1.0000,-1.0000,-1.0000,-1.0000,-1.0000,-1.0000,-1.0000,-1.0000,-1.0000,-1.0000,-1.0000,-1.0000,-1.0000,-1.0000,-1.0000,-1.0000,-1.0000,-1.0000,-1.0000,-1.0000,-1.0000,-1.0000,-1.0000,-1.0000,-1.0000,-1.0000,-1.0000,-1.0000,-1.0000,-1.0000,-1.0000,-1.0000,-1.0000,-1.0000,-1.0000,-1.0000,-1.0000,-1.0000,-1.0000,-1.0000,1.9574,1.9600,1.9093,1.9477,1.9252,1.9989,1.8301,1.8048,1.8783,1.7712,1.8731,1.7657,1.8481,1.8064,1.7527,1.7831,1.8785,2.0295,2.0397,2.0465,2.0390,1.9925,1.9820,2.0527,1.9632,2.0067,2.0182,2.0304,1.9816,1.9469,2.0067,2.0307,2.0548,2.0411,2.0363,2.0380,2.0317,2.0089,2.0218,2.0412,1.6211,1.6618,1.6355,1.6256,1.6636,1.6013,1.5575,1.6656,1.6050,1.5577,1.5635,1.5764,1.6454,1.5564,1.5395,1.5864,1.5557,1.5569,1.6040,1.5404,1.6278,1.6028,1.5763,0,1.0000,2.0308,4.6896,1.9317
15,0.0300,-0.3581,-1.6850,1.0500,2.0308,4.6896,1.6570,0.1110,0.1895,0.0001,1.0274,1.0000,-0.0003,0.0015,0.0033,-0.0158,-0.0063,0.0006,0.0038,0.0013,-0.0016,0.0206,-0.0005,0.0014,0.0011,-0.0029,0.0012,-0.0147,-0.0001,-0.0038,0.0017,0.0019,0.0001,0.0006,0.0001,0.0002,0.0045,0.0020,-0.0077,0.0000,0.0007,0.0000,-0.0334,-0.0013,-0.0258,-0.0385,0.1368,0.8020,-0.6240,-0.7020,0.0593,0.7816,-0.1670,-0.3888,1.5221,0.1664,0.1877,0.0118,0.0600,0.4719,-1.7244,-0.1296,-0.3059,-0.0082,0.1093,0.0084,0.0420,0.0117,-0.0117,0.6364,0.3543,-0.9997,0.0022,0.0622,-0.0019,-1.0000,-1.0000,-1.0000,-1.0000,-1.0000,-1.0000,-1.0000,-1.0000,-1.0000,-1.0000,-1.0000,-1.0000,-1.0000,-1.0000,-1.0000,-1.0000,-1.0000,-1.0000,-1.0000,-1.0000,-1.0000,-1.0000,-1.0000,-1.0000,-1.0000,-1.0000,-1.0000,-1.0000,-1.0000,-1.0000,-1.0000,-1.0000,-1.0000,-1.0000,-1.0000,-1.0000,-1.0000,-1.0000,-1.0000,-1.0000,-1.0000,-1.0000,-1.0000,-1.0000,-1.0000,-1.0000,-1.0000,-1.0000,-1.0000,-1.0000,-1.0000,-1.0000,-1.0000,-1.0000,-1.0000,-1.0000,-1.0000,-1.0000,-1.0000,-1.0000,-1.0000,-1.0000,-1.0000,-1.0000,-1.0000,-1.0000,-1.0000,-1.0000,-1.0000,-1.0000,-1.0000,-1.0000,-1.0000,-1.0000,-1.0000,-1.0000,-1.0000,-1.0000,-1.0000,-1.0000,-1.0000,-1.0000,-1.0000,-1.0000,-1.0000,-1.0000,-1.0000,-1.0000,-1.0000,-1.0000,-1.0000,-1.0000,-1.0000,-1.0000,-1.0000,-1.0000,-1.0000,-1.0000,-1.0000,-1.0000,-1.0000,-1.0000,-1.0000,-1.0000,-1.0000,-1.0000,-1.0000,-1.0000,-1.0000,-1.0000,-1.0000,-1.0000,-1.0000,-1.0000,-1.0000,-1.0000,-1.0000,-1.0000,-1.0000,-1.0000,-1.0000,1.9574,1.9600,1.9093,1.9477,1.9252,1.9989,1.8301,1.8048,1.8783,1.7712,1.8731,1.7657,1.8481,1.8064,1.7527,1.7831,1.8785,2.0295,2.0397,2.0465,2.0390,1.9925,1.9820,2.0527,1.9632,2.0067,2.0182,2.0304,1.9816,1.9469,2.0067,2.0307,2.0548,2.0411,2.0363,2.0380,2.0317,2.0089,2.0218,2.0412,1.6211,1.6618,1.6355,1.6256,1.6636,1.6013,1.5575,1.6656,1.6050,1.5577,1.5635,1.5764,1.6454,1.5564,1.5395,1.5864,1.5557,1.5569,1.6040,1.5404,1.6278,1.6028,1.5763,0,1.0000,2.0308,4.6896,1.9317
15,0.0300,-0.3581,-1.6850,1.0500,2.0308,4.6896,1.6570,0.1110,0.1895,0.0001,1.0274,1.0000,-0.0003,0.0015,0.0033,-0.0158,-0.0063,0.0006,0.0038,0.0013,-0.0016,0.0206,-0.0005,0.0014,0.0011,-0.0029,0.0012,-0.0147,-0.0001,-0.0038,0.0017,0.0019,0.0001,0.0006,0.0001,0.0002,0.0045,0.0020,-0.0077,0.0000,0.0007,0.0000,-0.0334,-0.0013,-0.0258,-0.0385,0.1368,0.8020,-0.6240,-0.7020,0.0593,0.7816,-0.1670,-0.3888,1.5221,0.1664,0.1877,0.0118,0.0600,0.4719,-1.7244,-0.1296,-0.3059,-0.0082,0.1093,0.0084,0.0420,0.0117,-0.0117,0.6364,0.3543,-0.9997,0.0022,0.0622,-0.0019,-1.0000,-1.0000,-1.0000,-1.0000,-1.0000,-1.0000,-1.0000,-1.0000,-1.0000,-1.0000,-1.0000,-1.0000,-1.0000,-1.0000,-1.0000,-1.0000,-1.0000,-1.0000,-1.0000,-1.0000,-1.0000,-1.0000,-1.0000,-1.0000,-1.0000,-1.0000,-1.0000,-1.0000,-1.0000,-1.0000,-1.0000,-1.0000,-1.0000,-1.0000,-1.0000,-1.0000,-1.0000,-1.0000,-1.0000,-1.0000,-1.0000,-1.0000,-1.0000,-1.0000,-1.0000,-1.0000,-1.0000,-1.0000,-1.0000,-1.0000,-1.0000,-1.0000,-1.0000,-1.0000,-1.0000,-1.0000,-1.0000,-1.0000,-1.0000,-1.0000,-1.0000,-1.0000,-1.0000,-1.0000,-1.0000,-1.0000,-1.0000,-1.0000,-1.0000,-1.0000,-1.0000,-1.0000,-1.0000,-1.0000,-1.0000,-1.0000,-1.0000,-1.0000,-1.0000,-1.0000,-1.0000,-1.0000,-1.0000,-1.0000,-1.0000,-1.0000,-1.0000,-1.0000,-1.0000,-1.0000,-1.0000,-1.0000,-1.0000,-1.0000,-1.0000,-1.0000,-1.0000,-1.0000,-1.0000,-1.0000,-1.0000,-1.0000,-1.0000,-1.0000,-1.0000,-1.0000,-1.0000,-1.0000,-1.0000,-1.0000,-1.0000,-1.0000,-1.0000,-1.0000,-1.0000,-1.0000,-1.0000,-1.0000,-1.0000,-1.0000,-1.0000,1.9574,1.9600,1.9093,1.9477,1.9252,1.9989,1.8301,1.8048,1.8783,1.7712,1.8731,1.7657,1.8481,1.8064,1.7527,1.7831,1.8785,2.0295,2.0397,2.0465,2.0390,1.9925,1.9820,2.0527,1.9632,2.0067,2.0182,2.0304,1.9816,1.9469,2.0067,2.0307,2.0548,2.0411,2.0363,2.0380,2.0317,2.0089,2.0218,2.0412,1.6211,1.6618,1.6355,1.6256,1.6636,1.6013,1.5575,1.6656,1.6050,1.5577,1.5635,1.5764,1.6454,1.5564,1.5395,1.5864,1.5557,1.5569,1.6040,1.5404,1.6278,1.6028,1.5763,0,1.0000,2.0308,4.6896,1.9317
15,0.0300,-0.3581,-1.6850,1.0500,2.0308,4.6896,1.6570,0.1110,0.1895,0.0001,1.0274,1.0000,-0.0003,0.0015,0.0033,-0.0158,-0.0063,0.0006,0.0038,0.0013,-0.0016,0.0206,-0.0005,0.0014,0.0011,-0.0029,0.0012,-0.0147,-0.0001,-0.0038,0.0017,0.0019,0.0001,0.0006,0.0001,0.0002,0.0045,0.0020,-0.0077,0.0000,0.0007,0.0000,-0.0334,-0.0013,-0.0258,-0.0385,0.1368,0.8020,-0.6240,-0.7020,0.0593,0.7816,-0.1670,-0.3888,1.5221,0.1664,0.1877,0.0118,0.0600,0.4719,-1.7244,-0.1296,-0.3059,-0.0082,0.1093,0.0084,0.0420,0.0117,-0.0117,0.6364,0.3543,-0.9997,0.0022,0.0622,-0.0019,-1.0000,-1.0000,-1.0000,-1.0000,-1.0000,-1.0000,-1.0000,-1.0000,-1.0000,-1.0000,-1.0000,-1.0000,-1.0000,-1.0000,-1.0000,-1.0000,-1.0000,-1.0000,-1.0000,-1.0000,-1.0000,-1.0000,-1.0000,-1.0000,-1.0000,-1.0000,-1.0000,-1.0000,-1.0000,-1.0000,-1.0000,-1.0000,-1.0000,-1.0000,-1.0000,-1.0000,-1.0000,-1.0000,-1.0000,-1.0000,-1.0000,-1.0000,-1.0000,-1.0000,-1.0000,-1.0000,-1.0000,-1.0000,-1.0000,-1.0000,-1.0000,-1.0000,-1.0000,-1.0000,-1.0000,-1.0000,-1.0000,-1.0000,-1.0000,-1.0000,-1.0000,-1.0000,-1.0000,-1.0000,-1.0000,-1.0000,-1.0000,-1.0000,-1.0000,-1.0000,-1.0000,-1.0000,-1.0000,-1.0000,-1.0000,-1.0000,-1.0000,-1.0000,-1.0000,-1.0000,-1.0000,-1.0000,-1.0000,-1.0000,-1.0000,-1.0000,-1.0000,-1.0000,-1.0000,-1.0000,-1.0000,-1.0000,-1.0000,-1.0000,-1.0000,-1.0000,-1.0000,-1.0000,-1.0000,-1.0000,-1.0000,-1.0000,-1.0000,-1.0000,-1.0000,-1.0000,-1.0000,-1.0000,-1.0000,-1.0000,-1.0000,-1.0000,-1.0000,-1.0000,-1.0000,-1.0000,-1.0000,-1.0000,-1.0000,-1.0000,-1.0000,1.9574,1.9600,1.9093,1.9477,1.9252,1.9989,1.8301,1.8048,1.8783,1.7712,1.8731,1.7657,1.8481,1.8064,1.7527,1.7831,1.8785,2.0295,2.0397,2.0465,2.0390,1.9925,1.9820,2.0527,1.9632,2.0067,2.0182,2.0304,1.9816,1.9469,2.0067,2.0307,2.0548,2.0411,2.0363,2.0380,2.0317,2.0089,2.0218,2.0412,1.6211,1.6618,1.6355,1.6256,1.6636,1.6013,1.5575,1.6656,1.6050,1.5577,1.5635,1.5764,1.6454,1.5564,1.5395,1.5864,1.5557,1.5569,1.6040,1.5404,1.6278,1.6028,1.5763,0,1.0000,2.0308,4.6896,1.9317
15,0.0300,-0.3581,-1.6850,1.0500,2.0308,4.6896,1.6570,0.1110,0.1895,0.0001,1.0274,1.0000,-0.0003,0.0015,0.0033,-0.0158,-0.0063,0.0006,0.0038,0.0013,-0.0016,0.0206,-0.0005,0.0014,0.0011,-0.0029,0.0012,-0.0147,-0.0001,-0.0038,0.0017,0.0019,0.0001,0.0006,0.0001,0.0002,0.0045,0.0020,-0.0077,0.0000,0.0007,0.0000,-0.0334,-0.0013,-0.0258,-0.0385,0.1368,0.8020,-0.6240,-0.7020,0.0593,0.7816,-0.1670,-0.3888,1.5221,0.1664,0.1877,0.0118,0.0600,0.4719,-1.7244,-0.1296,-0.3059,-0.0082,0.1093,0.0084,0.0420,0.0117,-0.0117,0.6364,0.3543,-0.9997,0.0022,0.0622,-0.0019,-1.0000,-1.0000,-1.0000,-1.0000,-1.0000,-1.0000,-1.0000,-1.0000,-1.0000,-1.0000,-1.0000,-1.0000,-1.0000,-1.0000,-1.0000,-1.0000,-1.0000,-1.0000,-1.0000,-1.0000,-1.0000,-1.0000,-1.0000,-1.0000,-1.0000,-1.0000,-1.0000,-1.0000,-1.0000,-1.0000,-1.0000,-1.0000,-1.0000,-1.0000,-1.0000,-1.0000,-1.0000,-1.0000,-1.0000,-1.0000,-1.0000,-1.0000,-1.0000,-1.0000,-1.0000,-1.0000,-1.0000,-1.0000,-1.0000,-1.0000,-1.0000,-1.0000,-1.0000,-1.0000,-1.0000,-1.0000,-1.0000,-1.0000,-1.0000,-1.0000,-1.0000,-1.0000,-1.0000,-1.0000,-1.0000,-1.0000,-1.0000,-1.0000,-1.0000,-1.0000,-1.0000,-1.0000,-1.0000,-1.0000,-1.0000,-1.0000,-1.0000,-1.0000,-1.0000,-1.0000,-1.0000,-1.0000,-1.0000,-1.0000,-1.0000,-1.0000,-1.0000,-1.0000,-1.0000,-1.0000,-1.0000,-1.0000,-1.0000,-1.0000,-1.0000,-1.0000,-1.0000,-1.0000,-1.0000,-1.0000,-1.0000,-1.0000,-1.0000,-1.0000,-1.0000,-1.0000,-1.0000,-1.0000,-1.0000,-1.0000,-1.0000,-1.0000,-1.0000,-1.0000,-1.0000,-1.0000,-1.0000,-1.0000,-1.0000,-1.0000,-1.0000,1.9574,1.9600,1.9093,1.9477,1.9252,1.9989,1.8301,1.8048,1.8783,1.7712,1.8731,1.7657,1.8481,1.8064,1.7527,1.7831,1.8785,2.0295,2.0397,2.0465,2.0390,1.9925,1.9820,2.0527,1.9632,2.0067,2.0182,2.0304,1.9816,1.9469,2.0067,2.0307,2.0548,2.0411,2.0363,2.0380,2.0317,2.0089,2.0218,2.0412,1.6211,1.6618,1.6355,1.6256,1.6636,1.6013,1.5575,1.6656,1.6050,1.5577,1.5635,1.5764,1.6454,1.5564,1.5395,1.5864,1.5557,1.5569,1.6040,1.5404,1.6278,1.6028,1.5763,0,1.0000,2.0308,4.6896,1.9317
15,0.0300,-0.3581,-1.6850,1.0500,2.0308,4.6896,1.6570,0.1110,0.1895,0.0001,1.0274,1.0000,-0.0003,0.0015,0.0033,-0.0158,-0.0063,0.0006,0.0038,0.0013,-0.0016,0.0206,-0.0005,0.0014,0.0011,-0.0029,0.0012,-0.0147,-0.0001,-0.0038,0.0017,0.0019,0.0001,0.0006,0.0001,0.0002,0.0045,0.0020,-0.0077,0.0000,0.0007,0.0000,-0.0334,-0.0013,-0.0258,-0.0385,0.1368,0.8020,-0.6240,-0.7020,0.0593,0.7816,-0.1670,-0.3888,1.5221,0.1664,0.1877,0.0118,0.0600,0.4719,-1.7244,-0.1296,-0.3059,-0.0082,0.1093,0.0084,0.0420,0.0117,-0.0117,0.6364,0.3543,-0.9997,0.0022,0.0622,-0.0019,-1.0000,-1.0000,-1.0000,-1.0000,-1.0000,-1.0000,-1.0000,-1.0000,-1.0000,-1.0000,-1.0000,-1.0000,-1.0000,-1.0000,-1.0000,-1.0000,-1.0000,-1.0000,-1.0000,-1.0000,-1.0000,-1.0000,-1.0000,-1.0000,-1.0000,-1.0000,-1.0000,-1.0000,-1.0000,-1.0000,-1.0000,-1.0000,-1.0000,-1.0000,-1.0000,-1.0000,-1.0000,-1.0000,-1.0000,-1.0000,-1.0000,-1.0000,-1.0000,-1.0000,-1.0000,-1.0000,-1.0000,-1.0000,-1.0000,-1.0000,-1.0000,-1.0000,-1.0000,-1.0000,-1.0000,-1.0000,-1.0000,-1.0000,-1.0000,-1.0000,-1.0000,-1.0000,-1.0000,-1.0000,-1.0000,-1.0000,-1.0000,-1.0000,-1.0000,-1.0000,-1.0000,-1.0000,-1.0000,-1.0000,-1.0000,-1.0000,-1.0000,-1.0000,-1.0000,-1.0000,-1.0000,-1.0000,-1.0000,-1.0000,-1.0000,-1.0000,-1.0000,-1.0000,-1.0000,-1.0000,-1.0000,-1.0000,-1.0000,-1.0000,-1.0000,-1.0000,-1.0000,-1.0000,-1.0000,-1.0000,-1.0000,-1.0000,-1.0000,-1.0000,-1.0000,-1.0000,-1.0000,-1.0000,-1.0000,-1.0000,-1.0000,-1.0000,-1.0000,-1.0000,-1.0000,-1.0000,-1.0000,-1.0000,-1.0000,-1.0000,-1.0000,1.9574,1.9600,1.9093,1.9477,1.9252,1.9989,1.8301,1.8048,1.8783,1.7712,1.8731,1.7657,1.8481,1.8064,1.7527,1.7831,1.8785,2.0295,2.0397,2.0465,2.0390,1.9925,1.9820,2.0527,1.9632,2.0067,2.0182,2.0304,1.9816,1.9469,2.0067,2.0307,2.0548,2.0411,2.0363,2.0380,2.0317,2.0089,2.0218,2.0412,1.6211,1.6618,1.6355,1.6256,1.6636,1.6013,1.5575,1.6656,1.6050,1.5577,1.5635,1.5764,1.6454,1.5564,1.5395,1.5864,1.5557,1.5569,1.6040,1.5404,1.6278,1.6028,1.5763,0,1.0000,2.0308,4.6896,1.9317
15,0.0300,-0.3581,-1.6850,1.0500,2.0308,4.6896,1.6570,0.1110,0.1895,0.0001,1.0274,1.0000,-0.0003,0.0015,0.0033,-0.0158,-0.0063,0.0006,0.0038,0.0013,-0.0016,0.0206,-0.0005,0.0014,0.0011,-0.0029,0.0012,-0.0147,-0.0001,-0.0038,0.0017,0.0019,0.0001,0.0006,0.0001,0.0002,0.0045,0.0020,-0.0077,0.0000,0.0007,0.0000,-0.0334,-0.0013,-0.0258,-0.0385,0.1368,0.8020,-0.6240,-0.7020,0.0593,0.7816,-0.1670,-0.3888,1.5221,0.1664,0.1877,0.0118,0.0600,0.4719,-1.7244,-0.1296,-0.3059,-0.0082,0.1093,0.0084,0.0420,0.0117,-0.0117,0.6364,0.3543,-0.9997,0.0022,0.0622,-0.0019,-1.0000,-1.0000,-1.0000,-1.0000,-1.0000,-1.0000,-1.0000,-1.0000,-1.0000,-1.0000,-1.0000,-1.0000,-1.0000,-1.0000,-1.0000,-1.0000,-1.0000,-1.0000,-1.0000,-1.0000,-1.0000,-1.0000,-1.0000,-1.0000,-1.0000,-1.0000,-1.0000,-1.0000,-1.0000,-1.0000,-1.0000,-1.0000,-1.0000,-1.0000,-1.0000,-1.0000,-1.0000,-1.0000,-1.0000,-1.0000,-1.0000,-1.0000,-1.0000,-1.0000,-1.0000,-1.0000,-1.0000,-1.0000,-1.0000,-1.0000,-1.0000,-1.0000,-1.0000,-1.0000,-1.0000,-1.0000,-1.0000,-1.0000,-1.0000,-1.0000,-1.0000,-1.0000,-1.0000,-1.0000,-1.0000,-1.0000,-1.0000,-1.0000,-1.0000,-1.0000,-1.0000,-1.0000,-1.0000,-1.0000,-1.0000,-1.0000,-1.0000,-1.0000,-1.0000,-1.0000,-1.0000,-1.0000,-1.0000,-1.0000,-1.0000,-1.0000,-1.0000,-1.0000,-1.0000,-1.0000,-1.0000,-1.0000,-1.0000,-1.0000,-1.0000,-1.0000,-1.0000,-1.0000,-1.0000,-1.0000,-1.0000,-1.0000,-1.0000,-1.0000,-1.0000,-1.0000,-1.0000,-1.0000,-1.0000,-1.0000,-1.0000,-1.0000,-1.0000,-1.0000,-1.0000,-1.0000,-1.0000,-1.0000,-1.0000,-1.0000,-1.0000,1.9574,1.9600,1.9093,1.9477,1.9252,1.9989,1.8301,1.8048,1.8783,1.7712,1.8731,1.7657,1.8481,1.8064,1.7527,1.7831,1.8785,2.0295,2.0397,2.0465,2.0390,1.9925,1.9820,2.0527,1.9632,2.0067,2.0182,2.0304,1.9816,1.9469,2.0067,2.0307,2.0548,2.0411,2.0363,2.0380,2.0317,2.0089,2.0218,2.0412,1.6211,1.6618,1.6355,1.6256,1.6636,1.6013,1.5575,1.6656,1.6050,1.5577,1.5635,1.5764,1.6454,1.5564,1.5395,1.5864,1.5557,1.5569,1.6040,1.5404,1.6278,1.6028,1.5763,0,1.0000,2.0308,4.6896,1.9317
15,0.0300,-0.3581,-1.6850,1.0500,2.0308,4.6896,1.6570,0.1110,0.1895,0.0001,1.0274,1.0000,-0.0003,0.0015,0.0033,-0.0158,-0.0063,0.0006,0.0038,0.0013,-0.0016,0.0206,-0.0005,0.0014,0.0011,-0.0029,0.0012,-0.0147,-0.0001,-0.0038,0.0017,0.0019,0.0001,0.0006,0.0001,0.0002,0.0045,0.0020,-0.0077,0.0000,0.0007,0.0000,-0.0334,-0.0013,-0.0258,-0.0385,0.1368,0.8020,-0.6240,-0.7020,0.0593,0.7816,-0.1670,-0.3888,1.5221,0.1664,0.1877,0.0118,0.0600,0.4719,-1.7244,-0.1296,-0.3059,-0.0082,0.1093,0.0084,0.0420,0.0117,-0.0117,0.6364,0.3543,-0.9997,0.0022,0.0622,-0.0019,-1.0000,-1.0000,-1.0000,-1.0000,-1.0000,-1.0000,-1.0000,-1.0000,-1.0000,-1.0000,-1.0000,-1.0000,-1.0000,-1.0000,-1.0000,-1.0000,-1.0000,-1.0000,-1.0000,-1.0000,-1.0000,-1.0000,-1.0000,-1.0000,-1.0000,-1.0000,-1.0000,-1.0000,-1.0000,-1.0000,-1.0000,-1.0000,-1.0000,-1.0000,-1.0000,-1.0000,-1.0000,-1.0000,-1.0000,-1.0000,-1.0000,-1.0000,-1.0000,-1.0000,-1.0000,-1.0000,-1.0000,-1.0000,-1.0000,-1.0000,-1.0000,-1.0000,-1.0000,-1.0000,-1.0000,-1.0000,-1.0000,-1.0000,-1.0000,-1.0000,-1.0000,-1.0000,-1.0000,-1.0000,-1.0000,-1.0000,-1.0000,-1.0000,-1.0000,-1.0000,-1.0000,-1.0000,-1.0000,-1.0000,-1.0000,-1.0000,-1.0000,-1.0000,-1.0000,-1.0000,-1.0000,-1.0000,-1.0000,-1.0000,-1.0000,-1.0000,-1.0000,-1.0000,-1.0000,-1.0000,-1.0000,-1.0000,-1.0000,-1.0000,-1.0000,-1.0000,-1.0000,-1.0000,-1.0000,-1.0000,-1.0000,-1.0000,-1.0000,-1.0000,-1.0000,-1.0000,-1.0000,-1.0000,-1.0000,-1.0000,-1.0000,-1.0000,-1.0000,-1.0000,-1.0000,-1.0000,-1.0000,-1.0000,-1.0000,-1.0000,-1.0000,1.9574,1.9600,1.9093,1.9477,1.9252,1.9989,1.8301,1.8048,1.8783,1.7712,1.8731,1.7657,1.8481,1.8064,1.7527,1.7831,1.8785,2.0295,2.0397,2.0465,2.0390,1.9925,1.9820,2.0527,1.9632,2.0067,2.0182,2.0304,1.9816,1.9469,2.0067,2.0307,2.0548,2.0411,2.0363,2.0380,2.0317,2.0089,2.0218,2.0412,1.6211,1.6618,1.6355,1.6256,1.6636,1.6013,1.5575,1.6656,1.6050,1.5577,1.5635,1.5764,1.6454,1.5564,1.5395,1.5864,1.5557,1.5569,1.6040,1.5404,1.6278,1.6028,1.5763,0,1.0000,2.0308,4.6896,1.9317
15,0.0300,-0.3581,-1.6850,1.0500,2.0308,4.6896,1.6570,0.1110,0.1895,0.0001,1.0274,1.0000,-0.0003,0.0015,0.0033,-0.0158,-0.0063,0.0006,0.0038,0.0013,-0.0016,0.0206,-0.0005,0.0014,0.0011,-0.0029,0.0012,-0.0147,-0.0001,-0.0038,0.0017,0.0019,0.0001,0.0006,0.0001,0.0002,0.0045,0.0020,-0.0077,0.0000,0.0007,0.0000,-0.0334,-0.0013,-0.0258,-0.0385,0.1368,0.8020,-0.6240,-0.7020,0.0593,0.7816,-0.1670,-0.3888,1.5221,0.1664,0.1877,0.0118,0.0600,0.4719,-1.7244,-0.1296,-0.3059,-0.0082,0.1093,0.0084,0.0420,0.0117,-0.0117,0.6364,0.3543,-0.9997,0.0022,0.0622,-0.0019,-1.0000,-1.0000,-1.0000,-1.0000,-1.0000,-1.0000,-1.0000,-1.0000,-1.0000,-1.0000,-1.0000,-1.0000,-1.0000,-1.0000,-1.0000,-1.0000,-1.0000,-1.0000,-1.0000,-1.0000,-1.0000,-1.0000,-1.0000,-1.0000,-1.0000,-1.0000,-1.0000,-1.0000,-1.0000,-1.0000,-1.0000,-1.0000,-1.0000,-1.0000,-1.0000,-1.0000,-1.0000,-1.0000,-1.0000,-1.0000,-1.0000,-1.0000,-1.0000,-1.0000,-1.0000,-1.0000,-1.0000,-1.0000,-1.0000,-1.0000,-1.0000,-1.0000,-1.0000,-1.0000,-1.0000,-1.0000,-1.0000,-1.0000,-1.0000,-1.0000,-1.0000,-1.0000,-1.0000,-1.0000,-1.0000,-1.0000,-1.0000,-1.0000,-1.0000,-1.0000,-1.0000,-1.0000,-1.0000,-1.0000,-1.0000,-1.0000,-1.0000,-1.0000,-1.0000,-1.0000,-1.0000,-1.0000,-1.0000,-1.0000,-1.0000,-1.0000,-1.0000,-1.0000,-1.0000,-1.0000,-1.0000,-1.0000,-1.0000,-1.0000,-1.0000,-1.0000,-1.0000,-1.0000,-1.0000,-1.0000,-1.0000,-1.0000,-1.0000,-1.0000,-1.0000,-1.0000,-1.0000,-1.0000,-1.0000,-1.0000,-1.0000,-1.0000,-1.0000,-1.0000,-1.0000,-1.0000,-1.0000,-1.0000,-1.0000,-1.0000,-1.0000,1.9574,1.9600,1.9093,1.9477,1.9252,1.9989,1.8301,1.8048,1.8783,1.7712,1.8731,1.7657,1.8481,1.8064,1.7527,1.7831,1.8785,2.0295,2.0397,2.0465,2.0390,1.9925,1.9820,2.0527,1.9632,2.0067,2.0182,2.0304,1.9816,1.9469,2.0067,2.0307,2.0548,2.0411,2.0363,2.0380,2.0317,2.0089,2.0218,2.0412,1.6211,1.6618,1.6355,1.6256,1.6636,1.6013,1.5575,1.6656,1.6050,1.5577,1.5635,1.5764,1.6454,1.5564,1.5395,1.5864,1.5557,1.5569,1.6040,1.5404,1.6278,1.6028,1.5763,0,1.0000,2.0308,4.6896,1.9317
16,0.0320,-0.3540,-1.6756,1.0532,2.0308,4.6896,1.6374,0.1110,0.1894,0.0001,1.0274,1.0000,-0.0004,0.0016,0.0042,-0.0171,-0.0077,0.0008,0.0054,0.0009,-0.0024,0.0233,-0.0001,0.0018,0.0011,-0.0032,0.0016,-0.0185,-0.0004,-0.0045,0.0016,0.0021,0.0001,0.0007,0.0001,0.0001,0.0060,0.0029,-0.0099,0.0001,0.0008,-0.0000,-0.0329,-0.0037,-0.0187,-0.0673,0.1289,0.8481,-0.6640,-0.7098,0.0960,0.8101,-0.2279,-0.3926,1.3606,0.2029,0.2140,-0.0181,-0.1875,0.2254,-1.9089,-0.1579,-0.3347,-0.0210,0.1147,0.0095,0.0445,0.0132,-0.0281,0.7112,0.4928,-1.0855,0.0024,0.0692,-0.0027,-1.0000,-1.0000,-1.0000,-1.0000,-1.0000,-1.0000,-1.0000,-1.0000,-1.0000,-1.0000,-1.0000,-1.0000,-1.0000,-1.0000,-1.0000,-1.0000,-1.0000,-1.0000,-1.0000,-1.0000,-1.0000,-1.0000,-1.0000,-1.0000,-1.0000,-1.0000,-1.0000,-1.0000,-1.0000,-1.0000,-1.0000,-1.0000,-1.0000,-1.0000,-1.0000,-1.0000,-1.0000,-1.0000,-1.0000,-1.0000,-1.0000,-1.0000,-1.0000,-1.0000,-1.0000,-1.0000,-1.0000,-1.0000,-1.0000,-1.0000,-1.0000,-1.0000,-1.0000,-1.0000,-1.0000,-1.0000,-1.0000,-1.0000,-1.0000,-1.0000,-1.0000,-1.0000,-1.0000,-1.0000,-1.0000,-1.0000,-1.0000,-1.0000,-1.0000,-1.0000,-1.0000,-1.0000,-1.0000,-1.0000,-1.0000,-1.0000,-1.0000,-1.0000,-1.0000,-1.0000,-1.0000,-1.0000,-1.0000,-1.0000,-1.0000,-1.0000,-1.0000,-1.0000,-1.0000,-1.0000,-1.0000,-1.0000,-1.0000,-1.0000,-1.0000,-1.0000,-1.0000,-1.0000,-1.0000,-1.0000,-1.0000,-1.0000,-1.0000,-1.0000,-1.0000,-1.0000,-1.0000,-1.0000,-1.0000,-1.0000,-1.0000,-1.0000,-1.0000,-1.0000,-1.0000,-1.0000,-1.0000,-1.0000,-1.0000,-1.0000,-1.0000,1.9467,1.9492,1.8986,1.9371,1.9144,1.9882,1.8199,1.7941,1.8676,1.7608,1.8625,1.7550,1.8378,1.7956,1.7424,1.7727,1.8678,2.0189,2.0291,2.0360,2.0284,1.9819,1.9717,2.0423,1.9527,1.9962,2.0078,2.0200,1.9713,1.9364,1.9964,2.0204,2.0443,2.0307,2.0259,2.0274,2.0214,1.9983,2.0113,2.0307,1.6103,1.6509,1.6246,1.6147,1.6529,1.5908,1.5469,1.6550,1.5946,1.5473,1.5530,1.5661,1.6350,1.5461,1.5294,1.5762,1.5454,1.5468,1.5937,1.5302,1.6175,1.5927,1.5662,0,1.0000,2.0308,4.6896,1.9317
16,0.0320,-0.3540,-1.6756,1.0532,2.0308,4.6896,1.6374,0.1110,0.1894,0.0001,1.0274,1.0000,-0.0004,0.0016,0.0042,-0.0171,-0.0077,0.0008,0.0054,0.0009,-0.0024,0.0233,-0.0001,0.0018,0.0011,-0.0032,0.0016,-0.0185,-0.0004,-0.0045,0.0016,0.0021,0.0001,0.0007,0.0001,0.0001,0.0060,0.0029,-0.0099,0.0001,0.0008,-0.0000,-0.0329,-0.0037,-0.0187,-0.0673,0.1289,0.8481,-0.6640,-0.7098,0.0960,0.8101,-0.2279,-0.3926,1.3606,0.2029,0.2140,-0.0181,-0.1875,0.2254,-1.9089,-0.1579,-0.3347,-0.0210,0.1147,0.0095,0.0445,0.0132,-0.0281,0.7112,0.4928,-1.0855,0.0024,0.0692,-0.0027,-1.0000,-1.0000,-1.0000,-1.0000,-1.0000,-1.0000,-1.0000,-1.0000,-1.0000,-1.0000,-1.0000,-1.0000,-1.0000,-1.0000,-1.0000,-1.0000,-1.0000,-1.0000,-1.0000,-1.0000,-1.0000,-1.0000,-1.0000,-1.0000,-1.0000,-1.0000,-1.0000,-1.0000,-1.0000,-1.0000,-1.0000,-1.0000,-1.0000,-1.0000,-1.0000,-1.0000,-1.0000,-1.0000,-1.0000,-1.0000,-1.0000,-1.0000,-1.0000,-1.0000,-1.0000,-1.0000,-1.0000,-1.0000,-1.0000,-1.0000,-1.0000,-1.0000,-1.0000,-1.0000,-1.0000,-1.0000,-1.0000,-1.0000,-1.0000,-1.0000,-1.0000,-1.0000,-1.0000,-1.0000,-1.0000,-1.0000,-1.0000,-1.0000,-1.0000,-1.0000,-1.0000,-1.0000,-1.0000,-1.0000,-1.0000,-1.0000,-1.0000,-1.0000,-1.0000,-1.0000,-1.0000,-1.0000,-1.0000,-1.0000,-1.0000,-1.0000,-1.0000,-1.0000,-1.0000,-1.0000,-1.0000,-1.0000,-1.0000,-1.0000,-1.0000,-1.0000,-1.0000,-1.0000,-1.0000,-1.0000,-1.0000,-1.0000,-1.0000,-1.0000,-1.0000,-1.0000,-1.0000,-1.0000,-1.0000,-1.0000,-1.0000,-1.0000,-1.0000,-1.0000,-1.0000,-1.0000,-1.0000,-1.0000,-1.0000,-1.0000,-1.0000,1.9467,1.9492,1.8986,1.9371,1.9144,1.9882,1.8199,1.7941,1.8676,1.7608,1.8625,1.7550,1.8378,1.7956,1.7424,1.7727,1.8678,2.0189,2.0291,2.0360,2.0284,1.9819,1.9717,2.0423,1.9527,1.9962,2.0078,2.0200,1.9713,1.9364,1.9964,2.0204,2.0443,2.0307,2.0259,2.0274,2.0214,1.9983,2.0113,2.0307,1.6103,1.6509,1.6246,1.6147,1.6529,1.5908,1.5469,1.6550,1.5946,1.5473,1.5530,1.5661,1.6350,1.5461,1.5294,1.5762,1.5454,1.5468,1.5937,1.5302,1.6175,1.5927,1.5662,0,1.0000,2.0308,4.6896,1.9317
16,0.0320,-0.3540,-1.6756,1.0532,2.0308,4.6896,1.6374,0.1110,0.1894,0.0001,1.0274,1.0000,-0.0004,0.0016,0.0042,-0.0171,-0.0077,0.0008,0.0054,0.0009,-0.0024,0.0233,-0.0001,0.0018,0.0011,-0.0032,0.0016,-0.0185,-0.0004,-0.0045,0.0016,0.0021,0.0001,0.0007,0.0001,0.0001,0.0060,0.0029,-0.0099,0.0001,0.0008,-0.0000,-0.0329,-0.0037,-0.0187,-0.0673,0.1289,0.8481,-0.6640,-0.7098,0.0960,0.8101,-0.2279,-0.3926,1.3606,0.2029,0.2140,-0.0181,-0.1875,0.2254,-1.9089,-0.1579,-0.3347,-0.0210,0.1147,0.0095,0.0445,0.0132,-0.0281,0.7112,0.4928,-1.0855,0.0024,0.0692,-0.0027,-1.0000,-1.0000,-1.0000,-1.0000,-1.0000,-1.0000,-1.0000,-1.0000,-1.0000,-1.0000,-1.0000,-1.0000,-1.0000,-1.0000,-1.0000,-1.0000,-1.0000,-1.0000,-1.0000,-1.0000,-1.0000,-1.0000,-1.0000,-1.0000,-1.0000,-1.0000,-1.0000,-1.0000,-1.0000,-1.0000,-1.0000,-1.0000,-1.0000,-1.0000,-1.0000,-1.0000,-1.0000,-1.0000,-1.0000,-1.0000,-1.0000,-1.0000,-1.0000,-1.0000,-1.0000,-1.0000,-1.0000,-1.0000,-1.0000,-1.0000,-1.0000,-1.0000,-1.0000,-1.0000,-1.0000,-1.0000,-1.0000,-1.0000,-1.0000,-1.0000,-1.0000,-1.0000,-1.0000,-1.0000,-1.0000,-1.0000,-1.0000,-1.0000,-1.0000,-1.0000,-1.0000,-1.0000,-1.0000,-1.0000,-1.0000,-1.0000,-1.0000,-1.0000,-1.0000,-1.0000,-1.0000,-1.0000,-1.0000,-1.0000,-1.0000,-1.0000,-1.0000,-1.0000,-1.0000,-1.0000,-1.0000,-1.0000,-1.0000,-1.0000,-1.0000,-1.0000,-1.0000,-1.0000,-1.0000,-1.0000,-1.0000,-1.0000,-1.0000,-1.0000,-1.0000,-1.0000,-1.0000,-1.0000,-1.0000,-1.0000,-1.0000,-1.0000,-1.0000,-1.0000,-1.0000,-1.0000,-1.0000,-1.0000,-1.0000,-1.0000,-1.0000,1.9467,1.9492,1.8986,1.9371,1.9144,1.9882,1.8199,1.7941,1.8676,1.7608,1.8625,1.7550,1.8378,1.7956,1.7424,1.7727,1.8678,2.0189,2.0291,2.0360,2.0284,1.9819,1.9717,2.0423,1.9527,1.9962,2.0078,2.0200,1.9713,1.9364,1.9964,2.0204,2.0443,2.0307,2.0259,2.0274,2.0214,1.9983,2.0113,2.0307,1.6103,1.6509,1.6246,1.6147,1.6529,1.5908,1.5469,1.6550,1.5946,1.5473,1.5530,1.5661,1.6350,1.5461,1.5294,1.5762,1.5454,1.5468,1.5937,1.5302,1.6175,1.5927,1.5662,0,1.0000,2.0308,4.6896,1.9317
16,0.0320,-0.3540,-1.6756,1.0532,2.0308,4.6896,1.6374,0.1110,0.1894,0.0001,1.0274,1.0000,-0.0004,0.0016,0.0042,-0.0171,-0.0077,0.0008,0.0054,0.0009,-0.0024,0.0233,-0.0001,0.0018,0.0011,-0.0032,0.0016,-0.0185,-0.0004,-0.0045,0.0016,0.0021,0.0001,0.0007,0.0001,0.0001,0.0060,0.0029,-0.0099,0.0001,0.0008,-0.0000,-0.0329,-0.0037,-0.0187,-0.0673,0.1289,0.8481,-0.6640,-0.7098,0.0960,0.8101,-0.2279,-0.3926,1.3606,0.2029,0.2140,-0.0181,-0.1875,0.2254,-1.9089,-0.1579,-0.3347,-0.0210,0.1147,0.0095,0.0445,0.0132,-0.0281,0.7112,0.4928,-1.0855,0.0024,0.0692,-0.0027,-1.0000,-1.0000,-1.0000,-1.0000,-1.0000,-1.0000,-1.0000,-1.0000,-1.0000,-1.0000,-1.0000,-1.0000,-1.0000,-1.0000,-1.0000,-1.0000,-1.0000,-1.0000,-1.0000,-1.0000,-1.0000,-1.0000,-1.0000,-1.0000,-1.0000,-1.0000,-1.0000,-1.0000,-1.0000,-1.0000,-1.0000,-1.0000,-1.0000,-1.0000,-1.0000,-1.0000,-1.0000,-1.0000,-1.0000,-1.0000,-1.0000,-1.0000,-1.0000,-1.0000,-1.0000,-1.0000,-1.0000,-1.0000,-1.0000,-1.0000,-1.0000,-1.0000,-1.0000,-1.0000,-1.0000,-1.0000,-1.0000,-1.0000,-1.0000,-1.0000,-1.0000,-1.0000,-1.0000,-1.0000,-1.0000,-1.0000,-1.0000,-1.0000,-1.0000,-1.0000,-1.0000,-1.0000,-1.0000,-1.0000,-1.0000,-1.0000,-1.0000,-1.0000,-1.0000,-1.0000,-1.0000,-1.0000,-1.0000,-1.0000,-1.0000,-1.0000,-1.0000,-1.0000,-1.0000,-1.0000,-1.0000,-1.0000,-1.0000,-1.0000,-1.0000,-1.0000,-1.0000,-1.0000,-1.0000,-1.0000,-1.0000,-1.0000,-1.0000,-1.0000,-1.0000,-1.0000,-1.0000,-1.0000,-1.0000,-1.0000,-1.0000,-1.0000,-1.0000,-1.0000,-1.0000,-1.0000,-1.0000,-1.0000,-1.0000,-1.0000,-1.0000,1.9467,1.9492,1.8986,1.9371,1.9144,1.9882,1.8199,1.7941,1.8676,1.7608,1.8625,1.7550,1.8378,1.7956,1.7424,1.7727,1.8678,2.0189,2.0291,2.0360,2.0284,1.9819,1.9717,2.0423,1.9527,1.9962,2.0078,2.0200,1.9713,1.9364,1.9964,2.0204,2.0443,2.0307,2.0259,2.0274,2.0214,1.9983,2.0113,2.0307,1.6103,1.6509,1.6246,1.6147,1.6529,1.5908,1.5469,1.6550,1.5946,1.5473,1.5530,1.5661,1.6350,1.5461,1.5294,1.5762,1.5454,1.5468,1.5937,1.5302,1.6175,1.5927,1.5662,0,1.0000,2.0308,4.6896,1.9317
16,0.0320,-0.3540,-1.6756,1.0532,2.0308,4.6896,1.6374,0.1110,0.1894,0.0001,1.0274,1.0000,-0.0004,0.0016,0.0042,-0.0171,-0.0077,0.0008,0.0054,0.0009,-0.0024,0.0233,-0.0001,0.0018,0.0011,-0.0032,0.0016,-0.0185,-0.0004,-0.0045,0.0016,0.0021,0.0001,0.0007,0.0001,0.0001,0.0060,0.0029,-0.0099,0.0001,0.0008,-0.0000,-0.0329,-0.0037,-0.0187,-0.0673,0.1289,0.8481,-0.6640,-0.7098,0.0960,0.8101,-0.2279,-0.3926,1.3606,0.2029,0.2140,-0.0181,-0.1875,0.2254,-1.9089,-0.1579,-0.3347,-0.0210,0.1147,0.0095,0.0445,0.0132,-0.0281,0.7112,0.4928,-1.0855,0.0024,0.0692,-0.0027,-1.0000,-1.0000,-1.0000,-1.0000,-1.0000,-1.0000,-1.0000,-1.0000,-1.0000,-1.0000,-1.0000,-1.0000,-1.0000,-1.0000,-1.0000,-1.0000,-1.0000,-1.0000,-1.0000,-1.0000,-1.0000,-1.0000,-1.0000,-1.0000,-1.0000,-1.0000,-1.0000,-1.0000,-1.0000,-1.0000,-1.0000,-1.0000,-1.0000,-1.0000,-1.0000,-1.0000,-1.0000,-1.0000,-1.0000,-1.0000,-1.0000,-1.0000,-1.0000,-1.0000,-1.0000,-1.0000,-1.0000,-1.0000,-1.0000,-1.0000,-1.0000,-1.0000,-1.0000,-1.0000,-1.0000,-1.0000,-1.0000,-1.0000,-1.0000,-1.0000,-1.0000,-1.0000,-1.0000,-1.0000,-1.0000,-1.0000,-1.0000,-1.0000,-1.0000,-1.0000,-1.0000,-1.0000,-1.0000,-1.0000,-1.0000,-1.0000,-1.0000,-1.0000,-1.0000,-1.0000,-1.0000,-1.0000,-1.0000,-1.0000,-1.0000,-1.0000,-1.0000,-1.0000,-1.0000,-1.0000,-1.0000,-1.0000,-1.0000,-1.0000,-1.0000,-1.0000,-1.0000,-1.0000,-1.0000,-1.0000,-1.0000,-1.0000,-1.0000,-1.0000,-1.0000,-1.0000,-1.0000,-1.0000,-1.0000,-1.0000,-1.0000,-1.0000,-1.0000,-1.0000,-1.0000,-1.0000,-1.0000,-1.0000,-1.0000,-1.0000,-1.0000,1.9467,1.9492,1.8986,1.9371,1.9144,1.9882,1.8199,1.7941,1.8676,1.7608,1.8625,1.7550,1.8378,1.7956,1.7424,1.7727,1.8678,2.0189,2.0291,2.0360,2.0284,1.9819,1.9717,2.0423,1.9527,1.9962,2.0078,2.0200,1.9713,1.9364,1.9964,2.0204,2.0443,2.0307,2.0259,2.0274,2.0214,1.9983,2.0113,2.0307,1.6103,1.6509,1.6246,1.6147,1.6529,1.5908,1.5469,1.6550,1.5946,1.5473,1.5530,1.5661,1.6350,1.5461,1.5294,1.5762,1.5454,1.5468,1.5937,1.5302,1.6175,1.5927,1.5662,0,1.0000,2.0308,4.6896,1.9317
16,0.0320,-0.3540,-1.6756,1.0532,2.0308,4.6896,1.6374,0.1110,0.1894,0.0001,1.0274,1.0000,-0.0004,0.0016,0.0042,-0.0171,-0.0077,0.0008,0.0054,0.0009,-0.0024,0.0233,-0.0001,0.0018,0.0011,-0.0032,0.0016,-0.0185,-0.0004,-0.0045,0.0016,0.0021,0.0001,0.0007,0.0001,0.0001,0.0060,0.0029,-0.0099,0.0001,0.0008,-0.0000,-0.0329,-0.0037,-0.0187,-0.0673,0.1289,0.8481,-0.6640,-0.7098,0.0960,0.8101,-0.2279,-0.3926,1.3606,0.2029,0.2140,-0.0181,-0.1875,0.2254,-1.9089,-0.1579,-0.3347,-0.0210,0.1147,0.0095,0.0445,0.0132,-0.0281,0.7112,0.4928,-1.0855,0.0024,0.0692,-0.0027,-1.0000,-1.0000,-1.0000,-1.0000,-1.0000,-1.0000,-1.0000,-1.0000,-1.0000,-1.0000,-1.0000,-1.0000,-1.0000,-1.0000,-1.0000,-1.0000,-1.0000,-1.0000,-1.0000,-1.0000,-1.0000,-1.0000,-1.0000,-1.0000,-1.0000,-1.0000,-1.0000,-1.0000,-1.0000,-1.0000,-1.0000,-1.0000,-1.0000,-1.0000,-1.0000,-1.0000,-1.0000,-1.0000,-1.0000,-1.0000,-1.0000,-1.0000,-1.0000,-1.0000,-1.0000,-1.0000,-1.0000,-1.0000,-1.0000,-1.0000,-1.0000,-1.0000,-1.0000,-1.0000,-1.0000,-1.0000,-1.0000,-1.0000,-1.0000,-1.0000,-1.0000,-1.0000,-1.0000,-1.0000,-1.0000,-1.0000,-1.0000,-1.0000,-1.0000,-1.0000,-1.0000,-1.0000,-1.0000,-1.0000,-1.0000,-1.0000,-1.0000,-1.0000,-1.0000,-1.0000,-1.0000,-1.0000,-1.0000,-1.0000,-1.0000,-1.0000,-1.0000,-1.0000,-1.0000,-1.0000,-1.0000,-1.0000,-1.0000,-1.0000,-1.0000,-1.0000,-1.0000,-1.0000,-1.0000,-1.0000,-1.0000,-1.0000,-1.0000,-1.0000,-1.0000,-1.0000,-1.0000,-1.0000,-1.0000,-1.0000,-1.0000,-1.0000,-1.0000,-1.0000,-1.0000,-1.0000,-1.0000,-1.0000,-1.0000,-1.0000,-1.0000,1.9467,1.9492,1.8986,1.9371,1.9144,1.9882,1.8199,1.7941,1.8676,1.7608,1.8625,1.7550,1.8378,1.7956,1.7424,1.7727,1.8678,2.0189,2.0291,2.0360,2.0284,1.9819,1.9717,2.0423,1.9527,1.9962,2.0078,2.0200,1.9713,1.9364,1.9964,2.0204,2.0443,2.0307,2.0259,2.0274,2.0214,1.9983,2.0113,2.0307,1.6103,1.6509,1.6246,1.6147,1.6529,1.5908,1.5469,1.6550,1.5946,1.5473,1.5530,1.5661,1.6350,1.5461,1.5294,1.5762,1.5454,1.5468,1.5937,1.5302,1.6175,1.5927,1.5662,0,1.0000,2.0308,4.6896,1.9317
16,0.0320,-0.3540,-1.6756,1.0532,2.0308,4.6896,1.6374,0.1110,0.1894,0.0001,1.0274,1.0000,-0.0004,0.0016,0.0042,-0.0171,-0.0077,0.0008,0.0054,0.0009,-0.0024,0.0233,-0.0001,0.0018,0.0011,-0.0032,0.0016,-0.0185,-0.0004,-0.0045,0.0016,0.0021,0.0001,0.0007,0.0001,0.0001,0.0060,0.0029,-0.0099,0.0001,0.0008,-0.0000,-0.0329,-0.0037,-0.0187,-0.0673,0.1289,0.8481,-0.6640,-0.7098,0.0960,0.8101,-0.2279,-0.3926,1.3606,0.2029,0.2140,-0.0181,-0.1875,0.2254,-1.9089,-0.1579,-0.3347,-0.0210,0.1147,0.0095,0.0445,0.0132,-0.0281,0.7112,0.4928,-1.0855,0.0024,0.0692,-0.0027,-1.0000,-1.0000,-1.0000,-1.0000,-1.0000,-1.0000,-1.0000,-1.0000,-1.0000,-1.0000,-1.0000,-1.0000,-1.0000,-1.0000,-1.0000,-1.0000,-1.0000,-1.0000,-1.0000,-1.0000,-1.0000,-1.0000,-1.0000,-1.0000,-1.0000,-1.0000,-1.0000,-1.0000,-1.0000,-1.0000,-1.0000,-1.0000,-1.0000,-1.0000,-1.0000,-1.0000,-1.0000,-1.0000,-1.0000,-1.0000,-1.0000,-1.0000,-1.0000,-1.0000,-1.0000,-1.0000,-1.0000,-1.0000,-1.0000,-1.0000,-1.0000,-1.0000,-1.0000,-1.0000,-1.0000,-1.0000,-1.0000,-1.0000,-1.0000,-1.0000,-1.0000,-1.0000,-1.0000,-1.0000,-1.0000,-1.0000,-1.0000,-1.0000,-1.0000,-1.0000,-1.0000,-1.0000,-1.0000,-1.0000,-1.0000,-1.0000,-1.0000,-1.0000,-1.0000,-1.0000,-1.0000,-1.0000,-1.0000,-1.0000,-1.0000,-1.0000,-1.0000,-1.0000,-1.0000,-1.0000,-1.0000,-1.0000,-1.0000,-1.0000,-1.0000,-1.0000,-1.0000,-1.0000,-1.0000,-1.0000,-1.0000,-1.0000,-1.0000,-1.0000,-1.0000,-1.0000,-1.0000,-1.0000,-1.0000,-1.0000,-1.0000,-1.0000,-1.0000,-1.0000,-1.0000,-1.0000,-1.0000,-1.0000,-1.0000,-1.0000,-1.0000,1.9467,1.9492,1.8986,1.9371,1.9144,1.9882,1.8199,1.7941,1.8676,1.7608,1.8625,1.7550,1.8378,1.7956,1.7424,1.7727,1.8678,2.0189,2.0291,2.0360,2.0284,1.9819,1.9717,2.0423,1.9527,1.9962,2.0078,2.0200,1.9713,1.9364,1.9964,2.0204,2.0443,2.0307,2.0259,2.0274,2.0214,1.9983,2.0113,2.0307,1.6103,1.6509,1.6246,1.6147,1.6529,1.5908,1.5469,1.6550,1.5946,1.5473,1.5530,1.5661,1.6350,1.5461,1.5294,1.5762,1.5454,1.5468,1.5937,1.5302,1.6175,1.5927,1.5662,0,1.0000,2.0308,4.6896,1.9317
16,0.0320,-0.3540,-1.6756,1.0532,2.0308,4.6896,1.6374,0.1110,0.1894,0.0001,1.0274,1.0000,-0.0004,0.0016,0.0042,-0.0171,-0.0077,0.0008,0.0054,0.0009,-0.0024,0.0233,-0.0001,0.0018,0.0011,-0.0032,0.0016,-0.0185,-0.0004,-0.0045,0.0016,0.0021,0.0001,0.0007,0.0001,0.0001,0.0060,0.0029,-0.0099,0.0001,0.0008,-0.0000,-0.0329,-0.0037,-0.0187,-0.0673,0.1289,0.8481,-0.6640,-0.7098,0.0960,0.8101,-0.2279,-0.3926,1.3606,0.2029,0.2140,-0.0181,-0.1875,0.2254,-1.9089,-0.1579,-0.3347,-0.0210,0.1147,0.0095,0.0445,0.0132,-0.0281,0.7112,0.4928,-1.0855,0.0024,0.0692,-0.0027,-1.0000,-1.0000,-1.0000,-1.0000,-1.0000,-1.0000,-1.0000,-1.0000,-1.0000,-1.0000,-1.0000,-1.0000,-1.0000,-1.0000,-1.0000,-1.0000,-1.0000,-1.0000,-1.0000,-1.0000,-1.0000,-1.0000,-1.0000,-1.0000,-1.0000,-1.0000,-1.0000,-1.0000,-1.0000,-1.0000,-1.0000,-1.0000,-1.0000,-1.0000,-1.0000,-1.0000,-1.0000,-1.0000,-1.0000,-1.0000,-1.0000,-1.0000,-1.0000,-1.0000,-1.0000,-1.0000,-1.0000,-1.0000,-1.0000,-1.0000,-1.0000,-1.0000,-1.0000,-1.0000,-1.0000,-1.0000,-1.0000,-1.0000,-1.0000,-1.0000,-1.0000,-1.0000,-1.0000,-1.0000,-1.0000,-1.0000,-1.0000,-1.0000,-1.0000,-1.0000,-1.0000,-1.0000,-1.0000,-1.0000,-1.0000,-1.0000,-1.0000,-1.0000,-1.0000,-1.0000,-1.0000,-1.0000,-1.0000,-1.0000,-1.0000,-1.0000,-1.0000,-1.0000,-1.0000,-1.0000,-1.0000,-1.0000,-1.0000,-1.0000,-1.0000,-1.0000,-1.0000,-1.0000,-1.0000,-1.0000,-1.0000,-1.0000,-1.0000,-1.0000,-1.0000,-1.0000,-1.0000,-1.0000,-1.0000,-1.0000,-1.0000,-1.0000,-1.0000,-1.0000,-1.0000,-1.0000,-1.0000,-1.0000,-1.0000,-1.0000,-1.0000,1.9467,1.9492,1.8986,1.9371,1.9144,1.9882,1.8199,1.7941,1.8676,1.7608,1.8625,1.7550,1.8378,1.7956,1.7424,1.7727,1.8678,2.0189,2.0291,2.0360,2.0284,1.9819,1.9717,2.0423,1.9527,1.9962,2.0078,2.0200,1.9713,1.9364,1.9964,2.0204,2.0443,2.0307,2.0259,2.0274,2.0214,1.9983,2.0113,2.0307,1.6103,1.6509,1.6246,1.6147,1.6529,1.5908,1.5469,1.6550,1.5946,1.5473,1.5530,1.5661,1.6350,1.5461,1.5294,1.5762,1.5454,1.5468,1.5937,1.5302,1.6175,1.5927,1.5662,0,1.0000,2.0308,4.6896,1.9317
16,0.0320,-0.3540,-1.6756,1.0532,2.0308,4.6896,1.6374,0.1110,0.1894,0.0001,1.0274,1.0000,-0.0004,0.0016,0.0042,-0.0171,-0.0077,0.0008,0.0054,0.0009,-0.0024,0.0233,-0.0001,0.0018,0.0011,-0.0032,0.0016,-0.0185,-0.0004,-0.0045,0.0016,0.0021,0.0001,0.0007,0.0001,0.0001,0.0060,0.0029,-0.0099,0.0001,0.0008,-0.0000,-0.0329,-0.0037,-0.0187,-0.0673,0.1289,0.8481,-0.6640,-0.7098,0.0960,0.8101,-0.2279,-0.3926,1.3606,0.2029,0.2140,-0.0181,-0.1875,0.2254,-1.9089,-0.1579,-0.3347,-0.0210,0.1147,0.0095,0.0445,0.0132,-0.0281,0.7112,0.4928,-1.0855,0.0024,0.0692,-0.0027,-1.0000,-1.0000,-1.0000,-1.0000,-1.0000,-1.0000,-1.0000,-1.0000,-1.0000,-1.0000,-1.0000,-1.0000,-1.0000,-1.0000,-1.0000,-1.0000,-1.0000,-1.0000,-1.0000,-1.0000,-1.0000,-1.0000,-1.0000,-1.0000,-1.0000,-1.0000,-1.0000,-1.0000,-1.0000,-1.0000,-1.0000,-1.0000,-1.0000,-1.0000,-1.0000,-1.0000,-1.0000,-1.0000,-1.0000,-1.0000,-1.0000,-1.0000,-1.0000,-1.0000,-1.0000,-1.0000,-1.0000,-1.0000,-1.0000,-1.0000,-1.0000,-1.0000,-1.0000,-1.0000,-1.0000,-1.0000,-1.0000,-1.0000,-1.0000,-1.0000,-1.0000,-1.0000,-1.0000,-1.0000,-1.0000,-1.0000,-1.0000,-1.0000,-1.0000,-1.0000,-1.0000,-1.0000,-1.0000,-1.0000,-1.0000,-1.0000,-1.0000,-1.0000,-1.0000,-1.0000,-1.0000,-1.0000,-1.0000,-1.0000,-1.0000,-1.0000,-1.0000,-1.0000,-1.0000,-1.0000,-1.0000,-1.0000,-1.0000,-1.0000,-1.0000,-1.0000,-1.0000,-1.0000,-1.0000,-1.0000,-1.0000,-1.0000,-1.0000,-1.0000,-1.0000,-1.0000,-1.0000,-1.0000,-1.0000,-1.0000,-1.0000,-1.0000,-1.0000,-1.0000,-1.0000,-1.0000,-1.0000,-1.0000,-1.0000,-1.0000,-1.0000,1.9467,1.9492,1.8986,1.9371,1.9144,1.9882,1.8199,1.7941,1.8676,1.7608,1.8625,1.7550,1.8378,1.7956,1.7424,1.7727,1.8678,2.0189,2.0291,2.0360,2.0284,1.9819,1.9717,2.0423,1.9527,1.9962,2.0078,2.0200,1.9713,1.9364,1.9964,2.0204,2.0443,2.0307,2.0259,2.0274,2.0214,1.9983,2.0113,2.0307,1.6103,1.6509,1.6246,1.6147,1.6529,1.5908,1.5469,1.6550,1.5946,1.5473,1.5530,1.5661,1.6350,1.5461,1.5294,1.5762,1.5454,1.5468,1.5937,1.5302,1.6175,1.5927,1.5662,0,1.0000,2.0308,4.6896,1.9317
16,0.0320,-0.3540,-1.6756,1.0532,2.0308,4.6896,1.6374,0.1110,0.1894,0.0001,1.0274,1.0000,-0.0004,0.0016,0.0042,-0.0171,-0.0077,0.0008,0.0054,0.0009,-0.0024,0.0233,-0.0001,0.0018,0.0011,-0.0032,0.0016,-0.0185,-0.0004,-0.0045,0.0016,0.0021,0.0001,0.0007,0.0001,0.0001,0.0060,0.0029,-0.0099,0.0001,0.0008,-0.0000,-0.0329,-0.0037,-0.0187,-0.0673,0.1289,0.8481,-0.6640,-0.7098,0.0960,0.8101,-0.2279,-0.3926,1.3606,0.2029,0.2140,-0.0181,-0.1875,0.2254,-1.9089,-0.1579,-0.3347,-0.0210,0.1147,0.0095,0.0445,0.0132,-0.0281,0.7112,0.4928,-1.0855,0.0024,0.0692,-0.0027,-1.0000,-1.0000,-1.0000,-1.0000,-1.0000,-1.0000,-1.0000,-1.0000,-1.0000,-1.0000,-1.0000,-1.0000,-1.0000,-1.0000,-1.0000,-1.0000,-1.0000,-1.0000,-1.0000,-1.0000,-1.0000,-1.0000,-1.0000,-1.0000,-1.0000,-1.0000,-1.0000,-1.0000,-1.0000,-1.0000,-1.0000,-1.0000,-1.0000,-1.0000,-1.0000,-1.0000,-1.0000,-1.0000,-1.0000,-1.0000,-1.0000,-1.0000,-1.0000,-1.0000,-1.0000,-1.0000,-1.0000,-1.0000,-1.0000,-1.0000,-1.0000,-1.0000,-1.0000,-1.0000,-1.0000,-1.0000,-1.0000,-1.0000,-1.0000,-1.0000,-1.0000,-1.0000,-1.0000,-1.0000,-1.0000,-1.0000,-1.0000,-1.0000,-1.0000,-1.0000,-1.0000,-1.0000,-1.0000,-1.0000,-1.0000,-1.0000,-1.0000,-1.0000,-1.0000,-1.0000,-1.0000,-1.0000,-1.0000,-1.0000,-1.0000,-1.0000,-1.0000,-1.0000,-1.0000,-1.0000,-1.0000,-1.0000,-1.0000,-1.0000,-1.0000,-1.0000,-1.0000,-1.0000,-1.0000,-1.0000,-1.0000,-1.0000,-1.0000,-1.0000,-1.0000,-1.0000,-1.0000,-1.0000,-1.0000,-1.0000,-1.0000,-1.0000,-1.0000,-1.0000,-1.0000,-1.0000,-1.0000,-1.0000,-1.0000,-1.0000,-1.0000,1.9467,1.9492,1.8986,1.9371,1.9144,1.9882,1.8199,1.7941,1.8676,1.7608,1.8625,1.7550,1.8378,1.7956,1.7424,1.7727,1.8678,2.0189,2.0291,2.0360,2.0284,1.9819,1.9717,2.0423,1.9527,1.9962,2.0078,2.0200,1.9713,1.9364,1.9964,2.0204,2.0443,2.0307,2.0259,2.0274,2.0214,1.9983,2.0113,2.0307,1.6103,1.6509,1.6246,1.6147,1.6529,1.5908,1.5469,1.6550,1.5946,1.5473,1.5530,1.5661,1.6350,1.5461,1.5294,1.5762,1.5454,1.5468,1.5937,1.5302,1.6175,1.5927,1.5662,0,1.0000,2.0308,4.6896,1.9317
16,0.0320,-0.3540,-1.6756,1.0532,2.0308,4.6896,1.6374,0.1110,0.1894,0.0001,1.0274,1.0000,-0.0004,0.0016,0.0042,-0.0171,-0.0077,0.0008,0.0054,0.0009,-0.0024,0.0233,-0.0001,0.0018,0.0011,-0.0032,0.0016,-0.0185,-0.0004,-0.0045,0.0016,0.0021,0.0001,0.0007,0.0001,0.0001,0.0060,0.0029,-0.0099,0.0001,0.0008,-0.0000,-0.0329,-0.0037,-0.0187,-0.0673,0.1289,0.8481,-0.6640,-0.7098,0.0960,0.8101,-0.2279,-0.3926,1.3606,0.2029,0.2140,-0.0181,-0.1875,0.2254,-1.9089,-0.1579,-0.3347,-0.0210,0.1147,0.0095,0.0445,0.0132,-0.0281,0.7112,0.4928,-1.0855,0.0024,0.0692,-0.0027,-1.0000,-1.0000,-1.0000,-1.0000,-1.0000,-1.0000,-1.0000,-1.0000,-1.0000,-1.0000,-1.0000,-1.0000,-1.0000,-1.0000,-1.0000,-1.0000,-1.0000,-1.0000,-1.0000,-1.0000,-1.0000,-1.0000,-1.0000,-1.0000,-1.0000,-1.0000,-1.0000,-1.0000,-1.0000,-1.0000,-1.0000,-1.0000,-1.0000,-1.0000,-1.0000,-1.0000,-1.0000,-1.0000,-1.0000,-1.0000,-1.0000,-1.0000,-1.0000,-1.0000,-1.0000,-1.0000,-1.0000,-1.0000,-1.0000,-1.0000,-1.0000,-1.0000,-1.0000,-1.0000,-1.0000,-1.0000,-1.0000,-1.0000,-1.0000,-1.0000,-1.0000,-1.0000,-1.0000,-1.0000,-1.0000,-1.0000,-1.0000,-1.0000,-1.0000,-1.0000,-1.0000,-1.0000,-1.0000,-1.0000,-1.0000,-1.0000,-1.0000,-1.0000,-1.0000,-1.0000,-1.0000,-1.0000,-1.0000,-1.0000,-1.0000,-1.0000,-1.0000,-1.0000,-1.0000,-1.0000,-1.0000,-1.0000,-1.0000,-1.0000,-1.0000,-1.0000,-1.0000,-1.0000,-1.0000,-1.0000,-1.0000,-1.0000,-1.0000,-1.0000,-1.0000,-1.0000,-1.0000,-1.0000,-1.0000,-1.0000,-1.0000,-1.0000,-1.0000,-1.0000,-1.0000,-1.0000,-1.0000,-1.0000,-1.0000,-1.0000,-1.0000,1.9467,1.9492,1.8986,1.9371,1.9144,1.9882,1.8199,1.7941,1.8676,1.7608,1.8625,1.7550,1.8378,1.7956,1.7424,1.7727,1.8678,2.0189,2.0291,2.0360,2.0284,1.9819,1.9717,2.0423,1.9527,1.9962,2.0078,2.0200,1.9713,1.9364,1.9964,2.0204,2.0443,2.0307,2.0259,2.0274,2.0214,1.9983,2.0113,2.0307,1.6103,1.6509,1.6246,1.6147,1.6529,1.5908,1.5469,1.6550,1.5946,1.5473,1.5530,1.5661,1.6350,1.5461,1.5294,1.5762,1.5454,1.5468,1.5937,1.5302,1.6175,1.5927,1.5662,0,1.0000,2.0308,4.6896,1.9317
16,0.0320,-0.3540,-1.6756,1.0532,2.0308,4.6896,1.6374,0.1110,0.1894,0.0001,1.0274,1.0000,-0.0004,0.0016,0.0042,-0.0171,-0.0077,0.0008,0.0054,0.0009,-0.0024,0.0233,-0.0001,0.0018,0.0011,-0.0032,0.0016,-0.0185,-0.0004,-0.0045,0.0016,0.0021,0.0001,0.0007,0.0001,0.0001,0.0060,0.0029,-0.0099,0.0001,0.0008,-0.0000,-0.0329,-0.0037,-0.0187,-0.0673,0.1289,0.8481,-0.6640,-0.7098,0.0960,0.8101,-0.2279,-0.3926,1.3606,0.2029,0.2140,-0.0181,-0.1875,0.2254,-1.9089,-0.1579,-0.3347,-0.0210,0.1147,0.0095,0.0445,0.0132,-0.0281,0.7112,0.4928,-1.0855,0.0024,0.0692,-0.0027,-1.0000,-1.0000,-1.0000,-1.0000,-1.0000,-1.0000,-1.0000,-1.0000,-1.0000,-1.0000,-1.0000,-1.0000,-1.0000,-1.0000,-1.0000,-1.0000,-1.0000,-1.0000,-1.0000,-1.0000,-1.0000,-1.0000,-1.0000,-1.0000,-1.0000,-1.0000,-1.0000,-1.0000,-1.0000,-1.0000,-1.0000,-1.0000,-1.0000,-1.0000,-1.0000,-1.0000,-1.0000,-1.0000,-1.0000,-1.0000,-1.0000,-1.0000,-1.0000,-1.0000,-1.0000,-1.0000,-1.0000,-1.0000,-1.0000,-1.0000,-1.0000,-1.0000,-1.0000,-1.0000,-1.0000,-1.0000,-1.0000,-1.0000,-1.0000,-1.0000,-1.0000,-1.0000,-1.0000,-1.0000,-1.0000,-1.0000,-1.0000,-1.0000,-1.0000,-1.0000,-1.0000,-1.0000,-1.0000,-1.0000,-1.0000,-1.0000,-1.0000,-1.0000,-1.0000,-1.0000,-1.0000,-1.0000,-1.0000,-1.0000,-1.0000,-1.0000,-1.0000,-1.0000,-1.0000,-1.0000,-1.0000,-1.0000,-1.0000,-1.0000,-1.0000,-1.0000,-1.0000,-1.0000,-1.0000,-1.0000,-1.0000,-1.0000,-1.0000,-1.0000,-1.0000,-1.0000,-1.0000,-1.0000,-1.0000,-1.0000,-1.0000,-1.0000,-1.0000,-1.0000,-1.0000,-1.0000,-1.0000,-1.0000,-1.0000,-1.0000,-1.0000,1.9467,1.9492,1.8986,1.9371,1.9144,1.9882,1.8199,1.7941,1.8676,1.7608,1.8625,1.7550,1.8378,1.7956,1.7424,1.7727,1.8678,2.0189,2.0291,2.0360,2.0284,1.9819,1.9717,2.0423,1.9527,1.9962,2.0078,2.0200,1.9713,1.9364,1.9964,2.0204,2.0443,2.0307,2.0259,2.0274,2.0214,1.9983,2.0113,2.0307,1.6103,1.6509,1.6246,1.6147,1.6529,1.5908,1.5469,1.6550,1.5946,1.5473,1.5530,1.5661,1.6350,1.5461,1.5294,1.5762,1.5454,1.5468,1.5937,1.5302,1.6175,1.5927,1.5662,0,1.0000,2.0308,4.6896,1.9317
16,0.0320,-0.3540,-1.6756,1.0532,2.0308,4.6896,1.6374,0.1110,0.1894,0.0001,1.0274,1.0000,-0.0004,0.0016,0.0042,-0.0171,-0.0077,0.0008,0.0054,0.0009,-0.0024,0.0233,-0.0001,0.0018,0.0011,-0.0032,0.0016,-0.0185,-0.0004,-0.0045,0.0016,0.0021,0.0001,0.0007,0.0001,0.0001,0.0060,0.0029,-0.0099,0.0001,0.0008,-0.0000,-0.0329,-0.0037,-0.0187,-0.0673,0.1289,0.8481,-0.6640,-0.7098,0.0960,0.8101,-0.2279,-0.3926,1.3606,0.2029,0.2140,-0.0181,-0.1875,0.2254,-1.9089,-0.1579,-0.3347,-0.0210,0.1147,0.0095,0.0445,0.0132,-0.0281,0.7112,0.4928,-1.0855,0.0024,0.0692,-0.0027,-1.0000,-1.0000,-1.0000,-1.0000,-1.0000,-1.0000,-1.0000,-1.0000,-1.0000,-1.0000,-1.0000,-1.0000,-1.0000,-1.0000,-1.0000,-1.0000,-1.0000,-1.0000,-1.0000,-1.0000,-1.0000,-1.0000,-1.0000,-1.0000,-1.0000,-1.0000,-1.0000,-1.0000,-1.0000,-1.0000,-1.0000,-1.0000,-1.0000,-1.0000,-1.0000,-1.0000,-1.0000,-1.0000,-1.0000,-1.0000,-1.0000,-1.0000,-1.0000,-1.0000,-1.0000,-1.0000,-1.0000,-1.0000,-1.0000,-1.0000,-1.0000,-1.0000,-1.0000,-1.0000,-1.0000,-1.0000,-1.0000,-1.0000,-1.0000,-1.0000,-1.0000,-1.0000,-1.0000,-1.0000,-1.0000,-1.0000,-1.0000,-1.0000,-1.0000,-1.0000,-1.0000,-1.0000,-1.0000,-1.0000,-1.0000,-1.0000,-1.0000,-1.0000,-1.0000,-1.0000,-1.0000,-1.0000,-1.0000,-1.0000,-1.0000,-1.0000,-1.0000,-1.0000,-1.0000,-1.0000,-1.0000,-1.0000,-1.0000,-1.0000,-1.0000,-1.0000,-1.0000,-1.0000,-1.0000,-1.0000,-1.0000,-1.0000,-1.0000,-1.0000,-1.0000,-1.0000,-1.0000,-1.0000,-1.0000,-1.0000,-1.0000,-1.0000,-1.0000,-1.0000,-1.0000,-1.0000,-1.0000,-1.0000,-1.0000,-1.0000,-1.0000,1.9467,1.9492,1.8986,1.9371,1.9144,1.9882,1.8199,1.7941,1.8676,1.7608,1.8625,1.7550,1.8378,1.7956,1.7424,1.7727,1.8678,2.0189,2.0291,2.0360,2.0284,1.9819,1.9717,2.0423,1.9527,1.9962,2.0078,2.0200,1.9713,1.9364,1.9964,2.0204,2.0443,2.0307,2.0259,2.0274,2.0214,1.9983,2.0113,2.0307,1.6103,1.6509,1.6246,1.6147,1.6529,1.5908,1.5469,1.6550,1.5946,1.5473,1.5530,1.5661,1.6350,1.5461,1.5294,1.5762,1.5454,1.5468,1.5937,1.5302,1.6175,1.5927,1.5662,0,1.0000,2.0308,4.6896,1.9317
16,0.0320,-0.3540,-1.6756,1.0532,2.0308,4.6896,1.6374,0.1110,0.1894,0.0001,1.0274,1.0000,-0.0004,0.0016,0.0042,-0.0171,-0.0077,0.0008,0.0054,0.0009,-0.0024,0.0233,-0.0001,0.0018,0.0011,-0.0032,0.0016,-0.0185,-0.0004,-0.0045,0.0016,0.0021,0.0001,0.0007,0.0001,0.0001,0.0060,0.0029,-0.0099,0.0001,0.0008,-0.0000,-0.0329,-0.0037,-0.0187,-0.0673,0.1289,0.8481,-0.6640,-0.7098,0.0960,0.8101,-0.2279,-0.3926,1.3606,0.2029,0.2140,-0.0181,-0.1875,0.2254,-1.9089,-0.1579,-0.3347,-0.0210,0.1147,0.0095,0.0445,0.0132,-0.0281,0.7112,0.4928,-1.0855,0.0024,0.0692,-0.0027,-1.0000,-1.0000,-1.0000,-1.0000,-1.0000,-1.0000,-1.0000,-1.0000,-1.0000,-1.0000,-1.0000,-1.0000,-1.0000,-1.0000,-1.0000,-1.0000,-1.0000,-1.0000,-1.0000,-1.0000,-1.0000,-1.0000,-1.0000,-1.0000,-1.0000,-1.0000,-1.0000,-1.0000,-1.0000,-1.0000,-1.0000,-1.0000,-1.0000,-1.0000,-1.0000,-1.0000,-1.0000,-1.0000,-1.0000,-1.0000,-1.0000,-1.0000,-1.0000,-1.0000,-1.0000,-1.0000,-1.0000,-1.0000,-1.0000,-1.0000,-1.0000,-1.0000,-1.0000,-1.0000,-1.0000,-1.0000,-1.0000,-1.0000,-1.0000,-1.0000,-1.0000,-1.0000,-1.0000,-1.0000,-1.0000,-1.0000,-1.0000,-1.0000,-1.0000,-1.0000,-1.0000,-1.0000,-1.0000,-1.0000,-1.0000,-1.0000,-1.0000,-1.0000,-1.0000,-1.0000,-1.0000,-1.0000,-1.0000,-1.0000,-1.0000,-1.0000,-1.0000,-1.0000,-1.0000,-1.0000,-1.0000,-1.0000,-1.0000,-1.0000,-1.0000,-1.0000,-1.0000,-1.0000,-1.0000,-1.0000,-1.0000,-1.0000,-1.0000,-1.0000,-1.0000,-1.0000,-1.0000,-1.0000,-1.0000,-1.0000,-1.0000,-1.0000,-1.0000,-1.0000,-1.0000,-1.0000,-1.0000,-1.0000,-1.0000,-1.0000,-1.0000,1.9467,1.9492,1.8986,1.9371,1.9144,1.9882,1.8199,1.7941,1.8676,1.7608,1.8625,1.7550,1.8378,1.7956,1.7424,1.7727,1.8678,2.0189,2.0291,2.0360,2.0284,1.9819,1.9717,2.0423,1.9527,1.9962,2.0078,2.0200,1.9713,1.9364,1.9964,2.0204,2.0443,2.0307,2.0259,2.0274,2.0214,1.9983,2.0113,2.0307,1.6103,1.6509,1.6246,1.6147,1.6529,1.5908,1.5469,1.6550,1.5946,1.5473,1.5530,1.5661,1.6350,1.5461,1.5294,1.5762,1.5454,1.5468,1.5937,1.5302,1.6175,1.5927,1.5662,0,1.0000,2.0308,4.6896,1.9317
16,0.0320,-0.3540,-1.6756,1.0532,2.0308,4.6896,1.6374,0.1110,0.1894,0.0001,1.0274,1.0000,-0.0004,0.0016,0.0042,-0.0171,-0.0077,0.0008,0.0054,0.0009,-0.0024,0.0233,-0.0001,0.0018,0.0011,-0.0032,0.0016,-0.0185,-0.0004,-0.0045,0.0016,0.0021,0.0001,0.0007,0.0001,0.0001,0.0060,0.0029,-0.0099,0.0001,0.0008,-0.0000,-0.0329,-0.0037,-0.0187,-0.0673,0.1289,0.8481,-0.6640,-0.7098,0.0960,0.8101,-0.2279,-0.3926,1.3606,0.2029,0.2140,-0.0181,-0.1875,0.2254,-1.9089,-0.1579,-0.3347,-0.0210,0.1147,0.0095,0.0445,0.0132,-0.0281,0.7112,0.4928,-1.0855,0.0024,0.0692,-0.0027,-1.0000,-1.0000,-1.0000,-1.0000,-1.0000,-1.0000,-1.0000,-1.0000,-1.0000,-1.0000,-1.0000,-1.0000,-1.0000,-1.0000,-1.0000,-1.0000,-1.0000,-1.0000,-1.0000,-1.0000,-1.0000,-1.0000,-1.0000,-1.0000,-1.0000,-1.0000,-1.0000,-1.0000,-1.0000,-1.0000,-1.0000,-1.0000,-1.0000,-1.0000,-1.0000,-1.0000,-1.0000,-1.0000,-1.0000,-1.0000,-1.0000,-1.0000,-1.0000,-1.0000,-1.0000,-1.0000,-1.0000,-1.0000,-1.0000,-1.0000,-1.0000,-1.0000,-1.0000,-1.0000,-1.0000,-1.0000,-1.0000,-1.0000,-1.0000,-1.0000,-1.0000,-1.0000,-1.0000,-1.0000,-1.0000,-1.0000,-1.0000,-1.0000,-1.0000,-1.0000,-1.0000,-1.0000,-1.0000,-1.0000,-1.0000,-1.0000,-1.0000,-1.0000,-1.0000,-1.0000,-1.0000,-1.0000,-1.0000,-1.0000,-1.0000,-1.0000,-1.0000,-1.0000,-1.0000,-1.0000,-1.0000,-1.0000,-1.0000,-1.0000,-1.0000,-1.0000,-1.0000,-1.0000,-1.0000,-1.0000,-1.0000,-1.0000,-1.0000,-1.0000,-1.0000,-1.0000,-1.0000,-1.0000,-1.0000,-1.0000,-1.0000,-1.0000,-1.0000,-1.0000,-1.0000,-1.0000,-1.0000,-1.0000,-1.0000,-1.0000,-1.0000,1.9467,1.9492,1.8986,1.9371,1.9144,1.9882,1.8199,1.7941,1.8676,1.7608,1.8625,1.7550,1.8378,1.7956,1.7424,1.7727,1.8678,2.0189,2.0291,2.0360,2.0284,1.9819,1.9717,2.0423,1.9527,1.9962,2.0078,2.0200,1.9713,1.9364,1.9964,2.0204,2.0443,2.0307,2.0259,2.0274,2.0214,1.9983,2.0113,2.0307,1.6103,1.6509,1.6246,1.6147,1.6529,1.5908,1.5469,1.6550,1.5946,1.5473,1.5530,1.5661,1.6350,1.5461,1.5294,1.5762,1.5454,1.5468,1.5937,1.5302,1.6175,1.5927,1.5662,0,1.0000,2.0308,4.6896,1.9317
16,0.0320,-0.3540,-1.6756,1.0532,2.0308,4.6896,1.6374,0.1110,0.1894,0.0001,1.0274,1.0000,-0.0004,0.0016,0.0042,-0.0171,-0.0077,0.0008,0.0054,0.0009,-0.0024,0.0233,-0.0001,0.0018,0.0011,-0.0032,0.0016,-0.0185,-0.0004,-0.0045,0.0016,0.0021,0.0001,0.0007,0.0001,0.0001,0.0060,0.0029,-0.0099,0.0001,0.0008,-0.0000,-0.0329,-0.0037,-0.0187,-0.0673,0.1289,0.8481,-0.6640,-0.7098,0.0960,0.8101,-0.2279,-0.3926,1.3606,0.2029,0.2140,-0.0181,-0.1875,0.2254,-1.9089,-0.1579,-0.3347,-0.0210,0.1147,0.0095,0.0445,0.0132,-0.0281,0.7112,0.4928,-1.0855,0.0024,0.0692,-0.0027,-1.0000,-1.0000,-1.0000,-1.0000,-1.0000,-1.0000,-1.0000,-1.0000,-1.0000,-1.0000,-1.0000,-1.0000,-1.0000,-1.0000,-1.0000,-1.0000,-1.0000,-1.0000,-1.0000,-1.0000,-1.0000,-1.0000,-1.0000,-1.0000,-1.0000,-1.0000,-1.0000,-1.0000,-1.0000,-1.0000,-1.0000,-1.0000,-1.0000,-1.0000,-1.0000,-1.0000,-1.0000,-1.0000,-1.0000,-1.0000,-1.0000,-1.0000,-1.0000,-1.0000,-1.0000,-1.0000,-1.0000,-1.0000,-1.0000,-1.0000,-1.0000,-1.0000,-1.0000,-1.0000,-1.0000,-1.0000,-1.0000,-1.0000,-1.0000,-1.0000,-1.0000,-1.0000,-1.0000,-1.0000,-1.0000,-1.0000,-1.0000,-1.0000,-1.0000,-1.0000,-1.0000,-1.0000,-1.0000,-1.0000,-1.0000,-1.0000,-1.0000,-1.0000,-1.0000,-1.0000,-1.0000,-1.0000,-1.0000,-1.0000,-1.0000,-1.0000,-1.0000,-1.0000,-1.0000,-1.0000,-1.0000,-1.0000,-1.0000,-1.0000,-1.0000,-1.0000,-1.0000,-1.0000,-1.0000,-1.0000,-1.0000,-1.0000,-1.0000,-1.0000,-1.0000,-1.0000,-1.0000,-1.0000,-1.0000,-1.0000,-1.0000,-1.0000,-1.0000,-1.0000,-1.0000,-1.0000,-1.0000,-1.0000,-1.0000,-1.0000,-1.0000,1.9467,1.9492,1.8986,1.9371,1.9144,1.9882,1.8199,1.7941,1.8676,1.7608,1.8625,1.7550,1.8378,1.7956,1.7424,1.7727,1.8678,2.0189,2.0291,2.0360,2.0284,1.9819,1.9717,2.0423,1.9527,1.9962,2.0078,2.0200,1.9713,1.9364,1.9964,2.0204,2.0443,2.0307,2.0259,2.0274,2.0214,1.9983,2.0113,2.0307,1.6103,1.6509,1.6246,1.6147,1.6529,1.5908,1.5469,1.6550,1.5946,1.5473,1.5530,1.5661,1.6350,1.5461,1.5294,1.5762,1.5454,1.5468,1.5937,1.5302,1.6175,1.5927,1.5662,0,1.0000,2.0308,4.6896,1.9317
16,0.0320,-0.3540,-1.6756,1.0532,2.0308,4.6896,1.6374,0.1110,0.1894,0.0001,1.0274,1.0000,-0.0004,0.0016,0.0042,-0.0171,-0.0077,0.0008,0.0054,0.0009,-0.0024,0.0233,-0.0001,0.0018,0.0011,-0.0032,0.0016,-0.0185,-0.0004,-0.0045,0.0016,0.0021,0.0001,0.0007,0.0001,0.0001,0.0060,0.0029,-0.0099,0.0001,0.0008,-0.0000,-0.0329,-0.0037,-0.0187,-0.0673,0.1289,0.8481,-0.6640,-0.7098,0.0960,0.8101,-0.2279,-0.3926,1.3606,0.2029,0.2140,-0.0181,-0.1875,0.2254,-1.9089,-0.1579,-0.3347,-0.0210,0.1147,0.0095,0.0445,0.0132,-0.0281,0.7112,0.4928,-1.0855,0.0024,0.0692,-0.0027,-1.0000,-1.0000,-1.0000,-1.0000,-1.0000,-1.0000,-1.0000,-1.0000,-1.0000,-1.0000,-1.0000,-1.0000,-1.0000,-1.0000,-1.0000,-1.0000,-1.0000,-1.0000,-1.0000,-1.0000,-1.0000,-1.0000,-1.0000,-1.0000,-1.0000,-1.0000,-1.0000,-1.0000,-1.0000,-1.0000,-1.0000,-1.0000,-1.0000,-1.0000,-1.0000,-1.0000,-1.0000,-1.0000,-1.0000,-1.0000,-1.0000,-1.0000,-1.0000,-1.0000,-1.0000,-1.0000,-1.0000,-1.0000,-1.0000,-1.0000,-1.0000,-1.0000,-1.0000,-1.0000,-1.0000,-1.0000,-1.0000,-1.0000,-1.0000,-1.0000,-1.0000,-1.0000,-1.0000,-1.0000,-1.0000,-1.0000,-1.0000,-1.0000,-1.0000,-1.0000,-1.0000,-1.0000,-1.0000,-1.0000,-1.0000,-1.0000,-1.0000,-1.0000,-1.0000,-1.0000,-1.0000,-1.0000,-1.0000,-1.0000,-1.0000,-1.0000,-1.0000,-1.0000,-1.0000,-1.0000,-1.0000,-1.0000,-1.0000,-1.0000,-1.0000,-1.0000,-1.0000,-1.0000,-1.0000,-1.0000,-1.0000,-1.0000,-1.0000,-1.0000,-1.0000,-1.0000,-1.0000,-1.0000,-1.0000,-1.0000,-1.0000,-1.0000,-1.0000,-1.0000,-1.0000,-1.0000,-1.0000,-1.0000,-1.0000,-1.0000,-1.0000,1.9467,1.9492,1.8986,1.9371,1.9144,1.9882,1.8199,1.7941,1.8676,1.7608,1.8625,1.7550,1.8378,1.7956,1.7424,1.7727,1.8678,2.0189,2.0291,2.0360,2.0284,1.9819,1.9717,2.0423,1.9527,1.9962,2.0078,2.0200,1.9713,1.9364,1.9964,2.0204,2.0443,2.0307,2.0259,2.0274,2.0214,1.9983,2.0113,2.0307,1.6103,1.6509,1.6246,1.6147,1.6529,1.5908,1.5469,1.6550,1.5946,1.5473,1.5530,1.5661,1.6350,1.5461,1.5294,1.5762,1.5454,1.5468,1.5937,1.5302,1.6175,1.5927,1.5662,0,1.0000,2.0308,4.6896,1.9317
16,0.0320,-0.3540,-1.6756,1.0532,2.0308,4.6896,1.6374,0.1110,0.1894,0.0001,1.0274,1.0000,-0.0004,0.0016,0.0042,-0.0171,-0.0077,0.0008,0.0054,0.0009,-0.0024,0.0233,-0.0001,0.0018,0.0011,-0.0032,0.0016,-0.0185,-0.0004,-0.0045,0.0016,0.0021,0.0001,0.0007,0.0001,0.0001,0.0060,0.0029,-0.0099,0.0001,0.0008,-0.0000,-0.0329,-0.0037,-0.0187,-0.0673,0.1289,0.8481,-0.6640,-0.7098,0.0960,0.8101,-0.2279,-0.3926,1.3606,0.2029,0.2140,-0.0181,-0.1875,0.2254,-1.9089,-0.1579,-0.3347,-0.0210,0.1147,0.0095,0.0445,0.0132,-0.0281,0.7112,0.4928,-1.0855,0.0024,0.0692,-0.0027,-1.0000,-1.0000,-1.0000,-1.0000,-1.0000,-1.0000,-1.0000,-1.0000,-1.0000,-1.0000,-1.0000,-1.0000,-1.0000,-1.0000,-1.0000,-1.0000,-1.0000,-1.0000,-1.0000,-1.0000,-1.0000,-1.0000,-1.0000,-1.0000,-1.0000,-1.0000,-1.0000,-1.0000,-1.0000,-1.0000,-1.0000,-1.0000,-1.0000,-1.0000,-1.0000,-1.0000,-1.0000,-1.0000,-1.0000,-1.0000,-1.0000,-1.0000,-1.0000,-1.0000,-1.0000,-1.0000,-1.0000,-1.0000,-1.0000,-1.0000,-1.0000,-1.0000,-1.0000,-1.0000,-1.0000,-1.0000,-1.0000,-1.0000,-1.0000,-1.0000,-1.0000,-1.0000,-1.0000,-1.0000,-1.0000,-1.0000,-1.0000,-1.0000,-1.0000,-1.0000,-1.0000,-1.0000,-1.0000,-1.0000,-1.0000,-1.0000,-1.0000,-1.0000,-1.0000,-1.0000,-1.0000,-1.0000,-1.0000,-1.0000,-1.0000,-1.0000,-1.0000,-1.0000,-1.0000,-1.0000,-1.0000,-1.0000,-1.0000,-1.0000,-1.0000,-1.0000,-1.0000,-1.0000,-1.0000,-1.0000,-1.0000,-1.0000,-1.0000,-1.0000,-1.0000,-1.0000,-1.0000,-1.0000,-1.0000,-1.0000,-1.0000,-1.0000,-1.0000,-1.0000,-1.0000,-1.0000,-1.0000,-1.0000,-1.0000,-1.0000,-1.0000,1.9467,1.9492,1.8986,1.9371,1.9144,1.9882,1.8199,1.7941,1.8676,1.7608,1.8625,1.7550,1.8378,1.7956,1.7424,1.7727,1.8678,2.0189,2.0291,2.0360,2.0284,1.9819,1.9717,2.0423,1.9527,1.9962,2.0078,2.0200,1.9713,1.9364,1.9964,2.0204,2.0443,2.0307,2.0259,2.0274,2.0214,1.9983,2.0113,2.0307,1.6103,1.6509,1.6246,1.6147,1.6529,1.5908,1.5469,1.6550,1.5946,1.5473,1.5530,1.5661,1.6350,1.5461,1.5294,1.5762,1.5454,1.5468,1.5937,1.5302,1.6175,1.5927,1.5662,0,1.0000,2.0308,4.6896,1.9317
16,0.0320,-0.3540,-1.6756,1.0532,2.0308,4.6896,1.6374,0.1110,0.1894,0.0001,1.0274,1.0000,-0.0004,0.0016,0.0042,-0.0171,-0.0077,0.0008,0.0054,0.0009,-0.0024,0.0233,-0.0001,0.0018,0.0011,-0.0032,0.0016,-0.0185,-0.0004,-0.0045,0.0016,0.0021,0.0001,0.0007,0.0001,0.0001,0.0060,0.0029,-0.0099,0.0001,0.0008,-0.0000,-0.0329,-0.0037,-0.0187,-0.0673,0.1289,0.8481,-0.6640,-0.7098,0.0960,0.8101,-0.2279,-0.3926,1.3606,0.2029,0.2140,-0.0181,-0.1875,0.2254,-1.9089,-0.1579,-0.3347,-0.0210,0.1147,0.0095,0.0445,0.0132,-0.0281,0.7112,0.4928,-1.0855,0.0024,0.0692,-0.0027,-1.0000,-1.0000,-1.0000,-1.0000,-1.0000,-1.0000,-1.0000,-1.0000,-1.0000,-1.0000,-1.0000,-1.0000,-1.0000,-1.0000,-1.0000,-1.0000,-1.0000,-1.0000,-1.0000,-1.0000,-1.0000,-1.0000,-1.0000,-1.0000,-1.0000,-1.0000,-1.0000,-1.0000,-1.0000,-1.0000,-1.0000,-1.0000,-1.0000,-1.0000,-1.0000,-1.0000,-1.0000,-1.0000,-1.0000,-1.0000,-1.0000,-1.0000,-1.0000,-1.0000,-1.0000,-1.0000,-1.0000,-1.0000,-1.0000,-1.0000,-1.0000,-1.0000,-1.0000,-1.0000,-1.0000,-1.0000,-1.0000,-1.0000,-1.0000,-1.0000,-1.0000,-1.0000,-1.0000,-1.0000,-1.0000,-1.0000,-1.0000,-1.0000,-1.0000,-1.0000,-1.0000,-1.0000,-1.0000,-1.0000,-1.0000,-1.0000,-1.0000,-1.0000,-1.0000,-1.0000,-1.0000,-1.0000,-1.0000,-1.0000,-1.0000,-1.0000,-1.0000,-1.0000,-1.0000,-1.0000,-1.0000,-1.0000,-1.0000,-1.0000,-1.0000,-1.0000,-1.0000,-1.0000,-1.0000,-1.0000,-1.0000,-1.0000,-1.0000,-1.0000,-1.0000,-1.0000,-1.0000,-1.0000,-1.0000,-1.0000,-1.0000,-1.0000,-1.0000,-1.0000,-1.0000,-1.0000,-1.0000,-1.0000,-1.0000,-1.0000,-1.0000,1.9467,1.9492,1.8986,1.9371,1.9144,1.9882,1.8199,1.7941,1.8676,1.7608,1.8625,1.7550,1.8378,1.7956,1.7424,1.7727,1.8678,2.0189,2.0291,2.0360,2.0284,1.9819,1.9717,2.0423,1.9527,1.9962,2.0078,2.0200,1.9713,1.9364,1.9964,2.0204,2.0443,2.0307,2.0259,2.0274,2.0214,1.9983,2.0113,2.0307,1.6103,1.6509,1.6246,1.6147,1.6529,1.5908,1.5469,1.6550,1.5946,1.5473,1.5530,1.5661,1.6350,1.5461,1.5294,1.5762,1.5454,1.5468,1.5937,1.5302,1.6175,1.5927,1.5662,0,1.0000,2.0308,4.6896,1.9317
17,0.0340,-0.3500,-1.6662,1.0565,2.0308,4.6896,1.6177,0.1110,0.1893,0.0001,1.0273,1.0000,-0.0004,0.0017,0.0050,-0.0185,-0.0091,0.0010,0.0070,0.0003,-0.0032,0.0256,0.0002,0.0022,0.0013,-0.0039,0.0018,-0.0227,-0.0008,-0.0052,0.0015,0.0023,0.0001,0.0008,0.0002,-0.0002,0.0075,0.0039,-0.0118,0.0001,0.0010,-0.0000,-0.0357,-0.0011,-0.0147,-0.0718,0.1239,0.8523,-0.6662,-0.6963,0.0990,0.7921,-0.2625,-0.3884,1.1795,0.1352,0.1921,0.0954,-0.3315,0.0742,-2.0806,-0.1999,-0.3676,-0.0753,0.1197,0.0107,0.0479,0.0154,-0.1579,0.7863,0.4995,-0.9703,0.0025,0.0716,-0.0024,-1.0000,-1.0000,-1.0000,-1.0000,-1.0000,-1.0000,-1.0000,-1.0000,-1.0000,-1.0000,-1.0000,-1.0000,-1.0000,-1.0000,-1.0000,-1.0000,-1.0000,-1.0000,-1.0000,-1.0000,-1.0000,-1.0000,-1.0000,-1.0000,-1.0000,-1.0000,-1.0000,-1.0000,-1.0000,-1.0000,-1.0000,-1.0000,-1.0000,-1.0000,-1.0000,-1.0000,-1.0000,-1.0000,-1.0000,-1.0000,-1.0000,-1.0000,-1.0000,-1.0000,-1.0000,-1.0000,-1.0000,-1.0000,-1.0000,-1.0000,-1.0000,-1.0000,-1.0000,-1.0000,-1.0000,-1.0000,-1.0000,-1.0000,-1.0000,-1.0000,-1.0000,-1.0000,-1.0000,-1.0000,-1.0000,-1.0000,-1.0000,-1.0000,-1.0000,-1.0000,-1.0000,-1.0000,-1.0000,-1.0000,-1.0000,-1.0000,-1.0000,-1.0000,-1.0000,-1.0000,-1.0000,-1.0000,-1.0000,-1.0000,-1.0000,-1.0000,-1.0000,-1.0000,-1.0000,-1.0000,-1.0000,-1.0000,-1.0000,-1.0000,-1.0000,-1.0000,-1.0000,-1.0000,-1.0000,-1.0000,-1.0000,-1.0000,-1.0000,-1.0000,-1.0000,-1.0000,-1.0000,-1.0000,-1.0000,-1.0000,-1.0000,-1.0000,-1.0000,-1.0000,-1.0000,-1.0000,-1.0000,-1.0000,-1.0000,-1.0000,-1.0000,1.9361,1.9384,1.8880,1.9266,1.9037,1.9776,1.8098,1.7834,1.8568,1.7504,1.8519,1.7443,1.8275,1.7849,1.7321,1.7623,1.8571,2.0084,2.0186,2.0254,2.0179,1.9714,1.9614,2.0319,1.9422,1.9857,1.9975,2.0096,1.9611,1.9260,1.9861,2.0102,2.0337,2.0203,2.0155,2.0168,2.0111,1.9877,2.0008,2.0203,1.5996,1.6399,1.6137,1.6039,1.6421,1.5804,1.5362,1.6444,1.5842,1.5369,1.5426,1.5558,1.6246,1.5359,1.5194,1.5659,1.5352,1.5368,1.5833,1.5201,1.6072,1.5827,1.5561,0,1.0000,2.0308,4.6896,1.9317
17,0.0340,-0.3500,-1.6662,1.0565,2.0308,4.6896,1.6177,0.1110,0.1893,0.0001,1.0273,1.0000,-0.0004,0.0017,0.0050,-0.0185,-0.0091,0.0010,0.0070,0.0003,-0.0032,0.0256,0.0002,0.0022,0.0013,-0.0039,0.0018,-0.0227,-0.0008,-0.0052,0.0015,0.0023,0.0001,0.0008,0.0002,-0.0002,0.0075,0.0039,-0.0118,0.0001,0.0010,-0.0000,-0.0357,-0.0011,-0.0147,-0.0718,0.1239,0.8523,-0.6662,-0.6963,0.0990,0.7921,-0.2625,-0.3884,1.1795,0.1352,0.1921,0.0954,-0.3315,0.0742,-2.0806,-0.1999,-0.3676,-0.0753,0.1197,0.0107,0.0479,0.0154,-0.1579,0.7863,0.4995,-0.9703,0.0025,0.0716,-0.0024,-1.0000,-1.0000,-1.0000,-1.0000,-1.0000,-1.0000,-1.0000,-1.0000,-1.0000,-1.0000,-1.0000,-1.0000,-1.0000,-1.0000,-1.0000,-1.0000,-1.0000,-1.0000,-1.0000,-1.0000,-1.0000,-1.0000,-1.0000,-1.0000,-1.0000,-1.0000,-1.0000,-1.0000,-1.0000,-1.0000,-1.0000,-1.0000,-1.0000,-1.0000,-1.0000,-1.0000,-1.0000,-1.0000,-1.0000,-1.0000,-1.0000,-1.0000,-1.0000,-1.0000,-1.0000,-1.0000,-1.0000,-1.0000,-1.0000,-1.0000,-1.0000,-1.0000,-1.0000,-1.0000,-1.0000,-1.0000,-1.0000,-1.0000,-1.0000,-1.0000,-1.0000,-1.0000,-1.0000,-1.0000,-1.0000,-1.0000,-1.0000,-1.0000,-1.0000,-1.0000,-1.0000,-1.0000,-1.0000,-1.0000,-1.0000,-1.0000,-1.0000,-1.0000,-1.0000,-1.0000,-1.0000,-1.0000,-1.0000,-1.0000,-1.0000,-1.0000,-1.0000,-1.0000,-1.0000,-1.0000,-1.0000,-1.0000,-1.0000,-1.0000,-1.0000,-1.0000,-1.0000,-1.0000,-1.0000,-1.0000,-1.0000,-1.0000,-1.0000,-1.0000,-1.0000,-1.0000,-1.0000,-1.0000,-1.0000,-1.0000,-1.0000,-1.0000,-1.0000,-1.0000,-1.0000,-1.0000,-1.0000,-1.0000,-1.0000,-1.0000,-1.0000,1.9361,1.9384,1.8880,1.9266,1.9037,1.9776,1.8098,1.7834,1.8568,1.7504,1.8519,1.7443,1.8275,1.7849,1.7321,1.7623,1.8571,2.0084,2.0186,2.0254,2.0179,1.9714,1.9614,2.0319,1.9422,1.9857,1.9975,2.0096,1.9611,1.9260,1.9861,2.0102,2.0337,2.0203,2.0155,2.0168,2.0111,1.9877,2.0008,2.0203,1.5996,1.6399,1.6137,1.6039,1.6421,1.5804,1.5362,1.6444,1.5842,1.5369,1.5426,1.5558,1.6246,1.5359,1.5194,1.5659,1.5352,1.5368,1.5833,1.5201,1.6072,1.5827,1.5561,0,1.0000,2.0308,4.6896,1.9317
17,0.0340,-0.3500,-1.6662,1.0565,2.0308,4.6896,1.6177,0.1110,0.1893,0.0001,1.0273,1.0000,-0.0004,0.0017,0.0050,-0.0185,-0.0091,0.0010,0.0070,0.0003,-0.0032,0.0256,0.0002,0.0022,0.0013,-0.0039,0.0018,-0.0227,-0.0008,-0.0052,0.0015,0.0023,0.0001,0.0008,0.0002,-0.0002,0.0075,0.0039,-0.0118,0.0001,0.0010,-0.0000,-0.0357,-0.0011,-0.0147,-0.0718,0.1239,0.8523,-0.6662,-0.6963,0.0990,0.7921,-0.2625,-0.3884,1.1795,0.1352,0.1921,0.0954,-0.3315,0.0742,-2.0806,-0.1999,-0.3676,-0.0753,0.1197,0.0107,0.0479,0.0154,-0.1579,0.7863,0.4995,-0.9703,0.0025,0.0716,-0.0024,-1.0000,-1.0000,-1.0000,-1.0000,-1.0000,-1.0000,-1.0000,-1.0000,-1.0000,-1.0000,-1.0000,-1.0000,-1.0000,-1.0000,-1.0000,-1.0000,-1.0000,-1.0000,-1.0000,-1.0000,-1.0000,-1.0000,-1.0000,-1.0000,-1.0000,-1.0000,-1.0000,-1.0000,-1.0000,-1.0000,-1.0000,-1.0000,-1.0000,-1.0000,-1.0000,-1.0000,-1.0000,-1.0000,-1.0000,-1.0000,-1.0000,-1.0000,-1.0000,-1.0000,-1.0000,-1.0000,-1.0000,-1.0000,-1.0000,-1.0000,-1.0000,-1.0000,-1.0000,-1.0000,-1.0000,-1.0000,-1.0000,-1.0000,-1.0000,-1.0000,-1.0000,-1.0000,-1.0000,-1.0000,-1.0000,-1.0000,-1.0000,-1.0000,-1.0000,-1.0000,-1.0000,-1.0000,-1.0000,-1.0000,-1.0000,-1.0000,-1.0000,-1.0000,-1.0000,-1.0000,-1.0000,-1.0000,-1.0000,-1.0000,-1.0000,-1.0000,-1.0000,-1.0000,-1.0000,-1.0000,-1.0000,-1.0000,-1.0000,-1.0000,-1.0000,-1.0000,-1.0000,-1.0000,-1.0000,-1.0000,-1.0000,-1.0000,-1.0000,-1.0000,-1.0000,-1.0000,-1.0000,-1.0000,-1.0000,-1.0000,-1.0000,-1.0000,-1.0000,-1.0000,-1.0000,-1.0000,-1.0000,-1.0000,-1.0000,-1.0000,-1.0000,1.9361,1.9384,1.8880,1.9266,1.9037,1.9776,1.8098,1.7834,1.8568,1.7504,1.8519,1.7443,1.8275,1.7849,1.7321,1.7623,1.8571,2.0084,2.0186,2.0254,2.0179,1.9714,1.9614,2.0319,1.9422,1.9857,1.9975,2.0096,1.9611,1.9260,1.9861,2.0102,2.0337,2.0203,2.0155,2.0168,2.0111,1.9877,2.0008,2.0203,1.5996,1.6399,1.6137,1.6039,1.6421,1.5804,1.5362,1.6444,1.5842,1.5369,1.5426,1.5558,1.6246,1.5359,1.5194,1.5659,1.5352,1.5368,1.5833,1.5201,1.6072,1.5827,1.5561,0,1.0000,2.0308,4.6896,1.9317
17,0.0340,-0.3500,-1.6662,1.0565,2.0308,4.6896,1.6177,0.1110,0.1893,0.0001,1.0273,1.0000,-0.0004,0.0017,0.0050,-0.0185,-0.0091,0.0010,0.0070,0.0003,-0.0032,0.0256,0.0002,0.0022,0.0013,-0.0039,0.0018,-0.0227,-0.0008,-0.0052,0.0015,0.0023,0.0001,0.0008,0.0002,-0.0002,0.0075,0.0039,-0.0118,0.0001,0.0010,-0.0000,-0.0357,-0.0011,-0.0147,-0.0718,0.1239,0.8523,-0.6662,-0.6963,0.0990,0.7921,-0.2625,-0.3884,1.1795,0.1352,0.1921,0.0954,-0.3315,0.0742,-2.0806,-0.1999,-0.3676,-0.0753,0.1197,0.0107,0.0479,0.0154,-0.1579,0.7863,0.4995,-0.9703,0.0025,0.0716,-0.0024,-1.0000,-1.0000,-1.0000,-1.0000,-1.0000,-1.0000,-1.0000,-1.0000,-1.0000,-1.0000,-1.0000,-1.0000,-1.0000,-1.0000,-1.0000,-1.0000,-1.0000,-1.0000,-1.0000,-1.0000,-1.0000,-1.0000,-1.0000,-1.0000,-1.0000,-1.0000,-1.0000,-1.0000,-1.0000,-1.0000,-1.0000,-1.0000,-1.0000,-1.0000,-1.0000,-1.0000,-1.0000,-1.0000,-1.0000,-1.0000,-1.0000,-1.0000,-1.0000,-1.0000,-1.0000,-1.0000,-1.0000,-1.0000,-1.0000,-1.0000,-1.0000,-1.0000,-1.0000,-1.0000,-1.0000,-1.0000,-1.0000,-1.0000,-1.0000,-1.0000,-1.0000,-1.0000,-1.0000,-1.0000,-1.0000,-1.0000,-1.0000,-1.0000,-1.0000,-1.0000,-1.0000,-1.0000,-1.0000,-1.0000,-1.0000,-1.0000,-1.0000,-1.0000,-1.0000,-1.0000,-1.0000,-1.0000,-1.0000,-1.0000,-1.0000,-1.0000,-1.0000,-1.0000,-1.0000,-1.0000,-1.0000,-1.0000,-1.0000,-1.0000,-1.0000,-1.0000,-1.0000,-1.0000,-1.0000,-1.0000,-1.0000,-1.0000,-1.0000,-1.0000,-1.0000,-1.0000,-1.0000,-1.0000,-1.0000,-1.0000,-1.0000,-1.0000,-1.0000,-1.0000,-1.0000,-1.0000,-1.0000,-1.0000,-1.0000,-1.0000,-1.0000,1.9361,1.9384,1.8880,1.9266,1.9037,1.9776,1.8098,1.7834,1.8568,1.7504,1.8519,1.7443,1.8275,1.7849,1.7321,1.7623,1.8571,2.0084,2.0186,2.0254,2.0179,1.9714,1.9614,2.0319,1.9422,1.9857,1.9975,2.0096,1.9611,1.9260,1.9861,2.0102,2.0337,2.0203,2.0155,2.0168,2.0111,1.9877,2.0008,2.0203,1.5996,1.6399,1.6137,1.6039,1.6421,1.5804,1.5362,1.6444,1.5842,1.5369,1.5426,1.5558,1.6246,1.5359,1.5194,1.5659,1.5352,1.5368,1.5833,1.5201,1.6072,1.5827,1.5561,0,1.0000,2.0308,4.6896,1.9317
17,0.0340,-0.3500,-1.6662,1.0565,2.0308,4.6896,1.6177,0.1110,0.1893,0.0001,1.0273,1.0000,-0.0004,0.0017,0.0050,-0.0185,-0.0091,0.0010,0.0070,0.0003,-0.0032,0.0256,0.0002,0.0022,0.0013,-0.0039,0.0018,-0.0227,-0.0008,-0.0052,0.0015,0.0023,0.0001,0.0008,0.0002,-0.0002,0.0075,0.0039,-0.0118,0.0001,0.0010,-0.0000,-0.0357,-0.0011,-0.0147,-0.0718,0.1239,0.8523,-0.6662,-0.6963,0.0990,0.7921,-0.2625,-0.3884,1.1795,0.1352,0.1921,0.0954,-0.3315,0.0742,-2.0806,-0.1999,-0.3676,-0.0753,0.1197,0.0107,0.0479,0.0154,-0.1579,0.7863,0.4995,-0.9703,0.0025,0.0716,-0.0024,-1.0000,-1.0000,-1.0000,-1.0000,-1.0000,-1.0000,-1.0000,-1.0000,-1.0000,-1.0000,-1.0000,-1.0000,-1.0000,-1.0000,-1.0000,-1.0000,-1.0000,-1.0000,-1.0000,-1.0000,-1.0000,-1.0000,-1.0000,-1.0000,-1.0000,-1.0000,-1.0000,-1.0000,-1.0000,-1.0000,-1.0000,-1.0000,-1.0000,-1.0000,-1.0000,-1.0000,-1.0000,-1.0000,-1.0000,-1.0000,-1.0000,-1.0000,-1.0000,-1.0000,-1.0000,-1.0000,-1.0000,-1.0000,-1.0000,-1.0000,-1.0000,-1.0000,-1.0000,-1.0000,-1.0000,-1.0000,-1.0000,-1.0000,-1.0000,-1.0000,-1.0000,-1.0000,-1.0000,-1.0000,-1.0000,-1.0000,-1.0000,-1.0000,-1.0000,-1.0000,-1.0000,-1.0000,-1.0000,-1.0000,-1.0000,-1.0000,-1.0000,-1.0000,-1.0000,-1.0000,-1.0000,-1.0000,-1.0000,-1.0000,-1.0000,-1.0000,-1.0000,-1.0000,-1.0000,-1.0000,-1.0000,-1.0000,-1.0000,-1.0000,-1.0000,-1.0000,-1.0000,-1.0000,-1.0000,-1.0000,-1.0000,-1.0000,-1.0000,-1.0000,-1.0000,-1.0000,-1.0000,-1.0000,-1.0000,-1.0000,-1.0000,-1.0000,-1.0000,-1.0000,-1.0000,-1.0000,-1.0000,-1.0000,-1.0000,-1.0000,-1.0000,1.9361,1.9384,1.8880,1.9266,1.9037,1.9776,1.8098,1.7834,1.8568,1.7504,1.8519,1.7443,1.8275,1.7849,1.7321,1.7623,1.8571,2.0084,2.0186,2.0254,2.0179,1.9714,1.9614,2.0319,1.9422,1.9857,1.9975,2.0096,1.9611,1.9260,1.9861,2.0102,2.0337,2.0203,2.0155,2.0168,2.0111,1.9877,2.0008,2.0203,1.5996,1.6399,1.6137,1.6039,1.6421,1.5804,1.5362,1.6444,1.5842,1.5369,1.5426,1.5558,1.6246,1.5359,1.5194,1.5659,1.5352,1.5368,1.5833,1.5201,1.6072,1.5827,1.5561,0,1.0000,2.0308,4.6896,1.9317
17,0.0340,-0.3500,-1.6662,1.0565,2.0308,4.6896,1.6177,0.1110,0.1893,0.0001,1.0273,1.0000,-0.0004,0.0017,0.0050,-0.0185,-0.0091,0.0010,0.0070,0.0003,-0.0032,0.0256,0.0002,0.0022,0.0013,-0.0039,0.0018,-0.0227,-0.0008,-0.0052,0.0015,0.0023,0.0001,0.0008,0.0002,-0.0002,0.0075,0.0039,-0.0118,0.0001,0.0010,-0.0000,-0.0357,-0.0011,-0.0147,-0.0718,0.1239,0.8523,-0.6662,-0.6963,0.0990,0.7921,-0.2625,-0.3884,1.1795,0.1352,0.1921,0.0954,-0.3315,0.0742,-2.0806,-0.1999,-0.3676,-0.0753,0.1197,0.0107,0.0479,0.0154,-0.1579,0.7863,0.4995,-0.9703,0.0025,0.0716,-0.0024,-1.0000,-1.0000,-1.0000,-1.0000,-1.0000,-1.0000,-1.0000,-1.0000,-1.0000,-1.0000,-1.0000,-1.0000,-1.0000,-1.0000,-1.0000,-1.0000,-1.0000,-1.0000,-1.0000,-1.0000,-1.0000,-1.0000,-1.0000,-1.0000,-1.0000,-1.0000,-1.0000,-1.0000,-1.0000,-1.0000,-1.0000,-1.0000,-1.0000,-1.0000,-1.0000,-1.0000,-1.0000,-1.0000,-1.0000,-1.0000,-1.0000,-1.0000,-1.0000,-1.0000,-1.0000,-1.0000,-1.0000,-1.0000,-1.0000,-1.0000,-1.0000,-1.0000,-1.0000,-1.0000,-1.0000,-1.0000,-1.0000,-1.0000,-1.0000,-1.0000,-1.0000,-1.0000,-1.0000,-1.0000,-1.0000,-1.0000,-1.0000,-1.0000,-1.0000,-1.0000,-1.0000,-1.0000,-1.0000,-1.0000,-1.0000,-1.0000,-1.0000,-1.0000,-1.0000,-1.0000,-1.0000,-1.0000,-1.0000,-1.0000,-1.0000,-1.0000,-1.0000,-1.0000,-1.0000,-1.0000,-1.0000,-1.0000,-1.0000,-1.0000,-1.0000,-1.0000,-1.0000,-1.0000,-1.0000,-1.0000,-1.0000,-1.0000,-1.0000,-1.0000,-1.0000,-1.0000,-1.0000,-1.0000,-1.0000,-1.0000,-1.0000,-1.0000,-1.0000,-1.0000,-1.0000,-1.0000,-1.0000,-1.0000,-1.0000,-1.0000,-1.0000,1.9361,1.9384,1.8880,1.9266,1.9037,1.9776,1.8098,1.7834,1.8568,1.7504,1.8519,1.7443,1.8275,1.7849,1.7321,1.7623,1.8571,2.0084,2.0186,2.0254,2.0179,1.9714,1.9614,2.0319,1.9422,1.9857,1.9975,2.0096,1.9611,1.9260,1.9861,2.0102,2.0337,2.0203,2.0155,2.0168,2.0111,1.9877,2.0008,2.0203,1.5996,1.6399,1.6137,1.6039,1.6421,1.5804,1.5362,1.6444,1.5842,1.5369,1.5426,1.5558,1.6246,1.5359,1.5194,1.5659,1.5352,1.5368,1.5833,1.5201,1.6072,1.5827,1.5561,0,1.0000,2.0308,4.6896,1.9317
17,0.0340,-0.3500,-1.6662,1.0565,2.0308,4.6896,1.6177,0.1110,0.1893,0.0001,1.0273,1.0000,-0.0004,0.0017,0.0050,-0.0185,-0.0091,0.0010,0.0070,0.0003,-0.0032,0.0256,0.0002,0.0022,0.0013,-0.0039,0.0018,-0.0227,-0.0008,-0.0052,0.0015,0.0023,0.0001,0.0008,0.0002,-0.0002,0.0075,0.0039,-0.0118,0.0001,0.0010,-0.0000,-0.0357,-0.0011,-0.0147,-0.0718,0.1239,0.8523,-0.6662,-0.6963,0.0990,0.7921,-0.2625,-0.3884,1.1795,0.1352,0.1921,0.0954,-0.3315,0.0742,-2.0806,-0.1999,-0.3676,-0.0753,0.1197,0.0107,0.0479,0.0154,-0.1579,0.7863,0.4995,-0.9703,0.0025,0.0716,-0.0024,-1.0000,-1.0000,-1.0000,-1.0000,-1.0000,-1.0000,-1.0000,-1.0000,-1.0000,-1.0000,-1.0000,-1.0000,-1.0000,-1.0000,-1.0000,-1.0000,-1.0000,-1.0000,-1.0000,-1.0000,-1.0000,-1.0000,-1.0000,-1.0000,-1.0000,-1.0000,-1.0000,-1.0000,-1.0000,-1.0000,-1.0000,-1.0000,-1.0000,-1.0000,-1.0000,-1.0000,-1.0000,-1.0000,-1.0000,-1.0000,-1.0000,-1.0000,-1.0000,-1.0000,-1.0000,-1.0000,-1.0000,-1.0000,-1.0000,-1.0000,-1.0000,-1.0000,-1.0000,-1.0000,-1.0000,-1.0000,-1.0000,-1.0000,-1.0000,-1.0000,-1.0000,-1.0000,-1.0000,-1.0000,-1.0000,-1.0000,-1.0000,-1.0000,-1.0000,-1.0000,-1.0000,-1.0000,-1.0000,-1.0000,-1.0000,-1.0000,-1.0000,-1.0000,-1.0000,-1.0000,-1.0000,-1.0000,-1.0000,-1.0000,-1.0000,-1.0000,-1.0000,-1.0000,-1.0000,-1.0000,-1.0000,-1.0000,-1.0000,-1.0000,-1.0000,-1.0000,-1.0000,-1.0000,-1.0000,-1.0000,-1.0000,-1.0000,-1.0000,-1.0000,-1.0000,-1.0000,-1.0000,-1.0000,-1.0000,-1.0000,-1.0000,-1.0000,-1.0000,-1.0000,-1.0000,-1.0000,-1.0000,-1.0000,-1.0000,-1.0000,-1.0000,1.9361,1.9384,1.8880,1.9266,1.9037,1.9776,1.8098,1.7834,1.8568,1.7504,1.8519,1.7443,1.8275,1.7849,1.7321,1.7623,1.8571,2.0084,2.0186,2.0254,2.0179,1.9714,1.9614,2.0319,1.9422,1.9857,1.9975,2.0096,1.9611,1.9260,1.9861,2.0102,2.0337,2.0203,2.0155,2.0168,2.0111,1.9877,2.0008,2.0203,1.5996,1.6399,1.6137,1.6039,1.6421,1.5804,1.5362,1.6444,1.5842,1.5369,1.5426,1.5558,1.6246,1.5359,1.5194,1.5659,1.5352,1.5368,1.5833,1.5201,1.6072,1.5827,1.5561,0,1.0000,2.0308,4.6896,1.9317
17,0.0340,-0.3500,-1.6662,1.0565,2.0308,4.6896,1.6177,0.1110,0.1893,0.0001,1.0273,1.0000,-0.0004,0.0017,0.0050,-0.0185,-0.0091,0.0010,0.0070,0.0003,-0.0032,0.0256,0.0002,0.0022,0.0013,-0.0039,0.0018,-0.0227,-0.0008,-0.0052,0.0015,0.0023,0.0001,0.0008,0.0002,-0.0002,0.0075,0.0039,-0.0118,0.0001,0.0010,-0.0000,-0.0357,-0.0011,-0.0147,-0.0718,0.1239,0.8523,-0.6662,-0.6963,0.0990,0.7921,-0.2625,-0.3884,1.1795,0.1352,0.1921,0.0954,-0.3315,0.0742,-2.0806,-0.1999,-0.3676,-0.0753,0.1197,0.0107,0.0479,0.0154,-0.1579,0.7863,0.4995,-0.9703,0.0025,0.0716,-0.0024,-1.0000,-1.0000,-1.0000,-1.0000,-1.0000,-1.0000,-1.0000,-1.0000,-1.0000,-1.0000,-1.0000,-1.0000,-1.0000,-1.0000,-1.0000,-1.0000,-1.0000,-1.0000,-1.0000,-1.0000,-1.0000,-1.0000,-1.0000,-1.0000,-1.0000,-1.0000,-1.0000,-1.0000,-1.0000,-1.0000,-1.0000,-1.0000,-1.0000,-1.0000,-1.0000,-1.0000,-1.0000,-1.0000,-1.0000,-1.0000,-1.0000,-1.0000,-1.0000,-1.0000,-1.0000,-1.0000,-1.0000,-1.0000,-1.0000,-1.0000,-1.0000,-1.0000,-1.0000,-1.0000,-1.0000,-1.0000,-1.0000,-1.0000,-1.0000,-1.0000,-1.0000,-1.0000,-1.0000,-1.0000,-1.0000,-1.0000,-1.0000,-1.0000,-1.0000,-1.0000,-1.0000,-1.0000,-1.0000,-1.0000,-1.0000,-1.0000,-1.0000,-1.0000,-1.0000,-1.0000,-1.0000,-1.0000,-1.0000,-1.0000,-1.0000,-1.0000,-1.0000,-1.0000,-1.0000,-1.0000,-1.0000,-1.0000,-1.0000,-1.0000,-1.0000,-1.0000,-1.0000,-1.0000,-1.0000,-1.0000,-1.0000,-1.0000,-1.0000,-1.0000,-1.0000,-1.0000,-1.0000,-1.0000,-1.0000,-1.0000,-1.0000,-1.0000,-1.0000,-1.0000,-1.0000,-1.0000,-1.0000,-1.0000,-1.0000,-1.0000,-1.0000,1.9361,1.9384,1.8880,1.9266,1.9037,1.9776,1.8098,1.7834,1.8568,1.7504,1.8519,1.7443,1.8275,1.7849,1.7321,1.7623,1.8571,2.0084,2.0186,2.0254,2.0179,1.9714,1.9614,2.0319,1.9422,1.9857,1.9975,2.0096,1.9611,1.9260,1.9861,2.0102,2.0337,2.0203,2.0155,2.0168,2.0111,1.9877,2.0008,2.0203,1.5996,1.6399,1.6137,1.6039,1.6421,1.5804,1.5362,1.6444,1.5842,1.5369,1.5426,1.5558,1.6246,1.5359,1.5194,1.5659,1.5352,1.5368,1.5833,1.5201,1.6072,1.5827,1.5561,0,1.0000,2.0308,4.6896,1.9317
17,0.0340,-0.3500,-1.6662,1.0565,2.0308,4.6896,1.6177,0.1110,0.1893,0.0001,1.0273,1.0000,-0.0004,0.0017,0.0050,-0.0185,-0.0091,0.0010,0.0070,0.0003,-0.0032,0.0256,0.0002,0.0022,0.0013,-0.0039,0.0018,-0.0227,-0.0008,-0.0052,0.0015,0.0023,0.0001,0.0008,0.0002,-0.0002,0.0075,0.0039,-0.0118,0.0001,0.0010,-0.0000,-0.0357,-0.0011,-0.0147,-0.0718,0.1239,0.8523,-0.6662,-0.6963,0.0990,0.7921,-0.2625,-0.3884,1.1795,0.1352,0.1921,0.0954,-0.3315,0.0742,-2.0806,-0.1999,-0.3676,-0.0753,0.1197,0.0107,0.0479,0.0154,-0.1579,0.7863,0.4995,-0.9703,0.0025,0.0716,-0.0024,-1.0000,-1.0000,-1.0000,-1.0000,-1.0000,-1.0000,-1.0000,-1.0000,-1.0000,-1.0000,-1.0000,-1.0000,-1.0000,-1.0000,-1.0000,-1.0000,-1.0000,-1.0000,-1.0000,-1.0000,-1.0000,-1.0000,-1.0000,-1.0000,-1.0000,-1.0000,-1.0000,-1.0000,-1.0000,-1.0000,-1.0000,-1.0000,-1.0000,-1.0000,-1.0000,-1.0000,-1.0000,-1.0000,-1.0000,-1.0000,-1.0000,-1.0000,-1.0000,-1.0000,-1.0000,-1.0000,-1.0000,-1.0000,-1.0000,-1.0000,-1.0000,-1.0000,-1.0000,-1.0000,-1.0000,-1.0000,-1.0000,-1.0000,-1.0000,-1.0000,-1.0000,-1.0000,-1.0000,-1.0000,-1.0000,-1.0000,-1.0000,-1.0000,-1.0000,-1.0000,-1.0000,-1.0000,-1.0000,-1.0000,-1.0000,-1.0000,-1.0000,-1.0000,-1.0000,-1.0000,-1.0000,-1.0000,-1.0000,-1.0000,-1.0000,-1.0000,-1.0000,-1.0000,-1.0000,-1.0000,-1.0000,-1.0000,-1.0000,-1.0000,-1.0000,-1.0000,-1.0000,-1.0000,-1.0000,-1.0000,-1.0000,-1.0000,-1.0000,-1.0000,-1.0000,-1.0000,-1.0000,-1.0000,-1.0000,-1.0000,-1.0000,-1.0000,-1.0000,-1.0000,-1.0000,-1.0000,-1.0000,-1.0000,-1.0000,-1.0000,-1.0000,1.9361,1.9384,1.8880,1.9266,1.9037,1.9776,1.8098,1.7834,1.8568,1.7504,1.8519,1.7443,1.8275,1.7849,1.7321,1.7623,1.8571,2.0084,2.0186,2.0254,2.0179,1.9714,1.9614,2.0319,1.9422,1.9857,1.9975,2.0096,1.9611,1.9260,1.9861,2.0102,2.0337,2.0203,2.0155,2.0168,2.0111,1.9877,2.0008,2.0203,1.5996,1.6399,1.6137,1.6039,1.6421,1.5804,1.5362,1.6444,1.5842,1.5369,1.5426,1.5558,1.6246,1.5359,1.5194,1.5659,1.5352,1.5368,1.5833,1.5201,1.6072,1.5827,1.5561,0,1.0000,2.0308,4.6896,1.9317
17,0.0340,-0.3500,-1.6662,1.0565,2.0308,4.6896,1.6177,0.1110,0.1893,0.0001,1.0273,1.0000,-0.0004,0.0017,0.0050,-0.0185,-0.0091,0.0010,0.0070,0.0003,-0.0032,0.0256,0.0002,0.0022,0.0013,-0.0039,0.0018,-0.0227,-0.0008,-0.0052,0.0015,0.0023,0.0001,0.0008,0.0002,-0.0002,0.0075,0.0039,-0.0118,0.0001,0.0010,-0.0000,-0.0357,-0.0011,-0.0147,-0.0718,0.1239,0.8523,-0.6662,-0.6963,0.0990,0.7921,-0.2625,-0.3884,1.1795,0.1352,0.1921,0.0954,-0.3315,0.0742,-2.0806,-0.1999,-0.3676,-0.0753,0.1197,0.0107,0.0479,0.0154,-0.1579,0.7863,0.4995,-0.9703,0.0025,0.0716,-0.0024,-1.0000,-1.0000,-1.0000,-1.0000,-1.0000,-1.0000,-1.0000,-1.0000,-1.0000,-1.0000,-1.0000,-1.0000,-1.0000,-1.0000,-1.0000,-1.0000,-1.0000,-1.0000,-1.0000,-1.0000,-1.0000,-1.0000,-1.0000,-1.0000,-1.0000,-1.0000,-1.0000,-1.0000,-1.0000,-1.0000,-1.0000,-1.0000,-1.0000,-1.0000,-1.0000,-1.0000,-1.0000,-1.0000,-1.0000,-1.0000,-1.0000,-1.0000,-1.0000,-1.0000,-1.0000,-1.0000,-1.0000,-1.0000,-1.0000,-1.0000,-1.0000,-1.0000,-1.0000,-1.0000,-1.0000,-1.0000,-1.0000,-1.0000,-1.0000,-1.0000,-1.0000,-1.0000,-1.0000,-1.0000,-1.0000,-1.0000,-1.0000,-1.0000,-1.0000,-1.0000,-1.0000,-1.0000,-1.0000,-1.0000,-1.0000,-1.0000,-1.0000,-1.0000,-1.0000,-1.0000,-1.0000,-1.0000,-1.0000,-1.0000,-1.0000,-1.0000,-1.0000,-1.0000,-1.0000,-1.0000,-1.0000,-1.0000,-1.0000,-1.0000,-1.0000,-1.0000,-1.0000,-1.0000,-1.0000,-1.0000,-1.0000,-1.0000,-1.0000,-1.0000,-1.0000,-1.0000,-1.0000,-1.0000,-1.0000,-1.0000,-1.0000,-1.0000,-1.0000,-1.0000,-1.0000,-1.0000,-1.0000,-1.0000,-1.0000,-1.0000,-1.0000,1.9361,1.9384,1.8880,1.9266,1.9037,1.9776,1.8098,1.7834,1.8568,1.7504,1.8519,1.7443,1.8275,1.7849,1.7321,1.7623,1.8571,2.0084,2.0186,2.0254,2.0179,1.9714,1.9614,2.0319,1.9422,1.9857,1.9975,2.0096,1.9611,1.9260,1.9861,2.0102,2.0337,2.0203,2.0155,2.0168,2.0111,1.9877,2.0008,2.0203,1.5996,1.6399,1.6137,1.6039,1.6421,1.5804,1.5362,1.6444,1.5842,1.5369,1.5426,1.5558,1.6246,1.5359,1.5194,1.5659,1.5352,1.5368,1.5833,1.5201,1.6072,1.5827,1.5561,0,1.0000,2.0308,4.6896,1.9317
17,0.0340,-0.3500,-1.6662,1.0565,2.0308,4.6896,1.6177,0.1110,0.1893,0.0001,1.0273,1.0000,-0.0004,0.0017,0.0050,-0.0185,-0.0091,0.0010,0.0070,0.0003,-0.0032,0.0256,0.0002,0.0022,0.0013,-0.0039,0.0018,-0.0227,-0.0008,-0.0052,0.0015,0.0023,0.0001,0.0008,0.0002,-0.0002,0.0075,0.0039,-0.0118,0.0001,0.0010,-0.0000,-0.0357,-0.0011,-0.0147,-0.0718,0.1239,0.8523,-0.6662,-0.6963,0.0990,0.7921,-0.2625,-0.3884,1.1795,0.1352,0.1921,0.0954,-0.3315,0.0742,-2.0806,-0.1999,-0.3676,-0.0753,0.1197,0.0107,0.0479,0.0154,-0.1579,0.7863,0.4995,-0.9703,0.0025,0.0716,-0.0024,-1.0000,-1.0000,-1.0000,-1.0000,-1.0000,-1.0000,-1.0000,-1.0000,-1.0000,-1.0000,-1.0000,-1.0000,-1.0000,-1.0000,-1.0000,-1.0000,-1.0000,-1.0000,-1.0000,-1.0000,-1.0000,-1.0000,-1.0000,-1.0000,-1.0000,-1.0000,-1.0000,-1.0000,-1.0000,-1.0000,-1.0000,-1.0000,-1.0000,-1.0000,-1.0000,-1.0000,-1.0000,-1.0000,-1.0000,-1.0000,-1.0000,-1.0000,-1.0000,-1.0000,-1.0000,-1.0000,-1.0000,-1.0000,-1.0000,-1.0000,-1.0000,-1.0000,-1.0000,-1.0000,-1.0000,-1.0000,-1.0000,-1.0000,-1.0000,-1.0000,-1.0000,-1.0000,-1.0000,-1.0000,-1.0000,-1.0000,-1.0000,-1.0000,-1.0000,-1.0000,-1.0000,-1.0000,-1.0000,-1.0000,-1.0000,-1.0000,-1.0000,-1.0000,-1.0000,-1.0000,-1.0000,-1.0000,-1.0000,-1.0000,-1.0000,-1.0000,-1.0000,-1.0000,-1.0000,-1.0000,-1.0000,-1.0000,-1.0000,-1.0000,-1.0000,-1.0000,-1.0000,-1.0000,-1.0000,-1.0000,-1.0000,-1.0000,-1.0000,-1.0000,-1.0000,-1.0000,-1.0000,-1.0000,-1.0000,-1.0000,-1.0000,-1.0000,-1.0000,-1.0000,-1.0000,-1.0000,-1.0000,-1.0000,-1.0000,-1.0000,-1.0000,1.9361,1.9384,1.8880,1.9266,1.9037,1.9776,1.8098,1.7834,1.8568,1.7504,1.8519,1.7443,1.8275,1.7849,1.7321,1.7623,1.8571,2.0084,2.0186,2.0254,2.0179,1.9714,1.9614,2.0319,1.9422,1.9857,1.9975,2.0096,1.9611,1.9260,1.9861,2.0102,2.0337,2.0203,2.0155,2.0168,2.0111,1.9877,2.0008,2.0203,1.5996,1.6399,1.6137,1.6039,1.6421,1.5804,1.5362,1.6444,1.5842,1.5369,1.5426,1.5558,1.6246,1.5359,1.5194,1.5659,1.5352,1.5368,1.5833,1.5201,1.6072,1.5827,1.5561,0,1.0000,2.0308,4.6896,1.9317
17,0.0340,-0.3500,-1.6662,1.0565,2.0308,4.6896,1.6177,0.1110,0.1893,0.0001,1.0273,1.0000,-0.0004,0.0017,0.0050,-0.0185,-0.0091,0.0010,0.0070,0.0003,-0.0032,0.0256,0.0002,0.0022,0.0013,-0.0039,0.0018,-0.0227,-0.0008,-0.0052,0.0015,0.0023,0.0001,0.0008,0.0002,-0.0002,0.0075,0.0039,-0.0118,0.0001,0.0010,-0.0000,-0.0357,-0.0011,-0.0147,-0.0718,0.1239,0.8523,-0.6662,-0.6963,0.0990,0.7921,-0.2625,-0.3884,1.1795,0.1352,0.1921,0.0954,-0.3315,0.0742,-2.0806,-0.1999,-0.3676,-0.0753,0.1197,0.0107,0.0479,0.0154,-0.1579,0.7863,0.4995,-0.9703,0.0025,0.0716,-0.0024,-1.0000,-1.0000,-1.0000,-1.0000,-1.0000,-1.0000,-1.0000,-1.0000,-1.0000,-1.0000,-1.0000,-1.0000,-1.0000,-1.0000,-1.0000,-1.0000,-1.0000,-1.0000,-1.0000,-1.0000,-1.0000,-1.0000,-1.0000,-1.0000,-1.0000,-1.0000,-1.0000,-1.0000,-1.0000,-1.0000,-1.0000,-1.0000,-1.0000,-1.0000,-1.0000,-1.0000,-1.0000,-1.0000,-1.0000,-1.0000,-1.0000,-1.0000,-1.0000,-1.0000,-1.0000,-1.0000,-1.0000,-1.0000,-1.0000,-1.0000,-1.0000,-1.0000,-1.0000,-1.0000,-1.0000,-1.0000,-1.0000,-1.0000,-1.0000,-1.0000,-1.0000,-1.0000,-1.0000,-1.0000,-1.0000,-1.0000,-1.0000,-1.0000,-1.0000,-1.0000,-1.0000,-1.0000,-1.0000,-1.0000,-1.0000,-1.0000,-1.0000,-1.0000,-1.0000,-1.0000,-1.0000,-1.0000,-1.0000,-1.0000,-1.0000,-1.0000,-1.0000,-1.0000,-1.0000,-1.0000,-1.0000,-1.0000,-1.0000,-1.0000,-1.0000,-1.0000,-1.0000,-1.0000,-1.0000,-1.0000,-1.0000,-1.0000,-1.0000,-1.0000,-1.0000,-1.0000,-1.0000,-1.0000,-1.0000,-1.0000,-1.0000,-1.0000,-1.0000,-1.0000,-1.0000,-1.0000,-1.0000,-1.0000,-1.0000,-1.0000,-1.0000,1.9361,1.9384,1.8880,1.9266,1.9037,1.9776,1.8098,1.7834,1.8568,1.7504,1.8519,1.7443,1.8275,1.7849,1.7321,1.7623,1.8571,2.0084,2.0186,2.0254,2.0179,1.9714,1.9614,2.0319,1.9422,1.9857,1.9975,2.0096,1.9611,1.9260,1.9861,2.0102,2.0337,2.0203,2.0155,2.0168,2.0111,1.9877,2.0008,2.0203,1.5996,1.6399,1.6137,1.6039,1.6421,1.5804,1.5362,1.6444,1.5842,1.5369,1.5426,1.5558,1.6246,1.5359,1.5194,1.5659,1.5352,1.5368,1.5833,1.5201,1.6072,1.5827,1.5561,0,1.0000,2.0308,4.6896,1.9317
17,0.0340,-0.3500,-1.6662,1.0565,2.0308,4.6896,1.6177,0.1110,0.1893,0.0001,1.0273,1.0000,-0.0004,0.0017,0.0050,-0.0185,-0.0091,0.0010,0.0070,0.0003,-0.0032,0.0256,0.0002,0.0022,0.0013,-0.0039,0.0018,-0.0227,-0.0008,-0.0052,0.0015,0.0023,0.0001,0.0008,0.0002,-0.0002,0.0075,0.0039,-0.0118,0.0001,0.0010,-0.0000,-0.0357,-0.0011,-0.0147,-0.0718,0.1239,0.8523,-0.6662,-0.6963,0.0990,0.7921,-0.2625,-0.3884,1.1795,0.1352,0.1921,0.0954,-0.3315,0.0742,-2.0806,-0.1999,-0.3676,-0.0753,0.1197,0.0107,0.0479,0.0154,-0.1579,0.7863,0.4995,-0.9703,0.0025,0.0716,-0.0024,-1.0000,-1.0000,-1.0000,-1.0000,-1.0000,-1.0000,-1.0000,-1.0000,-1.0000,-1.0000,-1.0000,-1.0000,-1.0000,-1.0000,-1.0000,-1.0000,-1.0000,-1.0000,-1.0000,-1.0000,-1.0000,-1.0000,-1.0000,-1.0000,-1.0000,-1.0000,-1.0000,-1.0000,-1.0000,-1.0000,-1.0000,-1.0000,-1.0000,-1.0000,-1.0000,-1.0000,-1.0000,-1.0000,-1.0000,-1.0000,-1.0000,-1.0000,-1.0000,-1.0000,-1.0000,-1.0000,-1.0000,-1.0000,-1.0000,-1.0000,-1.0000,-1.0000,-1.0000,-1.0000,-1.0000,-1.0000,-1.0000,-1.0000,-1.0000,-1.0000,-1.0000,-1.0000,-1.0000,-1.0000,-1.0000,-1.0000,-1.0000,-1.0000,-1.0000,-1.0000,-1.0000,-1.0000,-1.0000,-1.0000,-1.0000,-1.0000,-1.0000,-1.0000,-1.0000,-1.0000,-1.0000,-1.0000,-1.0000,-1.0000,-1.0000,-1.0000,-1.0000,-1.0000,-1.0000,-1.0000,-1.0000,-1.0000,-1.0000,-1.0000,-1.0000,-1.0000,-1.0000,-1.0000,-1.0000,-1.0000,-1.0000,-1.0000,-1.0000,-1.0000,-1.0000,-1.0000,-1.0000,-1.0000,-1.0000,-1.0000,-1.0000,-1.0000,-1.0000,-1.0000,-1.0000,-1.0000,-1.0000,-1.0000,-1.0000,-1.0000,-1.0000,1.9361,1.9384,1.8880,1.9266,1.9037,1.9776,1.8098,1.7834,1.8568,1.7504,1.8519,1.7443,1.8275,1.7849,1.7321,1.7623,1.8571,2.0084,2.0186,2.0254,2.0179,1.9714,1.9614,2.0319,1.9422,1.9857,1.9975,2.0096,1.9611,1.9260,1.9861,2.0102,2.0337,2.0203,2.0155,2.0168,2.0111,1.9877,2.0008,2.0203,1.5996,1.6399,1.6137,1.6039,1.6421,1.5804,1.5362,1.6444,1.5842,1.5369,1.5426,1.5558,1.6246,1.5359,1.5194,1.5659,1.5352,1.5368,1.5833,1.5201,1.6072,1.5827,1.5561,0,1.0000,2.0308,4.6896,1.9317
17,0.0340,-0.3500,-1.6662,1.0565,2.0308,4.6896,1.6177,0.1110,0.1893,0.0001,1.0273,1.0000,-0.0004,0.0017,0.0050,-0.0185,-0.0091,0.0010,0.0070,0.0003,-0.0032,0.0256,0.0002,0.0022,0.0013,-0.0039,0.0018,-0.0227,-0.0008,-0.0052,0.0015,0.0023,0.0001,0.0008,0.0002,-0.0002,0.0075,0.0039,-0.0118,0.0001,0.0010,-0.0000,-0.0357,-0.0011,-0.0147,-0.0718,0.1239,0.8523,-0.6662,-0.6963,0.0990,0.7921,-0.2625,-0.3884,1.1795,0.1352,0.1921,0.0954,-0.3315,0.0742,-2.0806,-0.1999,-0.3676,-0.0753,0.1197,0.0107,0.0479,0.0154,-0.1579,0.7863,0.4995,-0.9703,0.0025,0.0716,-0.0024,-1.0000,-1.0000,-1.0000,-1.0000,-1.0000,-1.0000,-1.0000,-1.0000,-1.0000,-1.0000,-1.0000,-1.0000,-1.0000,-1.0000,-1.0000,-1.0000,-1.0000,-1.0000,-1.0000,-1.0000,-1.0000,-1.0000,-1.0000,-1.0000,-1.0000,-1.0000,-1.0000,-1.0000,-1.0000,-1.0000,-1.0000,-1.0000,-1.0000,-1.0000,-1.0000,-1.0000,-1.0000,-1.0000,-1.0000,-1.0000,-1.0000,-1.0000,-1.0000,-1.0000,-1.0000,-1.0000,-1.0000,-1.0000,-1.0000,-1.0000,-1.0000,-1.0000,-1.0000,-1.0000,-1.0000,-1.0000,-1.0000,-1.0000,-1.0000,-1.0000,-1.0000,-1.0000,-1.0000,-1.0000,-1.0000,-1.0000,-1.0000,-1.0000,-1.0000,-1.0000,-1.0000,-1.0000,-1.0000,-1.0000,-1.0000,-1.0000,-1.0000,-1.0000,-1.0000,-1.0000,-1.0000,-1.0000,-1.0000,-1.0000,-1.0000,-1.0000,-1.0000,-1.0000,-1.0000,-1.0000,-1.0000,-1.0000,-1.0000,-1.0000,-1.0000,-1.0000,-1.0000,-1.0000,-1.0000,-1.0000,-1.0000,-1.0000,-1.0000,-1.0000,-1.0000,-1.0000,-1.0000,-1.0000,-1.0000,-1.0000,-1.0000,-1.0000,-1.0000,-1.0000,-1.0000,-1.0000,-1.0000,-1.0000,-1.0000,-1.0000,-1.0000,1.9361,1.9384,1.8880,1.9266,1.9037,1.9776,1.8098,1.7834,1.8568,1.7504,1.8519,1.7443,1.8275,1.7849,1.7321,1.7623,1.8571,2.0084,2.0186,2.0254,2.0179,1.9714,1.9614,2.0319,1.9422,1.9857,1.9975,2.0096,1.9611,1.9260,1.9861,2.0102,2.0337,2.0203,2.0155,2.0168,2.0111,1.9877,2.0008,2.0203,1.5996,1.6399,1.6137,1.6039,1.6421,1.5804,1.5362,1.6444,1.5842,1.5369,1.5426,1.5558,1.6246,1.5359,1.5194,1.5659,1.5352,1.5368,1.5833,1.5201,1.6072,1.5827,1.5561,0,1.0000,2.0308,4.6896,1.9317
17,0.0340,-0.3500,-1.6662,1.0565,2.0308,4.6896,1.6177,0.1110,0.1893,0.0001,1.0273,1.0000,-0.0004,0.0017,0.0050,-0.0185,-0.0091,0.0010,0.0070,0.0003,-0.0032,0.0256,0.0002,0.0022,0.0013,-0.0039,0.0018,-0.0227,-0.0008,-0.0052,0.0015,0.0023,0.0001,0.0008,0.0002,-0.0002,0.0075,0.0039,-0.0118,0.0001,0.0010,-0.0000,-0.0357,-0.0011,-0.0147,-0.0718,0.1239,0.8523,-0.6662,-0.6963,0.0990,0.7921,-0.2625,-0.3884,1.1795,0.1352,0.1921,0.0954,-0.3315,0.0742,-2.0806,-0.1999,-0.3676,-0.0753,0.1197,0.0107,0.0479,0.0154,-0.1579,0.7863,0.4995,-0.9703,0.0025,0.0716,-0.0024,-1.0000,-1.0000,-1.0000,-1.0000,-1.0000,-1.0000,-1.0000,-1.0000,-1.0000,-1.0000,-1.0000,-1.0000,-1.0000,-1.0000,-1.0000,-1.0000,-1.0000,-1.0000,-1.0000,-1.0000,-1.0000,-1.0000,-1.0000,-1.0000,-1.0000,-1.0000,-1.0000,-1.0000,-1.0000,-1.0000,-1.0000,-1.0000,-1.0000,-1.0000,-1.0000,-1.0000,-1.0000,-1.0000,-1.0000,-1.0000,-1.0000,-1.0000,-1.0000,-1.0000,-1.0000,-1.0000,-1.0000,-1.0000,-1.0000,-1.0000,-1.0000,-1.0000,-1.0000,-1.0000,-1.0000,-1.0000,-1.0000,-1.0000,-1.0000,-1.0000,-1.0000,-1.0000,-1.0000,-1.0000,-1.0000,-1.0000,-1.0000,-1.0000,-1.0000,-1.0000,-1.0000,-1.0000,-1.0000,-1.0000,-1.0000,-1.0000,-1.0000,-1.0000,-1.0000,-1.0000,-1.0000,-1.0000,-1.0000,-1.0000,-1.0000,-1.0000,-1.0000,-1.0000,-1.0000,-1.0000,-1.0000,-1.0000,-1.0000,-1.0000,-1.0000,-1.0000,-1.0000,-1.0000,-1.0000,-1.0000,-1.0000,-1.0000,-1.0000,-1.0000,-1.0000,-1.0000,-1.0000,-1.0000,-1.0000,-1.0000,-1.0000,-1.0000,-1.0000,-1.0000,-1.0000,-1.0000,-1.0000,-1.0000,-1.0000,-1.0000,-1.0000,1.9361,1.9384,1.8880,1.9266,1.9037,1.9776,1.8098,1.7834,1.8568,1.7504,1.8519,1.7443,1.8275,1.7849,1.7321,1.7623,1.8571,2.0084,2.0186,2.0254,2.0179,1.9714,1.9614,2.0319,1.9422,1.9857,1.9975,2.0096,1.9611,1.9260,1.9861,2.0102,2.0337,2.0203,2.0155,2.0168,2.0111,1.9877,2.0008,2.0203,1.5996,1.6399,1.6137,1.6039,1.6421,1.5804,1.5362,1.6444,1.5842,1.5369,1.5426,1.5558,1.6246,1.5359,1.5194,1.5659,1.5352,1.5368,1.5833,1.5201,1.6072,1.5827,1.5561,0,1.0000,2.0308,4.6896,1.9317
17,0.0340,-0.3500,-1.6662,1.0565,2.0308,4.6896,1.6177,0.1110,0.1893,0.0001,1.0273,1.0000,-0.0004,0.0017,0.0050,-0.0185,-0.0091,0.0010,0.0070,0.0003,-0.0032,0.0256,0.0002,0.0022,0.0013,-0.0039,0.0018,-0.0227,-0.0008,-0.0052,0.0015,0.0023,0.0001,0.0008,0.0002,-0.0002,0.0075,0.0039,-0.0118,0.0001,0.0010,-0.0000,-0.0357,-0.0011,-0.0147,-0.0718,0.1239,0.8523,-0.6662,-0.6963,0.0990,0.7921,-0.2625,-0.3884,1.1795,0.1352,0.1921,0.0954,-0.3315,0.0742,-2.0806,-0.1999,-0.3676,-0.0753,0.1197,0.0107,0.0479,0.0154,-0.1579,0.7863,0.4995,-0.9703,0.0025,0.0716,-0.0024,-1.0000,-1.0000,-1.0000,-1.0000,-1.0000,-1.0000,-1.0000,-1.0000,-1.0000,-1.0000,-1.0000,-1.0000,-1.0000,-1.0000,-1.0000,-1.0000,-1.0000,-1.0000,-1.0000,-1.0000,-1.0000,-1.0000,-1.0000,-1.0000,-1.0000,-1.0000,-1.0000,-1.0000,-1.0000,-1.0000,-1.0000,-1.0000,-1.0000,-1.0000,-1.0000,-1.0000,-1.0000,-1.0000,-1.0000,-1.0000,-1.0000,-1.0000,-1.0000,-1.0000,-1.0000,-1.0000,-1.0000,-1.0000,-1.0000,-1.0000,-1.0000,-1.0000,-1.0000,-1.0000,-1.0000,-1.0000,-1.0000,-1.0000,-1.0000,-1.0000,-1.0000,-1.0000,-1.0000,-1.0000,-1.0000,-1.0000,-1.0000,-1.0000,-1.0000,-1.0000,-1.0000,-1.0000,-1.0000,-1.0000,-1.0000,-1.0000,-1.0000,-1.0000,-1.0000,-1.0000,-1.0000,-1.0000,-1.0000,-1.0000,-1.0000,-1.0000,-1.0000,-1.0000,-1.0000,-1.0000,-1.0000,-1.0000,-1.0000,-1.0000,-1.0000,-1.0000,-1.0000,-1.0000,-1.0000,-1.0000,-1.0000,-1.0000,-1.0000,-1.0000,-1.0000,-1.0000,-1.0000,-1.0000,-1.0000,-1.0000,-1.0000,-1.0000,-1.0000,-1.0000,-1.0000,-1.0000,-1.0000,-1.0000,-1.0000,-1.0000,-1.0000,1.9361,1.9384,1.8880,1.9266,1.9037,1.9776,1.8098,1.7834,1.8568,1.7504,1.8519,1.7443,1.8275,1.7849,1.7321,1.7623,1.8571,2.0084,2.0186,2.0254,2.0179,1.9714,1.9614,2.0319,1.9422,1.9857,1.9975,2.0096,1.9611,1.9260,1.9861,2.0102,2.0337,2.0203,2.0155,2.0168,2.0111,1.9877,2.0008,2.0203,1.5996,1.6399,1.6137,1.6039,1.6421,1.5804,1.5362,1.6444,1.5842,1.5369,1.5426,1.5558,1.6246,1.5359,1.5194,1.5659,1.5352,1.5368,1.5833,1.5201,1.6072,1.5827,1.5561,0,1.0000,2.0308,4.6896,1.9317
17,0.0340,-0.3500,-1.6662,1.0565,2.0308,4.6896,1.6177,0.1110,0.1893,0.0001,1.0273,1.0000,-0.0004,0.0017,0.0050,-0.0185,-0.0091,0.0010,0.0070,0.0003,-0.0032,0.0256,0.0002,0.0022,0.0013,-0.0039,0.0018,-0.0227,-0.0008,-0.0052,0.0015,0.0023,0.0001,0.0008,0.0002,-0.0002,0.0075,0.0039,-0.0118,0.0001,0.0010,-0.0000,-0.0357,-0.0011,-0.0147,-0.0718,0.1239,0.8523,-0.6662,-0.6963,0.0990,0.7921,-0.2625,-0.3884,1.1795,0.1352,0.1921,0.0954,-0.3315,0.0742,-2.0806,-0.1999,-0.3676,-0.0753,0.1197,0.0107,0.0479,0.0154,-0.1579,0.7863,0.4995,-0.9703,0.0025,0.0716,-0.0024,-1.0000,-1.0000,-1.0000,-1.0000,-1.0000,-1.0000,-1.0000,-1.0000,-1.0000,-1.0000,-1.0000,-1.0000,-1.0000,-1.0000,-1.0000,-1.0000,-1.0000,-1.0000,-1.0000,-1.0000,-1.0000,-1.0000,-1.0000,-1.0000,-1.0000,-1.0000,-1.0000,-1.0000,-1.0000,-1.0000,-1.0000,-1.0000,-1.0000,-1.0000,-1.0000,-1.0000,-1.0000,-1.0000,-1.0000,-1.0000,-1.0000,-1.0000,-1.0000,-1.0000,-1.0000,-1.0000,-1.0000,-1.0000,-1.0000,-1.0000,-1.0000,-1.0000,-1.0000,-1.0000,-1.0000,-1.0000,-1.0000,-1.0000,-1.0000,-1.0000,-1.0000,-1.0000,-1.0000,-1.0000,-1.0000,-1.0000,-1.0000,-1.0000,-1.0000,-1.0000,-1.0000,-1.0000,-1.0000,-1.0000,-1.0000,-1.0000,-1.0000,-1.0000,-1.0000,-1.0000,-1.0000,-1.0000,-1.0000,-1.0000,-1.0000,-1.0000,-1.0000,-1.0000,-1.0000,-1.0000,-1.0000,-1.0000,-1.0000,-1.0000,-1.0000,-1.0000,-1.0000,-1.0000,-1.0000,-1.0000,-1.0000,-1.0000,-1.0000,-1.0000,-1.0000,-1.0000,-1.0000,-1.0000,-1.0000,-1.0000,-1.0000,-1.0000,-1.0000,-1.0000,-1.0000,-1.0000,-1.0000,-1.0000,-1.0000,-1.0000,-1.0000,1.9361,1.9384,1.8880,1.9266,1.9037,1.9776,1.8098,1.7834,1.8568,1.7504,1.8519,1.7443,1.8275,1.7849,1.7321,1.7623,1.8571,2.0084,2.0186,2.0254,2.0179,1.9714,1.9614,2.0319,1.9422,1.9857,1.9975,2.0096,1.9611,1.9260,1.9861,2.0102,2.0337,2.0203,2.0155,2.0168,2.0111,1.9877,2.0008,2.0203,1.5996,1.6399,1.6137,1.6039,1.6421,1.5804,1.5362,1.6444,1.5842,1.5369,1.5426,1.5558,1.6246,1.5359,1.5194,1.5659,1.5352,1.5368,1.5833,1.5201,1.6072,1.5827,1.5561,0,1.0000,2.0308,4.6896,1.9317
18,0.0360,-0.3459,-1.6569,1.0597,2.0308,4.6896,1.5981,0.1110,0.1893,0.0001,1.0273,1.0000,-0.0005,0.0018,0.0059,-0.0198,-0.0105,0.0012,0.0085,-0.0002,-0.0040,0.0277,0.0003,0.0025,0.0016,-0.0048,0.0016,-0.0271,-0.0013,-0.0060,0.0012,0.0026,0.0002,0.0009,0.0002,-0.0007,0.0092,0.0050,-0.0136,0.0001,0.0011,-0.0000,-0.0387,0.0010,-0.0109,-0.0797,0.1222,0.8482,-0.6715,-0.6790,0.1072,0.7615,-0.2830,-0.3932,1.0511,0.0762,0.1815,0.1895,-0.4590,-0.0541,-2.2318,-0.2426,-0.4017,-0.1260,0.1245,0.0118,0.0508,0.0174,-0.2756,0.8457,0.5268,-0.8565,0.0026,0.0733,-0.0021,-1.0000,-1.0000,-1.0000,-1.0000,-1.0000,-1.0000,-1.0000,-1.0000,-1.0000,-1.0000,-1.0000,-1.0000,-1.0000,-1.0000,-1.0000,-1.0000,-1.0000,-1.0000,-1.0000,-1.0000,-1.0000,-1.0000,-1.0000,-1.0000,-1.0000,-1.0000,-1.0000,-1.0000,-1.0000,-1.0000,-1.0000,-1.0000,-1.0000,-1.0000,-1.0000,-1.0000,-1.0000,-1.0000,-1.0000,-1.0000,-1.0000,-1.0000,-1.0000,-1.0000,-1.0000,-1.0000,-1.0000,-1.0000,-1.0000,-1.0000,-1.0000,-1.0000,-1.0000,-1.0000,-1.0000,-1.0000,-1.0000,-1.0000,-1.0000,-1.0000,-1.0000,-1.0000,-1.0000,-1.0000,-1.0000,-1.0000,-1.0000,-1.0000,-1.0000,-1.0000,-1.0000,-1.0000,-1.0000,-1.0000,-1.0000,-1.0000,-1.0000,-1.0000,-1.0000,-1.0000,-1.0000,-1.0000,-1.0000,-1.0000,-1.0000,-1.0000,-1.0000,-1.0000,-1.0000,-1.0000,-1.0000,-1.0000,-1.0000,-1.0000,-1.0000,-1.0000,-1.0000,-1.0000,-1.0000,-1.0000,-1.0000,-1.0000,-1.0000,-1.0000,-1.0000,-1.0000,-1.0000,-1.0000,-1.0000,-1.0000,-1.0000,-1.0000,-1.0000,-1.0000,-1.0000,-1.0000,-1.0000,-1.0000,-1.0000,-1.0000,-1.0000,1.9254,1.9275,1.8774,1.9160,1.8929,1.9669,1.7997,1.7727,1.8460,1.7402,1.8414,1.7336,1.8172,1.7741,1.7219,1.7519,1.8464,1.9979,2.0080,2.0149,2.0074,1.9608,1.9512,2.0216,1.9317,1.9752,1.9873,1.9993,1.9508,1.9156,1.9758,1.9999,2.0231,2.0099,2.0052,2.0062,2.0008,1.9771,1.9903,2.0098,1.5889,1.6290,1.6028,1.5931,1.6314,1.5700,1.5256,1.6338,1.5739,1.5265,1.5322,1.5456,1.6142,1.5257,1.5095,1.5557,1.5250,1.5268,1.5730,1.5100,1.5969,1.5728,1.5461,0,1.0000,2.0308,4.6896,1.9317
18,0.0360,-0.3459,-1.6569,1.0597,2.0308,4.6896,1.5981,0.1110,0.1893,0.0001,1.0273,1.0000,-0.0005,0.0018,0.0059,-0.0198,-0.0105,0.0012,0.0085,-0.0002,-0.0040,0.0277,0.0003,0.0025,0.0016,-0.0048,0.0016,-0.0271,-0.0013,-0.0060,0.0012,0.0026,0.0002,0.0009,0.0002,-0.0007,0.0092,0.0050,-0.0136,0.0001,0.0011,-0.0000,-0.0387,0.0010,-0.0109,-0.0797,0.1222,0.8482,-0.6715,-0.6790,0.1072,0.7615,-0.2830,-0.3932,1.0511,0.0762,0.1815,0.1895,-0.4590,-0.0541,-2.2318,-0.2426,-0.4017,-0.1260,0.1245,0.0118,0.0508,0.0174,-0.2756,0.8457,0.5268,-0.8565,0.0026,0.0733,-0.0021,-1.0000,-1.0000,-1.0000,-1.0000,-1.0000,-1.0000,-1.0000,-1.0000,-1.0000,-1.0000,-1.0000,-1.0000,-1.0000,-1.0000,-1.0000,-1.0000,-1.0000,-1.0000,-1.0000,-1.0000,-1.0000,-1.0000,-1.0000,-1.0000,-1.0000,-1.0000,-1.0000,-1.0000,-1.0000,-1.0000,-1.0000,-1.0000,-1.0000,-1.0000,-1.0000,-1.0000,-1.0000,-1.0000,-1.0000,-1.0000,-1.0000,-1.0000,-1.0000,-1.0000,-1.0000,-1.0000,-1.0000,-1.0000,-1.0000,-1.0000,-1.0000,-1.0000,-1.0000,-1.0000,-1.0000,-1.0000,-1.0000,-1.0000,-1.0000,-1.0000,-1.0000,-1.0000,-1.0000,-1.0000,-1.0000,-1.0000,-1.0000,-1.0000,-1.0000,-1.0000,-1.0000,-1.0000,-1.0000,-1.0000,-1.0000,-1.0000,-1.0000,-1.0000,-1.0000,-1.0000,-1.0000,-1.0000,-1.0000,-1.0000,-1.0000,-1.0000,-1.0000,-1.0000,-1.0000,-1.0000,-1.0000,-1.0000,-1.0000,-1.0000,-1.0000,-1.0000,-1.0000,-1.0000,-1.0000,-1.0000,-1.0000,-1.0000,-1.0000,-1.0000,-1.0000,-1.0000,-1.0000,-1.0000,-1.0000,-1.0000,-1.0000,-1.0000,-1.0000,-1.0000,-1.0000,-1.0000,-1.0000,-1.0000,-1.0000,-1.0000,-1.0000,1.9254,1.9275,1.8774,1.9160,1.8929,1.9669,1.7997,1.7727,1.8460,1.7402,1.8414,1.7336,1.8172,1.7741,1.7219,1.7519,1.8464,1.9979,2.0080,2.0149,2.0074,1.9608,1.9512,2.0216,1.9317,1.9752,1.9873,1.9993,1.9508,1.9156,1.9758,1.9999,2.0231,2.0099,2.0052,2.0062,2.0008,1.9771,1.9903,2.0098,1.5889,1.6290,1.6028,1.5931,1.6314,1.5700,1.5256,1.6338,1.5739,1.5265,1.5322,1.5456,1.6142,1.5257,1.5095,1.5557,1.5250,1.5268,1.5730,1.5100,1.5969,1.5728,1.5461,0,1.0000,2.0308,4.6896,1.9317
18,0.0360,-0.3459,-1.6569,1.0597,2.0308,4.6896,1.5981,0.1110,0.1893,0.0001,1.0273,1.0000,-0.0005,0.0018,0.0059,-0.0198,-0.0105,0.0012,0.0085,-0.0002,-0.0040,0.0277,0.0003,0.0025,0.0016,-0.0048,0.0016,-0.0271,-0.0013,-0.0060,0.0012,0.0026,0.0002,0.0009,0.0002,-0.0007,0.0092,0.0050,-0.0136,0.0001,0.0011,-0.0000,-0.0387,0.0010,-0.0109,-0.0797,0.1222,0.8482,-0.6715,-0.6790,0.1072,0.7615,-0.2830,-0.3932,1.0511,0.0762,0.1815,0.1895,-0.4590,-0.0541,-2.2318,-0.2426,-0.4017,-0.1260,0.1245,0.0118,0.0508,0.0174,-0.2756,0.8457,0.5268,-0.8565,0.0026,0.0733,-0.0021,-1.0000,-1.0000,-1.0000,-1.0000,-1.0000,-1.0000,-1.0000,-1.0000,-1.0000,-1.0000,-1.0000,-1.0000,-1.0000,-1.0000,-1.0000,-1.0000,-1.0000,-1.0000,-1.0000,-1.0000,-1.0000,-1.0000,-1.0000,-1.0000,-1.0000,-1.0000,-1.0000,-1.0000,-1.0000,-1.0000,-1.0000,-1.0000,-1.0000,-1.0000,-1.0000,-1.0000,-1.0000,-1.0000,-1.0000,-1.0000,-1.0000,-1.0000,-1.0000,-1.0000,-1.0000,-1.0000,-1.0000,-1.0000,-1.0000,-1.0000,-1.0000,-1.0000,-1.0000,-1.0000,-1.0000,-1.0000,-1.0000,-1.0000,-1.0000,-1.0000,-1.0000,-1.0000,-1.0000,-1.0000,-1.0000,-1.0000,-1.0000,-1.0000,-1.0000,-1.0000,-1.0000,-1.0000,-1.0000,-1.0000,-1.0000,-1.0000,-1.0000,-1.0000,-1.0000,-1.0000,-1.0000,-1.0000,-1.0000,-1.0000,-1.0000,-1.0000,-1.0000,-1.0000,-1.0000,-1.0000,-1.0000,-1.0000,-1.0000,-1.0000,-1.0000,-1.0000,-1.0000,-1.0000,-1.0000,-1.0000,-1.0000,-1.0000,-1.0000,-1.0000,-1.0000,-1.0000,-1.0000,-1.0000,-1.0000,-1.0000,-1.0000,-1.0000,-1.0000,-1.0000,-1.0000,-1.0000,-1.0000,-1.0000,-1.0000,-1.0000,-1.0000,1.9254,1.9275,1.8774,1.9160,1.8929,1.9669,1.7997,1.7727,1.8460,1.7402,1.8414,1.7336,1.8172,1.7741,1.7219,1.7519,1.8464,1.9979,2.0080,2.0149,2.0074,1.9608,1.9512,2.0216,1.9317,1.9752,1.9873,1.9993,1.9508,1.9156,1.9758,1.9999,2.0231,2.0099,2.0052,2.0062,2.0008,1.9771,1.9903,2.0098,1.5889,1.6290,1.6028,1.5931,1.6314,1.5700,1.5256,1.6338,1.5739,1.5265,1.5322,1.5456,1.6142,1.5257,1.5095,1.5557,1.5250,1.5268,1.5730,1.5100,1.5969,1.5728,1.5461,0,1.0000,2.0308,4.6896,1.9317
18,0.0360,-0.3459,-1.6569,1.0597,2.0308,4.6896,1.5981,0.1110,0.1893,0.0001,1.0273,1.0000,-0.0005,0.0018,0.0059,-0.0198,-0.0105,0.0012,0.0085,-0.0002,-0.0040,0.0277,0.0003,0.0025,0.0016,-0.0048,0.0016,-0.0271,-0.0013,-0.0060,0.0012,0.0026,0.0002,0.0009,0.0002,-0.0007,0.0092,0.0050,-0.0136,0.0001,0.0011,-0.0000,-0.0387,0.0010,-0.0109,-0.0797,0.1222,0.8482,-0.6715,-0.6790,0.1072,0.7615,-0.2830,-0.3932,1.0511,0.0762,0.1815,0.1895,-0.4590,-0.0541,-2.2318,-0.2426,-0.4017,-0.1260,0.1245,0.0118,0.0508,0.0174,-0.2756,0.8457,0.5268,-0.8565,0.0026,0.0733,-0.0021,-1.0000,-1.0000,-1.0000,-1.0000,-1.0000,-1.0000,-1.0000,-1.0000,-1.0000,-1.0000,-1.0000,-1.0000,-1.0000,-1.0000,-1.0000,-1.0000,-1.0000,-1.0000,-1.0000,-1.0000,-1.0000,-1.0000,-1.0000,-1.0000,-1.0000,-1.0000,-1.0000,-1.0000,-1.0000,-1.0000,-1.0000,-1.0000,-1.0000,-1.0000,-1.0000,-1.0000,-1.0000,-1.0000,-1.0000,-1.0000,-1.0000,-1.0000,-1.0000,-1.0000,-1.0000,-1.0000,-1.0000,-1.0000,-1.0000,-1.0000,-1.0000,-1.0000,-1.0000,-1.0000,-1.0000,-1.0000,-1.0000,-1.0000,-1.0000,-1.0000,-1.0000,-1.0000,-1.0000,-1.0000,-1.0000,-1.0000,-1.0000,-1.0000,-1.0000,-1.0000,-1.0000,-1.0000,-1.0000,-1.0000,-1.0000,-1.0000,-1.0000,-1.0000,-1.0000,-1.0000,-1.0000,-1.0000,-1.0000,-1.0000,-1.0000,-1.0000,-1.0000,-1.0000,-1.0000,-1.0000,-1.0000,-1.0000,-1.0000,-1.0000,-1.0000,-1.0000,-1.0000,-1.0000,-1.0000,-1.0000,-1.0000,-1.0000,-1.0000,-1.0000,-1.0000,-1.0000,-1.0000,-1.0000,-1.0000,-1.0000,-1.0000,-1.0000,-1.0000,-1.0000,-1.0000,-1.0000,-1.0000,-1.0000,-1.0000,-1.0000,-1.0000,1.9254,1.9275,1.8774,1.9160,1.8929,1.9669,1.7997,1.7727,1.8460,1.7402,1.8414,1.7336,1.8172,1.7741,1.7219,1.7519,1.8464,1.9979,2.0080,2.0149,2.0074,1.9608,1.9512,2.0216,1.9317,1.9752,1.9873,1.9993,1.9508,1.9156,1.9758,1.9999,2.0231,2.0099,2.0052,2.0062,2.0008,1.9771,1.9903,2.0098,1.5889,1.6290,1.6028,1.5931,1.6314,1.5700,1.5256,1.6338,1.5739,1.5265,1.5322,1.5456,1.6142,1.5257,1.5095,1.5557,1.5250,1.5268,1.5730,1.5100,1.5969,1.5728,1.5461,0,1.0000,2.0308,4.6896,1.9317
18,0.0360,-0.3459,-1.6569,1.0597,2.0308,4.6896,1.5981,0.1110,0.1893,0.0001,1.0273,1.0000,-0.0005,0.0018,0.0059,-0.0198,-0.0105,0.0012,0.0085,-0.0002,-0.0040,0.0277,0.0003,0.0025,0.0016,-0.0048,0.0016,-0.0271,-0.0013,-0.0060,0.0012,0.0026,0.0002,0.0009,0.0002,-0.0007,0.0092,0.0050,-0.0136,0.0001,0.0011,-0.0000,-0.0387,0.0010,-0.0109,-0.0797,0.1222,0.8482,-0.6715,-0.6790,0.1072,0.7615,-0.2830,-0.3932,1.0511,0.0762,0.1815,0.1895,-0.4590,-0.0541,-2.2318,-0.2426,-0.4017,-0.1260,0.1245,0.0118,0.0508,0.0174,-0.2756,0.8457,0.5268,-0.8565,0.0026,0.0733,-0.0021,-1.0000,-1.0000,-1.0000,-1.0000,-1.0000,-1.0000,-1.0000,-1.0000,-1.0000,-1.0000,-1.0000,-1.0000,-1.0000,-1.0000,-1.0000,-1.0000,-1.0000,-1.0000,-1.0000,-1.0000,-1.0000,-1.0000,-1.0000,-1.0000,-1.0000,-1.0000,-1.0000,-1.0000,-1.0000,-1.0000,-1.0000,-1.0000,-1.0000,-1.0000,-1.0000,-1.0000,-1.0000,-1.0000,-1.0000,-1.0000,-1.0000,-1.0000,-1.0000,-1.0000,-1.0000,-1.0000,-1.0000,-1.0000,-1.0000,-1.0000,-1.0000,-1.0000,-1.0000,-1.0000,-1.0000,-1.0000,-1.0000,-1.0000,-1.0000,-1.0000,-1.0000,-1.0000,-1.0000,-1.0000,-1.0000,-1.0000,-1.0000,-1.0000,-1.0000,-1.0000,-1.0000,-1.0000,-1.0000,-1.0000,-1.0000,-1.0000,-1.0000,-1.0000,-1.0000,-1.0000,-1.0000,-1.0000,-1.0000,-1.0000,-1.0000,-1.0000,-1.0000,-1.0000,-1.0000,-1.0000,-1.0000,-1.0000,-1.0000,-1.0000,-1.0000,-1.0000,-1.0000,-1.0000,-1.0000,-1.0000,-1.0000,-1.0000,-1.0000,-1.0000,-1.0000,-1.0000,-1.0000,-1.0000,-1.0000,-1.0000,-1.0000,-1.0000,-1.0000,-1.0000,-1.0000,-1.0000,-1.0000,-1.0000,-1.0000,-1.0000,-1.0000,1.9254,1.9275,1.8774,1.9160,1.8929,1.9669,1.7997,1.7727,1.8460,1.7402,1.8414,1.7336,1.8172,1.7741,1.7219,1.7519,1.8464,1.9979,2.0080,2.0149,2.0074,1.9608,1.9512,2.0216,1.9317,1.9752,1.9873,1.9993,1.9508,1.9156,1.9758,1.9999,2.0231,2.0099,2.0052,2.0062,2.0008,1.9771,1.9903,2.0098,1.5889,1.6290,1.6028,1.5931,1.6314,1.5700,1.5256,1.6338,1.5739,1.5265,1.5322,1.5456,1.6142,1.5257,1.5095,1.5557,1.5250,1.5268,1.5730,1.5100,1.5969,1.5728,1.5461,0,1.0000,2.0308,4.6896,1.9317
18,0.0360,-0.3459,-1.6569,1.0597,2.0308,4.6896,1.5981,0.1110,0.1893,0.0001,1.0273,1.0000,-0.0005,0.0018,0.0059,-0.0198,-0.0105,0.0012,0.0085,-0.0002,-0.0040,0.0277,0.0003,0.0025,0.0016,-0.0048,0.0016,-0.0271,-0.0013,-0.0060,0.0012,0.0026,0.0002,0.0009,0.0002,-0.0007,0.0092,0.0050,-0.0136,0.0001,0.0011,-0.0000,-0.0387,0.0010,-0.0109,-0.0797,0.1222,0.8482,-0.6715,-0.6790,0.1072,0.7615,-0.2830,-0.3932,1.0511,0.0762,0.1815,0.1895,-0.4590,-0.0541,-2.2318,-0.2426,-0.4017,-0.1260,0.1245,0.0118,0.0508,0.0174,-0.2756,0.8457,0.5268,-0.8565,0.0026,0.0733,-0.0021,-1.0000,-1.0000,-1.0000,-1.0000,-1.0000,-1.0000,-1.0000,-1.0000,-1.0000,-1.0000,-1.0000,-1.0000,-1.0000,-1.0000,-1.0000,-1.0000,-1.0000,-1.0000,-1.0000,-1.0000,-1.0000,-1.0000,-1.0000,-1.0000,-1.0000,-1.0000,-1.0000,-1.0000,-1.0000,-1.0000,-1.0000,-1.0000,-1.0000,-1.0000,-1.0000,-1.0000,-1.0000,-1.0000,-1.0000,-1.0000,-1.0000,-1.0000,-1.0000,-1.0000,-1.0000,-1.0000,-1.0000,-1.0000,-1.0000,-1.0000,-1.0000,-1.0000,-1.0000,-1.0000,-1.0000,-1.0000,-1.0000,-1.0000,-1.0000,-1.0000,-1.0000,-1.0000,-1.0000,-1.0000,-1.0000,-1.0000,-1.0000,-1.0000,-1.0000,-1.0000,-1.0000,-1.0000,-1.0000,-1.0000,-1.0000,-1.0000,-1.0000,-1.0000,-1.0000,-1.0000,-1.0000,-1.0000,-1.0000,-1.0000,-1.0000,-1.0000,-1.0000,-1.0000,-1.0000,-1.0000,-1.0000,-1.0000,-1.0000,-1.0000,-1.0000,-1.0000,-1.0000,-1.0000,-1.0000,-1.0000,-1.0000,-1.0000,-1.0000,-1.0000,-1.0000,-1.0000,-1.0000,-1.0000,-1.0000,-1.0000,-1.0000,-1.0000,-1.0000,-1.0000,-1.0000,-1.0000,-1.0000,-1.0000,-1.0000,-1.0000,-1.0000,1.9254,1.9275,1.8774,1.9160,1.8929,1.9669,1.7997,1.7727,1.8460,1.7402,1.8414,1.7336,1.8172,1.7741,1.7219,1.7519,1.8464,1.9979,2.0080,2.0149,2.0074,1.9608,1.9512,2.0216,1.9317,1.9752,1.9873,1.9993,1.9508,1.9156,1.9758,1.9999,2.0231,2.0099,2.0052,2.0062,2.0008,1.9771,1.9903,2.0098,1.5889,1.6290,1.6028,1.5931,1.6314,1.5700,1.5256,1.6338,1.5739,1.5265,1.5322,1.5456,1.6142,1.5257,1.5095,1.5557,1.5250,1.5268,1.5730,1.5100,1.5969,1.5728,1.5461,0,1.0000,2.0308,4.6896,1.9317
18,0.0360,-0.3459,-1.6569,1.0597,2.0308,4.6896,1.5981,0.1110,0.1893,0.0001,1.0273,1.0000,-0.0005,0.0018,0.0059,-0.0198,-0.0105,0.0012,0.0085,-0.0002,-0.0040,0.0277,0.0003,0.0025,0.0016,-0.0048,0.0016,-0.0271,-0.0013,-0.0060,0.0012,0.0026,0.0002,0.0009,0.0002,-0.0007,0.0092,0.0050,-0.0136,0.0001,0.0011,-0.0000,-0.0387,0.0010,-0.0109,-0.0797,0.1222,0.8482,-0.6715,-0.6790,0.1072,0.7615,-0.2830,-0.3932,1.0511,0.0762,0.1815,0.1895,-0.4590,-0.0541,-2.2318,-0.2426,-0.4017,-0.1260,0.1245,0.0118,0.0508,0.0174,-0.2756,0.8457,0.5268,-0.8565,0.0026,0.0733,-0.0021,-1.0000,-1.0000,-1.0000,-1.0000,-1.0000,-1.0000,-1.0000,-1.0000,-1.0000,-1.0000,-1.0000,-1.0000,-1.0000,-1.0000,-1.0000,-1.0000,-1.0000,-1.0000,-1.0000,-1.0000,-1.0000,-1.0000,-1.0000,-1.0000,-1.0000,-1.0000,-1.0000,-1.0000,-1.0000,-1.0000,-1.0000,-1.0000,-1.0000,-1.0000,-1.0000,-1.0000,-1.0000,-1.0000,-1.0000,-1.0000,-1.0000,-1.0000,-1.0000,-1.0000,-1.0000,-1.0000,-1.0000,-1.0000,-1.0000,-1.0000,-1.0000,-1.0000,-1.0000,-1.0000,-1.0000,-1.0000,-1.0000,-1.0000,-1.0000,-1.0000,-1.0000,-1.0000,-1.0000,-1.0000,-1.0000,-1.0000,-1.0000,-1.0000,-1.0000,-1.0000,-1.0000,-1.0000,-1.0000,-1.0000,-1.0000,-1.0000,-1.0000,-1.0000,-1.0000,-1.0000,-1.0000,-1.0000,-1.0000,-1.0000,-1.0000,-1.0000,-1.0000,-1.0000,-1.0000,-1.0000,-1.0000,-1.0000,-1.0000,-1.0000,-1.0000,-1.0000,-1.0000,-1.0000,-1.0000,-1.0000,-1.0000,-1.0000,-1.0000,-1.0000,-1.0000,-1.0000,-1.0000,-1.0000,-1.0000,-1.0000,-1.0000,-1.0000,-1.0000,-1.0000,-1.0000,-1.0000,-1.0000,-1.0000,-1.0000,-1.0000,-1.0000,1.9254,1.9275,1.8774,1.9160,1.8929,1.9669,1.7997,1.7727,1.8460,1.7402,1.8414,1.7336,1.8172,1.7741,1.7219,1.7519,1.8464,1.9979,2.0080,2.0149,2.0074,1.9608,1.9512,2.0216,1.9317,1.9752,1.9873,1.9993,1.9508,1.9156,1.9758,1.9999,2.0231,2.0099,2.0052,2.0062,2.0008,1.9771,1.9903,2.0098,1.5889,1.6290,1.6028,1.5931,1.6314,1.5700,1.5256,1.6338,1.5739,1.5265,1.5322,1.5456,1.6142,1.5257,1.5095,1.5557,1.5250,1.5268,1.5730,1.5100,1.5969,1.5728,1.5461,0,1.0000,2.0308,4.6896,1.9317
18,0.0360,-0.3459,-1.6569,1.0597,2.0308,4.6896,1.5981,0.1110,0.1893,0.0001,1.0273,1.0000,-0.0005,0.0018,0.0059,-0.0198,-0.0105,0.0012,0.0085,-0.0002,-0.0040,0.0277,0.0003,0.0025,0.0016,-0.0048,0.0016,-0.0271,-0.0013,-0.0060,0.0012,0.0026,0.0002,0.0009,0.0002,-0.0007,0.0092,0.0050,-0.0136,0.0001,0.0011,-0.0000,-0.0387,0.0010,-0.0109,-0.0797,0.1222,0.8482,-0.6715,-0.6790,0.1072,0.7615,-0.2830,-0.3932,1.0511,0.0762,0.1815,0.1895,-0.4590,-0.0541,-2.2318,-0.2426,-0.4017,-0.1260,0.1245,0.0118,0.0508,0.0174,-0.2756,0.8457,0.5268,-0.8565,0.0026,0.0733,-0.0021,-1.0000,-1.0000,-1.0000,-1.0000,-1.0000,-1.0000,-1.0000,-1.0000,-1.0000,-1.0000,-1.0000,-1.0000,-1.0000,-1.0000,-1.0000,-1.0000,-1.0000,-1.0000,-1.0000,-1.0000,-1.0000,-1.0000,-1.0000,-1.0000,-1.0000,-1.0000,-1.0000,-1.0000,-1.0000,-1.0000,-1.0000,-1.0000,-1.0000,-1.0000,-1.0000,-1.0000,-1.0000,-1.0000,-1.0000,-1.0000,-1.0000,-1.0000,-1.0000,-1.0000,-1.0000,-1.0000,-1.0000,-1.0000,-1.0000,-1.0000,-1.0000,-1.0000,-1.0000,-1.0000,-1.0000,-1.0000,-1.0000,-1.0000,-1.0000,-1.0000,-1.0000,-1.0000,-1.0000,-1.0000,-1.0000,-1.0000,-1.0000,-1.0000,-1.0000,-1.0000,-1.0000,-1.0000,-1.0000,-1.0000,-1.0000,-1.0000,-1.0000,-1.0000,-1.0000,-1.0000,-1.0000,-1.0000,-1.0000,-1.0000,-1.0000,-1.0000,-1.0000,-1.0000,-1.0000,-1.0000,-1.0000,-1.0000,-1.0000,-1.0000,-1.0000,-1.0000,-1.0000,-1.0000,-1.0000,-1.0000,-1.0000,-1.0000,-1.0000,-1.0000,-1.0000,-1.0000,-1.0000,-1.0000,-1.0000,-1.0000,-1.0000,-1.0000,-1.0000,-1.0000,-1.0000,-1.0000,-1.0000,-1.0000,-1.0000,-1.0000,-1.0000,1.9254,1.9275,1.8774,1.9160,1.8929,1.9669,1.7997,1.7727,1.8460,1.7402,1.8414,1.7336,1.8172,1.7741,1.7219,1.7519,1.8464,1.9979,2.0080,2.0149,2.0074,1.9608,1.9512,2.0216,1.9317,1.9752,1.9873,1.9993,1.9508,1.9156,1.9758,1.9999,2.0231,2.0099,2.0052,2.0062,2.0008,1.9771,1.9903,2.0098,1.5889,1.6290,1.6028,1.5931,1.6314,1.5700,1.5256,1.6338,1.5739,1.5265,1.5322,1.5456,1.6142,1.5257,1.5095,1.5557,1.5250,1.5268,1.5730,1.5100,1.5969,1.5728,1.5461,0,1.0000,2.0308,4.6896,1.9317
18,0.0360,-0.3459,-1.6569,1.0597,2.0308,4.6896,1.5981,0.1110,0.1893,0.0001,1.0273,1.0000,-0.0005,0.0018,0.0059,-0.0198,-0.0105,0.0012,0.0085,-0.0002,-0.0040,0.0277,0.0003,0.0025,0.0016,-0.0048,0.0016,-0.0271,-0.0013,-0.0060,0.0012,0.0026,0.0002,0.0009,0.0002,-0.0007,0.0092,0.0050,-0.0136,0.0001,0.0011,-0.0000,-0.0387,0.0010,-0.0109,-0.0797,0.1222,0.8482,-0.6715,-0.6790,0.1072,0.7615,-0.2830,-0.3932,1.0511,0.0762,0.1815,0.1895,-0.4590,-0.0541,-2.2318,-0.2426,-0.4017,-0.1260,0.1245,0.0118,0.0508,0.0174,-0.2756,0.8457,0.5268,-0.8565,0.0026,0.0733,-0.0021,-1.0000,-1.0000,-1.0000,-1.0000,-1.0000,-1.0000,-1.0000,-1.0000,-1.0000,-1.0000,-1.0000,-1.0000,-1.0000,-1.0000,-1.0000,-1.0000,-1.0000,-1.0000,-1.0000,-1.0000,-1.0000,-1.0000,-1.0000,-1.0000,-1.0000,-1.0000,-1.0000,-1.0000,-1.0000,-1.0000,-1.0000,-1.0000,-1.0000,-1.0000,-1.0000,-1.0000,-1.0000,-1.0000,-1.0000,-1.0000,-1.0000,-1.0000,-1.0000,-1.0000,-1.0000,-1.0000,-1.0000,-1.0000,-1.0000,-1.0000,-1.0000,-1.0000,-1.0000,-1.0000,-1.0000,-1.0000,-1.0000,-1.0000,-1.0000,-1.0000,-1.0000,-1.0000,-1.0000,-1.0000,-1.0000,-1.0000,-1.0000,-1.0000,-1.0000,-1.0000,-1.0000,-1.0000,-1.0000,-1.0000,-1.0000,-1.0000,-1.0000,-1.0000,-1.0000,-1.0000,-1.0000,-1.0000,-1.0000,-1.0000,-1.0000,-1.0000,-1.0000,-1.0000,-1.0000,-1.0000,-1.0000,-1.0000,-1.0000,-1.0000,-1.0000,-1.0000,-1.0000,-1.0000,-1.0000,-1.0000,-1.0000,-1.0000,-1.0000,-1.0000,-1.0000,-1.0000,-1.0000,-1.0000,-1.0000,-1.0000,-1.0000,-1.0000,-1.0000,-1.0000,-1.0000,-1.0000,-1.0000,-1.0000,-1.0000,-1.0000,-1.0000,1.9254,1.9275,1.8774,1.9160,1.8929,1.9669,1.7997,1.7727,1.8460,1.7402,1.8414,1.7336,1.8172,1.7741,1.7219,1.7519,1.8464,1.9979,2.0080,2.0149,2.0074,1.9608,1.9512,2.0216,1.9317,1.9752,1.9873,1.9993,1.9508,1.9156,1.9758,1.9999,2.0231,2.0099,2.0052,2.0062,2.0008,1.9771,1.9903,2.0098,1.5889,1.6290,1.6028,1.5931,1.6314,1.5700,1.5256,1.6338,1.5739,1.5265,1.5322,1.5456,1.6142,1.5257,1.5095,1.5557,1.5250,1.5268,1.5730,1.5100,1.5969,1.5728,1.5461,0,1.0000,2.0308,4.6896,1.9317
18,0.0360,-0.3459,-1.6569,1.0597,2.0308,4.6896,1.5981,0.1110,0.1893,0.0001,1.0273,1.0000,-0.0005,0.0018,0.0059,-0.0198,-0.0105,0.0012,0.0085,-0.0002,-0.0040,0.0277,0.0003,0.0025,0.0016,-0.0048,0.0016,-0.0271,-0.0013,-0.0060,0.0012,0.0026,0.0002,0.0009,0.0002,-0.0007,0.0092,0.0050,-0.0136,0.0001,0.0011,-0.0000,-0.0387,0.0010,-0.0109,-0.0797,0.1222,0.8482,-0.6715,-0.6790,0.1072,0.7615,-0.2830,-0.3932,1.0511,0.0762,0.1815,0.1895,-0.4590,-0.0541,-2.2318,-0.2426,-0.4017,-0.1260,0.1245,0.0118,0.0508,0.0174,-0.2756,0.8457,0.5268,-0.8565,0.0026,0.0733,-0.0021,-1.0000,-1.0000,-1.0000,-1.0000,-1.0000,-1.0000,-1.0000,-1.0000,-1.0000,-1.0000,-1.0000,-1.0000,-1.0000,-1.0000,-1.0000,-1.0000,-1.0000,-1.0000,-1.0000,-1.0000,-1.0000,-1.0000,-1.0000,-1.0000,-1.0000,-1.0000,-1.0000,-1.0000,-1.0000,-1.0000,-1.0000,-1.0000,-1.0000,-1.0000,-1.0000,-1.0000,-1.0000,-1.0000,-1.0000,-1.0000,-1.0000,-1.0000,-1.0000,-1.0000,-1.0000,-1.0000,-1.0000,-1.0000,-1.0000,-1.0000,-1.0000,-1.0000,-1.0000,-1.0000,-1.0000,-1.0000,-1.0000,-1.0000,-1.0000,-1.0000,-1.0000,-1.0000,-1.0000,-1.0000,-1.0000,-1.0000,-1.0000,-1.0000,-1.0000,-1.0000,-1.0000,-1.0000,-1.0000,-1.0000,-1.0000,-1.0000,-1.0000,-1.0000,-1.0000,-1.0000,-1.0000,-1.0000,-1.0000,-1.0000,-1.0000,-1.0000,-1.0000,-1.0000,-1.0000,-1.0000,-1.0000,-1.0000,-1.0000,-1.0000,-1.0000,-1.0000,-1.0000,-1.0000,-1.0000,-1.0000,-1.0000,-1.0000,-1.0000,-1.0000,-1.0000,-1.0000,-1.0000,-1.0000,-1.0000,-1.0000,-1.0000,-1.0000,-1.0000,-1.0000,-1.0000,-1.0000,-1.0000,-1.0000,-1.0000,-1.0000,-1.0000,1.9254,1.9275,1.8774,1.9160,1.8929,1.9669,1.7997,1.7727,1.8460,1.7402,1.8414,1.7336,1.8172,1.7741,1.7219,1.7519,1.8464,1.9979,2.0080,2.0149,2.0074,1.9608,1.9512,2.0216,1.9317,1.9752,1.9873,1.9993,1.9508,1.9156,1.9758,1.9999,2.0231,2.0099,2.0052,2.0062,2.0008,1.9771,1.9903,2.0098,1.5889,1.6290,1.6028,1.5931,1.6314,1.5700,1.5256,1.6338,1.5739,1.5265,1.5322,1.5456,1.6142,1.5257,1.5095,1.5557,1.5250,1.5268,1.5730,1.5100,1.5969,1.5728,1.5461,0,1.0000,2.0308,4.6896,1.9317
18,0.0360,-0.3459,-1.6569,1.0597,2.0308,4.6896,1.5981,0.1110,0.1893,0.0001,1.0273,1.0000,-0.0005,0.0018,0.0059,-0.0198,-0.0105,0.0012,0.0085,-0.0002,-0.0040,0.0277,0.0003,0.0025,0.0016,-0.0048,0.0016,-0.0271,-0.0013,-0.0060,0.0012,0.0026,0.0002,0.0009,0.0002,-0.0007,0.0092,0.0050,-0.0136,0.0001,0.0011,-0.0000,-0.0387,0.0010,-0.0109,-0.0797,0.1222,0.8482,-0.6715,-0.6790,0.1072,0.7615,-0.2830,-0.3932,1.0511,0.0762,0.1815,0.1895,-0.4590,-0.0541,-2.2318,-0.2426,-0.4017,-0.1260,0.1245,0.0118,0.0508,0.0174,-0.2756,0.8457,0.5268,-0.8565,0.0026,0.0733,-0.0021,-1.0000,-1.0000,-1.0000,-1.0000,-1.0000,-1.0000,-1.0000,-1.0000,-1.0000,-1.0000,-1.0000,-1.0000,-1.0000,-1.0000,-1.0000,-1.0000,-1.0000,-1.0000,-1.0000,-1.0000,-1.0000,-1.0000,-1.0000,-1.0000,-1.0000,-1.0000,-1.0000,-1.0000,-1.0000,-1.0000,-1.0000,-1.0000,-1.0000,-1.0000,-1.0000,-1.0000,-1.0000,-1.0000,-1.0000,-1.0000,-1.0000,-1.0000,-1.0000,-1.0000,-1.0000,-1.0000,-1.0000,-1.0000,-1.0000,-1.0000,-1.0000,-1.0000,-1.0000,-1.0000,-1.0000,-1.0000,-1.0000,-1.0000,-1.0000,-1.0000,-1.0000,-1.0000,-1.0000,-1.0000,-1.0000,-1.0000,-1.0000,-1.0000,-1.0000,-1.0000,-1.0000,-1.0000,-1.0000,-1.0000,-1.0000,-1.0000,-1.0000,-1.0000,-1.0000,-1.0000,-1.0000,-1.0000,-1.0000,-1.0000,-1.0000,-1.0000,-1.0000,-1.0000,-1.0000,-1.0000,-1.0000,-1.0000,-1.0000,-1.0000,-1.0000,-1.0000,-1.0000,-1.0000,-1.0000,-1.0000,-1.0000,-1.0000,-1.0000,-1.0000,-1.0000,-1.0000,-1.0000,-1.0000,-1.0000,-1.0000,-1.0000,-1.0000,-1.0000,-1.0000,-1.0000,-1.0000,-1.0000,-1.0000,-1.0000,-1.0000,-1.0000,1.9254,1.9275,1.8774,1.9160,1.8929,1.9669,1.7997,1.7727,1.8460,1.7402,1.8414,1.7336,1.8172,1.7741,1.7219,1.7519,1.8464,1.9979,2.0080,2.0149,2.0074,1.9608,1.9512,2.0216,1.9317,1.9752,1.9873,1.9993,1.9508,1.9156,1.9758,1.9999,2.0231,2.0099,2.0052,2.0062,2.0008,1.9771,1.9903,2.0098,1.5889,1.6290,1.6028,1.5931,1.6314,1.5700,1.5256,1.6338,1.5739,1.5265,1.5322,1.5456,1.6142,1.5257,1.5095,1.5557,1.5250,1.5268,1.5730,1.5100,1.5969,1.5728,1.5461,0,1.0000,2.0308,4.6896,1.9317
18,0.0360,-0.3459,-1.6569,1.0597,2.0308,4.6896,1.5981,0.1110,0.1893,0.0001,1.0273,1.0000,-0.0005,0.0018,0.0059,-0.0198,-0.0105,0.0012,0.0085,-0.0002,-0.0040,0.0277,0.0003,0.0025,0.0016,-0.0048,0.0016,-0.0271,-0.0013,-0.0060,0.0012,0.0026,0.0002,0.0009,0.0002,-0.0007,0.0092,0.0050,-0.0136,0.0001,0.0011,-0.0000,-0.0387,0.0010,-0.0109,-0.0797,0.1222,0.8482,-0.6715,-0.6790,0.1072,0.7615,-0.2830,-0.3932,1.0511,0.0762,0.1815,0.1895,-0.4590,-0.0541,-2.2318,-0.2426,-0.4017,-0.1260,0.1245,0.0118,0.0508,0.0174,-0.2756,0.8457,0.5268,-0.8565,0.0026,0.0733,-0.0021,-1.0000,-1.0000,-1.0000,-1.0000,-1.0000,-1.0000,-1.0000,-1.0000,-1.0000,-1.0000,-1.0000,-1.0000,-1.0000,-1.0000,-1.0000,-1.0000,-1.0000,-1.0000,-1.0000,-1.0000,-1.0000,-1.0000,-1.0000,-1.0000,-1.0000,-1.0000,-1.0000,-1.0000,-1.0000,-1.0000,-1.0000,-1.0000,-1.0000,-1.0000,-1.0000,-1.0000,-1.0000,-1.0000,-1.0000,-1.0000,-1.0000,-1.0000,-1.0000,-1.0000,-1.0000,-1.0000,-1.0000,-1.0000,-1.0000,-1.0000,-1.0000,-1.0000,-1.0000,-1.0000,-1.0000,-1.0000,-1.0000,-1.0000,-1.0000,-1.0000,-1.0000,-1.0000,-1.0000,-1.0000,-1.0000,-1.0000,-1.0000,-1.0000,-1.0000,-1.0000,-1.0000,-1.0000,-1.0000,-1.0000,-1.0000,-1.0000,-1.0000,-1.0000,-1.0000,-1.0000,-1.0000,-1.0000,-1.0000,-1.0000,-1.0000,-1.0000,-1.0000,-1.0000,-1.0000,-1.0000,-1.0000,-1.0000,-1.0000,-1.0000,-1.0000,-1.0000,-1.0000,-1.0000,-1.0000,-1.0000,-1.0000,-1.0000,-1.0000,-1.0000,-1.0000,-1.0000,-1.0000,-1.0000,-1.0000,-1.0000,-1.0000,-1.0000,-1.0000,-1.0000,-1.0000,-1.0000,-1.0000,-1.0000,-1.0000,-1.0000,-1.0000,1.9254,1.9275,1.8774,1.9160,1.8929,1.9669,1.7997,1.7727,1.8460,1.7402,1.8414,1.7336,1.8172,1.7741,1.7219,1.7519,1.8464,1.9979,2.0080,2.0149,2.0074,1.9608,1.9512,2.0216,1.9317,1.9752,1.9873,1.9993,1.9508,1.9156,1.9758,1.9999,2.0231,2.0099,2.0052,2.0062,2.0008,1.9771,1.9903,2.0098,1.5889,1.6290,1.6028,1.5931,1.6314,1.5700,1.5256,1.6338,1.5739,1.5265,1.5322,1.5456,1.6142,1.5257,1.5095,1.5557,1.5250,1.5268,1.5730,1.5100,1.5969,1.5728,1.5461,0,1.0000,2.0308,4.6896,1.9317
18,0.0360,-0.3459,-1.6569,1.0597,2.0308,4.6896,1.5981,0.1110,0.1893,0.0001,1.0273,1.0000,-0.0005,0.0018,0.0059,-0.0198,-0.0105,0.0012,0.0085,-0.0002,-0.0040,0.0277,0.0003,0.0025,0.0016,-0.0048,0.0016,-0.0271,-0.0013,-0.0060,0.0012,0.0026,0.0002,0.0009,0.0002,-0.0007,0.0092,0.0050,-0.0136,0.0001,0.0011,-0.0000,-0.0387,0.0010,-0.0109,-0.0797,0.1222,0.8482,-0.6715,-0.6790,0.1072,0.7615,-0.2830,-0.3932,1.0511,0.0762,0.1815,0.1895,-0.4590,-0.0541,-2.2318,-0.2426,-0.4017,-0.1260,0.1245,0.0118,0.0508,0.0174,-0.2756,0.8457,0.5268,-0.8565,0.0026,0.0733,-0.0021,-1.0000,-1.0000,-1.0000,-1.0000,-1.0000,-1.0000,-1.0000,-1.0000,-1.0000,-1.0000,-1.0000,-1.0000,-1.0000,-1.0000,-1.0000,-1.0000,-1.0000,-1.0000,-1.0000,-1.0000,-1.0000,-1.0000,-1.0000,-1.0000,-1.0000,-1.0000,-1.0000,-1.0000,-1.0000,-1.0000,-1.0000,-1.0000,-1.0000,-1.0000,-1.0000,-1.0000,-1.0000,-1.0000,-1.0000,-1.0000,-1.0000,-1.0000,-1.0000,-1.0000,-1.0000,-1.0000,-1.0000,-1.0000,-1.0000,-1.0000,-1.0000,-1.0000,-1.0000,-1.0000,-1.0000,-1.0000,-1.0000,-1.0000,-1.0000,-1.0000,-1.0000,-1.0000,-1.0000,-1.0000,-1.0000,-1.0000,-1.0000,-1.0000,-1.0000,-1.0000,-1.0000,-1.0000,-1.0000,-1.0000,-1.0000,-1.0000,-1.0000,-1.0000,-1.0000,-1.0000,-1.0000,-1.0000,-1.0000,-1.0000,-1.0000,-1.0000,-1.0000,-1.0000,-1.0000,-1.0000,-1.0000,-1.0000,-1.0000,-1.0000,-1.0000,-1.0000,-1.0000,-1.0000,-1.0000,-1.0000,-1.0000,-1.0000,-1.0000,-1.0000,-1.0000,-1.0000,-1.0000,-1.0000,-1.0000,-1.0000,-1.0000,-1.0000,-1.0000,-1.0000,-1.0000,-1.0000,-1.0000,-1.0000,-1.0000,-1.0000,-1.0000,1.9254,1.9275,1.8774,1.9160,1.8929,1.9669,1.7997,1.7727,1.8460,1.7402,1.8414,1.7336,1.8172,1.7741,1.7219,1.7519,1.8464,1.9979,2.0080,2.0149,2.0074,1.9608,1.9512,2.0216,1.9317,1.9752,1.9873,1.9993,1.9508,1.9156,1.9758,1.9999,2.0231,2.0099,2.0052,2.0062,2.0008,1.9771,1.9903,2.0098,1.5889,1.6290,1.6028,1.5931,1.6314,1.5700,1.5256,1.6338,1.5739,1.5265,1.5322,1.5456,1.6142,1.5257,1.5095,1.5557,1.5250,1.5268,1.5730,1.5100,1.5969,1.5728,1.5461,0,1.0000,2.0308,4.6896,1.9317
18,0.0360,-0.3459,-1.6569,1.0597,2.0308,4.6896,1.5981,0.1110,0.1893,0.0001,1.0273,1.0000,-0.0005,0.0018,0.0059,-0.0198,-0.0105,0.0012,0.0085,-0.0002,-0.0040,0.0277,0.0003,0.0025,0.0016,-0.0048,0.0016,-0.0271,-0.0013,-0.0060,0.0012,0.0026,0.0002,0.0009,0.0002,-0.0007,0.0092,0.0050,-0.0136,0.0001,0.0011,-0.0000,-0.0387,0.0010,-0.0109,-0.0797,0.1222,0.8482,-0.6715,-0.6790,0.1072,0.7615,-0.2830,-0.3932,1.0511,0.0762,0.1815,0.1895,-0.4590,-0.0541,-2.2318,-0.2426,-0.4017,-0.1260,0.1245,0.0118,0.0508,0.0174,-0.2756,0.8457,0.5268,-0.8565,0.0026,0.0733,-0.0021,-1.0000,-1.0000,-1.0000,-1.0000,-1.0000,-1.0000,-1.0000,-1.0000,-1.0000,-1.0000,-1.0000,-1.0000,-1.0000,-1.0000,-1.0000,-1.0000,-1.0000,-1.0000,-1.0000,-1.0000,-1.0000,-1.0000,-1.0000,-1.0000,-1.0000,-1.0000,-1.0000,-1.0000,-1.0000,-1.0000,-1.0000,-1.0000,-1.0000,-1.0000,-1.0000,-1.0000,-1.0000,-1.0000,-1.0000,-1.0000,-1.0000,-1.0000,-1.0000,-1.0000,-1.0000,-1.0000,-1.0000,-1.0000,-1.0000,-1.0000,-1.0000,-1.0000,-1.0000,-1.0000,-1.0000,-1.0000,-1.0000,-1.0000,-1.0000,-1.0000,-1.0000,-1.0000,-1.0000,-1.0000,-1.0000,-1.0000,-1.0000,-1.0000,-1.0000,-1.0000,-1.0000,-1.0000,-1.0000,-1.0000,-1.0000,-1.0000,-1.0000,-1.0000,-1.0000,-1.0000,-1.0000,-1.0000,-1.0000,-1.0000,-1.0000,-1.0000,-1.0000,-1.0000,-1.0000,-1.0000,-1.0000,-1.0000,-1.0000,-1.0000,-1.0000,-1.0000,-1.0000,-1.0000,-1.0000,-1.0000,-1.0000,-1.0000,-1.0000,-1.0000,-1.0000,-1.0000,-1.0000,-1.0000,-1.0000,-1.0000,-1.0000,-1.0000,-1.0000,-1.0000,-1.0000,-1.0000,-1.0000,-1.0000,-1.0000,-1.0000,-1.0000,1.9254,1.9275,1.8774,1.9160,1.8929,1.9669,1.7997,1.7727,1.8460,1.7402,1.8414,1.7336,1.8172,1.7741,1.7219,1.7519,1.8464,1.9979,2.0080,2.0149,2.0074,1.9608,1.9512,2.0216,1.9317,1.9752,1.9873,1.9993,1.9508,1.9156,1.9758,1.9999,2.0231,2.0099,2.0052,2.0062,2.0008,1.9771,1.9903,2.0098,1.5889,1.6290,1.6028,1.5931,1.6314,1.5700,1.5256,1.6338,1.5739,1.5265,1.5322,1.5456,1.6142,1.5257,1.5095,1.5557,1.5250,1.5268,1.5730,1.5100,1.5969,1.5728,1.5461,0,1.0000,2.0308,4.6896,1.9317
18,0.0360,-0.3459,-1.6569,1.0597,2.0308,4.6896,1.5981,0.1110,0.1893,0.0001,1.0273,1.0000,-0.0005,0.0018,0.0059,-0.0198,-0.0105,0.0012,0.0085,-0.0002,-0.0040,0.0277,0.0003,0.0025,0.0016,-0.0048,0.0016,-0.0271,-0.0013,-0.0060,0.0012,0.0026,0.0002,0.0009,0.0002,-0.0007,0.0092,0.0050,-0.0136,0.0001,0.0011,-0.0000,-0.0387,0.0010,-0.0109,-0.0797,0.1222,0.8482,-0.6715,-0.6790,0.1072,0.7615,-0.2830,-0.3932,1.0511,0.0762,0.1815,0.1895,-0.4590,-0.0541,-2.2318,-0.2426,-0.4017,-0.1260,0.1245,0.0118,0.0508,0.0174,-0.2756,0.8457,0.5268,-0.8565,0.0026,0.0733,-0.0021,-1.0000,-1.0000,-1.0000,-1.0000,-1.0000,-1.0000,-1.0000,-1.0000,-1.0000,-1.0000,-1.0000,-1.0000,-1.0000,-1.0000,-1.0000,-1.0000,-1.0000,-1.0000,-1.0000,-1.0000,-1.0000,-1.0000,-1.0000,-1.0000,-1.0000,-1.0000,-1.0000,-1.0000,-1.0000,-1.0000,-1.0000,-1.0000,-1.0000,-1.0000,-1.0000,-1.0000,-1.0000,-1.0000,-1.0000,-1.0000,-1.0000,-1.0000,-1.0000,-1.0000,-1.0000,-1.0000,-1.0000,-1.0000,-1.0000,-1.0000,-1.0000,-1.0000,-1.0000,-1.0000,-1.0000,-1.0000,-1.0000,-1.0000,-1.0000,-1.0000,-1.0000,-1.0000,-1.0000,-1.0000,-1.0000,-1.0000,-1.0000,-1.0000,-1.0000,-1.0000,-1.0000,-1.0000,-1.0000,-1.0000,-1.0000,-1.0000,-1.0000,-1.0000,-1.0000,-1.0000,-1.0000,-1.0000,-1.0000,-1.0000,-1.0000,-1.0000,-1.0000,-1.0000,-1.0000,-1.0000,-1.0000,-1.0000,-1.0000,-1.0000,-1.0000,-1.0000,-1.0000,-1.0000,-1.0000,-1.0000,-1.0000,-1.0000,-1.0000,-1.0000,-1.0000,-1.0000,-1.0000,-1.0000,-1.0000,-1.0000,-1.0000,-1.0000,-1.0000,-1.0000,-1.0000,-1.0000,-1.0000,-1.0000,-1.0000,-1.0000,-1.0000,1.9254,1.9275,1.8774,1.9160,1.8929,1.9669,1.7997,1.7727,1.8460,1.7402,1.8414,1.7336,1.8172,1.7741,1.7219,1.7519,1.8464,1.9979,2.0080,2.0149,2.0074,1.9608,1.9512,2.0216,1.9317,1.9752,1.9873,1.9993,1.9508,1.9156,1.9758,1.9999,2.0231,2.0099,2.0052,2.0062,2.0008,1.9771,1.9903,2.0098,1.5889,1.6290,1.6028,1.5931,1.6314,1.5700,1.5256,1.6338,1.5739,1.5265,1.5322,1.5456,1.6142,1.5257,1.5095,1.5557,1.5250,1.5268,1.5730,1.5100,1.5969,1.5728,1.5461,0,1.0000,2.0308,4.6896,1.9317
18,0.0360,-0.3459,-1.6569,1.0597,2.0308,4.6896,1.5981,0.1110,0.1893,0.0001,1.0273,1.0000,-0.0005,0.0018,0.0059,-0.0198,-0.0105,0.0012,0.0085,-0.0002,-0.0040,0.0277,0.0003,0.0025,0.0016,-0.0048,0.0016,-0.0271,-0.0013,-0.0060,0.0012,0.0026,0.0002,0.0009,0.0002,-0.0007,0.0092,0.0050,-0.0136,0.0001,0.0011,-0.0000,-0.0387,0.0010,-0.0109,-0.0797,0.1222,0.8482,-0.6715,-0.6790,0.1072,0.7615,-0.2830,-0.3932,1.0511,0.0762,0.1815,0.1895,-0.4590,-0.0541,-2.2318,-0.2426,-0.4017,-0.1260,0.1245,0.0118,0.0508,0.0174,-0.2756,0.8457,0.5268,-0.8565,0.0026,0.0733,-0.0021,-1.0000,-1.0000,-1.0000,-1.0000,-1.0000,-1.0000,-1.0000,-1.0000,-1.0000,-1.0000,-1.0000,-1.0000,-1.0000,-1.0000,-1.0000,-1.0000,-1.0000,-1.0000,-1.0000,-1.0000,-1.0000,-1.0000,-1.0000,-1.0000,-1.0000,-1.0000,-1.0000,-1.0000,-1.0000,-1.0000,-1.0000,-1.0000,-1.0000,-1.0000,-1.0000,-1.0000,-1.0000,-1.0000,-1.0000,-1.0000,-1.0000,-1.0000,-1.0000,-1.0000,-1.0000,-1.0000,-1.0000,-1.0000,-1.0000,-1.0000,-1.0000,-1.0000,-1.0000,-1.0000,-1.0000,-1.0000,-1.0000,-1.0000,-1.0000,-1.0000,-1.0000,-1.0000,-1.0000,-1.0000,-1.0000,-1.0000,-1.0000,-1.0000,-1.0000,-1.0000,-1.0000,-1.0000,-1.0000,-1.0000,-1.0000,-1.0000,-1.0000,-1.0000,-1.0000,-1.0000,-1.0000,-1.0000,-1.0000,-1.0000,-1.0000,-1.0000,-1.0000,-1.0000,-1.0000,-1.0000,-1.0000,-1.0000,-1.0000,-1.0000,-1.0000,-1.0000,-1.0000,-1.0000,-1.0000,-1.0000,-1.0000,-1.0000,-1.0000,-1.0000,-1.0000,-1.0000,-1.0000,-1.0000,-1.0000,-1.0000,-1.0000,-1.0000,-1.0000,-1.0000,-1.0000,-1.0000,-1.0000,-1.0000,-1.0000,-1.0000,-1.0000,1.9254,1.9275,1.8774,1.9160,1.8929,1.9669,1.7997,1.7727,1.8460,1.7402,1.8414,1.7336,1.8172,1.7741,1.7219,1.7519,1.8464,1.9979,2.0080,2.0149,2.0074,1.9608,1.9512,2.0216,1.9317,1.9752,1.9873,1.9993,1.9508,1.9156,1.9758,1.9999,2.0231,2.0099,2.0052,2.0062,2.0008,1.9771,1.9903,2.0098,1.5889,1.6290,1.6028,1.5931,1.6314,1.5700,1.5256,1.6338,1.5739,1.5265,1.5322,1.5456,1.6142,1.5257,1.5095,1.5557,1.5250,1.5268,1.5730,1.5100,1.5969,1.5728,1.5461,0,1.0000,2.0308,4.6896,1.9317
18,0.0360,-0.3459,-1.6569,1.0597,2.0308,4.6896,1.5981,0.1110,0.1893,0.0001,1.0273,1.0000,-0.0005,0.0018,0.0059,-0.0198,-0.0105,0.0012,0.0085,-0.0002,-0.0040,0.0277,0.0003,0.0025,0.0016,-0.0048,0.0016,-0.0271,-0.0013,-0.0060,0.0012,0.0026,0.0002,0.0009,0.0002,-0.0007,0.0092,0.0050,-0.0136,0.0001,0.0011,-0.0000,-0.0387,0.0010,-0.0109,-0.0797,0.1222,0.8482,-0.6715,-0.6790,0.1072,0.7615,-0.2830,-0.3932,1.0511,0.0762,0.1815,0.1895,-0.4590,-0.0541,-2.2318,-0.2426,-0.4017,-0.1260,0.1245,0.0118,0.0508,0.0174,-0.2756,0.8457,0.5268,-0.8565,0.0026,0.0733,-0.0021,-1.0000,-1.0000,-1.0000,-1.0000,-1.0000,-1.0000,-1.0000,-1.0000,-1.0000,-1.0000,-1.0000,-1.0000,-1.0000,-1.0000,-1.0000,-1.0000,-1.0000,-1.0000,-1.0000,-1.0000,-1.0000,-1.0000,-1.0000,-1.0000,-1.0000,-1.0000,-1.0000,-1.0000,-1.0000,-1.0000,-1.0000,-1.0000,-1.0000,-1.0000,-1.0000,-1.0000,-1.0000,-1.0000,-1.0000,-1.0000,-1.0000,-1.0000,-1.0000,-1.0000,-1.0000,-1.0000,-1.0000,-1.0000,-1.0000,-1.0000,-1.0000,-1.0000,-1.0000,-1.0000,-1.0000,-1.0000,-1.0000,-1.0000,-1.0000,-1.0000,-1.0000,-1.0000,-1.0000,-1.0000,-1.0000,-1.0000,-1.0000,-1.0000,-1.0000,-1.0000,-1.0000,-1.0000,-1.0000,-1.0000,-1.0000,-1.0000,-1.0000,-1.0000,-1.0000,-1.0000,-1.0000,-1.0000,-1.0000,-1.0000,-1.0000,-1.0000,-1.0000,-1.0000,-1.0000,-1.0000,-1.0000,-1.0000,-1.0000,-1.0000,-1.0000,-1.0000,-1.0000,-1.0000,-1.0000,-1.0000,-1.0000,-1.0000,-1.0000,-1.0000,-1.0000,-1.0000,-1.0000,-1.0000,-1.0000,-1.0000,-1.0000,-1.0000,-1.0000,-1.0000,-1.0000,-1.0000,-1.0000,-1.0000,-1.0000,-1.0000,-1.0000,1.9254,1.9275,1.8774,1.9160,1.8929,1.9669,1.7997,1.7727,1.8460,1.7402,1.8414,1.7336,1.8172,1.7741,1.7219,1.7519,1.8464,1.9979,2.0080,2.0149,2.0074,1.9608,1.9512,2.0216,1.9317,1.9752,1.9873,1.9993,1.9508,1.9156,1.9758,1.9999,2.0231,2.0099,2.0052,2.0062,2.0008,1.9771,1.9903,2.0098,1.5889,1.6290,1.6028,1.5931,1.6314,1.5700,1.5256,1.6338,1.5739,1.5265,1.5322,1.5456,1.6142,1.5257,1.5095,1.5557,1.5250,1.5268,1.5730,1.5100,1.5969,1.5728,1.5461,0,1.0000,2.0308,4.6896,1.9317
18,0.0360,-0.3459,-1.6569,1.0597,2.0308,4.6896,1.5981,0.1110,0.1893,0.0001,1.0273,1.0000,-0.0005,0.0018,0.0059,-0.0198,-0.0105,0.0012,0.0085,-0.0002,-0.0040,0.0277,0.0003,0.0025,0.0016,-0.0048,0.0016,-0.0271,-0.0013,-0.0060,0.0012,0.0026,0.0002,0.0009,0.0002,-0.0007,0.0092,0.0050,-0.0136,0.0001,0.0011,-0.0000,-0.0387,0.0010,-0.0109,-0.0797,0.1222,0.8482,-0.6715,-0.6790,0.1072,0.7615,-0.2830,-0.3932,1.0511,0.0762,0.1815,0.1895,-0.4590,-0.0541,-2.2318,-0.2426,-0.4017,-0.1260,0.1245,0.0118,0.0508,0.0174,-0.2756,0.8457,0.5268,-0.8565,0.0026,0.0733,-0.0021,-1.0000,-1.0000,-1.0000,-1.0000,-1.0000,-1.0000,-1.0000,-1.0000,-1.0000,-1.0000,-1.0000,-1.0000,-1.0000,-1.0000,-1.0000,-1.0000,-1.0000,-1.0000,-1.0000,-1.0000,-1.0000,-1.0000,-1.0000,-1.0000,-1.0000,-1.0000,-1.0000,-1.0000,-1.0000,-1.0000,-1.0000,-1.0000,-1.0000,-1.0000,-1.0000,-1.0000,-1.0000,-1.0000,-1.0000,-1.0000,-1.0000,-1.0000,-1.0000,-1.0000,-1.0000,-1.0000,-1.0000,-1.0000,-1.0000,-1.0000,-1.0000,-1.0000,-1.0000,-1.0000,-1.0000,-1.0000,-1.0000,-1.0000,-1.0000,-1.0000,-1.0000,-1.0000,-1.0000,-1.0000,-1.0000,-1.0000,-1.0000,-1.0000,-1.0000,-1.0000,-1.0000,-1.0000,-1.0000,-1.0000,-1.0000,-1.0000,-1.0000,-1.0000,-1.0000,-1.0000,-1.0000,-1.0000,-1.0000,-1.0000,-1.0000,-1.0000,-1.0000,-1.0000,-1.0000,-1.0000,-1.0000,-1.0000,-1.0000,-1.0000,-1.0000,-1.0000,-1.0000,-1.0000,-1.0000,-1.0000,-1.0000,-1.0000,-1.0000,-1.0000,-1.0000,-1.0000,-1.0000,-1.0000,-1.0000,-1.0000,-1.0000,-1.0000,-1.0000,-1.0000,-1.0000,-1.0000,-1.0000,-1.0000,-1.0000,-1.0000,-1.0000,1.9254,1.9275,1.8774,1.9160,1.8929,1.9669,1.7997,1.7727,1.8460,1.7402,1.8414,1.7336,1.8172,1.7741,1.7219,1.7519,1.8464,1.9979,2.0080,2.0149,2.0074,1.9608,1.9512,2.0216,1.9317,1.9752,1.9873,1.9993,1.9508,1.9156,1.9758,1.9999,2.0231,2.0099,2.0052,2.0062,2.0008,1.9771,1.9903,2.0098,1.5889,1.6290,1.6028,1.5931,1.6314,1.5700,1.5256,1.6338,1.5739,1.5265,1.5322,1.5456,1.6142,1.5257,1.5095,1.5557,1.5250,1.5268,1.5730,1.5100,1.5969,1.5728,1.5461,0,1.0000,2.0308,4.6896,1.9317
18,0.0360,-0.3459,-1.6569,1.0597,2.0308,4.6896,1.5981,0.1110,0.1893,0.0001,1.0273,1.0000,-0.0005,0.0018,0.0059,-0.0198,-0.0105,0.0012,0.0085,-0.0002,-0.0040,0.0277,0.0003,0.0025,0.0016,-0.0048,0.0016,-0.0271,-0.0013,-0.0060,0.0012,0.0026,0.0002,0.0009,0.0002,-0.0007,0.0092,0.0050,-0.0136,0.0001,0.0011,-0.0000,-0.0387,0.0010,-0.0109,-0.0797,0.1222,0.8482,-0.6715,-0.6790,0.1072,0.7615,-0.2830,-0.3932,1.0511,0.0762,0.1815,0.1895,-0.4590,-0.0541,-2.2318,-0.2426,-0.4017,-0.1260,0.1245,0.0118,0.0508,0.0174,-0.2756,0.8457,0.5268,-0.8565,0.0026,0.0733,-0.0021,-1.0000,-1.0000,-1.0000,-1.0000,-1.0000,-1.0000,-1.0000,-1.0000,-1.0000,-1.0000,-1.0000,-1.0000,-1.0000,-1.0000,-1.0000,-1.0000,-1.0000,-1.0000,-1.0000,-1.0000,-1.0000,-1.0000,-1.0000,-1.0000,-1.0000,-1.0000,-1.0000,-1.0000,-1.0000,-1.0000,-1.0000,-1.0000,-1.0000,-1.0000,-1.0000,-1.0000,-1.0000,-1.0000,-1.0000,-1.0000,-1.0000,-1.0000,-1.0000,-1.0000,-1.0000,-1.0000,-1.0000,-1.0000,-1.0000,-1.0000,-1.0000,-1.0000,-1.0000,-1.0000,-1.0000,-1.0000,-1.0000,-1.0000,-1.0000,-1.0000,-1.0000,-1.0000,-1.0000,-1.0000,-1.0000,-1.0000,-1.0000,-1.0000,-1.0000,-1.0000,-1.0000,-1.0000,-1.0000,-1.0000,-1.0000,-1.0000,-1.0000,-1.0000,-1.0000,-1.0000,-1.0000,-1.0000,-1.0000,-1.0000,-1.0000,-1.0000,-1.0000,-1.0000,-1.0000,-1.0000,-1.0000,-1.0000,-1.0000,-1.0000,-1.0000,-1.0000,-1.0000,-1.0000,-1.0000,-1.0000,-1.0000,-1.0000,-1.0000,-1.0000,-1.0000,-1.0000,-1.0000,-1.0000,-1.0000,-1.0000,-1.0000,-1.0000,-1.0000,-1.0000,-1.0000,-1.0000,-1.0000,-1.0000,-1.0000,-1.0000,-1.0000,1.9254,1.9275,1.8774,1.9160,1.8929,1.9669,1.7997,1.7727,1.8460,1.7402,1.8414,1.7336,1.8172,1.7741,1.7219,1.7519,1.8464,1.9979,2.0080,2.0149,2.0074,1.9608,1.9512,2.0216,1.9317,1.9752,1.9873,1.9993,1.9508,1.9156,1.9758,1.9999,2.0231,2.0099,2.0052,2.0062,2.0008,1.9771,1.9903,2.0098,1.5889,1.6290,1.6028,1.5931,1.6314,1.5700,1.5256,1.6338,1.5739,1.5265,1.5322,1.5456,1.6142,1.5257,1.5095,1.5557,1.5250,1.5268,1.5730,1.5100,1.5969,1.5728,1.5461,0,1.0000,2.0308,4.6896,1.9317
18,0.0360,-0.3459,-1.6569,1.0597,2.0308,4.6896,1.5981,0.1110,0.1893,0.0001,1.0273,1.0000,-0.0005,0.0018,0.0059,-0.0198,-0.0105,0.0012,0.0085,-0.0002,-0.0040,0.0277,0.0003,0.0025,0.0016,-0.0048,0.0016,-0.0271,-0.0013,-0.0060,0.0012,0.0026,0.0002,0.0009,0.0002,-0.0007,0.0092,0.0050,-0.0136,0.0001,0.0011,-0.0000,-0.0387,0.0010,-0.0109,-0.0797,0.1222,0.8482,-0.6715,-0.6790,0.1072,0.7615,-0.2830,-0.3932,1.0511,0.0762,0.1815,0.1895,-0.4590,-0.0541,-2.2318,-0.2426,-0.4017,-0.1260,0.1245,0.0118,0.0508,0.0174,-0.2756,0.8457,0.5268,-0.8565,0.0026,0.0733,-0.0021,-1.0000,-1.0000,-1.0000,-1.0000,-1.0000,-1.0000,-1.0000,-1.0000,-1.0000,-1.0000,-1.0000,-1.0000,-1.0000,-1.0000,-1.0000,-1.0000,-1.0000,-1.0000,-1.0000,-1.0000,-1.0000,-1.0000,-1.0000,-1.0000,-1.0000,-1.0000,-1.0000,-1.0000,-1.0000,-1.0000,-1.0000,-1.0000,-1.0000,-1.0000,-1.0000,-1.0000,-1.0000,-1.0000,-1.0000,-1.0000,-1.0000,-1.0000,-1.0000,-1.0000,-1.0000,-1.0000,-1.0000,-1.0000,-1.0000,-1.0000,-1.0000,-1.0000,-1.0000,-1.0000,-1.0000,-1.0000,-1.0000,-1.0000,-1.0000,-1.0000,-1.0000,-1.0000,-1.0000,-1.0000,-1.0000,-1.0000,-1.0000,-1.0000,-1.0000,-1.0000,-1.0000,-1.0000,-1.0000,-1.0000,-1.0000,-1.0000,-1.0000,-1.0000,-1.0000,-1.0000,-1.0000,-1.0000,-1.0000,-1.0000,-1.0000,-1.0000,-1.0000,-1.0000,-1.0000,-1.0000,-1.0000,-1.0000,-1.0000,-1.0000,-1.0000,-1.0000,-1.0000,-1.0000,-1.0000,-1.0000,-1.0000,-1.0000,-1.0000,-1.0000,-1.0000,-1.0000,-1.0000,-1.0000,-1.0000,-1.0000,-1.0000,-1.0000,-1.0000,-1.0000,-1.0000,-1.0000,-1.0000,-1.0000,-1.0000,-1.0000,-1.0000,1.9254,1.9275,1.8774,1.9160,1.8929,1.9669,1.7997,1.7727,1.8460,1.7402,1.8414,1.7336,1.8172,1.7741,1.7219,1.7519,1.8464,1.9979,2.0080,2.0149,2.0074,1.9608,1.9512,2.0216,1.9317,1.9752,1.9873,1.9993,1.9508,1.9156,1.9758,1.9999,2.0231,2.0099,2.0052,2.0062,2.0008,1.9771,1.9903,2.0098,1.5889,1.6290,1.6028,1.5931,1.6314,1.5700,1.5256,1.6338,1.5739,1.5265,1.5322,1.5456,1.6142,1.5257,1.5095,1.5557,1.5250,1.5268,1.5730,1.5100,1.5969,1.5728,1.5461,0,1.0000,2.0308,4.6896,1.9317
18,0.0360,-0.3459,-1.6569,1.0597,2.0308,4.6896,1.5981,0.1110,0.1893,0.0001,1.0273,1.0000,-0.0005,0.0018,0.0059,-0.0198,-0.0105,0.0012,0.0085,-0.0002,-0.0040,0.0277,0.0003,0.0025,0.0016,-0.0048,0.0016,-0.0271,-0.0013,-0.0060,0.0012,0.0026,0.0002,0.0009,0.0002,-0.0007,0.0092,0.0050,-0.0136,0.0001,0.0011,-0.0000,-0.0387,0.0010,-0.0109,-0.0797,0.1222,0.8482,-0.6715,-0.6790,0.1072,0.7615,-0.2830,-0.3932,1.0511,0.0762,0.1815,0.1895,-0.4590,-0.0541,-2.2318,-0.2426,-0.4017,-0.1260,0.1245,0.0118,0.0508,0.0174,-0.2756,0.8457,0.5268,-0.8565,0.0026,0.0733,-0.0021,-1.0000,-1.0000,-1.0000,-1.0000,-1.0000,-1.0000,-1.0000,-1.0000,-1.0000,-1.0000,-1.0000,-1.0000,-1.0000,-1.0000,-1.0000,-1.0000,-1.0000,-1.0000,-1.0000,-1.0000,-1.0000,-1.0000,-1.0000,-1.0000,-1.0000,-1.0000,-1.0000,-1.0000,-1.0000,-1.0000,-1.0000,-1.0000,-1.0000,-1.0000,-1.0000,-1.0000,-1.0000,-1.0000,-1.0000,-1.0000,-1.0000,-1.0000,-1.0000,-1.0000,-1.0000,-1.0000,-1.0000,-1.0000,-1.0000,-1.0000,-1.0000,-1.0000,-1.0000,-1.0000,-1.0000,-1.0000,-1.0000,-1.0000,-1.0000,-1.0000,-1.0000,-1.0000,-1.0000,-1.0000,-1.0000,-1.0000,-1.0000,-1.0000,-1.0000,-1.0000,-1.0000,-1.0000,-1.0000,-1.0000,-1.0000,-1.0000,-1.0000,-1.0000,-1.0000,-1.0000,-1.0000,-1.0000,-1.0000,-1.0000,-1.0000,-1.0000,-1.0000,-1.0000,-1.0000,-1.0000,-1.0000,-1.0000,-1.0000,-1.0000,-1.0000,-1.0000,-1.0000,-1.0000,-1.0000,-1.0000,-1.0000,-1.0000,-1.0000,-1.0000,-1.0000,-1.0000,-1.0000,-1.0000,-1.0000,-1.0000,-1.0000,-1.0000,-1.0000,-1.0000,-1.0000,-1.0000,-1.0000,-1.0000,-1.0000,-1.0000,-1.0000,1.9254,1.9275,1.8774,1.9160,1.8929,1.9669,1.7997,1.7727,1.8460,1.7402,1.8414,1.7336,1.8172,1.7741,1.7219,1.7519,1.8464,1.9979,2.0080,2.0149,2.0074,1.9608,1.9512,2.0216,1.9317,1.9752,1.9873,1.9993,1.9508,1.9156,1.9758,1.9999,2.0231,2.0099,2.0052,2.0062,2.0008,1.9771,1.9903,2.0098,1.5889,1.6290,1.6028,1.5931,1.6314,1.5700,1.5256,1.6338,1.5739,1.5265,1.5322,1.5456,1.6142,1.5257,1.5095,1.5557,1.5250,1.5268,1.5730,1.5100,1.5969,1.5728,1.5461,0,1.0000,2.0308,4.6896,1.9317
19,0.0380,-0.3418,-1.6475,1.0628,2.0308,4.6896,1.5785,0.1110,0.1892,0.0001,1.0273,1.0000,-0.0006,0.0019,0.0067,-0.0211,-0.0118,0.0014,0.0099,-0.0008,-0.0047,0.0297,0.0004,0.0029,0.0022,-0.0060,0.0013,-0.0319,-0.0018,-0.0069,0.0009,0.0028,0.0002,0.0010,0.0002,-0.0015,0.0110,0.0061,-0.0150,0.0001,0.0012,-0.0000,-0.0416,0.0024,-0.0065,-0.0865,0.1225,0.8381,-0.6702,-0.6616,0.1132,0.7250,-0.2868,-0.3488,0.9597,0.0273,0.1756,0.2636,-0.5719,-0.1547,-2.3610,-0.2849,-0.4344,-0.1726,0.1294,0.0129,0.0535,0.0192,-0.3814,0.8955,0.5771,-0.7332,0.0027,0.0741,-0.0021,-1.0000,-1.0000,-1.0000,-1.0000,-1.0000,-1.0000,-1.0000,-1.0000,-1.0000,-1.0000,-1.0000,-1.0000,-1.0000,-1.0000,-1.0000,-1.0000,-1.0000,-1.0000,-1.0000,-1.0000,-1.0000,-1.0000,-1.0000,-1.0000,-1.0000,-1.0000,-1.0000,-1.0000,-1.0000,-1.0000,-1.0000,-1.0000,-1.0000,-1.0000,-1.0000,-1.0000,-1.0000,-1.0000,-1.0000,-1.0000,-1.0000,-1.0000,-1.0000,-1.0000,-1.0000,-1.0000,-1.0000,-1.0000,-1.0000,-1.0000,-1.0000,-1.0000,-1.0000,-1.0000,-1.0000,-1.0000,-1.0000,-1.0000,-1.0000,-1.0000,-1.0000,-1.0000,-1.0000,-1.0000,-1.0000,-1.0000,-1.0000,-1.0000,-1.0000,-1.0000,-1.0000,-1.0000,-1.0000,-1.0000,-1.0000,-1.0000,-1.0000,-1.0000,-1.0000,-1.0000,-1.0000,-1.0000,-1.0000,-1.0000,-1.0000,-1.0000,-1.0000,-1.0000,-1.0000,-1.0000,-1.0000,-1.0000,-1.0000,-1.0000,-1.0000,-1.0000,-1.0000,-1.0000,-1.0000,-1.0000,-1.0000,-1.0000,-1.0000,-1.0000,-1.0000,-1.0000,-1.0000,-1.0000,-1.0000,-1.0000,-1.0000,-1.0000,-1.0000,-1.0000,-1.0000,-1.0000,-1.0000,-1.0000,-1.0000,-1.0000,-1.0000,1.9148,1.9167,1.8667,1.9056,1.8821,1.9563,1.7896,1.7620,1.8353,1.7299,1.8308,1.7229,1.8070,1.7633,1.7117,1.7416,1.8357,1.9873,1.9975,2.0043,1.9968,1.9503,1.9409,2.0113,1.9212,1.9647,1.9770,1.9889,1.9406,1.9052,1.9656,1.9896,2.0125,1.9995,1.9948,1.9956,1.9905,1.9665,1.9797,1.9993,1.5782,1.6180,1.5919,1.5823,1.6207,1.5597,1.5151,1.6233,1.5635,1.5162,1.5219,1.5354,1.6039,1.5156,1.4996,1.5455,1.5149,1.5169,1.5628,1.5000,1.5866,1.5628,1.5361,0,1.0000,2.0308,4.6896,1.9317
19,0.0380,-0.3418,-1.6475,1.0628,2.0308,4.6896,1.5785,0.1110,0.1892,0.0001,1.0273,1.0000,-0.0006,0.0019,0.0067,-0.0211,-0.0118,0.0014,0.0099,-0.0008,-0.0047,0.0297,0.0004,0.0029,0.0022,-0.0060,0.0013,-0.0319,-0.0018,-0.0069,0.0009,0.0028,0.0002,0.0010,0.0002,-0.0015,0.0110,0.0061,-0.0150,0.0001,0.0012,-0.0000,-0.0416,0.0024,-0.0065,-0.0865,0.1225,0.8381,-0.6702,-0.6616,0.1132,0.7250,-0.2868,-0.3488,0.9597,0.0273,0.1756,0.2636,-0.5719,-0.1547,-2.3610,-0.2849,-0.4344,-0.1726,0.1294,0.0129,0.0535,0.0192,-0.3814,0.8955,0.5771,-0.7332,0.0027,0.0741,-0.0021,-1.0000,-1.0000,-1.0000,-1.0000,-1.0000,-1.0000,-1.0000,-1.0000,-1.0000,-1.0000,-1.0000,-1.0000,-1.0000,-1.0000,-1.0000,-1.0000,-1.0000,-1.0000,-1.0000,-1.0000,-1.0000,-1.0000,-1.0000,-1.0000,-1.0000,-1.0000,-1.0000,-1.0000,-1.0000,-1.0000,-1.0000,-1.0000,-1.0000,-1.0000,-1.0000,-1.0000,-1.0000,-1.0000,-1.0000,-1.0000,-1.0000,-1.0000,-1.0000,-1.0000,-1.0000,-1.0000,-1.0000,-1.0000,-1.0000,-1.0000,-1.0000,-1.0000,-1.0000,-1.0000,-1.0000,-1.0000,-1.0000,-1.0000,-1.0000,-1.0000,-1.0000,-1.0000,-1.0000,-1.0000,-1.0000,-1.0000,-1.0000,-1.0000,-1.0000,-1.0000,-1.0000,-1.0000,-1.0000,-1.0000,-1.0000,-1.0000,-1.0000,-1.0000,-1.0000,-1.0000,-1.0000,-1.0000,-1.0000,-1.0000,-1.0000,-1.0000,-1.0000,-1.0000,-1.0000,-1.0000,-1.0000,-1.0000,-1.0000,-1.0000,-1.0000,-1.0000,-1.0000,-1.0000,-1.0000,-1.0000,-1.0000,-1.0000,-1.0000,-1.0000,-1.0000,-1.0000,-1.0000,-1.0000,-1.0000,-1.0000,-1.0000,-1.0000,-1.0000,-1.0000,-1.0000,-1.0000,-1.0000,-1.0000,-1.0000,-1.0000,-1.0000,1.9148,1.9167,1.8667,1.9056,1.8821,1.9563,1.7896,1.7620,1.8353,1.7299,1.8308,1.7229,1.8070,1.7633,1.7117,1.7416,1.8357,1.9873,1.9975,2.0043,1.9968,1.9503,1.9409,2.0113,1.9212,1.9647,1.9770,1.9889,1.9406,1.9052,1.9656,1.9896,2.0125,1.9995,1.9948,1.9956,1.9905,1.9665,1.9797,1.9993,1.5782,1.6180,1.5919,1.5823,1.6207,1.5597,1.5151,1.6233,1.5635,1.5162,1.5219,1.5354,1.6039,1.5156,1.4996,1.5455,1.5149,1.5169,1.5628,1.5000,1.5866,1.5628,1.5361,0,1.0000,2.0308,4.6896,1.9317
19,0.0380,-0.3418,-1.6475,1.0628,2.0308,4.6896,1.5785,0.1110,0.1892,0.0001,1.0273,1.0000,-0.0006,0.0019,0.0067,-0.0211,-0.0118,0.0014,0.0099,-0.0008,-0.0047,0.0297,0.0004,0.0029,0.0022,-0.0060,0.0013,-0.0319,-0.0018,-0.0069,0.0009,0.0028,0.0002,0.0010,0.0002,-0.0015,0.0110,0.0061,-0.0150,0.0001,0.0012,-0.0000,-0.0416,0.0024,-0.0065,-0.0865,0.1225,0.8381,-0.6702,-0.6616,0.1132,0.7250,-0.2868,-0.3488,0.9597,0.0273,0.1756,0.2636,-0.5719,-0.1547,-2.3610,-0.2849,-0.4344,-0.1726,0.1294,0.0129,0.0535,0.0192,-0.3814,0.8955,0.5771,-0.7332,0.0027,0.0741,-0.0021,-1.0000,-1.0000,-1.0000,-1.0000,-1.0000,-1.0000,-1.0000,-1.0000,-1.0000,-1.0000,-1.0000,-1.0000,-1.0000,-1.0000,-1.0000,-1.0000,-1.0000,-1.0000,-1.0000,-1.0000,-1.0000,-1.0000,-1.0000,-1.0000,-1.0000,-1.0000,-1.0000,-1.0000,-1.0000,-1.0000,-1.0000,-1.0000,-1.0000,-1.0000,-1.0000,-1.0000,-1.0000,-1.0000,-1.0000,-1.0000,-1.0000,-1.0000,-1.0000,-1.0000,-1.0000,-1.0000,-1.0000,-1.0000,-1.0000,-1.0000,-1.0000,-1.0000,-1.0000,-1.0000,-1.0000,-1.0000,-1.0000,-1.0000,-1.0000,-1.0000,-1.0000,-1.0000,-1.0000,-1.0000,-1.0000,-1.0000,-1.0000,-1.0000,-1.0000,-1.0000,-1.0000,-1.0000,-1.0000,-1.0000,-1.0000,-1.0000,-1.0000,-1.0000,-1.0000,-1.0000,-1.0000,-1.0000,-1.0000,-1.0000,-1.0000,-1.0000,-1.0000,-1.0000,-1.0000,-1.0000,-1.0000,-1.0000,-1.0000,-1.0000,-1.0000,-1.0000,-1.0000,-1.0000,-1.0000,-1.0000,-1.0000,-1.0000,-1.0000,-1.0000,-1.0000,-1.0000,-1.0000,-1.0000,-1.0000,-1.0000,-1.0000,-1.0000,-1.0000,-1.0000,-1.0000,-1.0000,-1.0000,-1.0000,-1.0000,-1.0000,-1.0000,1.9148,1.9167,1.8667,1.9056,1.8821,1.9563,1.7896,1.7620,1.8353,1.7299,1.8308,1.7229,1.8070,1.7633,1.7117,1.7416,1.8357,1.9873,1.9975,2.0043,1.9968,1.9503,1.9409,2.0113,1.9212,1.9647,1.9770,1.9889,1.9406,1.9052,1.9656,1.9896,2.0125,1.9995,1.9948,1.9956,1.9905,1.9665,1.9797,1.9993,1.5782,1.6180,1.5919,1.5823,1.6207,1.5597,1.5151,1.6233,1.5635,1.5162,1.5219,1.5354,1.6039,1.5156,1.4996,1.5455,1.5149,1.5169,1.5628,1.5000,1.5866,1.5628,1.5361,0,1.0000,2.0308,4.6896,1.9317
19,0.0380,-0.3418,-1.6475,1.0628,2.0308,4.6896,1.5785,0.1110,0.1892,0.0001,1.0273,1.0000,-0.0006,0.0019,0.0067,-0.0211,-0.0118,0.0014,0.0099,-0.0008,-0.0047,0.0297,0.0004,0.0029,0.0022,-0.0060,0.0013,-0.0319,-0.0018,-0.0069,0.0009,0.0028,0.0002,0.0010,0.0002,-0.0015,0.0110,0.0061,-0.0150,0.0001,0.0012,-0.0000,-0.0416,0.0024,-0.0065,-0.0865,0.1225,0.8381,-0.6702,-0.6616,0.1132,0.7250,-0.2868,-0.3488,0.9597,0.0273,0.1756,0.2636,-0.5719,-0.1547,-2.3610,-0.2849,-0.4344,-0.1726,0.1294,0.0129,0.0535,0.0192,-0.3814,0.8955,0.5771,-0.7332,0.0027,0.0741,-0.0021,-1.0000,-1.0000,-1.0000,-1.0000,-1.0000,-1.0000,-1.0000,-1.0000,-1.0000,-1.0000,-1.0000,-1.0000,-1.0000,-1.0000,-1.0000,-1.0000,-1.0000,-1.0000,-1.0000,-1.0000,-1.0000,-1.0000,-1.0000,-1.0000,-1.0000,-1.0000,-1.0000,-1.0000,-1.0000,-1.0000,-1.0000,-1.0000,-1.0000,-1.0000,-1.0000,-1.0000,-1.0000,-1.0000,-1.0000,-1.0000,-1.0000,-1.0000,-1.0000,-1.0000,-1.0000,-1.0000,-1.0000,-1.0000,-1.0000,-1.0000,-1.0000,-1.0000,-1.0000,-1.0000,-1.0000,-1.0000,-1.0000,-1.0000,-1.0000,-1.0000,-1.0000,-1.0000,-1.0000,-1.0000,-1.0000,-1.0000,-1.0000,-1.0000,-1.0000,-1.0000,-1.0000,-1.0000,-1.0000,-1.0000,-1.0000,-1.0000,-1.0000,-1.0000,-1.0000,-1.0000,-1.0000,-1.0000,-1.0000,-1.0000,-1.0000,-1.0000,-1.0000,-1.0000,-1.0000,-1.0000,-1.0000,-1.0000,-1.0000,-1.0000,-1.0000,-1.0000,-1.0000,-1.0000,-1.0000,-1.0000,-1.0000,-1.0000,-1.0000,-1.0000,-1.0000,-1.0000,-1.0000,-1.0000,-1.0000,-1.0000,-1.0000,-1.0000,-1.0000,-1.0000,-1.0000,-1.0000,-1.0000,-1.0000,-1.0000,-1.0000,-1.0000,1.9148,1.9167,1.8667,1.9056,1.8821,1.9563,1.7896,1.7620,1.8353,1.7299,1.8308,1.7229,1.8070,1.7633,1.7117,1.7416,1.8357,1.9873,1.9975,2.0043,1.9968,1.9503,1.9409,2.0113,1.9212,1.9647,1.9770,1.9889,1.9406,1.9052,1.9656,1.9896,2.0125,1.9995,1.9948,1.9956,1.9905,1.9665,1.9797,1.9993,1.5782,1.6180,1.5919,1.5823,1.6207,1.5597,1.5151,1.6233,1.5635,1.5162,1.5219,1.5354,1.6039,1.5156,1.4996,1.5455,1.5149,1.5169,1.5628,1.5000,1.5866,1.5628,1.5361,0,1.0000,2.0308,4.6896,1.9317
19,0.0380,-0.3418,-1.6475,1.0628,2.0308,4.6896,1.5785,0.1110,0.1892,0.0001,1.0273,1.0000,-0.0006,0.0019,0.0067,-0.0211,-0.0118,0.0014,0.0099,-0.0008,-0.0047,0.0297,0.0004,0.0029,0.0022,-0.0060,0.0013,-0.0319,-0.0018,-0.0069,0.0009,0.0028,0.0002,0.0010,0.0002,-0.0015,0.0110,0.0061,-0.0150,0.0001,0.0012,-0.0000,-0.0416,0.0024,-0.0065,-0.0865,0.1225,0.8381,-0.6702,-0.6616,0.1132,0.7250,-0.2868,-0.3488,0.9597,0.0273,0.1756,0.2636,-0.5719,-0.1547,-2.3610,-0.2849,-0.4344,-0.1726,0.1294,0.0129,0.0535,0.0192,-0.3814,0.8955,0.5771,-0.7332,0.0027,0.0741,-0.0021,-1.0000,-1.0000,-1.0000,-1.0000,-1.0000,-1.0000,-1.0000,-1.0000,-1.0000,-1.0000,-1.0000,-1.0000,-1.0000,-1.0000,-1.0000,-1.0000,-1.0000,-1.0000,-1.0000,-1.0000,-1.0000,-1.0000,-1.0000,-1.0000,-1.0000,-1.0000,-1.0000,-1.0000,-1.0000,-1.0000,-1.0000,-1.0000,-1.0000,-1.0000,-1.0000,-1.0000,-1.0000,-1.0000,-1.0000,-1.0000,-1.0000,-1.0000,-1.0000,-1.0000,-1.0000,-1.0000,-1.0000,-1.0000,-1.0000,-1.0000,-1.0000,-1.0000,-1.0000,-1.0000,-1.0000,-1.0000,-1.0000,-1.0000,-1.0000,-1.0000,-1.0000,-1.0000,-1.0000,-1.0000,-1.0000,-1.0000,-1.0000,-1.0000,-1.0000,-1.0000,-1.0000,-1.0000,-1.0000,-1.0000,-1.0000,-1.0000,-1.0000,-1.0000,-1.0000,-1.0000,-1.0000,-1.0000,-1.0000,-1.0000,-1.0000,-1.0000,-1.0000,-1.0000,-1.0000,-1.0000,-1.0000,-1.0000,-1.0000,-1.0000,-1.0000,-1.0000,-1.0000,-1.0000,-1.0000,-1.0000,-1.0000,-1.0000,-1.0000,-1.0000,-1.0000,-1.0000,-1.0000,-1.0000,-1.0000,-1.0000,-1.0000,-1.0000,-1.0000,-1.0000,-1.0000,-1.0000,-1.0000,-1.0000,-1.0000,-1.0000,-1.0000,1.9148,1.9167,1.8667,1.9056,1.8821,1.9563,1.7896,1.7620,1.8353,1.7299,1.8308,1.7229,1.8070,1.7633,1.7117,1.7416,1.8357,1.9873,1.9975,2.0043,1.9968,1.9503,1.9409,2.0113,1.9212,1.9647,1.9770,1.9889,1.9406,1.9052,1.9656,1.9896,2.0125,1.9995,1.9948,1.9956,1.9905,1.9665,1.9797,1.9993,1.5782,1.6180,1.5919,1.5823,1.6207,1.5597,1.5151,1.6233,1.5635,1.5162,1.5219,1.5354,1.6039,1.5156,1.4996,1.5455,1.5149,1.5169,1.5628,1.5000,1.5866,1.5628,1.5361,0,1.0000,2.0308,4.6896,1.9317
19,0.0380,-0.3418,-1.6475,1.0628,2.0308,4.6896,1.5785,0.1110,0.1892,0.0001,1.0273,1.0000,-0.0006,0.0019,0.0067,-0.0211,-0.0118,0.0014,0.0099,-0.0008,-0.0047,0.0297,0.0004,0.0029,0.0022,-0.0060,0.0013,-0.0319,-0.0018,-0.0069,0.0009,0.0028,0.0002,0.0010,0.0002,-0.0015,0.0110,0.0061,-0.0150,0.0001,0.0012,-0.0000,-0.0416,0.0024,-0.0065,-0.0865,0.1225,0.8381,-0.6702,-0.6616,0.1132,0.7250,-0.2868,-0.3488,0.9597,0.0273,0.1756,0.2636,-0.5719,-0.1547,-2.3610,-0.2849,-0.4344,-0.1726,0.1294,0.0129,0.0535,0.0192,-0.3814,0.8955,0.5771,-0.7332,0.0027,0.0741,-0.0021,-1.0000,-1.0000,-1.0000,-1.0000,-1.0000,-1.0000,-1.0000,-1.0000,-1.0000,-1.0000,-1.0000,-1.0000,-1.0000,-1.0000,-1.0000,-1.0000,-1.0000,-1.0000,-1.0000,-1.0000,-1.0000,-1.0000,-1.0000,-1.0000,-1.0000,-1.0000,-1.0000,-1.0000,-1.0000,-1.0000,-1.0000,-1.0000,-1.0000,-1.0000,-1.0000,-1.0000,-1.0000,-1.0000,-1.0000,-1.0000,-1.0000,-1.0000,-1.0000,-1.0000,-1.0000,-1.0000,-1.0000,-1.0000,-1.0000,-1.0000,-1.0000,-1.0000,-1.0000,-1.0000,-1.0000,-1.0000,-1.0000,-1.0000,-1.0000,-1.0000,-1.0000,-1.0000,-1.0000,-1.0000,-1.0000,-1.0000,-1.0000,-1.0000,-1.0000,-1.0000,-1.0000,-1.0000,-1.0000,-1.0000,-1.0000,-1.0000,-1.0000,-1.0000,-1.0000,-1.0000,-1.0000,-1.0000,-1.0000,-1.0000,-1.0000,-1.0000,-1.0000,-1.0000,-1.0000,-1.0000,-1.0000,-1.0000,-1.0000,-1.0000,-1.0000,-1.0000,-1.0000,-1.0000,-1.0000,-1.0000,-1.0000,-1.0000,-1.0000,-1.0000,-1.0000,-1.0000,-1.0000,-1.0000,-1.0000,-1.0000,-1.0000,-1.0000,-1.0000,-1.0000,-1.0000,-1.0000,-1.0000,-1.0000,-1.0000,-1.0000,-1.0000,1.9148,1.9167,1.8667,1.9056,1.8821,1.9563,1.7896,1.7620,1.8353,1.7299,1.8308,1.7229,1.8070,1.7633,1.7117,1.7416,1.8357,1.9873,1.9975,2.0043,1.9968,1.9503,1.9409,2.0113,1.9212,1.9647,1.9770,1.9889,1.9406,1.9052,1.9656,1.9896,2.0125,1.9995,1.9948,1.9956,1.9905,1.9665,1.9797,1.9993,1.5782,1.6180,1.5919,1.5823,1.6207,1.5597,1.5151,1.6233,1.5635,1.5162,1.5219,1.5354,1.6039,1.5156,1.4996,1.5455,1.5149,1.5169,1.5628,1.5000,1.5866,1.5628,1.5361,0,1.0000,2.0308,4.6896,1.9317
19,0.0380,-0.3418,-1.6475,1.0628,2.0308,4.6896,1.5785,0.1110,0.1892,0.0001,1.0273,1.0000,-0.0006,0.0019,0.0067,-0.0211,-0.0118,0.0014,0.0099,-0.0008,-0.0047,0.0297,0.0004,0.0029,0.0022,-0.0060,0.0013,-0.0319,-0.0018,-0.0069,0.0009,0.0028,0.0002,0.0010,0.0002,-0.0015,0.0110,0.0061,-0.0150,0.0001,0.0012,-0.0000,-0.0416,0.0024,-0.0065,-0.0865,0.1225,0.8381,-0.6702,-0.6616,0.1132,0.7250,-0.2868,-0.3488,0.9597,0.0273,0.1756,0.2636,-0.5719,-0.1547,-2.3610,-0.2849,-0.4344,-0.1726,0.1294,0.0129,0.0535,0.0192,-0.3814,0.8955,0.5771,-0.7332,0.0027,0.0741,-0.0021,-1.0000,-1.0000,-1.0000,-1.0000,-1.0000,-1.0000,-1.0000,-1.0000,-1.0000,-1.0000,-1.0000,-1.0000,-1.0000,-1.0000,-1.0000,-1.0000,-1.0000,-1.0000,-1.0000,-1.0000,-1.0000,-1.0000,-1.0000,-1.0000,-1.0000,-1.0000,-1.0000,-1.0000,-1.0000,-1.0000,-1.0000,-1.0000,-1.0000,-1.0000,-1.0000,-1.0000,-1.0000,-1.0000,-1.0000,-1.0000,-1.0000,-1.0000,-1.0000,-1.0000,-1.0000,-1.0000,-1.0000,-1.0000,-1.0000,-1.0000,-1.0000,-1.0000,-1.0000,-1.0000,-1.0000,-1.0000,-1.0000,-1.0000,-1.0000,-1.0000,-1.0000,-1.0000,-1.0000,-1.0000,-1.0000,-1.0000,-1.0000,-1.0000,-1.0000,-1.0000,-1.0000,-1.0000,-1.0000,-1.0000,-1.0000,-1.0000,-1.0000,-1.0000,-1.0000,-1.0000,-1.0000,-1.0000,-1.0000,-1.0000,-1.0000,-1.0000,-1.0000,-1.0000,-1.0000,-1.0000,-1.0000,-1.0000,-1.0000,-1.0000,-1.0000,-1.0000,-1.0000,-1.0000,-1.0000,-1.0000,-1.0000,-1.0000,-1.0000,-1.0000,-1.0000,-1.0000,-1.0000,-1.0000,-1.0000,-1.0000,-1.0000,-1.0000,-1.0000,-1.0000,-1.0000,-1.0000,-1.0000,-1.0000,-1.0000,-1.0000,-1.0000,1.9148,1.9167,1.8667,1.9056,1.8821,1.9563,1.7896,1.7620,1.8353,1.7299,1.8308,1.7229,1.8070,1.7633,1.7117,1.7416,1.8357,1.9873,1.9975,2.0043,1.9968,1.9503,1.9409,2.0113,1.9212,1.9647,1.9770,1.9889,1.9406,1.9052,1.9656,1.9896,2.0125,1.9995,1.9948,1.9956,1.9905,1.9665,1.9797,1.9993,1.5782,1.6180,1.5919,1.5823,1.6207,1.5597,1.5151,1.6233,1.5635,1.5162,1.5219,1.5354,1.6039,1.5156,1.4996,1.5455,1.5149,1.5169,1.5628,1.5000,1.5866,1.5628,1.5361,0,1.0000,2.0308,4.6896,1.9317
19,0.0380,-0.3418,-1.6475,1.0628,2.0308,4.6896,1.5785,0.1110,0.1892,0.0001,1.0273,1.0000,-0.0006,0.0019,0.0067,-0.0211,-0.0118,0.0014,0.0099,-0.0008,-0.0047,0.0297,0.0004,0.0029,0.0022,-0.0060,0.0013,-0.0319,-0.0018,-0.0069,0.0009,0.0028,0.0002,0.0010,0.0002,-0.0015,0.0110,0.0061,-0.0150,0.0001,0.0012,-0.0000,-0.0416,0.0024,-0.0065,-0.0865,0.1225,0.8381,-0.6702,-0.6616,0.1132,0.7250,-0.2868,-0.3488,0.9597,0.0273,0.1756,0.2636,-0.5719,-0.1547,-2.3610,-0.2849,-0.4344,-0.1726,0.1294,0.0129,0.0535,0.0192,-0.3814,0.8955,0.5771,-0.7332,0.0027,0.0741,-0.0021,-1.0000,-1.0000,-1.0000,-1.0000,-1.0000,-1.0000,-1.0000,-1.0000,-1.0000,-1.0000,-1.0000,-1.0000,-1.0000,-1.0000,-1.0000,-1.0000,-1.0000,-1.0000,-1.0000,-1.0000,-1.0000,-1.0000,-1.0000,-1.0000,-1.0000,-1.0000,-1.0000,-1.0000,-1.0000,-1.0000,-1.0000,-1.0000,-1.0000,-1.0000,-1.0000,-1.0000,-1.0000,-1.0000,-1.0000,-1.0000,-1.0000,-1.0000,-1.0000,-1.0000,-1.0000,-1.0000,-1.0000,-1.0000,-1.0000,-1.0000,-1.0000,-1.0000,-1.0000,-1.0000,-1.0000,-1.0000,-1.0000,-1.0000,-1.0000,-1.0000,-1.0000,-1.0000,-1.0000,-1.0000,-1.0000,-1.0000,-1.0000,-1.0000,-1.0000,-1.0000,-1.0000,-1.0000,-1.0000,-1.0000,-1.0000,-1.0000,-1.0000,-1.0000,-1.0000,-1.0000,-1.0000,-1.0000,-1.0000,-1.0000,-1.0000,-1.0000,-1.0000,-1.0000,-1.0000,-1.0000,-1.0000,-1.0000,-1.0000,-1.0000,-1.0000,-1.0000,-1.0000,-1.0000,-1.0000,-1.0000,-1.0000,-1.0000,-1.0000,-1.0000,-1.0000,-1.0000,-1.0000,-1.0000,-1.0000,-1.0000,-1.0000,-1.0000,-1.0000,-1.0000,-1.0000,-1.0000,-1.0000,-1.0000,-1.0000,-1.0000,-1.0000,1.9148,1.9167,1.8667,1.9056,1.8821,1.9563,1.7896,1.7620,1.8353,1.7299,1.8308,1.7229,1.8070,1.7633,1.7117,1.7416,1.8357,1.9873,1.9975,2.0043,1.9968,1.9503,1.9409,2.0113,1.9212,1.9647,1.9770,1.9889,1.9406,1.9052,1.9656,1.9896,2.0125,1.9995,1.9948,1.9956,1.9905,1.9665,1.9797,1.9993,1.5782,1.6180,1.5919,1.5823,1.6207,1.5597,1.5151,1.6233,1.5635,1.5162,1.5219,1.5354,1.6039,1.5156,1.4996,1.5455,1.5149,1.5169,1.5628,1.5000,1.5866,1.5628,1.5361,0,1.0000,2.0308,4.6896,1.9317
19,0.0380,-0.3418,-1.6475,1.0628,2.0308,4.6896,1.5785,0.1110,0.1892,0.0001,1.0273,1.0000,-0.0006,0.0019,0.0067,-0.0211,-0.0118,0.0014,0.0099,-0.0008,-0.0047,0.0297,0.0004,0.0029,0.0022,-0.0060,0.0013,-0.0319,-0.0018,-0.0069,0.0009,0.0028,0.0002,0.0010,0.0002,-0.0015,0.0110,0.0061,-0.0150,0.0001,0.0012,-0.0000,-0.0416,0.0024,-0.0065,-0.0865,0.1225,0.8381,-0.6702,-0.6616,0.1132,0.7250,-0.2868,-0.3488,0.9597,0.0273,0.1756,0.2636,-0.5719,-0.1547,-2.3610,-0.2849,-0.4344,-0.1726,0.1294,0.0129,0.0535,0.0192,-0.3814,0.8955,0.5771,-0.7332,0.0027,0.0741,-0.0021,-1.0000,-1.0000,-1.0000,-1.0000,-1.0000,-1.0000,-1.0000,-1.0000,-1.0000,-1.0000,-1.0000,-1.0000,-1.0000,-1.0000,-1.0000,-1.0000,-1.0000,-1.0000,-1.0000,-1.0000,-1.0000,-1.0000,-1.0000,-1.0000,-1.0000,-1.0000,-1.0000,-1.0000,-1.0000,-1.0000,-1.0000,-1.0000,-1.0000,-1.0000,-1.0000,-1.0000,-1.0000,-1.0000,-1.0000,-1.0000,-1.0000,-1.0000,-1.0000,-1.0000,-1.0000,-1.0000,-1.0000,-1.0000,-1.0000,-1.0000,-1.0000,-1.0000,-1.0000,-1.0000,-1.0000,-1.0000,-1.0000,-1.0000,-1.0000,-1.0000,-1.0000,-1.0000,-1.0000,-1.0000,-1.0000,-1.0000,-1.0000,-1.0000,-1.0000,-1.0000,-1.0000,-1.0000,-1.0000,-1.0000,-1.0000,-1.0000,-1.0000,-1.0000,-1.0000,-1.0000,-1.0000,-1.0000,-1.0000,-1.0000,-1.0000,-1.0000,-1.0000,-1.0000,-1.0000,-1.0000,-1.0000,-1.0000,-1.0000,-1.0000,-1.0000,-1.0000,-1.0000,-1.0000,-1.0000,-1.0000,-1.0000,-1.0000,-1.0000,-1.0000,-1.0000,-1.0000,-1.0000,-1.0000,-1.0000,-1.0000,-1.0000,-1.0000,-1.0000,-1.0000,-1.0000,-1.0000,-1.0000,-1.0000,-1.0000,-1.0000,-1.0000,1.9148,1.9167,1.8667,1.9056,1.8821,1.9563,1.7896,1.7620,1.8353,1.7299,1.8308,1.7229,1.8070,1.7633,1.7117,1.7416,1.8357,1.9873,1.9975,2.0043,1.9968,1.9503,1.9409,2.0113,1.9212,1.9647,1.9770,1.9889,1.9406,1.9052,1.9656,1.9896,2.0125,1.9995,1.9948,1.9956,1.9905,1.9665,1.9797,1.9993,1.5782,1.6180,1.5919,1.5823,1.6207,1.5597,1.5151,1.6233,1.5635,1.5162,1.5219,1.5354,1.6039,1.5156,1.4996,1.5455,1.5149,1.5169,1.5628,1.5000,1.5866,1.5628,1.5361,0,1.0000,2.0308,4.6896,1.9317
19,0.0380,-0.3418,-1.6475,1.0628,2.0308,4.6896,1.5785,0.1110,0.1892,0.0001,1.0273,1.0000,-0.0006,0.0019,0.0067,-0.0211,-0.0118,0.0014,0.0099,-0.0008,-0.0047,0.0297,0.0004,0.0029,0.0022,-0.0060,0.0013,-0.0319,-0.0018,-0.0069,0.0009,0.0028,0.0002,0.0010,0.0002,-0.0015,0.0110,0.0061,-0.0150,0.0001,0.0012,-0.0000,-0.0416,0.0024,-0.0065,-0.0865,0.1225,0.8381,-0.6702,-0.6616,0.1132,0.7250,-0.2868,-0.3488,0.9597,0.0273,0.1756,0.2636,-0.5719,-0.1547,-2.3610,-0.2849,-0.4344,-0.1726,0.1294,0.0129,0.0535,0.0192,-0.3814,0.8955,0.5771,-0.7332,0.0027,0.0741,-0.0021,-1.0000,-1.0000,-1.0000,-1.0000,-1.0000,-1.0000,-1.0000,-1.0000,-1.0000,-1.0000,-1.0000,-1.0000,-1.0000,-1.0000,-1.0000,-1.0000,-1.0000,-1.0000,-1.0000,-1.0000,-1.0000,-1.0000,-1.0000,-1.0000,-1.0000,-1.0000,-1.0000,-1.0000,-1.0000,-1.0000,-1.0000,-1.0000,-1.0000,-1.0000,-1.0000,-1.0000,-1.0000,-1.0000,-1.0000,-1.0000,-1.0000,-1.0000,-1.0000,-1.0000,-1.0000,-1.0000,-1.0000,-1.0000,-1.0000,-1.0000,-1.0000,-1.0000,-1.0000,-1.0000,-1.0000,-1.0000,-1.0000,-1.0000,-1.0000,-1.0000,-1.0000,-1.0000,-1.0000,-1.0000,-1.0000,-1.0000,-1.0000,-1.0000,-1.0000,-1.0000,-1.0000,-1.0000,-1.0000,-1.0000,-1.0000,-1.0000,-1.0000,-1.0000,-1.0000,-1.0000,-1.0000,-1.0000,-1.0000,-1.0000,-1.0000,-1.0000,-1.0000,-1.0000,-1.0000,-1.0000,-1.0000,-1.0000,-1.0000,-1.0000,-1.0000,-1.0000,-1.0000,-1.0000,-1.0000,-1.0000,-1.0000,-1.0000,-1.0000,-1.0000,-1.0000,-1.0000,-1.0000,-1.0000,-1.0000,-1.0000,-1.0000,-1.0000,-1.0000,-1.0000,-1.0000,-1.0000,-1.0000,-1.0000,-1.0000,-1.0000,-1.0000,1.9148,1.9167,1.8667,1.9056,1.8821,1.9563,1.7896,1.7620,1.8353,1.7299,1.8308,1.7229,1.8070,1.7633,1.7117,1.7416,1.8357,1.9873,1.9975,2.0043,1.9968,1.9503,1.9409,2.0113,1.9212,1.9647,1.9770,1.9889,1.9406,1.9052,1.9656,1.9896,2.0125,1.9995,1.9948,1.9956,1.9905,1.9665,1.9797,1.9993,1.5782,1.6180,1.5919,1.5823,1.6207,1.5597,1.5151,1.6233,1.5635,1.5162,1.5219,1.5354,1.6039,1.5156,1.4996,1.5455,1.5149,1.5169,1.5628,1.5000,1.5866,1.5628,1.5361,0,1.0000,2.0308,4.6896,1.9317
19,0.0380,-0.3418,-1.6475,1.0628,2.0308,4.6896,1.5785,0.1110,0.1892,0.0001,1.0273,1.0000,-0.0006,0.0019,0.0067,-0.0211,-0.0118,0.0014,0.0099,-0.0008,-0.0047,0.0297,0.0004,0.0029,0.0022,-0.0060,0.0013,-0.0319,-0.0018,-0.0069,0.0009,0.0028,0.0002,0.0010,0.0002,-0.0015,0.0110,0.0061,-0.0150,0.0001,0.0012,-0.0000,-0.0416,0.0024,-0.0065,-0.0865,0.1225,0.8381,-0.6702,-0.6616,0.1132,0.7250,-0.2868,-0.3488,0.9597,0.0273,0.1756,0.2636,-0.5719,-0.1547,-2.3610,-0.2849,-0.4344,-0.1726,0.1294,0.0129,0.0535,0.0192,-0.3814,0.8955,0.5771,-0.7332,0.0027,0.0741,-0.0021,-1.0000,-1.0000,-1.0000,-1.0000,-1.0000,-1.0000,-1.0000,-1.0000,-1.0000,-1.0000,-1.0000,-1.0000,-1.0000,-1.0000,-1.0000,-1.0000,-1.0000,-1.0000,-1.0000,-1.0000,-1.0000,-1.0000,-1.0000,-1.0000,-1.0000,-1.0000,-1.0000,-1.0000,-1.0000,-1.0000,-1.0000,-1.0000,-1.0000,-1.0000,-1.0000,-1.0000,-1.0000,-1.0000,-1.0000,-1.0000,-1.0000,-1.0000,-1.0000,-1.0000,-1.0000,-1.0000,-1.0000,-1.0000,-1.0000,-1.0000,-1.0000,-1.0000,-1.0000,-1.0000,-1.0000,-1.0000,-1.0000,-1.0000,-1.0000,-1.0000,-1.0000,-1.0000,-1.0000,-1.0000,-1.0000,-1.0000,-1.0000,-1.0000,-1.0000,-1.0000,-1.0000,-1.0000,-1.0000,-1.0000,-1.0000,-1.0000,-1.0000,-1.0000,-1.0000,-1.0000,-1.0000,-1.0000,-1.0000,-1.0000,-1.0000,-1.0000,-1.0000,-1.0000,-1.0000,-1.0000,-1.0000,-1.0000,-1.0000,-1.0000,-1.0000,-1.0000,-1.0000,-1.0000,-1.0000,-1.0000,-1.0000,-1.0000,-1.0000,-1.0000,-1.0000,-1.0000,-1.0000,-1.0000,-1.0000,-1.0000,-1.0000,-1.0000,-1.0000,-1.0000,-1.0000,-1.0000,-1.0000,-1.0000,-1.0000,-1.0000,-1.0000,1.9148,1.9167,1.8667,1.9056,1.8821,1.9563,1.7896,1.7620,1.8353,1.7299,1.8308,1.7229,1.8070,1.7633,1.7117,1.7416,1.8357,1.9873,1.9975,2.0043,1.9968,1.9503,1.9409,2.0113,1.9212,1.9647,1.9770,1.9889,1.9406,1.9052,1.9656,1.9896,2.0125,1.9995,1.9948,1.9956,1.9905,1.9665,1.9797,1.9993,1.5782,1.6180,1.5919,1.5823,1.6207,1.5597,1.5151,1.6233,1.5635,1.5162,1.5219,1.5354,1.6039,1.5156,1.4996,1.5455,1.5149,1.5169,1.5628,1.5000,1.5866,1.5628,1.5361,0,1.0000,2.0308,4.6896,1.9317
19,0.0380,-0.3418,-1.6475,1.0628,2.0308,4.6896,1.5785,0.1110,0.1892,0.0001,1.0273,1.0000,-0.0006,0.0019,0.0067,-0.0211,-0.0118,0.0014,0.0099,-0.0008,-0.0047,0.0297,0.0004,0.0029,0.0022,-0.0060,0.0013,-0.0319,-0.0018,-0.0069,0.0009,0.0028,0.0002,0.0010,0.0002,-0.0015,0.0110,0.0061,-0.0150,0.0001,0.0012,-0.0000,-0.0416,0.0024,-0.0065,-0.0865,0.1225,0.8381,-0.6702,-0.6616,0.1132,0.7250,-0.2868,-0.3488,0.9597,0.0273,0.1756,0.2636,-0.5719,-0.1547,-2.3610,-0.2849,-0.4344,-0.1726,0.1294,0.0129,0.0535,0.0192,-0.3814,0.8955,0.5771,-0.7332,0.0027,0.0741,-0.0021,-1.0000,-1.0000,-1.0000,-1.0000,-1.0000,-1.0000,-1.0000,-1.0000,-1.0000,-1.0000,-1.0000,-1.0000,-1.0000,-1.0000,-1.0000,-1.0000,-1.0000,-1.0000,-1.0000,-1.0000,-1.0000,-1.0000,-1.0000,-1.0000,-1.0000,-1.0000,-1.0000,-1.0000,-1.0000,-1.0000,-1.0000,-1.0000,-1.0000,-1.0000,-1.0000,-1.0000,-1.0000,-1.0000,-1.0000,-1.0000,-1.0000,-1.0000,-1.0000,-1.0000,-1.0000,-1.0000,-1.0000,-1.0000,-1.0000,-1.0000,-1.0000,-1.0000,-1.0000,-1.0000,-1.0000,-1.0000,-1.0000,-1.0000,-1.0000,-1.0000,-1.0000,-1.0000,-1.0000,-1.0000,-1.0000,-1.0000,-1.0000,-1.0000,-1.0000,-1.0000,-1.0000,-1.0000,-1.0000,-1.0000,-1.0000,-1.0000,-1.0000,-1.0000,-1.0000,-1.0000,-1.0000,-1.0000,-1.0000,-1.0000,-1.0000,-1.0000,-1.0000,-1.0000,-1.0000,-1.0000,-1.0000,-1.0000,-1.0000,-1.0000,-1.0000,-1.0000,-1.0000,-1.0000,-1.0000,-1.0000,-1.0000,-1.0000,-1.0000,-1.0000,-1.0000,-1.0000,-1.0000,-1.0000,-1.0000,-1.0000,-1.0000,-1.0000,-1.0000,-1.0000,-1.0000,-1.0000,-1.0000,-1.0000,-1.0000,-1.0000,-1.0000,1.9148,1.9167,1.8667,1.9056,1.8821,1.9563,1.7896,1.7620,1.8353,1.7299,1.8308,1.7229,1.8070,1.7633,1.7117,1.7416,1.8357,1.9873,1.9975,2.0043,1.9968,1.9503,1.9409,2.0113,1.9212,1.9647,1.9770,1.9889,1.9406,1.9052,1.9656,1.9896,2.0125,1.9995,1.9948,1.9956,1.9905,1.9665,1.9797,1.9993,1.5782,1.6180,1.5919,1.5823,1.6207,1.5597,1.5151,1.6233,1.5635,1.5162,1.5219,1.5354,1.6039,1.5156,1.4996,1.5455,1.5149,1.5169,1.5628,1.5000,1.5866,1.5628,1.5361,0,1.0000,2.0308,4.6896,1.9317
19,0.0380,-0.3418,-1.6475,1.0628,2.0308,4.6896,1.5785,0.1110,0.1892,0.0001,1.0273,1.0000,-0.0006,0.0019,0.0067,-0.0211,-0.0118,0.0014,0.0099,-0.0008,-0.0047,0.0297,0.0004,0.0029,0.0022,-0.0060,0.0013,-0.0319,-0.0018,-0.0069,0.0009,0.0028,0.0002,0.0010,0.0002,-0.0015,0.0110,0.0061,-0.0150,0.0001,0.0012,-0.0000,-0.0416,0.0024,-0.0065,-0.0865,0.1225,0.8381,-0.6702,-0.6616,0.1132,0.7250,-0.2868,-0.3488,0.9597,0.0273,0.1756,0.2636,-0.5719,-0.1547,-2.3610,-0.2849,-0.4344,-0.1726,0.1294,0.0129,0.0535,0.0192,-0.3814,0.8955,0.5771,-0.7332,0.0027,0.0741,-0.0021,-1.0000,-1.0000,-1.0000,-1.0000,-1.0000,-1.0000,-1.0000,-1.0000,-1.0000,-1.0000,-1.0000,-1.0000,-1.0000,-1.0000,-1.0000,-1.0000,-1.0000,-1.0000,-1.0000,-1.0000,-1.0000,-1.0000,-1.0000,-1.0000,-1.0000,-1.0000,-1.0000,-1.0000,-1.0000,-1.0000,-1.0000,-1.0000,-1.0000,-1.0000,-1.0000,-1.0000,-1.0000,-1.0000,-1.0000,-1.0000,-1.0000,-1.0000,-1.0000,-1.0000,-1.0000,-1.0000,-1.0000,-1.0000,-1.0000,-1.0000,-1.0000,-1.0000,-1.0000,-1.0000,-1.0000,-1.0000,-1.0000,-1.0000,-1.0000,-1.0000,-1.0000,-1.0000,-1.0000,-1.0000,-1.0000,-1.0000,-1.0000,-1.0000,-1.0000,-1.0000,-1.0000,-1.0000,-1.0000,-1.0000,-1.0000,-1.0000,-1.0000,-1.0000,-1.0000,-1.0000,-1.0000,-1.0000,-1.0000,-1.0000,-1.0000,-1.0000,-1.0000,-1.0000,-1.0000,-1.0000,-1.0000,-1.0000,-1.0000,-1.0000,-1.0000,-1.0000,-1.0000,-1.0000,-1.0000,-1.0000,-1.0000,-1.0000,-1.0000,-1.0000,-1.0000,-1.0000,-1.0000,-1.0000,-1.0000,-1.0000,-1.0000,-1.0000,-1.0000,-1.0000,-1.0000,-1.0000,-1.0000,-1.0000,-1.0000,-1.0000,-1.0000,1.9148,1.9167,1.8667,1.9056,1.8821,1.9563,1.7896,1.7620,1.8353,1.7299,1.8308,1.7229,1.8070,1.7633,1.7117,1.7416,1.8357,1.9873,1.9975,2.0043,1.9968,1.9503,1.9409,2.0113,1.9212,1.9647,1.9770,1.9889,1.9406,1.9052,1.9656,1.9896,2.0125,1.9995,1.9948,1.9956,1.9905,1.9665,1.9797,1.9993,1.5782,1.6180,1.5919,1.5823,1.6207,1.5597,1.5151,1.6233,1.5635,1.5162,1.5219,1.5354,1.6039,1.5156,1.4996,1.5455,1.5149,1.5169,1.5628,1.5000,1.5866,1.5628,1.5361,0,1.0000,2.0308,4.6896,1.9317
19,0.0380,-0.3418,-1.6475,1.0628,2.0308,4.6896,1.5785,0.1110,0.1892,0.0001,1.0273,1.0000,-0.0006,0.0019,0.0067,-0.0211,-0.0118,0.0014,0.0099,-0.0008,-0.0047,0.0297,0.0004,0.0029,0.0022,-0.0060,0.0013,-0.0319,-0.0018,-0.0069,0.0009,0.0028,0.0002,0.0010,0.0002,-0.0015,0.0110,0.0061,-0.0150,0.0001,0.0012,-0.0000,-0.0416,0.0024,-0.0065,-0.0865,0.1225,0.8381,-0.6702,-0.6616,0.1132,0.7250,-0.2868,-0.3488,0.9597,0.0273,0.1756,0.2636,-0.5719,-0.1547,-2.3610,-0.2849,-0.4344,-0.1726,0.1294,0.0129,0.0535,0.0192,-0.3814,0.8955,0.5771,-0.7332,0.0027,0.0741,-0.0021,-1.0000,-1.0000,-1.0000,-1.0000,-1.0000,-1.0000,-1.0000,-1.0000,-1.0000,-1.0000,-1.0000,-1.0000,-1.0000,-1.0000,-1.0000,-1.0000,-1.0000,-1.0000,-1.0000,-1.0000,-1.0000,-1.0000,-1.0000,-1.0000,-1.0000,-1.0000,-1.0000,-1.0000,-1.0000,-1.0000,-1.0000,-1.0000,-1.0000,-1.0000,-1.0000,-1.0000,-1.0000,-1.0000,-1.0000,-1.0000,-1.0000,-1.0000,-1.0000,-1.0000,-1.0000,-1.0000,-1.0000,-1.0000,-1.0000,-1.0000,-1.0000,-1.0000,-1.0000,-1.0000,-1.0000,-1.0000,-1.0000,-1.0000,-1.0000,-1.0000,-1.0000,-1.0000,-1.0000,-1.0000,-1.0000,-1.0000,-1.0000,-1.0000,-1.0000,-1.0000,-1.0000,-1.0000,-1.0000,-1.0000,-1.0000,-1.0000,-1.0000,-1.0000,-1.0000,-1.0000,-1.0000,-1.0000,-1.0000,-1.0000,-1.0000,-1.0000,-1.0000,-1.0000,-1.0000,-1.0000,-1.0000,-1.0000,-1.0000,-1.0000,-1.0000,-1.0000,-1.0000,-1.0000,-1.0000,-1.0000,-1.0000,-1.0000,-1.0000,-1.0000,-1.0000,-1.0000,-1.0000,-1.0000,-1.0000,-1.0000,-1.0000,-1.0000,-1.0000,-1.0000,-1.0000,-1.0000,-1.0000,-1.0000,-1.0000,-1.0000,-1.0000,1.9148,1.9167,1.8667,1.9056,1.8821,1.9563,1.7896,1.7620,1.8353,1.7299,1.8308,1.7229,1.8070,1.7633,1.7117,1.7416,1.8357,1.9873,1.9975,2.0043,1.9968,1.9503,1.9409,2.0113,1.9212,1.9647,1.9770,1.9889,1.9406,1.9052,1.9656,1.9896,2.0125,1.9995,1.9948,1.9956,1.9905,1.9665,1.9797,1.9993,1.5782,1.6180,1.5919,1.5823,1.6207,1.5597,1.5151,1.6233,1.5635,1.5162,1.5219,1.5354,1.6039,1.5156,1.4996,1.5455,1.5149,1.5169,1.5628,1.5000,1.5866,1.5628,1.5361,0,1.0000,2.0308,4.6896,1.9317
19,0.0380,-0.3418,-1.6475,1.0628,2.0308,4.6896,1.5785,0.1110,0.1892,0.0001,1.0273,1.0000,-0.0006,0.0019,0.0067,-0.0211,-0.0118,0.0014,0.0099,-0.0008,-0.0047,0.0297,0.0004,0.0029,0.0022,-0.0060,0.0013,-0.0319,-0.0018,-0.0069,0.0009,0.0028,0.0002,0.0010,0.0002,-0.0015,0.0110,0.0061,-0.0150,0.0001,0.0012,-0.0000,-0.0416,0.0024,-0.0065,-0.0865,0.1225,0.8381,-0.6702,-0.6616,0.1132,0.7250,-0.2868,-0.3488,0.9597,0.0273,0.1756,0.2636,-0.5719,-0.1547,-2.3610,-0.2849,-0.4344,-0.1726,0.1294,0.0129,0.0535,0.0192,-0.3814,0.8955,0.5771,-0.7332,0.0027,0.0741,-0.0021,-1.0000,-1.0000,-1.0000,-1.0000,-1.0000,-1.0000,-1.0000,-1.0000,-1.0000,-1.0000,-1.0000,-1.0000,-1.0000,-1.0000,-1.0000,-1.0000,-1.0000,-1.0000,-1.0000,-1.0000,-1.0000,-1.0000,-1.0000,-1.0000,-1.0000,-1.0000,-1.0000,-1.0000,-1.0000,-1.0000,-1.0000,-1.0000,-1.0000,-1.0000,-1.0000,-1.0000,-1.0000,-1.0000,-1.0000,-1.0000,-1.0000,-1.0000,-1.0000,-1.0000,-1.0000,-1.0000,-1.0000,-1.0000,-1.0000,-1.0000,-1.0000,-1.0000,-1.0000,-1.0000,-1.0000,-1.0000,-1.0000,-1.0000,-1.0000,-1.0000,-1.0000,-1.0000,-1.0000,-1.0000,-1.0000,-1.0000,-1.0000,-1.0000,-1.0000,-1.0000,-1.0000,-1.0000,-1.0000,-1.0000,-1.0000,-1.0000,-1.0000,-1.0000,-1.0000,-1.0000,-1.0000,-1.0000,-1.0000,-1.0000,-1.0000,-1.0000,-1.0000,-1.0000,-1.0000,-1.0000,-1.0000,-1.0000,-1.0000,-1.0000,-1.0000,-1.0000,-1.0000,-1.0000,-1.0000,-1.0000,-1.0000,-1.0000,-1.0000,-1.0000,-1.0000,-1.0000,-1.0000,-1.0000,-1.0000,-1.0000,-1.0000,-1.0000,-1.0000,-1.0000,-1.0000,-1.0000,-1.0000,-1.0000,-1.0000,-1.0000,-1.0000,1.9148,1.9167,1.8667,1.9056,1.8821,1.9563,1.7896,1.7620,1.8353,1.7299,1.8308,1.7229,1.8070,1.7633,1.7117,1.7416,1.8357,1.9873,1.9975,2.0043,1.9968,1.9503,1.9409,2.0113,1.9212,1.9647,1.9770,1.9889,1.9406,1.9052,1.9656,1.9896,2.0125,1.9995,1.9948,1.9956,1.9905,1.9665,1.9797,1.9993,1.5782,1.6180,1.5919,1.5823,1.6207,1.5597,1.5151,1.6233,1.5635,1.5162,1.5219,1.5354,1.6039,1.5156,1.4996,1.5455,1.5149,1.5169,1.5628,1.5000,1.5866,1.5628,1.5361,0,1.0000,2.0308,4.6896,1.9317
19,0.0380,-0.3418,-1.6475,1.0628,2.0308,4.6896,1.5785,0.1110,0.1892,0.0001,1.0273,1.0000,-0.0006,0.0019,0.0067,-0.0211,-0.0118,0.0014,0.0099,-0.0008,-0.0047,0.0297,0.0004,0.0029,0.0022,-0.0060,0.0013,-0.0319,-0.0018,-0.0069,0.0009,0.0028,0.0002,0.0010,0.0002,-0.0015,0.0110,0.0061,-0.0150,0.0001,0.0012,-0.0000,-0.0416,0.0024,-0.0065,-0.0865,0.1225,0.8381,-0.6702,-0.6616,0.1132,0.7250,-0.2868,-0.3488,0.9597,0.0273,0.1756,0.2636,-0.5719,-0.1547,-2.3610,-0.2849,-0.4344,-0.1726,0.1294,0.0129,0.0535,0.0192,-0.3814,0.8955,0.5771,-0.7332,0.0027,0.0741,-0.0021,-1.0000,-1.0000,-1.0000,-1.0000,-1.0000,-1.0000,-1.0000,-1.0000,-1.0000,-1.0000,-1.0000,-1.0000,-1.0000,-1.0000,-1.0000,-1.0000,-1.0000,-1.0000,-1.0000,-1.0000,-1.0000,-1.0000,-1.0000,-1.0000,-1.0000,-1.0000,-1.0000,-1.0000,-1.0000,-1.0000,-1.0000,-1.0000,-1.0000,-1.0000,-1.0000,-1.0000,-1.0000,-1.0000,-1.0000,-1.0000,-1.0000,-1.0000,-1.0000,-1.0000,-1.0000,-1.0000,-1.0000,-1.0000,-1.0000,-1.0000,-1.0000,-1.0000,-1.0000,-1.0000,-1.0000,-1.0000,-1.0000,-1.0000,-1.0000,-1.0000,-1.0000,-1.0000,-1.0000,-1.0000,-1.0000,-1.0000,-1.0000,-1.0000,-1.0000,-1.0000,-1.0000,-1.0000,-1.0000,-1.0000,-1.0000,-1.0000,-1.0000,-1.0000,-1.0000,-1.0000,-1.0000,-1.0000,-1.0000,-1.0000,-1.0000,-1.0000,-1.0000,-1.0000,-1.0000,-1.0000,-1.0000,-1.0000,-1.0000,-1.0000,-1.0000,-1.0000,-1.0000,-1.0000,-1.0000,-1.0000,-1.0000,-1.0000,-1.0000,-1.0000,-1.0000,-1.0000,-1.0000,-1.0000,-1.0000,-1.0000,-1.0000,-1.0000,-1.0000,-1.0000,-1.0000,-1.0000,-1.0000,-1.0000,-1.0000,-1.0000,-1.0000,1.9148,1.9167,1.8667,1.9056,1.8821,1.9563,1.7896,1.7620,1.8353,1.7299,1.8308,1.7229,1.8070,1.7633,1.7117,1.7416,1.8357,1.9873,1.9975,2.0043,1.9968,1.9503,1.9409,2.0113,1.9212,1.9647,1.9770,1.9889,1.9406,1.9052,1.9656,1.9896,2.0125,1.9995,1.9948,1.9956,1.9905,1.9665,1.9797,1.9993,1.5782,1.6180,1.5919,1.5823,1.6207,1.5597,1.5151,1.6233,1.5635,1.5162,1.5219,1.5354,1.6039,1.5156,1.4996,1.5455,1.5149,1.5169,1.5628,1.5000,1.5866,1.5628,1.5361,0,1.0000,2.0308,4.6896,1.9317
20,0.0400,-0.3378,-1.6381,1.0659,2.0308,4.6896,1.5589,0.1110,0.1891,0.0001,1.0273,1.0000,-0.0007,0.0021,0.0075,-0.0225,-0.0131,0.0016,0.0113,-0.0014,-0.0053,0.0313,0.0003,0.0032,0.0028,-0.0072,0.0009,-0.0367,-0.0025,-0.0078,0.0004,0.0031,0.0002,0.0011,0.0003,-0.0025,0.0129,0.0074,-0.0162,0.0001,0.0014,-0.0000,-0.0441,0.0041,-0.0042,-0.0828,0.1223,0.8153,-0.6613,-0.6440,0.1074,0.6947,-0.2978,-0.3302,0.8268,-0.0225,0.1567,0.3172,-0.6188,-0.2037,-2.4399,-0.3305,-0.4585,-0.2147,0.1210,0.0138,0.0568,0.0205,-0.4859,0.9635,0.6392,-0.5732,0.0023,0.0728,-0.0028,-1.0000,-1.0000,-1.0000,-1.0000,-1.0000,-1.0000,-1.0000,-1.0000,-1.0000,-1.0000,-1.0000,-1.0000,-1.0000,-1.0000,-1.0000,-1.0000,-1.0000,-1.0000,-1.0000,-1.0000,-1.0000,-1.0000,-1.0000,-1.0000,-1.0000,-1.0000,-1.0000,-1.0000,-1.0000,-1.0000,-1.0000,-1.0000,-1.0000,-1.0000,-1.0000,-1.0000,-1.0000,-1.0000,-1.0000,-1.0000,-1.0000,-1.0000,-1.0000,-1.0000,-1.0000,-1.0000,-1.0000,-1.0000,-1.0000,-1.0000,-1.0000,-1.0000,-1.0000,-1.0000,-1.0000,-1.0000,-1.0000,-1.0000,-1.0000,-1.0000,-1.0000,-1.0000,-1.0000,-1.0000,-1.0000,-1.0000,-1.0000,-1.0000,-1.0000,-1.0000,-1.0000,-1.0000,-1.0000,-1.0000,-1.0000,-1.0000,-1.0000,-1.0000,-1.0000,-1.0000,-1.0000,-1.0000,-1.0000,-1.0000,-1.0000,-1.0000,-1.0000,-1.0000,-1.0000,-1.0000,-1.0000,-1.0000,-1.0000,-1.0000,-1.0000,-1.0000,-1.0000,-1.0000,-1.0000,-1.0000,-1.0000,-1.0000,-1.0000,-1.0000,-1.0000,-1.0000,-1.0000,-1.0000,-1.0000,-1.0000,-1.0000,-1.0000,-1.0000,-1.0000,-1.0000,-1.0000,-1.0000,-1.0000,-1.0000,-1.0000,-1.0000,1.9041,1.9059,1.8561,1.8951,1.8714,1.9457,1.7796,1.7513,1.8245,1.7197,1.8202,1.7122,1.7968,1.7524,1.7016,1.7313,1.8251,1.9768,1.9870,1.9938,1.9863,1.9398,1.9308,2.0010,1.9107,1.9542,1.9669,1.9786,1.9305,1.8948,1.9554,1.9794,2.0019,1.9891,1.9844,1.9850,1.9803,1.9558,1.9692,1.9888,1.5675,1.6071,1.5810,1.5715,1.6100,1.5493,1.5045,1.6128,1.5532,1.5059,1.5116,1.5253,1.5936,1.5055,1.4897,1.5354,1.5048,1.5070,1.5525,1.4900,1.5764,1.5529,1.5261,0,1.0000,2.0308,4.6896,1.9317
20,0.0400,-0.3378,-1.6381,1.0659,2.0308,4.6896,1.5589,0.1110,0.1891,0.0001,1.0273,1.0000,-0.0007,0.0021,0.0075,-0.0225,-0.0131,0.0016,0.0113,-0.0014,-0.0053,0.0313,0.0003,0.0032,0.0028,-0.0072,0.0009,-0.0367,-0.0025,-0.0078,0.0004,0.0031,0.0002,0.0011,0.0003,-0.0025,0.0129,0.0074,-0.0162,0.0001,0.0014,-0.0000,-0.0441,0.0041,-0.0042,-0.0828,0.1223,0.8153,-0.6613,-0.6440,0.1074,0.6947,-0.2978,-0.3302,0.8268,-0.0225,0.1567,0.3172,-0.6188,-0.2037,-2.4399,-0.3305,-0.4585,-0.2147,0.1210,0.0138,0.0568,0.0205,-0.4859,0.9635,0.6392,-0.5732,0.0023,0.0728,-0.0028,-1.0000,-1.0000,-1.0000,-1.0000,-1.0000,-1.0000,-1.0000,-1.0000,-1.0000,-1.0000,-1.0000,-1.0000,-1.0000,-1.0000,-1.0000,-1.0000,-1.0000,-1.0000,-1.0000,-1.0000,-1.0000,-1.0000,-1.0000,-1.0000,-1.0000,-1.0000,-1.0000,-1.0000,-1.0000,-1.0000,-1.0000,-1.0000,-1.0000,-1.0000,-1.0000,-1.0000,-1.0000,-1.0000,-1.0000,-1.0000,-1.0000,-1.0000,-1.0000,-1.0000,-1.0000,-1.0000,-1.0000,-1.0000,-1.0000,-1.0000,-1.0000,-1.0000,-1.0000,-1.0000,-1.0000,-1.0000,-1.0000,-1.0000,-1.0000,-1.0000,-1.0000,-1.0000,-1.0000,-1.0000,-1.0000,-1.0000,-1.0000,-1.0000,-1.0000,-1.0000,-1.0000,-1.0000,-1.0000,-1.0000,-1.0000,-1.0000,-1.0000,-1.0000,-1.0000,-1.0000,-1.0000,-1.0000,-1.0000,-1.0000,-1.0000,-1.0000,-1.0000,-1.0000,-1.0000,-1.0000,-1.0000,-1.0000,-1.0000,-1.0000,-1.0000,-1.0000,-1.0000,-1.0000,-1.0000,-1.0000,-1.0000,-1.0000,-1.0000,-1.0000,-1.0000,-1.0000,-1.0000,-1.0000,-1.0000,-1.0000,-1.0000,-1.0000,-1.0000,-1.0000,-1.0000,-1.0000,-1.0000,-1.0000,-1.0000,-1.0000,-1.0000,1.9041,1.9059,1.8561,1.8951,1.8714,1.9457,1.7796,1.7513,1.8245,1.7197,1.8202,1.7122,1.7968,1.7524,1.7016,1.7313,1.8251,1.9768,1.9870,1.9938,1.9863,1.9398,1.9308,2.0010,1.9107,1.9542,1.9669,1.9786,1.9305,1.8948,1.9554,1.9794,2.0019,1.9891,1.9844,1.9850,1.9803,1.9558,1.9692,1.9888,1.5675,1.6071,1.5810,1.5715,1.6100,1.5493,1.5045,1.6128,1.5532,1.5059,1.5116,1.5253,1.5936,1.5055,1.4897,1.5354,1.5048,1.5070,1.5525,1.4900,1.5764,1.5529,1.5261,0,1.0000,2.0308,4.6896,1.9317
20,0.0400,-0.3378,-1.6381,1.0659,2.0308,4.6896,1.5589,0.1110,0.1891,0.0001,1.0273,1.0000,-0.0007,0.0021,0.0075,-0.0225,-0.0131,0.0016,0.0113,-0.0014,-0.0053,0.0313,0.0003,0.0032,0.0028,-0.0072,0.0009,-0.0367,-0.0025,-0.0078,0.0004,0.0031,0.0002,0.0011,0.0003,-0.0025,0.0129,0.0074,-0.0162,0.0001,0.0014,-0.0000,-0.0441,0.0041,-0.0042,-0.0828,0.1223,0.8153,-0.6613,-0.6440,0.1074,0.6947,-0.2978,-0.3302,0.8268,-0.0225,0.1567,0.3172,-0.6188,-0.2037,-2.4399,-0.3305,-0.4585,-0.2147,0.1210,0.0138,0.0568,0.0205,-0.4859,0.9635,0.6392,-0.5732,0.0023,0.0728,-0.0028,-1.0000,-1.0000,-1.0000,-1.0000,-1.0000,-1.0000,-1.0000,-1.0000,-1.0000,-1.0000,-1.0000,-1.0000,-1.0000,-1.0000,-1.0000,-1.0000,-1.0000,-1.0000,-1.0000,-1.0000,-1.0000,-1.0000,-1.0000,-1.0000,-1.0000,-1.0000,-1.0000,-1.0000,-1.0000,-1.0000,-1.0000,-1.0000,-1.0000,-1.0000,-1.0000,-1.0000,-1.0000,-1.0000,-1.0000,-1.0000,-1.0000,-1.0000,-1.0000,-1.0000,-1.0000,-1.0000,-1.0000,-1.0000,-1.0000,-1.0000,-1.0000,-1.0000,-1.0000,-1.0000,-1.0000,-1.0000,-1.0000,-1.0000,-1.0000,-1.0000,-1.0000,-1.0000,-1.0000,-1.0000,-1.0000,-1.0000,-1.0000,-1.0000,-1.0000,-1.0000,-1.0000,-1.0000,-1.0000,-1.0000,-1.0000,-1.0000,-1.0000,-1.0000,-1.0000,-1.0000,-1.0000,-1.0000,-1.0000,-1.0000,-1.0000,-1.0000,-1.0000,-1.0000,-1.0000,-1.0000,-1.0000,-1.0000,-1.0000,-1.0000,-1.0000,-1.0000,-1.0000,-1.0000,-1.0000,-1.0000,-1.0000,-1.0000,-1.0000,-1.0000,-1.0000,-1.0000,-1.0000,-1.0000,-1.0000,-1.0000,-1.0000,-1.0000,-1.0000,-1.0000,-1.0000,-1.0000,-1.0000,-1.0000,-1.0000,-1.0000,-1.0000,1.9041,1.9059,1.8561,1.8951,1.8714,1.9457,1.7796,1.7513,1.8245,1.7197,1.8202,1.7122,1.7968,1.7524,1.7016,1.7313,1.8251,1.9768,1.9870,1.9938,1.9863,1.9398,1.9308,2.0010,1.9107,1.9542,1.9669,1.9786,1.9305,1.8948,1.9554,1.9794,2.0019,1.9891,1.9844,1.9850,1.9803,1.9558,1.9692,1.9888,1.5675,1.6071,1.5810,1.5715,1.6100,1.5493,1.5045,1.6128,1.5532,1.5059,1.5116,1.5253,1.5936,1.5055,1.4897,1.5354,1.5048,1.5070,1.5525,1.4900,1.5764,1.5529,1.5261,0,1.0000,2.0308,4.6896,1.9317
20,0.0400,-0.3378,-1.6381,1.0659,2.0308,4.6896,1.5589,0.1110,0.1891,0.0001,1.0273,1.0000,-0.0007,0.0021,0.0075,-0.0225,-0.0131,0.0016,0.0113,-0.0014,-0.0053,0.0313,0.0003,0.0032,0.0028,-0.0072,0.0009,-0.0367,-0.0025,-0.0078,0.0004,0.0031,0.0002,0.0011,0.0003,-0.0025,0.0129,0.0074,-0.0162,0.0001,0.0014,-0.0000,-0.0441,0.0041,-0.0042,-0.0828,0.1223,0.8153,-0.6613,-0.6440,0.1074,0.6947,-0.2978,-0.3302,0.8268,-0.0225,0.1567,0.3172,-0.6188,-0.2037,-2.4399,-0.3305,-0.4585,-0.2147,0.1210,0.0138,0.0568,0.0205,-0.4859,0.9635,0.6392,-0.5732,0.0023,0.0728,-0.0028,-1.0000,-1.0000,-1.0000,-1.0000,-1.0000,-1.0000,-1.0000,-1.0000,-1.0000,-1.0000,-1.0000,-1.0000,-1.0000,-1.0000,-1.0000,-1.0000,-1.0000,-1.0000,-1.0000,-1.0000,-1.0000,-1.0000,-1.0000,-1.0000,-1.0000,-1.0000,-1.0000,-1.0000,-1.0000,-1.0000,-1.0000,-1.0000,-1.0000,-1.0000,-1.0000,-1.0000,-1.0000,-1.0000,-1.0000,-1.0000,-1.0000,-1.0000,-1.0000,-1.0000,-1.0000,-1.0000,-1.0000,-1.0000,-1.0000,-1.0000,-1.0000,-1.0000,-1.0000,-1.0000,-1.0000,-1.0000,-1.0000,-1.0000,-1.0000,-1.0000,-1.0000,-1.0000,-1.0000,-1.0000,-1.0000,-1.0000,-1.0000,-1.0000,-1.0000,-1.0000,-1.0000,-1.0000,-1.0000,-1.0000,-1.0000,-1.0000,-1.0000,-1.0000,-1.0000,-1.0000,-1.0000,-1.0000,-1.0000,-1.0000,-1.0000,-1.0000,-1.0000,-1.0000,-1.0000,-1.0000,-1.0000,-1.0000,-1.0000,-1.0000,-1.0000,-1.0000,-1.0000,-1.0000,-1.0000,-1.0000,-1.0000,-1.0000,-1.0000,-1.0000,-1.0000,-1.0000,-1.0000,-1.0000,-1.0000,-1.0000,-1.0000,-1.0000,-1.0000,-1.0000,-1.0000,-1.0000,-1.0000,-1.0000,-1.0000,-1.0000,-1.0000,1.9041,1.9059,1.8561,1.8951,1.8714,1.9457,1.7796,1.7513,1.8245,1.7197,1.8202,1.7122,1.7968,1.7524,1.7016,1.7313,1.8251,1.9768,1.9870,1.9938,1.9863,1.9398,1.9308,2.0010,1.9107,1.9542,1.9669,1.9786,1.9305,1.8948,1.9554,1.9794,2.0019,1.9891,1.9844,1.9850,1.9803,1.9558,1.9692,1.9888,1.5675,1.6071,1.5810,1.5715,1.6100,1.5493,1.5045,1.6128,1.5532,1.5059,1.5116,1.5253,1.5936,1.5055,1.4897,1.5354,1.5048,1.5070,1.5525,1.4900,1.5764,1.5529,1.5261,0,1.0000,2.0308,4.6896,1.9317
20,0.0400,-0.3378,-1.6381,1.0659,2.0308,4.6896,1.5589,0.1110,0.1891,0.0001,1.0273,1.0000,-0.0007,0.0021,0.0075,-0.0225,-0.0131,0.0016,0.0113,-0.0014,-0.0053,0.0313,0.0003,0.0032,0.0028,-0.0072,0.0009,-0.0367,-0.0025,-0.0078,0.0004,0.0031,0.0002,0.0011,0.0003,-0.0025,0.0129,0.0074,-0.0162,0.0001,0.0014,-0.0000,-0.0441,0.0041,-0.0042,-0.0828,0.1223,0.8153,-0.6613,-0.6440,0.1074,0.6947,-0.2978,-0.3302,0.8268,-0.0225,0.1567,0.3172,-0.6188,-0.2037,-2.4399,-0.3305,-0.4585,-0.2147,0.1210,0.0138,0.0568,0.0205,-0.4859,0.9635,0.6392,-0.5732,0.0023,0.0728,-0.0028,-1.0000,-1.0000,-1.0000,-1.0000,-1.0000,-1.0000,-1.0000,-1.0000,-1.0000,-1.0000,-1.0000,-1.0000,-1.0000,-1.0000,-1.0000,-1.0000,-1.0000,-1.0000,-1.0000,-1.0000,-1.0000,-1.0000,-1.0000,-1.0000,-1.0000,-1.0000,-1.0000,-1.0000,-1.0000,-1.0000,-1.0000,-1.0000,-1.0000,-1.0000,-1.0000,-1.0000,-1.0000,-1.0000,-1.0000,-1.0000,-1.0000,-1.0000,-1.0000,-1.0000,-1.0000,-1.0000,-1.0000,-1.0000,-1.0000,-1.0000,-1.0000,-1.0000,-1.0000,-1.0000,-1.0000,-1.0000,-1.0000,-1.0000,-1.0000,-1.0000,-1.0000,-1.0000,-1.0000,-1.0000,-1.0000,-1.0000,-1.0000,-1.0000,-1.0000,-1.0000,-1.0000,-1.0000,-1.0000,-1.0000,-1.0000,-1.0000,-1.0000,-1.0000,-1.0000,-1.0000,-1.0000,-1.0000,-1.0000,-1.0000,-1.0000,-1.0000,-1.0000,-1.0000,-1.0000,-1.0000,-1.0000,-1.0000,-1.0000,-1.0000,-1.0000,-1.0000,-1.0000,-1.0000,-1.0000,-1.0000,-1.0000,-1.0000,-1.0000,-1.0000,-1.0000,-1.0000,-1.0000,-1.0000,-1.0000,-1.0000,-1.0000,-1.0000,-1.0000,-1.0000,-1.0000,-1.0000,-1.0000,-1.0000,-1.0000,-1.0000,-1.0000,1.9041,1.9059,1.8561,1.8951,1.8714,1.9457,1.7796,1.7513,1.8245,1.7197,1.8202,1.7122,1.7968,1.7524,1.7016,1.7313,1.8251,1.9768,1.9870,1.9938,1.9863,1.9398,1.9308,2.0010,1.9107,1.9542,1.9669,1.9786,1.9305,1.8948,1.9554,1.9794,2.0019,1.9891,1.9844,1.9850,1.9803,1.9558,1.9692,1.9888,1.5675,1.6071,1.5810,1.5715,1.6100,1.5493,1.5045,1.6128,1.5532,1.5059,1.5116,1.5253,1.5936,1.5055,1.4897,1.5354,1.5048,1.5070,1.5525,1.4900,1.5764,1.5529,1.5261,0,1.0000,2.0308,4.6896,1.9317
20,0.0400,-0.3378,-1.6381,1.0659,2.0308,4.6896,1.5589,0.1110,0.1891,0.0001,1.0273,1.0000,-0.0007,0.0021,0.0075,-0.0225,-0.0131,0.0016,0.0113,-0.0014,-0.0053,0.0313,0.0003,0.0032,0.0028,-0.0072,0.0009,-0.0367,-0.0025,-0.0078,0.0004,0.0031,0.0002,0.0011,0.0003,-0.0025,0.0129,0.0074,-0.0162,0.0001,0.0014,-0.0000,-0.0441,0.0041,-0.0042,-0.0828,0.1223,0.8153,-0.6613,-0.6440,0.1074,0.6947,-0.2978,-0.3302,0.8268,-0.0225,0.1567,0.3172,-0.6188,-0.2037,-2.4399,-0.3305,-0.4585,-0.2147,0.1210,0.0138,0.0568,0.0205,-0.4859,0.9635,0.6392,-0.5732,0.0023,0.0728,-0.0028,-1.0000,-1.0000,-1.0000,-1.0000,-1.0000,-1.0000,-1.0000,-1.0000,-1.0000,-1.0000,-1.0000,-1.0000,-1.0000,-1.0000,-1.0000,-1.0000,-1.0000,-1.0000,-1.0000,-1.0000,-1.0000,-1.0000,-1.0000,-1.0000,-1.0000,-1.0000,-1.0000,-1.0000,-1.0000,-1.0000,-1.0000,-1.0000,-1.0000,-1.0000,-1.0000,-1.0000,-1.0000,-1.0000,-1.0000,-1.0000,-1.0000,-1.0000,-1.0000,-1.0000,-1.0000,-1.0000,-1.0000,-1.0000,-1.0000,-1.0000,-1.0000,-1.0000,-1.0000,-1.0000,-1.0000,-1.0000,-1.0000,-1.0000,-1.0000,-1.0000,-1.0000,-1.0000,-1.0000,-1.0000,-1.0000,-1.0000,-1.0000,-1.0000,-1.0000,-1.0000,-1.0000,-1.0000,-1.0000,-1.0000,-1.0000,-1.0000,-1.0000,-1.0000,-1.0000,-1.0000,-1.0000,-1.0000,-1.0000,-1.0000,-1.0000,-1.0000,-1.0000,-1.0000,-1.0000,-1.0000,-1.0000,-1.0000,-1.0000,-1.0000,-1.0000,-1.0000,-1.0000,-1.0000,-1.0000,-1.0000,-1.0000,-1.0000,-1.0000,-1.0000,-1.0000,-1.0000,-1.0000,-1.0000,-1.0000,-1.0000,-1.0000,-1.0000,-1.0000,-1.0000,-1.0000,-1.0000,-1.0000,-1.0000,-1.0000,-1.0000,-1.0000,1.9041,1.9059,1.8561,1.8951,1.8714,1.9457,1.7796,1.7513,1.8245,1.7197,1.8202,1.7122,1.7968,1.7524,1.7016,1.7313,1.8251,1.9768,1.9870,1.9938,1.9863,1.9398,1.9308,2.0010,1.9107,1.9542,1.9669,1.9786,1.9305,1.8948,1.9554,1.9794,2.0019,1.9891,1.9844,1.9850,1.9803,1.9558,1.9692,1.9888,1.5675,1.6071,1.5810,1.5715,1.6100,1.5493,1.5045,1.6128,1.5532,1.5059,1.5116,1.5253,1.5936,1.5055,1.4897,1.5354,1.5048,1.5070,1.5525,1.4900,1.5764,1.5529,1.5261,0,1.0000,2.0308,4.6896,1.9317
20,0.0400,-0.3378,-1.6381,1.0659,2.0308,4.6896,1.5589,0.1110,0.1891,0.0001,1.0273,1.0000,-0.0007,0.0021,0.0075,-0.0225,-0.0131,0.0016,0.0113,-0.0014,-0.0053,0.0313,0.0003,0.0032,0.0028,-0.0072,0.0009,-0.0367,-0.0025,-0.0078,0.0004,0.0031,0.0002,0.0011,0.0003,-0.0025,0.0129,0.0074,-0.0162,0.0001,0.0014,-0.0000,-0.0441,0.0041,-0.0042,-0.0828,0.1223,0.8153,-0.6613,-0.6440,0.1074,0.6947,-0.2978,-0.3302,0.8268,-0.0225,0.1567,0.3172,-0.6188,-0.2037,-2.4399,-0.3305,-0.4585,-0.2147,0.1210,0.0138,0.0568,0.0205,-0.4859,0.9635,0.6392,-0.5732,0.0023,0.0728,-0.0028,-1.0000,-1.0000,-1.0000,-1.0000,-1.0000,-1.0000,-1.0000,-1.0000,-1.0000,-1.0000,-1.0000,-1.0000,-1.0000,-1.0000,-1.0000,-1.0000,-1.0000,-1.0000,-1.0000,-1.0000,-1.0000,-1.0000,-1.0000,-1.0000,-1.0000,-1.0000,-1.0000,-1.0000,-1.0000,-1.0000,-1.0000,-1.0000,-1.0000,-1.0000,-1.0000,-1.0000,-1.0000,-1.0000,-1.0000,-1.0000,-1.0000,-1.0000,-1.0000,-1.0000,-1.0000,-1.0000,-1.0000,-1.0000,-1.0000,-1.0000,-1.0000,-1.0000,-1.0000,-1.0000,-1.0000,-1.0000,-1.0000,-1.0000,-1.0000,-1.0000,-1.0000,-1.0000,-1.0000,-1.0000,-1.0000,-1.0000,-1.0000,-1.0000,-1.0000,-1.0000,-1.0000,-1.0000,-1.0000,-1.0000,-1.0000,-1.0000,-1.0000,-1.0000,-1.0000,-1.0000,-1.0000,-1.0000,-1.0000,-1.0000,-1.0000,-1.0000,-1.0000,-1.0000,-1.0000,-1.0000,-1.0000,-1.0000,-1.0000,-1.0000,-1.0000,-1.0000,-1.0000,-1.0000,-1.0000,-1.0000,-1.0000,-1.0000,-1.0000,-1.0000,-1.0000,-1.0000,-1.0000,-1.0000,-1.0000,-1.0000,-1.0000,-1.0000,-1.0000,-1.0000,-1.0000,-1.0000,-1.0000,-1.0000,-1.0000,-1.0000,-1.0000,1.9041,1.9059,1.8561,1.8951,1.8714,1.9457,1.7796,1.7513,1.8245,1.7197,1.8202,1.7122,1.7968,1.7524,1.7016,1.7313,1.8251,1.9768,1.9870,1.9938,1.9863,1.9398,1.9308,2.0010,1.9107,1.9542,1.9669,1.9786,1.9305,1.8948,1.9554,1.9794,2.0019,1.9891,1.9844,1.9850,1.9803,1.9558,1.9692,1.9888,1.5675,1.6071,1.5810,1.5715,1.6100,1.5493,1.5045,1.6128,1.5532,1.5059,1.5116,1.5253,1.5936,1.5055,1.4897,1.5354,1.5048,1.5070,1.5525,1.4900,1.5764,1.5529,1.5261,0,1.0000,2.0308,4.6896,1.9317
20,0.0400,-0.3378,-1.6381,1.0659,2.0308,4.6896,1.5589,0.1110,0.1891,0.0001,1.0273,1.0000,-0.0007,0.0021,0.0075,-0.0225,-0.0131,0.0016,0.0113,-0.0014,-0.0053,0.0313,0.0003,0.0032,0.0028,-0.0072,0.0009,-0.0367,-0.0025,-0.0078,0.0004,0.0031,0.0002,0.0011,0.0003,-0.0025,0.0129,0.0074,-0.0162,0.0001,0.0014,-0.0000,-0.0441,0.0041,-0.0042,-0.0828,0.1223,0.8153,-0.6613,-0.6440,0.1074,0.6947,-0.2978,-0.3302,0.8268,-0.0225,0.1567,0.3172,-0.6188,-0.2037,-2.4399,-0.3305,-0.4585,-0.2147,0.1210,0.0138,0.0568,0.0205,-0.4859,0.9635,0.6392,-0.5732,0.0023,0.0728,-0.0028,-1.0000,-1.0000,-1.0000,-1.0000,-1.0000,-1.0000,-1.0000,-1.0000,-1.0000,-1.0000,-1.0000,-1.0000,-1.0000,-1.0000,-1.0000,-1.0000,-1.0000,-1.0000,-1.0000,-1.0000,-1.0000,-1.0000,-1.0000,-1.0000,-1.0000,-1.0000,-1.0000,-1.0000,-1.0000,-1.0000,-1.0000,-1.0000,-1.0000,-1.0000,-1.0000,-1.0000,-1.0000,-1.0000,-1.0000,-1.0000,-1.0000,-1.0000,-1.0000,-1.0000,-1.0000,-1.0000,-1.0000,-1.0000,-1.0000,-1.0000,-1.0000,-1.0000,-1.0000,-1.0000,-1.0000,-1.0000,-1.0000,-1.0000,-1.0000,-1.0000,-1.0000,-1.0000,-1.0000,-1.0000,-1.0000,-1.0000,-1.0000,-1.0000,-1.0000,-1.0000,-1.0000,-1.0000,-1.0000,-1.0000,-1.0000,-1.0000,-1.0000,-1.0000,-1.0000,-1.0000,-1.0000,-1.0000,-1.0000,-1.0000,-1.0000,-1.0000,-1.0000,-1.0000,-1.0000,-1.0000,-1.0000,-1.0000,-1.0000,-1.0000,-1.0000,-1.0000,-1.0000,-1.0000,-1.0000,-1.0000,-1.0000,-1.0000,-1.0000,-1.0000,-1.0000,-1.0000,-1.0000,-1.0000,-1.0000,-1.0000,-1.0000,-1.0000,-1.0000,-1.0000,-1.0000,-1.0000,-1.0000,-1.0000,-1.0000,-1.0000,-1.0000,1.9041,1.9059,1.8561,1.8951,1.8714,1.9457,1.7796,1.7513,1.8245,1.7197,1.8202,1.7122,1.7968,1.7524,1.7016,1.7313,1.8251,1.9768,1.9870,1.9938,1.9863,1.9398,1.9308,2.0010,1.9107,1.9542,1.9669,1.9786,1.9305,1.8948,1.9554,1.9794,2.0019,1.9891,1.9844,1.9850,1.9803,1.9558,1.9692,1.9888,1.5675,1.6071,1.5810,1.5715,1.6100,1.5493,1.5045,1.6128,1.5532,1.5059,1.5116,1.5253,1.5936,1.5055,1.4897,1.5354,1.5048,1.5070,1.5525,1.4900,1.5764,1.5529,1.5261,0,1.0000,2.0308,4.6896,1.9317
20,0.0400,-0.3378,-1.6381,1.0659,2.0308,4.6896,1.5589,0.1110,0.1891,0.0001,1.0273,1.0000,-0.0007,0.0021,0.0075,-0.0225,-0.0131,0.0016,0.0113,-0.0014,-0.0053,0.0313,0.0003,0.0032,0.0028,-0.0072,0.0009,-0.0367,-0.0025,-0.0078,0.0004,0.0031,0.0002,0.0011,0.0003,-0.0025,0.0129,0.0074,-0.0162,0.0001,0.0014,-0.0000,-0.0441,0.0041,-0.0042,-0.0828,0.1223,0.8153,-0.6613,-0.6440,0.1074,0.6947,-0.2978,-0.3302,0.8268,-0.0225,0.1567,0.3172,-0.6188,-0.2037,-2.4399,-0.3305,-0.4585,-0.2147,0.1210,0.0138,0.0568,0.0205,-0.4859,0.9635,0.6392,-0.5732,0.0023,0.0728,-0.0028,-1.0000,-1.0000,-1.0000,-1.0000,-1.0000,-1.0000,-1.0000,-1.0000,-1.0000,-1.0000,-1.0000,-1.0000,-1.0000,-1.0000,-1.0000,-1.0000,-1.0000,-1.0000,-1.0000,-1.0000,-1.0000,-1.0000,-1.0000,-1.0000,-1.0000,-1.0000,-1.0000,-1.0000,-1.0000,-1.0000,-1.0000,-1.0000,-1.0000,-1.0000,-1.0000,-1.0000,-1.0000,-1.0000,-1.0000,-1.0000,-1.0000,-1.0000,-1.0000,-1.0000,-1.0000,-1.0000,-1.0000,-1.0000,-1.0000,-1.0000,-1.0000,-1.0000,-1.0000,-1.0000,-1.0000,-1.0000,-1.0000,-1.0000,-1.0000,-1.0000,-1.0000,-1.0000,-1.0000,-1.0000,-1.0000,-1.0000,-1.0000,-1.0000,-1.0000,-1.0000,-1.0000,-1.0000,-1.0000,-1.0000,-1.0000,-1.0000,-1.0000,-1.0000,-1.0000,-1.0000,-1.0000,-1.0000,-1.0000,-1.0000,-1.0000,-1.0000,-1.0000,-1.0000,-1.0000,-1.0000,-1.0000,-1.0000,-1.0000,-1.0000,-1.0000,-1.0000,-1.0000,-1.0000,-1.0000,-1.0000,-1.0000,-1.0000,-1.0000,-1.0000,-1.0000,-1.0000,-1.0000,-1.0000,-1.0000,-1.0000,-1.0000,-1.0000,-1.0000,-1.0000,-1.0000,-1.0000,-1.0000,-1.0000,-1.0000,-1.0000,-1.0000,1.9041,1.9059,1.8561,1.8951,1.8714,1.9457,1.7796,1.7513,1.8245,1.7197,1.8202,1.7122,1.7968,1.7524,1.7016,1.7313,1.8251,1.9768,1.9870,1.9938,1.9863,1.9398,1.9308,2.0010,1.9107,1.9542,1.9669,1.9786,1.9305,1.8948,1.9554,1.9794,2.0019,1.9891,1.9844,1.9850,1.9803,1.9558,1.9692,1.9888,1.5675,1.6071,1.5810,1.5715,1.6100,1.5493,1.5045,1.6128,1.5532,1.5059,1.5116,1.5253,1.5936,1.5055,1.4897,1.5354,1.5048,1.5070,1.5525,1.4900,1.5764,1.5529,1.5261,0,1.0000,2.0308,4.6896,1.9317
20,0.0400,-0.3378,-1.6381,1.0659,2.0308,4.6896,1.5589,0.1110,0.1891,0.0001,1.0273,1.0000,-0.0007,0.0021,0.0075,-0.0225,-0.0131,0.0016,0.0113,-0.0014,-0.0053,0.0313,0.0003,0.0032,0.0028,-0.0072,0.0009,-0.0367,-0.0025,-0.0078,0.0004,0.0031,0.0002,0.0011,0.0003,-0.0025,0.0129,0.0074,-0.0162,0.0001,0.0014,-0.0000,-0.0441,0.0041,-0.0042,-0.0828,0.1223,0.8153,-0.6613,-0.6440,0.1074,0.6947,-0.2978,-0.3302,0.8268,-0.0225,0.1567,0.3172,-0.6188,-0.2037,-2.4399,-0.3305,-0.4585,-0.2147,0.1210,0.0138,0.0568,0.0205,-0.4859,0.9635,0.6392,-0.5732,0.0023,0.0728,-0.0028,-1.0000,-1.0000,-1.0000,-1.0000,-1.0000,-1.0000,-1.0000,-1.0000,-1.0000,-1.0000,-1.0000,-1.0000,-1.0000,-1.0000,-1.0000,-1.0000,-1.0000,-1.0000,-1.0000,-1.0000,-1.0000,-1.0000,-1.0000,-1.0000,-1.0000,-1.0000,-1.0000,-1.0000,-1.0000,-1.0000,-1.0000,-1.0000,-1.0000,-1.0000,-1.0000,-1.0000,-1.0000,-1.0000,-1.0000,-1.0000,-1.0000,-1.0000,-1.0000,-1.0000,-1.0000,-1.0000,-1.0000,-1.0000,-1.0000,-1.0000,-1.0000,-1.0000,-1.0000,-1.0000,-1.0000,-1.0000,-1.0000,-1.0000,-1.0000,-1.0000,-1.0000,-1.0000,-1.0000,-1.0000,-1.0000,-1.0000,-1.0000,-1.0000,-1.0000,-1.0000,-1.0000,-1.0000,-1.0000,-1.0000,-1.0000,-1.0000,-1.0000,-1.0000,-1.0000,-1.0000,-1.0000,-1.0000,-1.0000,-1.0000,-1.0000,-1.0000,-1.0000,-1.0000,-1.0000,-1.0000,-1.0000,-1.0000,-1.0000,-1.0000,-1.0000,-1.0000,-1.0000,-1.0000,-1.0000,-1.0000,-1.0000,-1.0000,-1.0000,-1.0000,-1.0000,-1.0000,-1.0000,-1.0000,-1.0000,-1.0000,-1.0000,-1.0000,-1.0000,-1.0000,-1.0000,-1.0000,-1.0000,-1.0000,-1.0000,-1.0000,-1.0000,1.9041,1.9059,1.8561,1.8951,1.8714,1.9457,1.7796,1.7513,1.8245,1.7197,1.8202,1.7122,1.7968,1.7524,1.7016,1.7313,1.8251,1.9768,1.9870,1.9938,1.9863,1.9398,1.9308,2.0010,1.9107,1.9542,1.9669,1.9786,1.9305,1.8948,1.9554,1.9794,2.0019,1.9891,1.9844,1.9850,1.9803,1.9558,1.9692,1.9888,1.5675,1.6071,1.5810,1.5715,1.6100,1.5493,1.5045,1.6128,1.5532,1.5059,1.5116,1.5253,1.5936,1.5055,1.4897,1.5354,1.5048,1.5070,1.5525,1.4900,1.5764,1.5529,1.5261,0,1.0000,2.0308,4.6896,1.9317
20,0.0400,-0.3378,-1.6381,1.0659,2.0308,4.6896,1.5589,0.1110,0.1891,0.0001,1.0273,1.0000,-0.0007,0.0021,0.0075,-0.0225,-0.0131,0.0016,0.0113,-0.0014,-0.0053,0.0313,0.0003,0.0032,0.0028,-0.0072,0.0009,-0.0367,-0.0025,-0.0078,0.0004,0.0031,0.0002,0.0011,0.0003,-0.0025,0.0129,0.0074,-0.0162,0.0001,0.0014,-0.0000,-0.0441,0.0041,-0.0042,-0.0828,0.1223,0.8153,-0.6613,-0.6440,0.1074,0.6947,-0.2978,-0.3302,0.8268,-0.0225,0.1567,0.3172,-0.6188,-0.2037,-2.4399,-0.3305,-0.4585,-0.2147,0.1210,0.0138,0.0568,0.0205,-0.4859,0.9635,0.6392,-0.5732,0.0023,0.0728,-0.0028,-1.0000,-1.0000,-1.0000,-1.0000,-1.0000,-1.0000,-1.0000,-1.0000,-1.0000,-1.0000,-1.0000,-1.0000,-1.0000,-1.0000,-1.0000,-1.0000,-1.0000,-1.0000,-1.0000,-1.0000,-1.0000,-1.0000,-1.0000,-1.0000,-1.0000,-1.0000,-1.0000,-1.0000,-1.0000,-1.0000,-1.0000,-1.0000,-1.0000,-1.0000,-1.0000,-1.0000,-1.0000,-1.0000,-1.0000,-1.0000,-1.0000,-1.0000,-1.0000,-1.0000,-1.0000,-1.0000,-1.0000,-1.0000,-1.0000,-1.0000,-1.0000,-1.0000,-1.0000,-1.0000,-1.0000,-1.0000,-1.0000,-1.0000,-1.0000,-1.0000,-1.0000,-1.0000,-1.0000,-1.0000,-1.0000,-1.0000,-1.0000,-1.0000,-1.0000,-1.0000,-1.0000,-1.0000,-1.0000,-1.0000,-1.0000,-1.0000,-1.0000,-1.0000,-1.0000,-1.0000,-1.0000,-1.0000,-1.0000,-1.0000,-1.0000,-1.0000,-1.0000,-1.0000,-1.0000,-1.0000,-1.0000,-1.0000,-1.0000,-1.0000,-1.0000,-1.0000,-1.0000,-1.0000,-1.0000,-1.0000,-1.0000,-1.0000,-1.0000,-1.0000,-1.0000,-1.0000,-1.0000,-1.0000,-1.0000,-1.0000,-1.0000,-1.0000,-1.0000,-1.0000,-1.0000,-1.0000,-1.0000,-1.0000,-1.0000,-1.0000,-1.0000,1.9041,1.9059,1.8561,1.8951,1.8714,1.9457,1.7796,1.7513,1.8245,1.7197,1.8202,1.7122,1.7968,1.7524,1.7016,1.7313,1.8251,1.9768,1.9870,1.9938,1.9863,1.9398,1.9308,2.0010,1.9107,1.9542,1.9669,1.9786,1.9305,1.8948,1.9554,1.9794,2.0019,1.9891,1.9844,1.9850,1.9803,1.9558,1.9692,1.9888,1.5675,1.6071,1.5810,1.5715,1.6100,1.5493,1.5045,1.6128,1.5532,1.5059,1.5116,1.5253,1.5936,1.5055,1.4897,1.5354,1.5048,1.5070,1.5525,1.4900,1.5764,1.5529,1.5261,0,1.0000,2.0308,4.6896,1.9317
20,0.0400,-0.3378,-1.6381,1.0659,2.0308,4.6896,1.5589,0.1110,0.1891,0.0001,1.0273,1.0000,-0.0007,0.0021,0.0075,-0.0225,-0.0131,0.0016,0.0113,-0.0014,-0.0053,0.0313,0.0003,0.0032,0.0028,-0.0072,0.0009,-0.0367,-0.0025,-0.0078,0.0004,0.0031,0.0002,0.0011,0.0003,-0.0025,0.0129,0.0074,-0.0162,0.0001,0.0014,-0.0000,-0.0441,0.0041,-0.0042,-0.0828,0.1223,0.8153,-0.6613,-0.6440,0.1074,0.6947,-0.2978,-0.3302,0.8268,-0.0225,0.1567,0.3172,-0.6188,-0.2037,-2.4399,-0.3305,-0.4585,-0.2147,0.1210,0.0138,0.0568,0.0205,-0.4859,0.9635,0.6392,-0.5732,0.0023,0.0728,-0.0028,-1.0000,-1.0000,-1.0000,-1.0000,-1.0000,-1.0000,-1.0000,-1.0000,-1.0000,-1.0000,-1.0000,-1.0000,-1.0000,-1.0000,-1.0000,-1.0000,-1.0000,-1.0000,-1.0000,-1.0000,-1.0000,-1.0000,-1.0000,-1.0000,-1.0000,-1.0000,-1.0000,-1.0000,-1.0000,-1.0000,-1.0000,-1.0000,-1.0000,-1.0000,-1.0000,-1.0000,-1.0000,-1.0000,-1.0000,-1.0000,-1.0000,-1.0000,-1.0000,-1.0000,-1.0000,-1.0000,-1.0000,-1.0000,-1.0000,-1.0000,-1.0000,-1.0000,-1.0000,-1.0000,-1.0000,-1.0000,-1.0000,-1.0000,-1.0000,-1.0000,-1.0000,-1.0000,-1.0000,-1.0000,-1.0000,-1.0000,-1.0000,-1.0000,-1.0000,-1.0000,-1.0000,-1.0000,-1.0000,-1.0000,-1.0000,-1.0000,-1.0000,-1.0000,-1.0000,-1.0000,-1.0000,-1.0000,-1.0000,-1.0000,-1.0000,-1.0000,-1.0000,-1.0000,-1.0000,-1.0000,-1.0000,-1.0000,-1.0000,-1.0000,-1.0000,-1.0000,-1.0000,-1.0000,-1.0000,-1.0000,-1.0000,-1.0000,-1.0000,-1.0000,-1.0000,-1.0000,-1.0000,-1.0000,-1.0000,-1.0000,-1.0000,-1.0000,-1.0000,-1.0000,-1.0000,-1.0000,-1.0000,-1.0000,-1.0000,-1.0000,-1.0000,1.9041,1.9059,1.8561,1.8951,1.8714,1.9457,1.7796,1.7513,1.8245,1.7197,1.8202,1.7122,1.7968,1.7524,1.7016,1.7313,1.8251,1.9768,1.9870,1.9938,1.9863,1.9398,1.9308,2.0010,1.9107,1.9542,1.9669,1.9786,1.9305,1.8948,1.9554,1.9794,2.0019,1.9891,1.9844,1.9850,1.9803,1.9558,1.9692,1.9888,1.5675,1.6071,1.5810,1.5715,1.6100,1.5493,1.5045,1.6128,1.5532,1.5059,1.5116,1.5253,1.5936,1.5055,1.4897,1.5354,1.5048,1.5070,1.5525,1.4900,1.5764,1.5529,1.5261,0,1.0000,2.0308,4.6896,1.9317
20,0.0400,-0.3378,-1.6381,1.0659,2.0308,4.6896,1.5589,0.1110,0.1891,0.0001,1.0273,1.0000,-0.0007,0.0021,0.0075,-0.0225,-0.0131,0.0016,0.0113,-0.0014,-0.0053,0.0313,0.0003,0.0032,0.0028,-0.0072,0.0009,-0.0367,-0.0025,-0.0078,0.0004,0.0031,0.0002,0.0011,0.0003,-0.0025,0.0129,0.0074,-0.0162,0.0001,0.0014,-0.0000,-0.0441,0.0041,-0.0042,-0.0828,0.1223,0.8153,-0.6613,-0.6440,0.1074,0.6947,-0.2978,-0.3302,0.8268,-0.0225,0.1567,0.3172,-0.6188,-0.2037,-2.4399,-0.3305,-0.4585,-0.2147,0.1210,0.0138,0.0568,0.0205,-0.4859,0.9635,0.6392,-0.5732,0.0023,0.0728,-0.0028,-1.0000,-1.0000,-1.0000,-1.0000,-1.0000,-1.0000,-1.0000,-1.0000,-1.0000,-1.0000,-1.0000,-1.0000,-1.0000,-1.0000,-1.0000,-1.0000,-1.0000,-1.0000,-1.0000,-1.0000,-1.0000,-1.0000,-1.0000,-1.0000,-1.0000,-1.0000,-1.0000,-1.0000,-1.0000,-1.0000,-1.0000,-1.0000,-1.0000,-1.0000,-1.0000,-1.0000,-1.0000,-1.0000,-1.0000,-1.0000,-1.0000,-1.0000,-1.0000,-1.0000,-1.0000,-1.0000,-1.0000,-1.0000,-1.0000,-1.0000,-1.0000,-1.0000,-1.0000,-1.0000,-1.0000,-1.0000,-1.0000,-1.0000,-1.0000,-1.0000,-1.0000,-1.0000,-1.0000,-1.0000,-1.0000,-1.0000,-1.0000,-1.0000,-1.0000,-1.0000,-1.0000,-1.0000,-1.0000,-1.0000,-1.0000,-1.0000,-1.0000,-1.0000,-1.0000,-1.0000,-1.0000,-1.0000,-1.0000,-1.0000,-1.0000,-1.0000,-1.0000,-1.0000,-1.0000,-1.0000,-1.0000,-1.0000,-1.0000,-1.0000,-1.0000,-1.0000,-1.0000,-1.0000,-1.0000,-1.0000,-1.0000,-1.0000,-1.0000,-1.0000,-1.0000,-1.0000,-1.0000,-1.0000,-1.0000,-1.0000,-1.0000,-1.0000,-1.0000,-1.0000,-1.0000,-1.0000,-1.0000,-1.0000,-1.0000,-1.0000,-1.0000,1.9041,1.9059,1.8561,1.8951,1.8714,1.9457,1.7796,1.7513,1.8245,1.7197,1.8202,1.7122,1.7968,1.7524,1.7016,1.7313,1.8251,1.9768,1.9870,1.9938,1.9863,1.9398,1.9308,2.0010,1.9107,1.9542,1.9669,1.9786,1.9305,1.8948,1.9554,1.9794,2.0019,1.9891,1.9844,1.9850,1.9803,1.9558,1.9692,1.9888,1.5675,1.6071,1.5810,1.5715,1.6100,1.5493,1.5045,1.6128,1.5532,1.5059,1.5116,1.5253,1.5936,1.5055,1.4897,1.5354,1.5048,1.5070,1.5525,1.4900,1.5764,1.5529,1.5261,0,1.0000,2.0308,4.6896,1.9317
20,0.0400,-0.3378,-1.6381,1.0659,2.0308,4.6896,1.5589,0.1110,0.1891,0.0001,1.0273,1.0000,-0.0007,0.0021,0.0075,-0.0225,-0.0131,0.0016,0.0113,-0.0014,-0.0053,0.0313,0.0003,0.0032,0.0028,-0.0072,0.0009,-0.0367,-0.0025,-0.0078,0.0004,0.0031,0.0002,0.0011,0.0003,-0.0025,0.0129,0.0074,-0.0162,0.0001,0.0014,-0.0000,-0.0441,0.0041,-0.0042,-0.0828,0.1223,0.8153,-0.6613,-0.6440,0.1074,0.6947,-0.2978,-0.3302,0.8268,-0.0225,0.1567,0.3172,-0.6188,-0.2037,-2.4399,-0.3305,-0.4585,-0.2147,0.1210,0.0138,0.0568,0.0205,-0.4859,0.9635,0.6392,-0.5732,0.0023,0.0728,-0.0028,-1.0000,-1.0000,-1.0000,-1.0000,-1.0000,-1.0000,-1.0000,-1.0000,-1.0000,-1.0000,-1.0000,-1.0000,-1.0000,-1.0000,-1.0000,-1.0000,-1.0000,-1.0000,-1.0000,-1.0000,-1.0000,-1.0000,-1.0000,-1.0000,-1.0000,-1.0000,-1.0000,-1.0000,-1.0000,-1.0000,-1.0000,-1.0000,-1.0000,-1.0000,-1.0000,-1.0000,-1.0000,-1.0000,-1.0000,-1.0000,-1.0000,-1.0000,-1.0000,-1.0000,-1.0000,-1.0000,-1.0000,-1.0000,-1.0000,-1.0000,-1.0000,-1.0000,-1.0000,-1.0000,-1.0000,-1.0000,-1.0000,-1.0000,-1.0000,-1.0000,-1.0000,-1.0000,-1.0000,-1.0000,-1.0000,-1.0000,-1.0000,-1.0000,-1.0000,-1.0000,-1.0000,-1.0000,-1.0000,-1.0000,-1.0000,-1.0000,-1.0000,-1.0000,-1.0000,-1.0000,-1.0000,-1.0000,-1.0000,-1.0000,-1.0000,-1.0000,-1.0000,-1.0000,-1.0000,-1.0000,-1.0000,-1.0000,-1.0000,-1.0000,-1.0000,-1.0000,-1.0000,-1.0000,-1.0000,-1.0000,-1.0000,-1.0000,-1.0000,-1.0000,-1.0000,-1.0000,-1.0000,-1.0000,-1.0000,-1.0000,-1.0000,-1.0000,-1.0000,-1.0000,-1.0000,-1.0000,-1.0000,-1.0000,-1.0000,-1.0000,-1.0000,1.9041,1.9059,1.8561,1.8951,1.8714,1.9457,1.7796,1.7513,1.8245,1.7197,1.8202,1.7122,1.7968,1.7524,1.7016,1.7313,1.8251,1.9768,1.9870,1.9938,1.9863,1.9398,1.9308,2.0010,1.9107,1.9542,1.9669,1.9786,1.9305,1.8948,1.9554,1.9794,2.0019,1.9891,1.9844,1.9850,1.9803,1.9558,1.9692,1.9888,1.5675,1.6071,1.5810,1.5715,1.6100,1.5493,1.5045,1.6128,1.5532,1.5059,1.5116,1.5253,1.5936,1.5055,1.4897,1.5354,1.5048,1.5070,1.5525,1.4900,1.5764,1.5529,1.5261,0,1.0000,2.0308,4.6896,1.9317
20,0.0400,-0.3378,-1.6381,1.0659,2.0308,4.6896,1.5589,0.1110,0.1891,0.0001,1.0273,1.0000,-0.0007,0.0021,0.0075,-0.0225,-0.0131,0.0016,0.0113,-0.0014,-0.0053,0.0313,0.0003,0.0032,0.0028,-0.0072,0.0009,-0.0367,-0.0025,-0.0078,0.0004,0.0031,0.0002,0.0011,0.0003,-0.0025,0.0129,0.0074,-0.0162,0.0001,0.0014,-0.0000,-0.0441,0.0041,-0.0042,-0.0828,0.1223,0.8153,-0.6613,-0.6440,0.1074,0.6947,-0.2978,-0.3302,0.8268,-0.0225,0.1567,0.3172,-0.6188,-0.2037,-2.4399,-0.3305,-0.4585,-0.2147,0.1210,0.0138,0.0568,0.0205,-0.4859,0.9635,0.6392,-0.5732,0.0023,0.0728,-0.0028,-1.0000,-1.0000,-1.0000,-1.0000,-1.0000,-1.0000,-1.0000,-1.0000,-1.0000,-1.0000,-1.0000,-1.0000,-1.0000,-1.0000,-1.0000,-1.0000,-1.0000,-1.0000,-1.0000,-1.0000,-1.0000,-1.0000,-1.0000,-1.0000,-1.0000,-1.0000,-1.0000,-1.0000,-1.0000,-1.0000,-1.0000,-1.0000,-1.0000,-1.0000,-1.0000,-1.0000,-1.0000,-1.0000,-1.0000,-1.0000,-1.0000,-1.0000,-1.0000,-1.0000,-1.0000,-1.0000,-1.0000,-1.0000,-1.0000,-1.0000,-1.0000,-1.0000,-1.0000,-1.0000,-1.0000,-1.0000,-1.0000,-1.0000,-1.0000,-1.0000,-1.0000,-1.0000,-1.0000,-1.0000,-1.0000,-1.0000,-1.0000,-1.0000,-1.0000,-1.0000,-1.0000,-1.0000,-1.0000,-1.0000,-1.0000,-1.0000,-1.0000,-1.0000,-1.0000,-1.0000,-1.0000,-1.0000,-1.0000,-1.0000,-1.0000,-1.0000,-1.0000,-1.0000,-1.0000,-1.0000,-1.0000,-1.0000,-1.0000,-1.0000,-1.0000,-1.0000,-1.0000,-1.0000,-1.0000,-1.0000,-1.0000,-1.0000,-1.0000,-1.0000,-1.0000,-1.0000,-1.0000,-1.0000,-1.0000,-1.0000,-1.0000,-1.0000,-1.0000,-1.0000,-1.0000,-1.0000,-1.0000,-1.0000,-1.0000,-1.0000,-1.0000,1.9041,1.9059,1.8561,1.8951,1.8714,1.9457,1.7796,1.7513,1.8245,1.7197,1.8202,1.7122,1.7968,1.7524,1.7016,1.7313,1.8251,1.9768,1.9870,1.9938,1.9863,1.9398,1.9308,2.0010,1.9107,1.9542,1.9669,1.9786,1.9305,1.8948,1.9554,1.9794,2.0019,1.9891,1.9844,1.9850,1.9803,1.9558,1.9692,1.9888,1.5675,1.6071,1.5810,1.5715,1.6100,1.5493,1.5045,1.6128,1.5532,1.5059,1.5116,1.5253,1.5936,1.5055,1.4897,1.5354,1.5048,1.5070,1.5525,1.4900,1.5764,1.5529,1.5261,0,1.0000,2.0308,4.6896,1.9317
20,0.0400,-0.3378,-1.6381,1.0659,2.0308,4.6896,1.5589,0.1110,0.1891,0.0001,1.0273,1.0000,-0.0007,0.0021,0.0075,-0.0225,-0.0131,0.0016,0.0113,-0.0014,-0.0053,0.0313,0.0003,0.0032,0.0028,-0.0072,0.0009,-0.0367,-0.0025,-0.0078,0.0004,0.0031,0.0002,0.0011,0.0003,-0.0025,0.0129,0.0074,-0.0162,0.0001,0.0014,-0.0000,-0.0441,0.0041,-0.0042,-0.0828,0.1223,0.8153,-0.6613,-0.6440,0.1074,0.6947,-0.2978,-0.3302,0.8268,-0.0225,0.1567,0.3172,-0.6188,-0.2037,-2.4399,-0.3305,-0.4585,-0.2147,0.1210,0.0138,0.0568,0.0205,-0.4859,0.9635,0.6392,-0.5732,0.0023,0.0728,-0.0028,-1.0000,-1.0000,-1.0000,-1.0000,-1.0000,-1.0000,-1.0000,-1.0000,-1.0000,-1.0000,-1.0000,-1.0000,-1.0000,-1.0000,-1.0000,-1.0000,-1.0000,-1.0000,-1.0000,-1.0000,-1.0000,-1.0000,-1.0000,-1.0000,-1.0000,-1.0000,-1.0000,-1.0000,-1.0000,-1.0000,-1.0000,-1.0000,-1.0000,-1.0000,-1.0000,-1.0000,-1.0000,-1.0000,-1.0000,-1.0000,-1.0000,-1.0000,-1.0000,-1.0000,-1.0000,-1.0000,-1.0000,-1.0000,-1.0000,-1.0000,-1.0000,-1.0000,-1.0000,-1.0000,-1.0000,-1.0000,-1.0000,-1.0000,-1.0000,-1.0000,-1.0000,-1.0000,-1.0000,-1.0000,-1.0000,-1.0000,-1.0000,-1.0000,-1.0000,-1.0000,-1.0000,-1.0000,-1.0000,-1.0000,-1.0000,-1.0000,-1.0000,-1.0000,-1.0000,-1.0000,-1.0000,-1.0000,-1.0000,-1.0000,-1.0000,-1.0000,-1.0000,-1.0000,-1.0000,-1.0000,-1.0000,-1.0000,-1.0000,-1.0000,-1.0000,-1.0000,-1.0000,-1.0000,-1.0000,-1.0000,-1.0000,-1.0000,-1.0000,-1.0000,-1.0000,-1.0000,-1.0000,-1.0000,-1.0000,-1.0000,-1.0000,-1.0000,-1.0000,-1.0000,-1.0000,-1.0000,-1.0000,-1.0000,-1.0000,-1.0000,-1.0000,1.9041,1.9059,1.8561,1.8951,1.8714,1.9457,1.7796,1.7513,1.8245,1.7197,1.8202,1.7122,1.7968,1.7524,1.7016,1.7313,1.8251,1.9768,1.9870,1.9938,1.9863,1.9398,1.9308,2.0010,1.9107,1.9542,1.9669,1.9786,1.9305,1.8948,1.9554,1.9794,2.0019,1.9891,1.9844,1.9850,1.9803,1.9558,1.9692,1.9888,1.5675,1.6071,1.5810,1.5715,1.6100,1.5493,1.5045,1.6128,1.5532,1.5059,1.5116,1.5253,1.5936,1.5055,1.4897,1.5354,1.5048,1.5070,1.5525,1.4900,1.5764,1.5529,1.5261,0,1.0000,2.0308,4.6896,1.9317
20,0.0400,-0.3378,-1.6381,1.0659,2.0308,4.6896,1.5589,0.1110,0.1891,0.0001,1.0273,1.0000,-0.0007,0.0021,0.0075,-0.0225,-0.0131,0.0016,0.0113,-0.0014,-0.0053,0.0313,0.0003,0.0032,0.0028,-0.0072,0.0009,-0.0367,-0.0025,-0.0078,0.0004,0.0031,0.0002,0.0011,0.0003,-0.0025,0.0129,0.0074,-0.0162,0.0001,0.0014,-0.0000,-0.0441,0.0041,-0.0042,-0.0828,0.1223,0.8153,-0.6613,-0.6440,0.1074,0.6947,-0.2978,-0.3302,0.8268,-0.0225,0.1567,0.3172,-0.6188,-0.2037,-2.4399,-0.3305,-0.4585,-0.2147,0.1210,0.0138,0.0568,0.0205,-0.4859,0.9635,0.6392,-0.5732,0.0023,0.0728,-0.0028,-1.0000,-1.0000,-1.0000,-1.0000,-1.0000,-1.0000,-1.0000,-1.0000,-1.0000,-1.0000,-1.0000,-1.0000,-1.0000,-1.0000,-1.0000,-1.0000,-1.0000,-1.0000,-1.0000,-1.0000,-1.0000,-1.0000,-1.0000,-1.0000,-1.0000,-1.0000,-1.0000,-1.0000,-1.0000,-1.0000,-1.0000,-1.0000,-1.0000,-1.0000,-1.0000,-1.0000,-1.0000,-1.0000,-1.0000,-1.0000,-1.0000,-1.0000,-1.0000,-1.0000,-1.0000,-1.0000,-1.0000,-1.0000,-1.0000,-1.0000,-1.0000,-1.0000,-1.0000,-1.0000,-1.0000,-1.0000,-1.0000,-1.0000,-1.0000,-1.0000,-1.0000,-1.0000,-1.0000,-1.0000,-1.0000,-1.0000,-1.0000,-1.0000,-1.0000,-1.0000,-1.0000,-1.0000,-1.0000,-1.0000,-1.0000,-1.0000,-1.0000,-1.0000,-1.0000,-1.0000,-1.0000,-1.0000,-1.0000,-1.0000,-1.0000,-1.0000,-1.0000,-1.0000,-1.0000,-1.0000,-1.0000,-1.0000,-1.0000,-1.0000,-1.0000,-1.0000,-1.0000,-1.0000,-1.0000,-1.0000,-1.0000,-1.0000,-1.0000,-1.0000,-1.0000,-1.0000,-1.0000,-1.0000,-1.0000,-1.0000,-1.0000,-1.0000,-1.0000,-1.0000,-1.0000,-1.0000,-1.0000,-1.0000,-1.0000,-1.0000,-1.0000,1.9041,1.9059,1.8561,1.8951,1.8714,1.9457,1.7796,1.7513,1.8245,1.7197,1.8202,1.7122,1.7968,1.7524,1.7016,1.7313,1.8251,1.9768,1.9870,1.9938,1.9863,1.9398,1.9308,2.0010,1.9107,1.9542,1.9669,1.9786,1.9305,1.8948,1.9554,1.9794,2.0019,1.9891,1.9844,1.9850,1.9803,1.9558,1.9692,1.9888,1.5675,1.6071,1.5810,1.5715,1.6100,1.5493,1.5045,1.6128,1.5532,1.5059,1.5116,1.5253,1.5936,1.5055,1.4897,1.5354,1.5048,1.5070,1.5525,1.4900,1.5764,1.5529,1.5261,0,1.0000,2.0308,4.6896,1.9317
20,0.0400,-0.3378,-1.6381,1.0659,2.0308,4.6896,1.5589,0.1110,0.1891,0.0001,1.0273,1.0000,-0.0007,0.0021,0.0075,-0.0225,-0.0131,0.0016,0.0113,-0.0014,-0.0053,0.0313,0.0003,0.0032,0.0028,-0.0072,0.0009,-0.0367,-0.0025,-0.0078,0.0004,0.0031,0.0002,0.0011,0.0003,-0.0025,0.0129,0.0074,-0.0162,0.0001,0.0014,-0.0000,-0.0441,0.0041,-0.0042,-0.0828,0.1223,0.8153,-0.6613,-0.6440,0.1074,0.6947,-0.2978,-0.3302,0.8268,-0.0225,0.1567,0.3172,-0.6188,-0.2037,-2.4399,-0.3305,-0.4585,-0.2147,0.1210,0.0138,0.0568,0.0205,-0.4859,0.9635,0.6392,-0.5732,0.0023,0.0728,-0.0028,-1.0000,-1.0000,-1.0000,-1.0000,-1.0000,-1.0000,-1.0000,-1.0000,-1.0000,-1.0000,-1.0000,-1.0000,-1.0000,-1.0000,-1.0000,-1.0000,-1.0000,-1.0000,-1.0000,-1.0000,-1.0000,-1.0000,-1.0000,-1.0000,-1.0000,-1.0000,-1.0000,-1.0000,-1.0000,-1.0000,-1.0000,-1.0000,-1.0000,-1.0000,-1.0000,-1.0000,-1.0000,-1.0000,-1.0000,-1.0000,-1.0000,-1.0000,-1.0000,-1.0000,-1.0000,-1.0000,-1.0000,-1.0000,-1.0000,-1.0000,-1.0000,-1.0000,-1.0000,-1.0000,-1.0000,-1.0000,-1.0000,-1.0000,-1.0000,-1.0000,-1.0000,-1.0000,-1.0000,-1.0000,-1.0000,-1.0000,-1.0000,-1.0000,-1.0000,-1.0000,-1.0000,-1.0000,-1.0000,-1.0000,-1.0000,-1.0000,-1.0000,-1.0000,-1.0000,-1.0000,-1.0000,-1.0000,-1.0000,-1.0000,-1.0000,-1.0000,-1.0000,-1.0000,-1.0000,-1.0000,-1.0000,-1.0000,-1.0000,-1.0000,-1.0000,-1.0000,-1.0000,-1.0000,-1.0000,-1.0000,-1.0000,-1.0000,-1.0000,-1.0000,-1.0000,-1.0000,-1.0000,-1.0000,-1.0000,-1.0000,-1.0000,-1.0000,-1.0000,-1.0000,-1.0000,-1.0000,-1.0000,-1.0000,-1.0000,-1.0000,-1.0000,1.9041,1.9059,1.8561,1.8951,1.8714,1.9457,1.7796,1.7513,1.8245,1.7197,1.8202,1.7122,1.7968,1.7524,1.7016,1.7313,1.8251,1.9768,1.9870,1.9938,1.9863,1.9398,1.9308,2.0010,1.9107,1.9542,1.9669,1.9786,1.9305,1.8948,1.9554,1.9794,2.0019,1.9891,1.9844,1.9850,1.9803,1.9558,1.9692,1.9888,1.5675,1.6071,1.5810,1.5715,1.6100,1.5493,1.5045,1.6128,1.5532,1.5059,1.5116,1.5253,1.5936,1.5055,1.4897,1.5354,1.5048,1.5070,1.5525,1.4900,1.5764,1.5529,1.5261,0,1.0000,2.0308,4.6896,1.9317
20,0.0400,-0.3378,-1.6381,1.0659,2.0308,4.6896,1.5589,0.1110,0.1891,0.0001,1.0273,1.0000,-0.0007,0.0021,0.0075,-0.0225,-0.0131,0.0016,0.0113,-0.0014,-0.0053,0.0313,0.0003,0.0032,0.0028,-0.0072,0.0009,-0.0367,-0.0025,-0.0078,0.0004,0.0031,0.0002,0.0011,0.0003,-0.0025,0.0129,0.0074,-0.0162,0.0001,0.0014,-0.0000,-0.0441,0.0041,-0.0042,-0.0828,0.1223,0.8153,-0.6613,-0.6440,0.1074,0.6947,-0.2978,-0.3302,0.8268,-0.0225,0.1567,0.3172,-0.6188,-0.2037,-2.4399,-0.3305,-0.4585,-0.2147,0.1210,0.0138,0.0568,0.0205,-0.4859,0.9635,0.6392,-0.5732,0.0023,0.0728,-0.0028,-1.0000,-1.0000,-1.0000,-1.0000,-1.0000,-1.0000,-1.0000,-1.0000,-1.0000,-1.0000,-1.0000,-1.0000,-1.0000,-1.0000,-1.0000,-1.0000,-1.0000,-1.0000,-1.0000,-1.0000,-1.0000,-1.0000,-1.0000,-1.0000,-1.0000,-1.0000,-1.0000,-1.0000,-1.0000,-1.0000,-1.0000,-1.0000,-1.0000,-1.0000,-1.0000,-1.0000,-1.0000,-1.0000,-1.0000,-1.0000,-1.0000,-1.0000,-1.0000,-1.0000,-1.0000,-1.0000,-1.0000,-1.0000,-1.0000,-1.0000,-1.0000,-1.0000,-1.0000,-1.0000,-1.0000,-1.0000,-1.0000,-1.0000,-1.0000,-1.0000,-1.0000,-1.0000,-1.0000,-1.0000,-1.0000,-1.0000,-1.0000,-1.0000,-1.0000,-1.0000,-1.0000,-1.0000,-1.0000,-1.0000,-1.0000,-1.0000,-1.0000,-1.0000,-1.0000,-1.0000,-1.0000,-1.0000,-1.0000,-1.0000,-1.0000,-1.0000,-1.0000,-1.0000,-1.0000,-1.0000,-1.0000,-1.0000,-1.0000,-1.0000,-1.0000,-1.0000,-1.0000,-1.0000,-1.0000,-1.0000,-1.0000,-1.0000,-1.0000,-1.0000,-1.0000,-1.0000,-1.0000,-1.0000,-1.0000,-1.0000,-1.0000,-1.0000,-1.0000,-1.0000,-1.0000,-1.0000,-1.0000,-1.0000,-1.0000,-1.0000,-1.0000,1.9041,1.9059,1.8561,1.8951,1.8714,1.9457,1.7796,1.7513,1.8245,1.7197,1.8202,1.7122,1.7968,1.7524,1.7016,1.7313,1.8251,1.9768,1.9870,1.9938,1.9863,1.9398,1.9308,2.0010,1.9107,1.9542,1.9669,1.9786,1.9305,1.8948,1.9554,1.9794,2.0019,1.9891,1.9844,1.9850,1.9803,1.9558,1.9692,1.9888,1.5675,1.6071,1.5810,1.5715,1.6100,1.5493,1.5045,1.6128,1.5532,1.5059,1.5116,1.5253,1.5936,1.5055,1.4897,1.5354,1.5048,1.5070,1.5525,1.4900,1.5764,1.5529,1.5261,0,1.0000,2.0308,4.6896,1.9317
21,0.0420,-0.3337,-1.6287,1.0690,2.0308,4.6896,1.5393,0.1110,0.1890,0.0001,1.0273,1.0000,-0.0008,0.0022,0.0083,-0.0238,-0.0143,0.0018,0.0127,-0.0020,-0.0060,0.0328,0.0002,0.0035,0.0035,-0.0085,0.0004,-0.0418,-0.0033,-0.0088,-0.0001,0.0033,0.0002,0.0012,0.0003,-0.0036,0.0150,0.0089,-0.0170,0.0001,0.0015,-0.0000,-0.0465,0.0053,-0.0019,-0.0810,0.1240,0.7845,-0.6471,-0.6234,0.1049,0.6560,-0.3023,-0.3198,0.7186,-0.0684,0.1478,0.3591,-0.6567,-0.2444,-2.5023,-0.3759,-0.4826,-0.2549,0.1117,0.0146,0.0597,0.0217,-0.5850,1.0235,0.7163,-0.4051,0.0018,0.0708,-0.0035,-1.0000,-1.0000,-1.0000,-1.0000,-1.0000,-1.0000,-1.0000,-1.0000,-1.0000,-1.0000,-1.0000,-1.0000,-1.0000,-1.0000,-1.0000,-1.0000,-1.0000,-1.0000,-1.0000,-1.0000,-1.0000,-1.0000,-1.0000,-1.0000,-1.0000,-1.0000,-1.0000,-1.0000,-1.0000,-1.0000,-1.0000,-1.0000,-1.0000,-1.0000,-1.0000,-1.0000,-1.0000,-1.0000,-1.0000,-1.0000,-1.0000,-1.0000,-1.0000,-1.0000,-1.0000,-1.0000,-1.0000,-1.0000,-1.0000,-1.0000,-1.0000,-1.0000,-1.0000,-1.0000,-1.0000,-1.0000,-1.0000,-1.0000,-1.0000,-1.0000,-1.0000,-1.0000,-1.0000,-1.0000,-1.0000,-1.0000,-1.0000,-1.0000,-1.0000,-1.0000,-1.0000,-1.0000,-1.0000,-1.0000,-1.0000,-1.0000,-1.0000,-1.0000,-1.0000,-1.0000,-1.0000,-1.0000,-1.0000,-1.0000,-1.0000,-1.0000,-1.0000,-1.0000,-1.0000,-1.0000,-1.0000,-1.0000,-1.0000,-1.0000,-1.0000,-1.0000,-1.0000,-1.0000,-1.0000,-1.0000,-1.0000,-1.0000,-1.0000,-1.0000,-1.0000,-1.0000,-1.0000,-1.0000,-1.0000,-1.0000,-1.0000,-1.0000,-1.0000,-1.0000,-1.0000,-1.0000,-1.0000,-1.0000,-1.0000,-1.0000,-1.0000,1.8935,1.8950,1.8455,1.8846,1.8606,1.9351,1.7696,1.7405,1.8138,1.7095,1.8096,1.7016,1.7867,1.7416,1.6915,1.7211,1.8144,1.9663,1.9765,1.9833,1.9758,1.9293,1.9206,1.9907,1.9002,1.9437,1.9567,1.9683,1.9204,1.8844,1.9452,1.9691,1.9913,1.9787,1.9740,1.9743,1.9700,1.9452,1.9586,1.9783,1.5568,1.5961,1.5701,1.5607,1.5993,1.5390,1.4940,1.6023,1.5429,1.4956,1.5013,1.5152,1.5834,1.4955,1.4799,1.5253,1.4947,1.4972,1.5424,1.4801,1.5663,1.5431,1.5162,0,1.0000,2.0308,4.6896,1.9317
21,0.0420,-0.3337,-1.6287,1.0690,2.0308,4.6896,1.5393,0.1110,0.1890,0.0001,1.0273,1.0000,-0.0008,0.0022,0.0083,-0.0238,-0.0143,0.0018,0.0127,-0.0020,-0.0060,0.0328,0.0002,0.0035,0.0035,-0.0085,0.0004,-0.0418,-0.0033,-0.0088,-0.0001,0.0033,0.0002,0.0012,0.0003,-0.0036,0.0150,0.0089,-0.0170,0.0001,0.0015,-0.0000,-0.0465,0.0053,-0.0019,-0.0810,0.1240,0.7845,-0.6471,-0.6234,0.1049,0.6560,-0.3023,-0.3198,0.7186,-0.0684,0.1478,0.3591,-0.6567,-0.2444,-2.5023,-0.3759,-0.4826,-0.2549,0.1117,0.0146,0.0597,0.0217,-0.5850,1.0235,0.7163,-0.4051,0.0018,0.0708,-0.0035,-1.0000,-1.0000,-1.0000,-1.0000,-1.0000,-1.0000,-1.0000,-1.0000,-1.0000,-1.0000,-1.0000,-1.0000,-1.0000,-1.0000,-1.0000,-1.0000,-1.0000,-1.0000,-1.0000,-1.0000,-1.0000,-1.0000,-1.0000,-1.0000,-1.0000,-1.0000,-1.0000,-1.0000,-1.0000,-1.0000,-1.0000,-1.0000,-1.0000,-1.0000,-1.0000,-1.0000,-1.0000,-1.0000,-1.0000,-1.0000,-1.0000,-1.0000,-1.0000,-1.0000,-1.0000,-1.0000,-1.0000,-1.0000,-1.0000,-1.0000,-1.0000,-1.0000,-1.0000,-1.0000,-1.0000,-1.0000,-1.0000,-1.0000,-1.0000,-1.0000,-1.0000,-1.0000,-1.0000,-1.0000,-1.0000,-1.0000,-1.0000,-1.0000,-1.0000,-1.0000,-1.0000,-1.0000,-1.0000,-1.0000,-1.0000,-1.0000,-1.0000,-1.0000,-1.0000,-1.0000,-1.0000,-1.0000,-1.0000,-1.0000,-1.0000,-1.0000,-1.0000,-1.0000,-1.0000,-1.0000,-1.0000,-1.0000,-1.0000,-1.0000,-1.0000,-1.0000,-1.0000,-1.0000,-1.0000,-1.0000,-1.0000,-1.0000,-1.0000,-1.0000,-1.0000,-1.0000,-1.0000,-1.0000,-1.0000,-1.0000,-1.0000,-1.0000,-1.0000,-1.0000,-1.0000,-1.0000,-1.0000,-1.0000,-1.0000,-1.0000,-1.0000,1.8935,1.8950,1.8455,1.8846,1.8606,1.9351,1.7696,1.7405,1.8138,1.7095,1.8096,1.7016,1.7867,1.7416,1.6915,1.7211,1.8144,1.9663,1.9765,1.9833,1.9758,1.9293,1.9206,1.9907,1.9002,1.9437,1.9567,1.9683,1.9204,1.8844,1.9452,1.9691,1.9913,1.9787,1.9740,1.9743,1.9700,1.9452,1.9586,1.9783,1.5568,1.5961,1.5701,1.5607,1.5993,1.5390,1.4940,1.6023,1.5429,1.4956,1.5013,1.5152,1.5834,1.4955,1.4799,1.5253,1.4947,1.4972,1.5424,1.4801,1.5663,1.5431,1.5162,0,1.0000,2.0308,4.6896,1.9317
21,0.0420,-0.3337,-1.6287,1.0690,2.0308,4.6896,1.5393,0.1110,0.1890,0.0001,1.0273,1.0000,-0.0008,0.0022,0.0083,-0.0238,-0.0143,0.0018,0.0127,-0.0020,-0.0060,0.0328,0.0002,0.0035,0.0035,-0.0085,0.0004,-0.0418,-0.0033,-0.0088,-0.0001,0.0033,0.0002,0.0012,0.0003,-0.0036,0.0150,0.0089,-0.0170,0.0001,0.0015,-0.0000,-0.0465,0.0053,-0.0019,-0.0810,0.1240,0.7845,-0.6471,-0.6234,0.1049,0.6560,-0.3023,-0.3198,0.7186,-0.0684,0.1478,0.3591,-0.6567,-0.2444,-2.5023,-0.3759,-0.4826,-0.2549,0.1117,0.0146,0.0597,0.0217,-0.5850,1.0235,0.7163,-0.4051,0.0018,0.0708,-0.0035,-1.0000,-1.0000,-1.0000,-1.0000,-1.0000,-1.0000,-1.0000,-1.0000,-1.0000,-1.0000,-1.0000,-1.0000,-1.0000,-1.0000,-1.0000,-1.0000,-1.0000,-1.0000,-1.0000,-1.0000,-1.0000,-1.0000,-1.0000,-1.0000,-1.0000,-1.0000,-1.0000,-1.0000,-1.0000,-1.0000,-1.0000,-1.0000,-1.0000,-1.0000,-1.0000,-1.0000,-1.0000,-1.0000,-1.0000,-1.0000,-1.0000,-1.0000,-1.0000,-1.0000,-1.0000,-1.0000,-1.0000,-1.0000,-1.0000,-1.0000,-1.0000,-1.0000,-1.0000,-1.0000,-1.0000,-1.0000,-1.0000,-1.0000,-1.0000,-1.0000,-1.0000,-1.0000,-1.0000,-1.0000,-1.0000,-1.0000,-1.0000,-1.0000,-1.0000,-1.0000,-1.0000,-1.0000,-1.0000,-1.0000,-1.0000,-1.0000,-1.0000,-1.0000,-1.0000,-1.0000,-1.0000,-1.0000,-1.0000,-1.0000,-1.0000,-1.0000,-1.0000,-1.0000,-1.0000,-1.0000,-1.0000,-1.0000,-1.0000,-1.0000,-1.0000,-1.0000,-1.0000,-1.0000,-1.0000,-1.0000,-1.0000,-1.0000,-1.0000,-1.0000,-1.0000,-1.0000,-1.0000,-1.0000,-1.0000,-1.0000,-1.0000,-1.0000,-1.0000,-1.0000,-1.0000,-1.0000,-1.0000,-1.0000,-1.0000,-1.0000,-1.0000,1.8935,1.8950,1.8455,1.8846,1.8606,1.9351,1.7696,1.7405,1.8138,1.7095,1.8096,1.7016,1.7867,1.7416,1.6915,1.7211,1.8144,1.9663,1.9765,1.9833,1.9758,1.9293,1.9206,1.9907,1.9002,1.9437,1.9567,1.9683,1.9204,1.8844,1.9452,1.9691,1.9913,1.9787,1.9740,1.9743,1.9700,1.9452,1.9586,1.9783,1.5568,1.5961,1.5701,1.5607,1.5993,1.5390,1.4940,1.6023,1.5429,1.4956,1.5013,1.5152,1.5834,1.4955,1.4799,1.5253,1.4947,1.4972,1.5424,1.4801,1.5663,1.5431,1.5162,0,1.0000,2.0308,4.6896,1.9317
21,0.0420,-0.3337,-1.6287,1.0690,2.0308,4.6896,1.5393,0.1110,0.1890,0.0001,1.0273,1.0000,-0.0008,0.0022,0.0083,-0.0238,-0.0143,0.0018,0.0127,-0.0020,-0.0060,0.0328,0.0002,0.0035,0.0035,-0.0085,0.0004,-0.0418,-0.0033,-0.0088,-0.0001,0.0033,0.0002,0.0012,0.0003,-0.0036,0.0150,0.0089,-0.0170,0.0001,0.0015,-0.0000,-0.0465,0.0053,-0.0019,-0.0810,0.1240,0.7845,-0.6471,-0.6234,0.1049,0.6560,-0.3023,-0.3198,0.7186,-0.0684,0.1478,0.3591,-0.6567,-0.2444,-2.5023,-0.3759,-0.4826,-0.2549,0.1117,0.0146,0.0597,0.0217,-0.5850,1.0235,0.7163,-0.4051,0.0018,0.0708,-0.0035,-1.0000,-1.0000,-1.0000,-1.0000,-1.0000,-1.0000,-1.0000,-1.0000,-1.0000,-1.0000,-1.0000,-1.0000,-1.0000,-1.0000,-1.0000,-1.0000,-1.0000,-1.0000,-1.0000,-1.0000,-1.0000,-1.0000,-1.0000,-1.0000,-1.0000,-1.0000,-1.0000,-1.0000,-1.0000,-1.0000,-1.0000,-1.0000,-1.0000,-1.0000,-1.0000,-1.0000,-1.0000,-1.0000,-1.0000,-1.0000,-1.0000,-1.0000,-1.0000,-1.0000,-1.0000,-1.0000,-1.0000,-1.0000,-1.0000,-1.0000,-1.0000,-1.0000,-1.0000,-1.0000,-1.0000,-1.0000,-1.0000,-1.0000,-1.0000,-1.0000,-1.0000,-1.0000,-1.0000,-1.0000,-1.0000,-1.0000,-1.0000,-1.0000,-1.0000,-1.0000,-1.0000,-1.0000,-1.0000,-1.0000,-1.0000,-1.0000,-1.0000,-1.0000,-1.0000,-1.0000,-1.0000,-1.0000,-1.0000,-1.0000,-1.0000,-1.0000,-1.0000,-1.0000,-1.0000,-1.0000,-1.0000,-1.0000,-1.0000,-1.0000,-1.0000,-1.0000,-1.0000,-1.0000,-1.0000,-1.0000,-1.0000,-1.0000,-1.0000,-1.0000,-1.0000,-1.0000,-1.0000,-1.0000,-1.0000,-1.0000,-1.0000,-1.0000,-1.0000,-1.0000,-1.0000,-1.0000,-1.0000,-1.0000,-1.0000,-1.0000,-1.0000,1.8935,1.8950,1.8455,1.8846,1.8606,1.9351,1.7696,1.7405,1.8138,1.7095,1.8096,1.7016,1.7867,1.7416,1.6915,1.7211,1.8144,1.9663,1.9765,1.9833,1.9758,1.9293,1.9206,1.9907,1.9002,1.9437,1.9567,1.9683,1.9204,1.8844,1.9452,1.9691,1.9913,1.9787,1.9740,1.9743,1.9700,1.9452,1.9586,1.9783,1.5568,1.5961,1.5701,1.5607,1.5993,1.5390,1.4940,1.6023,1.5429,1.4956,1.5013,1.5152,1.5834,1.4955,1.4799,1.5253,1.4947,1.4972,1.5424,1.4801,1.5663,1.5431,1.5162,0,1.0000,2.0308,4.6896,1.9317
21,0.0420,-0.3337,-1.6287,1.0690,2.0308,4.6896,1.5393,0.1110,0.1890,0.0001,1.0273,1.0000,-0.0008,0.0022,0.0083,-0.0238,-0.0143,0.0018,0.0127,-0.0020,-0.0060,0.0328,0.0002,0.0035,0.0035,-0.0085,0.0004,-0.0418,-0.0033,-0.0088,-0.0001,0.0033,0.0002,0.0012,0.0003,-0.0036,0.0150,0.0089,-0.0170,0.0001,0.0015,-0.0000,-0.0465,0.0053,-0.0019,-0.0810,0.1240,0.7845,-0.6471,-0.6234,0.1049,0.6560,-0.3023,-0.3198,0.7186,-0.0684,0.1478,0.3591,-0.6567,-0.2444,-2.5023,-0.3759,-0.4826,-0.2549,0.1117,0.0146,0.0597,0.0217,-0.5850,1.0235,0.7163,-0.4051,0.0018,0.0708,-0.0035,-1.0000,-1.0000,-1.0000,-1.0000,-1.0000,-1.0000,-1.0000,-1.0000,-1.0000,-1.0000,-1.0000,-1.0000,-1.0000,-1.0000,-1.0000,-1.0000,-1.0000,-1.0000,-1.0000,-1.0000,-1.0000,-1.0000,-1.0000,-1.0000,-1.0000,-1.0000,-1.0000,-1.0000,-1.0000,-1.0000,-1.0000,-1.0000,-1.0000,-1.0000,-1.0000,-1.0000,-1.0000,-1.0000,-1.0000,-1.0000,-1.0000,-1.0000,-1.0000,-1.0000,-1.0000,-1.0000,-1.0000,-1.0000,-1.0000,-1.0000,-1.0000,-1.0000,-1.0000,-1.0000,-1.0000,-1.0000,-1.0000,-1.0000,-1.0000,-1.0000,-1.0000,-1.0000,-1.0000,-1.0000,-1.0000,-1.0000,-1.0000,-1.0000,-1.0000,-1.0000,-1.0000,-1.0000,-1.0000,-1.0000,-1.0000,-1.0000,-1.0000,-1.0000,-1.0000,-1.0000,-1.0000,-1.0000,-1.0000,-1.0000,-1.0000,-1.0000,-1.0000,-1.0000,-1.0000,-1.0000,-1.0000,-1.0000,-1.0000,-1.0000,-1.0000,-1.0000,-1.0000,-1.0000,-1.0000,-1.0000,-1.0000,-1.0000,-1.0000,-1.0000,-1.0000,-1.0000,-1.0000,-1.0000,-1.0000,-1.0000,-1.0000,-1.0000,-1.0000,-1.0000,-1.0000,-1.0000,-1.0000,-1.0000,-1.0000,-1.0000,-1.0000,1.8935,1.8950,1.8455,1.8846,1.8606,1.9351,1.7696,1.7405,1.8138,1.7095,1.8096,1.7016,1.7867,1.7416,1.6915,1.7211,1.8144,1.9663,1.9765,1.9833,1.9758,1.9293,1.9206,1.9907,1.9002,1.9437,1.9567,1.9683,1.9204,1.8844,1.9452,1.9691,1.9913,1.9787,1.9740,1.9743,1.9700,1.9452,1.9586,1.9783,1.5568,1.5961,1.5701,1.5607,1.5993,1.5390,1.4940,1.6023,1.5429,1.4956,1.5013,1.5152,1.5834,1.4955,1.4799,1.5253,1.4947,1.4972,1.5424,1.4801,1.5663,1.5431,1.5162,0,1.0000,2.0308,4.6896,1.9317
21,0.0420,-0.3337,-1.6287,1.0690,2.0308,4.6896,1.5393,0.1110,0.1890,0.0001,1.0273,1.0000,-0.0008,0.0022,0.0083,-0.0238,-0.0143,0.0018,0.0127,-0.0020,-0.0060,0.0328,0.0002,0.0035,0.0035,-0.0085,0.0004,-0.0418,-0.0033,-0.0088,-0.0001,0.0033,0.0002,0.0012,0.0003,-0.0036,0.0150,0.0089,-0.0170,0.0001,0.0015,-0.0000,-0.0465,0.0053,-0.0019,-0.0810,0.1240,0.7845,-0.6471,-0.6234,0.1049,0.6560,-0.3023,-0.3198,0.7186,-0.0684,0.1478,0.3591,-0.6567,-0.2444,-2.5023,-0.3759,-0.4826,-0.2549,0.1117,0.0146,0.0597,0.0217,-0.5850,1.0235,0.7163,-0.4051,0.0018,0.0708,-0.0035,-1.0000,-1.0000,-1.0000,-1.0000,-1.0000,-1.0000,-1.0000,-1.0000,-1.0000,-1.0000,-1.0000,-1.0000,-1.0000,-1.0000,-1.0000,-1.0000,-1.0000,-1.0000,-1.0000,-1.0000,-1.0000,-1.0000,-1.0000,-1.0000,-1.0000,-1.0000,-1.0000,-1.0000,-1.0000,-1.0000,-1.0000,-1.0000,-1.0000,-1.0000,-1.0000,-1.0000,-1.0000,-1.0000,-1.0000,-1.0000,-1.0000,-1.0000,-1.0000,-1.0000,-1.0000,-1.0000,-1.0000,-1.0000,-1.0000,-1.0000,-1.0000,-1.0000,-1.0000,-1.0000,-1.0000,-1.0000,-1.0000,-1.0000,-1.0000,-1.0000,-1.0000,-1.0000,-1.0000,-1.0000,-1.0000,-1.0000,-1.0000,-1.0000,-1.0000,-1.0000,-1.0000,-1.0000,-1.0000,-1.0000,-1.0000,-1.0000,-1.0000,-1.0000,-1.0000,-1.0000,-1.0000,-1.0000,-1.0000,-1.0000,-1.0000,-1.0000,-1.0000,-1.0000,-1.0000,-1.0000,-1.0000,-1.0000,-1.0000,-1.0000,-1.0000,-1.0000,-1.0000,-1.0000,-1.0000,-1.0000,-1.0000,-1.0000,-1.0000,-1.0000,-1.0000,-1.0000,-1.0000,-1.0000,-1.0000,-1.0000,-1.0000,-1.0000,-1.0000,-1.0000,-1.0000,-1.0000,-1.0000,-1.0000,-1.0000,-1.0000,-1.0000,1.8935,1.8950,1.8455,1.8846,1.8606,1.9351,1.7696,1.7405,1.8138,1.7095,1.8096,1.7016,1.7867,1.7416,1.6915,1.7211,1.8144,1.9663,1.9765,1.9833,1.9758,1.9293,1.9206,1.9907,1.9002,1.9437,1.9567,1.9683,1.9204,1.8844,1.9452,1.9691,1.9913,1.9787,1.9740,1.9743,1.9700,1.9452,1.9586,1.9783,1.5568,1.5961,1.5701,1.5607,1.5993,1.5390,1.4940,1.6023,1.5429,1.4956,1.5013,1.5152,1.5834,1.4955,1.4799,1.5253,1.4947,1.4972,1.5424,1.4801,1.5663,1.5431,1.5162,0,1.0000,2.0308,4.6896,1.9317
21,0.0420,-0.3337,-1.6287,1.0690,2.0308,4.6896,1.5393,0.1110,0.1890,0.0001,1.0273,1.0000,-0.0008,0.0022,0.0083,-0.0238,-0.0143,0.0018,0.0127,-0.0020,-0.0060,0.0328,0.0002,0.0035,0.0035,-0.0085,0.0004,-0.0418,-0.0033,-0.0088,-0.0001,0.0033,0.0002,0.0012,0.0003,-0.0036,0.0150,0.0089,-0.0170,0.0001,0.0015,-0.0000,-0.0465,0.0053,-0.0019,-0.0810,0.1240,0.7845,-0.6471,-0.6234,0.1049,0.6560,-0.3023,-0.3198,0.7186,-0.0684,0.1478,0.3591,-0.6567,-0.2444,-2.5023,-0.3759,-0.4826,-0.2549,0.1117,0.0146,0.0597,0.0217,-0.5850,1.0235,0.7163,-0.4051,0.0018,0.0708,-0.0035,-1.0000,-1.0000,-1.0000,-1.0000,-1.0000,-1.0000,-1.0000,-1.0000,-1.0000,-1.0000,-1.0000,-1.0000,-1.0000,-1.0000,-1.0000,-1.0000,-1.0000,-1.0000,-1.0000,-1.0000,-1.0000,-1.0000,-1.0000,-1.0000,-1.0000,-1.0000,-1.0000,-1.0000,-1.0000,-1.0000,-1.0000,-1.0000,-1.0000,-1.0000,-1.0000,-1.0000,-1.0000,-1.0000,-1.0000,-1.0000,-1.0000,-1.0000,-1.0000,-1.0000,-1.0000,-1.0000,-1.0000,-1.0000,-1.0000,-1.0000,-1.0000,-1.0000,-1.0000,-1.0000,-1.0000,-1.0000,-1.0000,-1.0000,-1.0000,-1.0000,-1.0000,-1.0000,-1.0000,-1.0000,-1.0000,-1.0000,-1.0000,-1.0000,-1.0000,-1.0000,-1.0000,-1.0000,-1.0000,-1.0000,-1.0000,-1.0000,-1.0000,-1.0000,-1.0000,-1.0000,-1.0000,-1.0000,-1.0000,-1.0000,-1.0000,-1.0000,-1.0000,-1.0000,-1.0000,-1.0000,-1.0000,-1.0000,-1.0000,-1.0000,-1.0000,-1.0000,-1.0000,-1.0000,-1.0000,-1.0000,-1.0000,-1.0000,-1.0000,-1.0000,-1.0000,-1.0000,-1.0000,-1.0000,-1.0000,-1.0000,-1.0000,-1.0000,-1.0000,-1.0000,-1.0000,-1.0000,-1.0000,-1.0000,-1.0000,-1.0000,-1.0000,1.8935,1.8950,1.8455,1.8846,1.8606,1.9351,1.7696,1.7405,1.8138,1.7095,1.8096,1.7016,1.7867,1.7416,1.6915,1.7211,1.8144,1.9663,1.9765,1.9833,1.9758,1.9293,1.9206,1.9907,1.9002,1.9437,1.9567,1.9683,1.9204,1.8844,1.9452,1.9691,1.9913,1.9787,1.9740,1.9743,1.9700,1.9452,1.9586,1.9783,1.5568,1.5961,1.5701,1.5607,1.5993,1.5390,1.4940,1.6023,1.5429,1.4956,1.5013,1.5152,1.5834,1.4955,1.4799,1.5253,1.4947,1.4972,1.5424,1.4801,1.5663,1.5431,1.5162,0,1.0000,2.0308,4.6896,1.9317
21,0.0420,-0.3337,-1.6287,1.0690,2.0308,4.6896,1.5393,0.1110,0.1890,0.0001,1.0273,1.0000,-0.0008,0.0022,0.0083,-0.0238,-0.0143,0.0018,0.0127,-0.0020,-0.0060,0.0328,0.0002,0.0035,0.0035,-0.0085,0.0004,-0.0418,-0.0033,-0.0088,-0.0001,0.0033,0.0002,0.0012,0.0003,-0.0036,0.0150,0.0089,-0.0170,0.0001,0.0015,-0.0000,-0.0465,0.0053,-0.0019,-0.0810,0.1240,0.7845,-0.6471,-0.6234,0.1049,0.6560,-0.3023,-0.3198,0.7186,-0.0684,0.1478,0.3591,-0.6567,-0.2444,-2.5023,-0.3759,-0.4826,-0.2549,0.1117,0.0146,0.0597,0.0217,-0.5850,1.0235,0.7163,-0.4051,0.0018,0.0708,-0.0035,-1.0000,-1.0000,-1.0000,-1.0000,-1.0000,-1.0000,-1.0000,-1.0000,-1.0000,-1.0000,-1.0000,-1.0000,-1.0000,-1.0000,-1.0000,-1.0000,-1.0000,-1.0000,-1.0000,-1.0000,-1.0000,-1.0000,-1.0000,-1.0000,-1.0000,-1.0000,-1.0000,-1.0000,-1.0000,-1.0000,-1.0000,-1.0000,-1.0000,-1.0000,-1.0000,-1.0000,-1.0000,-1.0000,-1.0000,-1.0000,-1.0000,-1.0000,-1.0000,-1.0000,-1.0000,-1.0000,-1.0000,-1.0000,-1.0000,-1.0000,-1.0000,-1.0000,-1.0000,-1.0000,-1.0000,-1.0000,-1.0000,-1.0000,-1.0000,-1.0000,-1.0000,-1.0000,-1.0000,-1.0000,-1.0000,-1.0000,-1.0000,-1.0000,-1.0000,-1.0000,-1.0000,-1.0000,-1.0000,-1.0000,-1.0000,-1.0000,-1.0000,-1.0000,-1.0000,-1.0000,-1.0000,-1.0000,-1.0000,-1.0000,-1.0000,-1.0000,-1.0000,-1.0000,-1.0000,-1.0000,-1.0000,-1.0000,-1.0000,-1.0000,-1.0000,-1.0000,-1.0000,-1.0000,-1.0000,-1.0000,-1.0000,-1.0000,-1.0000,-1.0000,-1.0000,-1.0000,-1.0000,-1.0000,-1.0000,-1.0000,-1.0000,-1.0000,-1.0000,-1.0000,-1.0000,-1.0000,-1.0000,-1.0000,-1.0000,-1.0000,-1.0000,1.8935,1.8950,1.8455,1.8846,1.8606,1.9351,1.7696,1.7405,1.8138,1.7095,1.8096,1.7016,1.7867,1.7416,1.6915,1.7211,1.8144,1.9663,1.9765,1.9833,1.9758,1.9293,1.9206,1.9907,1.9002,1.9437,1.9567,1.9683,1.9204,1.8844,1.9452,1.9691,1.9913,1.9787,1.9740,1.9743,1.9700,1.9452,1.9586,1.9783,1.5568,1.5961,1.5701,1.5607,1.5993,1.5390,1.4940,1.6023,1.5429,1.4956,1.5013,1.5152,1.5834,1.4955,1.4799,1.5253,1.4947,1.4972,1.5424,1.4801,1.5663,1.5431,1.5162,0,1.0000,2.0308,4.6896,1.9317
21,0.0420,-0.3337,-1.6287,1.0690,2.0308,4.6896,1.5393,0.1110,0.1890,0.0001,1.0273,1.0000,-0.0008,0.0022,0.0083,-0.0238,-0.0143,0.0018,0.0127,-0.0020,-0.0060,0.0328,0.0002,0.0035,0.0035,-0.0085,0.0004,-0.0418,-0.0033,-0.0088,-0.0001,0.0033,0.0002,0.0012,0.0003,-0.0036,0.0150,0.0089,-0.0170,0.0001,0.0015,-0.0000,-0.0465,0.0053,-0.0019,-0.0810,0.1240,0.7845,-0.6471,-0.6234,0.1049,0.6560,-0.3023,-0.3198,0.7186,-0.0684,0.1478,0.3591,-0.6567,-0.2444,-2.5023,-0.3759,-0.4826,-0.2549,0.1117,0.0146,0.0597,0.0217,-0.5850,1.0235,0.7163,-0.4051,0.0018,0.0708,-0.0035,-1.0000,-1.0000,-1.0000,-1.0000,-1.0000,-1.0000,-1.0000,-1.0000,-1.0000,-1.0000,-1.0000,-1.0000,-1.0000,-1.0000,-1.0000,-1.0000,-1.0000,-1.0000,-1.0000,-1.0000,-1.0000,-1.0000,-1.0000,-1.0000,-1.0000,-1.0000,-1.0000,-1.0000,-1.0000,-1.0000,-1.0000,-1.0000,-1.0000,-1.0000,-1.0000,-1.0000,-1.0000,-1.0000,-1.0000,-1.0000,-1.0000,-1.0000,-1.0000,-1.0000,-1.0000,-1.0000,-1.0000,-1.0000,-1.0000,-1.0000,-1.0000,-1.0000,-1.0000,-1.0000,-1.0000,-1.0000,-1.0000,-1.0000,-1.0000,-1.0000,-1.0000,-1.0000,-1.0000,-1.0000,-1.0000,-1.0000,-1.0000,-1.0000,-1.0000,-1.0000,-1.0000,-1.0000,-1.0000,-1.0000,-1.0000,-1.0000,-1.0000,-1.0000,-1.0000,-1.0000,-1.0000,-1.0000,-1.0000,-1.0000,-1.0000,-1.0000,-1.0000,-1.0000,-1.0000,-1.0000,-1.0000,-1.0000,-1.0000,-1.0000,-1.0000,-1.0000,-1.0000,-1.0000,-1.0000,-1.0000,-1.0000,-1.0000,-1.0000,-1.0000,-1.0000,-1.0000,-1.0000,-1.0000,-1.0000,-1.0000,-1.0000,-1.0000,-1.0000,-1.0000,-1.0000,-1.0000,-1.0000,-1.0000,-1.0000,-1.0000,-1.0000,1.8935,1.8950,1.8455,1.8846,1.8606,1.9351,1.7696,1.7405,1.8138,1.7095,1.8096,1.7016,1.7867,1.7416,1.6915,1.7211,1.8144,1.9663,1.9765,1.9833,1.9758,1.9293,1.9206,1.9907,1.9002,1.9437,1.9567,1.9683,1.9204,1.8844,1.9452,1.9691,1.9913,1.9787,1.9740,1.9743,1.9700,1.9452,1.9586,1.9783,1.5568,1.5961,1.5701,1.5607,1.5993,1.5390,1.4940,1.6023,1.5429,1.4956,1.5013,1.5152,1.5834,1.4955,1.4799,1.5253,1.4947,1.4972,1.5424,1.4801,1.5663,1.5431,1.5162,0,1.0000,2.0308,4.6896,1.9317
21,0.0420,-0.3337,-1.6287,1.0690,2.0308,4.6896,1.5393,0.1110,0.1890,0.0001,1.0273,1.0000,-0.0008,0.0022,0.0083,-0.0238,-0.0143,0.0018,0.0127,-0.0020,-0.0060,0.0328,0.0002,0.0035,0.0035,-0.0085,0.0004,-0.0418,-0.0033,-0.0088,-0.0001,0.0033,0.0002,0.0012,0.0003,-0.0036,0.0150,0.0089,-0.0170,0.0001,0.0015,-0.0000,-0.0465,0.0053,-0.0019,-0.0810,0.1240,0.7845,-0.6471,-0.6234,0.1049,0.6560,-0.3023,-0.3198,0.7186,-0.0684,0.1478,0.3591,-0.6567,-0.2444,-2.5023,-0.3759,-0.4826,-0.2549,0.1117,0.0146,0.0597,0.0217,-0.5850,1.0235,0.7163,-0.4051,0.0018,0.0708,-0.0035,-1.0000,-1.0000,-1.0000,-1.0000,-1.0000,-1.0000,-1.0000,-1.0000,-1.0000,-1.0000,-1.0000,-1.0000,-1.0000,-1.0000,-1.0000,-1.0000,-1.0000,-1.0000,-1.0000,-1.0000,-1.0000,-1.0000,-1.0000,-1.0000,-1.0000,-1.0000,-1.0000,-1.0000,-1.0000,-1.0000,-1.0000,-1.0000,-1.0000,-1.0000,-1.0000,-1.0000,-1.0000,-1.0000,-1.0000,-1.0000,-1.0000,-1.0000,-1.0000,-1.0000,-1.0000,-1.0000,-1.0000,-1.0000,-1.0000,-1.0000,-1.0000,-1.0000,-1.0000,-1.0000,-1.0000,-1.0000,-1.0000,-1.0000,-1.0000,-1.0000,-1.0000,-1.0000,-1.0000,-1.0000,-1.0000,-1.0000,-1.0000,-1.0000,-1.0000,-1.0000,-1.0000,-1.0000,-1.0000,-1.0000,-1.0000,-1.0000,-1.0000,-1.0000,-1.0000,-1.0000,-1.0000,-1.0000,-1.0000,-1.0000,-1.0000,-1.0000,-1.0000,-1.0000,-1.0000,-1.0000,-1.0000,-1.0000,-1.0000,-1.0000,-1.0000,-1.0000,-1.0000,-1.0000,-1.0000,-1.0000,-1.0000,-1.0000,-1.0000,-1.0000,-1.0000,-1.0000,-1.0000,-1.0000,-1.0000,-1.0000,-1.0000,-1.0000,-1.0000,-1.0000,-1.0000,-1.0000,-1.0000,-1.0000,-1.0000,-1.0000,-1.0000,1.8935,1.8950,1.8455,1.8846,1.8606,1.9351,1.7696,1.7405,1.8138,1.7095,1.8096,1.7016,1.7867,1.7416,1.6915,1.7211,1.8144,1.9663,1.9765,1.9833,1.9758,1.9293,1.9206,1.9907,1.9002,1.9437,1.9567,1.9683,1.9204,1.8844,1.9452,1.9691,1.9913,1.9787,1.9740,1.9743,1.9700,1.9452,1.9586,1.9783,1.5568,1.5961,1.5701,1.5607,1.5993,1.5390,1.4940,1.6023,1.5429,1.4956,1.5013,1.5152,1.5834,1.4955,1.4799,1.5253,1.4947,1.4972,1.5424,1.4801,1.5663,1.5431,1.5162,0,1.0000,2.0308,4.6896,1.9317
21,0.0420,-0.3337,-1.6287,1.0690,2.0308,4.6896,1.5393,0.1110,0.1890,0.0001,1.0273,1.0000,-0.0008,0.0022,0.0083,-0.0238,-0.0143,0.0018,0.0127,-0.0020,-0.0060,0.0328,0.0002,0.0035,0.0035,-0.0085,0.0004,-0.0418,-0.0033,-0.0088,-0.0001,0.0033,0.0002,0.0012,0.0003,-0.0036,0.0150,0.0089,-0.0170,0.0001,0.0015,-0.0000,-0.0465,0.0053,-0.0019,-0.0810,0.1240,0.7845,-0.6471,-0.6234,0.1049,0.6560,-0.3023,-0.3198,0.7186,-0.0684,0.1478,0.3591,-0.6567,-0.2444,-2.5023,-0.3759,-0.4826,-0.2549,0.1117,0.0146,0.0597,0.0217,-0.5850,1.0235,0.7163,-0.4051,0.0018,0.0708,-0.0035,-1.0000,-1.0000,-1.0000,-1.0000,-1.0000,-1.0000,-1.0000,-1.0000,-1.0000,-1.0000,-1.0000,-1.0000,-1.0000,-1.0000,-1.0000,-1.0000,-1.0000,-1.0000,-1.0000,-1.0000,-1.0000,-1.0000,-1.0000,-1.0000,-1.0000,-1.0000,-1.0000,-1.0000,-1.0000,-1.0000,-1.0000,-1.0000,-1.0000,-1.0000,-1.0000,-1.0000,-1.0000,-1.0000,-1.0000,-1.0000,-1.0000,-1.0000,-1.0000,-1.0000,-1.0000,-1.0000,-1.0000,-1.0000,-1.0000,-1.0000,-1.0000,-1.0000,-1.0000,-1.0000,-1.0000,-1.0000,-1.0000,-1.0000,-1.0000,-1.0000,-1.0000,-1.0000,-1.0000,-1.0000,-1.0000,-1.0000,-1.0000,-1.0000,-1.0000,-1.0000,-1.0000,-1.0000,-1.0000,-1.0000,-1.0000,-1.0000,-1.0000,-1.0000,-1.0000,-1.0000,-1.0000,-1.0000,-1.0000,-1.0000,-1.0000,-1.0000,-1.0000,-1.0000,-1.0000,-1.0000,-1.0000,-1.0000,-1.0000,-1.0000,-1.0000,-1.0000,-1.0000,-1.0000,-1.0000,-1.0000,-1.0000,-1.0000,-1.0000,-1.0000,-1.0000,-1.0000,-1.0000,-1.0000,-1.0000,-1.0000,-1.0000,-1.0000,-1.0000,-1.0000,-1.0000,-1.0000,-1.0000,-1.0000,-1.0000,-1.0000,-1.0000,1.8935,1.8950,1.8455,1.8846,1.8606,1.9351,1.7696,1.7405,1.8138,1.7095,1.8096,1.7016,1.7867,1.7416,1.6915,1.7211,1.8144,1.9663,1.9765,1.9833,1.9758,1.9293,1.9206,1.9907,1.9002,1.9437,1.9567,1.9683,1.9204,1.8844,1.9452,1.9691,1.9913,1.9787,1.9740,1.9743,1.9700,1.9452,1.9586,1.9783,1.5568,1.5961,1.5701,1.5607,1.5993,1.5390,1.4940,1.6023,1.5429,1.4956,1.5013,1.5152,1.5834,1.4955,1.4799,1.5253,1.4947,1.4972,1.5424,1.4801,1.5663,1.5431,1.5162,0,1.0000,2.0308,4.6896,1.9317
21,0.0420,-0.3337,-1.6287,1.0690,2.0308,4.6896,1.5393,0.1110,0.1890,0.0001,1.0273,1.0000,-0.0008,0.0022,0.0083,-0.0238,-0.0143,0.0018,0.0127,-0.0020,-0.0060,0.0328,0.0002,0.0035,0.0035,-0.0085,0.0004,-0.0418,-0.0033,-0.0088,-0.0001,0.0033,0.0002,0.0012,0.0003,-0.0036,0.0150,0.0089,-0.0170,0.0001,0.0015,-0.0000,-0.0465,0.0053,-0.0019,-0.0810,0.1240,0.7845,-0.6471,-0.6234,0.1049,0.6560,-0.3023,-0.3198,0.7186,-0.0684,0.1478,0.3591,-0.6567,-0.2444,-2.5023,-0.3759,-0.4826,-0.2549,0.1117,0.0146,0.0597,0.0217,-0.5850,1.0235,0.7163,-0.4051,0.0018,0.0708,-0.0035,-1.0000,-1.0000,-1.0000,-1.0000,-1.0000,-1.0000,-1.0000,-1.0000,-1.0000,-1.0000,-1.0000,-1.0000,-1.0000,-1.0000,-1.0000,-1.0000,-1.0000,-1.0000,-1.0000,-1.0000,-1.0000,-1.0000,-1.0000,-1.0000,-1.0000,-1.0000,-1.0000,-1.0000,-1.0000,-1.0000,-1.0000,-1.0000,-1.0000,-1.0000,-1.0000,-1.0000,-1.0000,-1.0000,-1.0000,-1.0000,-1.0000,-1.0000,-1.0000,-1.0000,-1.0000,-1.0000,-1.0000,-1.0000,-1.0000,-1.0000,-1.0000,-1.0000,-1.0000,-1.0000,-1.0000,-1.0000,-1.0000,-1.0000,-1.0000,-1.0000,-1.0000,-1.0000,-1.0000,-1.0000,-1.0000,-1.0000,-1.0000,-1.0000,-1.0000,-1.0000,-1.0000,-1.0000,-1.0000,-1.0000,-1.0000,-1.0000,-1.0000,-1.0000,-1.0000,-1.0000,-1.0000,-1.0000,-1.0000,-1.0000,-1.0000,-1.0000,-1.0000,-1.0000,-1.0000,-1.0000,-1.0000,-1.0000,-1.0000,-1.0000,-1.0000,-1.0000,-1.0000,-1.0000,-1.0000,-1.0000,-1.0000,-1.0000,-1.0000,-1.0000,-1.0000,-1.0000,-1.0000,-1.0000,-1.0000,-1.0000,-1.0000,-1.0000,-1.0000,-1.0000,-1.0000,-1.0000,-1.0000,-1.0000,-1.0000,-1.0000,-1.0000,1.8935,1.8950,1.8455,1.8846,1.8606,1.9351,1.7696,1.7405,1.8138,1.7095,1.8096,1.7016,1.7867,1.7416,1.6915,1.7211,1.8144,1.9663,1.9765,1.9833,1.9758,1.9293,1.9206,1.9907,1.9002,1.9437,1.9567,1.9683,1.9204,1.8844,1.9452,1.9691,1.9913,1.9787,1.9740,1.9743,1.9700,1.9452,1.9586,1.9783,1.5568,1.5961,1.5701,1.5607,1.5993,1.5390,1.4940,1.6023,1.5429,1.4956,1.5013,1.5152,1.5834,1.4955,1.4799,1.5253,1.4947,1.4972,1.5424,1.4801,1.5663,1.5431,1.5162,0,1.0000,2.0308,4.6896,1.9317
21,0.0420,-0.3337,-1.6287,1.0690,2.0308,4.6896,1.5393,0.1110,0.1890,0.0001,1.0273,1.0000,-0.0008,0.0022,0.0083,-0.0238,-0.0143,0.0018,0.0127,-0.0020,-0.0060,0.0328,0.0002,0.0035,0.0035,-0.0085,0.0004,-0.0418,-0.0033,-0.0088,-0.0001,0.0033,0.0002,0.0012,0.0003,-0.0036,0.0150,0.0089,-0.0170,0.0001,0.0015,-0.0000,-0.0465,0.0053,-0.0019,-0.0810,0.1240,0.7845,-0.6471,-0.6234,0.1049,0.6560,-0.3023,-0.3198,0.7186,-0.0684,0.1478,0.3591,-0.6567,-0.2444,-2.5023,-0.3759,-0.4826,-0.2549,0.1117,0.0146,0.0597,0.0217,-0.5850,1.0235,0.7163,-0.4051,0.0018,0.0708,-0.0035,-1.0000,-1.0000,-1.0000,-1.0000,-1.0000,-1.0000,-1.0000,-1.0000,-1.0000,-1.0000,-1.0000,-1.0000,-1.0000,-1.0000,-1.0000,-1.0000,-1.0000,-1.0000,-1.0000,-1.0000,-1.0000,-1.0000,-1.0000,-1.0000,-1.0000,-1.0000,-1.0000,-1.0000,-1.0000,-1.0000,-1.0000,-1.0000,-1.0000,-1.0000,-1.0000,-1.0000,-1.0000,-1.0000,-1.0000,-1.0000,-1.0000,-1.0000,-1.0000,-1.0000,-1.0000,-1.0000,-1.0000,-1.0000,-1.0000,-1.0000,-1.0000,-1.0000,-1.0000,-1.0000,-1.0000,-1.0000,-1.0000,-1.0000,-1.0000,-1.0000,-1.0000,-1.0000,-1.0000,-1.0000,-1.0000,-1.0000,-1.0000,-1.0000,-1.0000,-1.0000,-1.0000,-1.0000,-1.0000,-1.0000,-1.0000,-1.0000,-1.0000,-1.0000,-1.0000,-1.0000,-1.0000,-1.0000,-1.0000,-1.0000,-1.0000,-1.0000,-1.0000,-1.0000,-1.0000,-1.0000,-1.0000,-1.0000,-1.0000,-1.0000,-1.0000,-1.0000,-1.0000,-1.0000,-1.0000,-1.0000,-1.0000,-1.0000,-1.0000,-1.0000,-1.0000,-1.0000,-1.0000,-1.0000,-1.0000,-1.0000,-1.0000,-1.0000,-1.0000,-1.0000,-1.0000,-1.0000,-1.0000,-1.0000,-1.0000,-1.0000,-1.0000,1.8935,1.8950,1.8455,1.8846,1.8606,1.9351,1.7696,1.7405,1.8138,1.7095,1.8096,1.7016,1.7867,1.7416,1.6915,1.7211,1.8144,1.9663,1.9765,1.9833,1.9758,1.9293,1.9206,1.9907,1.9002,1.9437,1.9567,1.9683,1.9204,1.8844,1.9452,1.9691,1.9913,1.9787,1.9740,1.9743,1.9700,1.9452,1.9586,1.9783,1.5568,1.5961,1.5701,1.5607,1.5993,1.5390,1.4940,1.6023,1.5429,1.4956,1.5013,1.5152,1.5834,1.4955,1.4799,1.5253,1.4947,1.4972,1.5424,1.4801,1.5663,1.5431,1.5162,0,1.0000,2.0308,4.6896,1.9317
21,0.0420,-0.3337,-1.6287,1.0690,2.0308,4.6896,1.5393,0.1110,0.1890,0.0001,1.0273,1.0000,-0.0008,0.0022,0.0083,-0.0238,-0.0143,0.0018,0.0127,-0.0020,-0.0060,0.0328,0.0002,0.0035,0.0035,-0.0085,0.0004,-0.0418,-0.0033,-0.0088,-0.0001,0.0033,0.0002,0.0012,0.0003,-0.0036,0.0150,0.0089,-0.0170,0.0001,0.0015,-0.0000,-0.0465,0.0053,-0.0019,-0.0810,0.1240,0.7845,-0.6471,-0.6234,0.1049,0.6560,-0.3023,-0.3198,0.7186,-0.0684,0.1478,0.3591,-0.6567,-0.2444,-2.5023,-0.3759,-0.4826,-0.2549,0.1117,0.0146,0.0597,0.0217,-0.5850,1.0235,0.7163,-0.4051,0.0018,0.0708,-0.0035,-1.0000,-1.0000,-1.0000,-1.0000,-1.0000,-1.0000,-1.0000,-1.0000,-1.0000,-1.0000,-1.0000,-1.0000,-1.0000,-1.0000,-1.0000,-1.0000,-1.0000,-1.0000,-1.0000,-1.0000,-1.0000,-1.0000,-1.0000,-1.0000,-1.0000,-1.0000,-1.0000,-1.0000,-1.0000,-1.0000,-1.0000,-1.0000,-1.0000,-1.0000,-1.0000,-1.0000,-1.0000,-1.0000,-1.0000,-1.0000,-1.0000,-1.0000,-1.0000,-1.0000,-1.0000,-1.0000,-1.0000,-1.0000,-1.0000,-1.0000,-1.0000,-1.0000,-1.0000,-1.0000,-1.0000,-1.0000,-1.0000,-1.0000,-1.0000,-1.0000,-1.0000,-1.0000,-1.0000,-1.0000,-1.0000,-1.0000,-1.0000,-1.0000,-1.0000,-1.0000,-1.0000,-1.0000,-1.0000,-1.0000,-1.0000,-1.0000,-1.0000,-1.0000,-1.0000,-1.0000,-1.0000,-1.0000,-1.0000,-1.0000,-1.0000,-1.0000,-1.0000,-1.0000,-1.0000,-1.0000,-1.0000,-1.0000,-1.0000,-1.0000,-1.0000,-1.0000,-1.0000,-1.0000,-1.0000,-1.0000,-1.0000,-1.0000,-1.0000,-1.0000,-1.0000,-1.0000,-1.0000,-1.0000,-1.0000,-1.0000,-1.0000,-1.0000,-1.0000,-1.0000,-1.0000,-1.0000,-1.0000,-1.0000,-1.0000,-1.0000,-1.0000,1.8935,1.8950,1.8455,1.8846,1.8606,1.9351,1.7696,1.7405,1.8138,1.7095,1.8096,1.7016,1.7867,1.7416,1.6915,1.7211,1.8144,1.9663,1.9765,1.9833,1.9758,1.9293,1.9206,1.9907,1.9002,1.9437,1.9567,1.9683,1.9204,1.8844,1.9452,1.9691,1.9913,1.9787,1.9740,1.9743,1.9700,1.9452,1.9586,1.9783,1.5568,1.5961,1.5701,1.5607,1.5993,1.5390,1.4940,1.6023,1.5429,1.4956,1.5013,1.5152,1.5834,1.4955,1.4799,1.5253,1.4947,1.4972,1.5424,1.4801,1.5663,1.5431,1.5162,0,1.0000,2.0308,4.6896,1.9317
21,0.0420,-0.3337,-1.6287,1.0690,2.0308,4.6896,1.5393,0.1110,0.1890,0.0001,1.0273,1.0000,-0.0008,0.0022,0.0083,-0.0238,-0.0143,0.0018,0.0127,-0.0020,-0.0060,0.0328,0.0002,0.0035,0.0035,-0.0085,0.0004,-0.0418,-0.0033,-0.0088,-0.0001,0.0033,0.0002,0.0012,0.0003,-0.0036,0.0150,0.0089,-0.0170,0.0001,0.0015,-0.0000,-0.0465,0.0053,-0.0019,-0.0810,0.1240,0.7845,-0.6471,-0.6234,0.1049,0.6560,-0.3023,-0.3198,0.7186,-0.0684,0.1478,0.3591,-0.6567,-0.2444,-2.5023,-0.3759,-0.4826,-0.2549,0.1117,0.0146,0.0597,0.0217,-0.5850,1.0235,0.7163,-0.4051,0.0018,0.0708,-0.0035,-1.0000,-1.0000,-1.0000,-1.0000,-1.0000,-1.0000,-1.0000,-1.0000,-1.0000,-1.0000,-1.0000,-1.0000,-1.0000,-1.0000,-1.0000,-1.0000,-1.0000,-1.0000,-1.0000,-1.0000,-1.0000,-1.0000,-1.0000,-1.0000,-1.0000,-1.0000,-1.0000,-1.0000,-1.0000,-1.0000,-1.0000,-1.0000,-1.0000,-1.0000,-1.0000,-1.0000,-1.0000,-1.0000,-1.0000,-1.0000,-1.0000,-1.0000,-1.0000,-1.0000,-1.0000,-1.0000,-1.0000,-1.0000,-1.0000,-1.0000,-1.0000,-1.0000,-1.0000,-1.0000,-1.0000,-1.0000,-1.0000,-1.0000,-1.0000,-1.0000,-1.0000,-1.0000,-1.0000,-1.0000,-1.0000,-1.0000,-1.0000,-1.0000,-1.0000,-1.0000,-1.0000,-1.0000,-1.0000,-1.0000,-1.0000,-1.0000,-1.0000,-1.0000,-1.0000,-1.0000,-1.0000,-1.0000,-1.0000,-1.0000,-1.0000,-1.0000,-1.0000,-1.0000,-1.0000,-1.0000,-1.0000,-1.0000,-1.0000,-1.0000,-1.0000,-1.0000,-1.0000,-1.0000,-1.0000,-1.0000,-1.0000,-1.0000,-1.0000,-1.0000,-1.0000,-1.0000,-1.0000,-1.0000,-1.0000,-1.0000,-1.0000,-1.0000,-1.0000,-1.0000,-1.0000,-1.0000,-1.0000,-1.0000,-1.0000,-1.0000,-1.0000,1.8935,1.8950,1.8455,1.8846,1.8606,1.9351,1.7696,1.7405,1.8138,1.7095,1.8096,1.7016,1.7867,1.7416,1.6915,1.7211,1.8144,1.9663,1.9765,1.9833,1.9758,1.9293,1.9206,1.9907,1.9002,1.9437,1.9567,1.9683,1.9204,1.8844,1.9452,1.9691,1.9913,1.9787,1.9740,1.9743,1.9700,1.9452,1.9586,1.9783,1.5568,1.5961,1.5701,1.5607,1.5993,1.5390,1.4940,1.6023,1.5429,1.4956,1.5013,1.5152,1.5834,1.4955,1.4799,1.5253,1.4947,1.4972,1.5424,1.4801,1.5663,1.5431,1.5162,0,1.0000,2.0308,4.6896,1.9317
21,0.0420,-0.3337,-1.6287,1.0690,2.0308,4.6896,1.5393,0.1110,0.1890,0.0001,1.0273,1.0000,-0.0008,0.0022,0.0083,-0.0238,-0.0143,0.0018,0.0127,-0.0020,-0.0060,0.0328,0.0002,0.0035,0.0035,-0.0085,0.0004,-0.0418,-0.0033,-0.0088,-0.0001,0.0033,0.0002,0.0012,0.0003,-0.0036,0.0150,0.0089,-0.0170,0.0001,0.0015,-0.0000,-0.0465,0.0053,-0.0019,-0.0810,0.1240,0.7845,-0.6471,-0.6234,0.1049,0.6560,-0.3023,-0.3198,0.7186,-0.0684,0.1478,0.3591,-0.6567,-0.2444,-2.5023,-0.3759,-0.4826,-0.2549,0.1117,0.0146,0.0597,0.0217,-0.5850,1.0235,0.7163,-0.4051,0.0018,0.0708,-0.0035,-1.0000,-1.0000,-1.0000,-1.0000,-1.0000,-1.0000,-1.0000,-1.0000,-1.0000,-1.0000,-1.0000,-1.0000,-1.0000,-1.0000,-1.0000,-1.0000,-1.0000,-1.0000,-1.0000,-1.0000,-1.0000,-1.0000,-1.0000,-1.0000,-1.0000,-1.0000,-1.0000,-1.0000,-1.0000,-1.0000,-1.0000,-1.0000,-1.0000,-1.0000,-1.0000,-1.0000,-1.0000,-1.0000,-1.0000,-1.0000,-1.0000,-1.0000,-1.0000,-1.0000,-1.0000,-1.0000,-1.0000,-1.0000,-1.0000,-1.0000,-1.0000,-1.0000,-1.0000,-1.0000,-1.0000,-1.0000,-1.0000,-1.0000,-1.0000,-1.0000,-1.0000,-1.0000,-1.0000,-1.0000,-1.0000,-1.0000,-1.0000,-1.0000,-1.0000,-1.0000,-1.0000,-1.0000,-1.0000,-1.0000,-1.0000,-1.0000,-1.0000,-1.0000,-1.0000,-1.0000,-1.0000,-1.0000,-1.0000,-1.0000,-1.0000,-1.0000,-1.0000,-1.0000,-1.0000,-1.0000,-1.0000,-1.0000,-1.0000,-1.0000,-1.0000,-1.0000,-1.0000,-1.0000,-1.0000,-1.0000,-1.0000,-1.0000,-1.0000,-1.0000,-1.0000,-1.0000,-1.0000,-1.0000,-1.0000,-1.0000,-1.0000,-1.0000,-1.0000,-1.0000,-1.0000,-1.0000,-1.0000,-1.0000,-1.0000,-1.0000,-1.0000,1.8935,1.8950,1.8455,1.8846,1.8606,1.9351,1.7696,1.7405,1.8138,1.7095,1.8096,1.7016,1.7867,1.7416,1.6915,1.7211,1.8144,1.9663,1.9765,1.9833,1.9758,1.9293,1.9206,1.9907,1.9002,1.9437,1.9567,1.9683,1.9204,1.8844,1.9452,1.9691,1.9913,1.9787,1.9740,1.9743,1.9700,1.9452,1.9586,1.9783,1.5568,1.5961,1.5701,1.5607,1.5993,1.5390,1.4940,1.6023,1.5429,1.4956,1.5013,1.5152,1.5834,1.4955,1.4799,1.5253,1.4947,1.4972,1.5424,1.4801,1.5663,1.5431,1.5162,0,1.0000,2.0308,4.6896,1.9317
21,0.0420,-0.3337,-1.6287,1.0690,2.0308,4.6896,1.5393,0.1110,0.1890,0.0001,1.0273,1.0000,-0.0008,0.0022,0.0083,-0.0238,-0.0143,0.0018,0.0127,-0.0020,-0.0060,0.0328,0.0002,0.0035,0.0035,-0.0085,0.0004,-0.0418,-0.0033,-0.0088,-0.0001,0.0033,0.0002,0.0012,0.0003,-0.0036,0.0150,0.0089,-0.0170,0.0001,0.0015,-0.0000,-0.0465,0.0053,-0.0019,-0.0810,0.1240,0.7845,-0.6471,-0.6234,0.1049,0.6560,-0.3023,-0.3198,0.7186,-0.0684,0.1478,0.3591,-0.6567,-0.2444,-2.5023,-0.3759,-0.4826,-0.2549,0.1117,0.0146,0.0597,0.0217,-0.5850,1.0235,0.7163,-0.4051,0.0018,0.0708,-0.0035,-1.0000,-1.0000,-1.0000,-1.0000,-1.0000,-1.0000,-1.0000,-1.0000,-1.0000,-1.0000,-1.0000,-1.0000,-1.0000,-1.0000,-1.0000,-1.0000,-1.0000,-1.0000,-1.0000,-1.0000,-1.0000,-1.0000,-1.0000,-1.0000,-1.0000,-1.0000,-1.0000,-1.0000,-1.0000,-1.0000,-1.0000,-1.0000,-1.0000,-1.0000,-1.0000,-1.0000,-1.0000,-1.0000,-1.0000,-1.0000,-1.0000,-1.0000,-1.0000,-1.0000,-1.0000,-1.0000,-1.0000,-1.0000,-1.0000,-1.0000,-1.0000,-1.0000,-1.0000,-1.0000,-1.0000,-1.0000,-1.0000,-1.0000,-1.0000,-1.0000,-1.0000,-1.0000,-1.0000,-1.0000,-1.0000,-1.0000,-1.0000,-1.0000,-1.0000,-1.0000,-1.0000,-1.0000,-1.0000,-1.0000,-1.0000,-1.0000,-1.0000,-1.0000,-1.0000,-1.0000,-1.0000,-1.0000,-1.0000,-1.0000,-1.0000,-1.0000,-1.0000,-1.0000,-1.0000,-1.0000,-1.0000,-1.0000,-1.0000,-1.0000,-1.0000,-1.0000,-1.0000,-1.0000,-1.0000,-1.0000,-1.0000,-1.0000,-1.0000,-1.0000,-1.0000,-1.0000,-1.0000,-1.0000,-1.0000,-1.0000,-1.0000,-1.0000,-1.0000,-1.0000,-1.0000,-1.0000,-1.0000,-1.0000,-1.0000,-1.0000,-1.0000,1.8935,1.8950,1.8455,1.8846,1.8606,1.9351,1.7696,1.7405,1.8138,1.7095,1.8096,1.7016,1.7867,1.7416,1.6915,1.7211,1.8144,1.9663,1.9765,1.9833,1.9758,1.9293,1.9206,1.9907,1.9002,1.9437,1.9567,1.9683,1.9204,1.8844,1.9452,1.9691,1.9913,1.9787,1.9740,1.9743,1.9700,1.9452,1.9586,1.9783,1.5568,1.5961,1.5701,1.5607,1.5993,1.5390,1.4940,1.6023,1.5429,1.4956,1.5013,1.5152,1.5834,1.4955,1.4799,1.5253,1.4947,1.4972,1.5424,1.4801,1.5663,1.5431,1.5162,0,1.0000,2.0308,4.6896,1.9317
21,0.0420,-0.3337,-1.6287,1.0690,2.0308,4.6896,1.5393,0.1110,0.1890,0.0001,1.0273,1.0000,-0.0008,0.0022,0.0083,-0.0238,-0.0143,0.0018,0.0127,-0.0020,-0.0060,0.0328,0.0002,0.0035,0.0035,-0.0085,0.0004,-0.0418,-0.0033,-0.0088,-0.0001,0.0033,0.0002,0.0012,0.0003,-0.0036,0.0150,0.0089,-0.0170,0.0001,0.0015,-0.0000,-0.0465,0.0053,-0.0019,-0.0810,0.1240,0.7845,-0.6471,-0.6234,0.1049,0.6560,-0.3023,-0.3198,0.7186,-0.0684,0.1478,0.3591,-0.6567,-0.2444,-2.5023,-0.3759,-0.4826,-0.2549,0.1117,0.0146,0.0597,0.0217,-0.5850,1.0235,0.7163,-0.4051,0.0018,0.0708,-0.0035,-1.0000,-1.0000,-1.0000,-1.0000,-1.0000,-1.0000,-1.0000,-1.0000,-1.0000,-1.0000,-1.0000,-1.0000,-1.0000,-1.0000,-1.0000,-1.0000,-1.0000,-1.0000,-1.0000,-1.0000,-1.0000,-1.0000,-1.0000,-1.0000,-1.0000,-1.0000,-1.0000,-1.0000,-1.0000,-1.0000,-1.0000,-1.0000,-1.0000,-1.0000,-1.0000,-1.0000,-1.0000,-1.0000,-1.0000,-1.0000,-1.0000,-1.0000,-1.0000,-1.0000,-1.0000,-1.0000,-1.0000,-1.0000,-1.0000,-1.0000,-1.0000,-1.0000,-1.0000,-1.0000,-1.0000,-1.0000,-1.0000,-1.0000,-1.0000,-1.0000,-1.0000,-1.0000,-1.0000,-1.0000,-1.0000,-1.0000,-1.0000,-1.0000,-1.0000,-1.0000,-1.0000,-1.0000,-1.0000,-1.0000,-1.0000,-1.0000,-1.0000,-1.0000,-1.0000,-1.0000,-1.0000,-1.0000,-1.0000,-1.0000,-1.0000,-1.0000,-1.0000,-1.0000,-1.0000,-1.0000,-1.0000,-1.0000,-1.0000,-1.0000,-1.0000,-1.0000,-1.0000,-1.0000,-1.0000,-1.0000,-1.0000,-1.0000,-1.0000,-1.0000,-1.0000,-1.0000,-1.0000,-1.0000,-1.0000,-1.0000,-1.0000,-1.0000,-1.0000,-1.0000,-1.0000,-1.0000,-1.0000,-1.0000,-1.0000,-1.0000,-1.0000,1.8935,1.8950,1.8455,1.8846,1.8606,1.9351,1.7696,1.7405,1.8138,1.7095,1.8096,1.7016,1.7867,1.7416,1.6915,1.7211,1.8144,1.9663,1.9765,1.9833,1.9758,1.9293,1.9206,1.9907,1.9002,1.9437,1.9567,1.9683,1.9204,1.8844,1.9452,1.9691,1.9913,1.9787,1.9740,1.9743,1.9700,1.9452,1.9586,1.9783,1.5568,1.5961,1.5701,1.5607,1.5993,1.5390,1.4940,1.6023,1.5429,1.4956,1.5013,1.5152,1.5834,1.4955,1.4799,1.5253,1.4947,1.4972,1.5424,1.4801,1.5663,1.5431,1.5162,0,1.0000,2.0308,4.6896,1.9317
21,0.0420,-0.3337,-1.6287,1.0690,2.0308,4.6896,1.5393,0.1110,0.1890,0.0001,1.0273,1.0000,-0.0008,0.0022,0.0083,-0.0238,-0.0143,0.0018,0.0127,-0.0020,-0.0060,0.0328,0.0002,0.0035,0.0035,-0.0085,0.0004,-0.0418,-0.0033,-0.0088,-0.0001,0.0033,0.0002,0.0012,0.0003,-0.0036,0.0150,0.0089,-0.0170,0.0001,0.0015,-0.0000,-0.0465,0.0053,-0.0019,-0.0810,0.1240,0.7845,-0.6471,-0.6234,0.1049,0.6560,-0.3023,-0.3198,0.7186,-0.0684,0.1478,0.3591,-0.6567,-0.2444,-2.5023,-0.3759,-0.4826,-0.2549,0.1117,0.0146,0.0597,0.0217,-0.5850,1.0235,0.7163,-0.4051,0.0018,0.0708,-0.0035,-1.0000,-1.0000,-1.0000,-1.0000,-1.0000,-1.0000,-1.0000,-1.0000,-1.0000,-1.0000,-1.0000,-1.0000,-1.0000,-1.0000,-1.0000,-1.0000,-1.0000,-1.0000,-1.0000,-1.0000,-1.0000,-1.0000,-1.0000,-1.0000,-1.0000,-1.0000,-1.0000,-1.0000,-1.0000,-1.0000,-1.0000,-1.0000,-1.0000,-1.0000,-1.0000,-1.0000,-1.0000,-1.0000,-1.0000,-1.0000,-1.0000,-1.0000,-1.0000,-1.0000,-1.0000,-1.0000,-1.0000,-1.0000,-1.0000,-1.0000,-1.0000,-1.0000,-1.0000,-1.0000,-1.0000,-1.0000,-1.0000,-1.0000,-1.0000,-1.0000,-1.0000,-1.0000,-1.0000,-1.0000,-1.0000,-1.0000,-1.0000,-1.0000,-1.0000,-1.0000,-1.0000,-1.0000,-1.0000,-1.0000,-1.0000,-1.0000,-1.0000,-1.0000,-1.0000,-1.0000,-1.0000,-1.0000,-1.0000,-1.0000,-1.0000,-1.0000,-1.0000,-1.0000,-1.0000,-1.0000,-1.0000,-1.0000,-1.0000,-1.0000,-1.0000,-1.0000,-1.0000,-1.0000,-1.0000,-1.0000,-1.0000,-1.0000,-1.0000,-1.0000,-1.0000,-1.0000,-1.0000,-1.0000,-1.0000,-1.0000,-1.0000,-1.0000,-1.0000,-1.0000,-1.0000,-1.0000,-1.0000,-1.0000,-1.0000,-1.0000,-1.0000,1.8935,1.8950,1.8455,1.8846,1.8606,1.9351,1.7696,1.7405,1.8138,1.7095,1.8096,1.7016,1.7867,1.7416,1.6915,1.7211,1.8144,1.9663,1.9765,1.9833,1.9758,1.9293,1.9206,1.9907,1.9002,1.9437,1.9567,1.9683,1.9204,1.8844,1.9452,1.9691,1.9913,1.9787,1.9740,1.9743,1.9700,1.9452,1.9586,1.9783,1.5568,1.5961,1.5701,1.5607,1.5993,1.5390,1.4940,1.6023,1.5429,1.4956,1.5013,1.5152,1.5834,1.4955,1.4799,1.5253,1.4947,1.4972,1.5424,1.4801,1.5663,1.5431,1.5162,0,1.0000,2.0308,4.6896,1.9317
21,0.0420,-0.3337,-1.6287,1.0690,2.0308,4.6896,1.5393,0.1110,0.1890,0.0001,1.0273,1.0000,-0.0008,0.0022,0.0083,-0.0238,-0.0143,0.0018,0.0127,-0.0020,-0.0060,0.0328,0.0002,0.0035,0.0035,-0.0085,0.0004,-0.0418,-0.0033,-0.0088,-0.0001,0.0033,0.0002,0.0012,0.0003,-0.0036,0.0150,0.0089,-0.0170,0.0001,0.0015,-0.0000,-0.0465,0.0053,-0.0019,-0.0810,0.1240,0.7845,-0.6471,-0.6234,0.1049,0.6560,-0.3023,-0.3198,0.7186,-0.0684,0.1478,0.3591,-0.6567,-0.2444,-2.5023,-0.3759,-0.4826,-0.2549,0.1117,0.0146,0.0597,0.0217,-0.5850,1.0235,0.7163,-0.4051,0.0018,0.0708,-0.0035,-1.0000,-1.0000,-1.0000,-1.0000,-1.0000,-1.0000,-1.0000,-1.0000,-1.0000,-1.0000,-1.0000,-1.0000,-1.0000,-1.0000,-1.0000,-1.0000,-1.0000,-1.0000,-1.0000,-1.0000,-1.0000,-1.0000,-1.0000,-1.0000,-1.0000,-1.0000,-1.0000,-1.0000,-1.0000,-1.0000,-1.0000,-1.0000,-1.0000,-1.0000,-1.0000,-1.0000,-1.0000,-1.0000,-1.0000,-1.0000,-1.0000,-1.0000,-1.0000,-1.0000,-1.0000,-1.0000,-1.0000,-1.0000,-1.0000,-1.0000,-1.0000,-1.0000,-1.0000,-1.0000,-1.0000,-1.0000,-1.0000,-1.0000,-1.0000,-1.0000,-1.0000,-1.0000,-1.0000,-1.0000,-1.0000,-1.0000,-1.0000,-1.0000,-1.0000,-1.0000,-1.0000,-1.0000,-1.0000,-1.0000,-1.0000,-1.0000,-1.0000,-1.0000,-1.0000,-1.0000,-1.0000,-1.0000,-1.0000,-1.0000,-1.0000,-1.0000,-1.0000,-1.0000,-1.0000,-1.0000,-1.0000,-1.0000,-1.0000,-1.0000,-1.0000,-1.0000,-1.0000,-1.0000,-1.0000,-1.0000,-1.0000,-1.0000,-1.0000,-1.0000,-1.0000,-1.0000,-1.0000,-1.0000,-1.0000,-1.0000,-1.0000,-1.0000,-1.0000,-1.0000,-1.0000,-1.0000,-1.0000,-1.0000,-1.0000,-1.0000,-1.0000,1.8935,1.8950,1.8455,1.8846,1.8606,1.9351,1.7696,1.7405,1.8138,1.7095,1.8096,1.7016,1.7867,1.7416,1.6915,1.7211,1.8144,1.9663,1.9765,1.9833,1.9758,1.9293,1.9206,1.9907,1.9002,1.9437,1.9567,1.9683,1.9204,1.8844,1.9452,1.9691,1.9913,1.9787,1.9740,1.9743,1.9700,1.9452,1.9586,1.9783,1.5568,1.5961,1.5701,1.5607,1.5993,1.5390,1.4940,1.6023,1.5429,1.4956,1.5013,1.5152,1.5834,1.4955,1.4799,1.5253,1.4947,1.4972,1.5424,1.4801,1.5663,1.5431,1.5162,0,1.0000,2.0308,4.6896,1.9317
22,0.0440,-0.3296,-1.6193,1.0721,2.0308,4.6896,1.5196,0.1110,0.1889,0.0001,1.0273,1.0000,-0.0008,0.0023,0.0091,-0.0251,-0.0156,0.0020,0.0139,-0.0026,-0.0066,0.0347,0.0000,0.0038,0.0043,-0.0095,0.0003,-0.0469,-0.0041,-0.0098,-0.0007,0.0035,0.0003,0.0013,0.0004,-0.0050,0.0172,0.0105,-0.0175,0.0001,0.0017,-0.0000,-0.0519,0.0061,-0.0046,-0.0596,0.1362,0.7938,-0.6706,-0.6289,0.0804,0.6274,-0.3046,-0.3210,0.9626,-0.0789,0.1486,0.3830,-0.5085,-0.0781,-2.5930,-0.4285,-0.4971,-0.2967,0.0982,0.0152,0.0624,0.0228,-0.6852,1.0851,0.8058,-0.2441,0.0011,0.0674,-0.0043,-1.0000,-1.0000,-1.0000,-1.0000,-1.0000,-1.0000,-1.0000,-1.0000,-1.0000,-1.0000,-1.0000,-1.0000,-1.0000,-1.0000,-1.0000,-1.0000,-1.0000,-1.0000,-1.0000,-1.0000,-1.0000,-1.0000,-1.0000,-1.0000,-1.0000,-1.0000,-1.0000,-1.0000,-1.0000,-1.0000,-1.0000,-1.0000,-1.0000,-1.0000,-1.0000,-1.0000,-1.0000,-1.0000,-1.0000,-1.0000,-1.0000,-1.0000,-1.0000,-1.0000,-1.0000,-1.0000,-1.0000,-1.0000,-1.0000,-1.0000,-1.0000,-1.0000,-1.0000,-1.0000,-1.0000,-1.0000,-1.0000,-1.0000,-1.0000,-1.0000,-1.0000,-1.0000,-1.0000,-1.0000,-1.0000,-1.0000,-1.0000,-1.0000,-1.0000,-1.0000,-1.0000,-1.0000,-1.0000,-1.0000,-1.0000,-1.0000,-1.0000,-1.0000,-1.0000,-1.0000,-1.0000,-1.0000,-1.0000,-1.0000,-1.0000,-1.0000,-1.0000,-1.0000,-1.0000,-1.0000,-1.0000,-1.0000,-1.0000,-1.0000,-1.0000,-1.0000,-1.0000,-1.0000,-1.0000,-1.0000,-1.0000,-1.0000,-1.0000,-1.0000,-1.0000,-1.0000,-1.0000,-1.0000,-1.0000,-1.0000,-1.0000,-1.0000,-1.0000,-1.0000,-1.0000,-1.0000,-1.0000,-1.0000,-1.0000,-1.0000,-1.0000,1.8829,1.8842,1.8349,1.8742,1.8498,1.9245,1.7596,1.7298,1.8030,1.6993,1.7990,1.6909,1.7765,1.7308,1.6814,1.7109,1.8037,1.9558,1.9660,1.9728,1.9653,1.9187,1.9105,1.9805,1.8898,1.9332,1.9465,1.9579,1.9102,1.8741,1.9350,1.9589,1.9806,1.9683,1.9636,1.9636,1.9598,1.9345,1.9480,1.9677,1.5461,1.5851,1.5592,1.5499,1.5887,1.5288,1.4834,1.5918,1.5327,1.4854,1.4911,1.5052,1.5731,1.4855,1.4702,1.5153,1.4847,1.4874,1.5322,1.4702,1.5561,1.5333,1.5064,0,1.0000,2.0308,4.6896,1.9317
22,0.0440,-0.3296,-1.6193,1.0721,2.0308,4.6896,1.5196,0.1110,0.1889,0.0001,1.0273,1.0000,-0.0008,0.0023,0.0091,-0.0251,-0.0156,0.0020,0.0139,-0.0026,-0.0066,0.0347,0.0000,0.0038,0.0043,-0.0095,0.0003,-0.0469,-0.0041,-0.0098,-0.0007,0.0035,0.0003,0.0013,0.0004,-0.0050,0.0172,0.0105,-0.0175,0.0001,0.0017,-0.0000,-0.0519,0.0061,-0.0046,-0.0596,0.1362,0.7938,-0.6706,-0.6289,0.0804,0.6274,-0.3046,-0.3210,0.9626,-0.0789,0.1486,0.3830,-0.5085,-0.0781,-2.5930,-0.4285,-0.4971,-0.2967,0.0982,0.0152,0.0624,0.0228,-0.6852,1.0851,0.8058,-0.2441,0.0011,0.0674,-0.0043,-1.0000,-1.0000,-1.0000,-1.0000,-1.0000,-1.0000,-1.0000,-1.0000,-1.0000,-1.0000,-1.0000,-1.0000,-1.0000,-1.0000,-1.0000,-1.0000,-1.0000,-1.0000,-1.0000,-1.0000,-1.0000,-1.0000,-1.0000,-1.0000,-1.0000,-1.0000,-1.0000,-1.0000,-1.0000,-1.0000,-1.0000,-1.0000,-1.0000,-1.0000,-1.0000,-1.0000,-1.0000,-1.0000,-1.0000,-1.0000,-1.0000,-1.0000,-1.0000,-1.0000,-1.0000,-1.0000,-1.0000,-1.0000,-1.0000,-1.0000,-1.0000,-1.0000,-1.0000,-1.0000,-1.0000,-1.0000,-1.0000,-1.0000,-1.0000,-1.0000,-1.0000,-1.0000,-1.0000,-1.0000,-1.0000,-1.0000,-1.0000,-1.0000,-1.0000,-1.0000,-1.0000,-1.0000,-1.0000,-1.0000,-1.0000,-1.0000,-1.0000,-1.0000,-1.0000,-1.0000,-1.0000,-1.0000,-1.0000,-1.0000,-1.0000,-1.0000,-1.0000,-1.0000,-1.0000,-1.0000,-1.0000,-1.0000,-1.0000,-1.0000,-1.0000,-1.0000,-1.0000,-1.0000,-1.0000,-1.0000,-1.0000,-1.0000,-1.0000,-1.0000,-1.0000,-1.0000,-1.0000,-1.0000,-1.0000,-1.0000,-1.0000,-1.0000,-1.0000,-1.0000,-1.0000,-1.0000,-1.0000,-1.0000,-1.0000,-1.0000,-1.0000,1.8829,1.8842,1.8349,1.8742,1.8498,1.9245,1.7596,1.7298,1.8030,1.6993,1.7990,1.6909,1.7765,1.7308,1.6814,1.7109,1.8037,1.9558,1.9660,1.9728,1.9653,1.9187,1.9105,1.9805,1.8898,1.9332,1.9465,1.9579,1.9102,1.8741,1.9350,1.9589,1.9806,1.9683,1.9636,1.9636,1.9598,1.9345,1.9480,1.9677,1.5461,1.5851,1.5592,1.5499,1.5887,1.5288,1.4834,1.5918,1.5327,1.4854,1.4911,1.5052,1.5731,1.4855,1.4702,1.5153,1.4847,1.4874,1.5322,1.4702,1.5561,1.5333,1.5064,0,1.0000,2.0308,4.6896,1.9317
22,0.0440,-0.3296,-1.6193,1.0721,2.0308,4.6896,1.5196,0.1110,0.1889,0.0001,1.0273,1.0000,-0.0008,0.0023,0.0091,-0.0251,-0.0156,0.0020,0.0139,-0.0026,-0.0066,0.0347,0.0000,0.0038,0.0043,-0.0095,0.0003,-0.0469,-0.0041,-0.0098,-0.0007,0.0035,0.0003,0.0013,0.0004,-0.0050,0.0172,0.0105,-0.0175,0.0001,0.0017,-0.0000,-0.0519,0.0061,-0.0046,-0.0596,0.1362,0.7938,-0.6706,-0.6289,0.0804,0.6274,-0.3046,-0.3210,0.9626,-0.0789,0.1486,0.3830,-0.5085,-0.0781,-2.5930,-0.4285,-0.4971,-0.2967,0.0982,0.0152,0.0624,0.0228,-0.6852,1.0851,0.8058,-0.2441,0.0011,0.0674,-0.0043,-1.0000,-1.0000,-1.0000,-1.0000,-1.0000,-1.0000,-1.0000,-1.0000,-1.0000,-1.0000,-1.0000,-1.0000,-1.0000,-1.0000,-1.0000,-1.0000,-1.0000,-1.0000,-1.0000,-1.0000,-1.0000,-1.0000,-1.0000,-1.0000,-1.0000,-1.0000,-1.0000,-1.0000,-1.0000,-1.0000,-1.0000,-1.0000,-1.0000,-1.0000,-1.0000,-1.0000,-1.0000,-1.0000,-1.0000,-1.0000,-1.0000,-1.0000,-1.0000,-1.0000,-1.0000,-1.0000,-1.0000,-1.0000,-1.0000,-1.0000,-1.0000,-1.0000,-1.0000,-1.0000,-1.0000,-1.0000,-1.0000,-1.0000,-1.0000,-1.0000,-1.0000,-1.0000,-1.0000,-1.0000,-1.0000,-1.0000,-1.0000,-1.0000,-1.0000,-1.0000,-1.0000,-1.0000,-1.0000,-1.0000,-1.0000,-1.0000,-1.0000,-1.0000,-1.0000,-1.0000,-1.0000,-1.0000,-1.0000,-1.0000,-1.0000,-1.0000,-1.0000,-1.0000,-1.0000,-1.0000,-1.0000,-1.0000,-1.0000,-1.0000,-1.0000,-1.0000,-1.0000,-1.0000,-1.0000,-1.0000,-1.0000,-1.0000,-1.0000,-1.0000,-1.0000,-1.0000,-1.0000,-1.0000,-1.0000,-1.0000,-1.0000,-1.0000,-1.0000,-1.0000,-1.0000,-1.0000,-1.0000,-1.0000,-1.0000,-1.0000,-1.0000,1.8829,1.8842,1.8349,1.8742,1.8498,1.9245,1.7596,1.7298,1.8030,1.6993,1.7990,1.6909,1.7765,1.7308,1.6814,1.7109,1.8037,1.9558,1.9660,1.9728,1.9653,1.9187,1.9105,1.9805,1.8898,1.9332,1.9465,1.9579,1.9102,1.8741,1.9350,1.9589,1.9806,1.9683,1.9636,1.9636,1.9598,1.9345,1.9480,1.9677,1.5461,1.5851,1.5592,1.5499,1.5887,1.5288,1.4834,1.5918,1.5327,1.4854,1.4911,1.5052,1.5731,1.4855,1.4702,1.5153,1.4847,1.4874,1.5322,1.4702,1.5561,1.5333,1.5064,0,1.0000,2.0308,4.6896,1.9317
22,0.0440,-0.3296,-1.6193,1.0721,2.0308,4.6896,1.5196,0.1110,0.1889,0.0001,1.0273,1.0000,-0.0008,0.0023,0.0091,-0.0251,-0.0156,0.0020,0.0139,-0.0026,-0.0066,0.0347,0.0000,0.0038,0.0043,-0.0095,0.0003,-0.0469,-0.0041,-0.0098,-0.0007,0.0035,0.0003,0.0013,0.0004,-0.0050,0.0172,0.0105,-0.0175,0.0001,0.0017,-0.0000,-0.0519,0.0061,-0.0046,-0.0596,0.1362,0.7938,-0.6706,-0.6289,0.0804,0.6274,-0.3046,-0.3210,0.9626,-0.0789,0.1486,0.3830,-0.5085,-0.0781,-2.5930,-0.4285,-0.4971,-0.2967,0.0982,0.0152,0.0624,0.0228,-0.6852,1.0851,0.8058,-0.2441,0.0011,0.0674,-0.0043,-1.0000,-1.0000,-1.0000,-1.0000,-1.0000,-1.0000,-1.0000,-1.0000,-1.0000,-1.0000,-1.0000,-1.0000,-1.0000,-1.0000,-1.0000,-1.0000,-1.0000,-1.0000,-1.0000,-1.0000,-1.0000,-1.0000,-1.0000,-1.0000,-1.0000,-1.0000,-1.0000,-1.0000,-1.0000,-1.0000,-1.0000,-1.0000,-1.0000,-1.0000,-1.0000,-1.0000,-1.0000,-1.0000,-1.0000,-1.0000,-1.0000,-1.0000,-1.0000,-1.0000,-1.0000,-1.0000,-1.0000,-1.0000,-1.0000,-1.0000,-1.0000,-1.0000,-1.0000,-1.0000,-1.0000,-1.0000,-1.0000,-1.0000,-1.0000,-1.0000,-1.0000,-1.0000,-1.0000,-1.0000,-1.0000,-1.0000,-1.0000,-1.0000,-1.0000,-1.0000,-1.0000,-1.0000,-1.0000,-1.0000,-1.0000,-1.0000,-1.0000,-1.0000,-1.0000,-1.0000,-1.0000,-1.0000,-1.0000,-1.0000,-1.0000,-1.0000,-1.0000,-1.0000,-1.0000,-1.0000,-1.0000,-1.0000,-1.0000,-1.0000,-1.0000,-1.0000,-1.0000,-1.0000,-1.0000,-1.0000,-1.0000,-1.0000,-1.0000,-1.0000,-1.0000,-1.0000,-1.0000,-1.0000,-1.0000,-1.0000,-1.0000,-1.0000,-1.0000,-1.0000,-1.0000,-1.0000,-1.0000,-1.0000,-1.0000,-1.0000,-1.0000,1.8829,1.8842,1.8349,1.8742,1.8498,1.9245,1.7596,1.7298,1.8030,1.6993,1.7990,1.6909,1.7765,1.7308,1.6814,1.7109,1.8037,1.9558,1.9660,1.9728,1.9653,1.9187,1.9105,1.9805,1.8898,1.9332,1.9465,1.9579,1.9102,1.8741,1.9350,1.9589,1.9806,1.9683,1.9636,1.9636,1.9598,1.9345,1.9480,1.9677,1.5461,1.5851,1.5592,1.5499,1.5887,1.5288,1.4834,1.5918,1.5327,1.4854,1.4911,1.5052,1.5731,1.4855,1.4702,1.5153,1.4847,1.4874,1.5322,1.4702,1.5561,1.5333,1.5064,0,1.0000,2.0308,4.6896,1.9317
22,0.0440,-0.3296,-1.6193,1.0721,2.0308,4.6896,1.5196,0.1110,0.1889,0.0001,1.0273,1.0000,-0.0008,0.0023,0.0091,-0.0251,-0.0156,0.0020,0.0139,-0.0026,-0.0066,0.0347,0.0000,0.0038,0.0043,-0.0095,0.0003,-0.0469,-0.0041,-0.0098,-0.0007,0.0035,0.0003,0.0013,0.0004,-0.0050,0.0172,0.0105,-0.0175,0.0001,0.0017,-0.0000,-0.0519,0.0061,-0.0046,-0.0596,0.1362,0.7938,-0.6706,-0.6289,0.0804,0.6274,-0.3046,-0.3210,0.9626,-0.0789,0.1486,0.3830,-0.5085,-0.0781,-2.5930,-0.4285,-0.4971,-0.2967,0.0982,0.0152,0.0624,0.0228,-0.6852,1.0851,0.8058,-0.2441,0.0011,0.0674,-0.0043,-1.0000,-1.0000,-1.0000,-1.0000,-1.0000,-1.0000,-1.0000,-1.0000,-1.0000,-1.0000,-1.0000,-1.0000,-1.0000,-1.0000,-1.0000,-1.0000,-1.0000,-1.0000,-1.0000,-1.0000,-1.0000,-1.0000,-1.0000,-1.0000,-1.0000,-1.0000,-1.0000,-1.0000,-1.0000,-1.0000,-1.0000,-1.0000,-1.0000,-1.0000,-1.0000,-1.0000,-1.0000,-1.0000,-1.0000,-1.0000,-1.0000,-1.0000,-1.0000,-1.0000,-1.0000,-1.0000,-1.0000,-1.0000,-1.0000,-1.0000,-1.0000,-1.0000,-1.0000,-1.0000,-1.0000,-1.0000,-1.0000,-1.0000,-1.0000,-1.0000,-1.0000,-1.0000,-1.0000,-1.0000,-1.0000,-1.0000,-1.0000,-1.0000,-1.0000,-1.0000,-1.0000,-1.0000,-1.0000,-1.0000,-1.0000,-1.0000,-1.0000,-1.0000,-1.0000,-1.0000,-1.0000,-1.0000,-1.0000,-1.0000,-1.0000,-1.0000,-1.0000,-1.0000,-1.0000,-1.0000,-1.0000,-1.0000,-1.0000,-1.0000,-1.0000,-1.0000,-1.0000,-1.0000,-1.0000,-1.0000,-1.0000,-1.0000,-1.0000,-1.0000,-1.0000,-1.0000,-1.0000,-1.0000,-1.0000,-1.0000,-1.0000,-1.0000,-1.0000,-1.0000,-1.0000,-1.0000,-1.0000,-1.0000,-1.0000,-1.0000,-1.0000,1.8829,1.8842,1.8349,1.8742,1.8498,1.9245,1.7596,1.7298,1.8030,1.6993,1.7990,1.6909,1.7765,1.7308,1.6814,1.7109,1.8037,1.9558,1.9660,1.9728,1.9653,1.9187,1.9105,1.9805,1.8898,1.9332,1.9465,1.9579,1.9102,1.8741,1.9350,1.9589,1.9806,1.9683,1.9636,1.9636,1.9598,1.9345,1.9480,1.9677,1.5461,1.5851,1.5592,1.5499,1.5887,1.5288,1.4834,1.5918,1.5327,1.4854,1.4911,1.5052,1.5731,1.4855,1.4702,1.5153,1.4847,1.4874,1.5322,1.4702,1.5561,1.5333,1.5064,0,1.0000,2.0308,4.6896,1.9317
22,0.0440,-0.3296,-1.6193,1.0721,2.0308,4.6896,1.5196,0.1110,0.1889,0.0001,1.0273,1.0000,-0.0008,0.0023,0.0091,-0.0251,-0.0156,0.0020,0.0139,-0.0026,-0.0066,0.0347,0.0000,0.0038,0.0043,-0.0095,0.0003,-0.0469,-0.0041,-0.0098,-0.0007,0.0035,0.0003,0.0013,0.0004,-0.0050,0.0172,0.0105,-0.0175,0.0001,0.0017,-0.0000,-0.0519,0.0061,-0.0046,-0.0596,0.1362,0.7938,-0.6706,-0.6289,0.0804,0.6274,-0.3046,-0.3210,0.9626,-0.0789,0.1486,0.3830,-0.5085,-0.0781,-2.5930,-0.4285,-0.4971,-0.2967,0.0982,0.0152,0.0624,0.0228,-0.6852,1.0851,0.8058,-0.2441,0.0011,0.0674,-0.0043,-1.0000,-1.0000,-1.0000,-1.0000,-1.0000,-1.0000,-1.0000,-1.0000,-1.0000,-1.0000,-1.0000,-1.0000,-1.0000,-1.0000,-1.0000,-1.0000,-1.0000,-1.0000,-1.0000,-1.0000,-1.0000,-1.0000,-1.0000,-1.0000,-1.0000,-1.0000,-1.0000,-1.0000,-1.0000,-1.0000,-1.0000,-1.0000,-1.0000,-1.0000,-1.0000,-1.0000,-1.0000,-1.0000,-1.0000,-1.0000,-1.0000,-1.0000,-1.0000,-1.0000,-1.0000,-1.0000,-1.0000,-1.0000,-1.0000,-1.0000,-1.0000,-1.0000,-1.0000,-1.0000,-1.0000,-1.0000,-1.0000,-1.0000,-1.0000,-1.0000,-1.0000,-1.0000,-1.0000,-1.0000,-1.0000,-1.0000,-1.0000,-1.0000,-1.0000,-1.0000,-1.0000,-1.0000,-1.0000,-1.0000,-1.0000,-1.0000,-1.0000,-1.0000,-1.0000,-1.0000,-1.0000,-1.0000,-1.0000,-1.0000,-1.0000,-1.0000,-1.0000,-1.0000,-1.0000,-1.0000,-1.0000,-1.0000,-1.0000,-1.0000,-1.0000,-1.0000,-1.0000,-1.0000,-1.0000,-1.0000,-1.0000,-1.0000,-1.0000,-1.0000,-1.0000,-1.0000,-1.0000,-1.0000,-1.0000,-1.0000,-1.0000,-1.0000,-1.0000,-1.0000,-1.0000,-1.0000,-1.0000,-1.0000,-1.0000,-1.0000,-1.0000,1.8829,1.8842,1.8349,1.8742,1.8498,1.9245,1.7596,1.7298,1.8030,1.6993,1.7990,1.6909,1.7765,1.7308,1.6814,1.7109,1.8037,1.9558,1.9660,1.9728,1.9653,1.9187,1.9105,1.9805,1.8898,1.9332,1.9465,1.9579,1.9102,1.8741,1.9350,1.9589,1.9806,1.9683,1.9636,1.9636,1.9598,1.9345,1.9480,1.9677,1.5461,1.5851,1.5592,1.5499,1.5887,1.5288,1.4834,1.5918,1.5327,1.4854,1.4911,1.5052,1.5731,1.4855,1.4702,1.5153,1.4847,1.4874,1.5322,1.4702,1.5561,1.5333,1.5064,0,1.0000,2.0308,4.6896,1.9317
22,0.0440,-0.3296,-1.6193,1.0721,2.0308,4.6896,1.5196,0.1110,0.1889,0.0001,1.0273,1.0000,-0.0008,0.0023,0.0091,-0.0251,-0.0156,0.0020,0.0139,-0.0026,-0.0066,0.0347,0.0000,0.0038,0.0043,-0.0095,0.0003,-0.0469,-0.0041,-0.0098,-0.0007,0.0035,0.0003,0.0013,0.0004,-0.0050,0.0172,0.0105,-0.0175,0.0001,0.0017,-0.0000,-0.0519,0.0061,-0.0046,-0.0596,0.1362,0.7938,-0.6706,-0.6289,0.0804,0.6274,-0.3046,-0.3210,0.9626,-0.0789,0.1486,0.3830,-0.5085,-0.0781,-2.5930,-0.4285,-0.4971,-0.2967,0.0982,0.0152,0.0624,0.0228,-0.6852,1.0851,0.8058,-0.2441,0.0011,0.0674,-0.0043,-1.0000,-1.0000,-1.0000,-1.0000,-1.0000,-1.0000,-1.0000,-1.0000,-1.0000,-1.0000,-1.0000,-1.0000,-1.0000,-1.0000,-1.0000,-1.0000,-1.0000,-1.0000,-1.0000,-1.0000,-1.0000,-1.0000,-1.0000,-1.0000,-1.0000,-1.0000,-1.0000,-1.0000,-1.0000,-1.0000,-1.0000,-1.0000,-1.0000,-1.0000,-1.0000,-1.0000,-1.0000,-1.0000,-1.0000,-1.0000,-1.0000,-1.0000,-1.0000,-1.0000,-1.0000,-1.0000,-1.0000,-1.0000,-1.0000,-1.0000,-1.0000,-1.0000,-1.0000,-1.0000,-1.0000,-1.0000,-1.0000,-1.0000,-1.0000,-1.0000,-1.0000,-1.0000,-1.0000,-1.0000,-1.0000,-1.0000,-1.0000,-1.0000,-1.0000,-1.0000,-1.0000,-1.0000,-1.0000,-1.0000,-1.0000,-1.0000,-1.0000,-1.0000,-1.0000,-1.0000,-1.0000,-1.0000,-1.0000,-1.0000,-1.0000,-1.0000,-1.0000,-1.0000,-1.0000,-1.0000,-1.0000,-1.0000,-1.0000,-1.0000,-1.0000,-1.0000,-1.0000,-1.0000,-1.0000,-1.0000,-1.0000,-1.0000,-1.0000,-1.0000,-1.0000,-1.0000,-1.0000,-1.0000,-1.0000,-1.0000,-1.0000,-1.0000,-1.0000,-1.0000,-1.0000,-1.0000,-1.0000,-1.0000,-1.0000,-1.0000,-1.0000,1.8829,1.8842,1.8349,1.8742,1.8498,1.9245,1.7596,1.7298,1.8030,1.6993,1.7990,1.6909,1.7765,1.7308,1.6814,1.7109,1.8037,1.9558,1.9660,1.9728,1.9653,1.9187,1.9105,1.9805,1.8898,1.9332,1.9465,1.9579,1.9102,1.8741,1.9350,1.9589,1.9806,1.9683,1.9636,1.9636,1.9598,1.9345,1.9480,1.9677,1.5461,1.5851,1.5592,1.5499,1.5887,1.5288,1.4834,1.5918,1.5327,1.4854,1.4911,1.5052,1.5731,1.4855,1.4702,1.5153,1.4847,1.4874,1.5322,1.4702,1.5561,1.5333,1.5064,0,1.0000,2.0308,4.6896,1.9317
22,0.0440,-0.3296,-1.6193,1.0721,2.0308,4.6896,1.5196,0.1110,0.1889,0.0001,1.0273,1.0000,-0.0008,0.0023,0.0091,-0.0251,-0.0156,0.0020,0.0139,-0.0026,-0.0066,0.0347,0.0000,0.0038,0.0043,-0.0095,0.0003,-0.0469,-0.0041,-0.0098,-0.0007,0.0035,0.0003,0.0013,0.0004,-0.0050,0.0172,0.0105,-0.0175,0.0001,0.0017,-0.0000,-0.0519,0.0061,-0.0046,-0.0596,0.1362,0.7938,-0.6706,-0.6289,0.0804,0.6274,-0.3046,-0.3210,0.9626,-0.0789,0.1486,0.3830,-0.5085,-0.0781,-2.5930,-0.4285,-0.4971,-0.2967,0.0982,0.0152,0.0624,0.0228,-0.6852,1.0851,0.8058,-0.2441,0.0011,0.0674,-0.0043,-1.0000,-1.0000,-1.0000,-1.0000,-1.0000,-1.0000,-1.0000,-1.0000,-1.0000,-1.0000,-1.0000,-1.0000,-1.0000,-1.0000,-1.0000,-1.0000,-1.0000,-1.0000,-1.0000,-1.0000,-1.0000,-1.0000,-1.0000,-1.0000,-1.0000,-1.0000,-1.0000,-1.0000,-1.0000,-1.0000,-1.0000,-1.0000,-1.0000,-1.0000,-1.0000,-1.0000,-1.0000,-1.0000,-1.0000,-1.0000,-1.0000,-1.0000,-1.0000,-1.0000,-1.0000,-1.0000,-1.0000,-1.0000,-1.0000,-1.0000,-1.0000,-1.0000,-1.0000,-1.0000,-1.0000,-1.0000,-1.0000,-1.0000,-1.0000,-1.0000,-1.0000,-1.0000,-1.0000,-1.0000,-1.0000,-1.0000,-1.0000,-1.0000,-1.0000,-1.0000,-1.0000,-1.0000,-1.0000,-1.0000,-1.0000,-1.0000,-1.0000,-1.0000,-1.0000,-1.0000,-1.0000,-1.0000,-1.0000,-1.0000,-1.0000,-1.0000,-1.0000,-1.0000,-1.0000,-1.0000,-1.0000,-1.0000,-1.0000,-1.0000,-1.0000,-1.0000,-1.0000,-1.0000,-1.0000,-1.0000,-1.0000,-1.0000,-1.0000,-1.0000,-1.0000,-1.0000,-1.0000,-1.0000,-1.0000,-1.0000,-1.0000,-1.0000,-1.0000,-1.0000,-1.0000,-1.0000,-1.0000,-1.0000,-1.0000,-1.0000,-1.0000,1.8829,1.8842,1.8349,1.8742,1.8498,1.9245,1.7596,1.7298,1.8030,1.6993,1.7990,1.6909,1.7765,1.7308,1.6814,1.7109,1.8037,1.9558,1.9660,1.9728,1.9653,1.9187,1.9105,1.9805,1.8898,1.9332,1.9465,1.9579,1.9102,1.8741,1.9350,1.9589,1.9806,1.9683,1.9636,1.9636,1.9598,1.9345,1.9480,1.9677,1.5461,1.5851,1.5592,1.5499,1.5887,1.5288,1.4834,1.5918,1.5327,1.4854,1.4911,1.5052,1.5731,1.4855,1.4702,1.5153,1.4847,1.4874,1.5322,1.4702,1.5561,1.5333,1.5064,0,1.0000,2.0308,4.6896,1.9317
22,0.0440,-0.3296,-1.6193,1.0721,2.0308,4.6896,1.5196,0.1110,0.1889,0.0001,1.0273,1.0000,-0.0008,0.0023,0.0091,-0.0251,-0.0156,0.0020,0.0139,-0.0026,-0.0066,0.0347,0.0000,0.0038,0.0043,-0.0095,0.0003,-0.0469,-0.0041,-0.0098,-0.0007,0.0035,0.0003,0.0013,0.0004,-0.0050,0.0172,0.0105,-0.0175,0.0001,0.0017,-0.0000,-0.0519,0.0061,-0.0046,-0.0596,0.1362,0.7938,-0.6706,-0.6289,0.0804,0.6274,-0.3046,-0.3210,0.9626,-0.0789,0.1486,0.3830,-0.5085,-0.0781,-2.5930,-0.4285,-0.4971,-0.2967,0.0982,0.0152,0.0624,0.0228,-0.6852,1.0851,0.8058,-0.2441,0.0011,0.0674,-0.0043,-1.0000,-1.0000,-1.0000,-1.0000,-1.0000,-1.0000,-1.0000,-1.0000,-1.0000,-1.0000,-1.0000,-1.0000,-1.0000,-1.0000,-1.0000,-1.0000,-1.0000,-1.0000,-1.0000,-1.0000,-1.0000,-1.0000,-1.0000,-1.0000,-1.0000,-1.0000,-1.0000,-1.0000,-1.0000,-1.0000,-1.0000,-1.0000,-1.0000,-1.0000,-1.0000,-1.0000,-1.0000,-1.0000,-1.0000,-1.0000,-1.0000,-1.0000,-1.0000,-1.0000,-1.0000,-1.0000,-1.0000,-1.0000,-1.0000,-1.0000,-1.0000,-1.0000,-1.0000,-1.0000,-1.0000,-1.0000,-1.0000,-1.0000,-1.0000,-1.0000,-1.0000,-1.0000,-1.0000,-1.0000,-1.0000,-1.0000,-1.0000,-1.0000,-1.0000,-1.0000,-1.0000,-1.0000,-1.0000,-1.0000,-1.0000,-1.0000,-1.0000,-1.0000,-1.0000,-1.0000,-1.0000,-1.0000,-1.0000,-1.0000,-1.0000,-1.0000,-1.0000,-1.0000,-1.0000,-1.0000,-1.0000,-1.0000,-1.0000,-1.0000,-1.0000,-1.0000,-1.0000,-1.0000,-1.0000,-1.0000,-1.0000,-1.0000,-1.0000,-1.0000,-1.0000,-1.0000,-1.0000,-1.0000,-1.0000,-1.0000,-1.0000,-1.0000,-1.0000,-1.0000,-1.0000,-1.0000,-1.0000,-1.0000,-1.0000,-1.0000,-1.0000,1.8829,1.8842,1.8349,1.8742,1.8498,1.9245,1.7596,1.7298,1.8030,1.6993,1.7990,1.6909,1.7765,1.7308,1.6814,1.7109,1.8037,1.9558,1.9660,1.9728,1.9653,1.9187,1.9105,1.9805,1.8898,1.9332,1.9465,1.9579,1.9102,1.8741,1.9350,1.9589,1.9806,1.9683,1.9636,1.9636,1.9598,1.9345,1.9480,1.9677,1.5461,1.5851,1.5592,1.5499,1.5887,1.5288,1.4834,1.5918,1.5327,1.4854,1.4911,1.5052,1.5731,1.4855,1.4702,1.5153,1.4847,1.4874,1.5322,1.4702,1.5561,1.5333,1.5064,0,1.0000,2.0308,4.6896,1.9317
22,0.0440,-0.3296,-1.6193,1.0721,2.0308,4.6896,1.5196,0.1110,0.1889,0.0001,1.0273,1.0000,-0.0008,0.0023,0.0091,-0.0251,-0.0156,0.0020,0.0139,-0.0026,-0.0066,0.0347,0.0000,0.0038,0.0043,-0.0095,0.0003,-0.0469,-0.0041,-0.0098,-0.0007,0.0035,0.0003,0.0013,0.0004,-0.0050,0.0172,0.0105,-0.0175,0.0001,0.0017,-0.0000,-0.0519,0.0061,-0.0046,-0.0596,0.1362,0.7938,-0.6706,-0.6289,0.0804,0.6274,-0.3046,-0.3210,0.9626,-0.0789,0.1486,0.3830,-0.5085,-0.0781,-2.5930,-0.4285,-0.4971,-0.2967,0.0982,0.0152,0.0624,0.0228,-0.6852,1.0851,0.8058,-0.2441,0.0011,0.0674,-0.0043,-1.0000,-1.0000,-1.0000,-1.0000,-1.0000,-1.0000,-1.0000,-1.0000,-1.0000,-1.0000,-1.0000,-1.0000,-1.0000,-1.0000,-1.0000,-1.0000,-1.0000,-1.0000,-1.0000,-1.0000,-1.0000,-1.0000,-1.0000,-1.0000,-1.0000,-1.0000,-1.0000,-1.0000,-1.0000,-1.0000,-1.0000,-1.0000,-1.0000,-1.0000,-1.0000,-1.0000,-1.0000,-1.0000,-1.0000,-1.0000,-1.0000,-1.0000,-1.0000,-1.0000,-1.0000,-1.0000,-1.0000,-1.0000,-1.0000,-1.0000,-1.0000,-1.0000,-1.0000,-1.0000,-1.0000,-1.0000,-1.0000,-1.0000,-1.0000,-1.0000,-1.0000,-1.0000,-1.0000,-1.0000,-1.0000,-1.0000,-1.0000,-1.0000,-1.0000,-1.0000,-1.0000,-1.0000,-1.0000,-1.0000,-1.0000,-1.0000,-1.0000,-1.0000,-1.0000,-1.0000,-1.0000,-1.0000,-1.0000,-1.0000,-1.0000,-1.0000,-1.0000,-1.0000,-1.0000,-1.0000,-1.0000,-1.0000,-1.0000,-1.0000,-1.0000,-1.0000,-1.0000,-1.0000,-1.0000,-1.0000,-1.0000,-1.0000,-1.0000,-1.0000,-1.0000,-1.0000,-1.0000,-1.0000,-1.0000,-1.0000,-1.0000,-1.0000,-1.0000,-1.0000,-1.0000,-1.0000,-1.0000,-1.0000,-1.0000,-1.0000,-1.0000,1.8829,1.8842,1.8349,1.8742,1.8498,1.9245,1.7596,1.7298,1.8030,1.6993,1.7990,1.6909,1.7765,1.7308,1.6814,1.7109,1.8037,1.9558,1.9660,1.9728,1.9653,1.9187,1.9105,1.9805,1.8898,1.9332,1.9465,1.9579,1.9102,1.8741,1.9350,1.9589,1.9806,1.9683,1.9636,1.9636,1.9598,1.9345,1.9480,1.9677,1.5461,1.5851,1.5592,1.5499,1.5887,1.5288,1.4834,1.5918,1.5327,1.4854,1.4911,1.5052,1.5731,1.4855,1.4702,1.5153,1.4847,1.4874,1.5322,1.4702,1.5561,1.5333,1.5064,0,1.0000,2.0308,4.6896,1.9317
22,0.0440,-0.3296,-1.6193,1.0721,2.0308,4.6896,1.5196,0.1110,0.1889,0.0001,1.0273,1.0000,-0.0008,0.0023,0.0091,-0.0251,-0.0156,0.0020,0.0139,-0.0026,-0.0066,0.0347,0.0000,0.0038,0.0043,-0.0095,0.0003,-0.0469,-0.0041,-0.0098,-0.0007,0.0035,0.0003,0.0013,0.0004,-0.0050,0.0172,0.0105,-0.0175,0.0001,0.0017,-0.0000,-0.0519,0.0061,-0.0046,-0.0596,0.1362,0.7938,-0.6706,-0.6289,0.0804,0.6274,-0.3046,-0.3210,0.9626,-0.0789,0.1486,0.3830,-0.5085,-0.0781,-2.5930,-0.4285,-0.4971,-0.2967,0.0982,0.0152,0.0624,0.0228,-0.6852,1.0851,0.8058,-0.2441,0.0011,0.0674,-0.0043,-1.0000,-1.0000,-1.0000,-1.0000,-1.0000,-1.0000,-1.0000,-1.0000,-1.0000,-1.0000,-1.0000,-1.0000,-1.0000,-1.0000,-1.0000,-1.0000,-1.0000,-1.0000,-1.0000,-1.0000,-1.0000,-1.0000,-1.0000,-1.0000,-1.0000,-1.0000,-1.0000,-1.0000,-1.0000,-1.0000,-1.0000,-1.0000,-1.0000,-1.0000,-1.0000,-1.0000,-1.0000,-1.0000,-1.0000,-1.0000,-1.0000,-1.0000,-1.0000,-1.0000,-1.0000,-1.0000,-1.0000,-1.0000,-1.0000,-1.0000,-1.0000,-1.0000,-1.0000,-1.0000,-1.0000,-1.0000,-1.0000,-1.0000,-1.0000,-1.0000,-1.0000,-1.0000,-1.0000,-1.0000,-1.0000,-1.0000,-1.0000,-1.0000,-1.0000,-1.0000,-1.0000,-1.0000,-1.0000,-1.0000,-1.0000,-1.0000,-1.0000,-1.0000,-1.0000,-1.0000,-1.0000,-1.0000,-1.0000,-1.0000,-1.0000,-1.0000,-1.0000,-1.0000,-1.0000,-1.0000,-1.0000,-1.0000,-1.0000,-1.0000,-1.0000,-1.0000,-1.0000,-1.0000,-1.0000,-1.0000,-1.0000,-1.0000,-1.0000,-1.0000,-1.0000,-1.0000,-1.0000,-1.0000,-1.0000,-1.0000,-1.0000,-1.0000,-1.0000,-1.0000,-1.0000,-1.0000,-1.0000,-1.0000,-1.0000,-1.0000,-1.0000,1.8829,1.8842,1.8349,1.8742,1.8498,1.9245,1.7596,1.7298,1.8030,1.6993,1.7990,1.6909,1.7765,1.7308,1.6814,1.7109,1.8037,1.9558,1.9660,1.9728,1.9653,1.9187,1.9105,1.9805,1.8898,1.9332,1.9465,1.9579,1.9102,1.8741,1.9350,1.9589,1.9806,1.9683,1.9636,1.9636,1.9598,1.9345,1.9480,1.9677,1.5461,1.5851,1.5592,1.5499,1.5887,1.5288,1.4834,1.5918,1.5327,1.4854,1.4911,1.5052,1.5731,1.4855,1.4702,1.5153,1.4847,1.4874,1.5322,1.4702,1.5561,1.5333,1.5064,0,1.0000,2.0308,4.6896,1.9317
22,0.0440,-0.3296,-1.6193,1.0721,2.0308,4.6896,1.5196,0.1110,0.1889,0.0001,1.0273,1.0000,-0.0008,0.0023,0.0091,-0.0251,-0.0156,0.0020,0.0139,-0.0026,-0.0066,0.0347,0.0000,0.0038,0.0043,-0.0095,0.0003,-0.0469,-0.0041,-0.0098,-0.0007,0.0035,0.0003,0.0013,0.0004,-0.0050,0.0172,0.0105,-0.0175,0.0001,0.0017,-0.0000,-0.0519,0.0061,-0.0046,-0.0596,0.1362,0.7938,-0.6706,-0.6289,0.0804,0.6274,-0.3046,-0.3210,0.9626,-0.0789,0.1486,0.3830,-0.5085,-0.0781,-2.5930,-0.4285,-0.4971,-0.2967,0.0982,0.0152,0.0624,0.0228,-0.6852,1.0851,0.8058,-0.2441,0.0011,0.0674,-0.0043,-1.0000,-1.0000,-1.0000,-1.0000,-1.0000,-1.0000,-1.0000,-1.0000,-1.0000,-1.0000,-1.0000,-1.0000,-1.0000,-1.0000,-1.0000,-1.0000,-1.0000,-1.0000,-1.0000,-1.0000,-1.0000,-1.0000,-1.0000,-1.0000,-1.0000,-1.0000,-1.0000,-1.0000,-1.0000,-1.0000,-1.0000,-1.0000,-1.0000,-1.0000,-1.0000,-1.0000,-1.0000,-1.0000,-1.0000,-1.0000,-1.0000,-1.0000,-1.0000,-1.0000,-1.0000,-1.0000,-1.0000,-1.0000,-1.0000,-1.0000,-1.0000,-1.0000,-1.0000,-1.0000,-1.0000,-1.0000,-1.0000,-1.0000,-1.0000,-1.0000,-1.0000,-1.0000,-1.0000,-1.0000,-1.0000,-1.0000,-1.0000,-1.0000,-1.0000,-1.0000,-1.0000,-1.0000,-1.0000,-1.0000,-1.0000,-1.0000,-1.0000,-1.0000,-1.0000,-1.0000,-1.0000,-1.0000,-1.0000,-1.0000,-1.0000,-1.0000,-1.0000,-1.0000,-1.0000,-1.0000,-1.0000,-1.0000,-1.0000,-1.0000,-1.0000,-1.0000,-1.0000,-1.0000,-1.0000,-1.0000,-1.0000,-1.0000,-1.0000,-1.0000,-1.0000,-1.0000,-1.0000,-1.0000,-1.0000,-1.0000,-1.0000,-1.0000,-1.0000,-1.0000,-1.0000,-1.0000,-1.0000,-1.0000,-1.0000,-1.0000,-1.0000,1.8829,1.8842,1.8349,1.8742,1.8498,1.9245,1.7596,1.7298,1.8030,1.6993,1.7990,1.6909,1.7765,1.7308,1.6814,1.7109,1.8037,1.9558,1.9660,1.9728,1.9653,1.9187,1.9105,1.9805,1.8898,1.9332,1.9465,1.9579,1.9102,1.8741,1.9350,1.9589,1.9806,1.9683,1.9636,1.9636,1.9598,1.9345,1.9480,1.9677,1.5461,1.5851,1.5592,1.5499,1.5887,1.5288,1.4834,1.5918,1.5327,1.4854,1.4911,1.5052,1.5731,1.4855,1.4702,1.5153,1.4847,1.4874,1.5322,1.4702,1.5561,1.5333,1.5064,0,1.0000,2.0308,4.6896,1.9317
22,0.0440,-0.3296,-1.6193,1.0721,2.0308,4.6896,1.5196,0.1110,0.1889,0.0001,1.0273,1.0000,-0.0008,0.0023,0.0091,-0.0251,-0.0156,0.0020,0.0139,-0.0026,-0.0066,0.0347,0.0000,0.0038,0.0043,-0.0095,0.0003,-0.0469,-0.0041,-0.0098,-0.0007,0.0035,0.0003,0.0013,0.0004,-0.0050,0.0172,0.0105,-0.0175,0.0001,0.0017,-0.0000,-0.0519,0.0061,-0.0046,-0.0596,0.1362,0.7938,-0.6706,-0.6289,0.0804,0.6274,-0.3046,-0.3210,0.9626,-0.0789,0.1486,0.3830,-0.5085,-0.0781,-2.5930,-0.4285,-0.4971,-0.2967,0.0982,0.0152,0.0624,0.0228,-0.6852,1.0851,0.8058,-0.2441,0.0011,0.0674,-0.0043,-1.0000,-1.0000,-1.0000,-1.0000,-1.0000,-1.0000,-1.0000,-1.0000,-1.0000,-1.0000,-1.0000,-1.0000,-1.0000,-1.0000,-1.0000,-1.0000,-1.0000,-1.0000,-1.0000,-1.0000,-1.0000,-1.0000,-1.0000,-1.0000,-1.0000,-1.0000,-1.0000,-1.0000,-1.0000,-1.0000,-1.0000,-1.0000,-1.0000,-1.0000,-1.0000,-1.0000,-1.0000,-1.0000,-1.0000,-1.0000,-1.0000,-1.0000,-1.0000,-1.0000,-1.0000,-1.0000,-1.0000,-1.0000,-1.0000,-1.0000,-1.0000,-1.0000,-1.0000,-1.0000,-1.0000,-1.0000,-1.0000,-1.0000,-1.0000,-1.0000,-1.0000,-1.0000,-1.0000,-1.0000,-1.0000,-1.0000,-1.0000,-1.0000,-1.0000,-1.0000,-1.0000,-1.0000,-1.0000,-1.0000,-1.0000,-1.0000,-1.0000,-1.0000,-1.0000,-1.0000,-1.0000,-1.0000,-1.0000,-1.0000,-1.0000,-1.0000,-1.0000,-1.0000,-1.0000,-1.0000,-1.0000,-1.0000,-1.0000,-1.0000,-1.0000,-1.0000,-1.0000,-1.0000,-1.0000,-1.0000,-1.0000,-1.0000,-1.0000,-1.0000,-1.0000,-1.0000,-1.0000,-1.0000,-1.0000,-1.0000,-1.0000,-1.0000,-1.0000,-1.0000,-1.0000,-1.0000,-1.0000,-1.0000,-1.0000,-1.0000,-1.0000,1.8829,1.8842,1.8349,1.8742,1.8498,1.9245,1.7596,1.7298,1.8030,1.6993,1.7990,1.6909,1.7765,1.7308,1.6814,1.7109,1.8037,1.9558,1.9660,1.9728,1.9653,1.9187,1.9105,1.9805,1.8898,1.9332,1.9465,1.9579,1.9102,1.8741,1.9350,1.9589,1.9806,1.9683,1.9636,1.9636,1.9598,1.9345,1.9480,1.9677,1.5461,1.5851,1.5592,1.5499,1.5887,1.5288,1.4834,1.5918,1.5327,1.4854,1.4911,1.5052,1.5731,1.4855,1.4702,1.5153,1.4847,1.4874,1.5322,1.4702,1.5561,1.5333,1.5064,0,1.0000,2.0308,4.6896,1.9317
22,0.0440,-0.3296,-1.6193,1.0721,2.0308,4.6896,1.5196,0.1110,0.1889,0.0001,1.0273,1.0000,-0.0008,0.0023,0.0091,-0.0251,-0.0156,0.0020,0.0139,-0.0026,-0.0066,0.0347,0.0000,0.0038,0.0043,-0.0095,0.0003,-0.0469,-0.0041,-0.0098,-0.0007,0.0035,0.0003,0.0013,0.0004,-0.0050,0.0172,0.0105,-0.0175,0.0001,0.0017,-0.0000,-0.0519,0.0061,-0.0046,-0.0596,0.1362,0.7938,-0.6706,-0.6289,0.0804,0.6274,-0.3046,-0.3210,0.9626,-0.0789,0.1486,0.3830,-0.5085,-0.0781,-2.5930,-0.4285,-0.4971,-0.2967,0.0982,0.0152,0.0624,0.0228,-0.6852,1.0851,0.8058,-0.2441,0.0011,0.0674,-0.0043,-1.0000,-1.0000,-1.0000,-1.0000,-1.0000,-1.0000,-1.0000,-1.0000,-1.0000,-1.0000,-1.0000,-1.0000,-1.0000,-1.0000,-1.0000,-1.0000,-1.0000,-1.0000,-1.0000,-1.0000,-1.0000,-1.0000,-1.0000,-1.0000,-1.0000,-1.0000,-1.0000,-1.0000,-1.0000,-1.0000,-1.0000,-1.0000,-1.0000,-1.0000,-1.0000,-1.0000,-1.0000,-1.0000,-1.0000,-1.0000,-1.0000,-1.0000,-1.0000,-1.0000,-1.0000,-1.0000,-1.0000,-1.0000,-1.0000,-1.0000,-1.0000,-1.0000,-1.0000,-1.0000,-1.0000,-1.0000,-1.0000,-1.0000,-1.0000,-1.0000,-1.0000,-1.0000,-1.0000,-1.0000,-1.0000,-1.0000,-1.0000,-1.0000,-1.0000,-1.0000,-1.0000,-1.0000,-1.0000,-1.0000,-1.0000,-1.0000,-1.0000,-1.0000,-1.0000,-1.0000,-1.0000,-1.0000,-1.0000,-1.0000,-1.0000,-1.0000,-1.0000,-1.0000,-1.0000,-1.0000,-1.0000,-1.0000,-1.0000,-1.0000,-1.0000,-1.0000,-1.0000,-1.0000,-1.0000,-1.0000,-1.0000,-1.0000,-1.0000,-1.0000,-1.0000,-1.0000,-1.0000,-1.0000,-1.0000,-1.0000,-1.0000,-1.0000,-1.0000,-1.0000,-1.0000,-1.0000,-1.0000,-1.0000,-1.0000,-1.0000,-1.0000,1.8829,1.8842,1.8349,1.8742,1.8498,1.9245,1.7596,1.7298,1.8030,1.6993,1.7990,1.6909,1.7765,1.7308,1.6814,1.7109,1.8037,1.9558,1.9660,1.9728,1.9653,1.9187,1.9105,1.9805,1.8898,1.9332,1.9465,1.9579,1.9102,1.8741,1.9350,1.9589,1.9806,1.9683,1.9636,1.9636,1.9598,1.9345,1.9480,1.9677,1.5461,1.5851,1.5592,1.5499,1.5887,1.5288,1.4834,1.5918,1.5327,1.4854,1.4911,1.5052,1.5731,1.4855,1.4702,1.5153,1.4847,1.4874,1.5322,1.4702,1.5561,1.5333,1.5064,0,1.0000,2.0308,4.6896,1.9317
22,0.0440,-0.3296,-1.6193,1.0721,2.0308,4.6896,1.5196,0.1110,0.1889,0.0001,1.0273,1.0000,-0.0008,0.0023,0.0091,-0.0251,-0.0156,0.0020,0.0139,-0.0026,-0.0066,0.0347,0.0000,0.0038,0.0043,-0.0095,0.0003,-0.0469,-0.0041,-0.0098,-0.0007,0.0035,0.0003,0.0013,0.0004,-0.0050,0.0172,0.0105,-0.0175,0.0001,0.0017,-0.0000,-0.0519,0.0061,-0.0046,-0.0596,0.1362,0.7938,-0.6706,-0.6289,0.0804,0.6274,-0.3046,-0.3210,0.9626,-0.0789,0.1486,0.3830,-0.5085,-0.0781,-2.5930,-0.4285,-0.4971,-0.2967,0.0982,0.0152,0.0624,0.0228,-0.6852,1.0851,0.8058,-0.2441,0.0011,0.0674,-0.0043,-1.0000,-1.0000,-1.0000,-1.0000,-1.0000,-1.0000,-1.0000,-1.0000,-1.0000,-1.0000,-1.0000,-1.0000,-1.0000,-1.0000,-1.0000,-1.0000,-1.0000,-1.0000,-1.0000,-1.0000,-1.0000,-1.0000,-1.0000,-1.0000,-1.0000,-1.0000,-1.0000,-1.0000,-1.0000,-1.0000,-1.0000,-1.0000,-1.0000,-1.0000,-1.0000,-1.0000,-1.0000,-1.0000,-1.0000,-1.0000,-1.0000,-1.0000,-1.0000,-1.0000,-1.0000,-1.0000,-1.0000,-1.0000,-1.0000,-1.0000,-1.0000,-1.0000,-1.0000,-1.0000,-1.0000,-1.0000,-1.0000,-1.0000,-1.0000,-1.0000,-1.0000,-1.0000,-1.0000,-1.0000,-1.0000,-1.0000,-1.0000,-1.0000,-1.0000,-1.0000,-1.0000,-1.0000,-1.0000,-1.0000,-1.0000,-1.0000,-1.0000,-1.0000,-1.0000,-1.0000,-1.0000,-1.0000,-1.0000,-1.0000,-1.0000,-1.0000,-1.0000,-1.0000,-1.0000,-1.0000,-1.0000,-1.0000,-1.0000,-1.0000,-1.0000,-1.0000,-1.0000,-1.0000,-1.0000,-1.0000,-1.0000,-1.0000,-1.0000,-1.0000,-1.0000,-1.0000,-1.0000,-1.0000,-1.0000,-1.0000,-1.0000,-1.0000,-1.0000,-1.0000,-1.0000,-1.0000,-1.0000,-1.0000,-1.0000,-1.0000,-1.0000,1.8829,1.8842,1.8349,1.8742,1.8498,1.9245,1.7596,1.7298,1.8030,1.6993,1.7990,1.6909,1.7765,1.7308,1.6814,1.7109,1.8037,1.9558,1.9660,1.9728,1.9653,1.9187,1.9105,1.9805,1.8898,1.9332,1.9465,1.9579,1.9102,1.8741,1.9350,1.9589,1.9806,1.9683,1.9636,1.9636,1.9598,1.9345,1.9480,1.9677,1.5461,1.5851,1.5592,1.5499,1.5887,1.5288,1.4834,1.5918,1.5327,1.4854,1.4911,1.5052,1.5731,1.4855,1.4702,1.5153,1.4847,1.4874,1.5322,1.4702,1.5561,1.5333,1.5064,0,1.0000,2.0308,4.6896,1.9317
22,0.0440,-0.3296,-1.6193,1.0721,2.0308,4.6896,1.5196,0.1110,0.1889,0.0001,1.0273,1.0000,-0.0008,0.0023,0.0091,-0.0251,-0.0156,0.0020,0.0139,-0.0026,-0.0066,0.0347,0.0000,0.0038,0.0043,-0.0095,0.0003,-0.0469,-0.0041,-0.0098,-0.0007,0.0035,0.0003,0.0013,0.0004,-0.0050,0.0172,0.0105,-0.0175,0.0001,0.0017,-0.0000,-0.0519,0.0061,-0.0046,-0.0596,0.1362,0.7938,-0.6706,-0.6289,0.0804,0.6274,-0.3046,-0.3210,0.9626,-0.0789,0.1486,0.3830,-0.5085,-0.0781,-2.5930,-0.4285,-0.4971,-0.2967,0.0982,0.0152,0.0624,0.0228,-0.6852,1.0851,0.8058,-0.2441,0.0011,0.0674,-0.0043,-1.0000,-1.0000,-1.0000,-1.0000,-1.0000,-1.0000,-1.0000,-1.0000,-1.0000,-1.0000,-1.0000,-1.0000,-1.0000,-1.0000,-1.0000,-1.0000,-1.0000,-1.0000,-1.0000,-1.0000,-1.0000,-1.0000,-1.0000,-1.0000,-1.0000,-1.0000,-1.0000,-1.0000,-1.0000,-1.0000,-1.0000,-1.0000,-1.0000,-1.0000,-1.0000,-1.0000,-1.0000,-1.0000,-1.0000,-1.0000,-1.0000,-1.0000,-1.0000,-1.0000,-1.0000,-1.0000,-1.0000,-1.0000,-1.0000,-1.0000,-1.0000,-1.0000,-1.0000,-1.0000,-1.0000,-1.0000,-1.0000,-1.0000,-1.0000,-1.0000,-1.0000,-1.0000,-1.0000,-1.0000,-1.0000,-1.0000,-1.0000,-1.0000,-1.0000,-1.0000,-1.0000,-1.0000,-1.0000,-1.0000,-1.0000,-1.0000,-1.0000,-1.0000,-1.0000,-1.0000,-1.0000,-1.0000,-1.0000,-1.0000,-1.0000,-1.0000,-1.0000,-1.0000,-1.0000,-1.0000,-1.0000,-1.0000,-1.0000,-1.0000,-1.0000,-1.0000,-1.0000,-1.0000,-1.0000,-1.0000,-1.0000,-1.0000,-1.0000,-1.0000,-1.0000,-1.0000,-1.0000,-1.0000,-1.0000,-1.0000,-1.0000,-1.0000,-1.0000,-1.0000,-1.0000,-1.0000,-1.0000,-1.0000,-1.0000,-1.0000,-1.0000,1.8829,1.8842,1.8349,1.8742,1.8498,1.9245,1.7596,1.7298,1.8030,1.6993,1.7990,1.6909,1.7765,1.7308,1.6814,1.7109,1.8037,1.9558,1.9660,1.9728,1.9653,1.9187,1.9105,1.9805,1.8898,1.9332,1.9465,1.9579,1.9102,1.8741,1.9350,1.9589,1.9806,1.9683,1.9636,1.9636,1.9598,1.9345,1.9480,1.9677,1.5461,1.5851,1.5592,1.5499,1.5887,1.5288,1.4834,1.5918,1.5327,1.4854,1.4911,1.5052,1.5731,1.4855,1.4702,1.5153,1.4847,1.4874,1.5322,1.4702,1.5561,1.5333,1.5064,0,1.0000,2.0308,4.6896,1.9317
22,0.0440,-0.3296,-1.6193,1.0721,2.0308,4.6896,1.5196,0.1110,0.1889,0.0001,1.0273,1.0000,-0.0008,0.0023,0.0091,-0.0251,-0.0156,0.0020,0.0139,-0.0026,-0.0066,0.0347,0.0000,0.0038,0.0043,-0.0095,0.0003,-0.0469,-0.0041,-0.0098,-0.0007,0.0035,0.0003,0.0013,0.0004,-0.0050,0.0172,0.0105,-0.0175,0.0001,0.0017,-0.0000,-0.0519,0.0061,-0.0046,-0.0596,0.1362,0.7938,-0.6706,-0.6289,0.0804,0.6274,-0.3046,-0.3210,0.9626,-0.0789,0.1486,0.3830,-0.5085,-0.0781,-2.5930,-0.4285,-0.4971,-0.2967,0.0982,0.0152,0.0624,0.0228,-0.6852,1.0851,0.8058,-0.2441,0.0011,0.0674,-0.0043,-1.0000,-1.0000,-1.0000,-1.0000,-1.0000,-1.0000,-1.0000,-1.0000,-1.0000,-1.0000,-1.0000,-1.0000,-1.0000,-1.0000,-1.0000,-1.0000,-1.0000,-1.0000,-1.0000,-1.0000,-1.0000,-1.0000,-1.0000,-1.0000,-1.0000,-1.0000,-1.0000,-1.0000,-1.0000,-1.0000,-1.0000,-1.0000,-1.0000,-1.0000,-1.0000,-1.0000,-1.0000,-1.0000,-1.0000,-1.0000,-1.0000,-1.0000,-1.0000,-1.0000,-1.0000,-1.0000,-1.0000,-1.0000,-1.0000,-1.0000,-1.0000,-1.0000,-1.0000,-1.0000,-1.0000,-1.0000,-1.0000,-1.0000,-1.0000,-1.0000,-1.0000,-1.0000,-1.0000,-1.0000,-1.0000,-1.0000,-1.0000,-1.0000,-1.0000,-1.0000,-1.0000,-1.0000,-1.0000,-1.0000,-1.0000,-1.0000,-1.0000,-1.0000,-1.0000,-1.0000,-1.0000,-1.0000,-1.0000,-1.0000,-1.0000,-1.0000,-1.0000,-1.0000,-1.0000,-1.0000,-1.0000,-1.0000,-1.0000,-1.0000,-1.0000,-1.0000,-1.0000,-1.0000,-1.0000,-1.0000,-1.0000,-1.0000,-1.0000,-1.0000,-1.0000,-1.0000,-1.0000,-1.0000,-1.0000,-1.0000,-1.0000,-1.0000,-1.0000,-1.0000,-1.0000,-1.0000,-1.0000,-1.0000,-1.0000,-1.0000,-1.0000,1.8829,1.8842,1.8349,1.8742,1.8498,1.9245,1.7596,1.7298,1.8030,1.6993,1.7990,1.6909,1.7765,1.7308,1.6814,1.7109,1.8037,1.9558,1.9660,1.9728,1.9653,1.9187,1.9105,1.9805,1.8898,1.9332,1.9465,1.9579,1.9102,1.8741,1.9350,1.9589,1.9806,1.9683,1.9636,1.9636,1.9598,1.9345,1.9480,1.9677,1.5461,1.5851,1.5592,1.5499,1.5887,1.5288,1.4834,1.5918,1.5327,1.4854,1.4911,1.5052,1.5731,1.4855,1.4702,1.5153,1.4847,1.4874,1.5322,1.4702,1.5561,1.5333,1.5064,0,1.0000,2.0308,4.6896,1.9317
23,0.0460,-0.3256,-1.6100,1.0751,2.0308,4.6896,1.5000,0.1110,0.1888,0.0001,1.0273,0.9999,-0.0009,0.0025,0.0099,-0.0264,-0.0169,0.0021,0.0152,-0.0032,-0.0066,0.0372,-0.0002,0.0041,0.0051,-0.0102,0.0004,-0.0523,-0.0051,-0.0108,-0.0013,0.0037,0.0003,0.0015,0.0004,-0.0066,0.0194,0.0123,-0.0175,0.0001,0.0018,-0.0000,-0.0581,0.0071,-0.0102,-0.0448,0.1522,0.7843,-0.6473,-0.6637,0.0492,0.6357,-0.2750,-0.0159,1.2379,-0.1032,0.1570,0.4183,-0.3503,0.0430,-2.6839,-0.4736,-0.5158,-0.3263,0.0810,0.0158,0.0639,0.0239,-0.7859,1.1150,0.8963,0.0049,0.0005,0.0603,-0.0047,-1.0000,-1.0000,-1.0000,-1.0000,-1.0000,-1.0000,-1.0000,-1.0000,-1.0000,-1.0000,-1.0000,-1.0000,-1.0000,-1.0000,-1.0000,-1.0000,-1.0000,-1.0000,-1.0000,-1.0000,-1.0000,-1.0000,-1.0000,-1.0000,-1.0000,-1.0000,-1.0000,-1.0000,-1.0000,-1.0000,-1.0000,-1.0000,-1.0000,-1.0000,-1.0000,-1.0000,-1.0000,-1.0000,-1.0000,-1.0000,-1.0000,-1.0000,-1.0000,-1.0000,-1.0000,-1.0000,-1.0000,-1.0000,-1.0000,-1.0000,-1.0000,-1.0000,-1.0000,-1.0000,-1.0000,-1.0000,-1.0000,-1.0000,-1.0000,-1.0000,-1.0000,-1.0000,-1.0000,-1.0000,-1.0000,-1.0000,-1.0000,-1.0000,-1.0000,-1.0000,-1.0000,-1.0000,-1.0000,-1.0000,-1.0000,-1.0000,-1.0000,-1.0000,-1.0000,-1.0000,-1.0000,-1.0000,-1.0000,-1.0000,-1.0000,-1.0000,-1.0000,-1.0000,-1.0000,-1.0000,-1.0000,-1.0000,-1.0000,-1.0000,-1.0000,-1.0000,-1.0000,-1.0000,-1.0000,-1.0000,-1.0000,-1.0000,-1.0000,-1.0000,-1.0000,-1.0000,-1.0000,-1.0000,-1.0000,-1.0000,-1.0000,-1.0000,-1.0000,-1.0000,-1.0000,-1.0000,-1.0000,-1.0000,-1.0000,-1.0000,-1.0000,1.8723,1.8733,1.8243,1.8638,1.8391,1.9139,1.7497,1.7190,1.7922,1.6892,1.7884,1.6803,1.7664,1.7199,1.6713,1.7007,1.7929,1.9453,1.9555,1.9623,1.9548,1.9082,1.9003,1.9702,1.8793,1.9227,1.9364,1.9476,1.9001,1.8637,1.9249,1.9487,1.9700,1.9579,1.9533,1.9530,1.9496,1.9238,1.9374,1.9572,1.5354,1.5741,1.5483,1.5391,1.5780,1.5185,1.4729,1.5814,1.5225,1.4751,1.4808,1.4952,1.5629,1.4756,1.4605,1.5053,1.4748,1.4777,1.5222,1.4604,1.5461,1.5236,1.4966,0,1.0000,2.0308,4.6896,1.9317
23,0.0460,-0.3256,-1.6100,1.0751,2.0308,4.6896,1.5000,0.1110,0.1888,0.0001,1.0273,0.9999,-0.0009,0.0025,0.0099,-0.0264,-0.0169,0.0021,0.0152,-0.0032,-0.0066,0.0372,-0.0002,0.0041,0.0051,-0.0102,0.0004,-0.0523,-0.0051,-0.0108,-0.0013,0.0037,0.0003,0.0015,0.0004,-0.0066,0.0194,0.0123,-0.0175,0.0001,0.0018,-0.0000,-0.0581,0.0071,-0.0102,-0.0448,0.1522,0.7843,-0.6473,-0.6637,0.0492,0.6357,-0.2750,-0.0159,1.2379,-0.1032,0.1570,0.4183,-0.3503,0.0430,-2.6839,-0.4736,-0.5158,-0.3263,0.0810,0.0158,0.0639,0.0239,-0.7859,1.1150,0.8963,0.0049,0.0005,0.0603,-0.0047,-1.0000,-1.0000,-1.0000,-1.0000,-1.0000,-1.0000,-1.0000,-1.0000,-1.0000,-1.0000,-1.0000,-1.0000,-1.0000,-1.0000,-1.0000,-1.0000,-1.0000,-1.0000,-1.0000,-1.0000,-1.0000,-1.0000,-1.0000,-1.0000,-1.0000,-1.0000,-1.0000,-1.0000,-1.0000,-1.0000,-1.0000,-1.0000,-1.0000,-1.0000,-1.0000,-1.0000,-1.0000,-1.0000,-1.0000,-1.0000,-1.0000,-1.0000,-1.0000,-1.0000,-1.0000,-1.0000,-1.0000,-1.0000,-1.0000,-1.0000,-1.0000,-1.0000,-1.0000,-1.0000,-1.0000,-1.0000,-1.0000,-1.0000,-1.0000,-1.0000,-1.0000,-1.0000,-1.0000,-1.0000,-1.0000,-1.0000,-1.0000,-1.0000,-1.0000,-1.0000,-1.0000,-1.0000,-1.0000,-1.0000,-1.0000,-1.0000,-1.0000,-1.0000,-1.0000,-1.0000,-1.0000,-1.0000,-1.0000,-1.0000,-1.0000,-1.0000,-1.0000,-1.0000,-1.0000,-1.0000,-1.0000,-1.0000,-1.0000,-1.0000,-1.0000,-1.0000,-1.0000,-1.0000,-1.0000,-1.0000,-1.0000,-1.0000,-1.0000,-1.0000,-1.0000,-1.0000,-1.0000,-1.0000,-1.0000,-1.0000,-1.0000,-1.0000,-1.0000,-1.0000,-1.0000,-1.0000,-1.0000,-1.0000,-1.0000,-1.0000,-1.0000,1.8723,1.8733,1.8243,1.8638,1.8391,1.9139,1.7497,1.7190,1.7922,1.6892,1.7884,1.6803,1.7664,1.7199,1.6713,1.7007,1.7929,1.9453,1.9555,1.9623,1.9548,1.9082,1.9003,1.9702,1.8793,1.9227,1.9364,1.9476,1.9001,1.8637,1.9249,1.9487,1.9700,1.9579,1.9533,1.9530,1.9496,1.9238,1.9374,1.9572,1.5354,1.5741,1.5483,1.5391,1.5780,1.5185,1.4729,1.5814,1.5225,1.4751,1.4808,1.4952,1.5629,1.4756,1.4605,1.5053,1.4748,1.4777,1.5222,1.4604,1.5461,1.5236,1.4966,0,1.0000,2.0308,4.6896,1.9317
23,0.0460,-0.3256,-1.6100,1.0751,2.0308,4.6896,1.5000,0.1110,0.1888,0.0001,1.0273,0.9999,-0.0009,0.0025,0.0099,-0.0264,-0.0169,0.0021,0.0152,-0.0032,-0.0066,0.0372,-0.0002,0.0041,0.0051,-0.0102,0.0004,-0.0523,-0.0051,-0.0108,-0.0013,0.0037,0.0003,0.0015,0.0004,-0.0066,0.0194,0.0123,-0.0175,0.0001,0.0018,-0.0000,-0.0581,0.0071,-0.0102,-0.0448,0.1522,0.7843,-0.6473,-0.6637,0.0492,0.6357,-0.2750,-0.0159,1.2379,-0.1032,0.1570,0.4183,-0.3503,0.0430,-2.6839,-0.4736,-0.5158,-0.3263,0.0810,0.0158,0.0639,0.0239,-0.7859,1.1150,0.8963,0.0049,0.0005,0.0603,-0.0047,-1.0000,-1.0000,-1.0000,-1.0000,-1.0000,-1.0000,-1.0000,-1.0000,-1.0000,-1.0000,-1.0000,-1.0000,-1.0000,-1.0000,-1.0000,-1.0000,-1.0000,-1.0000,-1.0000,-1.0000,-1.0000,-1.0000,-1.0000,-1.0000,-1.0000,-1.0000,-1.0000,-1.0000,-1.0000,-1.0000,-1.0000,-1.0000,-1.0000,-1.0000,-1.0000,-1.0000,-1.0000,-1.0000,-1.0000,-1.0000,-1.0000,-1.0000,-1.0000,-1.0000,-1.0000,-1.0000,-1.0000,-1.0000,-1.0000,-1.0000,-1.0000,-1.0000,-1.0000,-1.0000,-1.0000,-1.0000,-1.0000,-1.0000,-1.0000,-1.0000,-1.0000,-1.0000,-1.0000,-1.0000,-1.0000,-1.0000,-1.0000,-1.0000,-1.0000,-1.0000,-1.0000,-1.0000,-1.0000,-1.0000,-1.0000,-1.0000,-1.0000,-1.0000,-1.0000,-1.0000,-1.0000,-1.0000,-1.0000,-1.0000,-1.0000,-1.0000,-1.0000,-1.0000,-1.0000,-1.0000,-1.0000,-1.0000,-1.0000,-1.0000,-1.0000,-1.0000,-1.0000,-1.0000,-1.0000,-1.0000,-1.0000,-1.0000,-1.0000,-1.0000,-1.0000,-1.0000,-1.0000,-1.0000,-1.0000,-1.0000,-1.0000,-1.0000,-1.0000,-1.0000,-1.0000,-1.0000,-1.0000,-1.0000,-1.0000,-1.0000,-1.0000,1.8723,1.8733,1.8243,1.8638,1.8391,1.9139,1.7497,1.7190,1.7922,1.6892,1.7884,1.6803,1.7664,1.7199,1.6713,1.7007,1.7929,1.9453,1.9555,1.9623,1.9548,1.9082,1.9003,1.9702,1.8793,1.9227,1.9364,1.9476,1.9001,1.8637,1.9249,1.9487,1.9700,1.9579,1.9533,1.9530,1.9496,1.9238,1.9374,1.9572,1.5354,1.5741,1.5483,1.5391,1.5780,1.5185,1.4729,1.5814,1.5225,1.4751,1.4808,1.4952,1.5629,1.4756,1.4605,1.5053,1.4748,1.4777,1.5222,1.4604,1.5461,1.5236,1.4966,0,1.0000,2.0308,4.6896,1.9317
23,0.0460,-0.3256,-1.6100,1.0751,2.0308,4.6896,1.5000,0.1110,0.1888,0.0001,1.0273,0.9999,-0.0009,0.0025,0.0099,-0.0264,-0.0169,0.0021,0.0152,-0.0032,-0.0066,0.0372,-0.0002,0.0041,0.0051,-0.0102,0.0004,-0.0523,-0.0051,-0.0108,-0.0013,0.0037,0.0003,0.0015,0.0004,-0.0066,0.0194,0.0123,-0.0175,0.0001,0.0018,-0.0000,-0.0581,0.0071,-0.0102,-0.0448,0.1522,0.7843,-0.6473,-0.6637,0.0492,0.6357,-0.2750,-0.0159,1.2379,-0.1032,0.1570,0.4183,-0.3503,0.0430,-2.6839,-0.4736,-0.5158,-0.3263,0.0810,0.0158,0.0639,0.0239,-0.7859,1.1150,0.8963,0.0049,0.0005,0.0603,-0.0047,-1.0000,-1.0000,-1.0000,-1.0000,-1.0000,-1.0000,-1.0000,-1.0000,-1.0000,-1.0000,-1.0000,-1.0000,-1.0000,-1.0000,-1.0000,-1.0000,-1.0000,-1.0000,-1.0000,-1.0000,-1.0000,-1.0000,-1.0000,-1.0000,-1.0000,-1.0000,-1.0000,-1.0000,-1.0000,-1.0000,-1.0000,-1.0000,-1.0000,-1.0000,-1.0000,-1.0000,-1.0000,-1.0000,-1.0000,-1.0000,-1.0000,-1.0000,-1.0000,-1.0000,-1.0000,-1.0000,-1.0000,-1.0000,-1.0000,-1.0000,-1.0000,-1.0000,-1.0000,-1.0000,-1.0000,-1.0000,-1.0000,-1.0000,-1.0000,-1.0000,-1.0000,-1.0000,-1.0000,-1.0000,-1.0000,-1.0000,-1.0000,-1.0000,-1.0000,-1.0000,-1.0000,-1.0000,-1.0000,-1.0000,-1.0000,-1.0000,-1.0000,-1.0000,-1.0000,-1.0000,-1.0000,-1.0000,-1.0000,-1.0000,-1.0000,-1.0000,-1.0000,-1.0000,-1.0000,-1.0000,-1.0000,-1.0000,-1.0000,-1.0000,-1.0000,-1.0000,-1.0000,-1.0000,-1.0000,-1.0000,-1.0000,-1.0000,-1.0000,-1.0000,-1.0000,-1.0000,-1.0000,-1.0000,-1.0000,-1.0000,-1.0000,-1.0000,-1.0000,-1.0000,-1.0000,-1.0000,-1.0000,-1.0000,-1.0000,-1.0000,-1.0000,1.8723,1.8733,1.8243,1.8638,1.8391,1.9139,1.7497,1.7190,1.7922,1.6892,1.7884,1.6803,1.7664,1.7199,1.6713,1.7007,1.7929,1.9453,1.9555,1.9623,1.9548,1.9082,1.9003,1.9702,1.8793,1.9227,1.9364,1.9476,1.9001,1.8637,1.9249,1.9487,1.9700,1.9579,1.9533,1.9530,1.9496,1.9238,1.9374,1.9572,1.5354,1.5741,1.5483,1.5391,1.5780,1.5185,1.4729,1.5814,1.5225,1.4751,1.4808,1.4952,1.5629,1.4756,1.4605,1.5053,1.4748,1.4777,1.5222,1.4604,1.5461,1.5236,1.4966,0,1.0000,2.0308,4.6896,1.9317
23,0.0460,-0.3256,-1.6100,1.0751,2.0308,4.6896,1.5000,0.1110,0.1888,0.0001,1.0273,0.9999,-0.0009,0.0025,0.0099,-0.0264,-0.0169,0.0021,0.0152,-0.0032,-0.0066,0.0372,-0.0002,0.0041,0.0051,-0.0102,0.0004,-0.0523,-0.0051,-0.0108,-0.0013,0.0037,0.0003,0.0015,0.0004,-0.0066,0.0194,0.0123,-0.0175,0.0001,0.0018,-0.0000,-0.0581,0.0071,-0.0102,-0.0448,0.1522,0.7843,-0.6473,-0.6637,0.0492,0.6357,-0.2750,-0.0159,1.2379,-0.1032,0.1570,0.4183,-0.3503,0.0430,-2.6839,-0.4736,-0.5158,-0.3263,0.0810,0.0158,0.0639,0.0239,-0.7859,1.1150,0.8963,0.0049,0.0005,0.0603,-0.0047,-1.0000,-1.0000,-1.0000,-1.0000,-1.0000,-1.0000,-1.0000,-1.0000,-1.0000,-1.0000,-1.0000,-1.0000,-1.0000,-1.0000,-1.0000,-1.0000,-1.0000,-1.0000,-1.0000,-1.0000,-1.0000,-1.0000,-1.0000,-1.0000,-1.0000,-1.0000,-1.0000,-1.0000,-1.0000,-1.0000,-1.0000,-1.0000,-1.0000,-1.0000,-1.0000,-1.0000,-1.0000,-1.0000,-1.0000,-1.0000,-1.0000,-1.0000,-1.0000,-1.0000,-1.0000,-1.0000,-1.0000,-1.0000,-1.0000,-1.0000,-1.0000,-1.0000,-1.0000,-1.0000,-1.0000,-1.0000,-1.0000,-1.0000,-1.0000,-1.0000,-1.0000,-1.0000,-1.0000,-1.0000,-1.0000,-1.0000,-1.0000,-1.0000,-1.0000,-1.0000,-1.0000,-1.0000,-1.0000,-1.0000,-1.0000,-1.0000,-1.0000,-1.0000,-1.0000,-1.0000,-1.0000,-1.0000,-1.0000,-1.0000,-1.0000,-1.0000,-1.0000,-1.0000,-1.0000,-1.0000,-1.0000,-1.0000,-1.0000,-1.0000,-1.0000,-1.0000,-1.0000,-1.0000,-1.0000,-1.0000,-1.0000,-1.0000,-1.0000,-1.0000,-1.0000,-1.0000,-1.0000,-1.0000,-1.0000,-1.0000,-1.0000,-1.0000,-1.0000,-1.0000,-1.0000,-1.0000,-1.0000,-1.0000,-1.0000,-1.0000,-1.0000,1.8723,1.8733,1.8243,1.8638,1.8391,1.9139,1.7497,1.7190,1.7922,1.6892,1.7884,1.6803,1.7664,1.7199,1.6713,1.7007,1.7929,1.9453,1.9555,1.9623,1.9548,1.9082,1.9003,1.9702,1.8793,1.9227,1.9364,1.9476,1.9001,1.8637,1.9249,1.9487,1.9700,1.9579,1.9533,1.9530,1.9496,1.9238,1.9374,1.9572,1.5354,1.5741,1.5483,1.5391,1.5780,1.5185,1.4729,1.5814,1.5225,1.4751,1.4808,1.4952,1.5629,1.4756,1.4605,1.5053,1.4748,1.4777,1.5222,1.4604,1.5461,1.5236,1.4966,0,1.0000,2.0308,4.6896,1.9317
23,0.0460,-0.3256,-1.6100,1.0751,2.0308,4.6896,1.5000,0.1110,0.1888,0.0001,1.0273,0.9999,-0.0009,0.0025,0.0099,-0.0264,-0.0169,0.0021,0.0152,-0.0032,-0.0066,0.0372,-0.0002,0.0041,0.0051,-0.0102,0.0004,-0.0523,-0.0051,-0.0108,-0.0013,0.0037,0.0003,0.0015,0.0004,-0.0066,0.0194,0.0123,-0.0175,0.0001,0.0018,-0.0000,-0.0581,0.0071,-0.0102,-0.0448,0.1522,0.7843,-0.6473,-0.6637,0.0492,0.6357,-0.2750,-0.0159,1.2379,-0.1032,0.1570,0.4183,-0.3503,0.0430,-2.6839,-0.4736,-0.5158,-0.3263,0.0810,0.0158,0.0639,0.0239,-0.7859,1.1150,0.8963,0.0049,0.0005,0.0603,-0.0047,-1.0000,-1.0000,-1.0000,-1.0000,-1.0000,-1.0000,-1.0000,-1.0000,-1.0000,-1.0000,-1.0000,-1.0000,-1.0000,-1.0000,-1.0000,-1.0000,-1.0000,-1.0000,-1.0000,-1.0000,-1.0000,-1.0000,-1.0000,-1.0000,-1.0000,-1.0000,-1.0000,-1.0000,-1.0000,-1.0000,-1.0000,-1.0000,-1.0000,-1.0000,-1.0000,-1.0000,-1.0000,-1.0000,-1.0000,-1.0000,-1.0000,-1.0000,-1.0000,-1.0000,-1.0000,-1.0000,-1.0000,-1.0000,-1.0000,-1.0000,-1.0000,-1.0000,-1.0000,-1.0000,-1.0000,-1.0000,-1.0000,-1.0000,-1.0000,-1.0000,-1.0000,-1.0000,-1.0000,-1.0000,-1.0000,-1.0000,-1.0000,-1.0000,-1.0000,-1.0000,-1.0000,-1.0000,-1.0000,-1.0000,-1.0000,-1.0000,-1.0000,-1.0000,-1.0000,-1.0000,-1.0000,-1.0000,-1.0000,-1.0000,-1.0000,-1.0000,-1.0000,-1.0000,-1.0000,-1.0000,-1.0000,-1.0000,-1.0000,-1.0000,-1.0000,-1.0000,-1.0000,-1.0000,-1.0000,-1.0000,-1.0000,-1.0000,-1.0000,-1.0000,-1.0000,-1.0000,-1.0000,-1.0000,-1.0000,-1.0000,-1.0000,-1.0000,-1.0000,-1.0000,-1.0000,-1.0000,-1.0000,-1.0000,-1.0000,-1.0000,-1.0000,1.8723,1.8733,1.8243,1.8638,1.8391,1.9139,1.7497,1.7190,1.7922,1.6892,1.7884,1.6803,1.7664,1.7199,1.6713,1.7007,1.7929,1.9453,1.9555,1.9623,1.9548,1.9082,1.9003,1.9702,1.8793,1.9227,1.9364,1.9476,1.9001,1.8637,1.9249,1.9487,1.9700,1.9579,1.9533,1.9530,1.9496,1.9238,1.9374,1.9572,1.5354,1.5741,1.5483,1.5391,1.5780,1.5185,1.4729,1.5814,1.5225,1.4751,1.4808,1.4952,1.5629,1.4756,1.4605,1.5053,1.4748,1.4777,1.5222,1.4604,1.5461,1.5236,1.4966,0,1.0000,2.0308,4.6896,1.9317
23,0.0460,-0.3256,-1.6100,1.0751,2.0308,4.6896,1.5000,0.1110,0.1888,0.0001,1.0273,0.9999,-0.0009,0.0025,0.0099,-0.0264,-0.0169,0.0021,0.0152,-0.0032,-0.0066,0.0372,-0.0002,0.0041,0.0051,-0.0102,0.0004,-0.0523,-0.0051,-0.0108,-0.0013,0.0037,0.0003,0.0015,0.0004,-0.0066,0.0194,0.0123,-0.0175,0.0001,0.0018,-0.0000,-0.0581,0.0071,-0.0102,-0.0448,0.1522,0.7843,-0.6473,-0.6637,0.0492,0.6357,-0.2750,-0.0159,1.2379,-0.1032,0.1570,0.4183,-0.3503,0.0430,-2.6839,-0.4736,-0.5158,-0.3263,0.0810,0.0158,0.0639,0.0239,-0.7859,1.1150,0.8963,0.0049,0.0005,0.0603,-0.0047,-1.0000,-1.0000,-1.0000,-1.0000,-1.0000,-1.0000,-1.0000,-1.0000,-1.0000,-1.0000,-1.0000,-1.0000,-1.0000,-1.0000,-1.0000,-1.0000,-1.0000,-1.0000,-1.0000,-1.0000,-1.0000,-1.0000,-1.0000,-1.0000,-1.0000,-1.0000,-1.0000,-1.0000,-1.0000,-1.0000,-1.0000,-1.0000,-1.0000,-1.0000,-1.0000,-1.0000,-1.0000,-1.0000,-1.0000,-1.0000,-1.0000,-1.0000,-1.0000,-1.0000,-1.0000,-1.0000,-1.0000,-1.0000,-1.0000,-1.0000,-1.0000,-1.0000,-1.0000,-1.0000,-1.0000,-1.0000,-1.0000,-1.0000,-1.0000,-1.0000,-1.0000,-1.0000,-1.0000,-1.0000,-1.0000,-1.0000,-1.0000,-1.0000,-1.0000,-1.0000,-1.0000,-1.0000,-1.0000,-1.0000,-1.0000,-1.0000,-1.0000,-1.0000,-1.0000,-1.0000,-1.0000,-1.0000,-1.0000,-1.0000,-1.0000,-1.0000,-1.0000,-1.0000,-1.0000,-1.0000,-1.0000,-1.0000,-1.0000,-1.0000,-1.0000,-1.0000,-1.0000,-1.0000,-1.0000,-1.0000,-1.0000,-1.0000,-1.0000,-1.0000,-1.0000,-1.0000,-1.0000,-1.0000,-1.0000,-1.0000,-1.0000,-1.0000,-1.0000,-1.0000,-1.0000,-1.0000,-1.0000,-1.0000,-1.0000,-1.0000,-1.0000,1.8723,1.8733,1.8243,1.8638,1.8391,1.9139,1.7497,1.7190,1.7922,1.6892,1.7884,1.6803,1.7664,1.7199,1.6713,1.7007,1.7929,1.9453,1.9555,1.9623,1.9548,1.9082,1.9003,1.9702,1.8793,1.9227,1.9364,1.9476,1.9001,1.8637,1.9249,1.9487,1.9700,1.9579,1.9533,1.9530,1.9496,1.9238,1.9374,1.9572,1.5354,1.5741,1.5483,1.5391,1.5780,1.5185,1.4729,1.5814,1.5225,1.4751,1.4808,1.4952,1.5629,1.4756,1.4605,1.5053,1.4748,1.4777,1.5222,1.4604,1.5461,1.5236,1.4966,0,1.0000,2.0308,4.6896,1.9317
23,0.0460,-0.3256,-1.6100,1.0751,2.0308,4.6896,1.5000,0.1110,0.1888,0.0001,1.0273,0.9999,-0.0009,0.0025,0.0099,-0.0264,-0.0169,0.0021,0.0152,-0.0032,-0.0066,0.0372,-0.0002,0.0041,0.0051,-0.0102,0.0004,-0.0523,-0.0051,-0.0108,-0.0013,0.0037,0.0003,0.0015,0.0004,-0.0066,0.0194,0.0123,-0.0175,0.0001,0.0018,-0.0000,-0.0581,0.0071,-0.0102,-0.0448,0.1522,0.7843,-0.6473,-0.6637,0.0492,0.6357,-0.2750,-0.0159,1.2379,-0.1032,0.1570,0.4183,-0.3503,0.0430,-2.6839,-0.4736,-0.5158,-0.3263,0.0810,0.0158,0.0639,0.0239,-0.7859,1.1150,0.8963,0.0049,0.0005,0.0603,-0.0047,-1.0000,-1.0000,-1.0000,-1.0000,-1.0000,-1.0000,-1.0000,-1.0000,-1.0000,-1.0000,-1.0000,-1.0000,-1.0000,-1.0000,-1.0000,-1.0000,-1.0000,-1.0000,-1.0000,-1.0000,-1.0000,-1.0000,-1.0000,-1.0000,-1.0000,-1.0000,-1.0000,-1.0000,-1.0000,-1.0000,-1.0000,-1.0000,-1.0000,-1.0000,-1.0000,-1.0000,-1.0000,-1.0000,-1.0000,-1.0000,-1.0000,-1.0000,-1.0000,-1.0000,-1.0000,-1.0000,-1.0000,-1.0000,-1.0000,-1.0000,-1.0000,-1.0000,-1.0000,-1.0000,-1.0000,-1.0000,-1.0000,-1.0000,-1.0000,-1.0000,-1.0000,-1.0000,-1.0000,-1.0000,-1.0000,-1.0000,-1.0000,-1.0000,-1.0000,-1.0000,-1.0000,-1.0000,-1.0000,-1.0000,-1.0000,-1.0000,-1.0000,-1.0000,-1.0000,-1.0000,-1.0000,-1.0000,-1.0000,-1.0000,-1.0000,-1.0000,-1.0000,-1.0000,-1.0000,-1.0000,-1.0000,-1.0000,-1.0000,-1.0000,-1.0000,-1.0000,-1.0000,-1.0000,-1.0000,-1.0000,-1.0000,-1.0000,-1.0000,-1.0000,-1.0000,-1.0000,-1.0000,-1.0000,-1.0000,-1.0000,-1.0000,-1.0000,-1.0000,-1.0000,-1.0000,-1.0000,-1.0000,-1.0000,-1.0000,-1.0000,-1.0000,1.8723,1.8733,1.8243,1.8638,1.8391,1.9139,1.7497,1.7190,1.7922,1.6892,1.7884,1.6803,1.7664,1.7199,1.6713,1.7007,1.7929,1.9453,1.9555,1.9623,1.9548,1.9082,1.9003,1.9702,1.8793,1.9227,1.9364,1.9476,1.9001,1.8637,1.9249,1.9487,1.9700,1.9579,1.9533,1.9530,1.9496,1.9238,1.9374,1.9572,1.5354,1.5741,1.5483,1.5391,1.5780,1.5185,1.4729,1.5814,1.5225,1.4751,1.4808,1.4952,1.5629,1.4756,1.4605,1.5053,1.4748,1.4777,1.5222,1.4604,1.5461,1.5236,1.4966,0,1.0000,2.0308,4.6896,1.9317
23,0.0460,-0.3256,-1.6100,1.0751,2.0308,4.6896,1.5000,0.1110,0.1888,0.0001,1.0273,0.9999,-0.0009,0.0025,0.0099,-0.0264,-0.0169,0.0021,0.0152,-0.0032,-0.0066,0.0372,-0.0002,0.0041,0.0051,-0.0102,0.0004,-0.0523,-0.0051,-0.0108,-0.0013,0.0037,0.0003,0.0015,0.0004,-0.0066,0.0194,0.0123,-0.0175,0.0001,0.0018,-0.0000,-0.0581,0.0071,-0.0102,-0.0448,0.1522,0.7843,-0.6473,-0.6637,0.0492,0.6357,-0.2750,-0.0159,1.2379,-0.1032,0.1570,0.4183,-0.3503,0.0430,-2.6839,-0.4736,-0.5158,-0.3263,0.0810,0.0158,0.0639,0.0239,-0.7859,1.1150,0.8963,0.0049,0.0005,0.0603,-0.0047,-1.0000,-1.0000,-1.0000,-1.0000,-1.0000,-1.0000,-1.0000,-1.0000,-1.0000,-1.0000,-1.0000,-1.0000,-1.0000,-1.0000,-1.0000,-1.0000,-1.0000,-1.0000,-1.0000,-1.0000,-1.0000,-1.0000,-1.0000,-1.0000,-1.0000,-1.0000,-1.0000,-1.0000,-1.0000,-1.0000,-1.0000,-1.0000,-1.0000,-1.0000,-1.0000,-1.0000,-1.0000,-1.0000,-1.0000,-1.0000,-1.0000,-1.0000,-1.0000,-1.0000,-1.0000,-1.0000,-1.0000,-1.0000,-1.0000,-1.0000,-1.0000,-1.0000,-1.0000,-1.0000,-1.0000,-1.0000,-1.0000,-1.0000,-1.0000,-1.0000,-1.0000,-1.0000,-1.0000,-1.0000,-1.0000,-1.0000,-1.0000,-1.0000,-1.0000,-1.0000,-1.0000,-1.0000,-1.0000,-1.0000,-1.0000,-1.0000,-1.0000,-1.0000,-1.0000,-1.0000,-1.0000,-1.0000,-1.0000,-1.0000,-1.0000,-1.0000,-1.0000,-1.0000,-1.0000,-1.0000,-1.0000,-1.0000,-1.0000,-1.0000,-1.0000,-1.0000,-1.0000,-1.0000,-1.0000,-1.0000,-1.0000,-1.0000,-1.0000,-1.0000,-1.0000,-1.0000,-1.0000,-1.0000,-1.0000,-1.0000,-1.0000,-1.0000,-1.0000,-1.0000,-1.0000,-1.0000,-1.0000,-1.0000,-1.0000,-1.0000,-1.0000,1.8723,1.8733,1.8243,1.8638,1.8391,1.9139,1.7497,1.7190,1.7922,1.6892,1.7884,1.6803,1.7664,1.7199,1.6713,1.7007,1.7929,1.9453,1.9555,1.9623,1.9548,1.9082,1.9003,1.9702,1.8793,1.9227,1.9364,1.9476,1.9001,1.8637,1.9249,1.9487,1.9700,1.9579,1.9533,1.9530,1.9496,1.9238,1.9374,1.9572,1.5354,1.5741,1.5483,1.5391,1.5780,1.5185,1.4729,1.5814,1.5225,1.4751,1.4808,1.4952,1.5629,1.4756,1.4605,1.5053,1.4748,1.4777,1.5222,1.4604,1.5461,1.5236,1.4966,0,1.0000,2.0308,4.6896,1.9317
23,0.0460,-0.3256,-1.6100,1.0751,2.0308,4.6896,1.5000,0.1110,0.1888,0.0001,1.0273,0.9999,-0.0009,0.0025,0.0099,-0.0264,-0.0169,0.0021,0.0152,-0.0032,-0.0066,0.0372,-0.0002,0.0041,0.0051,-0.0102,0.0004,-0.0523,-0.0051,-0.0108,-0.0013,0.0037,0.0003,0.0015,0.0004,-0.0066,0.0194,0.0123,-0.0175,0.0001,0.0018,-0.0000,-0.0581,0.0071,-0.0102,-0.0448,0.1522,0.7843,-0.6473,-0.6637,0.0492,0.6357,-0.2750,-0.0159,1.2379,-0.1032,0.1570,0.4183,-0.3503,0.0430,-2.6839,-0.4736,-0.5158,-0.3263,0.0810,0.0158,0.0639,0.0239,-0.7859,1.1150,0.8963,0.0049,0.0005,0.0603,-0.0047,-1.0000,-1.0000,-1.0000,-1.0000,-1.0000,-1.0000,-1.0000,-1.0000,-1.0000,-1.0000,-1.0000,-1.0000,-1.0000,-1.0000,-1.0000,-1.0000,-1.0000,-1.0000,-1.0000,-1.0000,-1.0000,-1.0000,-1.0000,-1.0000,-1.0000,-1.0000,-1.0000,-1.0000,-1.0000,-1.0000,-1.0000,-1.0000,-1.0000,-1.0000,-1.0000,-1.0000,-1.0000,-1.0000,-1.0000,-1.0000,-1.0000,-1.0000,-1.0000,-1.0000,-1.0000,-1.0000,-1.0000,-1.0000,-1.0000,-1.0000,-1.0000,-1.0000,-1.0000,-1.0000,-1.0000,-1.0000,-1.0000,-1.0000,-1.0000,-1.0000,-1.0000,-1.0000,-1.0000,-1.0000,-1.0000,-1.0000,-1.0000,-1.0000,-1.0000,-1.0000,-1.0000,-1.0000,-1.0000,-1.0000,-1.0000,-1.0000,-1.0000,-1.0000,-1.0000,-1.0000,-1.0000,-1.0000,-1.0000,-1.0000,-1.0000,-1.0000,-1.0000,-1.0000,-1.0000,-1.0000,-1.0000,-1.0000,-1.0000,-1.0000,-1.0000,-1.0000,-1.0000,-1.0000,-1.0000,-1.0000,-1.0000,-1.0000,-1.0000,-1.0000,-1.0000,-1.0000,-1.0000,-1.0000,-1.0000,-1.0000,-1.0000,-1.0000,-1.0000,-1.0000,-1.0000,-1.0000,-1.0000,-1.0000,-1.0000,-1.0000,-1.0000,1.8723,1.8733,1.8243,1.8638,1.8391,1.9139,1.7497,1.7190,1.7922,1.6892,1.7884,1.6803,1.7664,1.7199,1.6713,1.7007,1.7929,1.9453,1.9555,1.9623,1.9548,1.9082,1.9003,1.9702,1.8793,1.9227,1.9364,1.9476,1.9001,1.8637,1.9249,1.9487,1.9700,1.9579,1.9533,1.9530,1.9496,1.9238,1.9374,1.9572,1.5354,1.5741,1.5483,1.5391,1.5780,1.5185,1.4729,1.5814,1.5225,1.4751,1.4808,1.4952,1.5629,1.4756,1.4605,1.5053,1.4748,1.4777,1.5222,1.4604,1.5461,1.5236,1.4966,0,1.0000,2.0308,4.6896,1.9317
23,0.0460,-0.3256,-1.6100,1.0751,2.0308,4.6896,1.5000,0.1110,0.1888,0.0001,1.0273,0.9999,-0.0009,0.0025,0.0099,-0.0264,-0.0169,0.0021,0.0152,-0.0032,-0.0066,0.0372,-0.0002,0.0041,0.0051,-0.0102,0.0004,-0.0523,-0.0051,-0.0108,-0.0013,0.0037,0.0003,0.0015,0.0004,-0.0066,0.0194,0.0123,-0.0175,0.0001,0.0018,-0.0000,-0.0581,0.0071,-0.0102,-0.0448,0.1522,0.7843,-0.6473,-0.6637,0.0492,0.6357,-0.2750,-0.0159,1.2379,-0.1032,0.1570,0.4183,-0.3503,0.0430,-2.6839,-0.4736,-0.5158,-0.3263,0.0810,0.0158,0.0639,0.0239,-0.7859,1.1150,0.8963,0.0049,0.0005,0.0603,-0.0047,-1.0000,-1.0000,-1.0000,-1.0000,-1.0000,-1.0000,-1.0000,-1.0000,-1.0000,-1.0000,-1.0000,-1.0000,-1.0000,-1.0000,-1.0000,-1.0000,-1.0000,-1.0000,-1.0000,-1.0000,-1.0000,-1.0000,-1.0000,-1.0000,-1.0000,-1.0000,-1.0000,-1.0000,-1.0000,-1.0000,-1.0000,-1.0000,-1.0000,-1.0000,-1.0000,-1.0000,-1.0000,-1.0000,-1.0000,-1.0000,-1.0000,-1.0000,-1.0000,-1.0000,-1.0000,-1.0000,-1.0000,-1.0000,-1.0000,-1.0000,-1.0000,-1.0000,-1.0000,-1.0000,-1.0000,-1.0000,-1.0000,-1.0000,-1.0000,-1.0000,-1.0000,-1.0000,-1.0000,-1.0000,-1.0000,-1.0000,-1.0000,-1.0000,-1.0000,-1.0000,-1.0000,-1.0000,-1.0000,-1.0000,-1.0000,-1.0000,-1.0000,-1.0000,-1.0000,-1.0000,-1.0000,-1.0000,-1.0000,-1.0000,-1.0000,-1.0000,-1.0000,-1.0000,-1.0000,-1.0000,-1.0000,-1.0000,-1.0000,-1.0000,-1.0000,-1.0000,-1.0000,-1.0000,-1.0000,-1.0000,-1.0000,-1.0000,-1.0000,-1.0000,-1.0000,-1.0000,-1.0000,-1.0000,-1.0000,-1.0000,-1.0000,-1.0000,-1.0000,-1.0000,-1.0000,-1.0000,-1.0000,-1.0000,-1.0000,-1.0000,-1.0000,1.8723,1.8733,1.8243,1.8638,1.8391,1.9139,1.7497,1.7190,1.7922,1.6892,1.7884,1.6803,1.7664,1.7199,1.6713,1.7007,1.7929,1.9453,1.9555,1.9623,1.9548,1.9082,1.9003,1.9702,1.8793,1.9227,1.9364,1.9476,1.9001,1.8637,1.9249,1.9487,1.9700,1.9579,1.9533,1.9530,1.9496,1.9238,1.9374,1.9572,1.5354,1.5741,1.5483,1.5391,1.5780,1.5185,1.4729,1.5814,1.5225,1.4751,1.4808,1.4952,1.5629,1.4756,1.4605,1.5053,1.4748,1.4777,1.5222,1.4604,1.5461,1.5236,1.4966,0,1.0000,2.0308,4.6896,1.9317
23,0.0460,-0.3256,-1.6100,1.0751,2.0308,4.6896,1.5000,0.1110,0.1888,0.0001,1.0273,0.9999,-0.0009,0.0025,0.0099,-0.0264,-0.0169,0.0021,0.0152,-0.0032,-0.0066,0.0372,-0.0002,0.0041,0.0051,-0.0102,0.0004,-0.0523,-0.0051,-0.0108,-0.0013,0.0037,0.0003,0.0015,0.0004,-0.0066,0.0194,0.0123,-0.0175,0.0001,0.0018,-0.0000,-0.0581,0.0071,-0.0102,-0.0448,0.1522,0.7843,-0.6473,-0.6637,0.0492,0.6357,-0.2750,-0.0159,1.2379,-0.1032,0.1570,0.4183,-0.3503,0.0430,-2.6839,-0.4736,-0.5158,-0.3263,0.0810,0.0158,0.0639,0.0239,-0.7859,1.1150,0.8963,0.0049,0.0005,0.0603,-0.0047,-1.0000,-1.0000,-1.0000,-1.0000,-1.0000,-1.0000,-1.0000,-1.0000,-1.0000,-1.0000,-1.0000,-1.0000,-1.0000,-1.0000,-1.0000,-1.0000,-1.0000,-1.0000,-1.0000,-1.0000,-1.0000,-1.0000,-1.0000,-1.0000,-1.0000,-1.0000,-1.0000,-1.0000,-1.0000,-1.0000,-1.0000,-1.0000,-1.0000,-1.0000,-1.0000,-1.0000,-1.0000,-1.0000,-1.0000,-1.0000,-1.0000,-1.0000,-1.0000,-1.0000,-1.0000,-1.0000,-1.0000,-1.0000,-1.0000,-1.0000,-1.0000,-1.0000,-1.0000,-1.0000,-1.0000,-1.0000,-1.0000,-1.0000,-1.0000,-1.0000,-1.0000,-1.0000,-1.0000,-1.0000,-1.0000,-1.0000,-1.0000,-1.0000,-1.0000,-1.0000,-1.0000,-1.0000,-1.0000,-1.0000,-1.0000,-1.0000,-1.0000,-1.0000,-1.0000,-1.0000,-1.0000,-1.0000,-1.0000,-1.0000,-1.0000,-1.0000,-1.0000,-1.0000,-1.0000,-1.0000,-1.0000,-1.0000,-1.0000,-1.0000,-1.0000,-1.0000,-1.0000,-1.0000,-1.0000,-1.0000,-1.0000,-1.0000,-1.0000,-1.0000,-1.0000,-1.0000,-1.0000,-1.0000,-1.0000,-1.0000,-1.0000,-1.0000,-1.0000,-1.0000,-1.0000,-1.0000,-1.0000,-1.0000,-1.0000,-1.0000,-1.0000,1.8723,1.8733,1.8243,1.8638,1.8391,1.9139,1.7497,1.7190,1.7922,1.6892,1.7884,1.6803,1.7664,1.7199,1.6713,1.7007,1.7929,1.9453,1.9555,1.9623,1.9548,1.9082,1.9003,1.9702,1.8793,1.9227,1.9364,1.9476,1.9001,1.8637,1.9249,1.9487,1.9700,1.9579,1.9533,1.9530,1.9496,1.9238,1.9374,1.9572,1.5354,1.5741,1.5483,1.5391,1.5780,1.5185,1.4729,1.5814,1.5225,1.4751,1.4808,1.4952,1.5629,1.4756,1.4605,1.5053,1.4748,1.4777,1.5222,1.4604,1.5461,1.5236,1.4966,0,1.0000,2.0308,4.6896,1.9317
23,0.0460,-0.3256,-1.6100,1.0751,2.0308,4.6896,1.5000,0.1110,0.1888,0.0001,1.0273,0.9999,-0.0009,0.0025,0.0099,-0.0264,-0.0169,0.0021,0.0152,-0.0032,-0.0066,0.0372,-0.0002,0.0041,0.0051,-0.0102,0.0004,-0.0523,-0.0051,-0.0108,-0.0013,0.0037,0.0003,0.0015,0.0004,-0.0066,0.0194,0.0123,-0.0175,0.0001,0.0018,-0.0000,-0.0581,0.0071,-0.0102,-0.0448,0.1522,0.7843,-0.6473,-0.6637,0.0492,0.6357,-0.2750,-0.0159,1.2379,-0.1032,0.1570,0.4183,-0.3503,0.0430,-2.6839,-0.4736,-0.5158,-0.3263,0.0810,0.0158,0.0639,0.0239,-0.7859,1.1150,0.8963,0.0049,0.0005,0.0603,-0.0047,-1.0000,-1.0000,-1.0000,-1.0000,-1.0000,-1.0000,-1.0000,-1.0000,-1.0000,-1.0000,-1.0000,-1.0000,-1.0000,-1.0000,-1.0000,-1.0000,-1.0000,-1.0000,-1.0000,-1.0000,-1.0000,-1.0000,-1.0000,-1.0000,-1.0000,-1.0000,-1.0000,-1.0000,-1.0000,-1.0000,-1.0000,-1.0000,-1.0000,-1.0000,-1.0000,-1.0000,-1.0000,-1.0000,-1.0000,-1.0000,-1.0000,-1.0000,-1.0000,-1.0000,-1.0000,-1.0000,-1.0000,-1.0000,-1.0000,-1.0000,-1.0000,-1.0000,-1.0000,-1.0000,-1.0000,-1.0000,-1.0000,-1.0000,-1.0000,-1.0000,-1.0000,-1.0000,-1.0000,-1.0000,-1.0000,-1.0000,-1.0000,-1.0000,-1.0000,-1.0000,-1.0000,-1.0000,-1.0000,-1.0000,-1.0000,-1.0000,-1.0000,-1.0000,-1.0000,-1.0000,-1.0000,-1.0000,-1.0000,-1.0000,-1.0000,-1.0000,-1.0000,-1.0000,-1.0000,-1.0000,-1.0000,-1.0000,-1.0000,-1.0000,-1.0000,-1.0000,-1.0000,-1.0000,-1.0000,-1.0000,-1.0000,-1.0000,-1.0000,-1.0000,-1.0000,-1.0000,-1.0000,-1.0000,-1.0000,-1.0000,-1.0000,-1.0000,-1.0000,-1.0000,-1.0000,-1.0000,-1.0000,-1.0000,-1.0000,-1.0000,-1.0000,1.8723,1.8733,1.8243,1.8638,1.8391,1.9139,1.7497,1.7190,1.7922,1.6892,1.7884,1.6803,1.7664,1.7199,1.6713,1.7007,1.7929,1.9453,1.9555,1.9623,1.9548,1.9082,1.9003,1.9702,1.8793,1.9227,1.9364,1.9476,1.9001,1.8637,1.9249,1.9487,1.9700,1.9579,1.9533,1.9530,1.9496,1.9238,1.9374,1.9572,1.5354,1.5741,1.5483,1.5391,1.5780,1.5185,1.4729,1.5814,1.5225,1.4751,1.4808,1.4952,1.5629,1.4756,1.4605,1.5053,1.4748,1.4777,1.5222,1.4604,1.5461,1.5236,1.4966,0,1.0000,2.0308,4.6896,1.9317
23,0.0460,-0.3256,-1.6100,1.0751,2.0308,4.6896,1.5000,0.1110,0.1888,0.0001,1.0273,0.9999,-0.0009,0.0025,0.0099,-0.0264,-0.0169,0.0021,0.0152,-0.0032,-0.0066,0.0372,-0.0002,0.0041,0.0051,-0.0102,0.0004,-0.0523,-0.0051,-0.0108,-0.0013,0.0037,0.0003,0.0015,0.0004,-0.0066,0.0194,0.0123,-0.0175,0.0001,0.0018,-0.0000,-0.0581,0.0071,-0.0102,-0.0448,0.1522,0.7843,-0.6473,-0.6637,0.0492,0.6357,-0.2750,-0.0159,1.2379,-0.1032,0.1570,0.4183,-0.3503,0.0430,-2.6839,-0.4736,-0.5158,-0.3263,0.0810,0.0158,0.0639,0.0239,-0.7859,1.1150,0.8963,0.0049,0.0005,0.0603,-0.0047,-1.0000,-1.0000,-1.0000,-1.0000,-1.0000,-1.0000,-1.0000,-1.0000,-1.0000,-1.0000,-1.0000,-1.0000,-1.0000,-1.0000,-1.0000,-1.0000,-1.0000,-1.0000,-1.0000,-1.0000,-1.0000,-1.0000,-1.0000,-1.0000,-1.0000,-1.0000,-1.0000,-1.0000,-1.0000,-1.0000,-1.0000,-1.0000,-1.0000,-1.0000,-1.0000,-1.0000,-1.0000,-1.0000,-1.0000,-1.0000,-1.0000,-1.0000,-1.0000,-1.0000,-1.0000,-1.0000,-1.0000,-1.0000,-1.0000,-1.0000,-1.0000,-1.0000,-1.0000,-1.0000,-1.0000,-1.0000,-1.0000,-1.0000,-1.0000,-1.0000,-1.0000,-1.0000,-1.0000,-1.0000,-1.0000,-1.0000,-1.0000,-1.0000,-1.0000,-1.0000,-1.0000,-1.0000,-1.0000,-1.0000,-1.0000,-1.0000,-1.0000,-1.0000,-1.0000,-1.0000,-1.0000,-1.0000,-1.0000,-1.0000,-1.0000,-1.0000,-1.0000,-1.0000,-1.0000,-1.0000,-1.0000,-1.0000,-1.0000,-1.0000,-1.0000,-1.0000,-1.0000,-1.0000,-1.0000,-1.0000,-1.0000,-1.0000,-1.0000,-1.0000,-1.0000,-1.0000,-1.0000,-1.0000,-1.0000,-1.0000,-1.0000,-1.0000,-1.0000,-1.0000,-1.0000,-1.0000,-1.0000,-1.0000,-1.0000,-1.0000,-1.0000,1.8723,1.8733,1.8243,1.8638,1.8391,1.9139,1.7497,1.7190,1.7922,1.6892,1.7884,1.6803,1.7664,1.7199,1.6713,1.7007,1.7929,1.9453,1.9555,1.9623,1.9548,1.9082,1.9003,1.9702,1.8793,1.9227,1.9364,1.9476,1.9001,1.8637,1.9249,1.9487,1.9700,1.9579,1.9533,1.9530,1.9496,1.9238,1.9374,1.9572,1.5354,1.5741,1.5483,1.5391,1.5780,1.5185,1.4729,1.5814,1.5225,1.4751,1.4808,1.4952,1.5629,1.4756,1.4605,1.5053,1.4748,1.4777,1.5222,1.4604,1.5461,1.5236,1.4966,0,1.0000,2.0308,4.6896,1.9317
23,0.0460,-0.3256,-1.6100,1.0751,2.0308,4.6896,1.5000,0.1110,0.1888,0.0001,1.0273,0.9999,-0.0009,0.0025,0.0099,-0.0264,-0.0169,0.0021,0.0152,-0.0032,-0.0066,0.0372,-0.0002,0.0041,0.0051,-0.0102,0.0004,-0.0523,-0.0051,-0.0108,-0.0013,0.0037,0.0003,0.0015,0.0004,-0.0066,0.0194,0.0123,-0.0175,0.0001,0.0018,-0.0000,-0.0581,0.0071,-0.0102,-0.0448,0.1522,0.7843,-0.6473,-0.6637,0.0492,0.6357,-0.2750,-0.0159,1.2379,-0.1032,0.1570,0.4183,-0.3503,0.0430,-2.6839,-0.4736,-0.5158,-0.3263,0.0810,0.0158,0.0639,0.0239,-0.7859,1.1150,0.8963,0.0049,0.0005,0.0603,-0.0047,-1.0000,-1.0000,-1.0000,-1.0000,-1.0000,-1.0000,-1.0000,-1.0000,-1.0000,-1.0000,-1.0000,-1.0000,-1.0000,-1.0000,-1.0000,-1.0000,-1.0000,-1.0000,-1.0000,-1.0000,-1.0000,-1.0000,-1.0000,-1.0000,-1.0000,-1.0000,-1.0000,-1.0000,-1.0000,-1.0000,-1.0000,-1.0000,-1.0000,-1.0000,-1.0000,-1.0000,-1.0000,-1.0000,-1.0000,-1.0000,-1.0000,-1.0000,-1.0000,-1.0000,-1.0000,-1.0000,-1.0000,-1.0000,-1.0000,-1.0000,-1.0000,-1.0000,-1.0000,-1.0000,-1.0000,-1.0000,-1.0000,-1.0000,-1.0000,-1.0000,-1.0000,-1.0000,-1.0000,-1.0000,-1.0000,-1.0000,-1.0000,-1.0000,-1.0000,-1.0000,-1.0000,-1.0000,-1.0000,-1.0000,-1.0000,-1.0000,-1.0000,-1.0000,-1.0000,-1.0000,-1.0000,-1.0000,-1.0000,-1.0000,-1.0000,-1.0000,-1.0000,-1.0000,-1.0000,-1.0000,-1.0000,-1.0000,-1.0000,-1.0000,-1.0000,-1.0000,-1.0000,-1.0000,-1.0000,-1.0000,-1.0000,-1.0000,-1.0000,-1.0000,-1.0000,-1.0000,-1.0000,-1.0000,-1.0000,-1.0000,-1.0000,-1.0000,-1.0000,-1.0000,-1.0000,-1.0000,-1.0000,-1.0000,-1.0000,-1.0000,-1.0000,1.8723,1.8733,1.8243,1.8638,1.8391,1.9139,1.7497,1.7190,1.7922,1.6892,1.7884,1.6803,1.7664,1.7199,1.6713,1.7007,1.7929,1.9453,1.9555,1.9623,1.9548,1.9082,1.9003,1.9702,1.8793,1.9227,1.9364,1.9476,1.9001,1.8637,1.9249,1.9487,1.9700,1.9579,1.9533,1.9530,1.9496,1.9238,1.9374,1.9572,1.5354,1.5741,1.5483,1.5391,1.5780,1.5185,1.4729,1.5814,1.5225,1.4751,1.4808,1.4952,1.5629,1.4756,1.4605,1.5053,1.4748,1.4777,1.5222,1.4604,1.5461,1.5236,1.4966,0,1.0000,2.0308,4.6896,1.9317
23,0.0460,-0.3256,-1.6100,1.0751,2.0308,4.6896,1.5000,0.1110,0.1888,0.0001,1.0273,0.9999,-0.0009,0.0025,0.0099,-0.0264,-0.0169,0.0021,0.0152,-0.0032,-0.0066,0.0372,-0.0002,0.0041,0.0051,-0.0102,0.0004,-0.0523,-0.0051,-0.0108,-0.0013,0.0037,0.0003,0.0015,0.0004,-0.0066,0.0194,0.0123,-0.0175,0.0001,0.0018,-0.0000,-0.0581,0.0071,-0.0102,-0.0448,0.1522,0.7843,-0.6473,-0.6637,0.0492,0.6357,-0.2750,-0.0159,1.2379,-0.1032,0.1570,0.4183,-0.3503,0.0430,-2.6839,-0.4736,-0.5158,-0.3263,0.0810,0.0158,0.0639,0.0239,-0.7859,1.1150,0.8963,0.0049,0.0005,0.0603,-0.0047,-1.0000,-1.0000,-1.0000,-1.0000,-1.0000,-1.0000,-1.0000,-1.0000,-1.0000,-1.0000,-1.0000,-1.0000,-1.0000,-1.0000,-1.0000,-1.0000,-1.0000,-1.0000,-1.0000,-1.0000,-1.0000,-1.0000,-1.0000,-1.0000,-1.0000,-1.0000,-1.0000,-1.0000,-1.0000,-1.0000,-1.0000,-1.0000,-1.0000,-1.0000,-1.0000,-1.0000,-1.0000,-1.0000,-1.0000,-1.0000,-1.0000,-1.0000,-1.0000,-1.0000,-1.0000,-1.0000,-1.0000,-1.0000,-1.0000,-1.0000,-1.0000,-1.0000,-1.0000,-1.0000,-1.0000,-1.0000,-1.0000,-1.0000,-1.0000,-1.0000,-1.0000,-1.0000,-1.0000,-1.0000,-1.0000,-1.0000,-1.0000,-1.0000,-1.0000,-1.0000,-1.0000,-1.0000,-1.0000,-1.0000,-1.0000,-1.0000,-1.0000,-1.0000,-1.0000,-1.0000,-1.0000,-1.0000,-1.0000,-1.0000,-1.0000,-1.0000,-1.0000,-1.0000,-1.0000,-1.0000,-1.0000,-1.0000,-1.0000,-1.0000,-1.0000,-1.0000,-1.0000,-1.0000,-1.0000,-1.0000,-1.0000,-1.0000,-1.0000,-1.0000,-1.0000,-1.0000,-1.0000,-1.0000,-1.0000,-1.0000,-1.0000,-1.0000,-1.0000,-1.0000,-1.0000,-1.0000,-1.0000,-1.0000,-1.0000,-1.0000,-1.0000,1.8723,1.8733,1.8243,1.8638,1.8391,1.9139,1.7497,1.7190,1.7922,1.6892,1.7884,1.6803,1.7664,1.7199,1.6713,1.7007,1.7929,1.9453,1.9555,1.9623,1.9548,1.9082,1.9003,1.9702,1.8793,1.9227,1.9364,1.9476,1.9001,1.8637,1.9249,1.9487,1.9700,1.9579,1.9533,1.9530,1.9496,1.9238,1.9374,1.9572,1.5354,1.5741,1.5483,1.5391,1.5780,1.5185,1.4729,1.5814,1.5225,1.4751,1.4808,1.4952,1.5629,1.4756,1.4605,1.5053,1.4748,1.4777,1.5222,1.4604,1.5461,1.5236,1.4966,0,1.0000,2.0308,4.6896,1.9317
23,0.0460,-0.3256,-1.6100,1.0751,2.0308,4.6896,1.5000,0.1110,0.1888,0.0001,1.0273,0.9999,-0.0009,0.0025,0.0099,-0.0264,-0.0169,0.0021,0.0152,-0.0032,-0.0066,0.0372,-0.0002,0.0041,0.0051,-0.0102,0.0004,-0.0523,-0.0051,-0.0108,-0.0013,0.0037,0.0003,0.0015,0.0004,-0.0066,0.0194,0.0123,-0.0175,0.0001,0.0018,-0.0000,-0.0581,0.0071,-0.0102,-0.0448,0.1522,0.7843,-0.6473,-0.6637,0.0492,0.6357,-0.2750,-0.0159,1.2379,-0.1032,0.1570,0.4183,-0.3503,0.0430,-2.6839,-0.4736,-0.5158,-0.3263,0.0810,0.0158,0.0639,0.0239,-0.7859,1.1150,0.8963,0.0049,0.0005,0.0603,-0.0047,-1.0000,-1.0000,-1.0000,-1.0000,-1.0000,-1.0000,-1.0000,-1.0000,-1.0000,-1.0000,-1.0000,-1.0000,-1.0000,-1.0000,-1.0000,-1.0000,-1.0000,-1.0000,-1.0000,-1.0000,-1.0000,-1.0000,-1.0000,-1.0000,-1.0000,-1.0000,-1.0000,-1.0000,-1.0000,-1.0000,-1.0000,-1.0000,-1.0000,-1.0000,-1.0000,-1.0000,-1.0000,-1.0000,-1.0000,-1.0000,-1.0000,-1.0000,-1.0000,-1.0000,-1.0000,-1.0000,-1.0000,-1.0000,-1.0000,-1.0000,-1.0000,-1.0000,-1.0000,-1.0000,-1.0000,-1.0000,-1.0000,-1.0000,-1.0000,-1.0000,-1.0000,-1.0000,-1.0000,-1.0000,-1.0000,-1.0000,-1.0000,-1.0000,-1.0000,-1.0000,-1.0000,-1.0000,-1.0000,-1.0000,-1.0000,-1.0000,-1.0000,-1.0000,-1.0000,-1.0000,-1.0000,-1.0000,-1.0000,-1.0000,-1.0000,-1.0000,-1.0000,-1.0000,-1.0000,-1.0000,-1.0000,-1.0000,-1.0000,-1.0000,-1.0000,-1.0000,-1.0000,-1.0000,-1.0000,-1.0000,-1.0000,-1.0000,-1.0000,-1.0000,-1.0000,-1.0000,-1.0000,-1.0000,-1.0000,-1.0000,-1.0000,-1.0000,-1.0000,-1.0000,-1.0000,-1.0000,-1.0000,-1.0000,-1.0000,-1.0000,-1.0000,1.8723,1.8733,1.8243,1.8638,1.8391,1.9139,1.7497,1.7190,1.7922,1.6892,1.7884,1.6803,1.7664,1.7199,1.6713,1.7007,1.7929,1.9453,1.9555,1.9623,1.9548,1.9082,1.9003,1.9702,1.8793,1.9227,1.9364,1.9476,1.9001,1.8637,1.9249,1.9487,1.9700,1.9579,1.9533,1.9530,1.9496,1.9238,1.9374,1.9572,1.5354,1.5741,1.5483,1.5391,1.5780,1.5185,1.4729,1.5814,1.5225,1.4751,1.4808,1.4952,1.5629,1.4756,1.4605,1.5053,1.4748,1.4777,1.5222,1.4604,1.5461,1.5236,1.4966,0,1.0000,2.0308,4.6896,1.9317
23,0.0460,-0.3256,-1.6100,1.0751,2.0308,4.6896,1.5000,0.1110,0.1888,0.0001,1.0273,0.9999,-0.0009,0.0025,0.0099,-0.0264,-0.0169,0.0021,0.0152,-0.0032,-0.0066,0.0372,-0.0002,0.0041,0.0051,-0.0102,0.0004,-0.0523,-0.0051,-0.0108,-0.0013,0.0037,0.0003,0.0015,0.0004,-0.0066,0.0194,0.0123,-0.0175,0.0001,0.0018,-0.0000,-0.0581,0.0071,-0.0102,-0.0448,0.1522,0.7843,-0.6473,-0.6637,0.0492,0.6357,-0.2750,-0.0159,1.2379,-0.1032,0.1570,0.4183,-0.3503,0.0430,-2.6839,-0.4736,-0.5158,-0.3263,0.0810,0.0158,0.0639,0.0239,-0.7859,1.1150,0.8963,0.0049,0.0005,0.0603,-0.0047,-1.0000,-1.0000,-1.0000,-1.0000,-1.0000,-1.0000,-1.0000,-1.0000,-1.0000,-1.0000,-1.0000,-1.0000,-1.0000,-1.0000,-1.0000,-1.0000,-1.0000,-1.0000,-1.0000,-1.0000,-1.0000,-1.0000,-1.0000,-1.0000,-1.0000,-1.0000,-1.0000,-1.0000,-1.0000,-1.0000,-1.0000,-1.0000,-1.0000,-1.0000,-1.0000,-1.0000,-1.0000,-1.0000,-1.0000,-1.0000,-1.0000,-1.0000,-1.0000,-1.0000,-1.0000,-1.0000,-1.0000,-1.0000,-1.0000,-1.0000,-1.0000,-1.0000,-1.0000,-1.0000,-1.0000,-1.0000,-1.0000,-1.0000,-1.0000,-1.0000,-1.0000,-1.0000,-1.0000,-1.0000,-1.0000,-1.0000,-1.0000,-1.0000,-1.0000,-1.0000,-1.0000,-1.0000,-1.0000,-1.0000,-1.0000,-1.0000,-1.0000,-1.0000,-1.0000,-1.0000,-1.0000,-1.0000,-1.0000,-1.0000,-1.0000,-1.0000,-1.0000,-1.0000,-1.0000,-1.0000,-1.0000,-1.0000,-1.0000,-1.0000,-1.0000,-1.0000,-1.0000,-1.0000,-1.0000,-1.0000,-1.0000,-1.0000,-1.0000,-1.0000,-1.0000,-1.0000,-1.0000,-1.0000,-1.0000,-1.0000,-1.0000,-1.0000,-1.0000,-1.0000,-1.0000,-1.0000,-1.0000,-1.0000,-1.0000,-1.0000,-1.0000,1.8723,1.8733,1.8243,1.8638,1.8391,1.9139,1.7497,1.7190,1.7922,1.6892,1.7884,1.6803,1.7664,1.7199,1.6713,1.7007,1.7929,1.9453,1.9555,1.9623,1.9548,1.9082,1.9003,1.9702,1.8793,1.9227,1.9364,1.9476,1.9001,1.8637,1.9249,1.9487,1.9700,1.9579,1.9533,1.9530,1.9496,1.9238,1.9374,1.9572,1.5354,1.5741,1.5483,1.5391,1.5780,1.5185,1.4729,1.5814,1.5225,1.4751,1.4808,1.4952,1.5629,1.4756,1.4605,1.5053,1.4748,1.4777,1.5222,1.4604,1.5461,1.5236,1.4966,0,1.0000,2.0308,4.6896,1.9317
23,0.0460,-0.3256,-1.6100,1.0751,2.0308,4.6896,1.5000,0.1110,0.1888,0.0001,1.0273,0.9999,-0.0009,0.0025,0.0099,-0.0264,-0.0169,0.0021,0.0152,-0.0032,-0.0066,0.0372,-0.0002,0.0041,0.0051,-0.0102,0.0004,-0.0523,-0.0051,-0.0108,-0.0013,0.0037,0.0003,0.0015,0.0004,-0.0066,0.0194,0.0123,-0.0175,0.0001,0.0018,-0.0000,-0.0581,0.0071,-0.0102,-0.0448,0.1522,0.7843,-0.6473,-0.6637,0.0492,0.6357,-0.2750,-0.0159,1.2379,-0.1032,0.1570,0.4183,-0.3503,0.0430,-2.6839,-0.4736,-0.5158,-0.3263,0.0810,0.0158,0.0639,0.0239,-0.7859,1.1150,0.8963,0.0049,0.0005,0.0603,-0.0047,-1.0000,-1.0000,-1.0000,-1.0000,-1.0000,-1.0000,-1.0000,-1.0000,-1.0000,-1.0000,-1.0000,-1.0000,-1.0000,-1.0000,-1.0000,-1.0000,-1.0000,-1.0000,-1.0000,-1.0000,-1.0000,-1.0000,-1.0000,-1.0000,-1.0000,-1.0000,-1.0000,-1.0000,-1.0000,-1.0000,-1.0000,-1.0000,-1.0000,-1.0000,-1.0000,-1.0000,-1.0000,-1.0000,-1.0000,-1.0000,-1.0000,-1.0000,-1.0000,-1.0000,-1.0000,-1.0000,-1.0000,-1.0000,-1.0000,-1.0000,-1.0000,-1.0000,-1.0000,-1.0000,-1.0000,-1.0000,-1.0000,-1.0000,-1.0000,-1.0000,-1.0000,-1.0000,-1.0000,-1.0000,-1.0000,-1.0000,-1.0000,-1.0000,-1.0000,-1.0000,-1.0000,-1.0000,-1.0000,-1.0000,-1.0000,-1.0000,-1.0000,-1.0000,-1.0000,-1.0000,-1.0000,-1.0000,-1.0000,-1.0000,-1.0000,-1.0000,-1.0000,-1.0000,-1.0000,-1.0000,-1.0000,-1.0000,-1.0000,-1.0000,-1.0000,-1.0000,-1.0000,-1.0000,-1.0000,-1.0000,-1.0000,-1.0000,-1.0000,-1.0000,-1.0000,-1.0000,-1.0000,-1.0000,-1.0000,-1.0000,-1.0000,-1.0000,-1.0000,-1.0000,-1.0000,-1.0000,-1.0000,-1.0000,-1.0000,-1.0000,-1.0000,1.8723,1.8733,1.8243,1.8638,1.8391,1.9139,1.7497,1.7190,1.7922,1.6892,1.7884,1.6803,1.7664,1.7199,1.6713,1.7007,1.7929,1.9453,1.9555,1.9623,1.9548,1.9082,1.9003,1.9702,1.8793,1.9227,1.9364,1.9476,1.9001,1.8637,1.9249,1.9487,1.9700,1.9579,1.9533,1.9530,1.9496,1.9238,1.9374,1.9572,1.5354,1.5741,1.5483,1.5391,1.5780,1.5185,1.4729,1.5814,1.5225,1.4751,1.4808,1.4952,1.5629,1.4756,1.4605,1.5053,1.4748,1.4777,1.5222,1.4604,1.5461,1.5236,1.4966,0,1.0000,2.0308,4.6896,1.9317
24,0.0480,-0.3215,-1.6006,1.0780,2.0308,4.6896,1.4804,0.1110,0.1886,0.0001,1.0272,0.9999,-0.0009,0.0026,0.0106,-0.0275,-0.0182,0.0022,0.0164,-0.0037,-0.0062,0.0394,-0.0005,0.0044,0.0060,-0.0111,0.0002,-0.0577,-0.0061,-0.0119,-0.0020,0.0038,0.0003,0.0016,0.0005,-0.0083,0.0217,0.0143,-0.0169,0.0001,0.0019,-0.0001,-0.0604,0.0086,-0.0099,-0.0535,0.1571,0.7096,-0.5687,-0.6572,0.0480,0.6169,-0.2499,0.2140,1.1182,-0.1613,0.1458,0.4551,-0.4148,-0.0756,-2.7045,-0.5100,-0.5450,-0.3510,0.0676,0.0166,0.0655,0.0249,-0.8749,1.1301,0.9998,0.2933,0.0002,0.0533,-0.0051,-1.0000,-1.0000,-1.0000,-1.0000,-1.0000,-1.0000,-1.0000,-1.0000,-1.0000,-1.0000,-1.0000,-1.0000,-1.0000,-1.0000,-1.0000,-1.0000,-1.0000,-1.0000,-1.0000,-1.0000,-1.0000,-1.0000,-1.0000,-1.0000,-1.0000,-1.0000,-1.0000,-1.0000,-1.0000,-1.0000,-1.0000,-1.0000,-1.0000,-1.0000,-1.0000,-1.0000,-1.0000,-1.0000,-1.0000,-1.0000,-1.0000,-1.0000,-1.0000,-1.0000,-1.0000,-1.0000,-1.0000,-1.0000,-1.0000,-1.0000,-1.0000,-1.0000,-1.0000,-1.0000,-1.0000,-1.0000,-1.0000,-1.0000,-1.0000,-1.0000,-1.0000,-1.0000,-1.0000,-1.0000,-1.0000,-1.0000,-1.0000,-1.0000,-1.0000,-1.0000,-1.0000,-1.0000,-1.0000,-1.0000,-1.0000,-1.0000,-1.0000,-1.0000,-1.0000,-1.0000,-1.0000,-1.0000,-1.0000,-1.0000,-1.0000,-1.0000,-1.0000,-1.0000,-1.0000,-1.0000,-1.0000,-1.0000,-1.0000,-1.0000,-1.0000,-1.0000,-1.0000,-1.0000,-1.0000,-1.0000,-1.0000,-1.0000,-1.0000,-1.0000,-1.0000,-1.0000,-1.0000,-1.0000,-1.0000,-1.0000,-1.0000,-1.0000,-1.0000,-1.0000,-1.0000,-1.0000,-1.0000,-1.0000,-1.0000,-1.0000,-1.0000,1.8616,1.8624,1.8137,1.8533,1.8282,1.9033,1.7397,1.7082,1.7814,1.6791,1.7777,1.6696,1.7564,1.7091,1.6612,1.6905,1.7822,1.9347,1.9450,1.9518,1.9443,1.8977,1.8902,1.9600,1.8688,1.9122,1.9263,1.9373,1.8901,1.8534,1.9147,1.9385,1.9593,1.9475,1.9429,1.9422,1.9393,1.9130,1.9268,1.9466,1.5248,1.5631,1.5374,1.5283,1.5673,1.5083,1.4624,1.5709,1.5124,1.4649,1.4706,1.4851,1.5527,1.4656,1.4508,1.4954,1.4649,1.4681,1.5121,1.4506,1.5361,1.5139,1.4869,0,1.0000,2.0308,4.6896,1.9317
24,0.0480,-0.3215,-1.6006,1.0780,2.0308,4.6896,1.4804,0.1110,0.1886,0.0001,1.0272,0.9999,-0.0009,0.0026,0.0106,-0.0275,-0.0182,0.0022,0.0164,-0.0037,-0.0062,0.0394,-0.0005,0.0044,0.0060,-0.0111,0.0002,-0.0577,-0.0061,-0.0119,-0.0020,0.0038,0.0003,0.0016,0.0005,-0.0083,0.0217,0.0143,-0.0169,0.0001,0.0019,-0.0001,-0.0604,0.0086,-0.0099,-0.0535,0.1571,0.7096,-0.5687,-0.6572,0.0480,0.6169,-0.2499,0.2140,1.1182,-0.1613,0.1458,0.4551,-0.4148,-0.0756,-2.7045,-0.5100,-0.5450,-0.3510,0.0676,0.0166,0.0655,0.0249,-0.8749,1.1301,0.9998,0.2933,0.0002,0.0533,-0.0051,-1.0000,-1.0000,-1.0000,-1.0000,-1.0000,-1.0000,-1.0000,-1.0000,-1.0000,-1.0000,-1.0000,-1.0000,-1.0000,-1.0000,-1.0000,-1.0000,-1.0000,-1.0000,-1.0000,-1.0000,-1.0000,-1.0000,-1.0000,-1.0000,-1.0000,-1.0000,-1.0000,-1.0000,-1.0000,-1.0000,-1.0000,-1.0000,-1.0000,-1.0000,-1.0000,-1.0000,-1.0000,-1.0000,-1.0000,-1.0000,-1.0000,-1.0000,-1.0000,-1.0000,-1.0000,-1.0000,-1.0000,-1.0000,-1.0000,-1.0000,-1.0000,-1.0000,-1.0000,-1.0000,-1.0000,-1.0000,-1.0000,-1.0000,-1.0000,-1.0000,-1.0000,-1.0000,-1.0000,-1.0000,-1.0000,-1.0000,-1.0000,-1.0000,-1.0000,-1.0000,-1.0000,-1.0000,-1.0000,-1.0000,-1.0000,-1.0000,-1.0000,-1.0000,-1.0000,-1.0000,-1.0000,-1.0000,-1.0000,-1.0000,-1.0000,-1.0000,-1.0000,-1.0000,-1.0000,-1.0000,-1.0000,-1.0000,-1.0000,-1.0000,-1.0000,-1.0000,-1.0000,-1.0000,-1.0000,-1.0000,-1.0000,-1.0000,-1.0000,-1.0000,-1.0000,-1.0000,-1.0000,-1.0000,-1.0000,-1.0000,-1.0000,-1.0000,-1.0000,-1.0000,-1.0000,-1.0000,-1.0000,-1.0000,-1.0000,-1.0000,-1.0000,1.8616,1.8624,1.8137,1.8533,1.8282,1.9033,1.7397,1.7082,1.7814,1.6791,1.7777,1.6696,1.7564,1.7091,1.6612,1.6905,1.7822,1.9347,1.9450,1.9518,1.9443,1.8977,1.8902,1.9600,1.8688,1.9122,1.9263,1.9373,1.8901,1.8534,1.9147,1.9385,1.9593,1.9475,1.9429,1.9422,1.9393,1.9130,1.9268,1.9466,1.5248,1.5631,1.5374,1.5283,1.5673,1.5083,1.4624,1.5709,1.5124,1.4649,1.4706,1.4851,1.5527,1.4656,1.4508,1.4954,1.4649,1.4681,1.5121,1.4506,1.5361,1.5139,1.4869,0,1.0000,2.0308,4.6896,1.9317
24,0.0480,-0.3215,-1.6006,1.0780,2.0308,4.6896,1.4804,0.1110,0.1886,0.0001,1.0272,0.9999,-0.0009,0.0026,0.0106,-0.0275,-0.0182,0.0022,0.0164,-0.0037,-0.0062,0.0394,-0.0005,0.0044,0.0060,-0.0111,0.0002,-0.0577,-0.0061,-0.0119,-0.0020,0.0038,0.0003,0.0016,0.0005,-0.0083,0.0217,0.0143,-0.0169,0.0001,0.0019,-0.0001,-0.0604,0.0086,-0.0099,-0.0535,0.1571,0.7096,-0.5687,-0.6572,0.0480,0.6169,-0.2499,0.2140,1.1182,-0.1613,0.1458,0.4551,-0.4148,-0.0756,-2.7045,-0.5100,-0.5450,-0.3510,0.0676,0.0166,0.0655,0.0249,-0.8749,1.1301,0.9998,0.2933,0.0002,0.0533,-0.0051,-1.0000,-1.0000,-1.0000,-1.0000,-1.0000,-1.0000,-1.0000,-1.0000,-1.0000,-1.0000,-1.0000,-1.0000,-1.0000,-1.0000,-1.0000,-1.0000,-1.0000,-1.0000,-1.0000,-1.0000,-1.0000,-1.0000,-1.0000,-1.0000,-1.0000,-1.0000,-1.0000,-1.0000,-1.0000,-1.0000,-1.0000,-1.0000,-1.0000,-1.0000,-1.0000,-1.0000,-1.0000,-1.0000,-1.0000,-1.0000,-1.0000,-1.0000,-1.0000,-1.0000,-1.0000,-1.0000,-1.0000,-1.0000,-1.0000,-1.0000,-1.0000,-1.0000,-1.0000,-1.0000,-1.0000,-1.0000,-1.0000,-1.0000,-1.0000,-1.0000,-1.0000,-1.0000,-1.0000,-1.0000,-1.0000,-1.0000,-1.0000,-1.0000,-1.0000,-1.0000,-1.0000,-1.0000,-1.0000,-1.0000,-1.0000,-1.0000,-1.0000,-1.0000,-1.0000,-1.0000,-1.0000,-1.0000,-1.0000,-1.0000,-1.0000,-1.0000,-1.0000,-1.0000,-1.0000,-1.0000,-1.0000,-1.0000,-1.0000,-1.0000,-1.0000,-1.0000,-1.0000,-1.0000,-1.0000,-1.0000,-1.0000,-1.0000,-1.0000,-1.0000,-1.0000,-1.0000,-1.0000,-1.0000,-1.0000,-1.0000,-1.0000,-1.0000,-1.0000,-1.0000,-1.0000,-1.0000,-1.0000,-1.0000,-1.0000,-1.0000,-1.0000,1.8616,1.8624,1.8137,1.8533,1.8282,1.9033,1.7397,1.7082,1.7814,1.6791,1.7777,1.6696,1.7564,1.7091,1.6612,1.6905,1.7822,1.9347,1.9450,1.9518,1.9443,1.8977,1.8902,1.9600,1.8688,1.9122,1.9263,1.9373,1.8901,1.8534,1.9147,1.9385,1.9593,1.9475,1.9429,1.9422,1.9393,1.9130,1.9268,1.9466,1.5248,1.5631,1.5374,1.5283,1.5673,1.5083,1.4624,1.5709,1.5124,1.4649,1.4706,1.4851,1.5527,1.4656,1.4508,1.4954,1.4649,1.4681,1.5121,1.4506,1.5361,1.5139,1.4869,0,1.0000,2.0308,4.6896,1.9317
24,0.0480,-0.3215,-1.6006,1.0780,2.0308,4.6896,1.4804,0.1110,0.1886,0.0001,1.0272,0.9999,-0.0009,0.0026,0.0106,-0.0275,-0.0182,0.0022,0.0164,-0.0037,-0.0062,0.0394,-0.0005,0.0044,0.0060,-0.0111,0.0002,-0.0577,-0.0061,-0.0119,-0.0020,0.0038,0.0003,0.0016,0.0005,-0.0083,0.0217,0.0143,-0.0169,0.0001,0.0019,-0.0001,-0.0604,0.0086,-0.0099,-0.0535,0.1571,0.7096,-0.5687,-0.6572,0.0480,0.6169,-0.2499,0.2140,1.1182,-0.1613,0.1458,0.4551,-0.4148,-0.0756,-2.7045,-0.5100,-0.5450,-0.3510,0.0676,0.0166,0.0655,0.0249,-0.8749,1.1301,0.9998,0.2933,0.0002,0.0533,-0.0051,-1.0000,-1.0000,-1.0000,-1.0000,-1.0000,-1.0000,-1.0000,-1.0000,-1.0000,-1.0000,-1.0000,-1.0000,-1.0000,-1.0000,-1.0000,-1.0000,-1.0000,-1.0000,-1.0000,-1.0000,-1.0000,-1.0000,-1.0000,-1.0000,-1.0000,-1.0000,-1.0000,-1.0000,-1.0000,-1.0000,-1.0000,-1.0000,-1.0000,-1.0000,-1.0000,-1.0000,-1.0000,-1.0000,-1.0000,-1.0000,-1.0000,-1.0000,-1.0000,-1.0000,-1.0000,-1.0000,-1.0000,-1.0000,-1.0000,-1.0000,-1.0000,-1.0000,-1.0000,-1.0000,-1.0000,-1.0000,-1.0000,-1.0000,-1.0000,-1.0000,-1.0000,-1.0000,-1.0000,-1.0000,-1.0000,-1.0000,-1.0000,-1.0000,-1.0000,-1.0000,-1.0000,-1.0000,-1.0000,-1.0000,-1.0000,-1.0000,-1.0000,-1.0000,-1.0000,-1.0000,-1.0000,-1.0000,-1.0000,-1.0000,-1.0000,-1.0000,-1.0000,-1.0000,-1.0000,-1.0000,-1.0000,-1.0000,-1.0000,-1.0000,-1.0000,-1.0000,-1.0000,-1.0000,-1.0000,-1.0000,-1.0000,-1.0000,-1.0000,-1.0000,-1.0000,-1.0000,-1.0000,-1.0000,-1.0000,-1.0000,-1.0000,-1.0000,-1.0000,-1.0000,-1.0000,-1.0000,-1.0000,-1.0000,-1.0000,-1.0000,-1.0000,1.8616,1.8624,1.8137,1.8533,1.8282,1.9033,1.7397,1.7082,1.7814,1.6791,1.7777,1.6696,1.7564,1.7091,1.6612,1.6905,1.7822,1.9347,1.9450,1.9518,1.9443,1.8977,1.8902,1.9600,1.8688,1.9122,1.9263,1.9373,1.8901,1.8534,1.9147,1.9385,1.9593,1.9475,1.9429,1.9422,1.9393,1.9130,1.9268,1.9466,1.5248,1.5631,1.5374,1.5283,1.5673,1.5083,1.4624,1.5709,1.5124,1.4649,1.4706,1.4851,1.5527,1.4656,1.4508,1.4954,1.4649,1.4681,1.5121,1.4506,1.5361,1.5139,1.4869,0,1.0000,2.0308,4.6896,1.9317
24,0.0480,-0.3215,-1.6006,1.0780,2.0308,4.6896,1.4804,0.1110,0.1886,0.0001,1.0272,0.9999,-0.0009,0.0026,0.0106,-0.0275,-0.0182,0.0022,0.0164,-0.0037,-0.0062,0.0394,-0.0005,0.0044,0.0060,-0.0111,0.0002,-0.0577,-0.0061,-0.0119,-0.0020,0.0038,0.0003,0.0016,0.0005,-0.0083,0.0217,0.0143,-0.0169,0.0001,0.0019,-0.0001,-0.0604,0.0086,-0.0099,-0.0535,0.1571,0.7096,-0.5687,-0.6572,0.0480,0.6169,-0.2499,0.2140,1.1182,-0.1613,0.1458,0.4551,-0.4148,-0.0756,-2.7045,-0.5100,-0.5450,-0.3510,0.0676,0.0166,0.0655,0.0249,-0.8749,1.1301,0.9998,0.2933,0.0002,0.0533,-0.0051,-1.0000,-1.0000,-1.0000,-1.0000,-1.0000,-1.0000,-1.0000,-1.0000,-1.0000,-1.0000,-1.0000,-1.0000,-1.0000,-1.0000,-1.0000,-1.0000,-1.0000,-1.0000,-1.0000,-1.0000,-1.0000,-1.0000,-1.0000,-1.0000,-1.0000,-1.0000,-1.0000,-1.0000,-1.0000,-1.0000,-1.0000,-1.0000,-1.0000,-1.0000,-1.0000,-1.0000,-1.0000,-1.0000,-1.0000,-1.0000,-1.0000,-1.0000,-1.0000,-1.0000,-1.0000,-1.0000,-1.0000,-1.0000,-1.0000,-1.0000,-1.0000,-1.0000,-1.0000,-1.0000,-1.0000,-1.0000,-1.0000,-1.0000,-1.0000,-1.0000,-1.0000,-1.0000,-1.0000,-1.0000,-1.0000,-1.0000,-1.0000,-1.0000,-1.0000,-1.0000,-1.0000,-1.0000,-1.0000,-1.0000,-1.0000,-1.0000,-1.0000,-1.0000,-1.0000,-1.0000,-1.0000,-1.0000,-1.0000,-1.0000,-1.0000,-1.0000,-1.0000,-1.0000,-1.0000,-1.0000,-1.0000,-1.0000,-1.0000,-1.0000,-1.0000,-1.0000,-1.0000,-1.0000,-1.0000,-1.0000,-1.0000,-1.0000,-1.0000,-1.0000,-1.0000,-1.0000,-1.0000,-1.0000,-1.0000,-1.0000,-1.0000,-1.0000,-1.0000,-1.0000,-1.0000,-1.0000,-1.0000,-1.0000,-1.0000,-1.0000,-1.0000,1.8616,1.8624,1.8137,1.8533,1.8282,1.9033,1.7397,1.7082,1.7814,1.6791,1.7777,1.6696,1.7564,1.7091,1.6612,1.6905,1.7822,1.9347,1.9450,1.9518,1.9443,1.8977,1.8902,1.9600,1.8688,1.9122,1.9263,1.9373,1.8901,1.8534,1.9147,1.9385,1.9593,1.9475,1.9429,1.9422,1.9393,1.9130,1.9268,1.9466,1.5248,1.5631,1.5374,1.5283,1.5673,1.5083,1.4624,1.5709,1.5124,1.4649,1.4706,1.4851,1.5527,1.4656,1.4508,1.4954,1.4649,1.4681,1.5121,1.4506,1.5361,1.5139,1.4869,0,1.0000,2.0308,4.6896,1.9317
24,0.0480,-0.3215,-1.6006,1.0780,2.0308,4.6896,1.4804,0.1110,0.1886,0.0001,1.0272,0.9999,-0.0009,0.0026,0.0106,-0.0275,-0.0182,0.0022,0.0164,-0.0037,-0.0062,0.0394,-0.0005,0.0044,0.0060,-0.0111,0.0002,-0.0577,-0.0061,-0.0119,-0.0020,0.0038,0.0003,0.0016,0.0005,-0.0083,0.0217,0.0143,-0.0169,0.0001,0.0019,-0.0001,-0.0604,0.0086,-0.0099,-0.0535,0.1571,0.7096,-0.5687,-0.6572,0.0480,0.6169,-0.2499,0.2140,1.1182,-0.1613,0.1458,0.4551,-0.4148,-0.0756,-2.7045,-0.5100,-0.5450,-0.3510,0.0676,0.0166,0.0655,0.0249,-0.8749,1.1301,0.9998,0.2933,0.0002,0.0533,-0.0051,-1.0000,-1.0000,-1.0000,-1.0000,-1.0000,-1.0000,-1.0000,-1.0000,-1.0000,-1.0000,-1.0000,-1.0000,-1.0000,-1.0000,-1.0000,-1.0000,-1.0000,-1.0000,-1.0000,-1.0000,-1.0000,-1.0000,-1.0000,-1.0000,-1.0000,-1.0000,-1.0000,-1.0000,-1.0000,-1.0000,-1.0000,-1.0000,-1.0000,-1.0000,-1.0000,-1.0000,-1.0000,-1.0000,-1.0000,-1.0000,-1.0000,-1.0000,-1.0000,-1.0000,-1.0000,-1.0000,-1.0000,-1.0000,-1.0000,-1.0000,-1.0000,-1.0000,-1.0000,-1.0000,-1.0000,-1.0000,-1.0000,-1.0000,-1.0000,-1.0000,-1.0000,-1.0000,-1.0000,-1.0000,-1.0000,-1.0000,-1.0000,-1.0000,-1.0000,-1.0000,-1.0000,-1.0000,-1.0000,-1.0000,-1.0000,-1.0000,-1.0000,-1.0000,-1.0000,-1.0000,-1.0000,-1.0000,-1.0000,-1.0000,-1.0000,-1.0000,-1.0000,-1.0000,-1.0000,-1.0000,-1.0000,-1.0000,-1.0000,-1.0000,-1.0000,-1.0000,-1.0000,-1.0000,-1.0000,-1.0000,-1.0000,-1.0000,-1.0000,-1.0000,-1.0000,-1.0000,-1.0000,-1.0000,-1.0000,-1.0000,-1.0000,-1.0000,-1.0000,-1.0000,-1.0000,-1.0000,-1.0000,-1.0000,-1.0000,-1.0000,-1.0000,1.8616,1.8624,1.8137,1.8533,1.8282,1.9033,1.7397,1.7082,1.7814,1.6791,1.7777,1.6696,1.7564,1.7091,1.6612,1.6905,1.7822,1.9347,1.9450,1.9518,1.9443,1.8977,1.8902,1.9600,1.8688,1.9122,1.9263,1.9373,1.8901,1.8534,1.9147,1.9385,1.9593,1.9475,1.9429,1.9422,1.9393,1.9130,1.9268,1.9466,1.5248,1.5631,1.5374,1.5283,1.5673,1.5083,1.4624,1.5709,1.5124,1.4649,1.4706,1.4851,1.5527,1.4656,1.4508,1.4954,1.4649,1.4681,1.5121,1.4506,1.5361,1.5139,1.4869,0,1.0000,2.0308,4.6896,1.9317
24,0.0480,-0.3215,-1.6006,1.0780,2.0308,4.6896,1.4804,0.1110,0.1886,0.0001,1.0272,0.9999,-0.0009,0.0026,0.0106,-0.0275,-0.0182,0.0022,0.0164,-0.0037,-0.0062,0.0394,-0.0005,0.0044,0.0060,-0.0111,0.0002,-0.0577,-0.0061,-0.0119,-0.0020,0.0038,0.0003,0.0016,0.0005,-0.0083,0.0217,0.0143,-0.0169,0.0001,0.0019,-0.0001,-0.0604,0.0086,-0.0099,-0.0535,0.1571,0.7096,-0.5687,-0.6572,0.0480,0.6169,-0.2499,0.2140,1.1182,-0.1613,0.1458,0.4551,-0.4148,-0.0756,-2.7045,-0.5100,-0.5450,-0.3510,0.0676,0.0166,0.0655,0.0249,-0.8749,1.1301,0.9998,0.2933,0.0002,0.0533,-0.0051,-1.0000,-1.0000,-1.0000,-1.0000,-1.0000,-1.0000,-1.0000,-1.0000,-1.0000,-1.0000,-1.0000,-1.0000,-1.0000,-1.0000,-1.0000,-1.0000,-1.0000,-1.0000,-1.0000,-1.0000,-1.0000,-1.0000,-1.0000,-1.0000,-1.0000,-1.0000,-1.0000,-1.0000,-1.0000,-1.0000,-1.0000,-1.0000,-1.0000,-1.0000,-1.0000,-1.0000,-1.0000,-1.0000,-1.0000,-1.0000,-1.0000,-1.0000,-1.0000,-1.0000,-1.0000,-1.0000,-1.0000,-1.0000,-1.0000,-1.0000,-1.0000,-1.0000,-1.0000,-1.0000,-1.0000,-1.0000,-1.0000,-1.0000,-1.0000,-1.0000,-1.0000,-1.0000,-1.0000,-1.0000,-1.0000,-1.0000,-1.0000,-1.0000,-1.0000,-1.0000,-1.0000,-1.0000,-1.0000,-1.0000,-1.0000,-1.0000,-1.0000,-1.0000,-1.0000,-1.0000,-1.0000,-1.0000,-1.0000,-1.0000,-1.0000,-1.0000,-1.0000,-1.0000,-1.0000,-1.0000,-1.0000,-1.0000,-1.0000,-1.0000,-1.0000,-1.0000,-1.0000,-1.0000,-1.0000,-1.0000,-1.0000,-1.0000,-1.0000,-1.0000,-1.0000,-1.0000,-1.0000,-1.0000,-1.0000,-1.0000,-1.0000,-1.0000,-1.0000,-1.0000,-1.0000,-1.0000,-1.0000,-1.0000,-1.0000,-1.0000,-1.0000,1.8616,1.8624,1.8137,1.8533,1.8282,1.9033,1.7397,1.7082,1.7814,1.6791,1.7777,1.6696,1.7564,1.7091,1.6612,1.6905,1.7822,1.9347,1.9450,1.9518,1.9443,1.8977,1.8902,1.9600,1.8688,1.9122,1.9263,1.9373,1.8901,1.8534,1.9147,1.9385,1.9593,1.9475,1.9429,1.9422,1.9393,1.9130,1.9268,1.9466,1.5248,1.5631,1.5374,1.5283,1.5673,1.5083,1.4624,1.5709,1.5124,1.4649,1.4706,1.4851,1.5527,1.4656,1.4508,1.4954,1.4649,1.4681,1.5121,1.4506,1.5361,1.5139,1.4869,0,1.0000,2.0308,4.6896,1.9317
24,0.0480,-0.3215,-1.6006,1.0780,2.0308,4.6896,1.4804,0.1110,0.1886,0.0001,1.0272,0.9999,-0.0009,0.0026,0.0106,-0.0275,-0.0182,0.0022,0.0164,-0.0037,-0.0062,0.0394,-0.0005,0.0044,0.0060,-0.0111,0.0002,-0.0577,-0.0061,-0.0119,-0.0020,0.0038,0.0003,0.0016,0.0005,-0.0083,0.0217,0.0143,-0.0169,0.0001,0.0019,-0.0001,-0.0604,0.0086,-0.0099,-0.0535,0.1571,0.7096,-0.5687,-0.6572,0.0480,0.6169,-0.2499,0.2140,1.1182,-0.1613,0.1458,0.4551,-0.4148,-0.0756,-2.7045,-0.5100,-0.5450,-0.3510,0.0676,0.0166,0.0655,0.0249,-0.8749,1.1301,0.9998,0.2933,0.0002,0.0533,-0.0051,-1.0000,-1.0000,-1.0000,-1.0000,-1.0000,-1.0000,-1.0000,-1.0000,-1.0000,-1.0000,-1.0000,-1.0000,-1.0000,-1.0000,-1.0000,-1.0000,-1.0000,-1.0000,-1.0000,-1.0000,-1.0000,-1.0000,-1.0000,-1.0000,-1.0000,-1.0000,-1.0000,-1.0000,-1.0000,-1.0000,-1.0000,-1.0000,-1.0000,-1.0000,-1.0000,-1.0000,-1.0000,-1.0000,-1.0000,-1.0000,-1.0000,-1.0000,-1.0000,-1.0000,-1.0000,-1.0000,-1.0000,-1.0000,-1.0000,-1.0000,-1.0000,-1.0000,-1.0000,-1.0000,-1.0000,-1.0000,-1.0000,-1.0000,-1.0000,-1.0000,-1.0000,-1.0000,-1.0000,-1.0000,-1.0000,-1.0000,-1.0000,-1.0000,-1.0000,-1.0000,-1.0000,-1.0000,-1.0000,-1.0000,-1.0000,-1.0000,-1.0000,-1.0000,-1.0000,-1.0000,-1.0000,-1.0000,-1.0000,-1.0000,-1.0000,-1.0000,-1.0000,-1.0000,-1.0000,-1.0000,-1.0000,-1.0000,-1.0000,-1.0000,-1.0000,-1.0000,-1.0000,-1.0000,-1.0000,-1.0000,-1.0000,-1.0000,-1.0000,-1.0000,-1.0000,-1.0000,-1.0000,-1.0000,-1.0000,-1.0000,-1.0000,-1.0000,-1.0000,-1.0000,-1.0000,-1.0000,-1.0000,-1.0000,-1.0000,-1.0000,-1.0000,1.8616,1.8624,1.8137,1.8533,1.8282,1.9033,1.7397,1.7082,1.7814,1.6791,1.7777,1.6696,1.7564,1.7091,1.6612,1.6905,1.7822,1.9347,1.9450,1.9518,1.9443,1.8977,1.8902,1.9600,1.8688,1.9122,1.9263,1.9373,1.8901,1.8534,1.9147,1.9385,1.9593,1.9475,1.9429,1.9422,1.9393,1.9130,1.9268,1.9466,1.5248,1.5631,1.5374,1.5283,1.5673,1.5083,1.4624,1.5709,1.5124,1.4649,1.4706,1.4851,1.5527,1.4656,1.4508,1.4954,1.4649,1.4681,1.5121,1.4506,1.5361,1.5139,1.4869,0,1.0000,2.0308,4.6896,1.9317
24,0.0480,-0.3215,-1.6006,1.0780,2.0308,4.6896,1.4804,0.1110,0.1886,0.0001,1.0272,0.9999,-0.0009,0.0026,0.0106,-0.0275,-0.0182,0.0022,0.0164,-0.0037,-0.0062,0.0394,-0.0005,0.0044,0.0060,-0.0111,0.0002,-0.0577,-0.0061,-0.0119,-0.0020,0.0038,0.0003,0.0016,0.0005,-0.0083,0.0217,0.0143,-0.0169,0.0001,0.0019,-0.0001,-0.0604,0.0086,-0.0099,-0.0535,0.1571,0.7096,-0.5687,-0.6572,0.0480,0.6169,-0.2499,0.2140,1.1182,-0.1613,0.1458,0.4551,-0.4148,-0.0756,-2.7045,-0.5100,-0.5450,-0.3510,0.0676,0.0166,0.0655,0.0249,-0.8749,1.1301,0.9998,0.2933,0.0002,0.0533,-0.0051,-1.0000,-1.0000,-1.0000,-1.0000,-1.0000,-1.0000,-1.0000,-1.0000,-1.0000,-1.0000,-1.0000,-1.0000,-1.0000,-1.0000,-1.0000,-1.0000,-1.0000,-1.0000,-1.0000,-1.0000,-1.0000,-1.0000,-1.0000,-1.0000,-1.0000,-1.0000,-1.0000,-1.0000,-1.0000,-1.0000,-1.0000,-1.0000,-1.0000,-1.0000,-1.0000,-1.0000,-1.0000,-1.0000,-1.0000,-1.0000,-1.0000,-1.0000,-1.0000,-1.0000,-1.0000,-1.0000,-1.0000,-1.0000,-1.0000,-1.0000,-1.0000,-1.0000,-1.0000,-1.0000,-1.0000,-1.0000,-1.0000,-1.0000,-1.0000,-1.0000,-1.0000,-1.0000,-1.0000,-1.0000,-1.0000,-1.0000,-1.0000,-1.0000,-1.0000,-1.0000,-1.0000,-1.0000,-1.0000,-1.0000,-1.0000,-1.0000,-1.0000,-1.0000,-1.0000,-1.0000,-1.0000,-1.0000,-1.0000,-1.0000,-1.0000,-1.0000,-1.0000,-1.0000,-1.0000,-1.0000,-1.0000,-1.0000,-1.0000,-1.0000,-1.0000,-1.0000,-1.0000,-1.0000,-1.0000,-1.0000,-1.0000,-1.0000,-1.0000,-1.0000,-1.0000,-1.0000,-1.0000,-1.0000,-1.0000,-1.0000,-1.0000,-1.0000,-1.0000,-1.0000,-1.0000,-1.0000,-1.0000,-1.0000,-1.0000,-1.0000,-1.0000,1.8616,1.8624,1.8137,1.8533,1.8282,1.9033,1.7397,1.7082,1.7814,1.6791,1.7777,1.6696,1.7564,1.7091,1.6612,1.6905,1.7822,1.9347,1.9450,1.9518,1.9443,1.8977,1.8902,1.9600,1.8688,1.9122,1.9263,1.9373,1.8901,1.8534,1.9147,1.9385,1.9593,1.9475,1.9429,1.9422,1.9393,1.9130,1.9268,1.9466,1.5248,1.5631,1.5374,1.5283,1.5673,1.5083,1.4624,1.5709,1.5124,1.4649,1.4706,1.4851,1.5527,1.4656,1.4508,1.4954,1.4649,1.4681,1.5121,1.4506,1.5361,1.5139,1.4869,0,1.0000,2.0308,4.6896,1.9317
24,0.0480,-0.3215,-1.6006,1.0780,2.0308,4.6896,1.4804,0.1110,0.1886,0.0001,1.0272,0.9999,-0.0009,0.0026,0.0106,-0.0275,-0.0182,0.0022,0.0164,-0.0037,-0.0062,0.0394,-0.0005,0.0044,0.0060,-0.0111,0.0002,-0.0577,-0.0061,-0.0119,-0.0020,0.0038,0.0003,0.0016,0.0005,-0.0083,0.0217,0.0143,-0.0169,0.0001,0.0019,-0.0001,-0.0604,0.0086,-0.0099,-0.0535,0.1571,0.7096,-0.5687,-0.6572,0.0480,0.6169,-0.2499,0.2140,1.1182,-0.1613,0.1458,0.4551,-0.4148,-0.0756,-2.7045,-0.5100,-0.5450,-0.3510,0.0676,0.0166,0.0655,0.0249,-0.8749,1.1301,0.9998,0.2933,0.0002,0.0533,-0.0051,-1.0000,-1.0000,-1.0000,-1.0000,-1.0000,-1.0000,-1.0000,-1.0000,-1.0000,-1.0000,-1.0000,-1.0000,-1.0000,-1.0000,-1.0000,-1.0000,-1.0000,-1.0000,-1.0000,-1.0000,-1.0000,-1.0000,-1.0000,-1.0000,-1.0000,-1.0000,-1.0000,-1.0000,-1.0000,-1.0000,-1.0000,-1.0000,-1.0000,-1.0000,-1.0000,-1.0000,-1.0000,-1.0000,-1.0000,-1.0000,-1.0000,-1.0000,-1.0000,-1.0000,-1.0000,-1.0000,-1.0000,-1.0000,-1.0000,-1.0000,-1.0000,-1.0000,-1.0000,-1.0000,-1.0000,-1.0000,-1.0000,-1.0000,-1.0000,-1.0000,-1.0000,-1.0000,-1.0000,-1.0000,-1.0000,-1.0000,-1.0000,-1.0000,-1.0000,-1.0000,-1.0000,-1.0000,-1.0000,-1.0000,-1.0000,-1.0000,-1.0000,-1.0000,-1.0000,-1.0000,-1.0000,-1.0000,-1.0000,-1.0000,-1.0000,-1.0000,-1.0000,-1.0000,-1.0000,-1.0000,-1.0000,-1.0000,-1.0000,-1.0000,-1.0000,-1.0000,-1.0000,-1.0000,-1.0000,-1.0000,-1.0000,-1.0000,-1.0000,-1.0000,-1.0000,-1.0000,-1.0000,-1.0000,-1.0000,-1.0000,-1.0000,-1.0000,-1.0000,-1.0000,-1.0000,-1.0000,-1.0000,-1.0000,-1.0000,-1.0000,-1.0000,1.8616,1.8624,1.8137,1.8533,1.8282,1.9033,1.7397,1.7082,1.7814,1.6791,1.7777,1.6696,1.7564,1.7091,1.6612,1.6905,1.7822,1.9347,1.9450,1.9518,1.9443,1.8977,1.8902,1.9600,1.8688,1.9122,1.9263,1.9373,1.8901,1.8534,1.9147,1.9385,1.9593,1.9475,1.9429,1.9422,1.9393,1.9130,1.9268,1.9466,1.5248,1.5631,1.5374,1.5283,1.5673,1.5083,1.4624,1.5709,1.5124,1.4649,1.4706,1.4851,1.5527,1.4656,1.4508,1.4954,1.4649,1.4681,1.5121,1.4506,1.5361,1.5139,1.4869,0,1.0000,2.0308,4.6896,1.9317
24,0.0480,-0.3215,-1.6006,1.0780,2.0308,4.6896,1.4804,0.1110,0.1886,0.0001,1.0272,0.9999,-0.0009,0.0026,0.0106,-0.0275,-0.0182,0.0022,0.0164,-0.0037,-0.0062,0.0394,-0.0005,0.0044,0.0060,-0.0111,0.0002,-0.0577,-0.0061,-0.0119,-0.0020,0.0038,0.0003,0.0016,0.0005,-0.0083,0.0217,0.0143,-0.0169,0.0001,0.0019,-0.0001,-0.0604,0.0086,-0.0099,-0.0535,0.1571,0.7096,-0.5687,-0.6572,0.0480,0.6169,-0.2499,0.2140,1.1182,-0.1613,0.1458,0.4551,-0.4148,-0.0756,-2.7045,-0.5100,-0.5450,-0.3510,0.0676,0.0166,0.0655,0.0249,-0.8749,1.1301,0.9998,0.2933,0.0002,0.0533,-0.0051,-1.0000,-1.0000,-1.0000,-1.0000,-1.0000,-1.0000,-1.0000,-1.0000,-1.0000,-1.0000,-1.0000,-1.0000,-1.0000,-1.0000,-1.0000,-1.0000,-1.0000,-1.0000,-1.0000,-1.0000,-1.0000,-1.0000,-1.0000,-1.0000,-1.0000,-1.0000,-1.0000,-1.0000,-1.0000,-1.0000,-1.0000,-1.0000,-1.0000,-1.0000,-1.0000,-1.0000,-1.0000,-1.0000,-1.0000,-1.0000,-1.0000,-1.0000,-1.0000,-1.0000,-1.0000,-1.0000,-1.0000,-1.0000,-1.0000,-1.0000,-1.0000,-1.0000,-1.0000,-1.0000,-1.0000,-1.0000,-1.0000,-1.0000,-1.0000,-1.0000,-1.0000,-1.0000,-1.0000,-1.0000,-1.0000,-1.0000,-1.0000,-1.0000,-1.0000,-1.0000,-1.0000,-1.0000,-1.0000,-1.0000,-1.0000,-1.0000,-1.0000,-1.0000,-1.0000,-1.0000,-1.0000,-1.0000,-1.0000,-1.0000,-1.0000,-1.0000,-1.0000,-1.0000,-1.0000,-1.0000,-1.0000,-1.0000,-1.0000,-1.0000,-1.0000,-1.0000,-1.0000,-1.0000,-1.0000,-1.0000,-1.0000,-1.0000,-1.0000,-1.0000,-1.0000,-1.0000,-1.0000,-1.0000,-1.0000,-1.0000,-1.0000,-1.0000,-1.0000,-1.0000,-1.0000,-1.0000,-1.0000,-1.0000,-1.0000,-1.0000,-1.0000,1.8616,1.8624,1.8137,1.8533,1.8282,1.9033,1.7397,1.7082,1.7814,1.6791,1.7777,1.6696,1.7564,1.7091,1.6612,1.6905,1.7822,1.9347,1.9450,1.9518,1.9443,1.8977,1.8902,1.9600,1.8688,1.9122,1.9263,1.9373,1.8901,1.8534,1.9147,1.9385,1.9593,1.9475,1.9429,1.9422,1.9393,1.9130,1.9268,1.9466,1.5248,1.5631,1.5374,1.5283,1.5673,1.5083,1.4624,1.5709,1.5124,1.4649,1.4706,1.4851,1.5527,1.4656,1.4508,1.4954,1.4649,1.4681,1.5121,1.4506,1.5361,1.5139,1.4869,0,1.0000,2.0308,4.6896,1.9317
24,0.0480,-0.3215,-1.6006,1.0780,2.0308,4.6896,1.4804,0.1110,0.1886,0.0001,1.0272,0.9999,-0.0009,0.0026,0.0106,-0.0275,-0.0182,0.0022,0.0164,-0.0037,-0.0062,0.0394,-0.0005,0.0044,0.0060,-0.0111,0.0002,-0.0577,-0.0061,-0.0119,-0.0020,0.0038,0.0003,0.0016,0.0005,-0.0083,0.0217,0.0143,-0.0169,0.0001,0.0019,-0.0001,-0.0604,0.0086,-0.0099,-0.0535,0.1571,0.7096,-0.5687,-0.6572,0.0480,0.6169,-0.2499,0.2140,1.1182,-0.1613,0.1458,0.4551,-0.4148,-0.0756,-2.7045,-0.5100,-0.5450,-0.3510,0.0676,0.0166,0.0655,0.0249,-0.8749,1.1301,0.9998,0.2933,0.0002,0.0533,-0.0051,-1.0000,-1.0000,-1.0000,-1.0000,-1.0000,-1.0000,-1.0000,-1.0000,-1.0000,-1.0000,-1.0000,-1.0000,-1.0000,-1.0000,-1.0000,-1.0000,-1.0000,-1.0000,-1.0000,-1.0000,-1.0000,-1.0000,-1.0000,-1.0000,-1.0000,-1.0000,-1.0000,-1.0000,-1.0000,-1.0000,-1.0000,-1.0000,-1.0000,-1.0000,-1.0000,-1.0000,-1.0000,-1.0000,-1.0000,-1.0000,-1.0000,-1.0000,-1.0000,-1.0000,-1.0000,-1.0000,-1.0000,-1.0000,-1.0000,-1.0000,-1.0000,-1.0000,-1.0000,-1.0000,-1.0000,-1.0000,-1.0000,-1.0000,-1.0000,-1.0000,-1.0000,-1.0000,-1.0000,-1.0000,-1.0000,-1.0000,-1.0000,-1.0000,-1.0000,-1.0000,-1.0000,-1.0000,-1.0000,-1.0000,-1.0000,-1.0000,-1.0000,-1.0000,-1.0000,-1.0000,-1.0000,-1.0000,-1.0000,-1.0000,-1.0000,-1.0000,-1.0000,-1.0000,-1.0000,-1.0000,-1.0000,-1.0000,-1.0000,-1.0000,-1.0000,-1.0000,-1.0000,-1.0000,-1.0000,-1.0000,-1.0000,-1.0000,-1.0000,-1.0000,-1.0000,-1.0000,-1.0000,-1.0000,-1.0000,-1.0000,-1.0000,-1.0000,-1.0000,-1.0000,-1.0000,-1.0000,-1.0000,-1.0000,-1.0000,-1.0000,-1.0000,1.8616,1.8624,1.8137,1.8533,1.8282,1.9033,1.7397,1.7082,1.7814,1.6791,1.7777,1.6696,1.7564,1.7091,1.6612,1.6905,1.7822,1.9347,1.9450,1.9518,1.9443,1.8977,1.8902,1.9600,1.8688,1.9122,1.9263,1.9373,1.8901,1.8534,1.9147,1.9385,1.9593,1.9475,1.9429,1.9422,1.9393,1.9130,1.9268,1.9466,1.5248,1.5631,1.5374,1.5283,1.5673,1.5083,1.4624,1.5709,1.5124,1.4649,1.4706,1.4851,1.5527,1.4656,1.4508,1.4954,1.4649,1.4681,1.5121,1.4506,1.5361,1.5139,1.4869,0,1.0000,2.0308,4.6896,1.9317
24,0.0480,-0.3215,-1.6006,1.0780,2.0308,4.6896,1.4804,0.1110,0.1886,0.0001,1.0272,0.9999,-0.0009,0.0026,0.0106,-0.0275,-0.0182,0.0022,0.0164,-0.0037,-0.0062,0.0394,-0.0005,0.0044,0.0060,-0.0111,0.0002,-0.0577,-0.0061,-0.0119,-0.0020,0.0038,0.0003,0.0016,0.0005,-0.0083,0.0217,0.0143,-0.0169,0.0001,0.0019,-0.0001,-0.0604,0.0086,-0.0099,-0.0535,0.1571,0.7096,-0.5687,-0.6572,0.0480,0.6169,-0.2499,0.2140,1.1182,-0.1613,0.1458,0.4551,-0.4148,-0.0756,-2.7045,-0.5100,-0.5450,-0.3510,0.0676,0.0166,0.0655,0.0249,-0.8749,1.1301,0.9998,0.2933,0.0002,0.0533,-0.0051,-1.0000,-1.0000,-1.0000,-1.0000,-1.0000,-1.0000,-1.0000,-1.0000,-1.0000,-1.0000,-1.0000,-1.0000,-1.0000,-1.0000,-1.0000,-1.0000,-1.0000,-1.0000,-1.0000,-1.0000,-1.0000,-1.0000,-1.0000,-1.0000,-1.0000,-1.0000,-1.0000,-1.0000,-1.0000,-1.0000,-1.0000,-1.0000,-1.0000,-1.0000,-1.0000,-1.0000,-1.0000,-1.0000,-1.0000,-1.0000,-1.0000,-1.0000,-1.0000,-1.0000,-1.0000,-1.0000,-1.0000,-1.0000,-1.0000,-1.0000,-1.0000,-1.0000,-1.0000,-1.0000,-1.0000,-1.0000,-1.0000,-1.0000,-1.0000,-1.0000,-1.0000,-1.0000,-1.0000,-1.0000,-1.0000,-1.0000,-1.0000,-1.0000,-1.0000,-1.0000,-1.0000,-1.0000,-1.0000,-1.0000,-1.0000,-1.0000,-1.0000,-1.0000,-1.0000,-1.0000,-1.0000,-1.0000,-1.0000,-1.0000,-1.0000,-1.0000,-1.0000,-1.0000,-1.0000,-1.0000,-1.0000,-1.0000,-1.0000,-1.0000,-1.0000,-1.0000,-1.0000,-1.0000,-1.0000,-1.0000,-1.0000,-1.0000,-1.0000,-1.0000,-1.0000,-1.0000,-1.0000,-1.0000,-1.0000,-1.0000,-1.0000,-1.0000,-1.0000,-1.0000,-1.0000,-1.0000,-1.0000,-1.0000,-1.0000,-1.0000,-1.0000,1.8616,1.8624,1.8137,1.8533,1.8282,1.9033,1.7397,1.7082,1.7814,1.6791,1.7777,1.6696,1.7564,1.7091,1.6612,1.6905,1.7822,1.9347,1.9450,1.9518,1.9443,1.8977,1.8902,1.9600,1.8688,1.9122,1.9263,1.9373,1.8901,1.8534,1.9147,1.9385,1.9593,1.9475,1.9429,1.9422,1.9393,1.9130,1.9268,1.9466,1.5248,1.5631,1.5374,1.5283,1.5673,1.5083,1.4624,1.5709,1.5124,1.4649,1.4706,1.4851,1.5527,1.4656,1.4508,1.4954,1.4649,1.4681,1.5121,1.4506,1.5361,1.5139,1.4869,0,1.0000,2.0308,4.6896,1.9317
24,0.0480,-0.3215,-1.6006,1.0780,2.0308,4.6896,1.4804,0.1110,0.1886,0.0001,1.0272,0.9999,-0.0009,0.0026,0.0106,-0.0275,-0.0182,0.0022,0.0164,-0.0037,-0.0062,0.0394,-0.0005,0.0044,0.0060,-0.0111,0.0002,-0.0577,-0.0061,-0.0119,-0.0020,0.0038,0.0003,0.0016,0.0005,-0.0083,0.0217,0.0143,-0.0169,0.0001,0.0019,-0.0001,-0.0604,0.0086,-0.0099,-0.0535,0.1571,0.7096,-0.5687,-0.6572,0.0480,0.6169,-0.2499,0.2140,1.1182,-0.1613,0.1458,0.4551,-0.4148,-0.0756,-2.7045,-0.5100,-0.5450,-0.3510,0.0676,0.0166,0.0655,0.0249,-0.8749,1.1301,0.9998,0.2933,0.0002,0.0533,-0.0051,-1.0000,-1.0000,-1.0000,-1.0000,-1.0000,-1.0000,-1.0000,-1.0000,-1.0000,-1.0000,-1.0000,-1.0000,-1.0000,-1.0000,-1.0000,-1.0000,-1.0000,-1.0000,-1.0000,-1.0000,-1.0000,-1.0000,-1.0000,-1.0000,-1.0000,-1.0000,-1.0000,-1.0000,-1.0000,-1.0000,-1.0000,-1.0000,-1.0000,-1.0000,-1.0000,-1.0000,-1.0000,-1.0000,-1.0000,-1.0000,-1.0000,-1.0000,-1.0000,-1.0000,-1.0000,-1.0000,-1.0000,-1.0000,-1.0000,-1.0000,-1.0000,-1.0000,-1.0000,-1.0000,-1.0000,-1.0000,-1.0000,-1.0000,-1.0000,-1.0000,-1.0000,-1.0000,-1.0000,-1.0000,-1.0000,-1.0000,-1.0000,-1.0000,-1.0000,-1.0000,-1.0000,-1.0000,-1.0000,-1.0000,-1.0000,-1.0000,-1.0000,-1.0000,-1.0000,-1.0000,-1.0000,-1.0000,-1.0000,-1.0000,-1.0000,-1.0000,-1.0000,-1.0000,-1.0000,-1.0000,-1.0000,-1.0000,-1.0000,-1.0000,-1.0000,-1.0000,-1.0000,-1.0000,-1.0000,-1.0000,-1.0000,-1.0000,-1.0000,-1.0000,-1.0000,-1.0000,-1.0000,-1.0000,-1.0000,-1.0000,-1.0000,-1.0000,-1.0000,-1.0000,-1.0000,-1.0000,-1.0000,-1.0000,-1.0000,-1.0000,-1.0000,1.8616,1.8624,1.8137,1.8533,1.8282,1.9033,1.7397,1.7082,1.7814,1.6791,1.7777,1.6696,1.7564,1.7091,1.6612,1.6905,1.7822,1.9347,1.9450,1.9518,1.9443,1.8977,1.8902,1.9600,1.8688,1.9122,1.9263,1.9373,1.8901,1.8534,1.9147,1.9385,1.9593,1.9475,1.9429,1.9422,1.9393,1.9130,1.9268,1.9466,1.5248,1.5631,1.5374,1.5283,1.5673,1.5083,1.4624,1.5709,1.5124,1.4649,1.4706,1.4851,1.5527,1.4656,1.4508,1.4954,1.4649,1.4681,1.5121,1.4506,1.5361,1.5139,1.4869,0,1.0000,2.0308,4.6896,1.9317
24,0.0480,-0.3215,-1.6006,1.0780,2.0308,4.6896,1.4804,0.1110,0.1886,0.0001,1.0272,0.9999,-0.0009,0.0026,0.0106,-0.0275,-0.0182,0.0022,0.0164,-0.0037,-0.0062,0.0394,-0.0005,0.0044,0.0060,-0.0111,0.0002,-0.0577,-0.0061,-0.0119,-0.0020,0.0038,0.0003,0.0016,0.0005,-0.0083,0.0217,0.0143,-0.0169,0.0001,0.0019,-0.0001,-0.0604,0.0086,-0.0099,-0.0535,0.1571,0.7096,-0.5687,-0.6572,0.0480,0.6169,-0.2499,0.2140,1.1182,-0.1613,0.1458,0.4551,-0.4148,-0.0756,-2.7045,-0.5100,-0.5450,-0.3510,0.0676,0.0166,0.0655,0.0249,-0.8749,1.1301,0.9998,0.2933,0.0002,0.0533,-0.0051,-1.0000,-1.0000,-1.0000,-1.0000,-1.0000,-1.0000,-1.0000,-1.0000,-1.0000,-1.0000,-1.0000,-1.0000,-1.0000,-1.0000,-1.0000,-1.0000,-1.0000,-1.0000,-1.0000,-1.0000,-1.0000,-1.0000,-1.0000,-1.0000,-1.0000,-1.0000,-1.0000,-1.0000,-1.0000,-1.0000,-1.0000,-1.0000,-1.0000,-1.0000,-1.0000,-1.0000,-1.0000,-1.0000,-1.0000,-1.0000,-1.0000,-1.0000,-1.0000,-1.0000,-1.0000,-1.0000,-1.0000,-1.0000,-1.0000,-1.0000,-1.0000,-1.0000,-1.0000,-1.0000,-1.0000,-1.0000,-1.0000,-1.0000,-1.0000,-1.0000,-1.0000,-1.0000,-1.0000,-1.0000,-1.0000,-1.0000,-1.0000,-1.0000,-1.0000,-1.0000,-1.0000,-1.0000,-1.0000,-1.0000,-1.0000,-1.0000,-1.0000,-1.0000,-1.0000,-1.0000,-1.0000,-1.0000,-1.0000,-1.0000,-1.0000,-1.0000,-1.0000,-1.0000,-1.0000,-1.0000,-1.0000,-1.0000,-1.0000,-1.0000,-1.0000,-1.0000,-1.0000,-1.0000,-1.0000,-1.0000,-1.0000,-1.0000,-1.0000,-1.0000,-1.0000,-1.0000,-1.0000,-1.0000,-1.0000,-1.0000,-1.0000,-1.0000,-1.0000,-1.0000,-1.0000,-1.0000,-1.0000,-1.0000,-1.0000,-1.0000,-1.0000,1.8616,1.8624,1.8137,1.8533,1.8282,1.9033,1.7397,1.7082,1.7814,1.6791,1.7777,1.6696,1.7564,1.7091,1.6612,1.6905,1.7822,1.9347,1.9450,1.9518,1.9443,1.8977,1.8902,1.9600,1.8688,1.9122,1.9263,1.9373,1.8901,1.8534,1.9147,1.9385,1.9593,1.9475,1.9429,1.9422,1.9393,1.9130,1.9268,1.9466,1.5248,1.5631,1.5374,1.5283,1.5673,1.5083,1.4624,1.5709,1.5124,1.4649,1.4706,1.4851,1.5527,1.4656,1.4508,1.4954,1.4649,1.4681,1.5121,1.4506,1.5361,1.5139,1.4869,0,1.0000,2.0308,4.6896,1.9317
24,0.0480,-0.3215,-1.6006,1.0780,2.0308,4.6896,1.4804,0.1110,0.1886,0.0001,1.0272,0.9999,-0.0009,0.0026,0.0106,-0.0275,-0.0182,0.0022,0.0164,-0.0037,-0.0062,0.0394,-0.0005,0.0044,0.0060,-0.0111,0.0002,-0.0577,-0.0061,-0.0119,-0.0020,0.0038,0.0003,0.0016,0.0005,-0.0083,0.0217,0.0143,-0.0169,0.0001,0.0019,-0.0001,-0.0604,0.0086,-0.0099,-0.0535,0.1571,0.7096,-0.5687,-0.6572,0.0480,0.6169,-0.2499,0.2140,1.1182,-0.1613,0.1458,0.4551,-0.4148,-0.0756,-2.7045,-0.5100,-0.5450,-0.3510,0.0676,0.0166,0.0655,0.0249,-0.8749,1.1301,0.9998,0.2933,0.0002,0.0533,-0.0051,-1.0000,-1.0000,-1.0000,-1.0000,-1.0000,-1.0000,-1.0000,-1.0000,-1.0000,-1.0000,-1.0000,-1.0000,-1.0000,-1.0000,-1.0000,-1.0000,-1.0000,-1.0000,-1.0000,-1.0000,-1.0000,-1.0000,-1.0000,-1.0000,-1.0000,-1.0000,-1.0000,-1.0000,-1.0000,-1.0000,-1.0000,-1.0000,-1.0000,-1.0000,-1.0000,-1.0000,-1.0000,-1.0000,-1.0000,-1.0000,-1.0000,-1.0000,-1.0000,-1.0000,-1.0000,-1.0000,-1.0000,-1.0000,-1.0000,-1.0000,-1.0000,-1.0000,-1.0000,-1.0000,-1.0000,-1.0000,-1.0000,-1.0000,-1.0000,-1.0000,-1.0000,-1.0000,-1.0000,-1.0000,-1.0000,-1.0000,-1.0000,-1.0000,-1.0000,-1.0000,-1.0000,-1.0000,-1.0000,-1.0000,-1.0000,-1.0000,-1.0000,-1.0000,-1.0000,-1.0000,-1.0000,-1.0000,-1.0000,-1.0000,-1.0000,-1.0000,-1.0000,-1.0000,-1.0000,-1.0000,-1.0000,-1.0000,-1.0000,-1.0000,-1.0000,-1.0000,-1.0000,-1.0000,-1.0000,-1.0000,-1.0000,-1.0000,-1.0000,-1.0000,-1.0000,-1.0000,-1.0000,-1.0000,-1.0000,-1.0000,-1.0000,-1.0000,-1.0000,-1.0000,-1.0000,-1.0000,-1.0000,-1.0000,-1.0000,-1.0000,-1.0000,1.8616,1.8624,1.8137,1.8533,1.8282,1.9033,1.7397,1.7082,1.7814,1.6791,1.7777,1.6696,1.7564,1.7091,1.6612,1.6905,1.7822,1.9347,1.9450,1.9518,1.9443,1.8977,1.8902,1.9600,1.8688,1.9122,1.9263,1.9373,1.8901,1.8534,1.9147,1.9385,1.9593,1.9475,1.9429,1.9422,1.9393,1.9130,1.9268,1.9466,1.5248,1.5631,1.5374,1.5283,1.5673,1.5083,1.4624,1.5709,1.5124,1.4649,1.4706,1.4851,1.5527,1.4656,1.4508,1.4954,1.4649,1.4681,1.5121,1.4506,1.5361,1.5139,1.4869,0,1.0000,2.0308,4.6896,1.9317
24,0.0480,-0.3215,-1.6006,1.0780,2.0308,4.6896,1.4804,0.1110,0.1886,0.0001,1.0272,0.9999,-0.0009,0.0026,0.0106,-0.0275,-0.0182,0.0022,0.0164,-0.0037,-0.0062,0.0394,-0.0005,0.0044,0.0060,-0.0111,0.0002,-0.0577,-0.0061,-0.0119,-0.0020,0.0038,0.0003,0.0016,0.0005,-0.0083,0.0217,0.0143,-0.0169,0.0001,0.0019,-0.0001,-0.0604,0.0086,-0.0099,-0.0535,0.1571,0.7096,-0.5687,-0.6572,0.0480,0.6169,-0.2499,0.2140,1.1182,-0.1613,0.1458,0.4551,-0.4148,-0.0756,-2.7045,-0.5100,-0.5450,-0.3510,0.0676,0.0166,0.0655,0.0249,-0.8749,1.1301,0.9998,0.2933,0.0002,0.0533,-0.0051,-1.0000,-1.0000,-1.0000,-1.0000,-1.0000,-1.0000,-1.0000,-1.0000,-1.0000,-1.0000,-1.0000,-1.0000,-1.0000,-1.0000,-1.0000,-1.0000,-1.0000,-1.0000,-1.0000,-1.0000,-1.0000,-1.0000,-1.0000,-1.0000,-1.0000,-1.0000,-1.0000,-1.0000,-1.0000,-1.0000,-1.0000,-1.0000,-1.0000,-1.0000,-1.0000,-1.0000,-1.0000,-1.0000,-1.0000,-1.0000,-1.0000,-1.0000,-1.0000,-1.0000,-1.0000,-1.0000,-1.0000,-1.0000,-1.0000,-1.0000,-1.0000,-1.0000,-1.0000,-1.0000,-1.0000,-1.0000,-1.0000,-1.0000,-1.0000,-1.0000,-1.0000,-1.0000,-1.0000,-1.0000,-1.0000,-1.0000,-1.0000,-1.0000,-1.0000,-1.0000,-1.0000,-1.0000,-1.0000,-1.0000,-1.0000,-1.0000,-1.0000,-1.0000,-1.0000,-1.0000,-1.0000,-1.0000,-1.0000,-1.0000,-1.0000,-1.0000,-1.0000,-1.0000,-1.0000,-1.0000,-1.0000,-1.0000,-1.0000,-1.0000,-1.0000,-1.0000,-1.0000,-1.0000,-1.0000,-1.0000,-1.0000,-1.0000,-1.0000,-1.0000,-1.0000,-1.0000,-1.0000,-1.0000,-1.0000,-1.0000,-1.0000,-1.0000,-1.0000,-1.0000,-1.0000,-1.0000,-1.0000,-1.0000,-1.0000,-1.0000,-1.0000,1.8616,1.8624,1.8137,1.8533,1.8282,1.9033,1.7397,1.7082,1.7814,1.6791,1.7777,1.6696,1.7564,1.7091,1.6612,1.6905,1.7822,1.9347,1.9450,1.9518,1.9443,1.8977,1.8902,1.9600,1.8688,1.9122,1.9263,1.9373,1.8901,1.8534,1.9147,1.9385,1.9593,1.9475,1.9429,1.9422,1.9393,1.9130,1.9268,1.9466,1.5248,1.5631,1.5374,1.5283,1.5673,1.5083,1.4624,1.5709,1.5124,1.4649,1.4706,1.4851,1.5527,1.4656,1.4508,1.4954,1.4649,1.4681,1.5121,1.4506,1.5361,1.5139,1.4869,0,1.0000,2.0308,4.6896,1.9317
24,0.0480,-0.3215,-1.6006,1.0780,2.0308,4.6896,1.4804,0.1110,0.1886,0.0001,1.0272,0.9999,-0.0009,0.0026,0.0106,-0.0275,-0.0182,0.0022,0.0164,-0.0037,-0.0062,0.0394,-0.0005,0.0044,0.0060,-0.0111,0.0002,-0.0577,-0.0061,-0.0119,-0.0020,0.0038,0.0003,0.0016,0.0005,-0.0083,0.0217,0.0143,-0.0169,0.0001,0.0019,-0.0001,-0.0604,0.0086,-0.0099,-0.0535,0.1571,0.7096,-0.5687,-0.6572,0.0480,0.6169,-0.2499,0.2140,1.1182,-0.1613,0.1458,0.4551,-0.4148,-0.0756,-2.7045,-0.5100,-0.5450,-0.3510,0.0676,0.0166,0.0655,0.0249,-0.8749,1.1301,0.9998,0.2933,0.0002,0.0533,-0.0051,-1.0000,-1.0000,-1.0000,-1.0000,-1.0000,-1.0000,-1.0000,-1.0000,-1.0000,-1.0000,-1.0000,-1.0000,-1.0000,-1.0000,-1.0000,-1.0000,-1.0000,-1.0000,-1.0000,-1.0000,-1.0000,-1.0000,-1.0000,-1.0000,-1.0000,-1.0000,-1.0000,-1.0000,-1.0000,-1.0000,-1.0000,-1.0000,-1.0000,-1.0000,-1.0000,-1.0000,-1.0000,-1.0000,-1.0000,-1.0000,-1.0000,-1.0000,-1.0000,-1.0000,-1.0000,-1.0000,-1.0000,-1.0000,-1.0000,-1.0000,-1.0000,-1.0000,-1.0000,-1.0000,-1.0000,-1.0000,-1.0000,-1.0000,-1.0000,-1.0000,-1.0000,-1.0000,-1.0000,-1.0000,-1.0000,-1.0000,-1.0000,-1.0000,-1.0000,-1.0000,-1.0000,-1.0000,-1.0000,-1.0000,-1.0000,-1.0000,-1.0000,-1.0000,-1.0000,-1.0000,-1.0000,-1.0000,-1.0000,-1.0000,-1.0000,-1.0000,-1.0000,-1.0000,-1.0000,-1.0000,-1.0000,-1.0000,-1.0000,-1.0000,-1.0000,-1.0000,-1.0000,-1.0000,-1.0000,-1.0000,-1.0000,-1.0000,-1.0000,-1.0000,-1.0000,-1.0000,-1.0000,-1.0000,-1.0000,-1.0000,-1.0000,-1.0000,-1.0000,-1.0000,-1.0000,-1.0000,-1.0000,-1.0000,-1.0000,-1.0000,-1.0000,1.8616,1.8624,1.8137,1.8533,1.8282,1.9033,1.7397,1.7082,1.7814,1.6791,1.7777,1.6696,1.7564,1.7091,1.6612,1.6905,1.7822,1.9347,1.9450,1.9518,1.9443,1.8977,1.8902,1.9600,1.8688,1.9122,1.9263,1.9373,1.8901,1.8534,1.9147,1.9385,1.9593,1.9475,1.9429,1.9422,1.9393,1.9130,1.9268,1.9466,1.5248,1.5631,1.5374,1.5283,1.5673,1.5083,1.4624,1.5709,1.5124,1.4649,1.4706,1.4851,1.5527,1.4656,1.4508,1.4954,1.4649,1.4681,1.5121,1.4506,1.5361,1.5139,1.4869,0,1.0000,2.0308,4.6896,1.9317
24,0.0480,-0.3215,-1.6006,1.0780,2.0308,4.6896,1.4804,0.1110,0.1886,0.0001,1.0272,0.9999,-0.0009,0.0026,0.0106,-0.0275,-0.0182,0.0022,0.0164,-0.0037,-0.0062,0.0394,-0.0005,0.0044,0.0060,-0.0111,0.0002,-0.0577,-0.0061,-0.0119,-0.0020,0.0038,0.0003,0.0016,0.0005,-0.0083,0.0217,0.0143,-0.0169,0.0001,0.0019,-0.0001,-0.0604,0.0086,-0.0099,-0.0535,0.1571,0.7096,-0.5687,-0.6572,0.0480,0.6169,-0.2499,0.2140,1.1182,-0.1613,0.1458,0.4551,-0.4148,-0.0756,-2.7045,-0.5100,-0.5450,-0.3510,0.0676,0.0166,0.0655,0.0249,-0.8749,1.1301,0.9998,0.2933,0.0002,0.0533,-0.0051,-1.0000,-1.0000,-1.0000,-1.0000,-1.0000,-1.0000,-1.0000,-1.0000,-1.0000,-1.0000,-1.0000,-1.0000,-1.0000,-1.0000,-1.0000,-1.0000,-1.0000,-1.0000,-1.0000,-1.0000,-1.0000,-1.0000,-1.0000,-1.0000,-1.0000,-1.0000,-1.0000,-1.0000,-1.0000,-1.0000,-1.0000,-1.0000,-1.0000,-1.0000,-1.0000,-1.0000,-1.0000,-1.0000,-1.0000,-1.0000,-1.0000,-1.0000,-1.0000,-1.0000,-1.0000,-1.0000,-1.0000,-1.0000,-1.0000,-1.0000,-1.0000,-1.0000,-1.0000,-1.0000,-1.0000,-1.0000,-1.0000,-1.0000,-1.0000,-1.0000,-1.0000,-1.0000,-1.0000,-1.0000,-1.0000,-1.0000,-1.0000,-1.0000,-1.0000,-1.0000,-1.0000,-1.0000,-1.0000,-1.0000,-1.0000,-1.0000,-1.0000,-1.0000,-1.0000,-1.0000,-1.0000,-1.0000,-1.0000,-1.0000,-1.0000,-1.0000,-1.0000,-1.0000,-1.0000,-1.0000,-1.0000,-1.0000,-1.0000,-1.0000,-1.0000,-1.0000,-1.0000,-1.0000,-1.0000,-1.0000,-1.0000,-1.0000,-1.0000,-1.0000,-1.0000,-1.0000,-1.0000,-1.0000,-1.0000,-1.0000,-1.0000,-1.0000,-1.0000,-1.0000,-1.0000,-1.0000,-1.0000,-1.0000,-1.0000,-1.0000,-1.0000,1.8616,1.8624,1.8137,1.8533,1.8282,1.9033,1.7397,1.7082,1.7814,1.6791,1.7777,1.6696,1.7564,1.7091,1.6612,1.6905,1.7822,1.9347,1.9450,1.9518,1.9443,1.8977,1.8902,1.9600,1.8688,1.9122,1.9263,1.9373,1.8901,1.8534,1.9147,1.9385,1.9593,1.9475,1.9429,1.9422,1.9393,1.9130,1.9268,1.9466,1.5248,1.5631,1.5374,1.5283,1.5673,1.5083,1.4624,1.5709,1.5124,1.4649,1.4706,1.4851,1.5527,1.4656,1.4508,1.4954,1.4649,1.4681,1.5121,1.4506,1.5361,1.5139,1.4869,0,1.0000,2.0308,4.6896,1.9317
24,0.0480,-0.3215,-1.6006,1.0780,2.0308,4.6896,1.4804,0.1110,0.1886,0.0001,1.0272,0.9999,-0.0009,0.0026,0.0106,-0.0275,-0.0182,0.0022,0.0164,-0.0037,-0.0062,0.0394,-0.0005,0.0044,0.0060,-0.0111,0.0002,-0.0577,-0.0061,-0.0119,-0.0020,0.0038,0.0003,0.0016,0.0005,-0.0083,0.0217,0.0143,-0.0169,0.0001,0.0019,-0.0001,-0.0604,0.0086,-0.0099,-0.0535,0.1571,0.7096,-0.5687,-0.6572,0.0480,0.6169,-0.2499,0.2140,1.1182,-0.1613,0.1458,0.4551,-0.4148,-0.0756,-2.7045,-0.5100,-0.5450,-0.3510,0.0676,0.0166,0.0655,0.0249,-0.8749,1.1301,0.9998,0.2933,0.0002,0.0533,-0.0051,-1.0000,-1.0000,-1.0000,-1.0000,-1.0000,-1.0000,-1.0000,-1.0000,-1.0000,-1.0000,-1.0000,-1.0000,-1.0000,-1.0000,-1.0000,-1.0000,-1.0000,-1.0000,-1.0000,-1.0000,-1.0000,-1.0000,-1.0000,-1.0000,-1.0000,-1.0000,-1.0000,-1.0000,-1.0000,-1.0000,-1.0000,-1.0000,-1.0000,-1.0000,-1.0000,-1.0000,-1.0000,-1.0000,-1.0000,-1.0000,-1.0000,-1.0000,-1.0000,-1.0000,-1.0000,-1.0000,-1.0000,-1.0000,-1.0000,-1.0000,-1.0000,-1.0000,-1.0000,-1.0000,-1.0000,-1.0000,-1.0000,-1.0000,-1.0000,-1.0000,-1.0000,-1.0000,-1.0000,-1.0000,-1.0000,-1.0000,-1.0000,-1.0000,-1.0000,-1.0000,-1.0000,-1.0000,-1.0000,-1.0000,-1.0000,-1.0000,-1.0000,-1.0000,-1.0000,-1.0000,-1.0000,-1.0000,-1.0000,-1.0000,-1.0000,-1.0000,-1.0000,-1.0000,-1.0000,-1.0000,-1.0000,-1.0000,-1.0000,-1.0000,-1.0000,-1.0000,-1.0000,-1.0000,-1.0000,-1.0000,-1.0000,-1.0000,-1.0000,-1.0000,-1.0000,-1.0000,-1.0000,-1.0000,-1.0000,-1.0000,-1.0000,-1.0000,-1.0000,-1.0000,-1.0000,-1.0000,-1.0000,-1.0000,-1.0000,-1.0000,-1.0000,1.8616,1.8624,1.8137,1.8533,1.8282,1.9033,1.7397,1.7082,1.7814,1.6791,1.7777,1.6696,1.7564,1.7091,1.6612,1.6905,1.7822,1.9347,1.9450,1.9518,1.9443,1.8977,1.8902,1.9600,1.8688,1.9122,1.9263,1.9373,1.8901,1.8534,1.9147,1.9385,1.9593,1.9475,1.9429,1.9422,1.9393,1.9130,1.9268,1.9466,1.5248,1.5631,1.5374,1.5283,1.5673,1.5083,1.4624,1.5709,1.5124,1.4649,1.4706,1.4851,1.5527,1.4656,1.4508,1.4954,1.4649,1.4681,1.5121,1.4506,1.5361,1.5139,1.4869,0,1.0000,2.0308,4.6896,1.9317
24,0.0480,-0.3215,-1.6006,1.0780,2.0308,4.6896,1.4804,0.1110,0.1886,0.0001,1.0272,0.9999,-0.0009,0.0026,0.0106,-0.0275,-0.0182,0.0022,0.0164,-0.0037,-0.0062,0.0394,-0.0005,0.0044,0.0060,-0.0111,0.0002,-0.0577,-0.0061,-0.0119,-0.0020,0.0038,0.0003,0.0016,0.0005,-0.0083,0.0217,0.0143,-0.0169,0.0001,0.0019,-0.0001,-0.0604,0.0086,-0.0099,-0.0535,0.1571,0.7096,-0.5687,-0.6572,0.0480,0.6169,-0.2499,0.2140,1.1182,-0.1613,0.1458,0.4551,-0.4148,-0.0756,-2.7045,-0.5100,-0.5450,-0.3510,0.0676,0.0166,0.0655,0.0249,-0.8749,1.1301,0.9998,0.2933,0.0002,0.0533,-0.0051,-1.0000,-1.0000,-1.0000,-1.0000,-1.0000,-1.0000,-1.0000,-1.0000,-1.0000,-1.0000,-1.0000,-1.0000,-1.0000,-1.0000,-1.0000,-1.0000,-1.0000,-1.0000,-1.0000,-1.0000,-1.0000,-1.0000,-1.0000,-1.0000,-1.0000,-1.0000,-1.0000,-1.0000,-1.0000,-1.0000,-1.0000,-1.0000,-1.0000,-1.0000,-1.0000,-1.0000,-1.0000,-1.0000,-1.0000,-1.0000,-1.0000,-1.0000,-1.0000,-1.0000,-1.0000,-1.0000,-1.0000,-1.0000,-1.0000,-1.0000,-1.0000,-1.0000,-1.0000,-1.0000,-1.0000,-1.0000,-1.0000,-1.0000,-1.0000,-1.0000,-1.0000,-1.0000,-1.0000,-1.0000,-1.0000,-1.0000,-1.0000,-1.0000,-1.0000,-1.0000,-1.0000,-1.0000,-1.0000,-1.0000,-1.0000,-1.0000,-1.0000,-1.0000,-1.0000,-1.0000,-1.0000,-1.0000,-1.0000,-1.0000,-1.0000,-1.0000,-1.0000,-1.0000,-1.0000,-1.0000,-1.0000,-1.0000,-1.0000,-1.0000,-1.0000,-1.0000,-1.0000,-1.0000,-1.0000,-1.0000,-1.0000,-1.0000,-1.0000,-1.0000,-1.0000,-1.0000,-1.0000,-1.0000,-1.0000,-1.0000,-1.0000,-1.0000,-1.0000,-1.0000,-1.0000,-1.0000,-1.0000,-1.0000,-1.0000,-1.0000,-1.0000,1.8616,1.8624,1.8137,1.8533,1.8282,1.9033,1.7397,1.7082,1.7814,1.6791,1.7777,1.6696,1.7564,1.7091,1.6612,1.6905,1.7822,1.9347,1.9450,1.9518,1.9443,1.8977,1.8902,1.9600,1.8688,1.9122,1.9263,1.9373,1.8901,1.8534,1.9147,1.9385,1.9593,1.9475,1.9429,1.9422,1.9393,1.9130,1.9268,1.9466,1.5248,1.5631,1.5374,1.5283,1.5673,1.5083,1.4624,1.5709,1.5124,1.4649,1.4706,1.4851,1.5527,1.4656,1.4508,1.4954,1.4649,1.4681,1.5121,1.4506,1.5361,1.5139,1.4869,0,1.0000,2.0308,4.6896,1.9317
