step,time,obst_px,obst_py,obst_pz,obst_vx,obst_vy,obst_vz,obst_radius,qpos_0,qpos_1,qpos_2,qpos_3,qpos_4,qpos_5,qpos_6,qpos_7,qpos_8,qpos_9,qpos_10,qpos_11,qpos_12,qpos_13,qpos_14,qpos_15,qpos_16,qpos_17,qpos_18,qpos_19,qpos_20,qpos_21,qpos_22,qpos_23,qpos_24,qpos_25,qpos_26,qpos_27,qpos_28,qpos_29,qpos_30,qpos_31,qpos_32,qpos_33,qvel_0,qvel_1,qvel_2,qvel_3,qvel_4,qvel_5,qvel_6,qvel_7,qvel_8,qvel_9,qvel_10,qvel_11,qvel_12,qvel_13,qvel_14,qvel_15,qvel_16,qvel_17,qvel_18,qvel_19,qvel_20,qvel_21,qvel_22,qvel_23,qvel_24,qvel_25,qvel_26,qvel_27,qvel_28,qvel_29,qvel_30,qvel_31,qvel_32,cap_site_0_head_sensor_0,cap_site_1_head_sensor_1,cap_site_2_head_sensor_2,cap_site_3_head_sensor_3,cap_site_4_head_sensor_4,cap_site_5_head_sensor_5,cap_site_6_torso_sensor_0,cap_site_7_torso_sensor_1,cap_site_8_torso_sensor_2,cap_site_9_torso_sensor_3,cap_site_10_torso_sensor_4,cap_site_11_torso_sensor_5,cap_site_12_torso_sensor_6,cap_site_13_torso_sensor_7,cap_site_14_torso_sensor_8,cap_site_15_torso_sensor_9,cap_site_16_torso_sensor_10,cap_site_17_left_shoulder_roll_sensor_0,cap_site_18_left_shoulder_roll_sensor_1,cap_site_19_left_shoulder_roll_sensor_2,cap_site_20_left_shoulder_roll_sensor_3,cap_site_21_left_shoulder_roll_sensor_4,cap_site_22_left_shoulder_roll_sensor_5,cap_site_23_left_shoulder_roll_sensor_6,cap_site_24_left_shoulder_roll_sensor_7,cap_site_25_left_shoulder_yaw_sensor_0,cap_site_26_left_shoulder_yaw_sensor_1,cap_site_27_left_shoulder_yaw_sensor_2,cap_site_28_left_shoulder_yaw_sensor_3,cap_site_29_left_shoulder_yaw_sensor_4,cap_site_30_left_shoulder_yaw_sensor_5,cap_site_31_left_elbow_sensor_0,cap_site_32_left_elbow_sensor_1,cap_site_33_left_elbow_sensor_2,cap_site_34_left_elbow_sensor_3,cap_site_35_left_elbow_sensor_4,cap_site_36_left_elbow_sensor_5,cap_site_37_left_elbow_sensor_6,cap_site_38_left_elbow_sensor_7,cap_site_39_left_elbow_sensor_8,cap_site_41_right_shoulder_roll_sensor_0,cap_site_42_right_shoulder_roll_sensor_1,cap_site_43_right_shoulder_roll_sensor_2,cap_site_44_right_shoulder_roll_sensor_3,cap_site_45_right_shoulder_roll_sensor_4,cap_site_46_right_shoulder_roll_sensor_5,cap_site_47_right_shoulder_roll_sensor_6,cap_site_48_right_shoulder_roll_sensor_7,cap_site_49_right_shoulder_yaw_sensor_0,cap_site_50_right_shoulder_yaw_sensor_1,cap_site_51_right_shoulder_yaw_sensor_2,cap_site_52_right_shoulder_yaw_sensor_3,cap_site_53_right_shoulder_yaw_sensor_4,cap_site_54_right_shoulder_yaw_sensor_5,cap_site_55_right_elbow_sensor_0,cap_site_56_right_elbow_sensor_1,cap_site_57_right_elbow_sensor_2,cap_site_58_right_elbow_sensor_3,cap_site_59_right_elbow_sensor_4,cap_site_60_right_elbow_sensor_5,cap_site_61_right_elbow_sensor_6,cap_site_62_right_elbow_sensor_7,cap_site_63_right_elbow_sensor_8,tof_reading_0,tof_reading_1,tof_reading_2,tof_reading_3,tof_reading_4,tof_reading_5,tof_reading_6,tof_reading_7,tof_reading_8,tof_reading_9,tof_reading_10,tof_reading_11,tof_reading_12,tof_reading_13,tof_reading_14,tof_reading_15,tof_reading_16,tof_reading_17,tof_reading_18,tof_reading_19,tof_reading_20,tof_reading_21,tof_reading_22,tof_reading_23,tof_reading_24,tof_reading_25,tof_reading_26,tof_reading_27,tof_reading_28,tof_reading_29,tof_reading_30,tof_reading_31,tof_reading_32,tof_reading_33,tof_reading_34,tof_reading_35,tof_reading_36,tof_reading_37,tof_reading_38,tof_reading_39,tof_reading_40,tof_reading_41,tof_reading_42,tof_reading_43,tof_reading_44,tof_reading_45,tof_reading_46,tof_reading_47,tof_reading_48,tof_reading_49,tof_reading_50,tof_reading_51,tof_reading_52,tof_reading_53,tof_reading_54,tof_reading_55,tof_reading_56,tof_reading_57,dist_to_obst_0,dist_to_obst_1,dist_to_obst_2,dist_to_obst_3,dist_to_obst_4,dist_to_obst_5,dist_to_obst_6,dist_to_obst_7,dist_to_obst_8,dist_to_obst_9,dist_to_obst_10,dist_to_obst_11,dist_to_obst_12,dist_to_obst_13,dist_to_obst_14,dist_to_obst_15,dist_to_obst_16,dist_to_obst_17,dist_to_obst_18,dist_to_obst_19,dist_to_obst_20,dist_to_obst_21,dist_to_obst_22,dist_to_obst_23,dist_to_obst_24,dist_to_obst_25,dist_to_obst_26,dist_to_obst_27,dist_to_obst_28,dist_to_obst_29,dist_to_obst_30,dist_to_obst_31,dist_to_obst_32,dist_to_obst_33,dist_to_obst_34,dist_to_obst_35,dist_to_obst_36,dist_to_obst_37,dist_to_obst_38,dist_to_obst_39,dist_to_obst_40,dist_to_obst_41,dist_to_obst_42,dist_to_obst_43,dist_to_obst_44,dist_to_obst_45,dist_to_obst_46,dist_to_obst_47,dist_to_obst_48,dist_to_obst_49,dist_to_obst_50,dist_to_obst_51,dist_to_obst_52,dist_to_obst_53,dist_to_obst_54,dist_to_obst_55,dist_to_obst_56,dist_to_obst_57,dist_to_obst_58,dist_to_obst_59,dist_to_obst_60,dist_to_obst_61,dist_to_obst_62,collision,min_obst_dist,cmd_vx,cmd_vy,cmd_vz
0,0.0000,1.2000,0.0000,0.9500,0.0000,0.0000,0.0000,0.1217,0.1900,0.0000,1.0280,1.0000,0.0000,0.0000,0.0000,0.0000,0.0000,0.0000,0.0000,0.0000,0.0000,0.0000,0.0000,0.0000,0.0000,0.0000,0.0000,0.0000,0.0000,0.0000,0.0000,0.0000,0.0000,0.0000,0.0000,0.0000,0.0000,0.0000,0.0000,0.0000,0.0000,0.0000,0.0000,0.0000,0.0000,0.0000,0.0000,0.0000,0.0000,0.0000,0.0000,0.0000,0.0000,0.0000,0.0000,0.0000,0.0000,0.0000,0.0000,0.0000,0.0000,0.0000,0.0000,0.0000,0.0000,0.0000,0.0000,0.0000,0.0000,0.0000,0.0000,0.0000,0.0000,0.0000,0.0000,-1.0000,-1.0000,-1.0000,-1.0000,-1.0000,-1.0000,-1.0000,-1.0000,-1.0000,-1.0000,-1.0000,-1.0000,-1.0000,-1.0000,-1.0000,-1.0000,-1.0000,-1.0000,-1.0000,-1.0000,-1.0000,-1.0000,-1.0000,-1.0000,-1.0000,-1.0000,-1.0000,-1.0000,-1.0000,-1.0000,-1.0000,-1.0000,-1.0000,-1.0000,-1.0000,-1.0000,-1.0000,-1.0000,-1.0000,-1.0000,-1.0000,-1.0000,-1.0000,-1.0000,-1.0000,-1.0000,-1.0000,-1.0000,-1.0000,-1.0000,-1.0000,-1.0000,-1.0000,-1.0000,-1.0000,-1.0000,-1.0000,-1.0000,-1.0000,-1.0000,-1.0000,-1.0000,-1.0000,-1.0000,-1.0000,-1.0000,-1.0000,-1.0000,-1.0000,-1.0000,-1.0000,-1.0000,-1.0000,-1.0000,-1.0000,-1.0000,0.9633,0.9248,0.9741,0.9326,0.9382,0.9849,0.9320,0.8835,0.9134,-1.0000,-1.0000,-1.0000,-1.0000,-1.0000,-1.0000,-1.0000,-1.0000,-1.0000,-1.0000,-1.0000,-1.0000,-1.0000,-1.0000,-1.0000,-1.0000,-1.0000,-1.0000,-1.0000,-1.0000,-1.0000,-1.0000,-1.0000,-1.0000,-1.0000,-1.0000,-1.0000,-1.0000,-1.0000,-1.0000,-1.0000,-1.0000,-1.0000,-1.0000,-1.0000,-1.0000,1.4441,1.3981,1.4519,1.4509,1.4296,1.4090,0.9742,0.9511,1.0852,1.0927,0.8937,1.2188,1.1301,1.0420,1.0181,1.1836,0.9859,0.9996,1.1149,1.0740,1.0369,1.0378,1.0490,1.0243,1.0154,0.9058,0.9852,0.9358,0.9600,0.9811,0.9146,0.8278,0.7870,0.8413,0.7945,0.8135,0.8530,0.8229,0.7549,0.7755,1.0972,1.1975,1.1665,1.1326,1.1144,1.1347,1.1378,1.0859,1.0102,1.0941,1.0521,1.0583,1.0542,1.0285,0.9633,0.9248,0.9741,0.9326,0.9382,0.9849,0.9320,0.8835,0.9134,0,0.7549,-2.1979,5.0125,0.4033
1,0.0020,-1.3480,0.9558,1.0000,4.2540,-2.8602,2.9891,0.1217,0.1900,0.0000,1.0280,1.0000,0.0000,-0.0000,0.0000,0.0000,-0.0000,0.0000,0.0000,0.0003,-0.0000,0.0000,-0.0000,0.0000,0.0000,0.0003,-0.0000,-0.0000,0.0000,-0.0000,-0.0000,0.0000,0.0000,0.0000,-0.0000,0.0000,0.0000,0.0000,0.0000,0.0000,0.0000,0.0000,0.0002,0.0000,-0.0127,0.0000,-0.0001,0.0004,0.0005,-0.0162,0.0007,0.0124,0.1421,-0.0144,0.0017,-0.0156,0.0008,0.0120,0.1421,-0.0143,-0.0003,0.0038,-0.0004,-0.0002,0.0118,0.0001,0.0013,-0.0000,0.0039,0.0002,0.0002,0.0118,0.0001,0.0001,0.0000,-1.0000,-1.0000,-1.0000,-1.0000,-1.0000,-1.0000,-1.0000,-1.0000,-1.0000,-1.0000,-1.0000,-1.0000,-1.0000,-1.0000,-1.0000,-1.0000,-1.0000,-1.0000,-1.0000,-1.0000,-1.0000,-1.0000,-1.0000,-1.0000,-1.0000,-1.0000,-1.0000,-1.0000,-1.0000,-1.0000,-1.0000,-1.0000,-1.0000,-1.0000,-1.0000,-1.0000,-1.0000,-1.0000,-1.0000,-1.0000,-1.0000,-1.0000,-1.0000,-1.0000,-1.0000,-1.0000,-1.0000,-1.0000,-1.0000,-1.0000,-1.0000,-1.0000,-1.0000,-1.0000,-1.0000,-1.0000,-1.0000,-1.0000,-1.0000,-1.0000,-1.0000,-1.0000,-1.0000,-1.0000,-1.0000,-1.0000,-1.0000,-1.0000,-1.0000,-1.0000,-1.0000,-1.0000,-1.0000,-1.0000,-1.0000,-1.0000,-1.0000,0.9577,-1.0000,-1.0000,0.9615,-1.0000,0.9633,0.9598,0.9798,-1.0000,-1.0000,-1.0000,-1.0000,-1.0000,-1.0000,-1.0000,-1.0000,-1.0000,-1.0000,-1.0000,-1.0000,-1.0000,-1.0000,-1.0000,-1.0000,-1.0000,-1.0000,-1.0000,-1.0000,-1.0000,-1.0000,-1.0000,-1.0000,-1.0000,-1.0000,-1.0000,-1.0000,-1.0000,-1.0000,-1.0000,-1.0000,-1.0000,-1.0000,-1.0000,-1.0000,1.2750,1.2070,1.2860,1.3096,1.2434,1.2564,1.1278,0.9790,1.0424,1.1620,0.9672,1.1550,1.1846,1.0151,1.1342,1.2014,0.9998,1.0557,1.1048,1.0887,1.0729,1.0701,1.1508,1.1210,1.0733,1.0306,1.1219,1.0741,1.1180,1.0841,1.0929,1.0543,0.9577,1.0276,1.0155,0.9615,1.0607,0.9633,0.9598,0.9798,1.0557,1.1048,1.0887,1.0729,1.0701,1.1508,1.1210,1.0733,1.0306,1.1219,1.0741,1.1180,1.0841,1.0929,1.0543,0.9577,1.0276,1.0155,0.9615,1.0607,0.9633,0.9598,0.9798,0,0.9577,4.2540,-2.8602,2.9891
1,0.0020,-1.3480,0.9558,1.0000,4.2540,-2.8602,2.9891,0.1217,0.1900,0.0000,1.0280,1.0000,0.0000,-0.0000,0.0000,0.0000,-0.0000,0.0000,0.0000,0.0003,-0.0000,0.0000,-0.0000,0.0000,0.0000,0.0003,-0.0000,-0.0000,0.0000,-0.0000,-0.0000,0.0000,0.0000,0.0000,-0.0000,0.0000,0.0000,0.0000,0.0000,0.0000,0.0000,0.0000,0.0002,0.0000,-0.0127,0.0000,-0.0001,0.0004,0.0005,-0.0162,0.0007,0.0124,0.1421,-0.0144,0.0017,-0.0156,0.0008,0.0120,0.1421,-0.0143,-0.0003,0.0038,-0.0004,-0.0002,0.0118,0.0001,0.0013,-0.0000,0.0039,0.0002,0.0002,0.0118,0.0001,0.0001,0.0000,-1.0000,-1.0000,-1.0000,-1.0000,-1.0000,-1.0000,-1.0000,-1.0000,-1.0000,-1.0000,-1.0000,-1.0000,-1.0000,-1.0000,-1.0000,-1.0000,-1.0000,-1.0000,-1.0000,-1.0000,-1.0000,-1.0000,-1.0000,-1.0000,-1.0000,-1.0000,-1.0000,-1.0000,-1.0000,-1.0000,-1.0000,-1.0000,-1.0000,-1.0000,-1.0000,-1.0000,-1.0000,-1.0000,-1.0000,-1.0000,-1.0000,-1.0000,-1.0000,-1.0000,-1.0000,-1.0000,-1.0000,-1.0000,-1.0000,-1.0000,-1.0000,-1.0000,-1.0000,-1.0000,-1.0000,-1.0000,-1.0000,-1.0000,-1.0000,-1.0000,-1.0000,-1.0000,-1.0000,-1.0000,-1.0000,-1.0000,-1.0000,-1.0000,-1.0000,-1.0000,-1.0000,-1.0000,-1.0000,-1.0000,-1.0000,-1.0000,-1.0000,0.9577,-1.0000,-1.0000,0.9615,-1.0000,0.9633,0.9598,0.9798,-1.0000,-1.0000,-1.0000,-1.0000,-1.0000,-1.0000,-1.0000,-1.0000,-1.0000,-1.0000,-1.0000,-1.0000,-1.0000,-1.0000,-1.0000,-1.0000,-1.0000,-1.0000,-1.0000,-1.0000,-1.0000,-1.0000,-1.0000,-1.0000,-1.0000,-1.0000,-1.0000,-1.0000,-1.0000,-1.0000,-1.0000,-1.0000,-1.0000,-1.0000,-1.0000,-1.0000,1.2750,1.2070,1.2860,1.3096,1.2434,1.2564,1.1278,0.9790,1.0424,1.1620,0.9672,1.1550,1.1846,1.0151,1.1342,1.2014,0.9998,1.0557,1.1048,1.0887,1.0729,1.0701,1.1508,1.1210,1.0733,1.0306,1.1219,1.0741,1.1180,1.0841,1.0929,1.0543,0.9577,1.0276,1.0155,0.9615,1.0607,0.9633,0.9598,0.9798,1.0557,1.1048,1.0887,1.0729,1.0701,1.1508,1.1210,1.0733,1.0306,1.1219,1.0741,1.1180,1.0841,1.0929,1.0543,0.9577,1.0276,1.0155,0.9615,1.0607,0.9633,0.9598,0.9798,0,0.9577,4.2540,-2.8602,2.9891
2,0.0040,-1.3395,0.9501,1.0059,4.2540,-2.8602,2.9695,0.1217,0.1900,0.0000,1.0279,1.0000,0.0000,0.0000,0.0000,0.0000,-0.0001,0.0000,0.0000,0.0004,-0.0002,0.0000,-0.0001,0.0000,0.0000,0.0004,-0.0002,-0.0000,0.0000,-0.0000,-0.0000,0.0001,0.0000,0.0000,-0.0000,0.0000,0.0000,0.0000,0.0001,0.0000,0.0000,0.0000,0.0004,0.0002,-0.0177,0.0003,0.0028,0.0006,0.0008,-0.0128,0.0030,0.0072,0.0815,-0.0784,0.0021,-0.0120,0.0030,0.0066,0.0811,-0.0785,-0.0004,0.0122,-0.0014,-0.0007,0.0350,0.0002,0.0029,-0.0000,0.0124,0.0005,0.0005,0.0347,0.0002,0.0007,0.0000,-1.0000,-1.0000,-1.0000,-1.0000,-1.0000,-1.0000,-1.0000,-1.0000,-1.0000,-1.0000,-1.0000,-1.0000,-1.0000,-1.0000,-1.0000,-1.0000,-1.0000,-1.0000,-1.0000,-1.0000,-1.0000,-1.0000,-1.0000,-1.0000,-1.0000,-1.0000,-1.0000,-1.0000,-1.0000,-1.0000,-1.0000,-1.0000,-1.0000,-1.0000,-1.0000,-1.0000,-1.0000,-1.0000,-1.0000,-1.0000,-1.0000,-1.0000,-1.0000,-1.0000,-1.0000,-1.0000,-1.0000,-1.0000,-1.0000,-1.0000,-1.0000,-1.0000,-1.0000,-1.0000,-1.0000,-1.0000,-1.0000,-1.0000,-1.0000,-1.0000,-1.0000,-1.0000,-1.0000,-1.0000,-1.0000,-1.0000,-1.0000,-1.0000,-1.0000,-1.0000,-1.0000,-1.0000,-1.0000,-1.0000,-1.0000,-1.0000,-1.0000,-1.0000,-1.0000,-1.0000,-1.0000,-1.0000,-1.0000,-1.0000,-1.0000,-1.0000,-1.0000,-1.0000,-1.0000,-1.0000,-1.0000,-1.0000,-1.0000,-1.0000,-1.0000,-1.0000,-1.0000,-1.0000,-1.0000,-1.0000,-1.0000,-1.0000,-1.0000,-1.0000,-1.0000,-1.0000,-1.0000,-1.0000,-1.0000,-1.0000,-1.0000,-1.0000,-1.0000,-1.0000,-1.0000,-1.0000,-1.0000,-1.0000,-1.0000,-1.0000,-1.0000,2.0176,2.0579,2.0226,1.9695,2.0560,1.9823,1.7200,1.9098,1.9134,1.7818,1.8653,1.9309,1.7576,1.9329,1.7694,1.8099,1.8834,1.7871,1.8228,1.8042,1.7933,1.8043,1.6986,1.7116,1.7855,1.7595,1.6854,1.7167,1.6802,1.7472,1.6837,1.6923,1.7909,1.7282,1.7274,1.7984,1.6933,1.8040,1.7830,1.7628,2.0086,2.0274,2.0268,2.0174,1.9833,1.9117,1.9843,1.9487,1.9787,1.9416,1.9735,1.9073,1.9142,1.9343,1.9636,2.0424,1.9933,1.9895,2.0316,1.9645,2.0095,2.0097,2.0147,0,1.0000,4.2540,-2.8602,2.9891
2,0.0040,-1.3395,0.9501,1.0059,4.2540,-2.8602,2.9695,0.1217,0.1900,0.0000,1.0279,1.0000,0.0000,0.0000,0.0000,0.0000,-0.0001,0.0000,0.0000,0.0004,-0.0002,0.0000,-0.0001,0.0000,0.0000,0.0004,-0.0002,-0.0000,0.0000,-0.0000,-0.0000,0.0001,0.0000,0.0000,-0.0000,0.0000,0.0000,0.0000,0.0001,0.0000,0.0000,0.0000,0.0004,0.0002,-0.0177,0.0003,0.0028,0.0006,0.0008,-0.0128,0.0030,0.0072,0.0815,-0.0784,0.0021,-0.0120,0.0030,0.0066,0.0811,-0.0785,-0.0004,0.0122,-0.0014,-0.0007,0.0350,0.0002,0.0029,-0.0000,0.0124,0.0005,0.0005,0.0347,0.0002,0.0007,0.0000,-1.0000,-1.0000,-1.0000,-1.0000,-1.0000,-1.0000,-1.0000,-1.0000,-1.0000,-1.0000,-1.0000,-1.0000,-1.0000,-1.0000,-1.0000,-1.0000,-1.0000,-1.0000,-1.0000,-1.0000,-1.0000,-1.0000,-1.0000,-1.0000,-1.0000,-1.0000,-1.0000,-1.0000,-1.0000,-1.0000,-1.0000,-1.0000,-1.0000,-1.0000,-1.0000,-1.0000,-1.0000,-1.0000,-1.0000,-1.0000,-1.0000,-1.0000,-1.0000,-1.0000,-1.0000,-1.0000,-1.0000,-1.0000,-1.0000,-1.0000,-1.0000,-1.0000,-1.0000,-1.0000,-1.0000,-1.0000,-1.0000,-1.0000,-1.0000,-1.0000,-1.0000,-1.0000,-1.0000,-1.0000,-1.0000,-1.0000,-1.0000,-1.0000,-1.0000,-1.0000,-1.0000,-1.0000,-1.0000,-1.0000,-1.0000,-1.0000,-1.0000,-1.0000,-1.0000,-1.0000,-1.0000,-1.0000,-1.0000,-1.0000,-1.0000,-1.0000,-1.0000,-1.0000,-1.0000,-1.0000,-1.0000,-1.0000,-1.0000,-1.0000,-1.0000,-1.0000,-1.0000,-1.0000,-1.0000,-1.0000,-1.0000,-1.0000,-1.0000,-1.0000,-1.0000,-1.0000,-1.0000,-1.0000,-1.0000,-1.0000,-1.0000,-1.0000,-1.0000,-1.0000,-1.0000,-1.0000,-1.0000,-1.0000,-1.0000,-1.0000,-1.0000,2.0176,2.0579,2.0226,1.9695,2.0560,1.9823,1.7200,1.9098,1.9134,1.7818,1.8653,1.9309,1.7576,1.9329,1.7694,1.8099,1.8834,1.7871,1.8228,1.8042,1.7933,1.8043,1.6986,1.7116,1.7855,1.7595,1.6854,1.7167,1.6802,1.7472,1.6837,1.6923,1.7909,1.7282,1.7274,1.7984,1.6933,1.8040,1.7830,1.7628,2.0086,2.0274,2.0268,2.0174,1.9833,1.9117,1.9843,1.9487,1.9787,1.9416,1.9735,1.9073,1.9142,1.9343,1.9636,2.0424,1.9933,1.9895,2.0316,1.9645,2.0095,2.0097,2.0147,0,1.0000,4.2540,-2.8602,2.9891
3,0.0060,-1.3310,0.9443,1.0118,4.2540,-2.8602,2.9499,0.1217,0.1900,0.0000,1.0279,1.0000,0.0000,0.0000,0.0000,0.0000,-0.0001,0.0000,0.0000,0.0005,-0.0005,0.0000,-0.0001,0.0000,0.0000,0.0005,-0.0005,-0.0000,0.0001,-0.0000,-0.0000,0.0002,0.0000,0.0000,-0.0000,0.0001,0.0000,0.0000,0.0002,0.0000,0.0000,0.0000,0.0006,0.0005,-0.0221,0.0006,0.0058,0.0008,0.0010,-0.0102,0.0053,0.0025,0.0271,-0.1431,0.0025,-0.0091,0.0053,0.0017,0.0263,-0.1436,-0.0006,0.0211,-0.0026,-0.0012,0.0583,0.0003,0.0046,-0.0000,0.0212,0.0008,0.0008,0.0578,0.0003,0.0013,0.0000,-1.0000,-1.0000,-1.0000,-1.0000,-1.0000,-1.0000,-1.0000,-1.0000,-1.0000,-1.0000,-1.0000,-1.0000,-1.0000,-1.0000,-1.0000,-1.0000,-1.0000,-1.0000,-1.0000,-1.0000,-1.0000,-1.0000,-1.0000,-1.0000,-1.0000,-1.0000,-1.0000,-1.0000,-1.0000,-1.0000,-1.0000,-1.0000,-1.0000,-1.0000,-1.0000,-1.0000,-1.0000,-1.0000,-1.0000,-1.0000,-1.0000,-1.0000,-1.0000,-1.0000,-1.0000,-1.0000,-1.0000,-1.0000,-1.0000,-1.0000,-1.0000,-1.0000,-1.0000,-1.0000,-1.0000,-1.0000,-1.0000,-1.0000,-1.0000,-1.0000,-1.0000,-1.0000,-1.0000,-1.0000,-1.0000,-1.0000,-1.0000,-1.0000,-1.0000,-1.0000,-1.0000,-1.0000,-1.0000,-1.0000,-1.0000,-1.0000,-1.0000,-1.0000,-1.0000,-1.0000,-1.0000,-1.0000,-1.0000,-1.0000,-1.0000,-1.0000,-1.0000,-1.0000,-1.0000,-1.0000,-1.0000,-1.0000,-1.0000,-1.0000,-1.0000,-1.0000,-1.0000,-1.0000,-1.0000,-1.0000,-1.0000,-1.0000,-1.0000,-1.0000,-1.0000,-1.0000,-1.0000,-1.0000,-1.0000,-1.0000,-1.0000,-1.0000,-1.0000,-1.0000,-1.0000,-1.0000,-1.0000,-1.0000,-1.0000,-1.0000,-1.0000,2.0059,2.0462,2.0109,1.9577,2.0442,1.9705,1.7091,1.8988,1.9021,1.7706,1.8545,1.9195,1.7463,1.9218,1.7584,1.7985,1.8723,1.7760,1.8115,1.7930,1.7822,1.7931,1.6874,1.7005,1.7743,1.7487,1.6744,1.7059,1.6693,1.7362,1.6729,1.6819,1.7805,1.7176,1.7169,1.7878,1.6827,1.7934,1.7726,1.7524,1.9975,2.0160,2.0155,2.0062,1.9721,1.9006,1.9732,1.9376,1.9679,1.9306,1.9626,1.8964,1.9032,1.9235,1.9531,2.0318,1.9827,1.9790,2.0209,1.9539,1.9988,1.9992,2.0041,0,1.0000,4.2540,-2.8602,2.9891
4,0.0080,-1.3225,0.9386,1.0177,4.2540,-2.8602,2.9302,0.1217,0.1900,0.0000,1.0278,1.0000,0.0000,0.0000,0.0000,0.0000,-0.0001,0.0000,0.0000,0.0005,-0.0009,0.0000,-0.0001,0.0000,0.0000,0.0005,-0.0009,-0.0000,0.0001,-0.0000,-0.0000,0.0004,0.0000,0.0000,-0.0000,0.0001,0.0000,0.0000,0.0004,0.0000,0.0000,0.0000,0.0007,0.0007,-0.0258,0.0009,0.0090,0.0010,0.0013,-0.0083,0.0078,-0.0019,-0.0215,-0.2081,0.0029,-0.0069,0.0077,-0.0028,-0.0228,-0.2093,-0.0007,0.0303,-0.0037,-0.0018,0.0816,0.0005,0.0064,-0.0000,0.0304,0.0010,0.0011,0.0810,0.0005,0.0019,0.0000,-1.0000,-1.0000,-1.0000,-1.0000,-1.0000,-1.0000,-1.0000,-1.0000,-1.0000,-1.0000,-1.0000,-1.0000,-1.0000,-1.0000,-1.0000,-1.0000,-1.0000,-1.0000,-1.0000,-1.0000,-1.0000,-1.0000,-1.0000,-1.0000,-1.0000,-1.0000,-1.0000,-1.0000,-1.0000,-1.0000,-1.0000,-1.0000,-1.0000,-1.0000,-1.0000,-1.0000,-1.0000,-1.0000,-1.0000,-1.0000,-1.0000,-1.0000,-1.0000,-1.0000,-1.0000,-1.0000,-1.0000,-1.0000,-1.0000,-1.0000,-1.0000,-1.0000,-1.0000,-1.0000,-1.0000,-1.0000,-1.0000,-1.0000,-1.0000,-1.0000,-1.0000,-1.0000,-1.0000,-1.0000,-1.0000,-1.0000,-1.0000,-1.0000,-1.0000,-1.0000,-1.0000,-1.0000,-1.0000,-1.0000,-1.0000,-1.0000,-1.0000,-1.0000,-1.0000,-1.0000,-1.0000,-1.0000,-1.0000,-1.0000,-1.0000,-1.0000,-1.0000,-1.0000,-1.0000,-1.0000,-1.0000,-1.0000,-1.0000,-1.0000,-1.0000,-1.0000,-1.0000,-1.0000,-1.0000,-1.0000,-1.0000,-1.0000,-1.0000,-1.0000,-1.0000,-1.0000,-1.0000,-1.0000,-1.0000,-1.0000,-1.0000,-1.0000,-1.0000,-1.0000,-1.0000,-1.0000,-1.0000,-1.0000,-1.0000,-1.0000,-1.0000,1.9941,2.0345,1.9991,1.9459,2.0325,1.9588,1.6982,1.8879,1.8908,1.7594,1.8436,1.9080,1.7350,1.9106,1.7474,1.7871,1.8612,1.7650,1.8002,1.7818,1.7710,1.7819,1.6763,1.6895,1.7632,1.7379,1.6635,1.6950,1.6584,1.7252,1.6622,1.6714,1.7700,1.7071,1.7065,1.7772,1.6722,1.7828,1.7623,1.7420,1.9864,2.0047,2.0043,1.9951,1.9609,1.8895,1.9622,1.9265,1.9570,1.9197,1.9517,1.8855,1.8922,1.9128,1.9426,2.0213,1.9720,1.9685,2.0102,1.9433,1.9881,1.9887,1.9936,0,1.0000,4.2540,-2.8602,2.9891
4,0.0080,-1.3225,0.9386,1.0177,4.2540,-2.8602,2.9302,0.1217,0.1900,0.0000,1.0278,1.0000,0.0000,0.0000,0.0000,0.0000,-0.0001,0.0000,0.0000,0.0005,-0.0009,0.0000,-0.0001,0.0000,0.0000,0.0005,-0.0009,-0.0000,0.0001,-0.0000,-0.0000,0.0004,0.0000,0.0000,-0.0000,0.0001,0.0000,0.0000,0.0004,0.0000,0.0000,0.0000,0.0007,0.0007,-0.0258,0.0009,0.0090,0.0010,0.0013,-0.0083,0.0078,-0.0019,-0.0215,-0.2081,0.0029,-0.0069,0.0077,-0.0028,-0.0228,-0.2093,-0.0007,0.0303,-0.0037,-0.0018,0.0816,0.0005,0.0064,-0.0000,0.0304,0.0010,0.0011,0.0810,0.0005,0.0019,0.0000,-1.0000,-1.0000,-1.0000,-1.0000,-1.0000,-1.0000,-1.0000,-1.0000,-1.0000,-1.0000,-1.0000,-1.0000,-1.0000,-1.0000,-1.0000,-1.0000,-1.0000,-1.0000,-1.0000,-1.0000,-1.0000,-1.0000,-1.0000,-1.0000,-1.0000,-1.0000,-1.0000,-1.0000,-1.0000,-1.0000,-1.0000,-1.0000,-1.0000,-1.0000,-1.0000,-1.0000,-1.0000,-1.0000,-1.0000,-1.0000,-1.0000,-1.0000,-1.0000,-1.0000,-1.0000,-1.0000,-1.0000,-1.0000,-1.0000,-1.0000,-1.0000,-1.0000,-1.0000,-1.0000,-1.0000,-1.0000,-1.0000,-1.0000,-1.0000,-1.0000,-1.0000,-1.0000,-1.0000,-1.0000,-1.0000,-1.0000,-1.0000,-1.0000,-1.0000,-1.0000,-1.0000,-1.0000,-1.0000,-1.0000,-1.0000,-1.0000,-1.0000,-1.0000,-1.0000,-1.0000,-1.0000,-1.0000,-1.0000,-1.0000,-1.0000,-1.0000,-1.0000,-1.0000,-1.0000,-1.0000,-1.0000,-1.0000,-1.0000,-1.0000,-1.0000,-1.0000,-1.0000,-1.0000,-1.0000,-1.0000,-1.0000,-1.0000,-1.0000,-1.0000,-1.0000,-1.0000,-1.0000,-1.0000,-1.0000,-1.0000,-1.0000,-1.0000,-1.0000,-1.0000,-1.0000,-1.0000,-1.0000,-1.0000,-1.0000,-1.0000,-1.0000,1.9941,2.0345,1.9991,1.9459,2.0325,1.9588,1.6982,1.8879,1.8908,1.7594,1.8436,1.9080,1.7350,1.9106,1.7474,1.7871,1.8612,1.7650,1.8002,1.7818,1.7710,1.7819,1.6763,1.6895,1.7632,1.7379,1.6635,1.6950,1.6584,1.7252,1.6622,1.6714,1.7700,1.7071,1.7065,1.7772,1.6722,1.7828,1.7623,1.7420,1.9864,2.0047,2.0043,1.9951,1.9609,1.8895,1.9622,1.9265,1.9570,1.9197,1.9517,1.8855,1.8922,1.9128,1.9426,2.0213,1.9720,1.9685,2.0102,1.9433,1.9881,1.9887,1.9936,0,1.0000,4.2540,-2.8602,2.9891
5,0.0100,-1.3140,0.9329,1.0235,4.2540,-2.8602,2.9106,0.1217,0.1900,0.0000,1.0278,1.0000,0.0000,0.0000,0.0000,0.0000,-0.0001,0.0001,0.0000,0.0003,-0.0014,0.0000,-0.0001,0.0001,0.0000,0.0003,-0.0014,-0.0000,0.0002,-0.0000,-0.0000,0.0006,0.0000,0.0000,-0.0000,0.0002,0.0000,0.0000,0.0006,0.0000,0.0000,0.0000,0.0009,0.0010,-0.0288,0.0012,0.0124,0.0012,0.0016,-0.0070,0.0102,-0.0059,-0.0648,-0.2734,0.0033,-0.0054,0.0101,-0.0070,-0.0666,-0.2753,-0.0009,0.0399,-0.0050,-0.0023,0.1049,0.0006,0.0081,-0.0001,0.0400,0.0012,0.0014,0.1041,0.0006,0.0027,0.0000,-1.0000,-1.0000,-1.0000,-1.0000,-1.0000,-1.0000,-1.0000,-1.0000,-1.0000,-1.0000,-1.0000,-1.0000,-1.0000,-1.0000,-1.0000,-1.0000,-1.0000,-1.0000,-1.0000,-1.0000,-1.0000,-1.0000,-1.0000,-1.0000,-1.0000,-1.0000,-1.0000,-1.0000,-1.0000,-1.0000,-1.0000,-1.0000,-1.0000,-1.0000,-1.0000,-1.0000,-1.0000,-1.0000,-1.0000,-1.0000,-1.0000,-1.0000,-1.0000,-1.0000,-1.0000,-1.0000,-1.0000,-1.0000,-1.0000,-1.0000,-1.0000,-1.0000,-1.0000,-1.0000,-1.0000,-1.0000,-1.0000,-1.0000,-1.0000,-1.0000,-1.0000,-1.0000,-1.0000,-1.0000,-1.0000,-1.0000,-1.0000,-1.0000,-1.0000,-1.0000,-1.0000,-1.0000,-1.0000,-1.0000,-1.0000,-1.0000,-1.0000,-1.0000,-1.0000,-1.0000,-1.0000,-1.0000,-1.0000,-1.0000,-1.0000,-1.0000,-1.0000,-1.0000,-1.0000,-1.0000,-1.0000,-1.0000,-1.0000,-1.0000,-1.0000,-1.0000,-1.0000,-1.0000,-1.0000,-1.0000,-1.0000,-1.0000,-1.0000,-1.0000,-1.0000,-1.0000,-1.0000,-1.0000,-1.0000,-1.0000,-1.0000,-1.0000,-1.0000,-1.0000,-1.0000,-1.0000,-1.0000,-1.0000,-1.0000,-1.0000,-1.0000,1.9824,2.0228,1.9874,1.9342,2.0208,1.9471,1.6873,1.8770,1.8796,1.7483,1.8328,1.8966,1.7237,1.8995,1.7365,1.7758,1.8502,1.7539,1.7889,1.7706,1.7599,1.7708,1.6651,1.6784,1.7521,1.7271,1.6525,1.6842,1.6476,1.7142,1.6515,1.6610,1.7596,1.6965,1.6962,1.7667,1.6616,1.7722,1.7519,1.7316,1.9754,1.9934,1.9930,1.9839,1.9498,1.8784,1.9511,1.9153,1.9462,1.9088,1.9409,1.8747,1.8812,1.9020,1.9320,2.0107,1.9614,1.9580,1.9996,1.9327,1.9774,1.9783,1.9831,0,1.0000,4.2540,-2.8602,2.9891
6,0.0120,-1.3055,0.9272,1.0293,4.2540,-2.8602,2.8910,0.1217,0.1900,0.0000,1.0277,1.0000,0.0000,0.0000,0.0000,0.0000,-0.0001,0.0001,0.0000,0.0001,-0.0020,0.0000,-0.0001,0.0001,0.0000,0.0001,-0.0020,-0.0000,0.0003,-0.0000,-0.0000,0.0008,0.0000,0.0001,-0.0000,0.0003,0.0000,0.0000,0.0008,0.0000,0.0000,0.0000,0.0011,0.0011,-0.0296,0.0011,0.0162,0.0012,0.0013,-0.0068,0.0111,-0.0094,-0.1002,-0.2914,0.0032,-0.0053,0.0110,-0.0104,-0.1020,-0.2930,-0.0008,0.0506,-0.0061,-0.0028,0.1305,0.0008,0.0100,-0.0001,0.0509,0.0018,0.0019,0.1298,0.0008,0.0035,0.0000,-1.0000,-1.0000,-1.0000,-1.0000,-1.0000,-1.0000,-1.0000,-1.0000,-1.0000,-1.0000,-1.0000,-1.0000,-1.0000,-1.0000,-1.0000,-1.0000,-1.0000,-1.0000,-1.0000,-1.0000,-1.0000,-1.0000,-1.0000,-1.0000,-1.0000,-1.0000,-1.0000,-1.0000,-1.0000,-1.0000,-1.0000,-1.0000,-1.0000,-1.0000,-1.0000,-1.0000,-1.0000,-1.0000,-1.0000,-1.0000,-1.0000,-1.0000,-1.0000,-1.0000,-1.0000,-1.0000,-1.0000,-1.0000,-1.0000,-1.0000,-1.0000,-1.0000,-1.0000,-1.0000,-1.0000,-1.0000,-1.0000,-1.0000,-1.0000,-1.0000,-1.0000,-1.0000,-1.0000,-1.0000,-1.0000,-1.0000,-1.0000,-1.0000,-1.0000,-1.0000,-1.0000,-1.0000,-1.0000,-1.0000,-1.0000,-1.0000,-1.0000,-1.0000,-1.0000,-1.0000,-1.0000,-1.0000,-1.0000,-1.0000,-1.0000,-1.0000,-1.0000,-1.0000,-1.0000,-1.0000,-1.0000,-1.0000,-1.0000,-1.0000,-1.0000,-1.0000,-1.0000,-1.0000,-1.0000,-1.0000,-1.0000,-1.0000,-1.0000,-1.0000,-1.0000,-1.0000,-1.0000,-1.0000,-1.0000,-1.0000,-1.0000,-1.0000,-1.0000,-1.0000,-1.0000,-1.0000,-1.0000,-1.0000,-1.0000,-1.0000,-1.0000,1.9707,2.0112,1.9757,1.9225,2.0091,1.9355,1.6765,1.8660,1.8683,1.7371,1.8220,1.8852,1.7124,1.8883,1.7255,1.7644,1.8392,1.7429,1.7777,1.7594,1.7488,1.7597,1.6540,1.6674,1.7410,1.7164,1.6416,1.6734,1.6367,1.7032,1.6407,1.6505,1.7491,1.6860,1.6858,1.7561,1.6511,1.7616,1.7416,1.7213,1.9643,1.9821,1.9818,1.9728,1.9386,1.8673,1.9401,1.9043,1.9354,1.8978,1.9300,1.8638,1.8703,1.8913,1.9215,2.0001,1.9508,1.9475,1.9889,1.9221,1.9667,1.9678,1.9726,0,1.0000,4.2540,-2.8602,2.9891
7,0.0140,-1.2970,0.9215,1.0350,4.2540,-2.8602,2.8714,0.1217,0.1900,0.0000,1.0277,1.0000,0.0000,0.0001,0.0000,0.0000,-0.0001,0.0001,-0.0000,-0.0000,-0.0024,0.0000,-0.0001,0.0001,-0.0000,-0.0000,-0.0024,-0.0000,0.0004,-0.0001,-0.0000,0.0012,0.0000,0.0001,-0.0000,0.0004,0.0000,0.0000,0.0012,0.0000,0.0000,0.0000,0.0013,0.0009,-0.0269,0.0006,0.0201,0.0012,0.0006,-0.0135,0.0076,-0.0079,-0.0753,-0.1957,0.0026,-0.0122,0.0075,-0.0087,-0.0768,-0.1971,-0.0006,0.0633,-0.0067,-0.0033,0.1608,0.0010,0.0122,-0.0001,0.0638,0.0031,0.0025,0.1604,0.0010,0.0047,0.0001,-1.0000,-1.0000,-1.0000,-1.0000,-1.0000,-1.0000,-1.0000,-1.0000,-1.0000,-1.0000,-1.0000,-1.0000,-1.0000,-1.0000,-1.0000,-1.0000,-1.0000,-1.0000,-1.0000,-1.0000,-1.0000,-1.0000,-1.0000,-1.0000,-1.0000,-1.0000,-1.0000,-1.0000,-1.0000,-1.0000,-1.0000,-1.0000,-1.0000,-1.0000,-1.0000,-1.0000,-1.0000,-1.0000,-1.0000,-1.0000,-1.0000,-1.0000,-1.0000,-1.0000,-1.0000,-1.0000,-1.0000,-1.0000,-1.0000,-1.0000,-1.0000,-1.0000,-1.0000,-1.0000,-1.0000,-1.0000,-1.0000,-1.0000,-1.0000,-1.0000,-1.0000,-1.0000,-1.0000,-1.0000,-1.0000,-1.0000,-1.0000,-1.0000,-1.0000,-1.0000,-1.0000,-1.0000,-1.0000,-1.0000,-1.0000,-1.0000,-1.0000,-1.0000,-1.0000,-1.0000,-1.0000,-1.0000,-1.0000,-1.0000,-1.0000,-1.0000,-1.0000,-1.0000,-1.0000,-1.0000,-1.0000,-1.0000,-1.0000,-1.0000,-1.0000,-1.0000,-1.0000,-1.0000,-1.0000,-1.0000,-1.0000,-1.0000,-1.0000,-1.0000,-1.0000,-1.0000,-1.0000,-1.0000,-1.0000,-1.0000,-1.0000,-1.0000,-1.0000,-1.0000,-1.0000,-1.0000,-1.0000,-1.0000,-1.0000,-1.0000,-1.0000,1.9590,1.9995,1.9640,1.9108,1.9974,1.9238,1.6656,1.8551,1.8571,1.7260,1.8113,1.8738,1.7011,1.8772,1.7146,1.7531,1.8282,1.7319,1.7664,1.7482,1.7377,1.7485,1.6429,1.6564,1.7300,1.7056,1.6307,1.6626,1.6259,1.6922,1.6300,1.6401,1.7387,1.6755,1.6754,1.7456,1.6406,1.7511,1.7313,1.7109,1.9533,1.9708,1.9706,1.9616,1.9275,1.8563,1.9290,1.8932,1.9245,1.8869,1.9192,1.8530,1.8593,1.8805,1.9110,1.9895,1.9402,1.9371,1.9783,1.9115,1.9561,1.9574,1.9622,0,1.0000,4.2540,-2.8602,2.9891
7,0.0140,-1.2970,0.9215,1.0350,4.2540,-2.8602,2.8714,0.1217,0.1900,0.0000,1.0277,1.0000,0.0000,0.0001,0.0000,0.0000,-0.0001,0.0001,-0.0000,-0.0000,-0.0024,0.0000,-0.0001,0.0001,-0.0000,-0.0000,-0.0024,-0.0000,0.0004,-0.0001,-0.0000,0.0012,0.0000,0.0001,-0.0000,0.0004,0.0000,0.0000,0.0012,0.0000,0.0000,0.0000,0.0013,0.0009,-0.0269,0.0006,0.0201,0.0012,0.0006,-0.0135,0.0076,-0.0079,-0.0753,-0.1957,0.0026,-0.0122,0.0075,-0.0087,-0.0768,-0.1971,-0.0006,0.0633,-0.0067,-0.0033,0.1608,0.0010,0.0122,-0.0001,0.0638,0.0031,0.0025,0.1604,0.0010,0.0047,0.0001,-1.0000,-1.0000,-1.0000,-1.0000,-1.0000,-1.0000,-1.0000,-1.0000,-1.0000,-1.0000,-1.0000,-1.0000,-1.0000,-1.0000,-1.0000,-1.0000,-1.0000,-1.0000,-1.0000,-1.0000,-1.0000,-1.0000,-1.0000,-1.0000,-1.0000,-1.0000,-1.0000,-1.0000,-1.0000,-1.0000,-1.0000,-1.0000,-1.0000,-1.0000,-1.0000,-1.0000,-1.0000,-1.0000,-1.0000,-1.0000,-1.0000,-1.0000,-1.0000,-1.0000,-1.0000,-1.0000,-1.0000,-1.0000,-1.0000,-1.0000,-1.0000,-1.0000,-1.0000,-1.0000,-1.0000,-1.0000,-1.0000,-1.0000,-1.0000,-1.0000,-1.0000,-1.0000,-1.0000,-1.0000,-1.0000,-1.0000,-1.0000,-1.0000,-1.0000,-1.0000,-1.0000,-1.0000,-1.0000,-1.0000,-1.0000,-1.0000,-1.0000,-1.0000,-1.0000,-1.0000,-1.0000,-1.0000,-1.0000,-1.0000,-1.0000,-1.0000,-1.0000,-1.0000,-1.0000,-1.0000,-1.0000,-1.0000,-1.0000,-1.0000,-1.0000,-1.0000,-1.0000,-1.0000,-1.0000,-1.0000,-1.0000,-1.0000,-1.0000,-1.0000,-1.0000,-1.0000,-1.0000,-1.0000,-1.0000,-1.0000,-1.0000,-1.0000,-1.0000,-1.0000,-1.0000,-1.0000,-1.0000,-1.0000,-1.0000,-1.0000,-1.0000,1.9590,1.9995,1.9640,1.9108,1.9974,1.9238,1.6656,1.8551,1.8571,1.7260,1.8113,1.8738,1.7011,1.8772,1.7146,1.7531,1.8282,1.7319,1.7664,1.7482,1.7377,1.7485,1.6429,1.6564,1.7300,1.7056,1.6307,1.6626,1.6259,1.6922,1.6300,1.6401,1.7387,1.6755,1.6754,1.7456,1.6406,1.7511,1.7313,1.7109,1.9533,1.9708,1.9706,1.9616,1.9275,1.8563,1.9290,1.8932,1.9245,1.8869,1.9192,1.8530,1.8593,1.8805,1.9110,1.9895,1.9402,1.9371,1.9783,1.9115,1.9561,1.9574,1.9622,0,1.0000,4.2540,-2.8602,2.9891
8,0.0160,-1.2885,0.9157,1.0407,4.2540,-2.8602,2.8518,0.1217,0.1900,0.0000,1.0276,1.0000,0.0000,0.0001,0.0000,0.0000,-0.0002,0.0001,-0.0000,-0.0001,-0.0026,0.0000,-0.0002,0.0001,-0.0000,-0.0001,-0.0026,-0.0000,0.0006,-0.0001,-0.0000,0.0015,0.0000,0.0001,-0.0000,0.0006,0.0000,0.0000,0.0015,0.0000,0.0000,0.0000,0.0016,0.0007,-0.0241,0.0001,0.0240,0.0011,0.0001,-0.0198,0.0044,-0.0067,-0.0528,-0.1107,0.0021,-0.0188,0.0043,-0.0072,-0.0541,-0.1121,-0.0004,0.0759,-0.0072,-0.0038,0.1895,0.0012,0.0143,-0.0001,0.0767,0.0044,0.0031,0.1894,0.0012,0.0059,0.0001,-1.0000,-1.0000,-1.0000,-1.0000,-1.0000,-1.0000,-1.0000,-1.0000,-1.0000,-1.0000,-1.0000,-1.0000,-1.0000,-1.0000,-1.0000,-1.0000,-1.0000,-1.0000,-1.0000,-1.0000,-1.0000,-1.0000,-1.0000,-1.0000,-1.0000,-1.0000,-1.0000,-1.0000,-1.0000,-1.0000,-1.0000,-1.0000,-1.0000,-1.0000,-1.0000,-1.0000,-1.0000,-1.0000,-1.0000,-1.0000,-1.0000,-1.0000,-1.0000,-1.0000,-1.0000,-1.0000,-1.0000,-1.0000,-1.0000,-1.0000,-1.0000,-1.0000,-1.0000,-1.0000,-1.0000,-1.0000,-1.0000,-1.0000,-1.0000,-1.0000,-1.0000,-1.0000,-1.0000,-1.0000,-1.0000,-1.0000,-1.0000,-1.0000,-1.0000,-1.0000,-1.0000,-1.0000,-1.0000,-1.0000,-1.0000,-1.0000,-1.0000,-1.0000,-1.0000,-1.0000,-1.0000,-1.0000,-1.0000,-1.0000,-1.0000,-1.0000,-1.0000,-1.0000,-1.0000,-1.0000,-1.0000,-1.0000,-1.0000,-1.0000,-1.0000,-1.0000,-1.0000,-1.0000,-1.0000,-1.0000,-1.0000,-1.0000,-1.0000,-1.0000,-1.0000,-1.0000,-1.0000,-1.0000,-1.0000,-1.0000,-1.0000,-1.0000,-1.0000,-1.0000,-1.0000,-1.0000,-1.0000,-1.0000,-1.0000,-1.0000,-1.0000,1.9474,1.9879,1.9523,1.8991,1.9858,1.9122,1.6548,1.8443,1.8459,1.7148,1.8005,1.8624,1.6899,1.8661,1.7037,1.7417,1.8172,1.7209,1.7552,1.7371,1.7266,1.7375,1.6319,1.6454,1.7189,1.6949,1.6198,1.6518,1.6150,1.6813,1.6194,1.6297,1.7283,1.6650,1.6651,1.7351,1.6301,1.7405,1.7210,1.7006,1.9422,1.9595,1.9594,1.9505,1.9164,1.8452,1.9180,1.8821,1.9138,1.8760,1.9084,1.8422,1.8484,1.8698,1.9006,1.9790,1.9296,1.9266,1.9677,1.9010,1.9454,1.9469,1.9517,0,1.0000,4.2540,-2.8602,2.9891
8,0.0160,-1.2885,0.9157,1.0407,4.2540,-2.8602,2.8518,0.1217,0.1900,0.0000,1.0276,1.0000,0.0000,0.0001,0.0000,0.0000,-0.0002,0.0001,-0.0000,-0.0001,-0.0026,0.0000,-0.0002,0.0001,-0.0000,-0.0001,-0.0026,-0.0000,0.0006,-0.0001,-0.0000,0.0015,0.0000,0.0001,-0.0000,0.0006,0.0000,0.0000,0.0015,0.0000,0.0000,0.0000,0.0016,0.0007,-0.0241,0.0001,0.0240,0.0011,0.0001,-0.0198,0.0044,-0.0067,-0.0528,-0.1107,0.0021,-0.0188,0.0043,-0.0072,-0.0541,-0.1121,-0.0004,0.0759,-0.0072,-0.0038,0.1895,0.0012,0.0143,-0.0001,0.0767,0.0044,0.0031,0.1894,0.0012,0.0059,0.0001,-1.0000,-1.0000,-1.0000,-1.0000,-1.0000,-1.0000,-1.0000,-1.0000,-1.0000,-1.0000,-1.0000,-1.0000,-1.0000,-1.0000,-1.0000,-1.0000,-1.0000,-1.0000,-1.0000,-1.0000,-1.0000,-1.0000,-1.0000,-1.0000,-1.0000,-1.0000,-1.0000,-1.0000,-1.0000,-1.0000,-1.0000,-1.0000,-1.0000,-1.0000,-1.0000,-1.0000,-1.0000,-1.0000,-1.0000,-1.0000,-1.0000,-1.0000,-1.0000,-1.0000,-1.0000,-1.0000,-1.0000,-1.0000,-1.0000,-1.0000,-1.0000,-1.0000,-1.0000,-1.0000,-1.0000,-1.0000,-1.0000,-1.0000,-1.0000,-1.0000,-1.0000,-1.0000,-1.0000,-1.0000,-1.0000,-1.0000,-1.0000,-1.0000,-1.0000,-1.0000,-1.0000,-1.0000,-1.0000,-1.0000,-1.0000,-1.0000,-1.0000,-1.0000,-1.0000,-1.0000,-1.0000,-1.0000,-1.0000,-1.0000,-1.0000,-1.0000,-1.0000,-1.0000,-1.0000,-1.0000,-1.0000,-1.0000,-1.0000,-1.0000,-1.0000,-1.0000,-1.0000,-1.0000,-1.0000,-1.0000,-1.0000,-1.0000,-1.0000,-1.0000,-1.0000,-1.0000,-1.0000,-1.0000,-1.0000,-1.0000,-1.0000,-1.0000,-1.0000,-1.0000,-1.0000,-1.0000,-1.0000,-1.0000,-1.0000,-1.0000,-1.0000,1.9474,1.9879,1.9523,1.8991,1.9858,1.9122,1.6548,1.8443,1.8459,1.7148,1.8005,1.8624,1.6899,1.8661,1.7037,1.7417,1.8172,1.7209,1.7552,1.7371,1.7266,1.7375,1.6319,1.6454,1.7189,1.6949,1.6198,1.6518,1.6150,1.6813,1.6194,1.6297,1.7283,1.6650,1.6651,1.7351,1.6301,1.7405,1.7210,1.7006,1.9422,1.9595,1.9594,1.9505,1.9164,1.8452,1.9180,1.8821,1.9138,1.8760,1.9084,1.8422,1.8484,1.8698,1.9006,1.9790,1.9296,1.9266,1.9677,1.9010,1.9454,1.9469,1.9517,0,1.0000,4.2540,-2.8602,2.9891
9,0.0180,-1.2800,0.9100,1.0464,4.2540,-2.8602,2.8321,0.1217,0.1900,0.0000,1.0276,1.0000,0.0000,0.0001,0.0000,0.0000,-0.0002,0.0001,-0.0000,-0.0002,-0.0027,0.0000,-0.0002,0.0001,-0.0000,-0.0002,-0.0027,-0.0000,0.0008,-0.0001,-0.0000,0.0020,0.0000,0.0002,-0.0000,0.0008,0.0000,0.0000,0.0020,0.0000,0.0001,0.0000,0.0019,0.0005,-0.0214,-0.0002,0.0278,0.0011,-0.0003,-0.0258,0.0015,-0.0058,-0.0330,-0.0374,0.0018,-0.0250,0.0014,-0.0061,-0.0341,-0.0389,-0.0002,0.0885,-0.0078,-0.0043,0.2165,0.0014,0.0164,-0.0001,0.0895,0.0057,0.0036,0.2167,0.0014,0.0071,0.0001,-1.0000,-1.0000,-1.0000,-1.0000,-1.0000,-1.0000,-1.0000,-1.0000,-1.0000,-1.0000,-1.0000,-1.0000,-1.0000,-1.0000,-1.0000,-1.0000,-1.0000,-1.0000,-1.0000,-1.0000,-1.0000,-1.0000,-1.0000,-1.0000,-1.0000,-1.0000,-1.0000,-1.0000,-1.0000,-1.0000,-1.0000,-1.0000,-1.0000,-1.0000,-1.0000,-1.0000,-1.0000,-1.0000,-1.0000,-1.0000,-1.0000,-1.0000,-1.0000,-1.0000,-1.0000,-1.0000,-1.0000,-1.0000,-1.0000,-1.0000,-1.0000,-1.0000,-1.0000,-1.0000,-1.0000,-1.0000,-1.0000,-1.0000,-1.0000,-1.0000,-1.0000,-1.0000,-1.0000,-1.0000,-1.0000,-1.0000,-1.0000,-1.0000,-1.0000,-1.0000,-1.0000,-1.0000,-1.0000,-1.0000,-1.0000,-1.0000,-1.0000,-1.0000,-1.0000,-1.0000,-1.0000,-1.0000,-1.0000,-1.0000,-1.0000,-1.0000,-1.0000,-1.0000,-1.0000,-1.0000,-1.0000,-1.0000,-1.0000,-1.0000,-1.0000,-1.0000,-1.0000,-1.0000,-1.0000,-1.0000,-1.0000,-1.0000,-1.0000,-1.0000,-1.0000,-1.0000,-1.0000,-1.0000,-1.0000,-1.0000,-1.0000,-1.0000,-1.0000,-1.0000,-1.0000,-1.0000,-1.0000,-1.0000,-1.0000,-1.0000,-1.0000,1.9357,1.9763,1.9407,1.8874,1.9742,1.9006,1.6440,1.8334,1.8347,1.7037,1.7898,1.8510,1.6786,1.8551,1.6928,1.7304,1.8062,1.7099,1.7440,1.7260,1.7156,1.7264,1.6208,1.6344,1.7079,1.6841,1.6089,1.6411,1.6042,1.6704,1.6087,1.6193,1.7179,1.6545,1.6547,1.7246,1.6196,1.7300,1.7107,1.6903,1.9312,1.9483,1.9483,1.9394,1.9053,1.8342,1.9071,1.8711,1.9030,1.8652,1.8976,1.8314,1.8374,1.8591,1.8901,1.9685,1.9190,1.9162,1.9571,1.8904,1.9348,1.9365,1.9412,0,1.0000,4.2540,-2.8602,2.9891
10,0.0200,-1.2715,0.9043,1.0520,4.2540,-2.8602,2.8125,0.1217,0.1900,0.0000,1.0275,1.0000,0.0000,0.0001,0.0000,0.0000,-0.0003,0.0001,-0.0000,-0.0002,-0.0027,0.0000,-0.0003,0.0001,-0.0001,-0.0002,-0.0027,-0.0000,0.0010,-0.0001,-0.0001,0.0025,0.0000,0.0002,-0.0000,0.0010,0.0001,0.0000,0.0025,0.0000,0.0001,0.0000,0.0022,0.0004,-0.0188,-0.0005,0.0317,0.0011,-0.0007,-0.0315,-0.0009,-0.0051,-0.0157,0.0243,0.0014,-0.0309,-0.0010,-0.0053,-0.0167,0.0226,-0.0000,0.1010,-0.0083,-0.0047,0.2418,0.0016,0.0185,-0.0001,0.1022,0.0069,0.0042,0.2422,0.0016,0.0083,0.0001,-1.0000,-1.0000,-1.0000,-1.0000,-1.0000,-1.0000,-1.0000,-1.0000,-1.0000,-1.0000,-1.0000,-1.0000,-1.0000,-1.0000,-1.0000,-1.0000,-1.0000,-1.0000,-1.0000,-1.0000,-1.0000,-1.0000,-1.0000,-1.0000,-1.0000,-1.0000,-1.0000,-1.0000,-1.0000,-1.0000,-1.0000,-1.0000,-1.0000,-1.0000,-1.0000,-1.0000,-1.0000,-1.0000,-1.0000,-1.0000,-1.0000,-1.0000,-1.0000,-1.0000,-1.0000,-1.0000,-1.0000,-1.0000,-1.0000,-1.0000,-1.0000,-1.0000,-1.0000,-1.0000,-1.0000,-1.0000,-1.0000,-1.0000,-1.0000,-1.0000,-1.0000,-1.0000,-1.0000,-1.0000,-1.0000,-1.0000,-1.0000,-1.0000,-1.0000,-1.0000,-1.0000,-1.0000,-1.0000,-1.0000,-1.0000,-1.0000,-1.0000,-1.0000,-1.0000,-1.0000,-1.0000,-1.0000,-1.0000,-1.0000,-1.0000,-1.0000,-1.0000,-1.0000,-1.0000,-1.0000,-1.0000,-1.0000,-1.0000,-1.0000,-1.0000,-1.0000,-1.0000,-1.0000,-1.0000,-1.0000,-1.0000,-1.0000,-1.0000,-1.0000,-1.0000,-1.0000,-1.0000,-1.0000,-1.0000,-1.0000,-1.0000,-1.0000,-1.0000,-1.0000,-1.0000,-1.0000,-1.0000,-1.0000,-1.0000,-1.0000,-1.0000,1.9241,1.9648,1.9291,1.8758,1.9626,1.8890,1.6332,1.8226,1.8236,1.6927,1.7791,1.8397,1.6674,1.8440,1.6819,1.7192,1.7952,1.6990,1.7328,1.7149,1.7046,1.7153,1.6098,1.6234,1.6969,1.6734,1.5980,1.6303,1.5934,1.6595,1.5980,1.6089,1.7075,1.6440,1.6444,1.7142,1.6092,1.7195,1.7004,1.6799,1.9202,1.9371,1.9371,1.9284,1.8942,1.8232,1.8961,1.8601,1.8922,1.8543,1.8868,1.8206,1.8265,1.8485,1.8796,1.9579,1.9084,1.9057,1.9465,1.8799,1.9242,1.9261,1.9308,0,1.0000,4.2540,-2.8602,2.9891
11,0.0220,-1.2630,0.8986,1.0576,4.2540,-2.8602,2.7929,0.1217,0.1900,0.0000,1.0275,1.0000,0.0000,0.0002,0.0000,0.0000,-0.0004,0.0001,-0.0001,-0.0002,-0.0025,0.0000,-0.0004,0.0001,-0.0001,-0.0003,-0.0025,-0.0000,0.0012,-0.0001,-0.0001,0.0030,0.0000,0.0002,-0.0000,0.0012,0.0001,0.0000,0.0030,0.0000,0.0001,0.0000,0.0025,0.0002,-0.0164,-0.0008,0.0354,0.0011,-0.0009,-0.0369,-0.0030,-0.0047,-0.0008,0.0752,0.0012,-0.0364,-0.0031,-0.0048,-0.0017,0.0734,0.0001,0.1133,-0.0088,-0.0051,0.2654,0.0018,0.0207,-0.0001,0.1147,0.0081,0.0046,0.2659,0.0018,0.0096,0.0001,-1.0000,-1.0000,-1.0000,-1.0000,-1.0000,-1.0000,-1.0000,-1.0000,-1.0000,-1.0000,-1.0000,-1.0000,-1.0000,-1.0000,-1.0000,-1.0000,-1.0000,-1.0000,-1.0000,-1.0000,-1.0000,-1.0000,-1.0000,-1.0000,-1.0000,-1.0000,-1.0000,-1.0000,-1.0000,-1.0000,-1.0000,-1.0000,-1.0000,-1.0000,-1.0000,-1.0000,-1.0000,-1.0000,-1.0000,-1.0000,-1.0000,-1.0000,-1.0000,-1.0000,-1.0000,-1.0000,-1.0000,-1.0000,-1.0000,-1.0000,-1.0000,-1.0000,-1.0000,-1.0000,-1.0000,-1.0000,-1.0000,-1.0000,-1.0000,-1.0000,-1.0000,-1.0000,-1.0000,-1.0000,-1.0000,-1.0000,-1.0000,-1.0000,-1.0000,-1.0000,-1.0000,-1.0000,-1.0000,-1.0000,-1.0000,-1.0000,-1.0000,-1.0000,-1.0000,-1.0000,-1.0000,-1.0000,-1.0000,-1.0000,-1.0000,-1.0000,-1.0000,-1.0000,-1.0000,-1.0000,-1.0000,-1.0000,-1.0000,-1.0000,-1.0000,-1.0000,-1.0000,-1.0000,-1.0000,-1.0000,-1.0000,-1.0000,-1.0000,-1.0000,-1.0000,-1.0000,-1.0000,-1.0000,-1.0000,-1.0000,-1.0000,-1.0000,-1.0000,-1.0000,-1.0000,-1.0000,-1.0000,-1.0000,-1.0000,-1.0000,-1.0000,1.9125,1.9532,1.9175,1.8642,1.9510,1.8774,1.6225,1.8118,1.8124,1.6816,1.7684,1.8283,1.6562,1.8330,1.6711,1.7079,1.7843,1.6881,1.7216,1.7038,1.6935,1.7043,1.5987,1.6125,1.6859,1.6627,1.5872,1.6196,1.5827,1.6486,1.5874,1.5986,1.6971,1.6336,1.6341,1.7037,1.5987,1.7090,1.6901,1.6696,1.9092,1.9259,1.9260,1.9173,1.8831,1.8122,1.8851,1.8491,1.8814,1.8435,1.8760,1.8098,1.8156,1.8378,1.8692,1.9474,1.8979,1.8953,1.9359,1.8694,1.9136,1.9157,1.9203,0,1.0000,4.2540,-2.8602,2.9891
11,0.0220,-1.2630,0.8986,1.0576,4.2540,-2.8602,2.7929,0.1217,0.1900,0.0000,1.0275,1.0000,0.0000,0.0002,0.0000,0.0000,-0.0004,0.0001,-0.0001,-0.0002,-0.0025,0.0000,-0.0004,0.0001,-0.0001,-0.0003,-0.0025,-0.0000,0.0012,-0.0001,-0.0001,0.0030,0.0000,0.0002,-0.0000,0.0012,0.0001,0.0000,0.0030,0.0000,0.0001,0.0000,0.0025,0.0002,-0.0164,-0.0008,0.0354,0.0011,-0.0009,-0.0369,-0.0030,-0.0047,-0.0008,0.0752,0.0012,-0.0364,-0.0031,-0.0048,-0.0017,0.0734,0.0001,0.1133,-0.0088,-0.0051,0.2654,0.0018,0.0207,-0.0001,0.1147,0.0081,0.0046,0.2659,0.0018,0.0096,0.0001,-1.0000,-1.0000,-1.0000,-1.0000,-1.0000,-1.0000,-1.0000,-1.0000,-1.0000,-1.0000,-1.0000,-1.0000,-1.0000,-1.0000,-1.0000,-1.0000,-1.0000,-1.0000,-1.0000,-1.0000,-1.0000,-1.0000,-1.0000,-1.0000,-1.0000,-1.0000,-1.0000,-1.0000,-1.0000,-1.0000,-1.0000,-1.0000,-1.0000,-1.0000,-1.0000,-1.0000,-1.0000,-1.0000,-1.0000,-1.0000,-1.0000,-1.0000,-1.0000,-1.0000,-1.0000,-1.0000,-1.0000,-1.0000,-1.0000,-1.0000,-1.0000,-1.0000,-1.0000,-1.0000,-1.0000,-1.0000,-1.0000,-1.0000,-1.0000,-1.0000,-1.0000,-1.0000,-1.0000,-1.0000,-1.0000,-1.0000,-1.0000,-1.0000,-1.0000,-1.0000,-1.0000,-1.0000,-1.0000,-1.0000,-1.0000,-1.0000,-1.0000,-1.0000,-1.0000,-1.0000,-1.0000,-1.0000,-1.0000,-1.0000,-1.0000,-1.0000,-1.0000,-1.0000,-1.0000,-1.0000,-1.0000,-1.0000,-1.0000,-1.0000,-1.0000,-1.0000,-1.0000,-1.0000,-1.0000,-1.0000,-1.0000,-1.0000,-1.0000,-1.0000,-1.0000,-1.0000,-1.0000,-1.0000,-1.0000,-1.0000,-1.0000,-1.0000,-1.0000,-1.0000,-1.0000,-1.0000,-1.0000,-1.0000,-1.0000,-1.0000,-1.0000,1.9125,1.9532,1.9175,1.8642,1.9510,1.8774,1.6225,1.8118,1.8124,1.6816,1.7684,1.8283,1.6562,1.8330,1.6711,1.7079,1.7843,1.6881,1.7216,1.7038,1.6935,1.7043,1.5987,1.6125,1.6859,1.6627,1.5872,1.6196,1.5827,1.6486,1.5874,1.5986,1.6971,1.6336,1.6341,1.7037,1.5987,1.7090,1.6901,1.6696,1.9092,1.9259,1.9260,1.9173,1.8831,1.8122,1.8851,1.8491,1.8814,1.8435,1.8760,1.8098,1.8156,1.8378,1.8692,1.9474,1.8979,1.8953,1.9359,1.8694,1.9136,1.9157,1.9203,0,1.0000,4.2540,-2.8602,2.9891
12,0.0240,-1.2545,0.8929,1.0632,4.2540,-2.8602,2.7733,0.1217,0.1900,0.0000,1.0275,1.0000,0.0000,0.0002,0.0000,0.0000,-0.0005,0.0001,-0.0001,-0.0002,-0.0023,0.0001,-0.0004,0.0001,-0.0001,-0.0002,-0.0023,-0.0000,0.0015,-0.0001,-0.0001,0.0036,0.0000,0.0003,-0.0000,0.0015,0.0001,0.0001,0.0036,0.0000,0.0001,0.0000,0.0028,0.0001,-0.0142,-0.0009,0.0392,0.0011,-0.0012,-0.0419,-0.0047,-0.0045,0.0119,0.1163,0.0009,-0.0415,-0.0048,-0.0045,0.0111,0.1144,0.0003,0.1255,-0.0093,-0.0055,0.2871,0.0020,0.0228,-0.0002,0.1270,0.0093,0.0051,0.2878,0.0020,0.0108,0.0001,-1.0000,-1.0000,-1.0000,-1.0000,-1.0000,-1.0000,-1.0000,-1.0000,-1.0000,-1.0000,-1.0000,-1.0000,-1.0000,-1.0000,-1.0000,-1.0000,-1.0000,-1.0000,-1.0000,-1.0000,-1.0000,-1.0000,-1.0000,-1.0000,-1.0000,-1.0000,-1.0000,-1.0000,-1.0000,-1.0000,-1.0000,-1.0000,-1.0000,-1.0000,-1.0000,-1.0000,-1.0000,-1.0000,-1.0000,-1.0000,-1.0000,-1.0000,-1.0000,-1.0000,-1.0000,-1.0000,-1.0000,-1.0000,-1.0000,-1.0000,-1.0000,-1.0000,-1.0000,-1.0000,-1.0000,-1.0000,-1.0000,-1.0000,-1.0000,-1.0000,-1.0000,-1.0000,-1.0000,-1.0000,-1.0000,-1.0000,-1.0000,-1.0000,-1.0000,-1.0000,-1.0000,-1.0000,-1.0000,-1.0000,-1.0000,-1.0000,-1.0000,-1.0000,-1.0000,-1.0000,-1.0000,-1.0000,-1.0000,-1.0000,-1.0000,-1.0000,-1.0000,-1.0000,-1.0000,-1.0000,-1.0000,-1.0000,-1.0000,-1.0000,-1.0000,-1.0000,-1.0000,-1.0000,-1.0000,-1.0000,-1.0000,-1.0000,-1.0000,-1.0000,-1.0000,-1.0000,-1.0000,-1.0000,-1.0000,-1.0000,-1.0000,-1.0000,-1.0000,-1.0000,-1.0000,-1.0000,-1.0000,-1.0000,-1.0000,-1.0000,-1.0000,1.9010,1.9417,1.9059,1.8526,1.9394,1.8659,1.6117,1.8010,1.8013,1.6706,1.7577,1.8170,1.6451,1.8219,1.6603,1.6966,1.7734,1.6771,1.7105,1.6927,1.6825,1.6933,1.5877,1.6016,1.6749,1.6520,1.5764,1.6089,1.5719,1.6377,1.5768,1.5882,1.6868,1.6231,1.6238,1.6933,1.5883,1.6985,1.6798,1.6593,1.8982,1.9147,1.9149,1.9062,1.8721,1.8012,1.8742,1.8381,1.8707,1.8326,1.8653,1.7991,1.8047,1.8271,1.8587,1.9369,1.8873,1.8849,1.9253,1.8589,1.9030,1.9053,1.9099,0,1.0000,4.2540,-2.8602,2.9891
12,0.0240,-1.2545,0.8929,1.0632,4.2540,-2.8602,2.7733,0.1217,0.1900,0.0000,1.0275,1.0000,0.0000,0.0002,0.0000,0.0000,-0.0005,0.0001,-0.0001,-0.0002,-0.0023,0.0001,-0.0004,0.0001,-0.0001,-0.0002,-0.0023,-0.0000,0.0015,-0.0001,-0.0001,0.0036,0.0000,0.0003,-0.0000,0.0015,0.0001,0.0001,0.0036,0.0000,0.0001,0.0000,0.0028,0.0001,-0.0142,-0.0009,0.0392,0.0011,-0.0012,-0.0419,-0.0047,-0.0045,0.0119,0.1163,0.0009,-0.0415,-0.0048,-0.0045,0.0111,0.1144,0.0003,0.1255,-0.0093,-0.0055,0.2871,0.0020,0.0228,-0.0002,0.1270,0.0093,0.0051,0.2878,0.0020,0.0108,0.0001,-1.0000,-1.0000,-1.0000,-1.0000,-1.0000,-1.0000,-1.0000,-1.0000,-1.0000,-1.0000,-1.0000,-1.0000,-1.0000,-1.0000,-1.0000,-1.0000,-1.0000,-1.0000,-1.0000,-1.0000,-1.0000,-1.0000,-1.0000,-1.0000,-1.0000,-1.0000,-1.0000,-1.0000,-1.0000,-1.0000,-1.0000,-1.0000,-1.0000,-1.0000,-1.0000,-1.0000,-1.0000,-1.0000,-1.0000,-1.0000,-1.0000,-1.0000,-1.0000,-1.0000,-1.0000,-1.0000,-1.0000,-1.0000,-1.0000,-1.0000,-1.0000,-1.0000,-1.0000,-1.0000,-1.0000,-1.0000,-1.0000,-1.0000,-1.0000,-1.0000,-1.0000,-1.0000,-1.0000,-1.0000,-1.0000,-1.0000,-1.0000,-1.0000,-1.0000,-1.0000,-1.0000,-1.0000,-1.0000,-1.0000,-1.0000,-1.0000,-1.0000,-1.0000,-1.0000,-1.0000,-1.0000,-1.0000,-1.0000,-1.0000,-1.0000,-1.0000,-1.0000,-1.0000,-1.0000,-1.0000,-1.0000,-1.0000,-1.0000,-1.0000,-1.0000,-1.0000,-1.0000,-1.0000,-1.0000,-1.0000,-1.0000,-1.0000,-1.0000,-1.0000,-1.0000,-1.0000,-1.0000,-1.0000,-1.0000,-1.0000,-1.0000,-1.0000,-1.0000,-1.0000,-1.0000,-1.0000,-1.0000,-1.0000,-1.0000,-1.0000,-1.0000,1.9010,1.9417,1.9059,1.8526,1.9394,1.8659,1.6117,1.8010,1.8013,1.6706,1.7577,1.8170,1.6451,1.8219,1.6603,1.6966,1.7734,1.6771,1.7105,1.6927,1.6825,1.6933,1.5877,1.6016,1.6749,1.6520,1.5764,1.6089,1.5719,1.6377,1.5768,1.5882,1.6868,1.6231,1.6238,1.6933,1.5883,1.6985,1.6798,1.6593,1.8982,1.9147,1.9149,1.9062,1.8721,1.8012,1.8742,1.8381,1.8707,1.8326,1.8653,1.7991,1.8047,1.8271,1.8587,1.9369,1.8873,1.8849,1.9253,1.8589,1.9030,1.9053,1.9099,0,1.0000,4.2540,-2.8602,2.9891
13,0.0260,-1.2459,0.8871,1.0687,4.2540,-2.8602,2.7537,0.1217,0.1900,0.0000,1.0274,1.0000,0.0000,0.0003,0.0000,0.0000,-0.0006,0.0000,-0.0001,-0.0002,-0.0019,0.0001,-0.0006,0.0000,-0.0001,0.0001,-0.0021,-0.0000,0.0017,-0.0001,-0.0001,0.0042,0.0000,0.0003,-0.0000,0.0017,0.0001,0.0001,0.0041,0.0000,0.0001,0.0000,0.0031,0.0012,-0.0170,0.0230,0.0413,0.0007,-0.0009,-0.0448,-0.0367,-0.0047,0.0239,0.1619,0.0003,-0.0606,-0.0346,0.0076,0.1599,0.1146,-0.0022,0.1385,-0.0012,-0.0085,0.3076,0.0021,0.0249,-0.0002,0.1325,0.0186,0.0026,0.2919,0.0020,0.0116,0.0001,-1.0000,-1.0000,-1.0000,-1.0000,-1.0000,-1.0000,-1.0000,-1.0000,-1.0000,-1.0000,-1.0000,-1.0000,-1.0000,-1.0000,-1.0000,-1.0000,-1.0000,-1.0000,-1.0000,-1.0000,-1.0000,-1.0000,-1.0000,-1.0000,-1.0000,-1.0000,-1.0000,-1.0000,-1.0000,-1.0000,-1.0000,-1.0000,-1.0000,-1.0000,-1.0000,-1.0000,-1.0000,-1.0000,-1.0000,-1.0000,-1.0000,-1.0000,-1.0000,-1.0000,-1.0000,-1.0000,-1.0000,-1.0000,-1.0000,-1.0000,-1.0000,-1.0000,-1.0000,-1.0000,-1.0000,-1.0000,-1.0000,-1.0000,-1.0000,-1.0000,-1.0000,-1.0000,-1.0000,-1.0000,-1.0000,-1.0000,-1.0000,-1.0000,-1.0000,-1.0000,-1.0000,-1.0000,-1.0000,-1.0000,-1.0000,-1.0000,-1.0000,-1.0000,-1.0000,-1.0000,-1.0000,-1.0000,-1.0000,-1.0000,-1.0000,-1.0000,-1.0000,-1.0000,-1.0000,-1.0000,-1.0000,-1.0000,-1.0000,-1.0000,-1.0000,-1.0000,-1.0000,-1.0000,-1.0000,-1.0000,-1.0000,-1.0000,-1.0000,-1.0000,-1.0000,-1.0000,-1.0000,-1.0000,-1.0000,-1.0000,-1.0000,-1.0000,-1.0000,-1.0000,-1.0000,-1.0000,-1.0000,-1.0000,-1.0000,-1.0000,-1.0000,1.8894,1.9302,1.8944,1.8411,1.9279,1.8544,1.6010,1.7902,1.7902,1.6595,1.7471,1.8058,1.6339,1.8110,1.6495,1.6854,1.7625,1.6662,1.6993,1.6817,1.6716,1.6822,1.5768,1.5907,1.6640,1.6414,1.5656,1.5982,1.5612,1.6268,1.5662,1.5779,1.6764,1.6127,1.6135,1.6828,1.5779,1.6880,1.6696,1.6491,1.8873,1.9035,1.9038,1.8952,1.8610,1.7903,1.8632,1.8271,1.8600,1.8218,1.8545,1.7883,1.7939,1.8165,1.8483,1.9264,1.8768,1.8745,1.9148,1.8484,1.8924,1.8949,1.8995,0,1.0000,4.2540,-2.8602,2.9891
14,0.0280,-1.2374,0.8814,1.0741,4.2540,-2.8602,2.7340,0.1217,0.1900,0.0000,1.0274,1.0000,0.0001,0.0003,0.0000,0.0000,-0.0006,-0.0001,-0.0001,-0.0001,-0.0016,0.0001,-0.0007,-0.0001,-0.0000,0.0003,-0.0015,-0.0000,0.0020,-0.0001,-0.0001,0.0048,0.0000,0.0004,-0.0000,0.0020,0.0002,0.0001,0.0048,0.0000,0.0002,0.0000,0.0034,0.0014,-0.0171,0.0333,0.0446,0.0006,-0.0010,-0.0490,-0.0508,-0.0048,0.0333,0.1918,0.0006,-0.0598,-0.0551,0.0039,0.1229,0.2761,-0.0031,0.1507,0.0024,-0.0098,0.3261,0.0022,0.0270,-0.0002,0.1416,0.0235,0.0020,0.3039,0.0021,0.0126,0.0001,-1.0000,-1.0000,-1.0000,-1.0000,-1.0000,-1.0000,-1.0000,-1.0000,-1.0000,-1.0000,-1.0000,-1.0000,-1.0000,-1.0000,-1.0000,-1.0000,-1.0000,-1.0000,-1.0000,-1.0000,-1.0000,-1.0000,-1.0000,-1.0000,-1.0000,-1.0000,-1.0000,-1.0000,-1.0000,-1.0000,-1.0000,-1.0000,-1.0000,-1.0000,-1.0000,-1.0000,-1.0000,-1.0000,-1.0000,-1.0000,-1.0000,-1.0000,-1.0000,-1.0000,-1.0000,-1.0000,-1.0000,-1.0000,-1.0000,-1.0000,-1.0000,-1.0000,-1.0000,-1.0000,-1.0000,-1.0000,-1.0000,-1.0000,-1.0000,-1.0000,-1.0000,-1.0000,-1.0000,-1.0000,-1.0000,-1.0000,-1.0000,-1.0000,-1.0000,-1.0000,-1.0000,-1.0000,-1.0000,-1.0000,-1.0000,-1.0000,-1.0000,-1.0000,-1.0000,-1.0000,-1.0000,-1.0000,-1.0000,-1.0000,-1.0000,-1.0000,-1.0000,-1.0000,-1.0000,-1.0000,-1.0000,-1.0000,-1.0000,-1.0000,-1.0000,-1.0000,-1.0000,-1.0000,-1.0000,-1.0000,-1.0000,-1.0000,-1.0000,-1.0000,-1.0000,-1.0000,-1.0000,-1.0000,-1.0000,-1.0000,-1.0000,-1.0000,-1.0000,-1.0000,-1.0000,-1.0000,-1.0000,-1.0000,-1.0000,-1.0000,-1.0000,1.8779,1.9187,1.8828,1.8296,1.9164,1.8429,1.5903,1.7794,1.7791,1.6485,1.7364,1.7945,1.6228,1.8000,1.6387,1.6742,1.7516,1.6553,1.6882,1.6706,1.6606,1.6713,1.5658,1.5798,1.6530,1.6307,1.5548,1.5875,1.5504,1.6160,1.5556,1.5676,1.6661,1.6023,1.6032,1.6724,1.5675,1.6776,1.6593,1.6388,1.8763,1.8924,1.8927,1.8842,1.8500,1.7793,1.8523,1.8161,1.8492,1.8110,1.8438,1.7776,1.7830,1.8059,1.8379,1.9159,1.8663,1.8640,1.9042,1.8379,1.8819,1.8845,1.8891,0,1.0000,4.2540,-2.8602,2.9891
14,0.0280,-1.2374,0.8814,1.0741,4.2540,-2.8602,2.7340,0.1217,0.1900,0.0000,1.0274,1.0000,0.0001,0.0003,0.0000,0.0000,-0.0006,-0.0001,-0.0001,-0.0001,-0.0016,0.0001,-0.0007,-0.0001,-0.0000,0.0003,-0.0015,-0.0000,0.0020,-0.0001,-0.0001,0.0048,0.0000,0.0004,-0.0000,0.0020,0.0002,0.0001,0.0048,0.0000,0.0002,0.0000,0.0034,0.0014,-0.0171,0.0333,0.0446,0.0006,-0.0010,-0.0490,-0.0508,-0.0048,0.0333,0.1918,0.0006,-0.0598,-0.0551,0.0039,0.1229,0.2761,-0.0031,0.1507,0.0024,-0.0098,0.3261,0.0022,0.0270,-0.0002,0.1416,0.0235,0.0020,0.3039,0.0021,0.0126,0.0001,-1.0000,-1.0000,-1.0000,-1.0000,-1.0000,-1.0000,-1.0000,-1.0000,-1.0000,-1.0000,-1.0000,-1.0000,-1.0000,-1.0000,-1.0000,-1.0000,-1.0000,-1.0000,-1.0000,-1.0000,-1.0000,-1.0000,-1.0000,-1.0000,-1.0000,-1.0000,-1.0000,-1.0000,-1.0000,-1.0000,-1.0000,-1.0000,-1.0000,-1.0000,-1.0000,-1.0000,-1.0000,-1.0000,-1.0000,-1.0000,-1.0000,-1.0000,-1.0000,-1.0000,-1.0000,-1.0000,-1.0000,-1.0000,-1.0000,-1.0000,-1.0000,-1.0000,-1.0000,-1.0000,-1.0000,-1.0000,-1.0000,-1.0000,-1.0000,-1.0000,-1.0000,-1.0000,-1.0000,-1.0000,-1.0000,-1.0000,-1.0000,-1.0000,-1.0000,-1.0000,-1.0000,-1.0000,-1.0000,-1.0000,-1.0000,-1.0000,-1.0000,-1.0000,-1.0000,-1.0000,-1.0000,-1.0000,-1.0000,-1.0000,-1.0000,-1.0000,-1.0000,-1.0000,-1.0000,-1.0000,-1.0000,-1.0000,-1.0000,-1.0000,-1.0000,-1.0000,-1.0000,-1.0000,-1.0000,-1.0000,-1.0000,-1.0000,-1.0000,-1.0000,-1.0000,-1.0000,-1.0000,-1.0000,-1.0000,-1.0000,-1.0000,-1.0000,-1.0000,-1.0000,-1.0000,-1.0000,-1.0000,-1.0000,-1.0000,-1.0000,-1.0000,1.8779,1.9187,1.8828,1.8296,1.9164,1.8429,1.5903,1.7794,1.7791,1.6485,1.7364,1.7945,1.6228,1.8000,1.6387,1.6742,1.7516,1.6553,1.6882,1.6706,1.6606,1.6713,1.5658,1.5798,1.6530,1.6307,1.5548,1.5875,1.5504,1.6160,1.5556,1.5676,1.6661,1.6023,1.6032,1.6724,1.5675,1.6776,1.6593,1.6388,1.8763,1.8924,1.8927,1.8842,1.8500,1.7793,1.8523,1.8161,1.8492,1.8110,1.8438,1.7776,1.7830,1.8059,1.8379,1.9159,1.8663,1.8640,1.9042,1.8379,1.8819,1.8845,1.8891,0,1.0000,4.2540,-2.8602,2.9891
15,0.0300,-1.2289,0.8757,1.0796,4.2540,-2.8602,2.7144,0.1217,0.1901,0.0000,1.0274,1.0000,0.0001,0.0004,0.0000,0.0000,-0.0008,-0.0002,-0.0001,-0.0000,-0.0011,0.0001,-0.0008,-0.0002,-0.0001,0.0005,-0.0011,-0.0000,0.0024,-0.0001,-0.0001,0.0055,0.0000,0.0004,-0.0000,0.0023,0.0002,0.0001,0.0054,0.0000,0.0002,0.0000,0.0037,0.0013,-0.0149,0.0316,0.0484,0.0007,-0.0012,-0.0535,-0.0495,-0.0052,0.0403,0.2082,0.0010,-0.0586,-0.0501,-0.0006,0.0800,0.2161,-0.0027,0.1622,0.0008,-0.0096,0.3428,0.0024,0.0290,-0.0002,0.1540,0.0234,0.0029,0.3226,0.0023,0.0139,0.0001,-1.0000,-1.0000,-1.0000,-1.0000,-1.0000,-1.0000,-1.0000,-1.0000,-1.0000,-1.0000,-1.0000,-1.0000,-1.0000,-1.0000,-1.0000,-1.0000,-1.0000,-1.0000,-1.0000,-1.0000,-1.0000,-1.0000,-1.0000,-1.0000,-1.0000,-1.0000,-1.0000,-1.0000,-1.0000,-1.0000,-1.0000,-1.0000,-1.0000,-1.0000,-1.0000,-1.0000,-1.0000,-1.0000,-1.0000,-1.0000,-1.0000,-1.0000,-1.0000,-1.0000,-1.0000,-1.0000,-1.0000,-1.0000,-1.0000,-1.0000,-1.0000,-1.0000,-1.0000,-1.0000,-1.0000,-1.0000,-1.0000,-1.0000,-1.0000,-1.0000,-1.0000,-1.0000,-1.0000,-1.0000,-1.0000,-1.0000,-1.0000,-1.0000,-1.0000,-1.0000,-1.0000,-1.0000,-1.0000,-1.0000,-1.0000,-1.0000,-1.0000,-1.0000,-1.0000,-1.0000,-1.0000,-1.0000,-1.0000,-1.0000,-1.0000,-1.0000,-1.0000,-1.0000,-1.0000,-1.0000,-1.0000,-1.0000,-1.0000,-1.0000,-1.0000,-1.0000,-1.0000,-1.0000,-1.0000,-1.0000,-1.0000,-1.0000,-1.0000,-1.0000,-1.0000,-1.0000,-1.0000,-1.0000,-1.0000,-1.0000,-1.0000,-1.0000,-1.0000,-1.0000,-1.0000,-1.0000,-1.0000,-1.0000,-1.0000,-1.0000,-1.0000,1.8664,1.9073,1.8713,1.8181,1.9049,1.8314,1.5796,1.7687,1.7680,1.6375,1.7258,1.7833,1.6117,1.7890,1.6279,1.6630,1.7408,1.6445,1.6772,1.6596,1.6497,1.6603,1.5549,1.5689,1.6421,1.6201,1.5440,1.5768,1.5397,1.6052,1.5450,1.5573,1.6558,1.5919,1.5930,1.6620,1.5571,1.6671,1.6491,1.6285,1.8654,1.8813,1.8817,1.8732,1.8390,1.7684,1.8414,1.8052,1.8385,1.8002,1.8330,1.7669,1.7722,1.7952,1.8274,1.9055,1.8558,1.8536,1.8937,1.8274,1.8713,1.8741,1.8786,0,1.0000,4.2540,-2.8602,2.9891
15,0.0300,-1.2289,0.8757,1.0796,4.2540,-2.8602,2.7144,0.1217,0.1901,0.0000,1.0274,1.0000,0.0001,0.0004,0.0000,0.0000,-0.0008,-0.0002,-0.0001,-0.0000,-0.0011,0.0001,-0.0008,-0.0002,-0.0001,0.0005,-0.0011,-0.0000,0.0024,-0.0001,-0.0001,0.0055,0.0000,0.0004,-0.0000,0.0023,0.0002,0.0001,0.0054,0.0000,0.0002,0.0000,0.0037,0.0013,-0.0149,0.0316,0.0484,0.0007,-0.0012,-0.0535,-0.0495,-0.0052,0.0403,0.2082,0.0010,-0.0586,-0.0501,-0.0006,0.0800,0.2161,-0.0027,0.1622,0.0008,-0.0096,0.3428,0.0024,0.0290,-0.0002,0.1540,0.0234,0.0029,0.3226,0.0023,0.0139,0.0001,-1.0000,-1.0000,-1.0000,-1.0000,-1.0000,-1.0000,-1.0000,-1.0000,-1.0000,-1.0000,-1.0000,-1.0000,-1.0000,-1.0000,-1.0000,-1.0000,-1.0000,-1.0000,-1.0000,-1.0000,-1.0000,-1.0000,-1.0000,-1.0000,-1.0000,-1.0000,-1.0000,-1.0000,-1.0000,-1.0000,-1.0000,-1.0000,-1.0000,-1.0000,-1.0000,-1.0000,-1.0000,-1.0000,-1.0000,-1.0000,-1.0000,-1.0000,-1.0000,-1.0000,-1.0000,-1.0000,-1.0000,-1.0000,-1.0000,-1.0000,-1.0000,-1.0000,-1.0000,-1.0000,-1.0000,-1.0000,-1.0000,-1.0000,-1.0000,-1.0000,-1.0000,-1.0000,-1.0000,-1.0000,-1.0000,-1.0000,-1.0000,-1.0000,-1.0000,-1.0000,-1.0000,-1.0000,-1.0000,-1.0000,-1.0000,-1.0000,-1.0000,-1.0000,-1.0000,-1.0000,-1.0000,-1.0000,-1.0000,-1.0000,-1.0000,-1.0000,-1.0000,-1.0000,-1.0000,-1.0000,-1.0000,-1.0000,-1.0000,-1.0000,-1.0000,-1.0000,-1.0000,-1.0000,-1.0000,-1.0000,-1.0000,-1.0000,-1.0000,-1.0000,-1.0000,-1.0000,-1.0000,-1.0000,-1.0000,-1.0000,-1.0000,-1.0000,-1.0000,-1.0000,-1.0000,-1.0000,-1.0000,-1.0000,-1.0000,-1.0000,-1.0000,1.8664,1.9073,1.8713,1.8181,1.9049,1.8314,1.5796,1.7687,1.7680,1.6375,1.7258,1.7833,1.6117,1.7890,1.6279,1.6630,1.7408,1.6445,1.6772,1.6596,1.6497,1.6603,1.5549,1.5689,1.6421,1.6201,1.5440,1.5768,1.5397,1.6052,1.5450,1.5573,1.6558,1.5919,1.5930,1.6620,1.5571,1.6671,1.6491,1.6285,1.8654,1.8813,1.8817,1.8732,1.8390,1.7684,1.8414,1.8052,1.8385,1.8002,1.8330,1.7669,1.7722,1.7952,1.8274,1.9055,1.8558,1.8536,1.8937,1.8274,1.8713,1.8741,1.8786,0,1.0000,4.2540,-2.8602,2.9891
16,0.0320,-1.2204,0.8700,1.0850,4.2540,-2.8602,2.6948,0.1217,0.1901,0.0000,1.0274,1.0000,0.0001,0.0004,0.0000,-0.0000,-0.0009,-0.0003,-0.0001,0.0001,-0.0007,0.0001,-0.0009,-0.0003,-0.0001,0.0006,-0.0008,-0.0000,0.0027,-0.0001,-0.0001,0.0062,0.0000,0.0005,-0.0000,0.0027,0.0003,0.0001,0.0061,0.0000,0.0002,0.0000,0.0040,0.0012,-0.0128,0.0298,0.0522,0.0008,-0.0014,-0.0578,-0.0477,-0.0057,0.0459,0.2191,0.0012,-0.0579,-0.0450,-0.0047,0.0435,0.1580,-0.0023,0.1735,-0.0009,-0.0095,0.3577,0.0026,0.0311,-0.0002,0.1661,0.0232,0.0037,0.3397,0.0025,0.0153,0.0002,-1.0000,-1.0000,-1.0000,-1.0000,-1.0000,-1.0000,-1.0000,-1.0000,-1.0000,-1.0000,-1.0000,-1.0000,-1.0000,-1.0000,-1.0000,-1.0000,-1.0000,-1.0000,-1.0000,-1.0000,-1.0000,-1.0000,-1.0000,-1.0000,-1.0000,-1.0000,-1.0000,-1.0000,-1.0000,-1.0000,-1.0000,-1.0000,-1.0000,-1.0000,-1.0000,-1.0000,-1.0000,-1.0000,-1.0000,-1.0000,-1.0000,-1.0000,-1.0000,-1.0000,-1.0000,-1.0000,-1.0000,-1.0000,-1.0000,-1.0000,-1.0000,-1.0000,-1.0000,-1.0000,-1.0000,-1.0000,-1.0000,-1.0000,-1.0000,-1.0000,-1.0000,-1.0000,-1.0000,-1.0000,-1.0000,-1.0000,-1.0000,-1.0000,-1.0000,-1.0000,-1.0000,-1.0000,-1.0000,-1.0000,-1.0000,-1.0000,-1.0000,-1.0000,-1.0000,-1.0000,-1.0000,-1.0000,-1.0000,-1.0000,-1.0000,-1.0000,-1.0000,-1.0000,-1.0000,-1.0000,-1.0000,-1.0000,-1.0000,-1.0000,-1.0000,-1.0000,-1.0000,-1.0000,-1.0000,-1.0000,-1.0000,-1.0000,-1.0000,-1.0000,-1.0000,-1.0000,-1.0000,-1.0000,-1.0000,-1.0000,-1.0000,-1.0000,-1.0000,-1.0000,-1.0000,-1.0000,-1.0000,-1.0000,-1.0000,-1.0000,-1.0000,1.8549,1.8958,1.8599,1.8066,1.8935,1.8200,1.5689,1.7579,1.7570,1.6266,1.7152,1.7720,1.6006,1.7781,1.6172,1.6519,1.7299,1.6336,1.6661,1.6487,1.6388,1.6494,1.5439,1.5581,1.6312,1.6095,1.5333,1.5662,1.5290,1.5944,1.5344,1.5470,1.6455,1.5816,1.5827,1.6516,1.5468,1.6567,1.6388,1.6183,1.8545,1.8702,1.8706,1.8622,1.8280,1.7575,1.8306,1.7942,1.8278,1.7894,1.8223,1.7562,1.7613,1.7846,1.8170,1.8950,1.8453,1.8433,1.8832,1.8169,1.8608,1.8637,1.8682,0,1.0000,4.2540,-2.8602,2.9891
17,0.0340,-1.2119,0.8643,1.0903,4.2540,-2.8602,2.6752,0.1217,0.1901,0.0000,1.0273,1.0000,0.0002,0.0005,0.0000,-0.0000,-0.0010,-0.0004,-0.0001,0.0002,-0.0003,0.0001,-0.0010,-0.0004,-0.0001,0.0006,-0.0007,-0.0000,0.0031,-0.0001,-0.0002,0.0070,0.0000,0.0006,-0.0000,0.0030,0.0003,0.0001,0.0068,0.0000,0.0003,0.0000,0.0043,0.0013,-0.0116,0.0310,0.0559,0.0007,-0.0015,-0.0618,-0.0497,-0.0063,0.0505,0.2272,0.0019,-0.0564,-0.0414,-0.0095,0.0019,0.0495,-0.0023,0.1847,-0.0015,-0.0096,0.3710,0.0028,0.0312,-0.0002,0.1771,0.0238,0.0041,0.3529,0.0027,0.0165,0.0002,-1.0000,-1.0000,-1.0000,-1.0000,-1.0000,-1.0000,-1.0000,-1.0000,-1.0000,-1.0000,-1.0000,-1.0000,-1.0000,-1.0000,-1.0000,-1.0000,-1.0000,-1.0000,-1.0000,-1.0000,-1.0000,-1.0000,-1.0000,-1.0000,-1.0000,-1.0000,-1.0000,-1.0000,-1.0000,-1.0000,-1.0000,-1.0000,-1.0000,-1.0000,-1.0000,-1.0000,-1.0000,-1.0000,-1.0000,-1.0000,-1.0000,-1.0000,-1.0000,-1.0000,-1.0000,-1.0000,-1.0000,-1.0000,-1.0000,-1.0000,-1.0000,-1.0000,-1.0000,-1.0000,-1.0000,-1.0000,-1.0000,-1.0000,-1.0000,-1.0000,-1.0000,-1.0000,-1.0000,-1.0000,-1.0000,-1.0000,-1.0000,-1.0000,-1.0000,-1.0000,-1.0000,-1.0000,-1.0000,-1.0000,-1.0000,-1.0000,-1.0000,-1.0000,-1.0000,-1.0000,-1.0000,-1.0000,-1.0000,-1.0000,-1.0000,-1.0000,-1.0000,-1.0000,-1.0000,-1.0000,-1.0000,-1.0000,-1.0000,-1.0000,-1.0000,-1.0000,-1.0000,-1.0000,-1.0000,-1.0000,-1.0000,-1.0000,-1.0000,-1.0000,-1.0000,-1.0000,-1.0000,-1.0000,-1.0000,-1.0000,-1.0000,-1.0000,-1.0000,-1.0000,-1.0000,-1.0000,-1.0000,-1.0000,-1.0000,-1.0000,-1.0000,1.8435,1.8844,1.8484,1.7951,1.8821,1.8086,1.5583,1.7472,1.7459,1.6156,1.7046,1.7608,1.5895,1.7672,1.6064,1.6407,1.7191,1.6228,1.6551,1.6377,1.6279,1.6384,1.5330,1.5473,1.6203,1.5989,1.5225,1.5556,1.5184,1.5836,1.5239,1.5367,1.6352,1.5712,1.5725,1.6413,1.5364,1.6463,1.6286,1.6080,1.8436,1.8591,1.8596,1.8513,1.8171,1.7466,1.8197,1.7833,1.8172,1.7787,1.8116,1.7455,1.7505,1.7740,1.8066,1.8845,1.8348,1.8329,1.8727,1.8065,1.8502,1.8533,1.8579,0,1.0000,4.2540,-2.8602,2.9891
17,0.0340,-1.2119,0.8643,1.0903,4.2540,-2.8602,2.6752,0.1217,0.1901,0.0000,1.0273,1.0000,0.0002,0.0005,0.0000,-0.0000,-0.0010,-0.0004,-0.0001,0.0002,-0.0003,0.0001,-0.0010,-0.0004,-0.0001,0.0006,-0.0007,-0.0000,0.0031,-0.0001,-0.0002,0.0070,0.0000,0.0006,-0.0000,0.0030,0.0003,0.0001,0.0068,0.0000,0.0003,0.0000,0.0043,0.0013,-0.0116,0.0310,0.0559,0.0007,-0.0015,-0.0618,-0.0497,-0.0063,0.0505,0.2272,0.0019,-0.0564,-0.0414,-0.0095,0.0019,0.0495,-0.0023,0.1847,-0.0015,-0.0096,0.3710,0.0028,0.0312,-0.0002,0.1771,0.0238,0.0041,0.3529,0.0027,0.0165,0.0002,-1.0000,-1.0000,-1.0000,-1.0000,-1.0000,-1.0000,-1.0000,-1.0000,-1.0000,-1.0000,-1.0000,-1.0000,-1.0000,-1.0000,-1.0000,-1.0000,-1.0000,-1.0000,-1.0000,-1.0000,-1.0000,-1.0000,-1.0000,-1.0000,-1.0000,-1.0000,-1.0000,-1.0000,-1.0000,-1.0000,-1.0000,-1.0000,-1.0000,-1.0000,-1.0000,-1.0000,-1.0000,-1.0000,-1.0000,-1.0000,-1.0000,-1.0000,-1.0000,-1.0000,-1.0000,-1.0000,-1.0000,-1.0000,-1.0000,-1.0000,-1.0000,-1.0000,-1.0000,-1.0000,-1.0000,-1.0000,-1.0000,-1.0000,-1.0000,-1.0000,-1.0000,-1.0000,-1.0000,-1.0000,-1.0000,-1.0000,-1.0000,-1.0000,-1.0000,-1.0000,-1.0000,-1.0000,-1.0000,-1.0000,-1.0000,-1.0000,-1.0000,-1.0000,-1.0000,-1.0000,-1.0000,-1.0000,-1.0000,-1.0000,-1.0000,-1.0000,-1.0000,-1.0000,-1.0000,-1.0000,-1.0000,-1.0000,-1.0000,-1.0000,-1.0000,-1.0000,-1.0000,-1.0000,-1.0000,-1.0000,-1.0000,-1.0000,-1.0000,-1.0000,-1.0000,-1.0000,-1.0000,-1.0000,-1.0000,-1.0000,-1.0000,-1.0000,-1.0000,-1.0000,-1.0000,-1.0000,-1.0000,-1.0000,-1.0000,-1.0000,-1.0000,1.8435,1.8844,1.8484,1.7951,1.8821,1.8086,1.5583,1.7472,1.7459,1.6156,1.7046,1.7608,1.5895,1.7672,1.6064,1.6407,1.7191,1.6228,1.6551,1.6377,1.6279,1.6384,1.5330,1.5473,1.6203,1.5989,1.5225,1.5556,1.5184,1.5836,1.5239,1.5367,1.6352,1.5712,1.5725,1.6413,1.5364,1.6463,1.6286,1.6080,1.8436,1.8591,1.8596,1.8513,1.8171,1.7466,1.8197,1.7833,1.8172,1.7787,1.8116,1.7455,1.7505,1.7740,1.8066,1.8845,1.8348,1.8329,1.8727,1.8065,1.8502,1.8533,1.8579,0,1.0000,4.2540,-2.8602,2.9891
18,0.0360,-1.2034,0.8585,1.0956,4.2540,-2.8602,2.6556,0.1217,0.1901,0.0000,1.0273,1.0000,0.0002,0.0005,0.0000,-0.0000,-0.0011,-0.0005,-0.0001,0.0003,0.0005,0.0001,-0.0011,-0.0004,-0.0001,0.0005,-0.0008,-0.0000,0.0035,-0.0001,-0.0002,0.0077,0.0001,0.0006,-0.0000,0.0034,0.0004,0.0001,0.0075,0.0001,0.0003,0.0000,0.0045,0.0006,-0.0136,0.0178,0.0590,0.0009,-0.0022,-0.0630,-0.0393,-0.0086,0.0361,0.3549,0.0022,-0.0545,-0.0192,-0.0142,-0.0376,-0.0659,-0.0006,0.1915,-0.0068,-0.0079,0.3725,0.0030,0.0309,-0.0002,0.1883,0.0196,0.0061,0.3643,0.0030,0.0178,0.0002,-1.0000,-1.0000,-1.0000,-1.0000,-1.0000,-1.0000,-1.0000,-1.0000,-1.0000,-1.0000,-1.0000,-1.0000,-1.0000,-1.0000,-1.0000,-1.0000,-1.0000,-1.0000,-1.0000,-1.0000,-1.0000,-1.0000,-1.0000,-1.0000,-1.0000,-1.0000,-1.0000,-1.0000,-1.0000,-1.0000,-1.0000,-1.0000,-1.0000,-1.0000,-1.0000,-1.0000,-1.0000,-1.0000,-1.0000,-1.0000,-1.0000,-1.0000,-1.0000,-1.0000,-1.0000,-1.0000,-1.0000,-1.0000,-1.0000,-1.0000,-1.0000,-1.0000,-1.0000,-1.0000,-1.0000,-1.0000,-1.0000,-1.0000,-1.0000,-1.0000,-1.0000,-1.0000,-1.0000,-1.0000,-1.0000,-1.0000,-1.0000,-1.0000,-1.0000,-1.0000,-1.0000,-1.0000,-1.0000,-1.0000,-1.0000,-1.0000,-1.0000,-1.0000,-1.0000,-1.0000,-1.0000,-1.0000,-1.0000,-1.0000,-1.0000,-1.0000,-1.0000,-1.0000,-1.0000,-1.0000,-1.0000,-1.0000,-1.0000,-1.0000,-1.0000,-1.0000,-1.0000,-1.0000,-1.0000,-1.0000,-1.0000,-1.0000,-1.0000,-1.0000,-1.0000,-1.0000,-1.0000,-1.0000,-1.0000,-1.0000,-1.0000,-1.0000,-1.0000,-1.0000,-1.0000,-1.0000,-1.0000,-1.0000,-1.0000,-1.0000,-1.0000,1.8321,1.8731,1.8370,1.7837,1.8706,1.7972,1.5477,1.7365,1.7349,1.6047,1.6941,1.7497,1.5785,1.7562,1.5957,1.6296,1.7083,1.6120,1.6440,1.6267,1.6170,1.6275,1.5221,1.5364,1.6095,1.5883,1.5118,1.5449,1.5077,1.5728,1.5134,1.5264,1.6249,1.5608,1.5622,1.6309,1.5261,1.6359,1.6184,1.5978,1.8327,1.8480,1.8486,1.8403,1.8061,1.7357,1.8088,1.7724,1.8065,1.7679,1.8010,1.7348,1.7397,1.7634,1.7963,1.8741,1.8243,1.8225,1.8622,1.7960,1.8397,1.8430,1.8475,0,1.0000,4.2540,-2.8602,2.9891
18,0.0360,-1.2034,0.8585,1.0956,4.2540,-2.8602,2.6556,0.1217,0.1901,0.0000,1.0273,1.0000,0.0002,0.0005,0.0000,-0.0000,-0.0011,-0.0005,-0.0001,0.0003,0.0005,0.0001,-0.0011,-0.0004,-0.0001,0.0005,-0.0008,-0.0000,0.0035,-0.0001,-0.0002,0.0077,0.0001,0.0006,-0.0000,0.0034,0.0004,0.0001,0.0075,0.0001,0.0003,0.0000,0.0045,0.0006,-0.0136,0.0178,0.0590,0.0009,-0.0022,-0.0630,-0.0393,-0.0086,0.0361,0.3549,0.0022,-0.0545,-0.0192,-0.0142,-0.0376,-0.0659,-0.0006,0.1915,-0.0068,-0.0079,0.3725,0.0030,0.0309,-0.0002,0.1883,0.0196,0.0061,0.3643,0.0030,0.0178,0.0002,-1.0000,-1.0000,-1.0000,-1.0000,-1.0000,-1.0000,-1.0000,-1.0000,-1.0000,-1.0000,-1.0000,-1.0000,-1.0000,-1.0000,-1.0000,-1.0000,-1.0000,-1.0000,-1.0000,-1.0000,-1.0000,-1.0000,-1.0000,-1.0000,-1.0000,-1.0000,-1.0000,-1.0000,-1.0000,-1.0000,-1.0000,-1.0000,-1.0000,-1.0000,-1.0000,-1.0000,-1.0000,-1.0000,-1.0000,-1.0000,-1.0000,-1.0000,-1.0000,-1.0000,-1.0000,-1.0000,-1.0000,-1.0000,-1.0000,-1.0000,-1.0000,-1.0000,-1.0000,-1.0000,-1.0000,-1.0000,-1.0000,-1.0000,-1.0000,-1.0000,-1.0000,-1.0000,-1.0000,-1.0000,-1.0000,-1.0000,-1.0000,-1.0000,-1.0000,-1.0000,-1.0000,-1.0000,-1.0000,-1.0000,-1.0000,-1.0000,-1.0000,-1.0000,-1.0000,-1.0000,-1.0000,-1.0000,-1.0000,-1.0000,-1.0000,-1.0000,-1.0000,-1.0000,-1.0000,-1.0000,-1.0000,-1.0000,-1.0000,-1.0000,-1.0000,-1.0000,-1.0000,-1.0000,-1.0000,-1.0000,-1.0000,-1.0000,-1.0000,-1.0000,-1.0000,-1.0000,-1.0000,-1.0000,-1.0000,-1.0000,-1.0000,-1.0000,-1.0000,-1.0000,-1.0000,-1.0000,-1.0000,-1.0000,-1.0000,-1.0000,-1.0000,1.8321,1.8731,1.8370,1.7837,1.8706,1.7972,1.5477,1.7365,1.7349,1.6047,1.6941,1.7497,1.5785,1.7562,1.5957,1.6296,1.7083,1.6120,1.6440,1.6267,1.6170,1.6275,1.5221,1.5364,1.6095,1.5883,1.5118,1.5449,1.5077,1.5728,1.5134,1.5264,1.6249,1.5608,1.5622,1.6309,1.5261,1.6359,1.6184,1.5978,1.8327,1.8480,1.8486,1.8403,1.8061,1.7357,1.8088,1.7724,1.8065,1.7679,1.8010,1.7348,1.7397,1.7634,1.7963,1.8741,1.8243,1.8225,1.8622,1.7960,1.8397,1.8430,1.8475,0,1.0000,4.2540,-2.8602,2.9891
19,0.0380,-1.1949,0.8528,1.1009,4.2540,-2.8602,2.6359,0.1217,0.1901,0.0000,1.0273,1.0000,0.0002,0.0006,0.0000,-0.0000,-0.0013,-0.0005,-0.0002,0.0003,0.0008,0.0001,-0.0012,-0.0004,-0.0001,0.0004,-0.0010,-0.0000,0.0039,-0.0002,-0.0002,0.0085,0.0001,0.0007,-0.0000,0.0038,0.0004,0.0001,0.0083,0.0001,0.0003,0.0000,0.0047,0.0003,-0.0137,0.0076,0.0625,0.0010,-0.0015,-0.0648,-0.0178,-0.0107,0.0234,0.1635,0.0019,-0.0543,-0.0042,-0.0180,-0.0643,-0.1166,0.0005,0.1999,-0.0118,-0.0068,0.3775,0.0033,0.0308,-0.0002,0.2000,0.0156,0.0076,0.3767,0.0033,0.0191,0.0002,-1.0000,-1.0000,-1.0000,-1.0000,-1.0000,-1.0000,-1.0000,-1.0000,-1.0000,-1.0000,-1.0000,-1.0000,-1.0000,-1.0000,-1.0000,-1.0000,-1.0000,-1.0000,-1.0000,-1.0000,-1.0000,-1.0000,-1.0000,-1.0000,-1.0000,-1.0000,-1.0000,-1.0000,-1.0000,-1.0000,-1.0000,-1.0000,-1.0000,-1.0000,-1.0000,-1.0000,-1.0000,-1.0000,-1.0000,-1.0000,-1.0000,-1.0000,-1.0000,-1.0000,-1.0000,-1.0000,-1.0000,-1.0000,-1.0000,-1.0000,-1.0000,-1.0000,-1.0000,-1.0000,-1.0000,-1.0000,-1.0000,-1.0000,-1.0000,-1.0000,-1.0000,-1.0000,-1.0000,-1.0000,-1.0000,-1.0000,-1.0000,-1.0000,-1.0000,-1.0000,-1.0000,-1.0000,-1.0000,-1.0000,-1.0000,-1.0000,-1.0000,-1.0000,-1.0000,-1.0000,-1.0000,-1.0000,-1.0000,-1.0000,-1.0000,-1.0000,-1.0000,-1.0000,-1.0000,-1.0000,-1.0000,-1.0000,-1.0000,-1.0000,-1.0000,-1.0000,-1.0000,-1.0000,-1.0000,-1.0000,-1.0000,-1.0000,-1.0000,-1.0000,-1.0000,-1.0000,-1.0000,-1.0000,-1.0000,-1.0000,-1.0000,-1.0000,-1.0000,-1.0000,-1.0000,-1.0000,-1.0000,-1.0000,-1.0000,-1.0000,-1.0000,1.8207,1.8617,1.8256,1.7723,1.8592,1.7858,1.5370,1.7259,1.7239,1.5938,1.6835,1.7385,1.5674,1.7454,1.5850,1.6185,1.6975,1.6012,1.6330,1.6158,1.6061,1.6166,1.5113,1.5256,1.5986,1.5777,1.5011,1.5343,1.4971,1.5620,1.5028,1.5161,1.6147,1.5505,1.5520,1.6206,1.5157,1.6255,1.6082,1.5876,1.8219,1.8369,1.8376,1.8294,1.7952,1.7248,1.7980,1.7615,1.7958,1.7572,1.7903,1.7241,1.7289,1.7529,1.7859,1.8637,1.8139,1.8122,1.8517,1.7856,1.8292,1.8326,1.8371,0,1.0000,4.2540,-2.8602,2.9891
20,0.0400,-1.1864,0.8471,1.1061,4.2540,-2.8602,2.6163,0.1217,0.1901,0.0000,1.0273,1.0000,0.0002,0.0007,0.0000,-0.0000,-0.0014,-0.0005,-0.0002,0.0003,0.0008,0.0001,-0.0014,-0.0004,-0.0002,0.0002,-0.0014,-0.0000,0.0043,-0.0002,-0.0002,0.0092,0.0001,0.0007,-0.0000,0.0042,0.0004,0.0001,0.0090,0.0001,0.0004,0.0000,0.0050,0.0001,-0.0139,-0.0028,0.0658,0.0012,-0.0009,-0.0668,0.0034,-0.0126,0.0136,-0.0141,0.0017,-0.0545,0.0108,-0.0215,-0.0866,-0.1632,0.0017,0.2079,-0.0167,-0.0058,0.3811,0.0035,0.0307,-0.0003,0.2113,0.0117,0.0090,0.3876,0.0036,0.0205,0.0002,-1.0000,-1.0000,-1.0000,-1.0000,-1.0000,-1.0000,-1.0000,-1.0000,-1.0000,-1.0000,-1.0000,-1.0000,-1.0000,-1.0000,-1.0000,-1.0000,-1.0000,-1.0000,-1.0000,-1.0000,-1.0000,-1.0000,-1.0000,-1.0000,-1.0000,-1.0000,-1.0000,-1.0000,-1.0000,-1.0000,-1.0000,-1.0000,-1.0000,-1.0000,-1.0000,-1.0000,-1.0000,-1.0000,-1.0000,-1.0000,-1.0000,-1.0000,-1.0000,-1.0000,-1.0000,-1.0000,-1.0000,-1.0000,-1.0000,-1.0000,-1.0000,-1.0000,-1.0000,-1.0000,-1.0000,-1.0000,-1.0000,-1.0000,-1.0000,-1.0000,-1.0000,-1.0000,-1.0000,-1.0000,-1.0000,-1.0000,-1.0000,-1.0000,-1.0000,-1.0000,-1.0000,-1.0000,-1.0000,-1.0000,-1.0000,-1.0000,-1.0000,-1.0000,-1.0000,-1.0000,-1.0000,-1.0000,-1.0000,-1.0000,-1.0000,-1.0000,-1.0000,-1.0000,-1.0000,-1.0000,-1.0000,-1.0000,-1.0000,-1.0000,-1.0000,-1.0000,-1.0000,-1.0000,-1.0000,-1.0000,-1.0000,-1.0000,-1.0000,-1.0000,-1.0000,-1.0000,-1.0000,-1.0000,-1.0000,-1.0000,-1.0000,-1.0000,-1.0000,-1.0000,-1.0000,-1.0000,-1.0000,-1.0000,-1.0000,-1.0000,-1.0000,1.8093,1.8503,1.8142,1.7609,1.8479,1.7744,1.5264,1.7152,1.7129,1.5829,1.6730,1.7273,1.5564,1.7345,1.5743,1.6074,1.6867,1.5904,1.6220,1.6049,1.5953,1.6057,1.5004,1.5149,1.5878,1.5671,1.4904,1.5237,1.4864,1.5513,1.4923,1.5059,1.6044,1.5402,1.5418,1.6103,1.5054,1.6152,1.5981,1.5774,1.8110,1.8259,1.8266,1.8185,1.7842,1.7140,1.7872,1.7507,1.7852,1.7465,1.7796,1.7135,1.7182,1.7423,1.7755,1.8532,1.8034,1.8018,1.8412,1.7752,1.8187,1.8223,1.8267,0,1.0000,4.2540,-2.8602,2.9891
20,0.0400,-1.1864,0.8471,1.1061,4.2540,-2.8602,2.6163,0.1217,0.1901,0.0000,1.0273,1.0000,0.0002,0.0007,0.0000,-0.0000,-0.0014,-0.0005,-0.0002,0.0003,0.0008,0.0001,-0.0014,-0.0004,-0.0002,0.0002,-0.0014,-0.0000,0.0043,-0.0002,-0.0002,0.0092,0.0001,0.0007,-0.0000,0.0042,0.0004,0.0001,0.0090,0.0001,0.0004,0.0000,0.0050,0.0001,-0.0139,-0.0028,0.0658,0.0012,-0.0009,-0.0668,0.0034,-0.0126,0.0136,-0.0141,0.0017,-0.0545,0.0108,-0.0215,-0.0866,-0.1632,0.0017,0.2079,-0.0167,-0.0058,0.3811,0.0035,0.0307,-0.0003,0.2113,0.0117,0.0090,0.3876,0.0036,0.0205,0.0002,-1.0000,-1.0000,-1.0000,-1.0000,-1.0000,-1.0000,-1.0000,-1.0000,-1.0000,-1.0000,-1.0000,-1.0000,-1.0000,-1.0000,-1.0000,-1.0000,-1.0000,-1.0000,-1.0000,-1.0000,-1.0000,-1.0000,-1.0000,-1.0000,-1.0000,-1.0000,-1.0000,-1.0000,-1.0000,-1.0000,-1.0000,-1.0000,-1.0000,-1.0000,-1.0000,-1.0000,-1.0000,-1.0000,-1.0000,-1.0000,-1.0000,-1.0000,-1.0000,-1.0000,-1.0000,-1.0000,-1.0000,-1.0000,-1.0000,-1.0000,-1.0000,-1.0000,-1.0000,-1.0000,-1.0000,-1.0000,-1.0000,-1.0000,-1.0000,-1.0000,-1.0000,-1.0000,-1.0000,-1.0000,-1.0000,-1.0000,-1.0000,-1.0000,-1.0000,-1.0000,-1.0000,-1.0000,-1.0000,-1.0000,-1.0000,-1.0000,-1.0000,-1.0000,-1.0000,-1.0000,-1.0000,-1.0000,-1.0000,-1.0000,-1.0000,-1.0000,-1.0000,-1.0000,-1.0000,-1.0000,-1.0000,-1.0000,-1.0000,-1.0000,-1.0000,-1.0000,-1.0000,-1.0000,-1.0000,-1.0000,-1.0000,-1.0000,-1.0000,-1.0000,-1.0000,-1.0000,-1.0000,-1.0000,-1.0000,-1.0000,-1.0000,-1.0000,-1.0000,-1.0000,-1.0000,-1.0000,-1.0000,-1.0000,-1.0000,-1.0000,-1.0000,1.8093,1.8503,1.8142,1.7609,1.8479,1.7744,1.5264,1.7152,1.7129,1.5829,1.6730,1.7273,1.5564,1.7345,1.5743,1.6074,1.6867,1.5904,1.6220,1.6049,1.5953,1.6057,1.5004,1.5149,1.5878,1.5671,1.4904,1.5237,1.4864,1.5513,1.4923,1.5059,1.6044,1.5402,1.5418,1.6103,1.5054,1.6152,1.5981,1.5774,1.8110,1.8259,1.8266,1.8185,1.7842,1.7140,1.7872,1.7507,1.7852,1.7465,1.7796,1.7135,1.7182,1.7423,1.7755,1.8532,1.8034,1.8018,1.8412,1.7752,1.8187,1.8223,1.8267,0,1.0000,4.2540,-2.8602,2.9891
21,0.0420,-1.1779,0.8414,1.1113,4.2540,-2.8602,2.5967,0.1217,0.1901,0.0000,1.0272,1.0000,0.0002,0.0007,0.0000,-0.0000,-0.0015,-0.0004,-0.0002,0.0003,0.0004,0.0001,-0.0015,-0.0003,-0.0002,0.0001,-0.0016,-0.0000,0.0047,-0.0003,-0.0002,0.0100,0.0001,0.0008,-0.0000,0.0047,0.0004,0.0002,0.0098,0.0001,0.0004,0.0000,0.0053,-0.0006,-0.0131,-0.0183,0.0692,0.0015,-0.0006,-0.0690,0.0305,-0.0145,0.0065,-0.1733,0.0011,-0.0606,0.0268,-0.0207,-0.0574,-0.0960,0.0033,0.2155,-0.0230,-0.0042,0.3837,0.0038,0.0307,-0.0003,0.2238,0.0064,0.0109,0.4008,0.0039,0.0220,0.0002,-1.0000,-1.0000,-1.0000,-1.0000,-1.0000,-1.0000,-1.0000,-1.0000,-1.0000,-1.0000,-1.0000,-1.0000,-1.0000,-1.0000,-1.0000,-1.0000,-1.0000,-1.0000,-1.0000,-1.0000,-1.0000,-1.0000,-1.0000,-1.0000,-1.0000,-1.0000,-1.0000,-1.0000,-1.0000,-1.0000,-1.0000,-1.0000,-1.0000,-1.0000,-1.0000,-1.0000,-1.0000,-1.0000,-1.0000,-1.0000,-1.0000,-1.0000,-1.0000,-1.0000,-1.0000,-1.0000,-1.0000,-1.0000,-1.0000,-1.0000,-1.0000,-1.0000,-1.0000,-1.0000,-1.0000,-1.0000,-1.0000,-1.0000,-1.0000,-1.0000,-1.0000,-1.0000,-1.0000,-1.0000,-1.0000,-1.0000,-1.0000,-1.0000,-1.0000,-1.0000,-1.0000,-1.0000,-1.0000,-1.0000,-1.0000,-1.0000,-1.0000,-1.0000,-1.0000,-1.0000,-1.0000,-1.0000,-1.0000,-1.0000,-1.0000,-1.0000,-1.0000,-1.0000,-1.0000,-1.0000,-1.0000,-1.0000,-1.0000,-1.0000,-1.0000,-1.0000,-1.0000,-1.0000,-1.0000,-1.0000,-1.0000,-1.0000,-1.0000,-1.0000,-1.0000,-1.0000,-1.0000,-1.0000,-1.0000,-1.0000,-1.0000,-1.0000,-1.0000,-1.0000,-1.0000,-1.0000,-1.0000,-1.0000,-1.0000,-1.0000,-1.0000,1.7979,1.8390,1.8028,1.7495,1.8365,1.7631,1.5159,1.7045,1.7020,1.5720,1.6625,1.7162,1.5454,1.7236,1.5637,1.5963,1.6760,1.5797,1.6111,1.5940,1.5844,1.5949,1.4896,1.5041,1.5769,1.5566,1.4797,1.5132,1.4758,1.5406,1.4819,1.4957,1.5942,1.5299,1.5317,1.6000,1.4951,1.6048,1.5879,1.5673,1.8002,1.8148,1.8156,1.8076,1.7733,1.7031,1.7764,1.7398,1.7746,1.7358,1.7690,1.7028,1.7074,1.7318,1.7652,1.8428,1.7930,1.7915,1.8307,1.7648,1.8083,1.8120,1.8164,0,1.0000,4.2540,-2.8602,2.9891
22,0.0440,-1.1694,0.8357,1.1165,4.2540,-2.8602,2.5771,0.1217,0.1901,0.0000,1.0272,1.0000,0.0001,0.0008,0.0000,-0.0000,-0.0017,-0.0003,-0.0002,0.0003,-0.0002,0.0001,-0.0016,-0.0003,-0.0003,0.0000,-0.0016,-0.0000,0.0051,-0.0003,-0.0002,0.0108,0.0001,0.0009,-0.0000,0.0051,0.0004,0.0002,0.0107,0.0001,0.0005,0.0000,0.0055,-0.0011,-0.0126,-0.0330,0.0724,0.0018,-0.0004,-0.0712,0.0559,-0.0163,0.0013,-0.3216,0.0005,-0.0660,0.0422,-0.0203,-0.0327,-0.0393,0.0048,0.2229,-0.0288,-0.0028,0.3849,0.0041,0.0306,-0.0003,0.2357,0.0015,0.0125,0.4117,0.0042,0.0235,0.0003,-1.0000,-1.0000,-1.0000,-1.0000,-1.0000,-1.0000,-1.0000,-1.0000,-1.0000,-1.0000,-1.0000,-1.0000,-1.0000,-1.0000,-1.0000,-1.0000,-1.0000,-1.0000,-1.0000,-1.0000,-1.0000,-1.0000,-1.0000,-1.0000,-1.0000,-1.0000,-1.0000,-1.0000,-1.0000,-1.0000,-1.0000,-1.0000,-1.0000,-1.0000,-1.0000,-1.0000,-1.0000,-1.0000,-1.0000,-1.0000,-1.0000,-1.0000,-1.0000,-1.0000,-1.0000,-1.0000,-1.0000,-1.0000,-1.0000,-1.0000,-1.0000,-1.0000,-1.0000,-1.0000,-1.0000,-1.0000,-1.0000,-1.0000,-1.0000,-1.0000,-1.0000,-1.0000,-1.0000,-1.0000,-1.0000,-1.0000,-1.0000,-1.0000,-1.0000,-1.0000,-1.0000,-1.0000,-1.0000,-1.0000,-1.0000,-1.0000,-1.0000,-1.0000,-1.0000,-1.0000,-1.0000,-1.0000,-1.0000,-1.0000,-1.0000,-1.0000,-1.0000,-1.0000,-1.0000,-1.0000,-1.0000,-1.0000,-1.0000,-1.0000,-1.0000,-1.0000,-1.0000,-1.0000,-1.0000,-1.0000,-1.0000,-1.0000,-1.0000,-1.0000,-1.0000,-1.0000,-1.0000,-1.0000,-1.0000,-1.0000,-1.0000,-1.0000,-1.0000,-1.0000,-1.0000,-1.0000,-1.0000,-1.0000,-1.0000,-1.0000,-1.0000,1.7865,1.8276,1.7914,1.7381,1.8251,1.7518,1.5053,1.6939,1.6910,1.5611,1.6520,1.7050,1.5344,1.7128,1.5530,1.5852,1.6652,1.5689,1.6001,1.5831,1.5736,1.5840,1.4787,1.4933,1.5661,1.5461,1.4691,1.5026,1.4652,1.5298,1.4714,1.4855,1.5840,1.5196,1.5215,1.5897,1.4849,1.5945,1.5778,1.5571,1.7893,1.8038,1.8047,1.7967,1.7624,1.6923,1.7655,1.7290,1.7639,1.7251,1.7583,1.6922,1.6967,1.7212,1.7548,1.8324,1.7826,1.7812,1.8203,1.7544,1.7978,1.8017,1.8061,0,1.0000,4.2540,-2.8602,2.9891
22,0.0440,-1.1694,0.8357,1.1165,4.2540,-2.8602,2.5771,0.1217,0.1901,0.0000,1.0272,1.0000,0.0001,0.0008,0.0000,-0.0000,-0.0017,-0.0003,-0.0002,0.0003,-0.0002,0.0001,-0.0016,-0.0003,-0.0003,0.0000,-0.0016,-0.0000,0.0051,-0.0003,-0.0002,0.0108,0.0001,0.0009,-0.0000,0.0051,0.0004,0.0002,0.0107,0.0001,0.0005,0.0000,0.0055,-0.0011,-0.0126,-0.0330,0.0724,0.0018,-0.0004,-0.0712,0.0559,-0.0163,0.0013,-0.3216,0.0005,-0.0660,0.0422,-0.0203,-0.0327,-0.0393,0.0048,0.2229,-0.0288,-0.0028,0.3849,0.0041,0.0306,-0.0003,0.2357,0.0015,0.0125,0.4117,0.0042,0.0235,0.0003,-1.0000,-1.0000,-1.0000,-1.0000,-1.0000,-1.0000,-1.0000,-1.0000,-1.0000,-1.0000,-1.0000,-1.0000,-1.0000,-1.0000,-1.0000,-1.0000,-1.0000,-1.0000,-1.0000,-1.0000,-1.0000,-1.0000,-1.0000,-1.0000,-1.0000,-1.0000,-1.0000,-1.0000,-1.0000,-1.0000,-1.0000,-1.0000,-1.0000,-1.0000,-1.0000,-1.0000,-1.0000,-1.0000,-1.0000,-1.0000,-1.0000,-1.0000,-1.0000,-1.0000,-1.0000,-1.0000,-1.0000,-1.0000,-1.0000,-1.0000,-1.0000,-1.0000,-1.0000,-1.0000,-1.0000,-1.0000,-1.0000,-1.0000,-1.0000,-1.0000,-1.0000,-1.0000,-1.0000,-1.0000,-1.0000,-1.0000,-1.0000,-1.0000,-1.0000,-1.0000,-1.0000,-1.0000,-1.0000,-1.0000,-1.0000,-1.0000,-1.0000,-1.0000,-1.0000,-1.0000,-1.0000,-1.0000,-1.0000,-1.0000,-1.0000,-1.0000,-1.0000,-1.0000,-1.0000,-1.0000,-1.0000,-1.0000,-1.0000,-1.0000,-1.0000,-1.0000,-1.0000,-1.0000,-1.0000,-1.0000,-1.0000,-1.0000,-1.0000,-1.0000,-1.0000,-1.0000,-1.0000,-1.0000,-1.0000,-1.0000,-1.0000,-1.0000,-1.0000,-1.0000,-1.0000,-1.0000,-1.0000,-1.0000,-1.0000,-1.0000,-1.0000,1.7865,1.8276,1.7914,1.7381,1.8251,1.7518,1.5053,1.6939,1.6910,1.5611,1.6520,1.7050,1.5344,1.7128,1.5530,1.5852,1.6652,1.5689,1.6001,1.5831,1.5736,1.5840,1.4787,1.4933,1.5661,1.5461,1.4691,1.5026,1.4652,1.5298,1.4714,1.4855,1.5840,1.5196,1.5215,1.5897,1.4849,1.5945,1.5778,1.5571,1.7893,1.8038,1.8047,1.7967,1.7624,1.6923,1.7655,1.7290,1.7639,1.7251,1.7583,1.6922,1.6967,1.7212,1.7548,1.8324,1.7826,1.7812,1.8203,1.7544,1.7978,1.8017,1.8061,0,1.0000,4.2540,-2.8602,2.9891
23,0.0460,-1.1609,0.8299,1.1216,4.2540,-2.8602,2.5575,0.1217,0.1901,0.0000,1.0272,1.0000,0.0001,0.0009,0.0000,-0.0000,-0.0018,-0.0003,-0.0003,0.0003,-0.0004,0.0001,-0.0018,-0.0002,-0.0003,0.0003,-0.0017,-0.0000,0.0056,-0.0004,-0.0002,0.0115,0.0001,0.0009,-0.0000,0.0056,0.0004,0.0002,0.0115,0.0001,0.0005,0.0000,0.0058,-0.0007,-0.0178,-0.0183,0.0739,0.0020,-0.0012,-0.0711,0.0258,-0.0185,-0.0039,-0.0710,0.0014,-0.0867,0.0236,-0.0071,0.1414,-0.0239,0.0028,0.2314,-0.0227,-0.0048,0.3865,0.0041,0.0306,-0.0003,0.2395,0.0079,0.0105,0.4022,0.0042,0.0241,0.0003,-1.0000,-1.0000,-1.0000,-1.0000,-1.0000,-1.0000,-1.0000,-1.0000,-1.0000,-1.0000,-1.0000,-1.0000,-1.0000,-1.0000,-1.0000,-1.0000,-1.0000,-1.0000,-1.0000,-1.0000,-1.0000,-1.0000,-1.0000,-1.0000,-1.0000,-1.0000,-1.0000,-1.0000,-1.0000,-1.0000,-1.0000,-1.0000,-1.0000,-1.0000,-1.0000,-1.0000,-1.0000,-1.0000,-1.0000,-1.0000,-1.0000,-1.0000,-1.0000,-1.0000,-1.0000,-1.0000,-1.0000,-1.0000,-1.0000,-1.0000,-1.0000,-1.0000,-1.0000,-1.0000,-1.0000,-1.0000,-1.0000,-1.0000,-1.0000,-1.0000,-1.0000,-1.0000,-1.0000,-1.0000,-1.0000,-1.0000,-1.0000,-1.0000,-1.0000,-1.0000,-1.0000,-1.0000,-1.0000,-1.0000,-1.0000,-1.0000,-1.0000,-1.0000,-1.0000,-1.0000,-1.0000,-1.0000,-1.0000,-1.0000,-1.0000,-1.0000,-1.0000,-1.0000,-1.0000,-1.0000,-1.0000,-1.0000,-1.0000,-1.0000,-1.0000,-1.0000,-1.0000,-1.0000,-1.0000,-1.0000,-1.0000,-1.0000,-1.0000,-1.0000,-1.0000,-1.0000,-1.0000,-1.0000,-1.0000,-1.0000,-1.0000,-1.0000,-1.0000,-1.0000,-1.0000,-1.0000,-1.0000,-1.0000,-1.0000,-1.0000,-1.0000,1.7752,1.8163,1.7800,1.7267,1.8138,1.7404,1.4948,1.6833,1.6801,1.5502,1.6415,1.6939,1.5234,1.7019,1.5424,1.5742,1.6545,1.5581,1.5891,1.5722,1.5628,1.5732,1.4679,1.4826,1.5553,1.5356,1.4584,1.4921,1.4546,1.5191,1.4609,1.4753,1.5738,1.5094,1.5114,1.5794,1.4746,1.5842,1.5676,1.5470,1.7785,1.7928,1.7937,1.7858,1.7515,1.6814,1.7548,1.7181,1.7533,1.7144,1.7477,1.6816,1.6859,1.7107,1.7445,1.8220,1.7722,1.7708,1.8098,1.7440,1.7873,1.7914,1.7957,0,1.0000,4.2540,-2.8602,2.9891
23,0.0460,-1.1609,0.8299,1.1216,4.2540,-2.8602,2.5575,0.1217,0.1901,0.0000,1.0272,1.0000,0.0001,0.0009,0.0000,-0.0000,-0.0018,-0.0003,-0.0003,0.0003,-0.0004,0.0001,-0.0018,-0.0002,-0.0003,0.0003,-0.0017,-0.0000,0.0056,-0.0004,-0.0002,0.0115,0.0001,0.0009,-0.0000,0.0056,0.0004,0.0002,0.0115,0.0001,0.0005,0.0000,0.0058,-0.0007,-0.0178,-0.0183,0.0739,0.0020,-0.0012,-0.0711,0.0258,-0.0185,-0.0039,-0.0710,0.0014,-0.0867,0.0236,-0.0071,0.1414,-0.0239,0.0028,0.2314,-0.0227,-0.0048,0.3865,0.0041,0.0306,-0.0003,0.2395,0.0079,0.0105,0.4022,0.0042,0.0241,0.0003,-1.0000,-1.0000,-1.0000,-1.0000,-1.0000,-1.0000,-1.0000,-1.0000,-1.0000,-1.0000,-1.0000,-1.0000,-1.0000,-1.0000,-1.0000,-1.0000,-1.0000,-1.0000,-1.0000,-1.0000,-1.0000,-1.0000,-1.0000,-1.0000,-1.0000,-1.0000,-1.0000,-1.0000,-1.0000,-1.0000,-1.0000,-1.0000,-1.0000,-1.0000,-1.0000,-1.0000,-1.0000,-1.0000,-1.0000,-1.0000,-1.0000,-1.0000,-1.0000,-1.0000,-1.0000,-1.0000,-1.0000,-1.0000,-1.0000,-1.0000,-1.0000,-1.0000,-1.0000,-1.0000,-1.0000,-1.0000,-1.0000,-1.0000,-1.0000,-1.0000,-1.0000,-1.0000,-1.0000,-1.0000,-1.0000,-1.0000,-1.0000,-1.0000,-1.0000,-1.0000,-1.0000,-1.0000,-1.0000,-1.0000,-1.0000,-1.0000,-1.0000,-1.0000,-1.0000,-1.0000,-1.0000,-1.0000,-1.0000,-1.0000,-1.0000,-1.0000,-1.0000,-1.0000,-1.0000,-1.0000,-1.0000,-1.0000,-1.0000,-1.0000,-1.0000,-1.0000,-1.0000,-1.0000,-1.0000,-1.0000,-1.0000,-1.0000,-1.0000,-1.0000,-1.0000,-1.0000,-1.0000,-1.0000,-1.0000,-1.0000,-1.0000,-1.0000,-1.0000,-1.0000,-1.0000,-1.0000,-1.0000,-1.0000,-1.0000,-1.0000,-1.0000,1.7752,1.8163,1.7800,1.7267,1.8138,1.7404,1.4948,1.6833,1.6801,1.5502,1.6415,1.6939,1.5234,1.7019,1.5424,1.5742,1.6545,1.5581,1.5891,1.5722,1.5628,1.5732,1.4679,1.4826,1.5553,1.5356,1.4584,1.4921,1.4546,1.5191,1.4609,1.4753,1.5738,1.5094,1.5114,1.5794,1.4746,1.5842,1.5676,1.5470,1.7785,1.7928,1.7937,1.7858,1.7515,1.6814,1.7548,1.7181,1.7533,1.7144,1.7477,1.6816,1.6859,1.7107,1.7445,1.8220,1.7722,1.7708,1.8098,1.7440,1.7873,1.7914,1.7957,0,1.0000,4.2540,-2.8602,2.9891
24,0.0480,-1.1524,0.8242,1.1267,4.2540,-2.8602,2.5378,0.1217,0.1901,0.0000,1.0271,1.0000,0.0001,0.0009,0.0000,-0.0000,-0.0020,-0.0002,-0.0003,0.0004,-0.0004,0.0001,-0.0020,-0.0002,-0.0003,0.0006,-0.0016,-0.0000,0.0061,-0.0004,-0.0002,0.0123,0.0001,0.0010,-0.0000,0.0061,0.0005,0.0002,0.0123,0.0001,0.0006,0.0000,0.0061,-0.0007,-0.0130,-0.0164,0.0777,0.0021,-0.0016,-0.0760,0.0212,-0.0190,0.0103,-0.0200,0.0010,-0.0886,0.0191,-0.0094,0.1264,0.0236,0.0025,0.2432,-0.0221,-0.0054,0.3985,0.0043,0.0310,-0.0003,0.2507,0.0097,0.0103,0.4125,0.0044,0.0255,0.0003,-1.0000,-1.0000,-1.0000,-1.0000,-1.0000,-1.0000,-1.0000,-1.0000,-1.0000,-1.0000,-1.0000,-1.0000,-1.0000,-1.0000,-1.0000,-1.0000,-1.0000,-1.0000,-1.0000,-1.0000,-1.0000,-1.0000,-1.0000,-1.0000,-1.0000,-1.0000,-1.0000,-1.0000,-1.0000,-1.0000,-1.0000,-1.0000,-1.0000,-1.0000,-1.0000,-1.0000,-1.0000,-1.0000,-1.0000,-1.0000,-1.0000,-1.0000,-1.0000,-1.0000,-1.0000,-1.0000,-1.0000,-1.0000,-1.0000,-1.0000,-1.0000,-1.0000,-1.0000,-1.0000,-1.0000,-1.0000,-1.0000,-1.0000,-1.0000,-1.0000,-1.0000,-1.0000,-1.0000,-1.0000,-1.0000,-1.0000,-1.0000,-1.0000,-1.0000,-1.0000,-1.0000,-1.0000,-1.0000,-1.0000,-1.0000,-1.0000,-1.0000,-1.0000,-1.0000,-1.0000,-1.0000,-1.0000,-1.0000,-1.0000,-1.0000,-1.0000,-1.0000,-1.0000,-1.0000,-1.0000,-1.0000,-1.0000,-1.0000,-1.0000,-1.0000,-1.0000,-1.0000,-1.0000,-1.0000,-1.0000,-1.0000,-1.0000,-1.0000,-1.0000,-1.0000,-1.0000,-1.0000,-1.0000,-1.0000,-1.0000,-1.0000,-1.0000,-1.0000,-1.0000,-1.0000,-1.0000,-1.0000,-1.0000,-1.0000,-1.0000,-1.0000,1.7638,1.8050,1.7687,1.7154,1.8024,1.7291,1.4842,1.6727,1.6691,1.5394,1.6310,1.6828,1.5124,1.6911,1.5317,1.5631,1.6438,1.5474,1.5782,1.5614,1.5520,1.5623,1.4571,1.4719,1.5445,1.5250,1.4478,1.4815,1.4440,1.5084,1.4505,1.4651,1.5636,1.4991,1.5012,1.5691,1.4644,1.5739,1.5575,1.5368,1.7677,1.7818,1.7828,1.7749,1.7406,1.6706,1.7440,1.7073,1.7427,1.7037,1.7371,1.6710,1.6752,1.7002,1.7342,1.8117,1.7618,1.7605,1.7994,1.7336,1.7769,1.7811,1.7854,0,1.0000,4.2540,-2.8602,2.9891
25,0.0500,-1.1438,0.8185,1.1317,4.2540,-2.8602,2.5182,0.1217,0.1902,0.0000,1.0271,1.0000,0.0001,0.0010,0.0000,-0.0000,-0.0021,-0.0002,-0.0004,0.0004,-0.0004,0.0001,-0.0021,-0.0001,-0.0003,0.0007,-0.0017,0.0000,0.0066,-0.0004,-0.0003,0.0132,0.0001,0.0011,-0.0000,0.0066,0.0005,0.0002,0.0131,0.0001,0.0006,0.0000,0.0064,-0.0004,-0.0098,-0.0107,0.0814,0.0021,-0.0019,-0.0806,0.0119,-0.0196,0.0223,0.0241,0.0010,-0.0867,0.0138,-0.0146,0.0797,-0.0155,0.0019,0.2545,-0.0204,-0.0064,0.4080,0.0045,0.0313,-0.0003,0.2602,0.0123,0.0095,0.4176,0.0046,0.0268,0.0003,-1.0000,-1.0000,-1.0000,-1.0000,-1.0000,-1.0000,-1.0000,-1.0000,-1.0000,-1.0000,-1.0000,-1.0000,-1.0000,-1.0000,-1.0000,-1.0000,-1.0000,-1.0000,-1.0000,-1.0000,-1.0000,-1.0000,-1.0000,-1.0000,-1.0000,-1.0000,-1.0000,-1.0000,-1.0000,-1.0000,-1.0000,-1.0000,-1.0000,-1.0000,-1.0000,-1.0000,-1.0000,-1.0000,-1.0000,-1.0000,-1.0000,-1.0000,-1.0000,-1.0000,-1.0000,-1.0000,-1.0000,-1.0000,-1.0000,-1.0000,-1.0000,-1.0000,-1.0000,-1.0000,-1.0000,-1.0000,-1.0000,-1.0000,-1.0000,-1.0000,-1.0000,-1.0000,-1.0000,-1.0000,-1.0000,-1.0000,-1.0000,-1.0000,-1.0000,-1.0000,-1.0000,-1.0000,-1.0000,-1.0000,-1.0000,-1.0000,-1.0000,-1.0000,-1.0000,-1.0000,-1.0000,-1.0000,-1.0000,-1.0000,-1.0000,-1.0000,-1.0000,-1.0000,-1.0000,-1.0000,-1.0000,-1.0000,-1.0000,-1.0000,-1.0000,-1.0000,-1.0000,-1.0000,-1.0000,-1.0000,-1.0000,-1.0000,-1.0000,-1.0000,-1.0000,-1.0000,-1.0000,-1.0000,-1.0000,-1.0000,-1.0000,-1.0000,-1.0000,-1.0000,-1.0000,-1.0000,-1.0000,-1.0000,-1.0000,-1.0000,-1.0000,1.7525,1.7937,1.7573,1.7040,1.7911,1.7178,1.4737,1.6621,1.6582,1.5286,1.6206,1.6717,1.5015,1.6803,1.5211,1.5521,1.6331,1.5367,1.5673,1.5505,1.5412,1.5515,1.4463,1.4612,1.5338,1.5146,1.4372,1.4710,1.4335,1.4978,1.4401,1.4550,1.5535,1.4889,1.4911,1.5589,1.4541,1.5636,1.5474,1.5267,1.7569,1.7708,1.7719,1.7641,1.7298,1.6598,1.7332,1.6965,1.7322,1.6930,1.7265,1.6604,1.6645,1.6897,1.7239,1.8013,1.7514,1.7503,1.7890,1.7233,1.7665,1.7708,1.7751,0,1.0000,4.2540,-2.8602,2.9891
25,0.0500,-1.1438,0.8185,1.1317,4.2540,-2.8602,2.5182,0.1217,0.1902,0.0000,1.0271,1.0000,0.0001,0.0010,0.0000,-0.0000,-0.0021,-0.0002,-0.0004,0.0004,-0.0004,0.0001,-0.0021,-0.0001,-0.0003,0.0007,-0.0017,0.0000,0.0066,-0.0004,-0.0003,0.0132,0.0001,0.0011,-0.0000,0.0066,0.0005,0.0002,0.0131,0.0001,0.0006,0.0000,0.0064,-0.0004,-0.0098,-0.0107,0.0814,0.0021,-0.0019,-0.0806,0.0119,-0.0196,0.0223,0.0241,0.0010,-0.0867,0.0138,-0.0146,0.0797,-0.0155,0.0019,0.2545,-0.0204,-0.0064,0.4080,0.0045,0.0313,-0.0003,0.2602,0.0123,0.0095,0.4176,0.0046,0.0268,0.0003,-1.0000,-1.0000,-1.0000,-1.0000,-1.0000,-1.0000,-1.0000,-1.0000,-1.0000,-1.0000,-1.0000,-1.0000,-1.0000,-1.0000,-1.0000,-1.0000,-1.0000,-1.0000,-1.0000,-1.0000,-1.0000,-1.0000,-1.0000,-1.0000,-1.0000,-1.0000,-1.0000,-1.0000,-1.0000,-1.0000,-1.0000,-1.0000,-1.0000,-1.0000,-1.0000,-1.0000,-1.0000,-1.0000,-1.0000,-1.0000,-1.0000,-1.0000,-1.0000,-1.0000,-1.0000,-1.0000,-1.0000,-1.0000,-1.0000,-1.0000,-1.0000,-1.0000,-1.0000,-1.0000,-1.0000,-1.0000,-1.0000,-1.0000,-1.0000,-1.0000,-1.0000,-1.0000,-1.0000,-1.0000,-1.0000,-1.0000,-1.0000,-1.0000,-1.0000,-1.0000,-1.0000,-1.0000,-1.0000,-1.0000,-1.0000,-1.0000,-1.0000,-1.0000,-1.0000,-1.0000,-1.0000,-1.0000,-1.0000,-1.0000,-1.0000,-1.0000,-1.0000,-1.0000,-1.0000,-1.0000,-1.0000,-1.0000,-1.0000,-1.0000,-1.0000,-1.0000,-1.0000,-1.0000,-1.0000,-1.0000,-1.0000,-1.0000,-1.0000,-1.0000,-1.0000,-1.0000,-1.0000,-1.0000,-1.0000,-1.0000,-1.0000,-1.0000,-1.0000,-1.0000,-1.0000,-1.0000,-1.0000,-1.0000,-1.0000,-1.0000,-1.0000,1.7525,1.7937,1.7573,1.7040,1.7911,1.7178,1.4737,1.6621,1.6582,1.5286,1.6206,1.6717,1.5015,1.6803,1.5211,1.5521,1.6331,1.5367,1.5673,1.5505,1.5412,1.5515,1.4463,1.4612,1.5338,1.5146,1.4372,1.4710,1.4335,1.4978,1.4401,1.4550,1.5535,1.4889,1.4911,1.5589,1.4541,1.5636,1.5474,1.5267,1.7569,1.7708,1.7719,1.7641,1.7298,1.6598,1.7332,1.6965,1.7322,1.6930,1.7265,1.6604,1.6645,1.6897,1.7239,1.8013,1.7514,1.7503,1.7890,1.7233,1.7665,1.7708,1.7751,0,1.0000,4.2540,-2.8602,2.9891
26,0.0520,-1.1353,0.8128,1.1367,4.2540,-2.8602,2.4986,0.1217,0.1902,0.0000,1.0271,1.0000,0.0001,0.0011,0.0000,-0.0000,-0.0023,-0.0002,-0.0004,0.0005,-0.0003,0.0001,-0.0023,-0.0001,-0.0004,0.0008,-0.0018,0.0000,0.0071,-0.0005,-0.0003,0.0140,0.0001,0.0011,-0.0000,0.0072,0.0005,0.0003,0.0140,0.0001,0.0007,0.0000,0.0067,-0.0002,-0.0072,-0.0057,0.0850,0.0020,-0.0021,-0.0848,0.0039,-0.0203,0.0322,0.0604,0.0010,-0.0853,0.0094,-0.0193,0.0395,-0.0534,0.0013,0.2651,-0.0189,-0.0072,0.4150,0.0047,0.0317,-0.0003,0.2692,0.0146,0.0089,0.4209,0.0048,0.0280,0.0003,-1.0000,-1.0000,-1.0000,-1.0000,-1.0000,-1.0000,-1.0000,-1.0000,-1.0000,-1.0000,-1.0000,-1.0000,-1.0000,-1.0000,-1.0000,-1.0000,-1.0000,-1.0000,-1.0000,-1.0000,-1.0000,-1.0000,-1.0000,-1.0000,-1.0000,-1.0000,-1.0000,-1.0000,-1.0000,-1.0000,-1.0000,-1.0000,-1.0000,-1.0000,-1.0000,-1.0000,-1.0000,-1.0000,-1.0000,-1.0000,-1.0000,-1.0000,-1.0000,-1.0000,-1.0000,-1.0000,-1.0000,-1.0000,-1.0000,-1.0000,-1.0000,-1.0000,-1.0000,-1.0000,-1.0000,-1.0000,-1.0000,-1.0000,-1.0000,-1.0000,-1.0000,-1.0000,-1.0000,-1.0000,-1.0000,-1.0000,-1.0000,-1.0000,-1.0000,-1.0000,-1.0000,-1.0000,-1.0000,-1.0000,-1.0000,-1.0000,-1.0000,-1.0000,-1.0000,-1.0000,-1.0000,-1.0000,-1.0000,-1.0000,-1.0000,-1.0000,-1.0000,-1.0000,-1.0000,-1.0000,-1.0000,-1.0000,-1.0000,-1.0000,-1.0000,-1.0000,-1.0000,-1.0000,-1.0000,-1.0000,-1.0000,-1.0000,-1.0000,-1.0000,-1.0000,-1.0000,-1.0000,-1.0000,-1.0000,-1.0000,-1.0000,-1.0000,-1.0000,-1.0000,-1.0000,-1.0000,-1.0000,-1.0000,-1.0000,-1.0000,-1.0000,1.7412,1.7825,1.7460,1.6927,1.7798,1.7066,1.4632,1.6515,1.6473,1.5178,1.6102,1.6606,1.4905,1.6695,1.5105,1.5411,1.6224,1.5260,1.5564,1.5397,1.5305,1.5407,1.4355,1.4505,1.5230,1.5041,1.4266,1.4605,1.4229,1.4871,1.4297,1.4448,1.5433,1.4787,1.4810,1.5487,1.4439,1.5533,1.5374,1.5166,1.7461,1.7599,1.7610,1.7532,1.7189,1.6491,1.7225,1.6857,1.7216,1.6824,1.7159,1.6498,1.6538,1.6792,1.7136,1.7910,1.7410,1.7400,1.7786,1.7129,1.7560,1.7606,1.7648,0,1.0000,4.2540,-2.8602,2.9891
27,0.0540,-1.1268,0.8071,1.1417,4.2540,-2.8602,2.4790,0.1217,0.1902,0.0000,1.0271,1.0000,0.0001,0.0012,0.0000,-0.0000,-0.0025,-0.0002,-0.0004,0.0005,0.0002,0.0001,-0.0025,-0.0001,-0.0004,0.0008,-0.0020,0.0000,0.0077,-0.0005,-0.0003,0.0148,0.0001,0.0012,-0.0000,0.0077,0.0005,0.0003,0.0148,0.0001,0.0007,0.0000,0.0069,-0.0009,-0.0082,-0.0168,0.0879,0.0021,-0.0027,-0.0861,0.0101,-0.0226,0.0228,0.2204,0.0008,-0.0834,0.0255,-0.0240,0.0024,-0.0976,0.0026,0.2710,-0.0224,-0.0059,0.4095,0.0049,0.0316,-0.0003,0.2785,0.0115,0.0101,0.4227,0.0050,0.0292,0.0003,-1.0000,-1.0000,-1.0000,-1.0000,-1.0000,-1.0000,-1.0000,-1.0000,-1.0000,-1.0000,-1.0000,-1.0000,-1.0000,-1.0000,-1.0000,-1.0000,-1.0000,-1.0000,-1.0000,-1.0000,-1.0000,-1.0000,-1.0000,-1.0000,-1.0000,-1.0000,-1.0000,-1.0000,-1.0000,-1.0000,-1.0000,-1.0000,-1.0000,-1.0000,-1.0000,-1.0000,-1.0000,-1.0000,-1.0000,-1.0000,-1.0000,-1.0000,-1.0000,-1.0000,-1.0000,-1.0000,-1.0000,-1.0000,-1.0000,-1.0000,-1.0000,-1.0000,-1.0000,-1.0000,-1.0000,-1.0000,-1.0000,-1.0000,-1.0000,-1.0000,-1.0000,-1.0000,-1.0000,-1.0000,-1.0000,-1.0000,-1.0000,-1.0000,-1.0000,-1.0000,-1.0000,-1.0000,-1.0000,-1.0000,-1.0000,-1.0000,-1.0000,-1.0000,-1.0000,-1.0000,-1.0000,-1.0000,-1.0000,-1.0000,-1.0000,-1.0000,-1.0000,-1.0000,-1.0000,-1.0000,-1.0000,-1.0000,-1.0000,-1.0000,-1.0000,-1.0000,-1.0000,-1.0000,-1.0000,-1.0000,-1.0000,-1.0000,-1.0000,-1.0000,-1.0000,-1.0000,-1.0000,-1.0000,-1.0000,-1.0000,-1.0000,-1.0000,-1.0000,-1.0000,-1.0000,-1.0000,-1.0000,-1.0000,-1.0000,-1.0000,-1.0000,1.7300,1.7712,1.7348,1.6815,1.7686,1.6953,1.4527,1.6410,1.6364,1.5070,1.5998,1.6496,1.4796,1.6587,1.5000,1.5301,1.6117,1.5154,1.5455,1.5289,1.5197,1.5300,1.4248,1.4398,1.5123,1.4936,1.4160,1.4501,1.4124,1.4765,1.4193,1.4347,1.5332,1.4685,1.4709,1.5385,1.4337,1.5431,1.5273,1.5065,1.7354,1.7489,1.7501,1.7424,1.7081,1.6383,1.7117,1.6749,1.7110,1.6718,1.7053,1.6392,1.6431,1.6687,1.7033,1.7806,1.7306,1.7297,1.7682,1.7026,1.7456,1.7503,1.7546,0,1.0000,4.2540,-2.8602,2.9891
27,0.0540,-1.1268,0.8071,1.1417,4.2540,-2.8602,2.4790,0.1217,0.1902,0.0000,1.0271,1.0000,0.0001,0.0012,0.0000,-0.0000,-0.0025,-0.0002,-0.0004,0.0005,0.0002,0.0001,-0.0025,-0.0001,-0.0004,0.0008,-0.0020,0.0000,0.0077,-0.0005,-0.0003,0.0148,0.0001,0.0012,-0.0000,0.0077,0.0005,0.0003,0.0148,0.0001,0.0007,0.0000,0.0069,-0.0009,-0.0082,-0.0168,0.0879,0.0021,-0.0027,-0.0861,0.0101,-0.0226,0.0228,0.2204,0.0008,-0.0834,0.0255,-0.0240,0.0024,-0.0976,0.0026,0.2710,-0.0224,-0.0059,0.4095,0.0049,0.0316,-0.0003,0.2785,0.0115,0.0101,0.4227,0.0050,0.0292,0.0003,-1.0000,-1.0000,-1.0000,-1.0000,-1.0000,-1.0000,-1.0000,-1.0000,-1.0000,-1.0000,-1.0000,-1.0000,-1.0000,-1.0000,-1.0000,-1.0000,-1.0000,-1.0000,-1.0000,-1.0000,-1.0000,-1.0000,-1.0000,-1.0000,-1.0000,-1.0000,-1.0000,-1.0000,-1.0000,-1.0000,-1.0000,-1.0000,-1.0000,-1.0000,-1.0000,-1.0000,-1.0000,-1.0000,-1.0000,-1.0000,-1.0000,-1.0000,-1.0000,-1.0000,-1.0000,-1.0000,-1.0000,-1.0000,-1.0000,-1.0000,-1.0000,-1.0000,-1.0000,-1.0000,-1.0000,-1.0000,-1.0000,-1.0000,-1.0000,-1.0000,-1.0000,-1.0000,-1.0000,-1.0000,-1.0000,-1.0000,-1.0000,-1.0000,-1.0000,-1.0000,-1.0000,-1.0000,-1.0000,-1.0000,-1.0000,-1.0000,-1.0000,-1.0000,-1.0000,-1.0000,-1.0000,-1.0000,-1.0000,-1.0000,-1.0000,-1.0000,-1.0000,-1.0000,-1.0000,-1.0000,-1.0000,-1.0000,-1.0000,-1.0000,-1.0000,-1.0000,-1.0000,-1.0000,-1.0000,-1.0000,-1.0000,-1.0000,-1.0000,-1.0000,-1.0000,-1.0000,-1.0000,-1.0000,-1.0000,-1.0000,-1.0000,-1.0000,-1.0000,-1.0000,-1.0000,-1.0000,-1.0000,-1.0000,-1.0000,-1.0000,-1.0000,1.7300,1.7712,1.7348,1.6815,1.7686,1.6953,1.4527,1.6410,1.6364,1.5070,1.5998,1.6496,1.4796,1.6587,1.5000,1.5301,1.6117,1.5154,1.5455,1.5289,1.5197,1.5300,1.4248,1.4398,1.5123,1.4936,1.4160,1.4501,1.4124,1.4765,1.4193,1.4347,1.5332,1.4685,1.4709,1.5385,1.4337,1.5431,1.5273,1.5065,1.7354,1.7489,1.7501,1.7424,1.7081,1.6383,1.7117,1.6749,1.7110,1.6718,1.7053,1.6392,1.6431,1.6687,1.7033,1.7806,1.7306,1.7297,1.7682,1.7026,1.7456,1.7503,1.7546,0,1.0000,4.2540,-2.8602,2.9891
28,0.0560,-1.1183,0.8013,1.1466,4.2540,-2.8602,2.4594,0.1217,0.1902,0.0000,1.0271,1.0000,0.0000,0.0013,0.0000,-0.0000,-0.0026,-0.0001,-0.0005,0.0005,0.0002,0.0001,-0.0026,-0.0000,-0.0005,0.0008,-0.0022,0.0000,0.0082,-0.0006,-0.0003,0.0156,0.0001,0.0012,-0.0000,0.0083,0.0006,0.0003,0.0157,0.0001,0.0008,0.0000,0.0072,-0.0009,-0.0085,-0.0235,0.0909,0.0023,-0.0020,-0.0878,0.0273,-0.0246,0.0147,0.0270,0.0005,-0.0821,0.0356,-0.0283,-0.0295,-0.1388,0.0031,0.2776,-0.0255,-0.0053,0.4057,0.0051,0.0317,-0.0003,0.2870,0.0088,0.0106,0.4230,0.0053,0.0303,0.0003,-1.0000,-1.0000,-1.0000,-1.0000,-1.0000,-1.0000,-1.0000,-1.0000,-1.0000,-1.0000,-1.0000,-1.0000,-1.0000,-1.0000,-1.0000,-1.0000,-1.0000,-1.0000,-1.0000,-1.0000,-1.0000,-1.0000,-1.0000,-1.0000,-1.0000,-1.0000,-1.0000,-1.0000,-1.0000,-1.0000,-1.0000,-1.0000,-1.0000,-1.0000,-1.0000,-1.0000,-1.0000,-1.0000,-1.0000,-1.0000,-1.0000,-1.0000,-1.0000,-1.0000,-1.0000,-1.0000,-1.0000,-1.0000,-1.0000,-1.0000,-1.0000,-1.0000,-1.0000,-1.0000,-1.0000,-1.0000,-1.0000,-1.0000,-1.0000,-1.0000,-1.0000,-1.0000,-1.0000,-1.0000,-1.0000,-1.0000,-1.0000,-1.0000,-1.0000,-1.0000,-1.0000,-1.0000,-1.0000,-1.0000,-1.0000,-1.0000,-1.0000,-1.0000,-1.0000,-1.0000,-1.0000,-1.0000,-1.0000,-1.0000,-1.0000,-1.0000,-1.0000,-1.0000,-1.0000,-1.0000,-1.0000,-1.0000,-1.0000,-1.0000,-1.0000,-1.0000,-1.0000,-1.0000,-1.0000,-1.0000,-1.0000,-1.0000,-1.0000,-1.0000,-1.0000,-1.0000,-1.0000,-1.0000,-1.0000,-1.0000,-1.0000,-1.0000,-1.0000,-1.0000,-1.0000,-1.0000,-1.0000,-1.0000,-1.0000,-1.0000,-1.0000,1.7187,1.7600,1.7235,1.6702,1.7573,1.6841,1.4423,1.6304,1.6256,1.4962,1.5894,1.6385,1.4687,1.6480,1.4894,1.5191,1.6011,1.5047,1.5347,1.5181,1.5090,1.5192,1.4141,1.4292,1.5015,1.4832,1.4054,1.4396,1.4019,1.4658,1.4089,1.4246,1.5231,1.4583,1.4609,1.5283,1.4236,1.5328,1.5172,1.4965,1.7246,1.7380,1.7392,1.7316,1.6973,1.6275,1.7010,1.6641,1.7005,1.6611,1.6948,1.6287,1.6324,1.6583,1.6930,1.7703,1.7203,1.7194,1.7578,1.6922,1.7352,1.7401,1.7443,0,1.0000,4.2540,-2.8602,2.9891
29,0.0580,-1.1098,0.7956,1.1515,4.2540,-2.8602,2.4397,0.1217,0.1902,0.0000,1.0271,1.0000,0.0000,0.0014,0.0000,-0.0000,-0.0028,-0.0000,-0.0005,0.0006,-0.0001,0.0001,-0.0028,0.0000,-0.0005,0.0007,-0.0021,0.0000,0.0088,-0.0006,-0.0003,0.0164,0.0001,0.0013,-0.0000,0.0089,0.0006,0.0003,0.0165,0.0001,0.0008,0.0000,0.0074,-0.0009,-0.0113,-0.0227,0.0933,0.0022,-0.0020,-0.0888,0.0360,-0.0267,0.0089,-0.1678,0.0002,-0.0840,0.0250,-0.0298,-0.0275,0.0581,0.0030,0.2838,-0.0250,-0.0055,0.3998,0.0052,0.0317,-0.0003,0.2928,0.0093,0.0101,0.4160,0.0054,0.0313,0.0003,-1.0000,-1.0000,-1.0000,-1.0000,-1.0000,-1.0000,-1.0000,-1.0000,-1.0000,-1.0000,-1.0000,-1.0000,-1.0000,-1.0000,-1.0000,-1.0000,-1.0000,-1.0000,-1.0000,-1.0000,-1.0000,-1.0000,-1.0000,-1.0000,-1.0000,-1.0000,-1.0000,-1.0000,-1.0000,-1.0000,-1.0000,-1.0000,-1.0000,-1.0000,-1.0000,-1.0000,-1.0000,-1.0000,-1.0000,-1.0000,-1.0000,-1.0000,-1.0000,-1.0000,-1.0000,-1.0000,-1.0000,-1.0000,-1.0000,-1.0000,-1.0000,-1.0000,-1.0000,-1.0000,-1.0000,-1.0000,-1.0000,-1.0000,-1.0000,-1.0000,-1.0000,-1.0000,-1.0000,-1.0000,-1.0000,-1.0000,-1.0000,-1.0000,-1.0000,-1.0000,-1.0000,-1.0000,-1.0000,-1.0000,-1.0000,-1.0000,-1.0000,-1.0000,-1.0000,-1.0000,-1.0000,-1.0000,-1.0000,-1.0000,-1.0000,-1.0000,-1.0000,-1.0000,-1.0000,-1.0000,-1.0000,-1.0000,-1.0000,-1.0000,-1.0000,-1.0000,-1.0000,-1.0000,-1.0000,-1.0000,-1.0000,-1.0000,-1.0000,-1.0000,-1.0000,-1.0000,-1.0000,-1.0000,-1.0000,-1.0000,-1.0000,-1.0000,-1.0000,-1.0000,-1.0000,-1.0000,-1.0000,-1.0000,-1.0000,-1.0000,-1.0000,1.7075,1.7488,1.7123,1.6590,1.7461,1.6729,1.4318,1.6199,1.6147,1.4854,1.5790,1.6275,1.4578,1.6372,1.4789,1.5081,1.5905,1.4941,1.5238,1.5074,1.4983,1.5085,1.4033,1.4186,1.4908,1.4728,1.3949,1.4292,1.3914,1.4552,1.3985,1.4145,1.5130,1.4481,1.4508,1.5181,1.4134,1.5226,1.5072,1.4864,1.7139,1.7271,1.7284,1.7208,1.6865,1.6168,1.6903,1.6534,1.6899,1.6505,1.6842,1.6181,1.6218,1.6478,1.6828,1.7600,1.7099,1.7092,1.7474,1.6819,1.7249,1.7298,1.7340,0,1.0000,4.2540,-2.8602,2.9891
29,0.0580,-1.1098,0.7956,1.1515,4.2540,-2.8602,2.4397,0.1217,0.1902,0.0000,1.0271,1.0000,0.0000,0.0014,0.0000,-0.0000,-0.0028,-0.0000,-0.0005,0.0006,-0.0001,0.0001,-0.0028,0.0000,-0.0005,0.0007,-0.0021,0.0000,0.0088,-0.0006,-0.0003,0.0164,0.0001,0.0013,-0.0000,0.0089,0.0006,0.0003,0.0165,0.0001,0.0008,0.0000,0.0074,-0.0009,-0.0113,-0.0227,0.0933,0.0022,-0.0020,-0.0888,0.0360,-0.0267,0.0089,-0.1678,0.0002,-0.0840,0.0250,-0.0298,-0.0275,0.0581,0.0030,0.2838,-0.0250,-0.0055,0.3998,0.0052,0.0317,-0.0003,0.2928,0.0093,0.0101,0.4160,0.0054,0.0313,0.0003,-1.0000,-1.0000,-1.0000,-1.0000,-1.0000,-1.0000,-1.0000,-1.0000,-1.0000,-1.0000,-1.0000,-1.0000,-1.0000,-1.0000,-1.0000,-1.0000,-1.0000,-1.0000,-1.0000,-1.0000,-1.0000,-1.0000,-1.0000,-1.0000,-1.0000,-1.0000,-1.0000,-1.0000,-1.0000,-1.0000,-1.0000,-1.0000,-1.0000,-1.0000,-1.0000,-1.0000,-1.0000,-1.0000,-1.0000,-1.0000,-1.0000,-1.0000,-1.0000,-1.0000,-1.0000,-1.0000,-1.0000,-1.0000,-1.0000,-1.0000,-1.0000,-1.0000,-1.0000,-1.0000,-1.0000,-1.0000,-1.0000,-1.0000,-1.0000,-1.0000,-1.0000,-1.0000,-1.0000,-1.0000,-1.0000,-1.0000,-1.0000,-1.0000,-1.0000,-1.0000,-1.0000,-1.0000,-1.0000,-1.0000,-1.0000,-1.0000,-1.0000,-1.0000,-1.0000,-1.0000,-1.0000,-1.0000,-1.0000,-1.0000,-1.0000,-1.0000,-1.0000,-1.0000,-1.0000,-1.0000,-1.0000,-1.0000,-1.0000,-1.0000,-1.0000,-1.0000,-1.0000,-1.0000,-1.0000,-1.0000,-1.0000,-1.0000,-1.0000,-1.0000,-1.0000,-1.0000,-1.0000,-1.0000,-1.0000,-1.0000,-1.0000,-1.0000,-1.0000,-1.0000,-1.0000,-1.0000,-1.0000,-1.0000,-1.0000,-1.0000,-1.0000,1.7075,1.7488,1.7123,1.6590,1.7461,1.6729,1.4318,1.6199,1.6147,1.4854,1.5790,1.6275,1.4578,1.6372,1.4789,1.5081,1.5905,1.4941,1.5238,1.5074,1.4983,1.5085,1.4033,1.4186,1.4908,1.4728,1.3949,1.4292,1.3914,1.4552,1.3985,1.4145,1.5130,1.4481,1.4508,1.5181,1.4134,1.5226,1.5072,1.4864,1.7139,1.7271,1.7284,1.7208,1.6865,1.6168,1.6903,1.6534,1.6899,1.6505,1.6842,1.6181,1.6218,1.6478,1.6828,1.7600,1.7099,1.7092,1.7474,1.6819,1.7249,1.7298,1.7340,0,1.0000,4.2540,-2.8602,2.9891
30,0.0600,-1.1013,0.7899,1.1563,4.2540,-2.8602,2.4201,0.1217,0.1902,0.0000,1.0270,1.0000,-0.0000,0.0015,0.0000,-0.0000,-0.0030,0.0001,-0.0006,0.0010,-0.0004,0.0001,-0.0030,0.0001,-0.0006,0.0006,-0.0016,0.0000,0.0094,-0.0007,-0.0003,0.0172,0.0002,0.0014,-0.0000,0.0095,0.0006,0.0003,0.0173,0.0002,0.0009,0.0000,0.0076,-0.0017,-0.0173,-0.0342,0.0941,0.0021,-0.0016,-0.1112,0.0496,-0.0116,0.2035,-0.1432,-0.0002,-0.0839,0.0299,-0.0314,-0.0257,0.2558,0.0044,0.2861,-0.0278,-0.0040,0.3843,0.0054,0.0313,-0.0003,0.2984,0.0063,0.0111,0.4077,0.0056,0.0322,0.0003,-1.0000,-1.0000,-1.0000,-1.0000,-1.0000,-1.0000,-1.0000,-1.0000,-1.0000,-1.0000,-1.0000,-1.0000,-1.0000,-1.0000,-1.0000,-1.0000,-1.0000,-1.0000,-1.0000,-1.0000,-1.0000,-1.0000,-1.0000,-1.0000,-1.0000,-1.0000,-1.0000,-1.0000,-1.0000,-1.0000,-1.0000,-1.0000,-1.0000,-1.0000,-1.0000,-1.0000,-1.0000,-1.0000,-1.0000,-1.0000,-1.0000,-1.0000,-1.0000,-1.0000,-1.0000,-1.0000,-1.0000,-1.0000,-1.0000,-1.0000,-1.0000,-1.0000,-1.0000,-1.0000,-1.0000,-1.0000,-1.0000,-1.0000,-1.0000,-1.0000,-1.0000,-1.0000,-1.0000,-1.0000,-1.0000,-1.0000,-1.0000,-1.0000,-1.0000,-1.0000,-1.0000,-1.0000,-1.0000,-1.0000,-1.0000,-1.0000,-1.0000,-1.0000,-1.0000,-1.0000,-1.0000,-1.0000,-1.0000,-1.0000,-1.0000,-1.0000,-1.0000,-1.0000,-1.0000,-1.0000,-1.0000,-1.0000,-1.0000,-1.0000,-1.0000,-1.0000,-1.0000,-1.0000,-1.0000,-1.0000,-1.0000,-1.0000,-1.0000,-1.0000,-1.0000,-1.0000,-1.0000,-1.0000,-1.0000,-1.0000,-1.0000,-1.0000,-1.0000,-1.0000,-1.0000,-1.0000,-1.0000,-1.0000,-1.0000,-1.0000,-1.0000,1.6963,1.7376,1.7010,1.6477,1.7349,1.6617,1.4214,1.6094,1.6039,1.4747,1.5686,1.6165,1.4469,1.6265,1.4684,1.4972,1.5798,1.4834,1.5130,1.4966,1.4876,1.4977,1.3926,1.4079,1.4801,1.4624,1.3843,1.4187,1.3809,1.4446,1.3882,1.4044,1.5029,1.4379,1.4408,1.5079,1.4032,1.5124,1.4972,1.4764,1.7032,1.7162,1.7175,1.7100,1.6757,1.6061,1.6796,1.6426,1.6794,1.6399,1.6737,1.6076,1.6111,1.6374,1.6725,1.7497,1.6996,1.6990,1.7371,1.6716,1.7145,1.7196,1.7238,0,1.0000,4.2540,-2.8602,2.9891
31,0.0620,-1.0928,0.7842,1.1611,4.2540,-2.8602,2.4005,0.1217,0.1902,0.0000,1.0270,1.0000,-0.0000,0.0016,0.0000,-0.0000,-0.0032,0.0001,-0.0006,0.0012,-0.0009,0.0001,-0.0031,0.0001,-0.0007,0.0006,-0.0008,0.0000,0.0100,-0.0007,-0.0003,0.0180,0.0002,0.0014,-0.0000,0.0101,0.0006,0.0004,0.0181,0.0002,0.0010,0.0000,0.0079,-0.0011,-0.0174,-0.0215,0.0970,0.0019,-0.0009,-0.1043,0.0389,-0.0198,0.1199,-0.2500,-0.0004,-0.0866,0.0066,-0.0327,-0.0232,0.4075,0.0028,0.2950,-0.0230,-0.0057,0.3858,0.0055,0.0316,-0.0003,0.3031,0.0113,0.0091,0.3995,0.0057,0.0330,0.0003,-1.0000,-1.0000,-1.0000,-1.0000,-1.0000,-1.0000,-1.0000,-1.0000,-1.0000,-1.0000,-1.0000,-1.0000,-1.0000,-1.0000,-1.0000,-1.0000,-1.0000,-1.0000,-1.0000,-1.0000,-1.0000,-1.0000,-1.0000,-1.0000,-1.0000,-1.0000,-1.0000,-1.0000,-1.0000,-1.0000,-1.0000,-1.0000,-1.0000,-1.0000,-1.0000,-1.0000,-1.0000,-1.0000,-1.0000,-1.0000,-1.0000,-1.0000,-1.0000,-1.0000,-1.0000,-1.0000,-1.0000,-1.0000,-1.0000,-1.0000,-1.0000,-1.0000,-1.0000,-1.0000,-1.0000,-1.0000,-1.0000,-1.0000,-1.0000,-1.0000,-1.0000,-1.0000,-1.0000,-1.0000,-1.0000,-1.0000,-1.0000,-1.0000,-1.0000,-1.0000,-1.0000,-1.0000,-1.0000,-1.0000,-1.0000,-1.0000,-1.0000,-1.0000,-1.0000,-1.0000,-1.0000,-1.0000,-1.0000,-1.0000,-1.0000,-1.0000,-1.0000,-1.0000,-1.0000,-1.0000,-1.0000,-1.0000,-1.0000,-1.0000,-1.0000,-1.0000,-1.0000,-1.0000,-1.0000,-1.0000,-1.0000,-1.0000,-1.0000,-1.0000,-1.0000,-1.0000,-1.0000,-1.0000,-1.0000,-1.0000,-1.0000,-1.0000,-1.0000,-1.0000,-1.0000,-1.0000,-1.0000,-1.0000,-1.0000,-1.0000,-1.0000,1.6850,1.7265,1.6898,1.6365,1.7237,1.6506,1.4110,1.5989,1.5931,1.4639,1.5583,1.6055,1.4361,1.6158,1.4578,1.4862,1.5692,1.4728,1.5022,1.4859,1.4769,1.4870,1.3819,1.3973,1.4695,1.4520,1.3738,1.4083,1.3705,1.4340,1.3778,1.3943,1.4928,1.4278,1.4308,1.4978,1.3931,1.5022,1.4872,1.4664,1.6924,1.7053,1.7067,1.6992,1.6649,1.5954,1.6689,1.6319,1.6689,1.6294,1.6631,1.5971,1.6005,1.6270,1.6623,1.7394,1.6893,1.6887,1.7267,1.6613,1.7041,1.7094,1.7135,0,1.0000,4.2540,-2.8602,2.9891
31,0.0620,-1.0928,0.7842,1.1611,4.2540,-2.8602,2.4005,0.1217,0.1902,0.0000,1.0270,1.0000,-0.0000,0.0016,0.0000,-0.0000,-0.0032,0.0001,-0.0006,0.0012,-0.0009,0.0001,-0.0031,0.0001,-0.0007,0.0006,-0.0008,0.0000,0.0100,-0.0007,-0.0003,0.0180,0.0002,0.0014,-0.0000,0.0101,0.0006,0.0004,0.0181,0.0002,0.0010,0.0000,0.0079,-0.0011,-0.0174,-0.0215,0.0970,0.0019,-0.0009,-0.1043,0.0389,-0.0198,0.1199,-0.2500,-0.0004,-0.0866,0.0066,-0.0327,-0.0232,0.4075,0.0028,0.2950,-0.0230,-0.0057,0.3858,0.0055,0.0316,-0.0003,0.3031,0.0113,0.0091,0.3995,0.0057,0.0330,0.0003,-1.0000,-1.0000,-1.0000,-1.0000,-1.0000,-1.0000,-1.0000,-1.0000,-1.0000,-1.0000,-1.0000,-1.0000,-1.0000,-1.0000,-1.0000,-1.0000,-1.0000,-1.0000,-1.0000,-1.0000,-1.0000,-1.0000,-1.0000,-1.0000,-1.0000,-1.0000,-1.0000,-1.0000,-1.0000,-1.0000,-1.0000,-1.0000,-1.0000,-1.0000,-1.0000,-1.0000,-1.0000,-1.0000,-1.0000,-1.0000,-1.0000,-1.0000,-1.0000,-1.0000,-1.0000,-1.0000,-1.0000,-1.0000,-1.0000,-1.0000,-1.0000,-1.0000,-1.0000,-1.0000,-1.0000,-1.0000,-1.0000,-1.0000,-1.0000,-1.0000,-1.0000,-1.0000,-1.0000,-1.0000,-1.0000,-1.0000,-1.0000,-1.0000,-1.0000,-1.0000,-1.0000,-1.0000,-1.0000,-1.0000,-1.0000,-1.0000,-1.0000,-1.0000,-1.0000,-1.0000,-1.0000,-1.0000,-1.0000,-1.0000,-1.0000,-1.0000,-1.0000,-1.0000,-1.0000,-1.0000,-1.0000,-1.0000,-1.0000,-1.0000,-1.0000,-1.0000,-1.0000,-1.0000,-1.0000,-1.0000,-1.0000,-1.0000,-1.0000,-1.0000,-1.0000,-1.0000,-1.0000,-1.0000,-1.0000,-1.0000,-1.0000,-1.0000,-1.0000,-1.0000,-1.0000,-1.0000,-1.0000,-1.0000,-1.0000,-1.0000,-1.0000,1.6850,1.7265,1.6898,1.6365,1.7237,1.6506,1.4110,1.5989,1.5931,1.4639,1.5583,1.6055,1.4361,1.6158,1.4578,1.4862,1.5692,1.4728,1.5022,1.4859,1.4769,1.4870,1.3819,1.3973,1.4695,1.4520,1.3738,1.4083,1.3705,1.4340,1.3778,1.3943,1.4928,1.4278,1.4308,1.4978,1.3931,1.5022,1.4872,1.4664,1.6924,1.7053,1.7067,1.6992,1.6649,1.5954,1.6689,1.6319,1.6689,1.6294,1.6631,1.5971,1.6005,1.6270,1.6623,1.7394,1.6893,1.6887,1.7267,1.6613,1.7041,1.7094,1.7135,0,1.0000,4.2540,-2.8602,2.9891
32,0.0640,-1.0843,0.7785,1.1659,4.2540,-2.8602,2.3809,0.1217,0.1903,0.0000,1.0270,1.0000,-0.0001,0.0017,0.0000,-0.0000,-0.0034,0.0002,-0.0007,0.0013,-0.0016,0.0001,-0.0033,0.0001,-0.0007,0.0006,-0.0000,0.0000,0.0106,-0.0008,-0.0003,0.0187,0.0002,0.0015,-0.0000,0.0107,0.0006,0.0004,0.0189,0.0002,0.0010,0.0000,0.0081,-0.0012,-0.0139,-0.0265,0.1004,0.0020,-0.0007,-0.0998,0.0493,-0.0267,0.0544,-0.3364,-0.0007,-0.0923,0.0135,-0.0323,0.0009,0.3866,0.0033,0.3027,-0.0249,-0.0053,0.3864,0.0057,0.0319,-0.0003,0.3121,0.0098,0.0094,0.4029,0.0060,0.0343,0.0003,-1.0000,-1.0000,-1.0000,-1.0000,-1.0000,-1.0000,-1.0000,-1.0000,-1.0000,-1.0000,-1.0000,-1.0000,-1.0000,-1.0000,-1.0000,-1.0000,-1.0000,-1.0000,-1.0000,-1.0000,-1.0000,-1.0000,-1.0000,-1.0000,-1.0000,-1.0000,-1.0000,-1.0000,-1.0000,-1.0000,-1.0000,-1.0000,-1.0000,-1.0000,-1.0000,-1.0000,-1.0000,-1.0000,-1.0000,-1.0000,-1.0000,-1.0000,-1.0000,-1.0000,-1.0000,-1.0000,-1.0000,-1.0000,-1.0000,-1.0000,-1.0000,-1.0000,-1.0000,-1.0000,-1.0000,-1.0000,-1.0000,-1.0000,-1.0000,-1.0000,-1.0000,-1.0000,-1.0000,-1.0000,-1.0000,-1.0000,-1.0000,-1.0000,-1.0000,-1.0000,-1.0000,-1.0000,-1.0000,-1.0000,-1.0000,-1.0000,-1.0000,-1.0000,-1.0000,-1.0000,-1.0000,-1.0000,-1.0000,-1.0000,-1.0000,-1.0000,-1.0000,-1.0000,-1.0000,-1.0000,-1.0000,-1.0000,-1.0000,-1.0000,-1.0000,-1.0000,-1.0000,-1.0000,-1.0000,-1.0000,-1.0000,-1.0000,-1.0000,-1.0000,-1.0000,-1.0000,-1.0000,-1.0000,-1.0000,-1.0000,-1.0000,-1.0000,-1.0000,-1.0000,-1.0000,-1.0000,-1.0000,-1.0000,-1.0000,-1.0000,-1.0000,1.6739,1.7153,1.6786,1.6253,1.7125,1.6394,1.4006,1.5884,1.5823,1.4532,1.5479,1.5945,1.4252,1.6051,1.4474,1.4753,1.5586,1.4622,1.4914,1.4751,1.4663,1.4763,1.3713,1.3867,1.4588,1.4416,1.3633,1.3979,1.3600,1.4234,1.3675,1.3843,1.4828,1.4177,1.4208,1.4876,1.3830,1.4920,1.4772,1.4564,1.6817,1.6944,1.6959,1.6884,1.6541,1.5847,1.6582,1.6212,1.6584,1.6188,1.6526,1.5866,1.5899,1.6166,1.6521,1.7291,1.6790,1.6785,1.7164,1.6511,1.6938,1.6992,1.7033,0,1.0000,4.2540,-2.8602,2.9891
32,0.0640,-1.0843,0.7785,1.1659,4.2540,-2.8602,2.3809,0.1217,0.1903,0.0000,1.0270,1.0000,-0.0001,0.0017,0.0000,-0.0000,-0.0034,0.0002,-0.0007,0.0013,-0.0016,0.0001,-0.0033,0.0001,-0.0007,0.0006,-0.0000,0.0000,0.0106,-0.0008,-0.0003,0.0187,0.0002,0.0015,-0.0000,0.0107,0.0006,0.0004,0.0189,0.0002,0.0010,0.0000,0.0081,-0.0012,-0.0139,-0.0265,0.1004,0.0020,-0.0007,-0.0998,0.0493,-0.0267,0.0544,-0.3364,-0.0007,-0.0923,0.0135,-0.0323,0.0009,0.3866,0.0033,0.3027,-0.0249,-0.0053,0.3864,0.0057,0.0319,-0.0003,0.3121,0.0098,0.0094,0.4029,0.0060,0.0343,0.0003,-1.0000,-1.0000,-1.0000,-1.0000,-1.0000,-1.0000,-1.0000,-1.0000,-1.0000,-1.0000,-1.0000,-1.0000,-1.0000,-1.0000,-1.0000,-1.0000,-1.0000,-1.0000,-1.0000,-1.0000,-1.0000,-1.0000,-1.0000,-1.0000,-1.0000,-1.0000,-1.0000,-1.0000,-1.0000,-1.0000,-1.0000,-1.0000,-1.0000,-1.0000,-1.0000,-1.0000,-1.0000,-1.0000,-1.0000,-1.0000,-1.0000,-1.0000,-1.0000,-1.0000,-1.0000,-1.0000,-1.0000,-1.0000,-1.0000,-1.0000,-1.0000,-1.0000,-1.0000,-1.0000,-1.0000,-1.0000,-1.0000,-1.0000,-1.0000,-1.0000,-1.0000,-1.0000,-1.0000,-1.0000,-1.0000,-1.0000,-1.0000,-1.0000,-1.0000,-1.0000,-1.0000,-1.0000,-1.0000,-1.0000,-1.0000,-1.0000,-1.0000,-1.0000,-1.0000,-1.0000,-1.0000,-1.0000,-1.0000,-1.0000,-1.0000,-1.0000,-1.0000,-1.0000,-1.0000,-1.0000,-1.0000,-1.0000,-1.0000,-1.0000,-1.0000,-1.0000,-1.0000,-1.0000,-1.0000,-1.0000,-1.0000,-1.0000,-1.0000,-1.0000,-1.0000,-1.0000,-1.0000,-1.0000,-1.0000,-1.0000,-1.0000,-1.0000,-1.0000,-1.0000,-1.0000,-1.0000,-1.0000,-1.0000,-1.0000,-1.0000,-1.0000,1.6739,1.7153,1.6786,1.6253,1.7125,1.6394,1.4006,1.5884,1.5823,1.4532,1.5479,1.5945,1.4252,1.6051,1.4474,1.4753,1.5586,1.4622,1.4914,1.4751,1.4663,1.4763,1.3713,1.3867,1.4588,1.4416,1.3633,1.3979,1.3600,1.4234,1.3675,1.3843,1.4828,1.4177,1.4208,1.4876,1.3830,1.4920,1.4772,1.4564,1.6817,1.6944,1.6959,1.6884,1.6541,1.5847,1.6582,1.6212,1.6584,1.6188,1.6526,1.5866,1.5899,1.6166,1.6521,1.7291,1.6790,1.6785,1.7164,1.6511,1.6938,1.6992,1.7033,0,1.0000,4.2540,-2.8602,2.9891
33,0.0660,-1.0758,0.7727,1.1706,4.2540,-2.8602,2.3613,0.1217,0.1903,0.0000,1.0269,1.0000,-0.0001,0.0018,0.0000,-0.0000,-0.0036,0.0003,-0.0007,0.0013,-0.0023,0.0001,-0.0035,0.0001,-0.0008,0.0009,0.0006,0.0000,0.0112,-0.0008,-0.0003,0.0195,0.0002,0.0016,-0.0000,0.0113,0.0007,0.0004,0.0197,0.0002,0.0011,0.0000,0.0084,0.0002,-0.0158,-0.0005,0.1020,0.0018,-0.0002,-0.0934,0.0185,-0.0337,-0.0058,-0.3697,-0.0035,-0.1130,-0.0166,-0.0190,0.1674,0.3300,0.0003,0.3119,-0.0159,-0.0085,0.3882,0.0057,0.0323,-0.0004,0.3133,0.0186,0.0058,0.3861,0.0059,0.0350,0.0003,-1.0000,-1.0000,-1.0000,-1.0000,-1.0000,-1.0000,-1.0000,-1.0000,-1.0000,-1.0000,-1.0000,-1.0000,-1.0000,-1.0000,-1.0000,-1.0000,-1.0000,-1.0000,-1.0000,-1.0000,-1.0000,-1.0000,-1.0000,-1.0000,-1.0000,-1.0000,-1.0000,-1.0000,-1.0000,-1.0000,-1.0000,-1.0000,-1.0000,-1.0000,-1.0000,-1.0000,-1.0000,-1.0000,-1.0000,-1.0000,-1.0000,-1.0000,-1.0000,-1.0000,-1.0000,-1.0000,-1.0000,-1.0000,-1.0000,-1.0000,-1.0000,-1.0000,-1.0000,-1.0000,-1.0000,-1.0000,-1.0000,-1.0000,-1.0000,-1.0000,-1.0000,-1.0000,-1.0000,-1.0000,-1.0000,-1.0000,-1.0000,-1.0000,-1.0000,-1.0000,-1.0000,-1.0000,-1.0000,-1.0000,-1.0000,-1.0000,-1.0000,-1.0000,-1.0000,-1.0000,-1.0000,-1.0000,-1.0000,-1.0000,-1.0000,-1.0000,-1.0000,-1.0000,-1.0000,-1.0000,-1.0000,-1.0000,-1.0000,-1.0000,-1.0000,-1.0000,-1.0000,-1.0000,-1.0000,-1.0000,-1.0000,-1.0000,-1.0000,-1.0000,-1.0000,-1.0000,-1.0000,-1.0000,-1.0000,-1.0000,-1.0000,-1.0000,-1.0000,-1.0000,-1.0000,-1.0000,-1.0000,-1.0000,-1.0000,-1.0000,-1.0000,1.6627,1.7042,1.6674,1.6141,1.7013,1.6283,1.3902,1.5780,1.5715,1.4425,1.5376,1.5835,1.4144,1.5944,1.4369,1.4644,1.5481,1.4516,1.4807,1.4644,1.4556,1.4656,1.3606,1.3762,1.4482,1.4312,1.3528,1.3875,1.3496,1.4129,1.3572,1.3743,1.4728,1.4076,1.4108,1.4775,1.3729,1.4818,1.4672,1.4464,1.6710,1.6835,1.6851,1.6777,1.6434,1.5740,1.6476,1.6105,1.6479,1.6082,1.6421,1.5761,1.5792,1.6062,1.6419,1.7188,1.6687,1.6683,1.7061,1.6408,1.6835,1.6890,1.6931,0,1.0000,4.2540,-2.8602,2.9891
34,0.0680,-1.0673,0.7670,1.1753,4.2540,-2.8602,2.3416,0.1217,0.1903,0.0000,1.0269,1.0000,-0.0001,0.0019,0.0000,-0.0000,-0.0038,0.0003,-0.0008,0.0012,-0.0031,0.0001,-0.0038,0.0001,-0.0008,0.0012,0.0009,0.0000,0.0118,-0.0008,-0.0004,0.0203,0.0002,0.0016,-0.0000,0.0120,0.0007,0.0004,0.0204,0.0002,0.0012,0.0000,0.0086,0.0010,-0.0144,0.0087,0.1051,0.0021,-0.0006,-0.0907,0.0079,-0.0393,-0.0518,-0.3948,-0.0020,-0.1113,-0.0181,-0.0233,0.1301,0.1139,-0.0011,0.3199,-0.0135,-0.0096,0.3885,0.0059,0.0326,-0.0004,0.3184,0.0210,0.0045,0.3800,0.0060,0.0359,0.0003,-1.0000,-1.0000,-1.0000,-1.0000,-1.0000,-1.0000,-1.0000,-1.0000,-1.0000,-1.0000,-1.0000,-1.0000,-1.0000,-1.0000,-1.0000,-1.0000,-1.0000,-1.0000,-1.0000,-1.0000,-1.0000,-1.0000,-1.0000,-1.0000,-1.0000,-1.0000,-1.0000,-1.0000,-1.0000,-1.0000,-1.0000,-1.0000,-1.0000,-1.0000,-1.0000,-1.0000,-1.0000,-1.0000,-1.0000,-1.0000,-1.0000,-1.0000,-1.0000,-1.0000,-1.0000,-1.0000,-1.0000,-1.0000,-1.0000,-1.0000,-1.0000,-1.0000,-1.0000,-1.0000,-1.0000,-1.0000,-1.0000,-1.0000,-1.0000,-1.0000,-1.0000,-1.0000,-1.0000,-1.0000,-1.0000,-1.0000,-1.0000,-1.0000,-1.0000,-1.0000,-1.0000,-1.0000,-1.0000,-1.0000,-1.0000,-1.0000,-1.0000,-1.0000,-1.0000,-1.0000,-1.0000,-1.0000,-1.0000,-1.0000,-1.0000,-1.0000,-1.0000,-1.0000,-1.0000,-1.0000,-1.0000,-1.0000,-1.0000,-1.0000,-1.0000,-1.0000,-1.0000,-1.0000,-1.0000,-1.0000,-1.0000,-1.0000,-1.0000,-1.0000,-1.0000,-1.0000,-1.0000,-1.0000,-1.0000,-1.0000,-1.0000,-1.0000,-1.0000,-1.0000,-1.0000,-1.0000,-1.0000,-1.0000,-1.0000,-1.0000,-1.0000,1.6516,1.6931,1.6563,1.6030,1.6902,1.6172,1.3799,1.5675,1.5607,1.4318,1.5273,1.5726,1.4036,1.5837,1.4264,1.4535,1.5375,1.4411,1.4699,1.4538,1.4450,1.4550,1.3500,1.3656,1.4375,1.4209,1.3424,1.3772,1.3392,1.4024,1.3470,1.3643,1.4628,1.3975,1.4008,1.4674,1.3628,1.4717,1.4573,1.4365,1.6604,1.6727,1.6743,1.6670,1.6326,1.5633,1.6369,1.5998,1.6374,1.5977,1.6316,1.5656,1.5687,1.5958,1.6317,1.7086,1.6584,1.6582,1.6958,1.6305,1.6731,1.6788,1.6829,0,1.0000,4.2540,-2.8602,2.9891
35,0.0700,-1.0588,0.7613,1.1799,4.2540,-2.8602,2.3220,0.1217,0.1903,0.0000,1.0269,1.0000,-0.0000,0.0020,0.0000,-0.0001,-0.0040,0.0003,-0.0009,0.0010,-0.0039,0.0001,-0.0040,0.0000,-0.0009,0.0014,0.0007,0.0000,0.0125,-0.0009,-0.0004,0.0211,0.0002,0.0017,-0.0000,0.0126,0.0007,0.0004,0.0212,0.0002,0.0013,0.0000,0.0088,0.0017,-0.0130,0.0159,0.1082,0.0024,-0.0009,-0.0887,-0.0002,-0.0443,-0.0899,-0.4185,-0.0007,-0.1089,-0.0188,-0.0283,0.0863,-0.0657,-0.0022,0.3272,-0.0118,-0.0103,0.3872,0.0060,0.0329,-0.0004,0.3235,0.0227,0.0034,0.3738,0.0061,0.0368,0.0003,-1.0000,-1.0000,-1.0000,-1.0000,-1.0000,-1.0000,-1.0000,-1.0000,-1.0000,-1.0000,-1.0000,-1.0000,-1.0000,-1.0000,-1.0000,-1.0000,-1.0000,-1.0000,-1.0000,-1.0000,-1.0000,-1.0000,-1.0000,-1.0000,-1.0000,-1.0000,-1.0000,-1.0000,-1.0000,-1.0000,-1.0000,-1.0000,-1.0000,-1.0000,-1.0000,-1.0000,-1.0000,-1.0000,-1.0000,-1.0000,-1.0000,-1.0000,-1.0000,-1.0000,-1.0000,-1.0000,-1.0000,-1.0000,-1.0000,-1.0000,-1.0000,-1.0000,-1.0000,-1.0000,-1.0000,-1.0000,-1.0000,-1.0000,-1.0000,-1.0000,-1.0000,-1.0000,-1.0000,-1.0000,-1.0000,-1.0000,-1.0000,-1.0000,-1.0000,-1.0000,-1.0000,-1.0000,-1.0000,-1.0000,-1.0000,-1.0000,-1.0000,-1.0000,-1.0000,-1.0000,-1.0000,-1.0000,-1.0000,-1.0000,-1.0000,-1.0000,-1.0000,-1.0000,-1.0000,-1.0000,-1.0000,-1.0000,-1.0000,-1.0000,-1.0000,-1.0000,-1.0000,-1.0000,-1.0000,-1.0000,-1.0000,-1.0000,-1.0000,-1.0000,-1.0000,-1.0000,-1.0000,-1.0000,-1.0000,-1.0000,-1.0000,-1.0000,-1.0000,-1.0000,-1.0000,-1.0000,-1.0000,-1.0000,-1.0000,-1.0000,-1.0000,1.6405,1.6820,1.6452,1.5919,1.6791,1.6061,1.3695,1.5571,1.5499,1.4211,1.5170,1.5617,1.3928,1.5730,1.4160,1.4427,1.5270,1.4305,1.4592,1.4431,1.4344,1.4443,1.3393,1.3551,1.4269,1.4106,1.3319,1.3668,1.3288,1.3918,1.3367,1.3543,1.4528,1.3874,1.3909,1.4574,1.3528,1.4616,1.4474,1.4265,1.6497,1.6619,1.6635,1.6562,1.6219,1.5526,1.6263,1.5891,1.6270,1.5872,1.6212,1.5551,1.5581,1.5854,1.6215,1.6983,1.6481,1.6480,1.6855,1.6203,1.6628,1.6687,1.6727,0,1.0000,4.2540,-2.8602,2.9891
35,0.0700,-1.0588,0.7613,1.1799,4.2540,-2.8602,2.3220,0.1217,0.1903,0.0000,1.0269,1.0000,-0.0000,0.0020,0.0000,-0.0001,-0.0040,0.0003,-0.0009,0.0010,-0.0039,0.0001,-0.0040,0.0000,-0.0009,0.0014,0.0007,0.0000,0.0125,-0.0009,-0.0004,0.0211,0.0002,0.0017,-0.0000,0.0126,0.0007,0.0004,0.0212,0.0002,0.0013,0.0000,0.0088,0.0017,-0.0130,0.0159,0.1082,0.0024,-0.0009,-0.0887,-0.0002,-0.0443,-0.0899,-0.4185,-0.0007,-0.1089,-0.0188,-0.0283,0.0863,-0.0657,-0.0022,0.3272,-0.0118,-0.0103,0.3872,0.0060,0.0329,-0.0004,0.3235,0.0227,0.0034,0.3738,0.0061,0.0368,0.0003,-1.0000,-1.0000,-1.0000,-1.0000,-1.0000,-1.0000,-1.0000,-1.0000,-1.0000,-1.0000,-1.0000,-1.0000,-1.0000,-1.0000,-1.0000,-1.0000,-1.0000,-1.0000,-1.0000,-1.0000,-1.0000,-1.0000,-1.0000,-1.0000,-1.0000,-1.0000,-1.0000,-1.0000,-1.0000,-1.0000,-1.0000,-1.0000,-1.0000,-1.0000,-1.0000,-1.0000,-1.0000,-1.0000,-1.0000,-1.0000,-1.0000,-1.0000,-1.0000,-1.0000,-1.0000,-1.0000,-1.0000,-1.0000,-1.0000,-1.0000,-1.0000,-1.0000,-1.0000,-1.0000,-1.0000,-1.0000,-1.0000,-1.0000,-1.0000,-1.0000,-1.0000,-1.0000,-1.0000,-1.0000,-1.0000,-1.0000,-1.0000,-1.0000,-1.0000,-1.0000,-1.0000,-1.0000,-1.0000,-1.0000,-1.0000,-1.0000,-1.0000,-1.0000,-1.0000,-1.0000,-1.0000,-1.0000,-1.0000,-1.0000,-1.0000,-1.0000,-1.0000,-1.0000,-1.0000,-1.0000,-1.0000,-1.0000,-1.0000,-1.0000,-1.0000,-1.0000,-1.0000,-1.0000,-1.0000,-1.0000,-1.0000,-1.0000,-1.0000,-1.0000,-1.0000,-1.0000,-1.0000,-1.0000,-1.0000,-1.0000,-1.0000,-1.0000,-1.0000,-1.0000,-1.0000,-1.0000,-1.0000,-1.0000,-1.0000,-1.0000,-1.0000,1.6405,1.6820,1.6452,1.5919,1.6791,1.6061,1.3695,1.5571,1.5499,1.4211,1.5170,1.5617,1.3928,1.5730,1.4160,1.4427,1.5270,1.4305,1.4592,1.4431,1.4344,1.4443,1.3393,1.3551,1.4269,1.4106,1.3319,1.3668,1.3288,1.3918,1.3367,1.3543,1.4528,1.3874,1.3909,1.4574,1.3528,1.4616,1.4474,1.4265,1.6497,1.6619,1.6635,1.6562,1.6219,1.5526,1.6263,1.5891,1.6270,1.5872,1.6212,1.5551,1.5581,1.5854,1.6215,1.6983,1.6481,1.6480,1.6855,1.6203,1.6628,1.6687,1.6727,0,1.0000,4.2540,-2.8602,2.9891
36,0.0720,-1.0503,0.7556,1.1845,4.2540,-2.8602,2.3024,0.1217,0.1903,0.0000,1.0268,1.0000,-0.0000,0.0021,0.0001,-0.0001,-0.0042,0.0003,-0.0010,0.0009,-0.0043,0.0001,-0.0042,0.0000,-0.0009,0.0015,0.0002,0.0000,0.0131,-0.0009,-0.0004,0.0218,0.0002,0.0018,-0.0000,0.0133,0.0008,0.0004,0.0219,0.0002,0.0013,0.0000,0.0090,0.0017,-0.0135,0.0167,0.1107,0.0026,-0.0015,-0.0924,-0.0133,-0.0446,-0.0732,-0.1707,0.0003,-0.1064,-0.0114,-0.0328,0.0488,-0.2375,-0.0024,0.3321,-0.0113,-0.0100,0.3801,0.0062,0.0331,-0.0004,0.3283,0.0229,0.0032,0.3664,0.0063,0.0377,0.0003,-1.0000,-1.0000,-1.0000,-1.0000,-1.0000,-1.0000,-1.0000,-1.0000,-1.0000,-1.0000,-1.0000,-1.0000,-1.0000,-1.0000,-1.0000,-1.0000,-1.0000,-1.0000,-1.0000,-1.0000,-1.0000,-1.0000,-1.0000,-1.0000,-1.0000,-1.0000,-1.0000,-1.0000,-1.0000,-1.0000,-1.0000,-1.0000,-1.0000,-1.0000,-1.0000,-1.0000,-1.0000,-1.0000,-1.0000,-1.0000,-1.0000,-1.0000,-1.0000,-1.0000,-1.0000,-1.0000,-1.0000,-1.0000,-1.0000,-1.0000,-1.0000,-1.0000,-1.0000,-1.0000,-1.0000,-1.0000,-1.0000,-1.0000,-1.0000,-1.0000,-1.0000,-1.0000,-1.0000,-1.0000,-1.0000,-1.0000,-1.0000,-1.0000,-1.0000,-1.0000,-1.0000,-1.0000,-1.0000,-1.0000,-1.0000,-1.0000,-1.0000,-1.0000,-1.0000,-1.0000,-1.0000,-1.0000,-1.0000,-1.0000,-1.0000,-1.0000,-1.0000,-1.0000,-1.0000,-1.0000,-1.0000,-1.0000,-1.0000,-1.0000,-1.0000,-1.0000,-1.0000,-1.0000,-1.0000,-1.0000,-1.0000,-1.0000,-1.0000,-1.0000,-1.0000,-1.0000,-1.0000,-1.0000,-1.0000,-1.0000,-1.0000,-1.0000,-1.0000,-1.0000,-1.0000,-1.0000,-1.0000,-1.0000,-1.0000,-1.0000,-1.0000,1.6294,1.6709,1.6341,1.5808,1.6680,1.5950,1.3592,1.5467,1.5392,1.4105,1.5068,1.5507,1.3820,1.5624,1.4055,1.4318,1.5165,1.4200,1.4485,1.4325,1.4238,1.4337,1.3287,1.3446,1.4163,1.4003,1.3215,1.3565,1.3184,1.3813,1.3265,1.3443,1.4428,1.3774,1.3809,1.4473,1.3427,1.4515,1.4374,1.4166,1.6391,1.6511,1.6527,1.6455,1.6112,1.5420,1.6157,1.5785,1.6165,1.5766,1.6107,1.5447,1.5475,1.5750,1.6113,1.6881,1.6379,1.6378,1.6752,1.6101,1.6525,1.6585,1.6626,0,1.0000,4.2540,-2.8602,2.9891
36,0.0720,-1.0503,0.7556,1.1845,4.2540,-2.8602,2.3024,0.1217,0.1903,0.0000,1.0268,1.0000,-0.0000,0.0021,0.0001,-0.0001,-0.0042,0.0003,-0.0010,0.0009,-0.0043,0.0001,-0.0042,0.0000,-0.0009,0.0015,0.0002,0.0000,0.0131,-0.0009,-0.0004,0.0218,0.0002,0.0018,-0.0000,0.0133,0.0008,0.0004,0.0219,0.0002,0.0013,0.0000,0.0090,0.0017,-0.0135,0.0167,0.1107,0.0026,-0.0015,-0.0924,-0.0133,-0.0446,-0.0732,-0.1707,0.0003,-0.1064,-0.0114,-0.0328,0.0488,-0.2375,-0.0024,0.3321,-0.0113,-0.0100,0.3801,0.0062,0.0331,-0.0004,0.3283,0.0229,0.0032,0.3664,0.0063,0.0377,0.0003,-1.0000,-1.0000,-1.0000,-1.0000,-1.0000,-1.0000,-1.0000,-1.0000,-1.0000,-1.0000,-1.0000,-1.0000,-1.0000,-1.0000,-1.0000,-1.0000,-1.0000,-1.0000,-1.0000,-1.0000,-1.0000,-1.0000,-1.0000,-1.0000,-1.0000,-1.0000,-1.0000,-1.0000,-1.0000,-1.0000,-1.0000,-1.0000,-1.0000,-1.0000,-1.0000,-1.0000,-1.0000,-1.0000,-1.0000,-1.0000,-1.0000,-1.0000,-1.0000,-1.0000,-1.0000,-1.0000,-1.0000,-1.0000,-1.0000,-1.0000,-1.0000,-1.0000,-1.0000,-1.0000,-1.0000,-1.0000,-1.0000,-1.0000,-1.0000,-1.0000,-1.0000,-1.0000,-1.0000,-1.0000,-1.0000,-1.0000,-1.0000,-1.0000,-1.0000,-1.0000,-1.0000,-1.0000,-1.0000,-1.0000,-1.0000,-1.0000,-1.0000,-1.0000,-1.0000,-1.0000,-1.0000,-1.0000,-1.0000,-1.0000,-1.0000,-1.0000,-1.0000,-1.0000,-1.0000,-1.0000,-1.0000,-1.0000,-1.0000,-1.0000,-1.0000,-1.0000,-1.0000,-1.0000,-1.0000,-1.0000,-1.0000,-1.0000,-1.0000,-1.0000,-1.0000,-1.0000,-1.0000,-1.0000,-1.0000,-1.0000,-1.0000,-1.0000,-1.0000,-1.0000,-1.0000,-1.0000,-1.0000,-1.0000,-1.0000,-1.0000,-1.0000,1.6294,1.6709,1.6341,1.5808,1.6680,1.5950,1.3592,1.5467,1.5392,1.4105,1.5068,1.5507,1.3820,1.5624,1.4055,1.4318,1.5165,1.4200,1.4485,1.4325,1.4238,1.4337,1.3287,1.3446,1.4163,1.4003,1.3215,1.3565,1.3184,1.3813,1.3265,1.3443,1.4428,1.3774,1.3809,1.4473,1.3427,1.4515,1.4374,1.4166,1.6391,1.6511,1.6527,1.6455,1.6112,1.5420,1.6157,1.5785,1.6165,1.5766,1.6107,1.5447,1.5475,1.5750,1.6113,1.6881,1.6379,1.6378,1.6752,1.6101,1.6525,1.6585,1.6626,0,1.0000,4.2540,-2.8602,2.9891
37,0.0740,-1.0418,0.7499,1.1891,4.2540,-2.8602,2.2828,0.1217,0.1903,0.0000,1.0268,1.0000,-0.0000,0.0022,0.0001,-0.0001,-0.0044,0.0002,-0.0011,0.0008,-0.0044,0.0001,-0.0044,-0.0000,-0.0010,0.0015,-0.0005,0.0000,0.0138,-0.0009,-0.0004,0.0226,0.0002,0.0018,-0.0000,0.0139,0.0008,0.0004,0.0226,0.0002,0.0014,0.0000,0.0092,0.0026,-0.0112,0.0311,0.1135,0.0026,-0.0018,-0.0978,-0.0355,-0.0441,-0.0442,-0.0855,0.0012,-0.1053,-0.0225,-0.0367,0.0196,-0.3775,-0.0041,0.3401,-0.0067,-0.0115,0.3816,0.0063,0.0335,-0.0004,0.3320,0.0273,0.0014,0.3584,0.0064,0.0386,0.0003,-1.0000,-1.0000,-1.0000,-1.0000,-1.0000,-1.0000,-1.0000,-1.0000,-1.0000,-1.0000,-1.0000,-1.0000,-1.0000,-1.0000,-1.0000,-1.0000,-1.0000,-1.0000,-1.0000,-1.0000,-1.0000,-1.0000,-1.0000,-1.0000,-1.0000,-1.0000,-1.0000,-1.0000,-1.0000,-1.0000,-1.0000,-1.0000,-1.0000,-1.0000,-1.0000,-1.0000,-1.0000,-1.0000,-1.0000,-1.0000,-1.0000,-1.0000,-1.0000,-1.0000,-1.0000,-1.0000,-1.0000,-1.0000,-1.0000,-1.0000,-1.0000,-1.0000,-1.0000,-1.0000,-1.0000,-1.0000,-1.0000,-1.0000,-1.0000,-1.0000,-1.0000,-1.0000,-1.0000,-1.0000,-1.0000,-1.0000,-1.0000,-1.0000,-1.0000,-1.0000,-1.0000,-1.0000,-1.0000,-1.0000,-1.0000,-1.0000,-1.0000,-1.0000,-1.0000,-1.0000,-1.0000,-1.0000,-1.0000,-1.0000,-1.0000,-1.0000,-1.0000,-1.0000,-1.0000,-1.0000,-1.0000,-1.0000,-1.0000,-1.0000,-1.0000,-1.0000,-1.0000,-1.0000,-1.0000,-1.0000,-1.0000,-1.0000,-1.0000,-1.0000,-1.0000,-1.0000,-1.0000,-1.0000,-1.0000,-1.0000,-1.0000,-1.0000,-1.0000,-1.0000,-1.0000,-1.0000,-1.0000,-1.0000,-1.0000,-1.0000,-1.0000,1.6183,1.6599,1.6230,1.5697,1.6569,1.5840,1.3489,1.5363,1.5285,1.3999,1.4965,1.5398,1.3713,1.5518,1.3951,1.4210,1.5060,1.4095,1.4378,1.4219,1.4133,1.4231,1.3181,1.3341,1.4058,1.3900,1.3111,1.3462,1.3080,1.3708,1.3162,1.3343,1.4328,1.3674,1.3710,1.4372,1.3327,1.4414,1.4275,1.4067,1.6284,1.6403,1.6420,1.6349,1.6005,1.5314,1.6051,1.5678,1.6061,1.5661,1.6003,1.5342,1.5370,1.5647,1.6011,1.6779,1.6276,1.6277,1.6649,1.5999,1.6422,1.6484,1.6524,0,1.0000,4.2540,-2.8602,2.9891
38,0.0760,-1.0332,0.7441,1.1936,4.2540,-2.8602,2.2632,0.1217,0.1904,0.0000,1.0268,1.0000,0.0000,0.0023,0.0001,-0.0001,-0.0046,0.0001,-0.0012,0.0007,-0.0045,0.0001,-0.0046,-0.0001,-0.0011,0.0014,-0.0014,0.0000,0.0145,-0.0009,-0.0005,0.0233,0.0003,0.0019,-0.0000,0.0146,0.0009,0.0004,0.0234,0.0003,0.0015,0.0000,0.0094,0.0029,-0.0081,0.0370,0.1166,0.0025,-0.0020,-0.1030,-0.0464,-0.0438,-0.0200,-0.0170,0.0015,-0.1022,-0.0260,-0.0424,-0.0296,-0.4554,-0.0046,0.3470,-0.0050,-0.0117,0.3807,0.0065,0.0339,-0.0004,0.3371,0.0289,0.0007,0.3542,0.0065,0.0396,0.0003,-1.0000,-1.0000,-1.0000,-1.0000,-1.0000,-1.0000,-1.0000,-1.0000,-1.0000,-1.0000,-1.0000,-1.0000,-1.0000,-1.0000,-1.0000,-1.0000,-1.0000,-1.0000,-1.0000,-1.0000,-1.0000,-1.0000,-1.0000,-1.0000,-1.0000,-1.0000,-1.0000,-1.0000,-1.0000,-1.0000,-1.0000,-1.0000,-1.0000,-1.0000,-1.0000,-1.0000,-1.0000,-1.0000,-1.0000,-1.0000,-1.0000,-1.0000,-1.0000,-1.0000,-1.0000,-1.0000,-1.0000,-1.0000,-1.0000,-1.0000,-1.0000,-1.0000,-1.0000,-1.0000,-1.0000,-1.0000,-1.0000,-1.0000,-1.0000,-1.0000,-1.0000,-1.0000,-1.0000,-1.0000,-1.0000,-1.0000,-1.0000,-1.0000,-1.0000,-1.0000,-1.0000,-1.0000,-1.0000,-1.0000,-1.0000,-1.0000,-1.0000,-1.0000,-1.0000,-1.0000,-1.0000,-1.0000,-1.0000,-1.0000,-1.0000,-1.0000,-1.0000,-1.0000,-1.0000,-1.0000,-1.0000,-1.0000,-1.0000,-1.0000,-1.0000,-1.0000,-1.0000,-1.0000,-1.0000,-1.0000,-1.0000,-1.0000,-1.0000,-1.0000,-1.0000,-1.0000,-1.0000,-1.0000,-1.0000,-1.0000,-1.0000,-1.0000,-1.0000,-1.0000,-1.0000,-1.0000,-1.0000,-1.0000,-1.0000,-1.0000,-1.0000,1.6073,1.6489,1.6119,1.5587,1.6459,1.5730,1.3386,1.5259,1.5178,1.3892,1.4863,1.5290,1.3605,1.5412,1.3847,1.4102,1.4955,1.3990,1.4271,1.4113,1.4027,1.4125,1.3076,1.3236,1.3952,1.3797,1.3007,1.3359,1.2977,1.3604,1.3060,1.3244,1.4229,1.3573,1.3611,1.4272,1.3227,1.4313,1.4176,1.3968,1.6178,1.6295,1.6313,1.6242,1.5898,1.5208,1.5945,1.5572,1.5957,1.5556,1.5898,1.5238,1.5264,1.5543,1.5910,1.6677,1.6174,1.6176,1.6547,1.5897,1.6320,1.6383,1.6423,0,1.0000,4.2540,-2.8602,2.9891
38,0.0760,-1.0332,0.7441,1.1936,4.2540,-2.8602,2.2632,0.1217,0.1904,0.0000,1.0268,1.0000,0.0000,0.0023,0.0001,-0.0001,-0.0046,0.0001,-0.0012,0.0007,-0.0045,0.0001,-0.0046,-0.0001,-0.0011,0.0014,-0.0014,0.0000,0.0145,-0.0009,-0.0005,0.0233,0.0003,0.0019,-0.0000,0.0146,0.0009,0.0004,0.0234,0.0003,0.0015,0.0000,0.0094,0.0029,-0.0081,0.0370,0.1166,0.0025,-0.0020,-0.1030,-0.0464,-0.0438,-0.0200,-0.0170,0.0015,-0.1022,-0.0260,-0.0424,-0.0296,-0.4554,-0.0046,0.3470,-0.0050,-0.0117,0.3807,0.0065,0.0339,-0.0004,0.3371,0.0289,0.0007,0.3542,0.0065,0.0396,0.0003,-1.0000,-1.0000,-1.0000,-1.0000,-1.0000,-1.0000,-1.0000,-1.0000,-1.0000,-1.0000,-1.0000,-1.0000,-1.0000,-1.0000,-1.0000,-1.0000,-1.0000,-1.0000,-1.0000,-1.0000,-1.0000,-1.0000,-1.0000,-1.0000,-1.0000,-1.0000,-1.0000,-1.0000,-1.0000,-1.0000,-1.0000,-1.0000,-1.0000,-1.0000,-1.0000,-1.0000,-1.0000,-1.0000,-1.0000,-1.0000,-1.0000,-1.0000,-1.0000,-1.0000,-1.0000,-1.0000,-1.0000,-1.0000,-1.0000,-1.0000,-1.0000,-1.0000,-1.0000,-1.0000,-1.0000,-1.0000,-1.0000,-1.0000,-1.0000,-1.0000,-1.0000,-1.0000,-1.0000,-1.0000,-1.0000,-1.0000,-1.0000,-1.0000,-1.0000,-1.0000,-1.0000,-1.0000,-1.0000,-1.0000,-1.0000,-1.0000,-1.0000,-1.0000,-1.0000,-1.0000,-1.0000,-1.0000,-1.0000,-1.0000,-1.0000,-1.0000,-1.0000,-1.0000,-1.0000,-1.0000,-1.0000,-1.0000,-1.0000,-1.0000,-1.0000,-1.0000,-1.0000,-1.0000,-1.0000,-1.0000,-1.0000,-1.0000,-1.0000,-1.0000,-1.0000,-1.0000,-1.0000,-1.0000,-1.0000,-1.0000,-1.0000,-1.0000,-1.0000,-1.0000,-1.0000,-1.0000,-1.0000,-1.0000,-1.0000,-1.0000,-1.0000,1.6073,1.6489,1.6119,1.5587,1.6459,1.5730,1.3386,1.5259,1.5178,1.3892,1.4863,1.5290,1.3605,1.5412,1.3847,1.4102,1.4955,1.3990,1.4271,1.4113,1.4027,1.4125,1.3076,1.3236,1.3952,1.3797,1.3007,1.3359,1.2977,1.3604,1.3060,1.3244,1.4229,1.3573,1.3611,1.4272,1.3227,1.4313,1.4176,1.3968,1.6178,1.6295,1.6313,1.6242,1.5898,1.5208,1.5945,1.5572,1.5957,1.5556,1.5898,1.5238,1.5264,1.5543,1.5910,1.6677,1.6174,1.6176,1.6547,1.5897,1.6320,1.6383,1.6423,0,1.0000,4.2540,-2.8602,2.9891
39,0.0780,-1.0247,0.7384,1.1981,4.2540,-2.8602,2.2435,0.1217,0.1904,0.0000,1.0268,1.0000,0.0001,0.0025,0.0001,-0.0001,-0.0048,-0.0000,-0.0012,0.0007,-0.0044,0.0001,-0.0048,-0.0001,-0.0012,0.0013,-0.0024,0.0000,0.0152,-0.0009,-0.0005,0.0241,0.0003,0.0020,-0.0000,0.0153,0.0010,0.0004,0.0241,0.0003,0.0016,0.0000,0.0096,0.0030,-0.0046,0.0373,0.1196,0.0023,-0.0021,-0.1077,-0.0495,-0.0437,0.0000,0.0381,0.0014,-0.0999,-0.0252,-0.0476,-0.0710,-0.4738,-0.0043,0.3527,-0.0051,-0.0112,0.3777,0.0067,0.0343,-0.0005,0.3429,0.0286,0.0008,0.3519,0.0068,0.0406,0.0003,-1.0000,-1.0000,-1.0000,-1.0000,-1.0000,-1.0000,-1.0000,-1.0000,-1.0000,-1.0000,-1.0000,-1.0000,-1.0000,-1.0000,-1.0000,-1.0000,-1.0000,-1.0000,-1.0000,-1.0000,-1.0000,-1.0000,-1.0000,-1.0000,-1.0000,-1.0000,-1.0000,-1.0000,-1.0000,-1.0000,-1.0000,-1.0000,-1.0000,-1.0000,-1.0000,-1.0000,-1.0000,-1.0000,-1.0000,-1.0000,-1.0000,-1.0000,-1.0000,-1.0000,-1.0000,-1.0000,-1.0000,-1.0000,-1.0000,-1.0000,-1.0000,-1.0000,-1.0000,-1.0000,-1.0000,-1.0000,-1.0000,-1.0000,-1.0000,-1.0000,-1.0000,-1.0000,-1.0000,-1.0000,-1.0000,-1.0000,-1.0000,-1.0000,-1.0000,-1.0000,-1.0000,-1.0000,-1.0000,-1.0000,-1.0000,-1.0000,-1.0000,-1.0000,-1.0000,-1.0000,-1.0000,-1.0000,-1.0000,-1.0000,-1.0000,-1.0000,-1.0000,-1.0000,-1.0000,-1.0000,-1.0000,-1.0000,-1.0000,-1.0000,-1.0000,-1.0000,-1.0000,-1.0000,-1.0000,-1.0000,-1.0000,-1.0000,-1.0000,-1.0000,-1.0000,-1.0000,-1.0000,-1.0000,-1.0000,-1.0000,-1.0000,-1.0000,-1.0000,-1.0000,-1.0000,-1.0000,-1.0000,-1.0000,-1.0000,-1.0000,-1.0000,1.5963,1.6379,1.6009,1.5477,1.6349,1.5620,1.3283,1.5155,1.5071,1.3786,1.4761,1.5181,1.3498,1.5306,1.3744,1.3994,1.4850,1.3886,1.4165,1.4007,1.3922,1.4020,1.2970,1.3132,1.3847,1.3694,1.2903,1.3256,1.2874,1.3499,1.2958,1.3145,1.4129,1.3473,1.3512,1.4172,1.3127,1.4212,1.4078,1.3869,1.6072,1.6187,1.6206,1.6135,1.5792,1.5102,1.5839,1.5466,1.5853,1.5452,1.5794,1.5134,1.5159,1.5440,1.5809,1.6575,1.6072,1.6074,1.6444,1.5795,1.6217,1.6282,1.6321,0,1.0000,4.2540,-2.8602,2.9891
41,0.0820,-1.0077,0.7270,1.2070,4.2540,-2.8602,2.2043,0.1217,0.1904,0.0000,1.0268,1.0000,0.0002,0.0027,0.0001,-0.0001,-0.0052,-0.0003,-0.0014,0.0008,-0.0040,0.0001,-0.0052,-0.0003,-0.0014,0.0011,-0.0029,-0.0000,0.0167,-0.0009,-0.0005,0.0256,0.0003,0.0021,-0.0000,0.0167,0.0011,0.0004,0.0254,0.0003,0.0017,0.0000,0.0099,0.0028,-0.0019,0.0486,0.1242,0.0019,-0.0020,-0.1148,-0.0673,-0.0440,0.0319,0.1270,0.0011,-0.1061,-0.0605,-0.0488,-0.0464,-0.0187,-0.0049,0.3624,0.0004,-0.0112,0.3668,0.0070,0.0348,-0.0005,0.3495,0.0332,-0.0003,0.3353,0.0070,0.0422,0.0003,-1.0000,-1.0000,-1.0000,-1.0000,-1.0000,-1.0000,-1.0000,-1.0000,-1.0000,-1.0000,-1.0000,-1.0000,-1.0000,-1.0000,-1.0000,-1.0000,-1.0000,-1.0000,-1.0000,-1.0000,-1.0000,-1.0000,-1.0000,-1.0000,-1.0000,-1.0000,-1.0000,-1.0000,-1.0000,-1.0000,-1.0000,-1.0000,-1.0000,-1.0000,-1.0000,-1.0000,-1.0000,-1.0000,-1.0000,-1.0000,-1.0000,-1.0000,-1.0000,-1.0000,-1.0000,-1.0000,-1.0000,-1.0000,-1.0000,-1.0000,-1.0000,-1.0000,-1.0000,-1.0000,-1.0000,-1.0000,-1.0000,-1.0000,-1.0000,-1.0000,-1.0000,-1.0000,-1.0000,-1.0000,-1.0000,-1.0000,-1.0000,-1.0000,-1.0000,-1.0000,-1.0000,-1.0000,-1.0000,-1.0000,-1.0000,-1.0000,-1.0000,-1.0000,-1.0000,-1.0000,-1.0000,-1.0000,-1.0000,-1.0000,-1.0000,-1.0000,-1.0000,-1.0000,-1.0000,-1.0000,-1.0000,-1.0000,-1.0000,-1.0000,-1.0000,-1.0000,-1.0000,-1.0000,-1.0000,-1.0000,-1.0000,-1.0000,-1.0000,-1.0000,-1.0000,-1.0000,-1.0000,-1.0000,-1.0000,-1.0000,-1.0000,-1.0000,-1.0000,-1.0000,-1.0000,-1.0000,-1.0000,-1.0000,-1.0000,-1.0000,-1.0000,1.5743,1.6160,1.5789,1.5257,1.6129,1.5402,1.3078,1.4948,1.4858,1.3575,1.4557,1.4964,1.3284,1.5095,1.3537,1.3778,1.4641,1.3677,1.3953,1.3796,1.3712,1.3809,1.2760,1.2924,1.3636,1.3490,1.2696,1.3051,1.2667,1.3290,1.2755,1.2947,1.3931,1.3274,1.3315,1.3972,1.2928,1.4011,1.3881,1.3672,1.5861,1.5973,1.5992,1.5923,1.5579,1.4890,1.5628,1.5254,1.5645,1.5243,1.5586,1.4926,1.4949,1.5234,1.5606,1.6371,1.5868,1.5872,1.6240,1.5591,1.6012,1.6080,1.6119,0,1.0000,4.2540,-2.8602,2.9891
42,0.0840,-0.9992,0.7213,1.2113,4.2540,-2.8602,2.1847,0.1217,0.1904,0.0000,1.0268,1.0000,0.0002,0.0028,0.0001,-0.0001,-0.0055,-0.0004,-0.0015,0.0009,-0.0037,0.0001,-0.0055,-0.0004,-0.0015,0.0011,-0.0028,-0.0000,0.0174,-0.0009,-0.0005,0.0263,0.0003,0.0022,-0.0000,0.0174,0.0012,0.0004,0.0261,0.0003,0.0018,0.0000,0.0101,0.0023,0.0017,0.0398,0.1267,0.0017,-0.0020,-0.1181,-0.0574,-0.0444,0.0430,0.1529,0.0009,-0.1110,-0.0518,-0.0483,-0.0202,0.0342,-0.0035,0.3657,-0.0025,-0.0093,0.3592,0.0073,0.0351,-0.0005,0.3555,0.0298,0.0010,0.3352,0.0073,0.0433,0.0003,-1.0000,-1.0000,-1.0000,-1.0000,-1.0000,-1.0000,-1.0000,-1.0000,-1.0000,-1.0000,-1.0000,-1.0000,-1.0000,-1.0000,-1.0000,-1.0000,-1.0000,-1.0000,-1.0000,-1.0000,-1.0000,-1.0000,-1.0000,-1.0000,-1.0000,-1.0000,-1.0000,-1.0000,-1.0000,-1.0000,-1.0000,-1.0000,-1.0000,-1.0000,-1.0000,-1.0000,-1.0000,-1.0000,-1.0000,-1.0000,-1.0000,-1.0000,-1.0000,-1.0000,-1.0000,-1.0000,-1.0000,-1.0000,-1.0000,-1.0000,-1.0000,-1.0000,-1.0000,-1.0000,-1.0000,-1.0000,-1.0000,-1.0000,-1.0000,-1.0000,-1.0000,-1.0000,-1.0000,-1.0000,-1.0000,-1.0000,-1.0000,-1.0000,-1.0000,-1.0000,-1.0000,-1.0000,-1.0000,-1.0000,-1.0000,-1.0000,-1.0000,-1.0000,-1.0000,-1.0000,-1.0000,-1.0000,-1.0000,-1.0000,-1.0000,-1.0000,-1.0000,-1.0000,-1.0000,-1.0000,-1.0000,-1.0000,-1.0000,-1.0000,-1.0000,-1.0000,-1.0000,-1.0000,-1.0000,-1.0000,-1.0000,-1.0000,-1.0000,-1.0000,-1.0000,-1.0000,-1.0000,-1.0000,-1.0000,-1.0000,-1.0000,-1.0000,-1.0000,-1.0000,-1.0000,-1.0000,-1.0000,-1.0000,-1.0000,-1.0000,-1.0000,1.5634,1.6051,1.5680,1.5148,1.6020,1.5292,1.2976,1.4845,1.4752,1.3469,1.4455,1.4856,1.3178,1.4989,1.3433,1.3671,1.4537,1.3573,1.3847,1.3691,1.3607,1.3704,1.2655,1.2820,1.3531,1.3388,1.2593,1.2949,1.2565,1.3186,1.2653,1.2848,1.3833,1.3174,1.3217,1.3873,1.2828,1.3911,1.3783,1.3574,1.5755,1.5866,1.5885,1.5816,1.5473,1.4785,1.5523,1.5148,1.5541,1.5138,1.5482,1.4823,1.4844,1.5131,1.5505,1.6269,1.5766,1.5771,1.6137,1.5490,1.5910,1.5979,1.6018,0,1.0000,4.2540,-2.8602,2.9891
42,0.0840,-0.9992,0.7213,1.2113,4.2540,-2.8602,2.1847,0.1217,0.1904,0.0000,1.0268,1.0000,0.0002,0.0028,0.0001,-0.0001,-0.0055,-0.0004,-0.0015,0.0009,-0.0037,0.0001,-0.0055,-0.0004,-0.0015,0.0011,-0.0028,-0.0000,0.0174,-0.0009,-0.0005,0.0263,0.0003,0.0022,-0.0000,0.0174,0.0012,0.0004,0.0261,0.0003,0.0018,0.0000,0.0101,0.0023,0.0017,0.0398,0.1267,0.0017,-0.0020,-0.1181,-0.0574,-0.0444,0.0430,0.1529,0.0009,-0.1110,-0.0518,-0.0483,-0.0202,0.0342,-0.0035,0.3657,-0.0025,-0.0093,0.3592,0.0073,0.0351,-0.0005,0.3555,0.0298,0.0010,0.3352,0.0073,0.0433,0.0003,-1.0000,-1.0000,-1.0000,-1.0000,-1.0000,-1.0000,-1.0000,-1.0000,-1.0000,-1.0000,-1.0000,-1.0000,-1.0000,-1.0000,-1.0000,-1.0000,-1.0000,-1.0000,-1.0000,-1.0000,-1.0000,-1.0000,-1.0000,-1.0000,-1.0000,-1.0000,-1.0000,-1.0000,-1.0000,-1.0000,-1.0000,-1.0000,-1.0000,-1.0000,-1.0000,-1.0000,-1.0000,-1.0000,-1.0000,-1.0000,-1.0000,-1.0000,-1.0000,-1.0000,-1.0000,-1.0000,-1.0000,-1.0000,-1.0000,-1.0000,-1.0000,-1.0000,-1.0000,-1.0000,-1.0000,-1.0000,-1.0000,-1.0000,-1.0000,-1.0000,-1.0000,-1.0000,-1.0000,-1.0000,-1.0000,-1.0000,-1.0000,-1.0000,-1.0000,-1.0000,-1.0000,-1.0000,-1.0000,-1.0000,-1.0000,-1.0000,-1.0000,-1.0000,-1.0000,-1.0000,-1.0000,-1.0000,-1.0000,-1.0000,-1.0000,-1.0000,-1.0000,-1.0000,-1.0000,-1.0000,-1.0000,-1.0000,-1.0000,-1.0000,-1.0000,-1.0000,-1.0000,-1.0000,-1.0000,-1.0000,-1.0000,-1.0000,-1.0000,-1.0000,-1.0000,-1.0000,-1.0000,-1.0000,-1.0000,-1.0000,-1.0000,-1.0000,-1.0000,-1.0000,-1.0000,-1.0000,-1.0000,-1.0000,-1.0000,-1.0000,-1.0000,1.5634,1.6051,1.5680,1.5148,1.6020,1.5292,1.2976,1.4845,1.4752,1.3469,1.4455,1.4856,1.3178,1.4989,1.3433,1.3671,1.4537,1.3573,1.3847,1.3691,1.3607,1.3704,1.2655,1.2820,1.3531,1.3388,1.2593,1.2949,1.2565,1.3186,1.2653,1.2848,1.3833,1.3174,1.3217,1.3873,1.2828,1.3911,1.3783,1.3574,1.5755,1.5866,1.5885,1.5816,1.5473,1.4785,1.5523,1.5148,1.5541,1.5138,1.5482,1.4823,1.4844,1.5131,1.5505,1.6269,1.5766,1.5771,1.6137,1.5490,1.5910,1.5979,1.6018,0,1.0000,4.2540,-2.8602,2.9891
43,0.0860,-0.9907,0.7155,1.2157,4.2540,-2.8602,2.1651,0.1217,0.1905,0.0001,1.0268,1.0000,0.0002,0.0030,0.0001,-0.0001,-0.0057,-0.0005,-0.0016,0.0010,-0.0033,0.0001,-0.0057,-0.0005,-0.0016,0.0011,-0.0026,-0.0000,0.0181,-0.0009,-0.0006,0.0270,0.0003,0.0022,-0.0000,0.0181,0.0012,0.0004,0.0268,0.0003,0.0019,0.0000,0.0103,0.0017,0.0046,0.0319,0.1290,0.0015,-0.0020,-0.1210,-0.0485,-0.0448,0.0522,0.1735,0.0007,-0.1152,-0.0440,-0.0481,0.0017,0.0775,-0.0023,0.3683,-0.0049,-0.0076,0.3504,0.0075,0.0352,-0.0005,0.3605,0.0269,0.0021,0.3329,0.0076,0.0443,0.0004,-1.0000,-1.0000,-1.0000,-1.0000,-1.0000,-1.0000,-1.0000,-1.0000,-1.0000,-1.0000,-1.0000,-1.0000,-1.0000,-1.0000,-1.0000,-1.0000,-1.0000,-1.0000,-1.0000,-1.0000,-1.0000,-1.0000,-1.0000,-1.0000,-1.0000,-1.0000,-1.0000,-1.0000,-1.0000,-1.0000,-1.0000,-1.0000,-1.0000,-1.0000,-1.0000,-1.0000,-1.0000,-1.0000,-1.0000,-1.0000,-1.0000,-1.0000,-1.0000,-1.0000,-1.0000,-1.0000,-1.0000,-1.0000,-1.0000,-1.0000,-1.0000,-1.0000,-1.0000,-1.0000,-1.0000,-1.0000,-1.0000,-1.0000,-1.0000,-1.0000,-1.0000,-1.0000,-1.0000,-1.0000,-1.0000,-1.0000,-1.0000,-1.0000,-1.0000,-1.0000,-1.0000,-1.0000,-1.0000,-1.0000,-1.0000,-1.0000,-1.0000,-1.0000,-1.0000,-1.0000,-1.0000,-1.0000,-1.0000,-1.0000,-1.0000,-1.0000,-1.0000,-1.0000,-1.0000,-1.0000,-1.0000,-1.0000,-1.0000,-1.0000,-1.0000,-1.0000,-1.0000,-1.0000,-1.0000,-1.0000,-1.0000,-1.0000,-1.0000,-1.0000,-1.0000,-1.0000,-1.0000,-1.0000,-1.0000,-1.0000,-1.0000,-1.0000,-1.0000,-1.0000,-1.0000,-1.0000,-1.0000,-1.0000,-1.0000,-1.0000,-1.0000,1.5525,1.5941,1.5570,1.5038,1.5911,1.5184,1.2874,1.4742,1.4646,1.3364,1.4354,1.4748,1.3071,1.4884,1.3330,1.3563,1.4433,1.3469,1.3741,1.3586,1.3503,1.3599,1.2550,1.2716,1.3427,1.3286,1.2490,1.2847,1.2462,1.3082,1.2552,1.2749,1.3734,1.3075,1.3119,1.3773,1.2729,1.3811,1.3685,1.3475,1.5650,1.5759,1.5779,1.5710,1.5367,1.4679,1.5418,1.5043,1.5438,1.5034,1.5378,1.4719,1.4739,1.5029,1.5404,1.6168,1.5664,1.5671,1.6035,1.5388,1.5808,1.5879,1.5917,0,1.0000,4.2540,-2.8602,2.9891
44,0.0880,-0.9822,0.7098,1.2199,4.2540,-2.8602,2.1454,0.1217,0.1905,0.0001,1.0268,1.0000,0.0003,0.0031,0.0001,-0.0001,-0.0060,-0.0006,-0.0017,0.0012,-0.0029,0.0001,-0.0059,-0.0006,-0.0017,0.0011,-0.0024,-0.0000,0.0189,-0.0009,-0.0006,0.0277,0.0003,0.0023,-0.0000,0.0189,0.0013,0.0004,0.0274,0.0003,0.0020,0.0000,0.0105,0.0013,0.0069,0.0251,0.1311,0.0014,-0.0020,-0.1235,-0.0407,-0.0453,0.0597,0.1895,0.0005,-0.1188,-0.0370,-0.0480,0.0198,0.1126,-0.0012,0.3705,-0.0069,-0.0061,0.3406,0.0077,0.0354,-0.0005,0.3648,0.0242,0.0029,0.3288,0.0079,0.0431,0.0004,-1.0000,-1.0000,-1.0000,-1.0000,-1.0000,-1.0000,-1.0000,-1.0000,-1.0000,-1.0000,-1.0000,-1.0000,-1.0000,-1.0000,-1.0000,-1.0000,-1.0000,-1.0000,-1.0000,-1.0000,-1.0000,-1.0000,-1.0000,-1.0000,-1.0000,-1.0000,-1.0000,-1.0000,-1.0000,-1.0000,-1.0000,-1.0000,-1.0000,-1.0000,-1.0000,-1.0000,-1.0000,-1.0000,-1.0000,-1.0000,-1.0000,-1.0000,-1.0000,-1.0000,-1.0000,-1.0000,-1.0000,-1.0000,-1.0000,-1.0000,-1.0000,-1.0000,-1.0000,-1.0000,-1.0000,-1.0000,-1.0000,-1.0000,-1.0000,-1.0000,-1.0000,-1.0000,-1.0000,-1.0000,-1.0000,-1.0000,-1.0000,-1.0000,-1.0000,-1.0000,-1.0000,-1.0000,-1.0000,-1.0000,-1.0000,-1.0000,-1.0000,-1.0000,-1.0000,-1.0000,-1.0000,-1.0000,-1.0000,-1.0000,-1.0000,-1.0000,-1.0000,-1.0000,-1.0000,-1.0000,-1.0000,-1.0000,-1.0000,-1.0000,-1.0000,-1.0000,-1.0000,-1.0000,-1.0000,-1.0000,-1.0000,-1.0000,-1.0000,-1.0000,-1.0000,-1.0000,-1.0000,-1.0000,-1.0000,-1.0000,-1.0000,-1.0000,-1.0000,-1.0000,-1.0000,-1.0000,-1.0000,-1.0000,-1.0000,-1.0000,-1.0000,1.5416,1.5833,1.5461,1.4929,1.5801,1.5075,1.2772,1.4639,1.4540,1.3259,1.4253,1.4641,1.2965,1.4779,1.3227,1.3456,1.4329,1.3365,1.3636,1.3481,1.3398,1.3494,1.2445,1.2612,1.3322,1.3184,1.2387,1.2745,1.2359,1.2979,1.2451,1.2651,1.3636,1.2976,1.3021,1.3674,1.2630,1.3711,1.3587,1.3378,1.5544,1.5652,1.5673,1.5605,1.5261,1.4574,1.5313,1.4937,1.5334,1.4930,1.5275,1.4616,1.4635,1.4926,1.5304,1.6067,1.5563,1.5570,1.5934,1.5287,1.5706,1.5778,1.5817,0,1.0000,4.2540,-2.8602,2.9891
44,0.0880,-0.9822,0.7098,1.2199,4.2540,-2.8602,2.1454,0.1217,0.1905,0.0001,1.0268,1.0000,0.0003,0.0031,0.0001,-0.0001,-0.0060,-0.0006,-0.0017,0.0012,-0.0029,0.0001,-0.0059,-0.0006,-0.0017,0.0011,-0.0024,-0.0000,0.0189,-0.0009,-0.0006,0.0277,0.0003,0.0023,-0.0000,0.0189,0.0013,0.0004,0.0274,0.0003,0.0020,0.0000,0.0105,0.0013,0.0069,0.0251,0.1311,0.0014,-0.0020,-0.1235,-0.0407,-0.0453,0.0597,0.1895,0.0005,-0.1188,-0.0370,-0.0480,0.0198,0.1126,-0.0012,0.3705,-0.0069,-0.0061,0.3406,0.0077,0.0354,-0.0005,0.3648,0.0242,0.0029,0.3288,0.0079,0.0431,0.0004,-1.0000,-1.0000,-1.0000,-1.0000,-1.0000,-1.0000,-1.0000,-1.0000,-1.0000,-1.0000,-1.0000,-1.0000,-1.0000,-1.0000,-1.0000,-1.0000,-1.0000,-1.0000,-1.0000,-1.0000,-1.0000,-1.0000,-1.0000,-1.0000,-1.0000,-1.0000,-1.0000,-1.0000,-1.0000,-1.0000,-1.0000,-1.0000,-1.0000,-1.0000,-1.0000,-1.0000,-1.0000,-1.0000,-1.0000,-1.0000,-1.0000,-1.0000,-1.0000,-1.0000,-1.0000,-1.0000,-1.0000,-1.0000,-1.0000,-1.0000,-1.0000,-1.0000,-1.0000,-1.0000,-1.0000,-1.0000,-1.0000,-1.0000,-1.0000,-1.0000,-1.0000,-1.0000,-1.0000,-1.0000,-1.0000,-1.0000,-1.0000,-1.0000,-1.0000,-1.0000,-1.0000,-1.0000,-1.0000,-1.0000,-1.0000,-1.0000,-1.0000,-1.0000,-1.0000,-1.0000,-1.0000,-1.0000,-1.0000,-1.0000,-1.0000,-1.0000,-1.0000,-1.0000,-1.0000,-1.0000,-1.0000,-1.0000,-1.0000,-1.0000,-1.0000,-1.0000,-1.0000,-1.0000,-1.0000,-1.0000,-1.0000,-1.0000,-1.0000,-1.0000,-1.0000,-1.0000,-1.0000,-1.0000,-1.0000,-1.0000,-1.0000,-1.0000,-1.0000,-1.0000,-1.0000,-1.0000,-1.0000,-1.0000,-1.0000,-1.0000,-1.0000,1.5416,1.5833,1.5461,1.4929,1.5801,1.5075,1.2772,1.4639,1.4540,1.3259,1.4253,1.4641,1.2965,1.4779,1.3227,1.3456,1.4329,1.3365,1.3636,1.3481,1.3398,1.3494,1.2445,1.2612,1.3322,1.3184,1.2387,1.2745,1.2359,1.2979,1.2451,1.2651,1.3636,1.2976,1.3021,1.3674,1.2630,1.3711,1.3587,1.3378,1.5544,1.5652,1.5673,1.5605,1.5261,1.4574,1.5313,1.4937,1.5334,1.4930,1.5275,1.4616,1.4635,1.4926,1.5304,1.6067,1.5563,1.5570,1.5934,1.5287,1.5706,1.5778,1.5817,0,1.0000,4.2540,-2.8602,2.9891
45,0.0900,-0.9737,0.7041,1.2242,4.2540,-2.8602,2.1258,0.1217,0.1905,0.0001,1.0268,1.0000,0.0003,0.0032,0.0001,-0.0001,-0.0062,-0.0006,-0.0018,0.0013,-0.0025,0.0001,-0.0062,-0.0007,-0.0018,0.0012,-0.0021,-0.0000,0.0196,-0.0010,-0.0006,0.0283,0.0004,0.0024,-0.0000,0.0196,0.0013,0.0004,0.0281,0.0004,0.0021,0.0000,0.0107,0.0008,0.0087,0.0191,0.1330,0.0012,-0.0020,-0.1257,-0.0337,-0.0458,0.0658,0.2016,0.0004,-0.1219,-0.0308,-0.0481,0.0347,0.1405,-0.0003,0.3721,-0.0085,-0.0048,0.3300,0.0079,0.0355,-0.0005,0.3682,0.0218,0.0036,0.3231,0.0081,0.0418,0.0004,-1.0000,-1.0000,-1.0000,-1.0000,-1.0000,-1.0000,-1.0000,-1.0000,-1.0000,-1.0000,-1.0000,-1.0000,-1.0000,-1.0000,-1.0000,-1.0000,-1.0000,-1.0000,-1.0000,-1.0000,-1.0000,-1.0000,-1.0000,-1.0000,-1.0000,-1.0000,-1.0000,-1.0000,-1.0000,-1.0000,-1.0000,-1.0000,-1.0000,-1.0000,-1.0000,-1.0000,-1.0000,-1.0000,-1.0000,-1.0000,-1.0000,-1.0000,-1.0000,-1.0000,-1.0000,-1.0000,-1.0000,-1.0000,-1.0000,-1.0000,-1.0000,-1.0000,-1.0000,-1.0000,-1.0000,-1.0000,-1.0000,-1.0000,-1.0000,-1.0000,-1.0000,-1.0000,-1.0000,-1.0000,-1.0000,-1.0000,-1.0000,-1.0000,-1.0000,-1.0000,-1.0000,-1.0000,-1.0000,-1.0000,-1.0000,-1.0000,-1.0000,-1.0000,-1.0000,-1.0000,-1.0000,-1.0000,-1.0000,-1.0000,-1.0000,-1.0000,-1.0000,-1.0000,-1.0000,-1.0000,-1.0000,-1.0000,-1.0000,-1.0000,-1.0000,-1.0000,-1.0000,-1.0000,-1.0000,-1.0000,-1.0000,-1.0000,-1.0000,-1.0000,-1.0000,-1.0000,-1.0000,-1.0000,-1.0000,-1.0000,-1.0000,-1.0000,-1.0000,-1.0000,-1.0000,-1.0000,-1.0000,-1.0000,-1.0000,-1.0000,-1.0000,1.5307,1.5724,1.5352,1.4820,1.5692,1.4966,1.2671,1.4536,1.4434,1.3153,1.4151,1.4533,1.2858,1.4674,1.3124,1.3349,1.4225,1.3262,1.3531,1.3376,1.3294,1.3389,1.2341,1.2509,1.3218,1.3082,1.2284,1.2643,1.2257,1.2875,1.2350,1.2553,1.3537,1.2877,1.2923,1.3575,1.2531,1.3612,1.3489,1.3280,1.5439,1.5545,1.5566,1.5499,1.5155,1.4469,1.5208,1.4832,1.5231,1.4826,1.5171,1.4512,1.4530,1.4824,1.5203,1.5965,1.5461,1.5470,1.5832,1.5186,1.5604,1.5678,1.5716,0,1.0000,4.2540,-2.8602,2.9891
46,0.0920,-0.9652,0.6984,1.2284,4.2540,-2.8602,2.1062,0.1217,0.1905,0.0001,1.0268,1.0000,0.0003,0.0034,0.0001,-0.0001,-0.0065,-0.0007,-0.0019,0.0014,-0.0021,0.0001,-0.0064,-0.0008,-0.0018,0.0015,-0.0019,-0.0000,0.0204,-0.0010,-0.0006,0.0290,0.0004,0.0025,-0.0000,0.0203,0.0014,0.0004,0.0287,0.0004,0.0022,0.0000,0.0109,0.0018,0.0049,0.0399,0.1331,0.0015,-0.0020,-0.1257,-0.0607,-0.0467,0.0723,0.2231,0.0005,-0.1393,-0.0564,-0.0355,0.1898,0.1339,-0.0028,0.3744,-0.0008,-0.0066,0.3195,0.0080,0.0356,-0.0005,0.3646,0.0282,0.0007,0.2988,0.0081,0.0399,0.0003,-1.0000,-1.0000,-1.0000,-1.0000,-1.0000,-1.0000,-1.0000,-1.0000,-1.0000,-1.0000,-1.0000,-1.0000,-1.0000,-1.0000,-1.0000,-1.0000,-1.0000,-1.0000,-1.0000,-1.0000,-1.0000,-1.0000,-1.0000,-1.0000,-1.0000,-1.0000,-1.0000,-1.0000,-1.0000,-1.0000,-1.0000,-1.0000,-1.0000,-1.0000,-1.0000,-1.0000,-1.0000,-1.0000,-1.0000,-1.0000,-1.0000,-1.0000,-1.0000,-1.0000,-1.0000,-1.0000,-1.0000,-1.0000,-1.0000,-1.0000,-1.0000,-1.0000,-1.0000,-1.0000,-1.0000,-1.0000,-1.0000,-1.0000,-1.0000,-1.0000,-1.0000,-1.0000,-1.0000,-1.0000,-1.0000,-1.0000,-1.0000,-1.0000,-1.0000,-1.0000,-1.0000,-1.0000,-1.0000,-1.0000,-1.0000,-1.0000,-1.0000,-1.0000,-1.0000,-1.0000,-1.0000,-1.0000,-1.0000,-1.0000,-1.0000,-1.0000,-1.0000,-1.0000,-1.0000,-1.0000,-1.0000,-1.0000,-1.0000,-1.0000,-1.0000,-1.0000,-1.0000,-1.0000,-1.0000,-1.0000,-1.0000,-1.0000,-1.0000,-1.0000,-1.0000,-1.0000,-1.0000,-1.0000,-1.0000,-1.0000,-1.0000,-1.0000,-1.0000,-1.0000,-1.0000,-1.0000,-1.0000,-1.0000,-1.0000,-1.0000,-1.0000,1.5198,1.5615,1.5243,1.4711,1.5583,1.4858,1.2569,1.4434,1.4328,1.3048,1.4050,1.4425,1.2752,1.4569,1.3022,1.3242,1.4122,1.3158,1.3425,1.3272,1.3190,1.3284,1.2236,1.2406,1.3113,1.2981,1.2181,1.2542,1.2155,1.2771,1.2249,1.2455,1.3439,1.2778,1.2826,1.3476,1.2432,1.3512,1.3392,1.3183,1.5334,1.5439,1.5460,1.5393,1.5049,1.4364,1.5103,1.4726,1.5128,1.4722,1.5068,1.4409,1.4426,1.4721,1.5103,1.5864,1.5360,1.5369,1.5730,1.5085,1.5502,1.5578,1.5616,0,1.0000,4.2540,-2.8602,2.9891
46,0.0920,-0.9652,0.6984,1.2284,4.2540,-2.8602,2.1062,0.1217,0.1905,0.0001,1.0268,1.0000,0.0003,0.0034,0.0001,-0.0001,-0.0065,-0.0007,-0.0019,0.0014,-0.0021,0.0001,-0.0064,-0.0008,-0.0018,0.0015,-0.0019,-0.0000,0.0204,-0.0010,-0.0006,0.0290,0.0004,0.0025,-0.0000,0.0203,0.0014,0.0004,0.0287,0.0004,0.0022,0.0000,0.0109,0.0018,0.0049,0.0399,0.1331,0.0015,-0.0020,-0.1257,-0.0607,-0.0467,0.0723,0.2231,0.0005,-0.1393,-0.0564,-0.0355,0.1898,0.1339,-0.0028,0.3744,-0.0008,-0.0066,0.3195,0.0080,0.0356,-0.0005,0.3646,0.0282,0.0007,0.2988,0.0081,0.0399,0.0003,-1.0000,-1.0000,-1.0000,-1.0000,-1.0000,-1.0000,-1.0000,-1.0000,-1.0000,-1.0000,-1.0000,-1.0000,-1.0000,-1.0000,-1.0000,-1.0000,-1.0000,-1.0000,-1.0000,-1.0000,-1.0000,-1.0000,-1.0000,-1.0000,-1.0000,-1.0000,-1.0000,-1.0000,-1.0000,-1.0000,-1.0000,-1.0000,-1.0000,-1.0000,-1.0000,-1.0000,-1.0000,-1.0000,-1.0000,-1.0000,-1.0000,-1.0000,-1.0000,-1.0000,-1.0000,-1.0000,-1.0000,-1.0000,-1.0000,-1.0000,-1.0000,-1.0000,-1.0000,-1.0000,-1.0000,-1.0000,-1.0000,-1.0000,-1.0000,-1.0000,-1.0000,-1.0000,-1.0000,-1.0000,-1.0000,-1.0000,-1.0000,-1.0000,-1.0000,-1.0000,-1.0000,-1.0000,-1.0000,-1.0000,-1.0000,-1.0000,-1.0000,-1.0000,-1.0000,-1.0000,-1.0000,-1.0000,-1.0000,-1.0000,-1.0000,-1.0000,-1.0000,-1.0000,-1.0000,-1.0000,-1.0000,-1.0000,-1.0000,-1.0000,-1.0000,-1.0000,-1.0000,-1.0000,-1.0000,-1.0000,-1.0000,-1.0000,-1.0000,-1.0000,-1.0000,-1.0000,-1.0000,-1.0000,-1.0000,-1.0000,-1.0000,-1.0000,-1.0000,-1.0000,-1.0000,-1.0000,-1.0000,-1.0000,-1.0000,-1.0000,-1.0000,1.5198,1.5615,1.5243,1.4711,1.5583,1.4858,1.2569,1.4434,1.4328,1.3048,1.4050,1.4425,1.2752,1.4569,1.3022,1.3242,1.4122,1.3158,1.3425,1.3272,1.3190,1.3284,1.2236,1.2406,1.3113,1.2981,1.2181,1.2542,1.2155,1.2771,1.2249,1.2455,1.3439,1.2778,1.2826,1.3476,1.2432,1.3512,1.3392,1.3183,1.5334,1.5439,1.5460,1.5393,1.5049,1.4364,1.5103,1.4726,1.5128,1.4722,1.5068,1.4409,1.4426,1.4721,1.5103,1.5864,1.5360,1.5369,1.5730,1.5085,1.5502,1.5578,1.5616,0,1.0000,4.2540,-2.8602,2.9891
47,0.0940,-0.9567,0.6926,1.2326,4.2540,-2.8602,2.0866,0.1217,0.1906,0.0001,1.0269,1.0000,0.0004,0.0035,0.0001,-0.0001,-0.0067,-0.0008,-0.0020,0.0016,-0.0016,0.0001,-0.0067,-0.0009,-0.0019,0.0019,-0.0016,-0.0000,0.0211,-0.0010,-0.0006,0.0296,0.0004,0.0025,-0.0000,0.0211,0.0014,0.0004,0.0292,0.0004,0.0022,0.0000,0.0111,0.0013,0.0069,0.0313,0.1348,0.0015,-0.0021,-0.1274,-0.0500,-0.0473,0.0757,0.2263,0.0004,-0.1386,-0.0468,-0.0380,0.1708,0.1606,-0.0016,0.3749,-0.0034,-0.0048,0.3078,0.0082,0.0356,-0.0005,0.3678,0.0247,0.0018,0.2942,0.0083,0.0387,0.0004,-1.0000,-1.0000,-1.0000,-1.0000,-1.0000,-1.0000,-1.0000,-1.0000,-1.0000,-1.0000,-1.0000,-1.0000,-1.0000,-1.0000,-1.0000,-1.0000,-1.0000,-1.0000,-1.0000,-1.0000,-1.0000,-1.0000,-1.0000,-1.0000,-1.0000,-1.0000,-1.0000,-1.0000,-1.0000,-1.0000,-1.0000,-1.0000,-1.0000,-1.0000,-1.0000,-1.0000,-1.0000,-1.0000,-1.0000,-1.0000,-1.0000,-1.0000,-1.0000,-1.0000,-1.0000,-1.0000,-1.0000,-1.0000,-1.0000,-1.0000,-1.0000,-1.0000,-1.0000,-1.0000,-1.0000,-1.0000,-1.0000,-1.0000,-1.0000,-1.0000,-1.0000,-1.0000,-1.0000,-1.0000,-1.0000,-1.0000,-1.0000,-1.0000,-1.0000,-1.0000,-1.0000,-1.0000,-1.0000,-1.0000,-1.0000,-1.0000,-1.0000,-1.0000,-1.0000,-1.0000,-1.0000,-1.0000,-1.0000,-1.0000,-1.0000,-1.0000,-1.0000,-1.0000,-1.0000,-1.0000,-1.0000,-1.0000,-1.0000,-1.0000,-1.0000,-1.0000,-1.0000,-1.0000,-1.0000,-1.0000,-1.0000,-1.0000,-1.0000,-1.0000,-1.0000,-1.0000,-1.0000,-1.0000,-1.0000,-1.0000,-1.0000,-1.0000,-1.0000,-1.0000,-1.0000,-1.0000,-1.0000,-1.0000,-1.0000,-1.0000,-1.0000,1.5089,1.5507,1.5134,1.4603,1.5475,1.4750,1.2468,1.4331,1.4222,1.2944,1.3950,1.4318,1.2646,1.4464,1.2919,1.3135,1.4018,1.3055,1.3320,1.3167,1.3086,1.3180,1.2132,1.2302,1.3009,1.2879,1.2079,1.2440,1.2053,1.2668,1.2149,1.2357,1.3342,1.2680,1.2728,1.3377,1.2334,1.3413,1.3295,1.3085,1.5229,1.5332,1.5354,1.5288,1.4943,1.4259,1.4999,1.4621,1.5025,1.4619,1.4965,1.4306,1.4322,1.4619,1.5002,1.5763,1.5259,1.5269,1.5629,1.4984,1.5401,1.5478,1.5515,0,1.0000,4.2540,-2.8602,2.9891
47,0.0940,-0.9567,0.6926,1.2326,4.2540,-2.8602,2.0866,0.1217,0.1906,0.0001,1.0269,1.0000,0.0004,0.0035,0.0001,-0.0001,-0.0067,-0.0008,-0.0020,0.0016,-0.0016,0.0001,-0.0067,-0.0009,-0.0019,0.0019,-0.0016,-0.0000,0.0211,-0.0010,-0.0006,0.0296,0.0004,0.0025,-0.0000,0.0211,0.0014,0.0004,0.0292,0.0004,0.0022,0.0000,0.0111,0.0013,0.0069,0.0313,0.1348,0.0015,-0.0021,-0.1274,-0.0500,-0.0473,0.0757,0.2263,0.0004,-0.1386,-0.0468,-0.0380,0.1708,0.1606,-0.0016,0.3749,-0.0034,-0.0048,0.3078,0.0082,0.0356,-0.0005,0.3678,0.0247,0.0018,0.2942,0.0083,0.0387,0.0004,-1.0000,-1.0000,-1.0000,-1.0000,-1.0000,-1.0000,-1.0000,-1.0000,-1.0000,-1.0000,-1.0000,-1.0000,-1.0000,-1.0000,-1.0000,-1.0000,-1.0000,-1.0000,-1.0000,-1.0000,-1.0000,-1.0000,-1.0000,-1.0000,-1.0000,-1.0000,-1.0000,-1.0000,-1.0000,-1.0000,-1.0000,-1.0000,-1.0000,-1.0000,-1.0000,-1.0000,-1.0000,-1.0000,-1.0000,-1.0000,-1.0000,-1.0000,-1.0000,-1.0000,-1.0000,-1.0000,-1.0000,-1.0000,-1.0000,-1.0000,-1.0000,-1.0000,-1.0000,-1.0000,-1.0000,-1.0000,-1.0000,-1.0000,-1.0000,-1.0000,-1.0000,-1.0000,-1.0000,-1.0000,-1.0000,-1.0000,-1.0000,-1.0000,-1.0000,-1.0000,-1.0000,-1.0000,-1.0000,-1.0000,-1.0000,-1.0000,-1.0000,-1.0000,-1.0000,-1.0000,-1.0000,-1.0000,-1.0000,-1.0000,-1.0000,-1.0000,-1.0000,-1.0000,-1.0000,-1.0000,-1.0000,-1.0000,-1.0000,-1.0000,-1.0000,-1.0000,-1.0000,-1.0000,-1.0000,-1.0000,-1.0000,-1.0000,-1.0000,-1.0000,-1.0000,-1.0000,-1.0000,-1.0000,-1.0000,-1.0000,-1.0000,-1.0000,-1.0000,-1.0000,-1.0000,-1.0000,-1.0000,-1.0000,-1.0000,-1.0000,-1.0000,1.5089,1.5507,1.5134,1.4603,1.5475,1.4750,1.2468,1.4331,1.4222,1.2944,1.3950,1.4318,1.2646,1.4464,1.2919,1.3135,1.4018,1.3055,1.3320,1.3167,1.3086,1.3180,1.2132,1.2302,1.3009,1.2879,1.2079,1.2440,1.2053,1.2668,1.2149,1.2357,1.3342,1.2680,1.2728,1.3377,1.2334,1.3413,1.3295,1.3085,1.5229,1.5332,1.5354,1.5288,1.4943,1.4259,1.4999,1.4621,1.5025,1.4619,1.4965,1.4306,1.4322,1.4619,1.5002,1.5763,1.5259,1.5269,1.5629,1.4984,1.5401,1.5478,1.5515,0,1.0000,4.2540,-2.8602,2.9891
48,0.0960,-0.9482,0.6869,1.2367,4.2540,-2.8602,2.0670,0.1217,0.1906,0.0001,1.0269,1.0000,0.0004,0.0036,0.0001,-0.0001,-0.0070,-0.0009,-0.0021,0.0017,-0.0012,0.0001,-0.0070,-0.0009,-0.0020,0.0021,-0.0013,-0.0000,0.0219,-0.0010,-0.0006,0.0302,0.0004,0.0026,-0.0000,0.0218,0.0014,0.0004,0.0298,0.0004,0.0023,0.0000,0.0112,0.0011,0.0077,0.0276,0.1364,0.0014,-0.0021,-0.1290,-0.0455,-0.0479,0.0785,0.2291,0.0005,-0.1344,-0.0396,-0.0429,0.1225,0.1076,-0.0010,0.3752,-0.0044,-0.0036,0.2956,0.0084,0.0357,-0.0005,0.3693,0.0225,0.0022,0.2856,0.0086,0.0374,0.0004,-1.0000,-1.0000,-1.0000,-1.0000,-1.0000,-1.0000,-1.0000,-1.0000,-1.0000,-1.0000,-1.0000,-1.0000,-1.0000,-1.0000,-1.0000,-1.0000,-1.0000,-1.0000,-1.0000,-1.0000,-1.0000,-1.0000,-1.0000,-1.0000,-1.0000,-1.0000,-1.0000,-1.0000,-1.0000,-1.0000,-1.0000,-1.0000,-1.0000,-1.0000,-1.0000,-1.0000,-1.0000,-1.0000,-1.0000,-1.0000,-1.0000,-1.0000,-1.0000,-1.0000,-1.0000,-1.0000,-1.0000,-1.0000,-1.0000,-1.0000,-1.0000,-1.0000,-1.0000,-1.0000,-1.0000,-1.0000,-1.0000,-1.0000,-1.0000,-1.0000,-1.0000,-1.0000,-1.0000,-1.0000,-1.0000,-1.0000,-1.0000,-1.0000,-1.0000,-1.0000,-1.0000,-1.0000,-1.0000,-1.0000,-1.0000,-1.0000,-1.0000,-1.0000,-1.0000,-1.0000,-1.0000,-1.0000,-1.0000,-1.0000,-1.0000,-1.0000,-1.0000,-1.0000,-1.0000,-1.0000,-1.0000,-1.0000,-1.0000,-1.0000,-1.0000,-1.0000,-1.0000,-1.0000,-1.0000,-1.0000,-1.0000,-1.0000,-1.0000,-1.0000,-1.0000,-1.0000,-1.0000,-1.0000,-1.0000,-1.0000,-1.0000,-1.0000,-1.0000,-1.0000,-1.0000,-1.0000,-1.0000,-1.0000,-1.0000,-1.0000,-1.0000,1.4981,1.5398,1.5026,1.4494,1.5366,1.4642,1.2366,1.4229,1.4117,1.2839,1.3849,1.4210,1.2540,1.4360,1.2817,1.3028,1.3915,1.2952,1.3216,1.3063,1.2983,1.3076,1.2028,1.2200,1.2905,1.2778,1.1977,1.2339,1.1951,1.2565,1.2048,1.2260,1.3244,1.2581,1.2631,1.3279,1.2236,1.3314,1.3198,1.2988,1.5124,1.5226,1.5248,1.5182,1.4838,1.4154,1.4894,1.4516,1.4922,1.4515,1.4862,1.4203,1.4218,1.4517,1.4902,1.5663,1.5158,1.5169,1.5527,1.4883,1.5299,1.5378,1.5415,0,1.0000,4.2540,-2.8602,2.9891
48,0.0960,-0.9482,0.6869,1.2367,4.2540,-2.8602,2.0670,0.1217,0.1906,0.0001,1.0269,1.0000,0.0004,0.0036,0.0001,-0.0001,-0.0070,-0.0009,-0.0021,0.0017,-0.0012,0.0001,-0.0070,-0.0009,-0.0020,0.0021,-0.0013,-0.0000,0.0219,-0.0010,-0.0006,0.0302,0.0004,0.0026,-0.0000,0.0218,0.0014,0.0004,0.0298,0.0004,0.0023,0.0000,0.0112,0.0011,0.0077,0.0276,0.1364,0.0014,-0.0021,-0.1290,-0.0455,-0.0479,0.0785,0.2291,0.0005,-0.1344,-0.0396,-0.0429,0.1225,0.1076,-0.0010,0.3752,-0.0044,-0.0036,0.2956,0.0084,0.0357,-0.0005,0.3693,0.0225,0.0022,0.2856,0.0086,0.0374,0.0004,-1.0000,-1.0000,-1.0000,-1.0000,-1.0000,-1.0000,-1.0000,-1.0000,-1.0000,-1.0000,-1.0000,-1.0000,-1.0000,-1.0000,-1.0000,-1.0000,-1.0000,-1.0000,-1.0000,-1.0000,-1.0000,-1.0000,-1.0000,-1.0000,-1.0000,-1.0000,-1.0000,-1.0000,-1.0000,-1.0000,-1.0000,-1.0000,-1.0000,-1.0000,-1.0000,-1.0000,-1.0000,-1.0000,-1.0000,-1.0000,-1.0000,-1.0000,-1.0000,-1.0000,-1.0000,-1.0000,-1.0000,-1.0000,-1.0000,-1.0000,-1.0000,-1.0000,-1.0000,-1.0000,-1.0000,-1.0000,-1.0000,-1.0000,-1.0000,-1.0000,-1.0000,-1.0000,-1.0000,-1.0000,-1.0000,-1.0000,-1.0000,-1.0000,-1.0000,-1.0000,-1.0000,-1.0000,-1.0000,-1.0000,-1.0000,-1.0000,-1.0000,-1.0000,-1.0000,-1.0000,-1.0000,-1.0000,-1.0000,-1.0000,-1.0000,-1.0000,-1.0000,-1.0000,-1.0000,-1.0000,-1.0000,-1.0000,-1.0000,-1.0000,-1.0000,-1.0000,-1.0000,-1.0000,-1.0000,-1.0000,-1.0000,-1.0000,-1.0000,-1.0000,-1.0000,-1.0000,-1.0000,-1.0000,-1.0000,-1.0000,-1.0000,-1.0000,-1.0000,-1.0000,-1.0000,-1.0000,-1.0000,-1.0000,-1.0000,-1.0000,-1.0000,1.4981,1.5398,1.5026,1.4494,1.5366,1.4642,1.2366,1.4229,1.4117,1.2839,1.3849,1.4210,1.2540,1.4360,1.2817,1.3028,1.3915,1.2952,1.3216,1.3063,1.2983,1.3076,1.2028,1.2200,1.2905,1.2778,1.1977,1.2339,1.1951,1.2565,1.2048,1.2260,1.3244,1.2581,1.2631,1.3279,1.2236,1.3314,1.3198,1.2988,1.5124,1.5226,1.5248,1.5182,1.4838,1.4154,1.4894,1.4516,1.4922,1.4515,1.4862,1.4203,1.4218,1.4517,1.4902,1.5663,1.5158,1.5169,1.5527,1.4883,1.5299,1.5378,1.5415,0,1.0000,4.2540,-2.8602,2.9891
49,0.0980,-0.9397,0.6812,1.2408,4.2540,-2.8602,2.0473,0.1217,0.1906,0.0001,1.0269,1.0000,0.0004,0.0038,0.0001,-0.0001,-0.0072,-0.0010,-0.0022,0.0019,-0.0007,0.0001,-0.0073,-0.0010,-0.0021,0.0023,-0.0012,-0.0000,0.0226,-0.0010,-0.0006,0.0308,0.0004,0.0027,-0.0000,0.0225,0.0015,0.0005,0.0304,0.0004,0.0024,0.0000,0.0114,0.0009,0.0083,0.0243,0.1379,0.0013,-0.0021,-0.1304,-0.0414,-0.0485,0.0806,0.2300,0.0007,-0.1307,-0.0331,-0.0474,0.0807,0.0569,-0.0004,0.3750,-0.0053,-0.0025,0.2831,0.0086,0.0356,-0.0005,0.3701,0.0205,0.0024,0.2762,0.0088,0.0361,0.0004,-1.0000,-1.0000,-1.0000,-1.0000,-1.0000,-1.0000,-1.0000,-1.0000,-1.0000,-1.0000,-1.0000,-1.0000,-1.0000,-1.0000,-1.0000,-1.0000,-1.0000,-1.0000,-1.0000,-1.0000,-1.0000,-1.0000,-1.0000,-1.0000,-1.0000,-1.0000,-1.0000,-1.0000,-1.0000,-1.0000,-1.0000,-1.0000,-1.0000,-1.0000,-1.0000,-1.0000,-1.0000,-1.0000,-1.0000,-1.0000,-1.0000,-1.0000,-1.0000,-1.0000,-1.0000,-1.0000,-1.0000,-1.0000,-1.0000,-1.0000,-1.0000,-1.0000,-1.0000,-1.0000,-1.0000,-1.0000,-1.0000,-1.0000,-1.0000,-1.0000,-1.0000,-1.0000,-1.0000,-1.0000,-1.0000,-1.0000,-1.0000,-1.0000,-1.0000,-1.0000,-1.0000,-1.0000,-1.0000,-1.0000,-1.0000,-1.0000,-1.0000,-1.0000,-1.0000,-1.0000,-1.0000,-1.0000,-1.0000,-1.0000,-1.0000,-1.0000,-1.0000,-1.0000,-1.0000,-1.0000,-1.0000,-1.0000,-1.0000,-1.0000,-1.0000,-1.0000,-1.0000,-1.0000,-1.0000,-1.0000,-1.0000,-1.0000,-1.0000,-1.0000,-1.0000,-1.0000,-1.0000,-1.0000,-1.0000,-1.0000,-1.0000,-1.0000,-1.0000,-1.0000,-1.0000,-1.0000,-1.0000,-1.0000,-1.0000,-1.0000,-1.0000,1.4873,1.5290,1.4917,1.4386,1.5258,1.4534,1.2265,1.4127,1.4011,1.2734,1.3748,1.4103,1.2434,1.4255,1.2714,1.2922,1.3812,1.2849,1.3111,1.2959,1.2879,1.2972,1.1924,1.2097,1.2801,1.2677,1.1875,1.2238,1.1849,1.2462,1.1948,1.2163,1.3147,1.2483,1.2535,1.3180,1.2138,1.3215,1.3101,1.2891,1.5019,1.5119,1.5143,1.5077,1.4733,1.4049,1.4790,1.4411,1.4819,1.4411,1.4759,1.4100,1.4114,1.4415,1.4802,1.5562,1.5057,1.5070,1.5426,1.4783,1.5198,1.5279,1.5315,0,1.0000,4.2540,-2.8602,2.9891
50,0.1000,-0.9311,0.6755,1.2449,4.2540,-2.8602,2.0277,0.1217,0.1906,0.0001,1.0269,1.0000,0.0004,0.0039,0.0001,-0.0001,-0.0075,-0.0011,-0.0023,0.0020,-0.0000,0.0001,-0.0075,-0.0010,-0.0022,0.0024,-0.0012,-0.0000,0.0234,-0.0010,-0.0006,0.0313,0.0004,0.0027,-0.0000,0.0233,0.0015,0.0005,0.0309,0.0004,0.0025,0.0000,0.0115,-0.0001,0.0058,0.0077,0.1388,0.0010,-0.0030,-0.1293,-0.0259,-0.0501,0.0657,0.3431,0.0009,-0.1267,-0.0095,-0.0517,0.0423,0.0019,0.0019,0.3711,-0.0101,0.0004,0.2609,0.0088,0.0352,-0.0004,0.3710,0.0143,0.0042,0.2663,0.0091,0.0348,0.0004,-1.0000,-1.0000,-1.0000,-1.0000,-1.0000,-1.0000,-1.0000,-1.0000,-1.0000,-1.0000,-1.0000,-1.0000,-1.0000,-1.0000,-1.0000,-1.0000,-1.0000,-1.0000,-1.0000,-1.0000,-1.0000,-1.0000,-1.0000,-1.0000,-1.0000,-1.0000,-1.0000,-1.0000,-1.0000,-1.0000,-1.0000,-1.0000,-1.0000,-1.0000,-1.0000,-1.0000,-1.0000,-1.0000,-1.0000,-1.0000,-1.0000,-1.0000,-1.0000,-1.0000,-1.0000,-1.0000,-1.0000,-1.0000,-1.0000,-1.0000,-1.0000,-1.0000,-1.0000,-1.0000,-1.0000,-1.0000,-1.0000,-1.0000,-1.0000,-1.0000,-1.0000,-1.0000,-1.0000,-1.0000,-1.0000,-1.0000,-1.0000,-1.0000,-1.0000,-1.0000,-1.0000,-1.0000,-1.0000,-1.0000,-1.0000,-1.0000,-1.0000,-1.0000,-1.0000,-1.0000,-1.0000,-1.0000,-1.0000,-1.0000,-1.0000,-1.0000,-1.0000,-1.0000,-1.0000,-1.0000,-1.0000,-1.0000,-1.0000,-1.0000,-1.0000,-1.0000,-1.0000,-1.0000,-1.0000,-1.0000,-1.0000,-1.0000,-1.0000,-1.0000,-1.0000,-1.0000,-1.0000,-1.0000,-1.0000,-1.0000,-1.0000,-1.0000,-1.0000,-1.0000,-1.0000,-1.0000,-1.0000,-1.0000,-1.0000,-1.0000,-1.0000,1.4765,1.5182,1.4809,1.4278,1.5150,1.4426,1.2164,1.4024,1.3906,1.2630,1.3648,1.3996,1.2329,1.4151,1.2612,1.2815,1.3709,1.2746,1.3006,1.2855,1.2776,1.2868,1.1820,1.1994,1.2697,1.2577,1.1773,1.2137,1.1748,1.2359,1.1848,1.2066,1.3050,1.2385,1.2438,1.3082,1.2040,1.3116,1.3005,1.2795,1.4915,1.5013,1.5037,1.4972,1.4627,1.3945,1.4685,1.4307,1.4716,1.4308,1.4656,1.3998,1.4010,1.4313,1.4703,1.5461,1.4956,1.4970,1.5325,1.4682,1.5097,1.5179,1.5215,0,1.0000,4.2540,-2.8602,2.9891
50,0.1000,-0.9311,0.6755,1.2449,4.2540,-2.8602,2.0277,0.1217,0.1906,0.0001,1.0269,1.0000,0.0004,0.0039,0.0001,-0.0001,-0.0075,-0.0011,-0.0023,0.0020,-0.0000,0.0001,-0.0075,-0.0010,-0.0022,0.0024,-0.0012,-0.0000,0.0234,-0.0010,-0.0006,0.0313,0.0004,0.0027,-0.0000,0.0233,0.0015,0.0005,0.0309,0.0004,0.0025,0.0000,0.0115,-0.0001,0.0058,0.0077,0.1388,0.0010,-0.0030,-0.1293,-0.0259,-0.0501,0.0657,0.3431,0.0009,-0.1267,-0.0095,-0.0517,0.0423,0.0019,0.0019,0.3711,-0.0101,0.0004,0.2609,0.0088,0.0352,-0.0004,0.3710,0.0143,0.0042,0.2663,0.0091,0.0348,0.0004,-1.0000,-1.0000,-1.0000,-1.0000,-1.0000,-1.0000,-1.0000,-1.0000,-1.0000,-1.0000,-1.0000,-1.0000,-1.0000,-1.0000,-1.0000,-1.0000,-1.0000,-1.0000,-1.0000,-1.0000,-1.0000,-1.0000,-1.0000,-1.0000,-1.0000,-1.0000,-1.0000,-1.0000,-1.0000,-1.0000,-1.0000,-1.0000,-1.0000,-1.0000,-1.0000,-1.0000,-1.0000,-1.0000,-1.0000,-1.0000,-1.0000,-1.0000,-1.0000,-1.0000,-1.0000,-1.0000,-1.0000,-1.0000,-1.0000,-1.0000,-1.0000,-1.0000,-1.0000,-1.0000,-1.0000,-1.0000,-1.0000,-1.0000,-1.0000,-1.0000,-1.0000,-1.0000,-1.0000,-1.0000,-1.0000,-1.0000,-1.0000,-1.0000,-1.0000,-1.0000,-1.0000,-1.0000,-1.0000,-1.0000,-1.0000,-1.0000,-1.0000,-1.0000,-1.0000,-1.0000,-1.0000,-1.0000,-1.0000,-1.0000,-1.0000,-1.0000,-1.0000,-1.0000,-1.0000,-1.0000,-1.0000,-1.0000,-1.0000,-1.0000,-1.0000,-1.0000,-1.0000,-1.0000,-1.0000,-1.0000,-1.0000,-1.0000,-1.0000,-1.0000,-1.0000,-1.0000,-1.0000,-1.0000,-1.0000,-1.0000,-1.0000,-1.0000,-1.0000,-1.0000,-1.0000,-1.0000,-1.0000,-1.0000,-1.0000,-1.0000,-1.0000,1.4765,1.5182,1.4809,1.4278,1.5150,1.4426,1.2164,1.4024,1.3906,1.2630,1.3648,1.3996,1.2329,1.4151,1.2612,1.2815,1.3709,1.2746,1.3006,1.2855,1.2776,1.2868,1.1820,1.1994,1.2697,1.2577,1.1773,1.2137,1.1748,1.2359,1.1848,1.2066,1.3050,1.2385,1.2438,1.3082,1.2040,1.3116,1.3005,1.2795,1.4915,1.5013,1.5037,1.4972,1.4627,1.3945,1.4685,1.4307,1.4716,1.4308,1.4656,1.3998,1.4010,1.4313,1.4703,1.5461,1.4956,1.4970,1.5325,1.4682,1.5097,1.5179,1.5215,0,1.0000,4.2540,-2.8602,2.9891
51,0.1020,-0.9226,0.6698,1.2489,4.2540,-2.8602,2.0081,0.1217,0.1906,0.0001,1.0269,1.0000,0.0004,0.0040,0.0001,-0.0001,-0.0078,-0.0011,-0.0024,0.0021,0.0005,0.0001,-0.0078,-0.0010,-0.0023,0.0024,-0.0013,-0.0000,0.0241,-0.0010,-0.0006,0.0318,0.0005,0.0028,-0.0000,0.0240,0.0015,0.0005,0.0314,0.0005,0.0025,0.0000,0.0116,-0.0002,0.0060,0.0049,0.1401,0.0009,-0.0025,-0.1286,-0.0193,-0.0520,0.0505,0.2750,0.0010,-0.1239,-0.0038,-0.0553,0.0109,-0.0442,0.0023,0.3700,-0.0108,0.0012,0.2483,0.0089,0.0351,-0.0004,0.3707,0.0122,0.0042,0.2559,0.0093,0.0334,0.0004,-1.0000,-1.0000,-1.0000,-1.0000,-1.0000,-1.0000,-1.0000,-1.0000,-1.0000,-1.0000,-1.0000,-1.0000,-1.0000,-1.0000,-1.0000,-1.0000,-1.0000,-1.0000,-1.0000,-1.0000,-1.0000,-1.0000,-1.0000,-1.0000,-1.0000,-1.0000,-1.0000,-1.0000,-1.0000,-1.0000,-1.0000,-1.0000,-1.0000,-1.0000,-1.0000,-1.0000,-1.0000,-1.0000,-1.0000,-1.0000,-1.0000,-1.0000,-1.0000,-1.0000,-1.0000,-1.0000,-1.0000,-1.0000,-1.0000,-1.0000,-1.0000,-1.0000,-1.0000,-1.0000,-1.0000,-1.0000,-1.0000,-1.0000,-1.0000,-1.0000,-1.0000,-1.0000,-1.0000,-1.0000,-1.0000,-1.0000,-1.0000,-1.0000,-1.0000,-1.0000,-1.0000,-1.0000,-1.0000,-1.0000,-1.0000,-1.0000,-1.0000,-1.0000,-1.0000,-1.0000,-1.0000,-1.0000,-1.0000,-1.0000,-1.0000,-1.0000,-1.0000,-1.0000,-1.0000,-1.0000,-1.0000,-1.0000,-1.0000,-1.0000,-1.0000,-1.0000,-1.0000,-1.0000,-1.0000,-1.0000,-1.0000,-1.0000,-1.0000,-1.0000,-1.0000,-1.0000,-1.0000,-1.0000,-1.0000,-1.0000,-1.0000,-1.0000,-1.0000,-1.0000,-1.0000,-1.0000,-1.0000,-1.0000,-1.0000,-1.0000,-1.0000,1.4657,1.5074,1.4701,1.4170,1.5042,1.4318,1.2063,1.3922,1.3801,1.2525,1.3547,1.3889,1.2223,1.4046,1.2510,1.2709,1.3606,1.2643,1.2902,1.2751,1.2672,1.2764,1.1717,1.1892,1.2594,1.2476,1.1671,1.2037,1.1647,1.2256,1.1748,1.1969,1.2953,1.2288,1.2342,1.2984,1.1942,1.3017,1.2908,1.2699,1.4810,1.4907,1.4931,1.4867,1.4522,1.3840,1.4581,1.4202,1.4614,1.4205,1.4553,1.3895,1.3906,1.4212,1.4603,1.5361,1.4855,1.4870,1.5224,1.4582,1.4996,1.5080,1.5116,0,1.0000,4.2540,-2.8602,2.9891
51,0.1020,-0.9226,0.6698,1.2489,4.2540,-2.8602,2.0081,0.1217,0.1906,0.0001,1.0269,1.0000,0.0004,0.0040,0.0001,-0.0001,-0.0078,-0.0011,-0.0024,0.0021,0.0005,0.0001,-0.0078,-0.0010,-0.0023,0.0024,-0.0013,-0.0000,0.0241,-0.0010,-0.0006,0.0318,0.0005,0.0028,-0.0000,0.0240,0.0015,0.0005,0.0314,0.0005,0.0025,0.0000,0.0116,-0.0002,0.0060,0.0049,0.1401,0.0009,-0.0025,-0.1286,-0.0193,-0.0520,0.0505,0.2750,0.0010,-0.1239,-0.0038,-0.0553,0.0109,-0.0442,0.0023,0.3700,-0.0108,0.0012,0.2483,0.0089,0.0351,-0.0004,0.3707,0.0122,0.0042,0.2559,0.0093,0.0334,0.0004,-1.0000,-1.0000,-1.0000,-1.0000,-1.0000,-1.0000,-1.0000,-1.0000,-1.0000,-1.0000,-1.0000,-1.0000,-1.0000,-1.0000,-1.0000,-1.0000,-1.0000,-1.0000,-1.0000,-1.0000,-1.0000,-1.0000,-1.0000,-1.0000,-1.0000,-1.0000,-1.0000,-1.0000,-1.0000,-1.0000,-1.0000,-1.0000,-1.0000,-1.0000,-1.0000,-1.0000,-1.0000,-1.0000,-1.0000,-1.0000,-1.0000,-1.0000,-1.0000,-1.0000,-1.0000,-1.0000,-1.0000,-1.0000,-1.0000,-1.0000,-1.0000,-1.0000,-1.0000,-1.0000,-1.0000,-1.0000,-1.0000,-1.0000,-1.0000,-1.0000,-1.0000,-1.0000,-1.0000,-1.0000,-1.0000,-1.0000,-1.0000,-1.0000,-1.0000,-1.0000,-1.0000,-1.0000,-1.0000,-1.0000,-1.0000,-1.0000,-1.0000,-1.0000,-1.0000,-1.0000,-1.0000,-1.0000,-1.0000,-1.0000,-1.0000,-1.0000,-1.0000,-1.0000,-1.0000,-1.0000,-1.0000,-1.0000,-1.0000,-1.0000,-1.0000,-1.0000,-1.0000,-1.0000,-1.0000,-1.0000,-1.0000,-1.0000,-1.0000,-1.0000,-1.0000,-1.0000,-1.0000,-1.0000,-1.0000,-1.0000,-1.0000,-1.0000,-1.0000,-1.0000,-1.0000,-1.0000,-1.0000,-1.0000,-1.0000,-1.0000,-1.0000,1.4657,1.5074,1.4701,1.4170,1.5042,1.4318,1.2063,1.3922,1.3801,1.2525,1.3547,1.3889,1.2223,1.4046,1.2510,1.2709,1.3606,1.2643,1.2902,1.2751,1.2672,1.2764,1.1717,1.1892,1.2594,1.2476,1.1671,1.2037,1.1647,1.2256,1.1748,1.1969,1.2953,1.2288,1.2342,1.2984,1.1942,1.3017,1.2908,1.2699,1.4810,1.4907,1.4931,1.4867,1.4522,1.3840,1.4581,1.4202,1.4614,1.4205,1.4553,1.3895,1.3906,1.4212,1.4603,1.5361,1.4855,1.4870,1.5224,1.4582,1.4996,1.5080,1.5116,0,1.0000,4.2540,-2.8602,2.9891
52,0.1040,-0.9141,0.6640,1.2529,4.2540,-2.8602,1.9885,0.1217,0.1907,0.0001,1.0269,1.0000,0.0004,0.0042,0.0001,-0.0001,-0.0080,-0.0011,-0.0025,0.0022,0.0007,0.0001,-0.0080,-0.0010,-0.0024,0.0024,-0.0015,-0.0000,0.0248,-0.0011,-0.0006,0.0322,0.0005,0.0029,-0.0000,0.0248,0.0016,0.0005,0.0319,0.0005,0.0026,0.0000,0.0117,-0.0004,0.0044,-0.0052,0.1410,0.0009,-0.0014,-0.1283,0.0013,-0.0532,0.0405,0.1007,0.0010,-0.1208,0.0108,-0.0589,-0.0178,-0.0921,0.0035,0.3667,-0.0142,0.0030,0.2302,0.0091,0.0348,-0.0004,0.3702,0.0073,0.0049,0.2451,0.0095,0.0321,0.0004,-1.0000,-1.0000,-1.0000,-1.0000,-1.0000,-1.0000,-1.0000,-1.0000,-1.0000,-1.0000,-1.0000,-1.0000,-1.0000,-1.0000,-1.0000,-1.0000,-1.0000,-1.0000,-1.0000,-1.0000,-1.0000,-1.0000,-1.0000,-1.0000,-1.0000,-1.0000,-1.0000,-1.0000,-1.0000,-1.0000,-1.0000,-1.0000,-1.0000,-1.0000,-1.0000,-1.0000,-1.0000,-1.0000,-1.0000,-1.0000,-1.0000,-1.0000,-1.0000,-1.0000,-1.0000,-1.0000,-1.0000,-1.0000,-1.0000,-1.0000,-1.0000,-1.0000,-1.0000,-1.0000,-1.0000,-1.0000,-1.0000,-1.0000,-1.0000,-1.0000,-1.0000,-1.0000,-1.0000,-1.0000,-1.0000,-1.0000,-1.0000,-1.0000,-1.0000,-1.0000,-1.0000,-1.0000,-1.0000,-1.0000,-1.0000,-1.0000,-1.0000,-1.0000,-1.0000,-1.0000,-1.0000,-1.0000,-1.0000,-1.0000,-1.0000,-1.0000,-1.0000,-1.0000,-1.0000,-1.0000,-1.0000,-1.0000,-1.0000,-1.0000,-1.0000,-1.0000,-1.0000,-1.0000,-1.0000,-1.0000,-1.0000,-1.0000,-1.0000,-1.0000,-1.0000,-1.0000,-1.0000,-1.0000,-1.0000,-1.0000,-1.0000,-1.0000,-1.0000,-1.0000,-1.0000,-1.0000,-1.0000,-1.0000,-1.0000,-1.0000,-1.0000,1.4549,1.4967,1.4592,1.4062,1.4934,1.4211,1.1963,1.3820,1.3696,1.2421,1.3447,1.3782,1.2118,1.3942,1.2408,1.2602,1.3503,1.2541,1.2798,1.2648,1.2569,1.2660,1.1613,1.1789,1.2490,1.2376,1.1569,1.1936,1.1545,1.2154,1.1649,1.1872,1.2856,1.2190,1.2246,1.2886,1.1845,1.2919,1.2813,1.2603,1.4706,1.4801,1.4826,1.4762,1.4417,1.3736,1.4477,1.4097,1.4511,1.4102,1.4451,1.3793,1.3803,1.4110,1.4503,1.5261,1.4755,1.4771,1.5123,1.4482,1.4895,1.4981,1.5016,0,1.0000,4.2540,-2.8602,2.9891
53,0.1060,-0.9056,0.6583,1.2568,4.2540,-2.8602,1.9689,0.1217,0.1907,0.0001,1.0269,1.0000,0.0004,0.0043,0.0001,-0.0001,-0.0083,-0.0011,-0.0026,0.0023,0.0006,0.0001,-0.0082,-0.0010,-0.0026,0.0023,-0.0018,-0.0000,0.0256,-0.0011,-0.0006,0.0327,0.0005,0.0029,-0.0000,0.0255,0.0016,0.0005,0.0324,0.0005,0.0027,0.0000,0.0117,-0.0007,0.0026,-0.0152,0.1417,0.0008,-0.0005,-0.1280,0.0214,-0.0542,0.0326,-0.0617,0.0009,-0.1181,0.0253,-0.0622,-0.0430,-0.1378,0.0047,0.3630,-0.0176,0.0046,0.2122,0.0093,0.0345,-0.0004,0.3692,0.0025,0.0055,0.2340,0.0097,0.0308,0.0004,-1.0000,-1.0000,-1.0000,-1.0000,-1.0000,-1.0000,-1.0000,-1.0000,-1.0000,-1.0000,-1.0000,-1.0000,-1.0000,-1.0000,-1.0000,-1.0000,-1.0000,-1.0000,-1.0000,-1.0000,-1.0000,-1.0000,-1.0000,-1.0000,-1.0000,-1.0000,-1.0000,-1.0000,-1.0000,-1.0000,-1.0000,-1.0000,-1.0000,-1.0000,-1.0000,-1.0000,-1.0000,-1.0000,-1.0000,-1.0000,-1.0000,-1.0000,-1.0000,-1.0000,-1.0000,-1.0000,-1.0000,-1.0000,-1.0000,-1.0000,-1.0000,-1.0000,-1.0000,-1.0000,-1.0000,-1.0000,-1.0000,-1.0000,-1.0000,-1.0000,-1.0000,-1.0000,-1.0000,-1.0000,-1.0000,-1.0000,-1.0000,-1.0000,-1.0000,-1.0000,-1.0000,-1.0000,-1.0000,-1.0000,-1.0000,-1.0000,-1.0000,-1.0000,-1.0000,-1.0000,-1.0000,-1.0000,-1.0000,-1.0000,-1.0000,-1.0000,-1.0000,-1.0000,-1.0000,-1.0000,-1.0000,-1.0000,-1.0000,-1.0000,-1.0000,-1.0000,-1.0000,-1.0000,-1.0000,-1.0000,-1.0000,-1.0000,-1.0000,-1.0000,-1.0000,-1.0000,-1.0000,-1.0000,-1.0000,-1.0000,-1.0000,-1.0000,-1.0000,-1.0000,-1.0000,-1.0000,-1.0000,-1.0000,-1.0000,-1.0000,-1.0000,1.4441,1.4859,1.4484,1.3954,1.4826,1.4103,1.1862,1.3719,1.3591,1.2316,1.3347,1.3675,1.2012,1.3838,1.2306,1.2496,1.3400,1.2438,1.2693,1.2544,1.2466,1.2556,1.1510,1.1687,1.2387,1.2276,1.1468,1.1836,1.1444,1.2051,1.1549,1.1776,1.2760,1.2093,1.2150,1.2789,1.1748,1.2821,1.2717,1.2507,1.4601,1.4695,1.4720,1.4657,1.4312,1.3632,1.4373,1.3993,1.4409,1.3999,1.4348,1.3690,1.3699,1.4009,1.4404,1.5161,1.4654,1.4672,1.5023,1.4382,1.4794,1.4882,1.4917,0,1.0000,4.2540,-2.8602,2.9891
53,0.1060,-0.9056,0.6583,1.2568,4.2540,-2.8602,1.9689,0.1217,0.1907,0.0001,1.0269,1.0000,0.0004,0.0043,0.0001,-0.0001,-0.0083,-0.0011,-0.0026,0.0023,0.0006,0.0001,-0.0082,-0.0010,-0.0026,0.0023,-0.0018,-0.0000,0.0256,-0.0011,-0.0006,0.0327,0.0005,0.0029,-0.0000,0.0255,0.0016,0.0005,0.0324,0.0005,0.0027,0.0000,0.0117,-0.0007,0.0026,-0.0152,0.1417,0.0008,-0.0005,-0.1280,0.0214,-0.0542,0.0326,-0.0617,0.0009,-0.1181,0.0253,-0.0622,-0.0430,-0.1378,0.0047,0.3630,-0.0176,0.0046,0.2122,0.0093,0.0345,-0.0004,0.3692,0.0025,0.0055,0.2340,0.0097,0.0308,0.0004,-1.0000,-1.0000,-1.0000,-1.0000,-1.0000,-1.0000,-1.0000,-1.0000,-1.0000,-1.0000,-1.0000,-1.0000,-1.0000,-1.0000,-1.0000,-1.0000,-1.0000,-1.0000,-1.0000,-1.0000,-1.0000,-1.0000,-1.0000,-1.0000,-1.0000,-1.0000,-1.0000,-1.0000,-1.0000,-1.0000,-1.0000,-1.0000,-1.0000,-1.0000,-1.0000,-1.0000,-1.0000,-1.0000,-1.0000,-1.0000,-1.0000,-1.0000,-1.0000,-1.0000,-1.0000,-1.0000,-1.0000,-1.0000,-1.0000,-1.0000,-1.0000,-1.0000,-1.0000,-1.0000,-1.0000,-1.0000,-1.0000,-1.0000,-1.0000,-1.0000,-1.0000,-1.0000,-1.0000,-1.0000,-1.0000,-1.0000,-1.0000,-1.0000,-1.0000,-1.0000,-1.0000,-1.0000,-1.0000,-1.0000,-1.0000,-1.0000,-1.0000,-1.0000,-1.0000,-1.0000,-1.0000,-1.0000,-1.0000,-1.0000,-1.0000,-1.0000,-1.0000,-1.0000,-1.0000,-1.0000,-1.0000,-1.0000,-1.0000,-1.0000,-1.0000,-1.0000,-1.0000,-1.0000,-1.0000,-1.0000,-1.0000,-1.0000,-1.0000,-1.0000,-1.0000,-1.0000,-1.0000,-1.0000,-1.0000,-1.0000,-1.0000,-1.0000,-1.0000,-1.0000,-1.0000,-1.0000,-1.0000,-1.0000,-1.0000,-1.0000,-1.0000,1.4441,1.4859,1.4484,1.3954,1.4826,1.4103,1.1862,1.3719,1.3591,1.2316,1.3347,1.3675,1.2012,1.3838,1.2306,1.2496,1.3400,1.2438,1.2693,1.2544,1.2466,1.2556,1.1510,1.1687,1.2387,1.2276,1.1468,1.1836,1.1444,1.2051,1.1549,1.1776,1.2760,1.2093,1.2150,1.2789,1.1748,1.2821,1.2717,1.2507,1.4601,1.4695,1.4720,1.4657,1.4312,1.3632,1.4373,1.3993,1.4409,1.3999,1.4348,1.3690,1.3699,1.4009,1.4404,1.5161,1.4654,1.4672,1.5023,1.4382,1.4794,1.4882,1.4917,0,1.0000,4.2540,-2.8602,2.9891
54,0.1080,-0.8971,0.6526,1.2607,4.2540,-2.8602,1.9492,0.1217,0.1907,0.0001,1.0269,1.0000,0.0004,0.0045,0.0001,-0.0001,-0.0085,-0.0010,-0.0027,0.0023,0.0002,0.0001,-0.0085,-0.0009,-0.0027,0.0022,-0.0016,-0.0000,0.0263,-0.0011,-0.0006,0.0330,0.0005,0.0030,-0.0000,0.0262,0.0016,0.0005,0.0328,0.0005,0.0027,0.0000,0.0118,-0.0008,-0.0013,-0.0175,0.1418,0.0009,0.0004,-0.1271,0.0323,-0.0552,0.0258,-0.2266,0.0006,-0.1187,0.0186,-0.0623,-0.0343,0.0589,0.0048,0.3588,-0.0173,0.0053,0.1936,0.0094,0.0341,-0.0004,0.3656,0.0010,0.0051,0.2166,0.0099,0.0292,0.0004,-1.0000,-1.0000,-1.0000,-1.0000,-1.0000,-1.0000,-1.0000,-1.0000,-1.0000,-1.0000,-1.0000,-1.0000,-1.0000,-1.0000,-1.0000,-1.0000,-1.0000,-1.0000,-1.0000,-1.0000,-1.0000,-1.0000,-1.0000,-1.0000,-1.0000,-1.0000,-1.0000,-1.0000,-1.0000,-1.0000,-1.0000,-1.0000,-1.0000,-1.0000,-1.0000,-1.0000,-1.0000,-1.0000,-1.0000,-1.0000,-1.0000,-1.0000,-1.0000,-1.0000,-1.0000,-1.0000,-1.0000,-1.0000,-1.0000,-1.0000,-1.0000,-1.0000,-1.0000,-1.0000,-1.0000,-1.0000,-1.0000,-1.0000,-1.0000,-1.0000,-1.0000,-1.0000,-1.0000,-1.0000,-1.0000,-1.0000,-1.0000,-1.0000,-1.0000,-1.0000,-1.0000,-1.0000,-1.0000,-1.0000,-1.0000,-1.0000,-1.0000,-1.0000,-1.0000,-1.0000,-1.0000,-1.0000,-1.0000,-1.0000,-1.0000,-1.0000,-1.0000,-1.0000,-1.0000,-1.0000,-1.0000,-1.0000,-1.0000,-1.0000,-1.0000,-1.0000,-1.0000,-1.0000,-1.0000,-1.0000,-1.0000,-1.0000,-1.0000,-1.0000,-1.0000,-1.0000,-1.0000,-1.0000,-1.0000,-1.0000,-1.0000,-1.0000,-1.0000,-1.0000,-1.0000,-1.0000,-1.0000,-1.0000,-1.0000,-1.0000,-1.0000,1.4333,1.4751,1.4376,1.3846,1.4718,1.3996,1.1761,1.3617,1.3486,1.2212,1.3247,1.3568,1.1907,1.3734,1.2205,1.2390,1.3297,1.2336,1.2589,1.2441,1.2363,1.2453,1.1406,1.1585,1.2284,1.2176,1.1367,1.1736,1.1344,1.1949,1.1450,1.1680,1.2663,1.1996,1.2054,1.2691,1.1651,1.2723,1.2621,1.2411,1.4497,1.4589,1.4615,1.4552,1.4207,1.3528,1.4269,1.3888,1.4307,1.3896,1.4246,1.3588,1.3596,1.3908,1.4305,1.5061,1.4554,1.4573,1.4922,1.4282,1.4693,1.4783,1.4818,0,1.0000,4.2540,-2.8602,2.9891
54,0.1080,-0.8971,0.6526,1.2607,4.2540,-2.8602,1.9492,0.1217,0.1907,0.0001,1.0269,1.0000,0.0004,0.0045,0.0001,-0.0001,-0.0085,-0.0010,-0.0027,0.0023,0.0002,0.0001,-0.0085,-0.0009,-0.0027,0.0022,-0.0016,-0.0000,0.0263,-0.0011,-0.0006,0.0330,0.0005,0.0030,-0.0000,0.0262,0.0016,0.0005,0.0328,0.0005,0.0027,0.0000,0.0118,-0.0008,-0.0013,-0.0175,0.1418,0.0009,0.0004,-0.1271,0.0323,-0.0552,0.0258,-0.2266,0.0006,-0.1187,0.0186,-0.0623,-0.0343,0.0589,0.0048,0.3588,-0.0173,0.0053,0.1936,0.0094,0.0341,-0.0004,0.3656,0.0010,0.0051,0.2166,0.0099,0.0292,0.0004,-1.0000,-1.0000,-1.0000,-1.0000,-1.0000,-1.0000,-1.0000,-1.0000,-1.0000,-1.0000,-1.0000,-1.0000,-1.0000,-1.0000,-1.0000,-1.0000,-1.0000,-1.0000,-1.0000,-1.0000,-1.0000,-1.0000,-1.0000,-1.0000,-1.0000,-1.0000,-1.0000,-1.0000,-1.0000,-1.0000,-1.0000,-1.0000,-1.0000,-1.0000,-1.0000,-1.0000,-1.0000,-1.0000,-1.0000,-1.0000,-1.0000,-1.0000,-1.0000,-1.0000,-1.0000,-1.0000,-1.0000,-1.0000,-1.0000,-1.0000,-1.0000,-1.0000,-1.0000,-1.0000,-1.0000,-1.0000,-1.0000,-1.0000,-1.0000,-1.0000,-1.0000,-1.0000,-1.0000,-1.0000,-1.0000,-1.0000,-1.0000,-1.0000,-1.0000,-1.0000,-1.0000,-1.0000,-1.0000,-1.0000,-1.0000,-1.0000,-1.0000,-1.0000,-1.0000,-1.0000,-1.0000,-1.0000,-1.0000,-1.0000,-1.0000,-1.0000,-1.0000,-1.0000,-1.0000,-1.0000,-1.0000,-1.0000,-1.0000,-1.0000,-1.0000,-1.0000,-1.0000,-1.0000,-1.0000,-1.0000,-1.0000,-1.0000,-1.0000,-1.0000,-1.0000,-1.0000,-1.0000,-1.0000,-1.0000,-1.0000,-1.0000,-1.0000,-1.0000,-1.0000,-1.0000,-1.0000,-1.0000,-1.0000,-1.0000,-1.0000,-1.0000,1.4333,1.4751,1.4376,1.3846,1.4718,1.3996,1.1761,1.3617,1.3486,1.2212,1.3247,1.3568,1.1907,1.3734,1.2205,1.2390,1.3297,1.2336,1.2589,1.2441,1.2363,1.2453,1.1406,1.1585,1.2284,1.2176,1.1367,1.1736,1.1344,1.1949,1.1450,1.1680,1.2663,1.1996,1.2054,1.2691,1.1651,1.2723,1.2621,1.2411,1.4497,1.4589,1.4615,1.4552,1.4207,1.3528,1.4269,1.3888,1.4307,1.3896,1.4246,1.3588,1.3596,1.3908,1.4305,1.5061,1.4554,1.4573,1.4922,1.4282,1.4693,1.4783,1.4818,0,1.0000,4.2540,-2.8602,2.9891
55,0.1100,-0.8886,0.6469,1.2646,4.2540,-2.8602,1.9296,0.1217,0.1907,0.0001,1.0269,1.0000,0.0004,0.0046,0.0001,-0.0001,-0.0088,-0.0009,-0.0028,0.0023,-0.0004,0.0001,-0.0087,-0.0009,-0.0028,0.0022,-0.0015,0.0000,0.0270,-0.0012,-0.0006,0.0334,0.0005,0.0031,-0.0000,0.0270,0.0016,0.0005,0.0332,0.0005,0.0028,0.0000,0.0119,-0.0010,0.0005,-0.0224,0.1431,0.0008,0.0002,-0.1242,0.0401,-0.0588,-0.0070,-0.2588,0.0003,-0.1223,0.0231,-0.0613,-0.0098,0.0909,0.0053,0.3567,-0.0181,0.0061,0.1841,0.0096,0.0339,-0.0004,0.3647,-0.0013,0.0050,0.2099,0.0101,0.0280,0.0004,-1.0000,-1.0000,-1.0000,-1.0000,-1.0000,-1.0000,-1.0000,-1.0000,-1.0000,-1.0000,-1.0000,-1.0000,-1.0000,-1.0000,-1.0000,-1.0000,-1.0000,-1.0000,-1.0000,-1.0000,-1.0000,-1.0000,-1.0000,-1.0000,-1.0000,-1.0000,-1.0000,-1.0000,-1.0000,-1.0000,-1.0000,-1.0000,-1.0000,-1.0000,-1.0000,-1.0000,-1.0000,-1.0000,-1.0000,-1.0000,-1.0000,-1.0000,-1.0000,-1.0000,-1.0000,-1.0000,-1.0000,-1.0000,-1.0000,-1.0000,-1.0000,-1.0000,-1.0000,-1.0000,-1.0000,-1.0000,-1.0000,-1.0000,-1.0000,-1.0000,-1.0000,-1.0000,-1.0000,-1.0000,-1.0000,-1.0000,-1.0000,-1.0000,-1.0000,-1.0000,-1.0000,-1.0000,-1.0000,-1.0000,-1.0000,-1.0000,-1.0000,-1.0000,-1.0000,-1.0000,-1.0000,-1.0000,-1.0000,-1.0000,-1.0000,-1.0000,-1.0000,-1.0000,-1.0000,-1.0000,-1.0000,-1.0000,-1.0000,-1.0000,-1.0000,-1.0000,-1.0000,-1.0000,-1.0000,-1.0000,-1.0000,-1.0000,-1.0000,-1.0000,-1.0000,-1.0000,-1.0000,-1.0000,-1.0000,-1.0000,-1.0000,-1.0000,-1.0000,-1.0000,-1.0000,-1.0000,-1.0000,-1.0000,-1.0000,-1.0000,-1.0000,1.4226,1.4644,1.4269,1.3739,1.4610,1.3889,1.1661,1.3515,1.3381,1.2108,1.3147,1.3462,1.1801,1.3630,1.2103,1.2284,1.3195,1.2234,1.2485,1.2337,1.2261,1.2350,1.1303,1.1484,1.2181,1.2076,1.1266,1.1636,1.1243,1.1847,1.1351,1.1584,1.2567,1.1899,1.1959,1.2594,1.1554,1.2625,1.2526,1.2316,1.4393,1.4484,1.4510,1.4447,1.4102,1.3424,1.4165,1.3784,1.4205,1.3793,1.4144,1.3486,1.3492,1.3807,1.4206,1.4961,1.4454,1.4474,1.4822,1.4182,1.4593,1.4684,1.4719,0,1.0000,4.2540,-2.8602,2.9891
56,0.1120,-0.8801,0.6412,1.2684,4.2540,-2.8602,1.9100,0.1217,0.1908,0.0001,1.0269,1.0000,0.0003,0.0048,0.0001,-0.0001,-0.0090,-0.0008,-0.0029,0.0023,-0.0007,0.0001,-0.0090,-0.0008,-0.0029,0.0022,-0.0012,0.0000,0.0277,-0.0012,-0.0006,0.0338,0.0006,0.0032,-0.0000,0.0277,0.0016,0.0005,0.0336,0.0006,0.0028,0.0000,0.0120,-0.0011,0.0030,-0.0214,0.1442,0.0009,-0.0002,-0.1266,0.0355,-0.0586,0.0094,-0.1837,0.0000,-0.1253,0.0207,-0.0605,0.0100,0.1157,0.0050,0.3552,-0.0166,0.0061,0.1778,0.0098,0.0339,-0.0004,0.3628,-0.0011,0.0042,0.2023,0.0102,0.0268,0.0004,-1.0000,-1.0000,-1.0000,-1.0000,-1.0000,-1.0000,-1.0000,-1.0000,-1.0000,-1.0000,-1.0000,-1.0000,-1.0000,-1.0000,-1.0000,-1.0000,-1.0000,-1.0000,-1.0000,-1.0000,-1.0000,-1.0000,-1.0000,-1.0000,-1.0000,-1.0000,-1.0000,-1.0000,-1.0000,-1.0000,-1.0000,-1.0000,-1.0000,-1.0000,-1.0000,-1.0000,-1.0000,-1.0000,-1.0000,-1.0000,-1.0000,-1.0000,-1.0000,-1.0000,-1.0000,-1.0000,-1.0000,-1.0000,-1.0000,-1.0000,-1.0000,-1.0000,-1.0000,-1.0000,-1.0000,-1.0000,-1.0000,-1.0000,-1.0000,-1.0000,-1.0000,-1.0000,-1.0000,-1.0000,-1.0000,-1.0000,-1.0000,-1.0000,-1.0000,-1.0000,-1.0000,-1.0000,-1.0000,-1.0000,-1.0000,-1.0000,-1.0000,-1.0000,-1.0000,-1.0000,-1.0000,-1.0000,-1.0000,-1.0000,-1.0000,-1.0000,-1.0000,-1.0000,-1.0000,-1.0000,-1.0000,-1.0000,-1.0000,-1.0000,-1.0000,-1.0000,-1.0000,-1.0000,-1.0000,-1.0000,-1.0000,-1.0000,-1.0000,-1.0000,-1.0000,-1.0000,-1.0000,-1.0000,-1.0000,-1.0000,-1.0000,-1.0000,-1.0000,-1.0000,-1.0000,-1.0000,-1.0000,-1.0000,-1.0000,-1.0000,-1.0000,1.4118,1.4536,1.4161,1.3631,1.4502,1.3782,1.1561,1.3414,1.3276,1.2004,1.3048,1.3355,1.1696,1.3526,1.2002,1.2178,1.3092,1.2132,1.2381,1.2234,1.2158,1.2246,1.1200,1.1382,1.2078,1.1976,1.1165,1.1536,1.1142,1.1745,1.1252,1.1489,1.2472,1.1802,1.1864,1.2497,1.1458,1.2527,1.2431,1.2221,1.4289,1.4378,1.4404,1.4342,1.3998,1.3320,1.4062,1.3680,1.4103,1.3691,1.4042,1.3384,1.3389,1.3706,1.4107,1.4861,1.4354,1.4376,1.4721,1.4083,1.4492,1.4586,1.4620,0,1.0000,4.2540,-2.8602,2.9891
56,0.1120,-0.8801,0.6412,1.2684,4.2540,-2.8602,1.9100,0.1217,0.1908,0.0001,1.0269,1.0000,0.0003,0.0048,0.0001,-0.0001,-0.0090,-0.0008,-0.0029,0.0023,-0.0007,0.0001,-0.0090,-0.0008,-0.0029,0.0022,-0.0012,0.0000,0.0277,-0.0012,-0.0006,0.0338,0.0006,0.0032,-0.0000,0.0277,0.0016,0.0005,0.0336,0.0006,0.0028,0.0000,0.0120,-0.0011,0.0030,-0.0214,0.1442,0.0009,-0.0002,-0.1266,0.0355,-0.0586,0.0094,-0.1837,0.0000,-0.1253,0.0207,-0.0605,0.0100,0.1157,0.0050,0.3552,-0.0166,0.0061,0.1778,0.0098,0.0339,-0.0004,0.3628,-0.0011,0.0042,0.2023,0.0102,0.0268,0.0004,-1.0000,-1.0000,-1.0000,-1.0000,-1.0000,-1.0000,-1.0000,-1.0000,-1.0000,-1.0000,-1.0000,-1.0000,-1.0000,-1.0000,-1.0000,-1.0000,-1.0000,-1.0000,-1.0000,-1.0000,-1.0000,-1.0000,-1.0000,-1.0000,-1.0000,-1.0000,-1.0000,-1.0000,-1.0000,-1.0000,-1.0000,-1.0000,-1.0000,-1.0000,-1.0000,-1.0000,-1.0000,-1.0000,-1.0000,-1.0000,-1.0000,-1.0000,-1.0000,-1.0000,-1.0000,-1.0000,-1.0000,-1.0000,-1.0000,-1.0000,-1.0000,-1.0000,-1.0000,-1.0000,-1.0000,-1.0000,-1.0000,-1.0000,-1.0000,-1.0000,-1.0000,-1.0000,-1.0000,-1.0000,-1.0000,-1.0000,-1.0000,-1.0000,-1.0000,-1.0000,-1.0000,-1.0000,-1.0000,-1.0000,-1.0000,-1.0000,-1.0000,-1.0000,-1.0000,-1.0000,-1.0000,-1.0000,-1.0000,-1.0000,-1.0000,-1.0000,-1.0000,-1.0000,-1.0000,-1.0000,-1.0000,-1.0000,-1.0000,-1.0000,-1.0000,-1.0000,-1.0000,-1.0000,-1.0000,-1.0000,-1.0000,-1.0000,-1.0000,-1.0000,-1.0000,-1.0000,-1.0000,-1.0000,-1.0000,-1.0000,-1.0000,-1.0000,-1.0000,-1.0000,-1.0000,-1.0000,-1.0000,-1.0000,-1.0000,-1.0000,-1.0000,1.4118,1.4536,1.4161,1.3631,1.4502,1.3782,1.1561,1.3414,1.3276,1.2004,1.3048,1.3355,1.1696,1.3526,1.2002,1.2178,1.3092,1.2132,1.2381,1.2234,1.2158,1.2246,1.1200,1.1382,1.2078,1.1976,1.1165,1.1536,1.1142,1.1745,1.1252,1.1489,1.2472,1.1802,1.1864,1.2497,1.1458,1.2527,1.2431,1.2221,1.4289,1.4378,1.4404,1.4342,1.3998,1.3320,1.4062,1.3680,1.4103,1.3691,1.4042,1.3384,1.3389,1.3706,1.4107,1.4861,1.4354,1.4376,1.4721,1.4083,1.4492,1.4586,1.4620,0,1.0000,4.2540,-2.8602,2.9891
57,0.1140,-0.8716,0.6354,1.2722,4.2540,-2.8602,1.8904,0.1217,0.1908,0.0001,1.0269,1.0000,0.0003,0.0049,0.0001,-0.0001,-0.0093,-0.0008,-0.0030,0.0024,-0.0010,0.0001,-0.0092,-0.0008,-0.0030,0.0023,-0.0010,0.0000,0.0284,-0.0012,-0.0005,0.0341,0.0006,0.0032,-0.0000,0.0284,0.0016,0.0005,0.0340,0.0006,0.0029,0.0000,0.0121,-0.0011,0.0050,-0.0204,0.1450,0.0010,-0.0005,-0.1287,0.0313,-0.0584,0.0233,-0.1193,-0.0002,-0.1278,0.0186,-0.0598,0.0264,0.1355,0.0047,0.3531,-0.0150,0.0062,0.1706,0.0099,0.0338,-0.0004,0.3604,-0.0011,0.0033,0.1937,0.0104,0.0256,0.0004,-1.0000,-1.0000,-1.0000,-1.0000,-1.0000,-1.0000,-1.0000,-1.0000,-1.0000,-1.0000,-1.0000,-1.0000,-1.0000,-1.0000,-1.0000,-1.0000,-1.0000,-1.0000,-1.0000,-1.0000,-1.0000,-1.0000,-1.0000,-1.0000,-1.0000,-1.0000,-1.0000,-1.0000,-1.0000,-1.0000,-1.0000,-1.0000,-1.0000,-1.0000,-1.0000,-1.0000,-1.0000,-1.0000,-1.0000,-1.0000,-1.0000,-1.0000,-1.0000,-1.0000,-1.0000,-1.0000,-1.0000,-1.0000,-1.0000,-1.0000,-1.0000,-1.0000,-1.0000,-1.0000,-1.0000,-1.0000,-1.0000,-1.0000,-1.0000,-1.0000,-1.0000,-1.0000,-1.0000,-1.0000,-1.0000,-1.0000,-1.0000,-1.0000,-1.0000,-1.0000,-1.0000,-1.0000,-1.0000,-1.0000,-1.0000,-1.0000,-1.0000,-1.0000,-1.0000,-1.0000,-1.0000,-1.0000,-1.0000,-1.0000,-1.0000,-1.0000,-1.0000,-1.0000,-1.0000,-1.0000,-1.0000,-1.0000,-1.0000,-1.0000,-1.0000,-1.0000,-1.0000,-1.0000,-1.0000,-1.0000,-1.0000,-1.0000,-1.0000,-1.0000,-1.0000,-1.0000,-1.0000,-1.0000,-1.0000,-1.0000,-1.0000,-1.0000,-1.0000,-1.0000,-1.0000,-1.0000,-1.0000,-1.0000,-1.0000,-1.0000,-1.0000,1.4011,1.4429,1.4053,1.3524,1.4395,1.3675,1.1461,1.3312,1.3171,1.1900,1.2948,1.3248,1.1591,1.3422,1.1900,1.2072,1.2990,1.2030,1.2278,1.2131,1.2056,1.2143,1.1097,1.1281,1.1975,1.1877,1.1064,1.1437,1.1042,1.1643,1.1154,1.1394,1.2376,1.1706,1.1770,1.2401,1.1361,1.2430,1.2337,1.2126,1.4185,1.4272,1.4299,1.4238,1.3893,1.3216,1.3958,1.3576,1.4001,1.3588,1.3940,1.3283,1.3286,1.3605,1.4009,1.4762,1.4254,1.4277,1.4621,1.3983,1.4392,1.4488,1.4521,0,1.0000,4.2540,-2.8602,2.9891
57,0.1140,-0.8716,0.6354,1.2722,4.2540,-2.8602,1.8904,0.1217,0.1908,0.0001,1.0269,1.0000,0.0003,0.0049,0.0001,-0.0001,-0.0093,-0.0008,-0.0030,0.0024,-0.0010,0.0001,-0.0092,-0.0008,-0.0030,0.0023,-0.0010,0.0000,0.0284,-0.0012,-0.0005,0.0341,0.0006,0.0032,-0.0000,0.0284,0.0016,0.0005,0.0340,0.0006,0.0029,0.0000,0.0121,-0.0011,0.0050,-0.0204,0.1450,0.0010,-0.0005,-0.1287,0.0313,-0.0584,0.0233,-0.1193,-0.0002,-0.1278,0.0186,-0.0598,0.0264,0.1355,0.0047,0.3531,-0.0150,0.0062,0.1706,0.0099,0.0338,-0.0004,0.3604,-0.0011,0.0033,0.1937,0.0104,0.0256,0.0004,-1.0000,-1.0000,-1.0000,-1.0000,-1.0000,-1.0000,-1.0000,-1.0000,-1.0000,-1.0000,-1.0000,-1.0000,-1.0000,-1.0000,-1.0000,-1.0000,-1.0000,-1.0000,-1.0000,-1.0000,-1.0000,-1.0000,-1.0000,-1.0000,-1.0000,-1.0000,-1.0000,-1.0000,-1.0000,-1.0000,-1.0000,-1.0000,-1.0000,-1.0000,-1.0000,-1.0000,-1.0000,-1.0000,-1.0000,-1.0000,-1.0000,-1.0000,-1.0000,-1.0000,-1.0000,-1.0000,-1.0000,-1.0000,-1.0000,-1.0000,-1.0000,-1.0000,-1.0000,-1.0000,-1.0000,-1.0000,-1.0000,-1.0000,-1.0000,-1.0000,-1.0000,-1.0000,-1.0000,-1.0000,-1.0000,-1.0000,-1.0000,-1.0000,-1.0000,-1.0000,-1.0000,-1.0000,-1.0000,-1.0000,-1.0000,-1.0000,-1.0000,-1.0000,-1.0000,-1.0000,-1.0000,-1.0000,-1.0000,-1.0000,-1.0000,-1.0000,-1.0000,-1.0000,-1.0000,-1.0000,-1.0000,-1.0000,-1.0000,-1.0000,-1.0000,-1.0000,-1.0000,-1.0000,-1.0000,-1.0000,-1.0000,-1.0000,-1.0000,-1.0000,-1.0000,-1.0000,-1.0000,-1.0000,-1.0000,-1.0000,-1.0000,-1.0000,-1.0000,-1.0000,-1.0000,-1.0000,-1.0000,-1.0000,-1.0000,-1.0000,-1.0000,1.4011,1.4429,1.4053,1.3524,1.4395,1.3675,1.1461,1.3312,1.3171,1.1900,1.2948,1.3248,1.1591,1.3422,1.1900,1.2072,1.2990,1.2030,1.2278,1.2131,1.2056,1.2143,1.1097,1.1281,1.1975,1.1877,1.1064,1.1437,1.1042,1.1643,1.1154,1.1394,1.2376,1.1706,1.1770,1.2401,1.1361,1.2430,1.2337,1.2126,1.4185,1.4272,1.4299,1.4238,1.3893,1.3216,1.3958,1.3576,1.4001,1.3588,1.3940,1.3283,1.3286,1.3605,1.4009,1.4762,1.4254,1.4277,1.4621,1.3983,1.4392,1.4488,1.4521,0,1.0000,4.2540,-2.8602,2.9891
58,0.1160,-0.8631,0.6297,1.2759,4.2540,-2.8602,1.8708,0.1217,0.1908,0.0001,1.0269,1.0000,0.0003,0.0050,0.0001,-0.0001,-0.0096,-0.0007,-0.0031,0.0028,-0.0012,0.0001,-0.0095,-0.0008,-0.0031,0.0027,-0.0007,0.0000,0.0291,-0.0013,-0.0005,0.0344,0.0006,0.0033,-0.0000,0.0291,0.0016,0.0005,0.0343,0.0006,0.0029,0.0000,0.0122,-0.0011,-0.0056,-0.0202,0.1417,0.0011,-0.0004,-0.1459,0.0301,-0.0427,0.2092,-0.0961,-0.0001,-0.1446,0.0192,-0.0443,0.2088,0.1208,0.0044,0.3447,-0.0135,0.0066,0.1430,0.0100,0.0329,-0.0004,0.3517,-0.0020,0.0023,0.1653,0.0104,0.0237,0.0004,-1.0000,-1.0000,-1.0000,-1.0000,-1.0000,-1.0000,-1.0000,-1.0000,-1.0000,-1.0000,-1.0000,-1.0000,-1.0000,-1.0000,-1.0000,-1.0000,-1.0000,-1.0000,-1.0000,-1.0000,-1.0000,-1.0000,-1.0000,-1.0000,-1.0000,-1.0000,-1.0000,-1.0000,-1.0000,-1.0000,-1.0000,-1.0000,-1.0000,-1.0000,-1.0000,-1.0000,-1.0000,-1.0000,-1.0000,-1.0000,-1.0000,-1.0000,-1.0000,-1.0000,-1.0000,-1.0000,-1.0000,-1.0000,-1.0000,-1.0000,-1.0000,-1.0000,-1.0000,-1.0000,-1.0000,-1.0000,-1.0000,-1.0000,-1.0000,-1.0000,-1.0000,-1.0000,-1.0000,-1.0000,-1.0000,-1.0000,-1.0000,-1.0000,-1.0000,-1.0000,-1.0000,-1.0000,-1.0000,-1.0000,-1.0000,-1.0000,-1.0000,-1.0000,-1.0000,-1.0000,-1.0000,-1.0000,-1.0000,-1.0000,-1.0000,-1.0000,-1.0000,-1.0000,-1.0000,-1.0000,-1.0000,-1.0000,-1.0000,-1.0000,-1.0000,-1.0000,-1.0000,-1.0000,-1.0000,-1.0000,-1.0000,-1.0000,-1.0000,-1.0000,-1.0000,-1.0000,-1.0000,-1.0000,-1.0000,-1.0000,-1.0000,-1.0000,-1.0000,-1.0000,-1.0000,-1.0000,-1.0000,-1.0000,-1.0000,-1.0000,-1.0000,1.3904,1.4322,1.3946,1.3417,1.4287,1.3568,1.1361,1.3211,1.3067,1.1797,1.2849,1.3142,1.1486,1.3318,1.1799,1.1966,1.2888,1.1928,1.2174,1.2029,1.1953,1.2041,1.0995,1.1179,1.1872,1.1777,1.0963,1.1338,1.0942,1.1541,1.1055,1.1299,1.2281,1.1610,1.1675,1.2304,1.1265,1.2333,1.2242,1.2032,1.4081,1.4167,1.4194,1.4133,1.3789,1.3112,1.3855,1.3472,1.3899,1.3486,1.3838,1.3181,1.3183,1.3504,1.3910,1.4663,1.4155,1.4179,1.4521,1.3884,1.4292,1.4389,1.4423,0,1.0000,4.2540,-2.8602,2.9891
59,0.1180,-0.8546,0.6240,1.2796,4.2540,-2.8602,1.8511,0.1217,0.1908,0.0001,1.0269,1.0000,0.0003,0.0052,0.0001,-0.0001,-0.0099,-0.0007,-0.0032,0.0031,-0.0014,0.0001,-0.0098,-0.0007,-0.0032,0.0030,-0.0006,0.0000,0.0298,-0.0013,-0.0005,0.0347,0.0006,0.0034,-0.0000,0.0298,0.0015,0.0005,0.0347,0.0006,0.0030,0.0000,0.0123,-0.0010,-0.0037,-0.0199,0.1427,0.0012,-0.0006,-0.1395,0.0312,-0.0484,0.1446,-0.1294,0.0001,-0.1395,0.0210,-0.0490,0.1546,0.0718,0.0041,0.3418,-0.0127,0.0067,0.1361,0.0101,0.0328,-0.0004,0.3486,-0.0027,0.0015,0.1575,0.0106,0.0225,0.0004,-1.0000,-1.0000,-1.0000,-1.0000,-1.0000,-1.0000,-1.0000,-1.0000,-1.0000,-1.0000,-1.0000,-1.0000,-1.0000,-1.0000,-1.0000,-1.0000,-1.0000,-1.0000,-1.0000,-1.0000,-1.0000,-1.0000,-1.0000,-1.0000,-1.0000,-1.0000,-1.0000,-1.0000,-1.0000,-1.0000,-1.0000,-1.0000,-1.0000,-1.0000,-1.0000,-1.0000,-1.0000,-1.0000,-1.0000,-1.0000,-1.0000,-1.0000,-1.0000,-1.0000,-1.0000,-1.0000,-1.0000,-1.0000,-1.0000,-1.0000,-1.0000,-1.0000,-1.0000,-1.0000,-1.0000,-1.0000,-1.0000,-1.0000,-1.0000,-1.0000,-1.0000,-1.0000,-1.0000,-1.0000,-1.0000,-1.0000,-1.0000,-1.0000,-1.0000,-1.0000,-1.0000,-1.0000,-1.0000,-1.0000,-1.0000,-1.0000,-1.0000,-1.0000,-1.0000,-1.0000,-1.0000,-1.0000,-1.0000,-1.0000,-1.0000,-1.0000,-1.0000,-1.0000,-1.0000,-1.0000,-1.0000,-1.0000,-1.0000,-1.0000,-1.0000,-1.0000,-1.0000,-1.0000,-1.0000,-1.0000,-1.0000,-1.0000,-1.0000,-1.0000,-1.0000,-1.0000,-1.0000,-1.0000,-1.0000,-1.0000,-1.0000,-1.0000,-1.0000,-1.0000,-1.0000,-1.0000,-1.0000,-1.0000,-1.0000,-1.0000,-1.0000,1.3797,1.4215,1.3839,1.3310,1.4180,1.3461,1.1261,1.3110,1.2962,1.1693,1.2749,1.3035,1.1381,1.3215,1.1698,1.1860,1.2785,1.1827,1.2071,1.1926,1.1851,1.1938,1.0892,1.1078,1.1770,1.1678,1.0863,1.1238,1.0842,1.1440,1.0957,1.1204,1.2186,1.1514,1.1581,1.2208,1.1170,1.2236,1.2148,1.1938,1.3977,1.4061,1.4089,1.4029,1.3684,1.3009,1.3751,1.3368,1.3797,1.3384,1.3736,1.3079,1.3080,1.3404,1.3812,1.4563,1.4055,1.4081,1.4421,1.3785,1.4192,1.4291,1.4325,0,1.0000,4.2540,-2.8602,2.9891
59,0.1180,-0.8546,0.6240,1.2796,4.2540,-2.8602,1.8511,0.1217,0.1908,0.0001,1.0269,1.0000,0.0003,0.0052,0.0001,-0.0001,-0.0099,-0.0007,-0.0032,0.0031,-0.0014,0.0001,-0.0098,-0.0007,-0.0032,0.0030,-0.0006,0.0000,0.0298,-0.0013,-0.0005,0.0347,0.0006,0.0034,-0.0000,0.0298,0.0015,0.0005,0.0347,0.0006,0.0030,0.0000,0.0123,-0.0010,-0.0037,-0.0199,0.1427,0.0012,-0.0006,-0.1395,0.0312,-0.0484,0.1446,-0.1294,0.0001,-0.1395,0.0210,-0.0490,0.1546,0.0718,0.0041,0.3418,-0.0127,0.0067,0.1361,0.0101,0.0328,-0.0004,0.3486,-0.0027,0.0015,0.1575,0.0106,0.0225,0.0004,-1.0000,-1.0000,-1.0000,-1.0000,-1.0000,-1.0000,-1.0000,-1.0000,-1.0000,-1.0000,-1.0000,-1.0000,-1.0000,-1.0000,-1.0000,-1.0000,-1.0000,-1.0000,-1.0000,-1.0000,-1.0000,-1.0000,-1.0000,-1.0000,-1.0000,-1.0000,-1.0000,-1.0000,-1.0000,-1.0000,-1.0000,-1.0000,-1.0000,-1.0000,-1.0000,-1.0000,-1.0000,-1.0000,-1.0000,-1.0000,-1.0000,-1.0000,-1.0000,-1.0000,-1.0000,-1.0000,-1.0000,-1.0000,-1.0000,-1.0000,-1.0000,-1.0000,-1.0000,-1.0000,-1.0000,-1.0000,-1.0000,-1.0000,-1.0000,-1.0000,-1.0000,-1.0000,-1.0000,-1.0000,-1.0000,-1.0000,-1.0000,-1.0000,-1.0000,-1.0000,-1.0000,-1.0000,-1.0000,-1.0000,-1.0000,-1.0000,-1.0000,-1.0000,-1.0000,-1.0000,-1.0000,-1.0000,-1.0000,-1.0000,-1.0000,-1.0000,-1.0000,-1.0000,-1.0000,-1.0000,-1.0000,-1.0000,-1.0000,-1.0000,-1.0000,-1.0000,-1.0000,-1.0000,-1.0000,-1.0000,-1.0000,-1.0000,-1.0000,-1.0000,-1.0000,-1.0000,-1.0000,-1.0000,-1.0000,-1.0000,-1.0000,-1.0000,-1.0000,-1.0000,-1.0000,-1.0000,-1.0000,-1.0000,-1.0000,-1.0000,-1.0000,1.3797,1.4215,1.3839,1.3310,1.4180,1.3461,1.1261,1.3110,1.2962,1.1693,1.2749,1.3035,1.1381,1.3215,1.1698,1.1860,1.2785,1.1827,1.2071,1.1926,1.1851,1.1938,1.0892,1.1078,1.1770,1.1678,1.0863,1.1238,1.0842,1.1440,1.0957,1.1204,1.2186,1.1514,1.1581,1.2208,1.1170,1.2236,1.2148,1.1938,1.3977,1.4061,1.4089,1.4029,1.3684,1.3009,1.3751,1.3368,1.3797,1.3384,1.3736,1.3079,1.3080,1.3404,1.3812,1.4563,1.4055,1.4081,1.4421,1.3785,1.4192,1.4291,1.4325,0,1.0000,4.2540,-2.8602,2.9891
60,0.1200,-0.8461,0.6183,1.2833,4.2540,-2.8602,1.8315,0.1217,0.1909,0.0000,1.0269,1.0000,0.0003,0.0053,0.0001,-0.0001,-0.0101,-0.0006,-0.0033,0.0033,-0.0017,0.0001,-0.0101,-0.0007,-0.0033,0.0032,-0.0005,0.0000,0.0305,-0.0013,-0.0005,0.0349,0.0006,0.0034,-0.0000,0.0305,0.0015,0.0005,0.0350,0.0006,0.0030,0.0000,0.0124,-0.0008,-0.0022,-0.0195,0.1435,0.0013,-0.0007,-0.1340,0.0321,-0.0533,0.0894,-0.1623,0.0001,-0.1349,0.0226,-0.0531,0.1072,0.0232,0.0038,0.3384,-0.0118,0.0068,0.1287,0.0103,0.0325,-0.0004,0.3449,-0.0035,0.0007,0.1491,0.0108,0.0213,0.0004,-1.0000,-1.0000,-1.0000,-1.0000,-1.0000,-1.0000,-1.0000,-1.0000,-1.0000,-1.0000,-1.0000,-1.0000,-1.0000,-1.0000,-1.0000,-1.0000,-1.0000,-1.0000,-1.0000,-1.0000,-1.0000,-1.0000,-1.0000,-1.0000,-1.0000,-1.0000,-1.0000,-1.0000,-1.0000,-1.0000,-1.0000,-1.0000,-1.0000,-1.0000,-1.0000,-1.0000,-1.0000,-1.0000,-1.0000,-1.0000,-1.0000,-1.0000,-1.0000,-1.0000,-1.0000,-1.0000,-1.0000,-1.0000,-1.0000,-1.0000,-1.0000,-1.0000,-1.0000,-1.0000,-1.0000,-1.0000,-1.0000,-1.0000,-1.0000,-1.0000,-1.0000,-1.0000,-1.0000,-1.0000,-1.0000,-1.0000,-1.0000,-1.0000,-1.0000,-1.0000,-1.0000,-1.0000,-1.0000,-1.0000,-1.0000,-1.0000,-1.0000,-1.0000,-1.0000,-1.0000,-1.0000,-1.0000,-1.0000,-1.0000,-1.0000,-1.0000,-1.0000,-1.0000,-1.0000,-1.0000,-1.0000,-1.0000,-1.0000,-1.0000,-1.0000,-1.0000,-1.0000,-1.0000,-1.0000,-1.0000,-1.0000,-1.0000,-1.0000,-1.0000,-1.0000,-1.0000,-1.0000,-1.0000,-1.0000,-1.0000,-1.0000,-1.0000,-1.0000,-1.0000,-1.0000,-1.0000,-1.0000,-1.0000,-1.0000,-1.0000,-1.0000,1.3690,1.4108,1.3732,1.3203,1.4073,1.3355,1.1162,1.3009,1.2858,1.1589,1.2650,1.2929,1.1277,1.3111,1.1597,1.1754,1.2683,1.1726,1.1968,1.1824,1.1750,1.1835,1.0790,1.0977,1.1667,1.1579,1.0763,1.1140,1.0743,1.1338,1.0859,1.1109,1.2091,1.1418,1.1487,1.2112,1.1074,1.2139,1.2054,1.1844,1.3873,1.3956,1.3985,1.3925,1.3580,1.2905,1.3648,1.3264,1.3696,1.3281,1.3635,1.2978,1.2978,1.3303,1.3714,1.4464,1.3956,1.3983,1.4322,1.3686,1.4092,1.4194,1.4226,0,1.0000,4.2540,-2.8602,2.9891
61,0.1220,-0.8376,0.6126,1.2869,4.2540,-2.8602,1.8119,0.1217,0.1909,0.0000,1.0269,1.0000,0.0002,0.0055,0.0001,-0.0001,-0.0104,-0.0005,-0.0034,0.0034,-0.0021,0.0001,-0.0103,-0.0006,-0.0034,0.0033,-0.0007,0.0001,0.0311,-0.0013,-0.0005,0.0352,0.0007,0.0035,-0.0000,0.0312,0.0015,0.0005,0.0352,0.0007,0.0030,0.0000,0.0124,-0.0005,-0.0017,-0.0158,0.1441,0.0015,-0.0008,-0.1290,0.0290,-0.0578,0.0413,-0.1952,0.0006,-0.1297,0.0224,-0.0574,0.0579,-0.0726,0.0030,0.3346,-0.0100,0.0065,0.1210,0.0104,0.0323,-0.0004,0.3400,-0.0034,-0.0006,0.1381,0.0109,0.0200,0.0004,-1.0000,-1.0000,-1.0000,-1.0000,-1.0000,-1.0000,-1.0000,-1.0000,-1.0000,-1.0000,-1.0000,-1.0000,-1.0000,-1.0000,-1.0000,-1.0000,-1.0000,-1.0000,-1.0000,-1.0000,-1.0000,-1.0000,-1.0000,-1.0000,-1.0000,-1.0000,-1.0000,-1.0000,-1.0000,-1.0000,-1.0000,-1.0000,-1.0000,-1.0000,-1.0000,-1.0000,-1.0000,-1.0000,-1.0000,-1.0000,-1.0000,-1.0000,-1.0000,-1.0000,-1.0000,-1.0000,-1.0000,-1.0000,-1.0000,-1.0000,-1.0000,-1.0000,-1.0000,-1.0000,-1.0000,-1.0000,-1.0000,-1.0000,-1.0000,-1.0000,-1.0000,-1.0000,-1.0000,-1.0000,-1.0000,-1.0000,-1.0000,-1.0000,-1.0000,-1.0000,-1.0000,-1.0000,-1.0000,-1.0000,-1.0000,-1.0000,-1.0000,-1.0000,-1.0000,-1.0000,-1.0000,-1.0000,-1.0000,-1.0000,-1.0000,-1.0000,-1.0000,-1.0000,-1.0000,-1.0000,-1.0000,-1.0000,-1.0000,-1.0000,-1.0000,-1.0000,-1.0000,-1.0000,-1.0000,-1.0000,-1.0000,-1.0000,-1.0000,-1.0000,-1.0000,-1.0000,-1.0000,-1.0000,-1.0000,-1.0000,-1.0000,-1.0000,-1.0000,-1.0000,-1.0000,-1.0000,-1.0000,-1.0000,-1.0000,-1.0000,-1.0000,1.3583,1.4002,1.3625,1.3096,1.3966,1.3249,1.1062,1.2908,1.2754,1.1486,1.2551,1.2823,1.1172,1.3008,1.1496,1.1649,1.2582,1.1625,1.1865,1.1721,1.1648,1.1733,1.0688,1.0877,1.1565,1.1481,1.0663,1.1041,1.0643,1.1237,1.0761,1.1015,1.1997,1.1323,1.1393,1.2016,1.0979,1.2042,1.1961,1.1750,1.3770,1.3851,1.3880,1.3821,1.3476,1.2802,1.3545,1.3161,1.3595,1.3179,1.3533,1.2877,1.2875,1.3203,1.3616,1.4366,1.3857,1.3885,1.4222,1.3587,1.3992,1.4096,1.4129,0,1.0000,4.2540,-2.8602,2.9891
61,0.1220,-0.8376,0.6126,1.2869,4.2540,-2.8602,1.8119,0.1217,0.1909,0.0000,1.0269,1.0000,0.0002,0.0055,0.0001,-0.0001,-0.0104,-0.0005,-0.0034,0.0034,-0.0021,0.0001,-0.0103,-0.0006,-0.0034,0.0033,-0.0007,0.0001,0.0311,-0.0013,-0.0005,0.0352,0.0007,0.0035,-0.0000,0.0312,0.0015,0.0005,0.0352,0.0007,0.0030,0.0000,0.0124,-0.0005,-0.0017,-0.0158,0.1441,0.0015,-0.0008,-0.1290,0.0290,-0.0578,0.0413,-0.1952,0.0006,-0.1297,0.0224,-0.0574,0.0579,-0.0726,0.0030,0.3346,-0.0100,0.0065,0.1210,0.0104,0.0323,-0.0004,0.3400,-0.0034,-0.0006,0.1381,0.0109,0.0200,0.0004,-1.0000,-1.0000,-1.0000,-1.0000,-1.0000,-1.0000,-1.0000,-1.0000,-1.0000,-1.0000,-1.0000,-1.0000,-1.0000,-1.0000,-1.0000,-1.0000,-1.0000,-1.0000,-1.0000,-1.0000,-1.0000,-1.0000,-1.0000,-1.0000,-1.0000,-1.0000,-1.0000,-1.0000,-1.0000,-1.0000,-1.0000,-1.0000,-1.0000,-1.0000,-1.0000,-1.0000,-1.0000,-1.0000,-1.0000,-1.0000,-1.0000,-1.0000,-1.0000,-1.0000,-1.0000,-1.0000,-1.0000,-1.0000,-1.0000,-1.0000,-1.0000,-1.0000,-1.0000,-1.0000,-1.0000,-1.0000,-1.0000,-1.0000,-1.0000,-1.0000,-1.0000,-1.0000,-1.0000,-1.0000,-1.0000,-1.0000,-1.0000,-1.0000,-1.0000,-1.0000,-1.0000,-1.0000,-1.0000,-1.0000,-1.0000,-1.0000,-1.0000,-1.0000,-1.0000,-1.0000,-1.0000,-1.0000,-1.0000,-1.0000,-1.0000,-1.0000,-1.0000,-1.0000,-1.0000,-1.0000,-1.0000,-1.0000,-1.0000,-1.0000,-1.0000,-1.0000,-1.0000,-1.0000,-1.0000,-1.0000,-1.0000,-1.0000,-1.0000,-1.0000,-1.0000,-1.0000,-1.0000,-1.0000,-1.0000,-1.0000,-1.0000,-1.0000,-1.0000,-1.0000,-1.0000,-1.0000,-1.0000,-1.0000,-1.0000,-1.0000,-1.0000,1.3583,1.4002,1.3625,1.3096,1.3966,1.3249,1.1062,1.2908,1.2754,1.1486,1.2551,1.2823,1.1172,1.3008,1.1496,1.1649,1.2582,1.1625,1.1865,1.1721,1.1648,1.1733,1.0688,1.0877,1.1565,1.1481,1.0663,1.1041,1.0643,1.1237,1.0761,1.1015,1.1997,1.1323,1.1393,1.2016,1.0979,1.2042,1.1961,1.1750,1.3770,1.3851,1.3880,1.3821,1.3476,1.2802,1.3545,1.3161,1.3595,1.3179,1.3533,1.2877,1.2875,1.3203,1.3616,1.4366,1.3857,1.3885,1.4222,1.3587,1.3992,1.4096,1.4129,0,1.0000,4.2540,-2.8602,2.9891
62,0.1240,-0.8291,0.6068,1.2905,4.2540,-2.8602,1.7923,0.1217,0.1909,0.0000,1.0269,1.0000,0.0002,0.0056,0.0001,-0.0001,-0.0106,-0.0005,-0.0036,0.0034,-0.0026,0.0001,-0.0106,-0.0006,-0.0036,0.0034,-0.0010,0.0001,0.0318,-0.0013,-0.0005,0.0354,0.0007,0.0035,-0.0000,0.0318,0.0015,0.0005,0.0355,0.0007,0.0031,0.0000,0.0124,-0.0001,-0.0014,-0.0122,0.1447,0.0017,-0.0009,-0.1246,0.0258,-0.0617,0.0002,-0.2272,0.0009,-0.1252,0.0220,-0.0612,0.0151,-0.1627,0.0022,0.3303,-0.0083,0.0062,0.1131,0.0105,0.0320,-0.0004,0.3347,-0.0034,-0.0018,0.1269,0.0110,0.0187,0.0003,-1.0000,-1.0000,-1.0000,-1.0000,-1.0000,-1.0000,-1.0000,-1.0000,-1.0000,-1.0000,-1.0000,-1.0000,-1.0000,-1.0000,-1.0000,-1.0000,-1.0000,-1.0000,-1.0000,-1.0000,-1.0000,-1.0000,-1.0000,-1.0000,-1.0000,-1.0000,-1.0000,-1.0000,-1.0000,-1.0000,-1.0000,-1.0000,-1.0000,-1.0000,-1.0000,-1.0000,-1.0000,-1.0000,-1.0000,-1.0000,-1.0000,-1.0000,-1.0000,-1.0000,-1.0000,-1.0000,-1.0000,-1.0000,-1.0000,-1.0000,-1.0000,-1.0000,-1.0000,-1.0000,-1.0000,-1.0000,-1.0000,-1.0000,-1.0000,-1.0000,-1.0000,-1.0000,-1.0000,-1.0000,-1.0000,-1.0000,-1.0000,-1.0000,-1.0000,-1.0000,-1.0000,-1.0000,-1.0000,-1.0000,-1.0000,-1.0000,-1.0000,-1.0000,-1.0000,-1.0000,-1.0000,-1.0000,-1.0000,-1.0000,-1.0000,-1.0000,-1.0000,-1.0000,-1.0000,-1.0000,-1.0000,-1.0000,-1.0000,-1.0000,-1.0000,-1.0000,-1.0000,-1.0000,-1.0000,-1.0000,-1.0000,-1.0000,-1.0000,-1.0000,-1.0000,-1.0000,-1.0000,-1.0000,-1.0000,-1.0000,-1.0000,-1.0000,-1.0000,-1.0000,-1.0000,-1.0000,-1.0000,-1.0000,-1.0000,-1.0000,-1.0000,1.3477,1.3895,1.3518,1.2990,1.3860,1.3142,1.0963,1.2807,1.2650,1.1383,1.2452,1.2717,1.1068,1.2905,1.1395,1.1543,1.2480,1.1524,1.1762,1.1619,1.1546,1.1630,1.0586,1.0776,1.1463,1.1382,1.0563,1.0942,1.0544,1.1136,1.0664,1.0921,1.1902,1.1228,1.1300,1.1921,1.0884,1.1946,1.1867,1.1656,1.3667,1.3746,1.3775,1.3717,1.3372,1.2698,1.3442,1.3057,1.3494,1.3078,1.3432,1.2776,1.2773,1.3103,1.3518,1.4267,1.3758,1.3787,1.4123,1.3489,1.3893,1.3999,1.4031,0,1.0000,4.2540,-2.8602,2.9891
63,0.1260,-0.8205,0.6011,1.2940,4.2540,-2.8602,1.7727,0.1217,0.1909,0.0000,1.0269,1.0000,0.0002,0.0058,0.0001,-0.0001,-0.0109,-0.0004,-0.0037,0.0033,-0.0031,0.0001,-0.0108,-0.0005,-0.0037,0.0033,-0.0014,0.0001,0.0324,-0.0014,-0.0005,0.0356,0.0007,0.0036,-0.0000,0.0325,0.0015,0.0005,0.0357,0.0007,0.0031,0.0000,0.0124,0.0001,-0.0005,-0.0121,0.1452,0.0018,-0.0009,-0.1209,0.0270,-0.0651,-0.0341,-0.2573,0.0007,-0.1218,0.0236,-0.0644,-0.0179,-0.1996,0.0020,0.3255,-0.0076,0.0064,0.1050,0.0106,0.0316,-0.0004,0.3296,-0.0045,-0.0025,0.1182,0.0111,0.0175,0.0003,-1.0000,-1.0000,-1.0000,-1.0000,-1.0000,-1.0000,-1.0000,-1.0000,-1.0000,-1.0000,-1.0000,-1.0000,-1.0000,-1.0000,-1.0000,-1.0000,-1.0000,-1.0000,-1.0000,-1.0000,-1.0000,-1.0000,-1.0000,-1.0000,-1.0000,-1.0000,-1.0000,-1.0000,-1.0000,-1.0000,-1.0000,-1.0000,-1.0000,-1.0000,-1.0000,-1.0000,-1.0000,-1.0000,-1.0000,-1.0000,-1.0000,-1.0000,-1.0000,-1.0000,-1.0000,-1.0000,-1.0000,-1.0000,-1.0000,-1.0000,-1.0000,-1.0000,-1.0000,-1.0000,-1.0000,-1.0000,-1.0000,-1.0000,-1.0000,-1.0000,-1.0000,-1.0000,-1.0000,-1.0000,-1.0000,-1.0000,-1.0000,-1.0000,-1.0000,-1.0000,-1.0000,-1.0000,-1.0000,-1.0000,-1.0000,-1.0000,-1.0000,-1.0000,-1.0000,-1.0000,-1.0000,-1.0000,-1.0000,-1.0000,-1.0000,-1.0000,-1.0000,-1.0000,-1.0000,-1.0000,-1.0000,-1.0000,-1.0000,-1.0000,-1.0000,-1.0000,-1.0000,-1.0000,-1.0000,-1.0000,-1.0000,-1.0000,-1.0000,-1.0000,-1.0000,-1.0000,-1.0000,-1.0000,-1.0000,-1.0000,-1.0000,-1.0000,-1.0000,-1.0000,-1.0000,-1.0000,-1.0000,-1.0000,-1.0000,-1.0000,-1.0000,1.3371,1.3789,1.3411,1.2883,1.3753,1.3037,1.0864,1.2706,1.2546,1.1279,1.2354,1.2611,1.0963,1.2802,1.1295,1.1438,1.2378,1.1423,1.1659,1.1517,1.1445,1.1528,1.0484,1.0676,1.1361,1.1284,1.0464,1.0844,1.0445,1.1035,1.0567,1.0828,1.1808,1.1133,1.1207,1.1825,1.0789,1.1850,1.1774,1.1563,1.3563,1.3641,1.3671,1.3613,1.3268,1.2595,1.3339,1.2954,1.3393,1.2976,1.3331,1.2675,1.2670,1.3003,1.3420,1.4168,1.3659,1.3690,1.4023,1.3390,1.3793,1.3902,1.3933,0,1.0000,4.2540,-2.8602,2.9891
63,0.1260,-0.8205,0.6011,1.2940,4.2540,-2.8602,1.7727,0.1217,0.1909,0.0000,1.0269,1.0000,0.0002,0.0058,0.0001,-0.0001,-0.0109,-0.0004,-0.0037,0.0033,-0.0031,0.0001,-0.0108,-0.0005,-0.0037,0.0033,-0.0014,0.0001,0.0324,-0.0014,-0.0005,0.0356,0.0007,0.0036,-0.0000,0.0325,0.0015,0.0005,0.0357,0.0007,0.0031,0.0000,0.0124,0.0001,-0.0005,-0.0121,0.1452,0.0018,-0.0009,-0.1209,0.0270,-0.0651,-0.0341,-0.2573,0.0007,-0.1218,0.0236,-0.0644,-0.0179,-0.1996,0.0020,0.3255,-0.0076,0.0064,0.1050,0.0106,0.0316,-0.0004,0.3296,-0.0045,-0.0025,0.1182,0.0111,0.0175,0.0003,-1.0000,-1.0000,-1.0000,-1.0000,-1.0000,-1.0000,-1.0000,-1.0000,-1.0000,-1.0000,-1.0000,-1.0000,-1.0000,-1.0000,-1.0000,-1.0000,-1.0000,-1.0000,-1.0000,-1.0000,-1.0000,-1.0000,-1.0000,-1.0000,-1.0000,-1.0000,-1.0000,-1.0000,-1.0000,-1.0000,-1.0000,-1.0000,-1.0000,-1.0000,-1.0000,-1.0000,-1.0000,-1.0000,-1.0000,-1.0000,-1.0000,-1.0000,-1.0000,-1.0000,-1.0000,-1.0000,-1.0000,-1.0000,-1.0000,-1.0000,-1.0000,-1.0000,-1.0000,-1.0000,-1.0000,-1.0000,-1.0000,-1.0000,-1.0000,-1.0000,-1.0000,-1.0000,-1.0000,-1.0000,-1.0000,-1.0000,-1.0000,-1.0000,-1.0000,-1.0000,-1.0000,-1.0000,-1.0000,-1.0000,-1.0000,-1.0000,-1.0000,-1.0000,-1.0000,-1.0000,-1.0000,-1.0000,-1.0000,-1.0000,-1.0000,-1.0000,-1.0000,-1.0000,-1.0000,-1.0000,-1.0000,-1.0000,-1.0000,-1.0000,-1.0000,-1.0000,-1.0000,-1.0000,-1.0000,-1.0000,-1.0000,-1.0000,-1.0000,-1.0000,-1.0000,-1.0000,-1.0000,-1.0000,-1.0000,-1.0000,-1.0000,-1.0000,-1.0000,-1.0000,-1.0000,-1.0000,-1.0000,-1.0000,-1.0000,-1.0000,-1.0000,1.3371,1.3789,1.3411,1.2883,1.3753,1.3037,1.0864,1.2706,1.2546,1.1279,1.2354,1.2611,1.0963,1.2802,1.1295,1.1438,1.2378,1.1423,1.1659,1.1517,1.1445,1.1528,1.0484,1.0676,1.1361,1.1284,1.0464,1.0844,1.0445,1.1035,1.0567,1.0828,1.1808,1.1133,1.1207,1.1825,1.0789,1.1850,1.1774,1.1563,1.3563,1.3641,1.3671,1.3613,1.3268,1.2595,1.3339,1.2954,1.3393,1.2976,1.3331,1.2675,1.2670,1.3003,1.3420,1.4168,1.3659,1.3690,1.4023,1.3390,1.3793,1.3902,1.3933,0,1.0000,4.2540,-2.8602,2.9891
64,0.1280,-0.8120,0.5954,1.2975,4.2540,-2.8602,1.7530,0.1217,0.1910,0.0000,1.0269,1.0000,0.0002,0.0059,0.0001,-0.0001,-0.0111,-0.0004,-0.0038,0.0032,-0.0032,0.0001,-0.0111,-0.0005,-0.0038,0.0032,-0.0019,0.0001,0.0331,-0.0014,-0.0005,0.0358,0.0007,0.0037,-0.0000,0.0332,0.0015,0.0005,0.0359,0.0007,0.0032,0.0000,0.0124,-0.0004,-0.0013,-0.0195,0.1452,0.0015,-0.0013,-0.1214,0.0267,-0.0648,-0.0277,-0.0570,0.0006,-0.1182,0.0349,-0.0673,-0.0468,-0.2366,0.0029,0.3186,-0.0085,0.0076,0.0917,0.0108,0.0311,-0.0003,0.3245,-0.0073,-0.0023,0.1096,0.0113,0.0163,0.0003,-1.0000,-1.0000,-1.0000,-1.0000,-1.0000,-1.0000,-1.0000,-1.0000,-1.0000,-1.0000,-1.0000,-1.0000,-1.0000,-1.0000,-1.0000,-1.0000,-1.0000,-1.0000,-1.0000,-1.0000,-1.0000,-1.0000,-1.0000,-1.0000,-1.0000,-1.0000,-1.0000,-1.0000,-1.0000,-1.0000,-1.0000,-1.0000,-1.0000,-1.0000,-1.0000,-1.0000,-1.0000,-1.0000,-1.0000,-1.0000,-1.0000,-1.0000,-1.0000,-1.0000,-1.0000,-1.0000,-1.0000,-1.0000,-1.0000,-1.0000,-1.0000,-1.0000,-1.0000,-1.0000,-1.0000,-1.0000,-1.0000,-1.0000,-1.0000,-1.0000,-1.0000,-1.0000,-1.0000,-1.0000,-1.0000,-1.0000,-1.0000,-1.0000,-1.0000,-1.0000,-1.0000,-1.0000,-1.0000,-1.0000,-1.0000,-1.0000,-1.0000,-1.0000,-1.0000,-1.0000,-1.0000,-1.0000,-1.0000,-1.0000,-1.0000,-1.0000,-1.0000,-1.0000,-1.0000,-1.0000,-1.0000,-1.0000,-1.0000,-1.0000,-1.0000,-1.0000,-1.0000,-1.0000,-1.0000,-1.0000,-1.0000,-1.0000,-1.0000,-1.0000,-1.0000,-1.0000,-1.0000,-1.0000,-1.0000,-1.0000,-1.0000,-1.0000,-1.0000,-1.0000,-1.0000,-1.0000,-1.0000,-1.0000,-1.0000,-1.0000,-1.0000,1.3265,1.3683,1.3305,1.2777,1.3647,1.2931,1.0765,1.2606,1.2442,1.1176,1.2255,1.2505,1.0859,1.2699,1.1194,1.1333,1.2277,1.1323,1.1556,1.1415,1.1344,1.1426,1.0382,1.0576,1.1259,1.1186,1.0364,1.0746,1.0346,1.0934,1.0470,1.0734,1.1715,1.1038,1.1114,1.1730,1.0695,1.1754,1.1681,1.1470,1.3460,1.3536,1.3567,1.3509,1.3164,1.2492,1.3236,1.2850,1.3292,1.2874,1.3230,1.2574,1.2568,1.2903,1.3323,1.4070,1.3560,1.3593,1.3924,1.3292,1.3694,1.3804,1.3836,0,1.0000,4.2540,-2.8602,2.9891
64,0.1280,-0.8120,0.5954,1.2975,4.2540,-2.8602,1.7530,0.1217,0.1910,0.0000,1.0269,1.0000,0.0002,0.0059,0.0001,-0.0001,-0.0111,-0.0004,-0.0038,0.0032,-0.0032,0.0001,-0.0111,-0.0005,-0.0038,0.0032,-0.0019,0.0001,0.0331,-0.0014,-0.0005,0.0358,0.0007,0.0037,-0.0000,0.0332,0.0015,0.0005,0.0359,0.0007,0.0032,0.0000,0.0124,-0.0004,-0.0013,-0.0195,0.1452,0.0015,-0.0013,-0.1214,0.0267,-0.0648,-0.0277,-0.0570,0.0006,-0.1182,0.0349,-0.0673,-0.0468,-0.2366,0.0029,0.3186,-0.0085,0.0076,0.0917,0.0108,0.0311,-0.0003,0.3245,-0.0073,-0.0023,0.1096,0.0113,0.0163,0.0003,-1.0000,-1.0000,-1.0000,-1.0000,-1.0000,-1.0000,-1.0000,-1.0000,-1.0000,-1.0000,-1.0000,-1.0000,-1.0000,-1.0000,-1.0000,-1.0000,-1.0000,-1.0000,-1.0000,-1.0000,-1.0000,-1.0000,-1.0000,-1.0000,-1.0000,-1.0000,-1.0000,-1.0000,-1.0000,-1.0000,-1.0000,-1.0000,-1.0000,-1.0000,-1.0000,-1.0000,-1.0000,-1.0000,-1.0000,-1.0000,-1.0000,-1.0000,-1.0000,-1.0000,-1.0000,-1.0000,-1.0000,-1.0000,-1.0000,-1.0000,-1.0000,-1.0000,-1.0000,-1.0000,-1.0000,-1.0000,-1.0000,-1.0000,-1.0000,-1.0000,-1.0000,-1.0000,-1.0000,-1.0000,-1.0000,-1.0000,-1.0000,-1.0000,-1.0000,-1.0000,-1.0000,-1.0000,-1.0000,-1.0000,-1.0000,-1.0000,-1.0000,-1.0000,-1.0000,-1.0000,-1.0000,-1.0000,-1.0000,-1.0000,-1.0000,-1.0000,-1.0000,-1.0000,-1.0000,-1.0000,-1.0000,-1.0000,-1.0000,-1.0000,-1.0000,-1.0000,-1.0000,-1.0000,-1.0000,-1.0000,-1.0000,-1.0000,-1.0000,-1.0000,-1.0000,-1.0000,-1.0000,-1.0000,-1.0000,-1.0000,-1.0000,-1.0000,-1.0000,-1.0000,-1.0000,-1.0000,-1.0000,-1.0000,-1.0000,-1.0000,-1.0000,1.3265,1.3683,1.3305,1.2777,1.3647,1.2931,1.0765,1.2606,1.2442,1.1176,1.2255,1.2505,1.0859,1.2699,1.1194,1.1333,1.2277,1.1323,1.1556,1.1415,1.1344,1.1426,1.0382,1.0576,1.1259,1.1186,1.0364,1.0746,1.0346,1.0934,1.0470,1.0734,1.1715,1.1038,1.1114,1.1730,1.0695,1.1754,1.1681,1.1470,1.3460,1.3536,1.3567,1.3509,1.3164,1.2492,1.3236,1.2850,1.3292,1.2874,1.3230,1.2574,1.2568,1.2903,1.3323,1.4070,1.3560,1.3593,1.3924,1.3292,1.3694,1.3804,1.3836,0,1.0000,4.2540,-2.8602,2.9891
65,0.1300,-0.8035,0.5897,1.3010,4.2540,-2.8602,1.7334,0.1217,0.1910,0.0000,1.0269,1.0000,0.0002,0.0060,0.0001,-0.0001,-0.0114,-0.0003,-0.0040,0.0032,-0.0029,0.0001,-0.0113,-0.0004,-0.0040,0.0031,-0.0019,0.0001,0.0337,-0.0014,-0.0004,0.0359,0.0007,0.0037,-0.0000,0.0338,0.0015,0.0005,0.0361,0.0008,0.0032,0.0000,0.0124,-0.0010,-0.0042,-0.0207,0.1445,0.0015,-0.0017,-0.1210,0.0189,-0.0647,-0.0221,0.1411,0.0001,-0.1184,0.0271,-0.0666,-0.0375,-0.0336,0.0029,0.3112,-0.0063,0.0081,0.0777,0.0109,0.0304,-0.0003,0.3173,-0.0071,-0.0028,0.0956,0.0114,0.0149,0.0003,-1.0000,-1.0000,-1.0000,-1.0000,-1.0000,-1.0000,-1.0000,-1.0000,-1.0000,-1.0000,-1.0000,-1.0000,-1.0000,-1.0000,-1.0000,-1.0000,-1.0000,-1.0000,-1.0000,-1.0000,-1.0000,-1.0000,-1.0000,-1.0000,-1.0000,-1.0000,-1.0000,-1.0000,-1.0000,-1.0000,-1.0000,-1.0000,-1.0000,-1.0000,-1.0000,-1.0000,-1.0000,-1.0000,-1.0000,-1.0000,-1.0000,-1.0000,-1.0000,-1.0000,-1.0000,-1.0000,-1.0000,-1.0000,-1.0000,-1.0000,-1.0000,-1.0000,-1.0000,-1.0000,-1.0000,-1.0000,-1.0000,-1.0000,-1.0000,-1.0000,-1.0000,-1.0000,-1.0000,-1.0000,-1.0000,-1.0000,-1.0000,-1.0000,-1.0000,-1.0000,-1.0000,-1.0000,-1.0000,-1.0000,-1.0000,-1.0000,-1.0000,-1.0000,-1.0000,-1.0000,-1.0000,-1.0000,-1.0000,-1.0000,-1.0000,-1.0000,-1.0000,-1.0000,-1.0000,-1.0000,-1.0000,-1.0000,-1.0000,-1.0000,-1.0000,-1.0000,-1.0000,-1.0000,-1.0000,-1.0000,-1.0000,-1.0000,-1.0000,-1.0000,-1.0000,-1.0000,-1.0000,-1.0000,-1.0000,-1.0000,-1.0000,-1.0000,-1.0000,-1.0000,-1.0000,-1.0000,-1.0000,-1.0000,-1.0000,-1.0000,-1.0000,1.3159,1.3577,1.3198,1.2671,1.3540,1.2825,1.0666,1.2505,1.2338,1.1073,1.2157,1.2399,1.0755,1.2596,1.1094,1.1228,1.2175,1.1222,1.1454,1.1314,1.1243,1.1324,1.0280,1.0476,1.1158,1.1088,1.0265,1.0648,1.0247,1.0834,1.0373,1.0641,1.1621,1.0944,1.1022,1.1636,1.0601,1.1658,1.1589,1.1378,1.3357,1.3431,1.3462,1.3405,1.3060,1.2389,1.3134,1.2747,1.3191,1.2773,1.3129,1.2473,1.2466,1.2804,1.3226,1.3972,1.3461,1.3496,1.3825,1.3194,1.3595,1.3708,1.3738,0,1.0000,4.2540,-2.8602,2.9891
65,0.1300,-0.8035,0.5897,1.3010,4.2540,-2.8602,1.7334,0.1217,0.1910,0.0000,1.0269,1.0000,0.0002,0.0060,0.0001,-0.0001,-0.0114,-0.0003,-0.0040,0.0032,-0.0029,0.0001,-0.0113,-0.0004,-0.0040,0.0031,-0.0019,0.0001,0.0337,-0.0014,-0.0004,0.0359,0.0007,0.0037,-0.0000,0.0338,0.0015,0.0005,0.0361,0.0008,0.0032,0.0000,0.0124,-0.0010,-0.0042,-0.0207,0.1445,0.0015,-0.0017,-0.1210,0.0189,-0.0647,-0.0221,0.1411,0.0001,-0.1184,0.0271,-0.0666,-0.0375,-0.0336,0.0029,0.3112,-0.0063,0.0081,0.0777,0.0109,0.0304,-0.0003,0.3173,-0.0071,-0.0028,0.0956,0.0114,0.0149,0.0003,-1.0000,-1.0000,-1.0000,-1.0000,-1.0000,-1.0000,-1.0000,-1.0000,-1.0000,-1.0000,-1.0000,-1.0000,-1.0000,-1.0000,-1.0000,-1.0000,-1.0000,-1.0000,-1.0000,-1.0000,-1.0000,-1.0000,-1.0000,-1.0000,-1.0000,-1.0000,-1.0000,-1.0000,-1.0000,-1.0000,-1.0000,-1.0000,-1.0000,-1.0000,-1.0000,-1.0000,-1.0000,-1.0000,-1.0000,-1.0000,-1.0000,-1.0000,-1.0000,-1.0000,-1.0000,-1.0000,-1.0000,-1.0000,-1.0000,-1.0000,-1.0000,-1.0000,-1.0000,-1.0000,-1.0000,-1.0000,-1.0000,-1.0000,-1.0000,-1.0000,-1.0000,-1.0000,-1.0000,-1.0000,-1.0000,-1.0000,-1.0000,-1.0000,-1.0000,-1.0000,-1.0000,-1.0000,-1.0000,-1.0000,-1.0000,-1.0000,-1.0000,-1.0000,-1.0000,-1.0000,-1.0000,-1.0000,-1.0000,-1.0000,-1.0000,-1.0000,-1.0000,-1.0000,-1.0000,-1.0000,-1.0000,-1.0000,-1.0000,-1.0000,-1.0000,-1.0000,-1.0000,-1.0000,-1.0000,-1.0000,-1.0000,-1.0000,-1.0000,-1.0000,-1.0000,-1.0000,-1.0000,-1.0000,-1.0000,-1.0000,-1.0000,-1.0000,-1.0000,-1.0000,-1.0000,-1.0000,-1.0000,-1.0000,-1.0000,-1.0000,-1.0000,1.3159,1.3577,1.3198,1.2671,1.3540,1.2825,1.0666,1.2505,1.2338,1.1073,1.2157,1.2399,1.0755,1.2596,1.1094,1.1228,1.2175,1.1222,1.1454,1.1314,1.1243,1.1324,1.0280,1.0476,1.1158,1.1088,1.0265,1.0648,1.0247,1.0834,1.0373,1.0641,1.1621,1.0944,1.1022,1.1636,1.0601,1.1658,1.1589,1.1378,1.3357,1.3431,1.3462,1.3405,1.3060,1.2389,1.3134,1.2747,1.3191,1.2773,1.3129,1.2473,1.2466,1.2804,1.3226,1.3972,1.3461,1.3496,1.3825,1.3194,1.3595,1.3708,1.3738,0,1.0000,4.2540,-2.8602,2.9891
66,0.1320,-0.7950,0.5840,1.3044,4.2540,-2.8602,1.7138,0.1217,0.1910,0.0000,1.0269,1.0000,0.0002,0.0062,0.0001,-0.0001,-0.0116,-0.0003,-0.0041,0.0032,-0.0026,0.0001,-0.0115,-0.0004,-0.0041,0.0031,-0.0019,0.0001,0.0343,-0.0014,-0.0004,0.0361,0.0008,0.0038,-0.0000,0.0344,0.0015,0.0005,0.0363,0.0008,0.0032,0.0000,0.0125,-0.0010,-0.0008,-0.0193,0.1449,0.0015,-0.0018,-0.1236,0.0160,-0.0635,0.0006,0.1660,-0.0003,-0.1212,0.0233,-0.0651,-0.0140,0.0123,0.0025,0.3066,-0.0044,0.0081,0.0755,0.0110,0.0302,-0.0003,0.3122,-0.0069,-0.0037,0.0916,0.0116,0.0139,0.0003,-1.0000,-1.0000,-1.0000,-1.0000,-1.0000,-1.0000,-1.0000,-1.0000,-1.0000,-1.0000,-1.0000,-1.0000,-1.0000,-1.0000,-1.0000,-1.0000,-1.0000,-1.0000,-1.0000,-1.0000,-1.0000,-1.0000,-1.0000,-1.0000,-1.0000,-1.0000,-1.0000,-1.0000,-1.0000,-1.0000,-1.0000,-1.0000,-1.0000,-1.0000,-1.0000,-1.0000,-1.0000,-1.0000,-1.0000,-1.0000,-1.0000,-1.0000,-1.0000,-1.0000,-1.0000,-1.0000,-1.0000,-1.0000,-1.0000,-1.0000,-1.0000,-1.0000,-1.0000,-1.0000,-1.0000,-1.0000,-1.0000,-1.0000,-1.0000,-1.0000,-1.0000,-1.0000,-1.0000,-1.0000,-1.0000,-1.0000,-1.0000,-1.0000,-1.0000,-1.0000,-1.0000,-1.0000,-1.0000,-1.0000,-1.0000,-1.0000,-1.0000,-1.0000,-1.0000,-1.0000,-1.0000,-1.0000,-1.0000,-1.0000,-1.0000,-1.0000,-1.0000,-1.0000,-1.0000,-1.0000,-1.0000,-1.0000,-1.0000,-1.0000,-1.0000,-1.0000,-1.0000,-1.0000,-1.0000,-1.0000,-1.0000,-1.0000,-1.0000,-1.0000,-1.0000,-1.0000,-1.0000,-1.0000,-1.0000,-1.0000,-1.0000,-1.0000,-1.0000,-1.0000,-1.0000,-1.0000,-1.0000,-1.0000,-1.0000,-1.0000,-1.0000,1.3053,1.3471,1.3092,1.2565,1.3434,1.2720,1.0567,1.2405,1.2234,1.0970,1.2058,1.2294,1.0651,1.2493,1.0994,1.1123,1.2074,1.1122,1.1352,1.1212,1.1142,1.1223,1.0179,1.0376,1.1056,1.0990,1.0166,1.0551,1.0148,1.0733,1.0276,1.0549,1.1528,1.0850,1.0929,1.1541,1.0507,1.1563,1.1497,1.1286,1.3254,1.3326,1.3358,1.3301,1.2956,1.2287,1.3031,1.2644,1.3090,1.2672,1.3028,1.2373,1.2364,1.2704,1.3129,1.3874,1.3363,1.3399,1.3726,1.3096,1.3496,1.3611,1.3641,0,1.0000,4.2540,-2.8602,2.9891
67,0.1340,-0.7865,0.5782,1.3078,4.2540,-2.8602,1.6942,0.1217,0.1910,0.0000,1.0269,1.0000,0.0001,0.0063,0.0001,-0.0001,-0.0119,-0.0003,-0.0042,0.0032,-0.0022,0.0001,-0.0118,-0.0003,-0.0042,0.0031,-0.0018,0.0001,0.0349,-0.0014,-0.0004,0.0362,0.0008,0.0039,-0.0000,0.0350,0.0015,0.0005,0.0365,0.0008,0.0032,0.0000,0.0125,-0.0010,0.0019,-0.0179,0.1450,0.0016,-0.0019,-0.1255,0.0134,-0.0625,0.0193,0.1852,-0.0006,-0.1235,0.0198,-0.0638,0.0057,0.0504,0.0022,0.3014,-0.0026,0.0080,0.0722,0.0111,0.0299,-0.0003,0.3064,-0.0068,-0.0045,0.0865,0.0117,0.0128,0.0003,-1.0000,-1.0000,-1.0000,-1.0000,-1.0000,-1.0000,-1.0000,-1.0000,-1.0000,-1.0000,-1.0000,-1.0000,-1.0000,-1.0000,-1.0000,-1.0000,-1.0000,-1.0000,-1.0000,-1.0000,-1.0000,-1.0000,-1.0000,-1.0000,-1.0000,-1.0000,-1.0000,-1.0000,-1.0000,-1.0000,-1.0000,-1.0000,-1.0000,-1.0000,-1.0000,-1.0000,-1.0000,-1.0000,-1.0000,-1.0000,-1.0000,-1.0000,-1.0000,-1.0000,-1.0000,-1.0000,-1.0000,-1.0000,-1.0000,-1.0000,-1.0000,-1.0000,-1.0000,-1.0000,-1.0000,-1.0000,-1.0000,-1.0000,-1.0000,-1.0000,-1.0000,-1.0000,-1.0000,-1.0000,-1.0000,-1.0000,-1.0000,-1.0000,-1.0000,-1.0000,-1.0000,-1.0000,-1.0000,-1.0000,-1.0000,-1.0000,-1.0000,-1.0000,-1.0000,-1.0000,-1.0000,-1.0000,-1.0000,-1.0000,-1.0000,-1.0000,-1.0000,-1.0000,-1.0000,-1.0000,-1.0000,-1.0000,-1.0000,-1.0000,-1.0000,-1.0000,-1.0000,-1.0000,-1.0000,-1.0000,-1.0000,-1.0000,-1.0000,-1.0000,-1.0000,-1.0000,-1.0000,-1.0000,-1.0000,-1.0000,-1.0000,-1.0000,-1.0000,-1.0000,-1.0000,-1.0000,-1.0000,-1.0000,-1.0000,-1.0000,-1.0000,1.2947,1.3365,1.2986,1.2460,1.3328,1.2614,1.0469,1.2305,1.2131,1.0868,1.1960,1.2188,1.0547,1.2390,1.0894,1.1018,1.1973,1.1022,1.1250,1.1111,1.1041,1.1121,1.0078,1.0277,1.0955,1.0893,1.0067,1.0453,1.0050,1.0633,1.0180,1.0456,1.1435,1.0756,1.0838,1.1447,1.0413,1.1468,1.1405,1.1194,1.3151,1.3222,1.3254,1.3198,1.2853,1.2184,1.2929,1.2541,1.2990,1.2570,1.2927,1.2273,1.2262,1.2605,1.3032,1.3776,1.3265,1.3302,1.3628,1.2998,1.3397,1.3514,1.3544,0,1.0000,4.2540,-2.8602,2.9891
67,0.1340,-0.7865,0.5782,1.3078,4.2540,-2.8602,1.6942,0.1217,0.1910,0.0000,1.0269,1.0000,0.0001,0.0063,0.0001,-0.0001,-0.0119,-0.0003,-0.0042,0.0032,-0.0022,0.0001,-0.0118,-0.0003,-0.0042,0.0031,-0.0018,0.0001,0.0349,-0.0014,-0.0004,0.0362,0.0008,0.0039,-0.0000,0.0350,0.0015,0.0005,0.0365,0.0008,0.0032,0.0000,0.0125,-0.0010,0.0019,-0.0179,0.1450,0.0016,-0.0019,-0.1255,0.0134,-0.0625,0.0193,0.1852,-0.0006,-0.1235,0.0198,-0.0638,0.0057,0.0504,0.0022,0.3014,-0.0026,0.0080,0.0722,0.0111,0.0299,-0.0003,0.3064,-0.0068,-0.0045,0.0865,0.0117,0.0128,0.0003,-1.0000,-1.0000,-1.0000,-1.0000,-1.0000,-1.0000,-1.0000,-1.0000,-1.0000,-1.0000,-1.0000,-1.0000,-1.0000,-1.0000,-1.0000,-1.0000,-1.0000,-1.0000,-1.0000,-1.0000,-1.0000,-1.0000,-1.0000,-1.0000,-1.0000,-1.0000,-1.0000,-1.0000,-1.0000,-1.0000,-1.0000,-1.0000,-1.0000,-1.0000,-1.0000,-1.0000,-1.0000,-1.0000,-1.0000,-1.0000,-1.0000,-1.0000,-1.0000,-1.0000,-1.0000,-1.0000,-1.0000,-1.0000,-1.0000,-1.0000,-1.0000,-1.0000,-1.0000,-1.0000,-1.0000,-1.0000,-1.0000,-1.0000,-1.0000,-1.0000,-1.0000,-1.0000,-1.0000,-1.0000,-1.0000,-1.0000,-1.0000,-1.0000,-1.0000,-1.0000,-1.0000,-1.0000,-1.0000,-1.0000,-1.0000,-1.0000,-1.0000,-1.0000,-1.0000,-1.0000,-1.0000,-1.0000,-1.0000,-1.0000,-1.0000,-1.0000,-1.0000,-1.0000,-1.0000,-1.0000,-1.0000,-1.0000,-1.0000,-1.0000,-1.0000,-1.0000,-1.0000,-1.0000,-1.0000,-1.0000,-1.0000,-1.0000,-1.0000,-1.0000,-1.0000,-1.0000,-1.0000,-1.0000,-1.0000,-1.0000,-1.0000,-1.0000,-1.0000,-1.0000,-1.0000,-1.0000,-1.0000,-1.0000,-1.0000,-1.0000,-1.0000,1.2947,1.3365,1.2986,1.2460,1.3328,1.2614,1.0469,1.2305,1.2131,1.0868,1.1960,1.2188,1.0547,1.2390,1.0894,1.1018,1.1973,1.1022,1.1250,1.1111,1.1041,1.1121,1.0078,1.0277,1.0955,1.0893,1.0067,1.0453,1.0050,1.0633,1.0180,1.0456,1.1435,1.0756,1.0838,1.1447,1.0413,1.1468,1.1405,1.1194,1.3151,1.3222,1.3254,1.3198,1.2853,1.2184,1.2929,1.2541,1.2990,1.2570,1.2927,1.2273,1.2262,1.2605,1.3032,1.3776,1.3265,1.3302,1.3628,1.2998,1.3397,1.3514,1.3544,0,1.0000,4.2540,-2.8602,2.9891
68,0.1360,-0.7780,0.5725,1.3111,4.2540,-2.8602,1.6746,0.1217,0.1911,0.0000,1.0269,1.0000,0.0001,0.0065,0.0001,-0.0001,-0.0121,-0.0003,-0.0043,0.0033,-0.0018,0.0001,-0.0120,-0.0003,-0.0043,0.0032,-0.0017,0.0001,0.0355,-0.0014,-0.0004,0.0364,0.0008,0.0039,-0.0000,0.0356,0.0014,0.0005,0.0367,0.0008,0.0033,0.0000,0.0126,-0.0010,0.0041,-0.0166,0.1450,0.0016,-0.0020,-0.1270,0.0111,-0.0616,0.0346,0.1996,-0.0008,-0.1252,0.0168,-0.0626,0.0220,0.0819,0.0018,0.2957,-0.0008,0.0080,0.0681,0.0113,0.0295,-0.0003,0.3002,-0.0068,-0.0053,0.0808,0.0118,0.0117,0.0003,-1.0000,-1.0000,-1.0000,-1.0000,-1.0000,-1.0000,-1.0000,-1.0000,-1.0000,-1.0000,-1.0000,-1.0000,-1.0000,-1.0000,-1.0000,-1.0000,-1.0000,-1.0000,-1.0000,-1.0000,-1.0000,-1.0000,-1.0000,-1.0000,-1.0000,-1.0000,-1.0000,-1.0000,-1.0000,-1.0000,-1.0000,-1.0000,-1.0000,-1.0000,-1.0000,-1.0000,-1.0000,-1.0000,-1.0000,-1.0000,-1.0000,-1.0000,-1.0000,-1.0000,-1.0000,-1.0000,-1.0000,-1.0000,-1.0000,-1.0000,-1.0000,-1.0000,-1.0000,-1.0000,-1.0000,-1.0000,-1.0000,-1.0000,-1.0000,-1.0000,-1.0000,-1.0000,-1.0000,-1.0000,-1.0000,-1.0000,-1.0000,-1.0000,-1.0000,-1.0000,-1.0000,-1.0000,-1.0000,-1.0000,-1.0000,-1.0000,-1.0000,-1.0000,-1.0000,-1.0000,-1.0000,-1.0000,-1.0000,-1.0000,-1.0000,-1.0000,-1.0000,-1.0000,-1.0000,-1.0000,-1.0000,-1.0000,-1.0000,-1.0000,-1.0000,-1.0000,-1.0000,-1.0000,-1.0000,-1.0000,-1.0000,-1.0000,-1.0000,-1.0000,-1.0000,-1.0000,-1.0000,-1.0000,-1.0000,-1.0000,-1.0000,-1.0000,-1.0000,-1.0000,-1.0000,-1.0000,-1.0000,-1.0000,-1.0000,-1.0000,-1.0000,1.2842,1.3259,1.2880,1.2354,1.3222,1.2509,1.0370,1.2205,1.2027,1.0765,1.1862,1.2083,1.0443,1.2287,1.0794,1.0913,1.1872,1.0922,1.1148,1.1010,1.0941,1.1020,0.9977,1.0177,1.0854,1.0796,0.9969,1.0356,0.9952,1.0533,1.0084,1.0364,1.1342,1.0662,1.0746,1.1352,1.0320,1.1373,1.1313,1.1102,1.3048,1.3117,1.3150,1.3094,1.2749,1.2081,1.2826,1.2438,1.2889,1.2469,1.2827,1.2172,1.2160,1.2506,1.2935,1.3678,1.3167,1.3205,1.3529,1.2901,1.3298,1.3418,1.3447,0,0.9952,4.2540,-2.8602,2.9891
68,0.1360,-0.7780,0.5725,1.3111,4.2540,-2.8602,1.6746,0.1217,0.1911,0.0000,1.0269,1.0000,0.0001,0.0065,0.0001,-0.0001,-0.0121,-0.0003,-0.0043,0.0033,-0.0018,0.0001,-0.0120,-0.0003,-0.0043,0.0032,-0.0017,0.0001,0.0355,-0.0014,-0.0004,0.0364,0.0008,0.0039,-0.0000,0.0356,0.0014,0.0005,0.0367,0.0008,0.0033,0.0000,0.0126,-0.0010,0.0041,-0.0166,0.1450,0.0016,-0.0020,-0.1270,0.0111,-0.0616,0.0346,0.1996,-0.0008,-0.1252,0.0168,-0.0626,0.0220,0.0819,0.0018,0.2957,-0.0008,0.0080,0.0681,0.0113,0.0295,-0.0003,0.3002,-0.0068,-0.0053,0.0808,0.0118,0.0117,0.0003,-1.0000,-1.0000,-1.0000,-1.0000,-1.0000,-1.0000,-1.0000,-1.0000,-1.0000,-1.0000,-1.0000,-1.0000,-1.0000,-1.0000,-1.0000,-1.0000,-1.0000,-1.0000,-1.0000,-1.0000,-1.0000,-1.0000,-1.0000,-1.0000,-1.0000,-1.0000,-1.0000,-1.0000,-1.0000,-1.0000,-1.0000,-1.0000,-1.0000,-1.0000,-1.0000,-1.0000,-1.0000,-1.0000,-1.0000,-1.0000,-1.0000,-1.0000,-1.0000,-1.0000,-1.0000,-1.0000,-1.0000,-1.0000,-1.0000,-1.0000,-1.0000,-1.0000,-1.0000,-1.0000,-1.0000,-1.0000,-1.0000,-1.0000,-1.0000,-1.0000,-1.0000,-1.0000,-1.0000,-1.0000,-1.0000,-1.0000,-1.0000,-1.0000,-1.0000,-1.0000,-1.0000,-1.0000,-1.0000,-1.0000,-1.0000,-1.0000,-1.0000,-1.0000,-1.0000,-1.0000,-1.0000,-1.0000,-1.0000,-1.0000,-1.0000,-1.0000,-1.0000,-1.0000,-1.0000,-1.0000,-1.0000,-1.0000,-1.0000,-1.0000,-1.0000,-1.0000,-1.0000,-1.0000,-1.0000,-1.0000,-1.0000,-1.0000,-1.0000,-1.0000,-1.0000,-1.0000,-1.0000,-1.0000,-1.0000,-1.0000,-1.0000,-1.0000,-1.0000,-1.0000,-1.0000,-1.0000,-1.0000,-1.0000,-1.0000,-1.0000,-1.0000,1.2842,1.3259,1.2880,1.2354,1.3222,1.2509,1.0370,1.2205,1.2027,1.0765,1.1862,1.2083,1.0443,1.2287,1.0794,1.0913,1.1872,1.0922,1.1148,1.1010,1.0941,1.1020,0.9977,1.0177,1.0854,1.0796,0.9969,1.0356,0.9952,1.0533,1.0084,1.0364,1.1342,1.0662,1.0746,1.1352,1.0320,1.1373,1.1313,1.1102,1.3048,1.3117,1.3150,1.3094,1.2749,1.2081,1.2826,1.2438,1.2889,1.2469,1.2827,1.2172,1.2160,1.2506,1.2935,1.3678,1.3167,1.3205,1.3529,1.2901,1.3298,1.3418,1.3447,0,0.9952,4.2540,-2.8602,2.9891
69,0.1380,-0.7695,0.5668,1.3145,4.2540,-2.8602,1.6549,0.1217,0.1911,0.0000,1.0269,1.0000,0.0001,0.0066,0.0001,-0.0002,-0.0124,-0.0003,-0.0045,0.0034,-0.0014,0.0001,-0.0123,-0.0003,-0.0044,0.0035,-0.0015,0.0001,0.0361,-0.0014,-0.0004,0.0365,0.0008,0.0040,-0.0000,0.0362,0.0014,0.0005,0.0368,0.0009,0.0033,0.0000,0.0126,0.0002,0.0012,0.0082,0.1432,0.0025,-0.0025,-0.1261,-0.0209,-0.0613,0.0485,0.2215,-0.0011,-0.1400,-0.0141,-0.0492,0.1645,0.0817,-0.0021,0.2905,0.0089,0.0051,0.0642,0.0112,0.0291,-0.0003,0.2884,0.0008,-0.0093,0.0586,0.0117,0.0101,0.0003,-1.0000,-1.0000,-1.0000,-1.0000,-1.0000,-1.0000,-1.0000,-1.0000,-1.0000,-1.0000,-1.0000,-1.0000,-1.0000,-1.0000,-1.0000,-1.0000,-1.0000,-1.0000,-1.0000,-1.0000,-1.0000,-1.0000,-1.0000,-1.0000,-1.0000,-1.0000,-1.0000,-1.0000,-1.0000,-1.0000,-1.0000,-1.0000,-1.0000,-1.0000,-1.0000,-1.0000,-1.0000,-1.0000,-1.0000,-1.0000,-1.0000,-1.0000,-1.0000,-1.0000,-1.0000,-1.0000,-1.0000,-1.0000,-1.0000,-1.0000,-1.0000,-1.0000,-1.0000,-1.0000,-1.0000,-1.0000,-1.0000,-1.0000,-1.0000,-1.0000,-1.0000,-1.0000,-1.0000,-1.0000,-1.0000,-1.0000,-1.0000,-1.0000,-1.0000,-1.0000,-1.0000,-1.0000,-1.0000,-1.0000,-1.0000,-1.0000,-1.0000,-1.0000,-1.0000,-1.0000,-1.0000,-1.0000,-1.0000,-1.0000,-1.0000,-1.0000,-1.0000,-1.0000,-1.0000,-1.0000,-1.0000,-1.0000,-1.0000,-1.0000,-1.0000,-1.0000,-1.0000,-1.0000,-1.0000,-1.0000,-1.0000,-1.0000,-1.0000,-1.0000,-1.0000,-1.0000,-1.0000,-1.0000,-1.0000,-1.0000,-1.0000,-1.0000,-1.0000,-1.0000,-1.0000,-1.0000,-1.0000,-1.0000,-1.0000,-1.0000,-1.0000,1.2736,1.3154,1.2775,1.2249,1.3117,1.2404,1.0272,1.2105,1.1924,1.0662,1.1764,1.1977,1.0339,1.2185,1.0694,1.0808,1.1771,1.0823,1.1046,1.0909,1.0840,1.0919,0.9876,1.0078,1.0753,1.0699,0.9870,1.0259,0.9854,1.0433,0.9988,1.0272,1.1250,1.0569,1.0655,1.1259,1.0227,1.1278,1.1222,1.1010,1.2946,1.3012,1.3046,1.2991,1.2646,1.1979,1.2724,1.2335,1.2789,1.2368,1.2726,1.2072,1.2059,1.2407,1.2838,1.3580,1.3069,1.3109,1.3430,1.2803,1.3199,1.3322,1.3351,0,0.9854,4.2540,-2.8602,2.9891
70,0.1400,-0.7610,0.5611,1.3177,4.2540,-2.8602,1.6353,0.1217,0.1911,0.0000,1.0269,1.0000,0.0001,0.0068,0.0001,-0.0002,-0.0126,-0.0004,-0.0046,0.0035,-0.0009,0.0001,-0.0126,-0.0004,-0.0045,0.0038,-0.0010,0.0001,0.0367,-0.0014,-0.0004,0.0366,0.0009,0.0040,-0.0000,0.0368,0.0015,0.0004,0.0369,0.0009,0.0033,0.0000,0.0127,0.0005,0.0006,0.0201,0.1425,0.0029,-0.0027,-0.1263,-0.0360,-0.0607,0.0590,0.2330,-0.0016,-0.1359,-0.0363,-0.0509,0.1321,0.2378,-0.0038,0.2844,0.0145,0.0040,0.0593,0.0113,0.0287,-0.0003,0.2792,0.0045,-0.0112,0.0452,0.0117,0.0087,0.0002,-1.0000,-1.0000,-1.0000,-1.0000,-1.0000,-1.0000,-1.0000,-1.0000,-1.0000,-1.0000,-1.0000,-1.0000,-1.0000,-1.0000,-1.0000,-1.0000,-1.0000,-1.0000,-1.0000,-1.0000,-1.0000,-1.0000,-1.0000,-1.0000,-1.0000,-1.0000,-1.0000,-1.0000,-1.0000,-1.0000,-1.0000,-1.0000,-1.0000,-1.0000,-1.0000,-1.0000,-1.0000,-1.0000,-1.0000,-1.0000,-1.0000,-1.0000,-1.0000,-1.0000,-1.0000,-1.0000,-1.0000,-1.0000,-1.0000,-1.0000,-1.0000,-1.0000,-1.0000,-1.0000,-1.0000,-1.0000,-1.0000,-1.0000,-1.0000,-1.0000,-1.0000,-1.0000,-1.0000,-1.0000,-1.0000,-1.0000,-1.0000,-1.0000,-1.0000,-1.0000,-1.0000,-1.0000,-1.0000,-1.0000,-1.0000,-1.0000,-1.0000,-1.0000,-1.0000,-1.0000,-1.0000,-1.0000,-1.0000,-1.0000,-1.0000,-1.0000,-1.0000,-1.0000,-1.0000,-1.0000,-1.0000,-1.0000,-1.0000,-1.0000,-1.0000,-1.0000,-1.0000,-1.0000,-1.0000,-1.0000,-1.0000,-1.0000,-1.0000,-1.0000,-1.0000,-1.0000,-1.0000,-1.0000,-1.0000,-1.0000,-1.0000,-1.0000,-1.0000,-1.0000,-1.0000,-1.0000,-1.0000,-1.0000,-1.0000,-1.0000,-1.0000,1.2631,1.3049,1.2669,1.2144,1.3011,1.2300,1.0174,1.2005,1.1821,1.0560,1.1666,1.1872,1.0235,1.2082,1.0594,1.0703,1.1670,1.0723,1.0944,1.0808,1.0740,1.0818,0.9775,0.9979,1.0652,1.0602,0.9772,1.0162,0.9756,1.0333,0.9892,1.0181,1.1158,1.0476,1.0564,1.1165,1.0134,1.1183,1.1131,1.0919,1.2843,1.2908,1.2942,1.2888,1.2543,1.1876,1.2622,1.2233,1.2689,1.2267,1.2626,1.1972,1.1957,1.2308,1.2742,1.3483,1.2971,1.3013,1.3332,1.2706,1.3101,1.3226,1.3254,0,0.9756,4.2540,-2.8602,2.9891
70,0.1400,-0.7610,0.5611,1.3177,4.2540,-2.8602,1.6353,0.1217,0.1911,0.0000,1.0269,1.0000,0.0001,0.0068,0.0001,-0.0002,-0.0126,-0.0004,-0.0046,0.0035,-0.0009,0.0001,-0.0126,-0.0004,-0.0045,0.0038,-0.0010,0.0001,0.0367,-0.0014,-0.0004,0.0366,0.0009,0.0040,-0.0000,0.0368,0.0015,0.0004,0.0369,0.0009,0.0033,0.0000,0.0127,0.0005,0.0006,0.0201,0.1425,0.0029,-0.0027,-0.1263,-0.0360,-0.0607,0.0590,0.2330,-0.0016,-0.1359,-0.0363,-0.0509,0.1321,0.2378,-0.0038,0.2844,0.0145,0.0040,0.0593,0.0113,0.0287,-0.0003,0.2792,0.0045,-0.0112,0.0452,0.0117,0.0087,0.0002,-1.0000,-1.0000,-1.0000,-1.0000,-1.0000,-1.0000,-1.0000,-1.0000,-1.0000,-1.0000,-1.0000,-1.0000,-1.0000,-1.0000,-1.0000,-1.0000,-1.0000,-1.0000,-1.0000,-1.0000,-1.0000,-1.0000,-1.0000,-1.0000,-1.0000,-1.0000,-1.0000,-1.0000,-1.0000,-1.0000,-1.0000,-1.0000,-1.0000,-1.0000,-1.0000,-1.0000,-1.0000,-1.0000,-1.0000,-1.0000,-1.0000,-1.0000,-1.0000,-1.0000,-1.0000,-1.0000,-1.0000,-1.0000,-1.0000,-1.0000,-1.0000,-1.0000,-1.0000,-1.0000,-1.0000,-1.0000,-1.0000,-1.0000,-1.0000,-1.0000,-1.0000,-1.0000,-1.0000,-1.0000,-1.0000,-1.0000,-1.0000,-1.0000,-1.0000,-1.0000,-1.0000,-1.0000,-1.0000,-1.0000,-1.0000,-1.0000,-1.0000,-1.0000,-1.0000,-1.0000,-1.0000,-1.0000,-1.0000,-1.0000,-1.0000,-1.0000,-1.0000,-1.0000,-1.0000,-1.0000,-1.0000,-1.0000,-1.0000,-1.0000,-1.0000,-1.0000,-1.0000,-1.0000,-1.0000,-1.0000,-1.0000,-1.0000,-1.0000,-1.0000,-1.0000,-1.0000,-1.0000,-1.0000,-1.0000,-1.0000,-1.0000,-1.0000,-1.0000,-1.0000,-1.0000,-1.0000,-1.0000,-1.0000,-1.0000,-1.0000,-1.0000,1.2631,1.3049,1.2669,1.2144,1.3011,1.2300,1.0174,1.2005,1.1821,1.0560,1.1666,1.1872,1.0235,1.2082,1.0594,1.0703,1.1670,1.0723,1.0944,1.0808,1.0740,1.0818,0.9775,0.9979,1.0652,1.0602,0.9772,1.0162,0.9756,1.0333,0.9892,1.0181,1.1158,1.0476,1.0564,1.1165,1.0134,1.1183,1.1131,1.0919,1.2843,1.2908,1.2942,1.2888,1.2543,1.1876,1.2622,1.2233,1.2689,1.2267,1.2626,1.1972,1.1957,1.2308,1.2742,1.3483,1.2971,1.3013,1.3332,1.2706,1.3101,1.3226,1.3254,0,0.9756,4.2540,-2.8602,2.9891
71,0.1420,-0.7525,0.5554,1.3210,4.2540,-2.8602,1.6157,0.1217,0.1911,0.0000,1.0269,1.0000,0.0001,0.0069,0.0001,-0.0002,-0.0129,-0.0004,-0.0047,0.0039,-0.0005,0.0001,-0.0128,-0.0004,-0.0047,0.0039,-0.0007,0.0001,0.0372,-0.0013,-0.0004,0.0367,0.0009,0.0041,-0.0000,0.0373,0.0014,0.0004,0.0369,0.0009,0.0033,0.0000,0.0127,-0.0007,-0.0028,-0.0040,0.1406,0.0015,-0.0038,-0.1406,-0.0046,-0.0474,0.1993,0.1994,-0.0008,-0.1288,-0.0028,-0.0548,0.0908,0.1645,0.0000,0.2723,0.0073,0.0079,0.0377,0.0115,0.0276,-0.0003,0.2731,-0.0048,-0.0084,0.0409,0.0120,0.0077,0.0003,-1.0000,-1.0000,-1.0000,-1.0000,-1.0000,-1.0000,-1.0000,-1.0000,-1.0000,-1.0000,-1.0000,-1.0000,-1.0000,-1.0000,-1.0000,-1.0000,-1.0000,-1.0000,-1.0000,-1.0000,-1.0000,-1.0000,-1.0000,-1.0000,-1.0000,-1.0000,-1.0000,-1.0000,-1.0000,-1.0000,-1.0000,-1.0000,-1.0000,-1.0000,-1.0000,-1.0000,-1.0000,-1.0000,-1.0000,-1.0000,-1.0000,-1.0000,-1.0000,-1.0000,-1.0000,-1.0000,-1.0000,-1.0000,-1.0000,-1.0000,-1.0000,-1.0000,-1.0000,-1.0000,-1.0000,-1.0000,-1.0000,-1.0000,-1.0000,-1.0000,-1.0000,-1.0000,-1.0000,-1.0000,-1.0000,-1.0000,-1.0000,-1.0000,-1.0000,-1.0000,-1.0000,-1.0000,-1.0000,-1.0000,-1.0000,-1.0000,-1.0000,-1.0000,-1.0000,-1.0000,-1.0000,-1.0000,-1.0000,-1.0000,-1.0000,-1.0000,-1.0000,-1.0000,-1.0000,-1.0000,-1.0000,-1.0000,-1.0000,-1.0000,-1.0000,-1.0000,-1.0000,-1.0000,-1.0000,-1.0000,-1.0000,-1.0000,-1.0000,-1.0000,-1.0000,-1.0000,-1.0000,-1.0000,-1.0000,-1.0000,-1.0000,-1.0000,-1.0000,-1.0000,-1.0000,-1.0000,-1.0000,-1.0000,-1.0000,-1.0000,-1.0000,1.2526,1.2944,1.2564,1.2039,1.2906,1.2195,1.0076,1.1905,1.1718,1.0458,1.1569,1.1767,1.0132,1.1980,1.0494,1.0599,1.1570,1.0624,1.0843,1.0708,1.0640,1.0717,0.9674,0.9881,1.0551,1.0505,0.9674,1.0066,0.9659,1.0234,0.9797,1.0089,1.1066,1.0383,1.0473,1.1072,1.0041,1.1089,1.1040,1.0828,1.2741,1.2804,1.2839,1.2785,1.2439,1.1774,1.2520,1.2130,1.2589,1.2167,1.2526,1.1872,1.1856,1.2209,1.2646,1.3385,1.2873,1.2917,1.3234,1.2609,1.3003,1.3130,1.3158,0,0.9659,4.2540,-2.8602,2.9891
72,0.1440,-0.7440,0.5496,1.3242,4.2540,-2.8602,1.5961,0.1217,0.1912,0.0000,1.0269,1.0000,0.0001,0.0070,0.0001,-0.0002,-0.0132,-0.0004,-0.0048,0.0042,-0.0002,0.0001,-0.0131,-0.0004,-0.0048,0.0041,-0.0005,0.0001,0.0377,-0.0013,-0.0003,0.0368,0.0009,0.0041,-0.0000,0.0378,0.0014,0.0004,0.0370,0.0009,0.0033,0.0000,0.0128,-0.0006,-0.0012,-0.0042,0.1403,0.0015,-0.0030,-0.1350,-0.0018,-0.0509,0.1499,0.1436,-0.0005,-0.1248,0.0000,-0.0574,0.0583,0.1066,-0.0000,0.2651,0.0080,0.0082,0.0331,0.0116,0.0271,-0.0003,0.2658,-0.0060,-0.0088,0.0360,0.0121,0.0066,0.0002,-1.0000,-1.0000,-1.0000,-1.0000,-1.0000,-1.0000,-1.0000,-1.0000,-1.0000,-1.0000,-1.0000,-1.0000,-1.0000,-1.0000,-1.0000,-1.0000,-1.0000,-1.0000,-1.0000,-1.0000,-1.0000,-1.0000,-1.0000,-1.0000,-1.0000,-1.0000,-1.0000,-1.0000,-1.0000,-1.0000,-1.0000,-1.0000,-1.0000,-1.0000,-1.0000,-1.0000,-1.0000,-1.0000,-1.0000,-1.0000,-1.0000,-1.0000,-1.0000,-1.0000,-1.0000,-1.0000,-1.0000,-1.0000,-1.0000,-1.0000,-1.0000,-1.0000,-1.0000,-1.0000,-1.0000,-1.0000,-1.0000,-1.0000,-1.0000,-1.0000,-1.0000,-1.0000,-1.0000,-1.0000,-1.0000,-1.0000,-1.0000,-1.0000,-1.0000,-1.0000,-1.0000,-1.0000,-1.0000,-1.0000,-1.0000,-1.0000,-1.0000,-1.0000,-1.0000,-1.0000,-1.0000,-1.0000,-1.0000,-1.0000,-1.0000,-1.0000,-1.0000,-1.0000,-1.0000,-1.0000,-1.0000,-1.0000,-1.0000,-1.0000,-1.0000,-1.0000,-1.0000,-1.0000,-1.0000,-1.0000,-1.0000,-1.0000,-1.0000,-1.0000,-1.0000,-1.0000,-1.0000,-1.0000,-1.0000,-1.0000,-1.0000,-1.0000,-1.0000,-1.0000,-1.0000,-1.0000,-1.0000,-1.0000,-1.0000,-1.0000,-1.0000,1.2422,1.2839,1.2459,1.1934,1.2801,1.2091,0.9978,1.1805,1.1615,1.0355,1.1471,1.1662,1.0028,1.1878,1.0395,1.0494,1.1469,1.0525,1.0742,1.0607,1.0540,1.0616,0.9574,0.9782,1.0451,1.0409,0.9577,0.9970,0.9562,1.0134,0.9702,0.9998,1.0974,1.0291,1.0382,1.0978,0.9949,1.0995,1.0949,1.0738,1.2638,1.2700,1.2735,1.2682,1.2336,1.1672,1.2418,1.2028,1.2489,1.2066,1.2426,1.1773,1.1755,1.2111,1.2550,1.3288,1.2776,1.2821,1.3136,1.2512,1.2904,1.3034,1.3062,0,0.9562,4.2540,-2.8602,2.9891
72,0.1440,-0.7440,0.5496,1.3242,4.2540,-2.8602,1.5961,0.1217,0.1912,0.0000,1.0269,1.0000,0.0001,0.0070,0.0001,-0.0002,-0.0132,-0.0004,-0.0048,0.0042,-0.0002,0.0001,-0.0131,-0.0004,-0.0048,0.0041,-0.0005,0.0001,0.0377,-0.0013,-0.0003,0.0368,0.0009,0.0041,-0.0000,0.0378,0.0014,0.0004,0.0370,0.0009,0.0033,0.0000,0.0128,-0.0006,-0.0012,-0.0042,0.1403,0.0015,-0.0030,-0.1350,-0.0018,-0.0509,0.1499,0.1436,-0.0005,-0.1248,0.0000,-0.0574,0.0583,0.1066,-0.0000,0.2651,0.0080,0.0082,0.0331,0.0116,0.0271,-0.0003,0.2658,-0.0060,-0.0088,0.0360,0.0121,0.0066,0.0002,-1.0000,-1.0000,-1.0000,-1.0000,-1.0000,-1.0000,-1.0000,-1.0000,-1.0000,-1.0000,-1.0000,-1.0000,-1.0000,-1.0000,-1.0000,-1.0000,-1.0000,-1.0000,-1.0000,-1.0000,-1.0000,-1.0000,-1.0000,-1.0000,-1.0000,-1.0000,-1.0000,-1.0000,-1.0000,-1.0000,-1.0000,-1.0000,-1.0000,-1.0000,-1.0000,-1.0000,-1.0000,-1.0000,-1.0000,-1.0000,-1.0000,-1.0000,-1.0000,-1.0000,-1.0000,-1.0000,-1.0000,-1.0000,-1.0000,-1.0000,-1.0000,-1.0000,-1.0000,-1.0000,-1.0000,-1.0000,-1.0000,-1.0000,-1.0000,-1.0000,-1.0000,-1.0000,-1.0000,-1.0000,-1.0000,-1.0000,-1.0000,-1.0000,-1.0000,-1.0000,-1.0000,-1.0000,-1.0000,-1.0000,-1.0000,-1.0000,-1.0000,-1.0000,-1.0000,-1.0000,-1.0000,-1.0000,-1.0000,-1.0000,-1.0000,-1.0000,-1.0000,-1.0000,-1.0000,-1.0000,-1.0000,-1.0000,-1.0000,-1.0000,-1.0000,-1.0000,-1.0000,-1.0000,-1.0000,-1.0000,-1.0000,-1.0000,-1.0000,-1.0000,-1.0000,-1.0000,-1.0000,-1.0000,-1.0000,-1.0000,-1.0000,-1.0000,-1.0000,-1.0000,-1.0000,-1.0000,-1.0000,-1.0000,-1.0000,-1.0000,-1.0000,1.2422,1.2839,1.2459,1.1934,1.2801,1.2091,0.9978,1.1805,1.1615,1.0355,1.1471,1.1662,1.0028,1.1878,1.0395,1.0494,1.1469,1.0525,1.0742,1.0607,1.0540,1.0616,0.9574,0.9782,1.0451,1.0409,0.9577,0.9970,0.9562,1.0134,0.9702,0.9998,1.0974,1.0291,1.0382,1.0978,0.9949,1.0995,1.0949,1.0738,1.2638,1.2700,1.2735,1.2682,1.2336,1.1672,1.2418,1.2028,1.2489,1.2066,1.2426,1.1773,1.1755,1.2111,1.2550,1.3288,1.2776,1.2821,1.3136,1.2512,1.2904,1.3034,1.3062,0,0.9562,4.2540,-2.8602,2.9891
73,0.1460,-0.7355,0.5439,1.3273,4.2540,-2.8602,1.5765,0.1217,0.1912,0.0000,1.0269,1.0000,0.0001,0.0072,0.0001,-0.0002,-0.0134,-0.0004,-0.0049,0.0044,-0.0002,0.0001,-0.0133,-0.0004,-0.0049,0.0041,-0.0005,0.0001,0.0382,-0.0013,-0.0003,0.0368,0.0009,0.0042,-0.0000,0.0384,0.0014,0.0004,0.0371,0.0010,0.0033,0.0000,0.0128,-0.0003,-0.0012,-0.0039,0.1398,0.0015,-0.0020,-0.1286,0.0027,-0.0548,0.0954,0.0374,0.0002,-0.1197,0.0045,-0.0604,0.0196,-0.0009,-0.0002,0.2571,0.0084,0.0084,0.0263,0.0117,0.0265,-0.0002,0.2576,-0.0074,-0.0094,0.0286,0.0122,0.0055,0.0002,-1.0000,-1.0000,-1.0000,-1.0000,-1.0000,-1.0000,-1.0000,-1.0000,-1.0000,-1.0000,-1.0000,-1.0000,-1.0000,-1.0000,-1.0000,-1.0000,-1.0000,-1.0000,-1.0000,-1.0000,-1.0000,-1.0000,-1.0000,-1.0000,-1.0000,-1.0000,-1.0000,-1.0000,-1.0000,-1.0000,-1.0000,-1.0000,-1.0000,-1.0000,-1.0000,-1.0000,-1.0000,-1.0000,-1.0000,-1.0000,-1.0000,-1.0000,-1.0000,-1.0000,-1.0000,-1.0000,-1.0000,-1.0000,-1.0000,-1.0000,-1.0000,-1.0000,-1.0000,-1.0000,-1.0000,-1.0000,-1.0000,-1.0000,-1.0000,-1.0000,-1.0000,-1.0000,-1.0000,-1.0000,-1.0000,-1.0000,-1.0000,-1.0000,-1.0000,-1.0000,-1.0000,-1.0000,-1.0000,-1.0000,-1.0000,-1.0000,-1.0000,-1.0000,-1.0000,-1.0000,-1.0000,-1.0000,-1.0000,-1.0000,-1.0000,-1.0000,-1.0000,-1.0000,-1.0000,-1.0000,-1.0000,-1.0000,-1.0000,-1.0000,-1.0000,-1.0000,-1.0000,-1.0000,-1.0000,-1.0000,-1.0000,-1.0000,-1.0000,-1.0000,-1.0000,-1.0000,-1.0000,-1.0000,-1.0000,-1.0000,-1.0000,-1.0000,-1.0000,-1.0000,-1.0000,-1.0000,-1.0000,-1.0000,-1.0000,-1.0000,-1.0000,1.2317,1.2734,1.2354,1.1829,1.2696,1.1987,0.9880,1.1706,1.1512,1.0253,1.1374,1.1557,0.9925,1.1776,1.0295,1.0390,1.1369,1.0426,1.0640,1.0507,1.0441,1.0515,0.9474,0.9684,1.0350,1.0313,0.9479,0.9874,0.9465,1.0035,0.9607,0.9908,1.0883,1.0198,1.0292,1.0886,0.9857,1.0901,1.0859,1.0648,1.2536,1.2596,1.2631,1.2579,1.2233,1.1570,1.2317,1.1925,1.2389,1.1966,1.2326,1.1673,1.1654,1.2012,1.2454,1.3191,1.2678,1.2726,1.3038,1.2415,1.2806,1.2939,1.2966,0,0.9465,4.2540,-2.8602,2.9891
73,0.1460,-0.7355,0.5439,1.3273,4.2540,-2.8602,1.5765,0.1217,0.1912,0.0000,1.0269,1.0000,0.0001,0.0072,0.0001,-0.0002,-0.0134,-0.0004,-0.0049,0.0044,-0.0002,0.0001,-0.0133,-0.0004,-0.0049,0.0041,-0.0005,0.0001,0.0382,-0.0013,-0.0003,0.0368,0.0009,0.0042,-0.0000,0.0384,0.0014,0.0004,0.0371,0.0010,0.0033,0.0000,0.0128,-0.0003,-0.0012,-0.0039,0.1398,0.0015,-0.0020,-0.1286,0.0027,-0.0548,0.0954,0.0374,0.0002,-0.1197,0.0045,-0.0604,0.0196,-0.0009,-0.0002,0.2571,0.0084,0.0084,0.0263,0.0117,0.0265,-0.0002,0.2576,-0.0074,-0.0094,0.0286,0.0122,0.0055,0.0002,-1.0000,-1.0000,-1.0000,-1.0000,-1.0000,-1.0000,-1.0000,-1.0000,-1.0000,-1.0000,-1.0000,-1.0000,-1.0000,-1.0000,-1.0000,-1.0000,-1.0000,-1.0000,-1.0000,-1.0000,-1.0000,-1.0000,-1.0000,-1.0000,-1.0000,-1.0000,-1.0000,-1.0000,-1.0000,-1.0000,-1.0000,-1.0000,-1.0000,-1.0000,-1.0000,-1.0000,-1.0000,-1.0000,-1.0000,-1.0000,-1.0000,-1.0000,-1.0000,-1.0000,-1.0000,-1.0000,-1.0000,-1.0000,-1.0000,-1.0000,-1.0000,-1.0000,-1.0000,-1.0000,-1.0000,-1.0000,-1.0000,-1.0000,-1.0000,-1.0000,-1.0000,-1.0000,-1.0000,-1.0000,-1.0000,-1.0000,-1.0000,-1.0000,-1.0000,-1.0000,-1.0000,-1.0000,-1.0000,-1.0000,-1.0000,-1.0000,-1.0000,-1.0000,-1.0000,-1.0000,-1.0000,-1.0000,-1.0000,-1.0000,-1.0000,-1.0000,-1.0000,-1.0000,-1.0000,-1.0000,-1.0000,-1.0000,-1.0000,-1.0000,-1.0000,-1.0000,-1.0000,-1.0000,-1.0000,-1.0000,-1.0000,-1.0000,-1.0000,-1.0000,-1.0000,-1.0000,-1.0000,-1.0000,-1.0000,-1.0000,-1.0000,-1.0000,-1.0000,-1.0000,-1.0000,-1.0000,-1.0000,-1.0000,-1.0000,-1.0000,-1.0000,1.2317,1.2734,1.2354,1.1829,1.2696,1.1987,0.9880,1.1706,1.1512,1.0253,1.1374,1.1557,0.9925,1.1776,1.0295,1.0390,1.1369,1.0426,1.0640,1.0507,1.0441,1.0515,0.9474,0.9684,1.0350,1.0313,0.9479,0.9874,0.9465,1.0035,0.9607,0.9908,1.0883,1.0198,1.0292,1.0886,0.9857,1.0901,1.0859,1.0648,1.2536,1.2596,1.2631,1.2579,1.2233,1.1570,1.2317,1.1925,1.2389,1.1966,1.2326,1.1673,1.1654,1.2012,1.2454,1.3191,1.2678,1.2726,1.3038,1.2415,1.2806,1.2939,1.2966,0,0.9465,4.2540,-2.8602,2.9891
74,0.1480,-0.7270,0.5382,1.3304,4.2540,-2.8602,1.5568,0.1217,0.1912,0.0000,1.0269,1.0000,0.0001,0.0073,0.0001,-0.0002,-0.0137,-0.0004,-0.0050,0.0045,-0.0003,0.0001,-0.0136,-0.0004,-0.0050,0.0041,-0.0006,0.0001,0.0387,-0.0013,-0.0003,0.0369,0.0009,0.0042,-0.0000,0.0389,0.0014,0.0004,0.0371,0.0010,0.0033,0.0000,0.0128,-0.0003,-0.0008,-0.0068,0.1393,0.0014,-0.0011,-0.1230,0.0108,-0.0580,0.0488,-0.0608,0.0002,-0.1159,0.0105,-0.0627,-0.0075,-0.0526,0.0000,0.2487,0.0079,0.0090,0.0194,0.0118,0.0258,-0.0002,0.2497,-0.0097,-0.0095,0.0235,0.0124,0.0045,0.0002,-1.0000,-1.0000,-1.0000,-1.0000,-1.0000,-1.0000,-1.0000,-1.0000,-1.0000,-1.0000,-1.0000,-1.0000,-1.0000,-1.0000,-1.0000,-1.0000,-1.0000,-1.0000,-1.0000,-1.0000,-1.0000,-1.0000,-1.0000,-1.0000,-1.0000,-1.0000,-1.0000,-1.0000,-1.0000,-1.0000,-1.0000,-1.0000,-1.0000,-1.0000,-1.0000,-1.0000,-1.0000,-1.0000,-1.0000,-1.0000,-1.0000,-1.0000,-1.0000,-1.0000,-1.0000,-1.0000,-1.0000,-1.0000,-1.0000,-1.0000,-1.0000,-1.0000,-1.0000,-1.0000,-1.0000,-1.0000,-1.0000,-1.0000,-1.0000,-1.0000,-1.0000,-1.0000,-1.0000,-1.0000,-1.0000,-1.0000,-1.0000,-1.0000,-1.0000,-1.0000,-1.0000,-1.0000,-1.0000,-1.0000,-1.0000,-1.0000,-1.0000,-1.0000,-1.0000,-1.0000,-1.0000,-1.0000,-1.0000,-1.0000,-1.0000,-1.0000,-1.0000,-1.0000,-1.0000,-1.0000,-1.0000,-1.0000,-1.0000,-1.0000,-1.0000,-1.0000,-1.0000,-1.0000,-1.0000,-1.0000,-1.0000,-1.0000,-1.0000,-1.0000,-1.0000,-1.0000,-1.0000,-1.0000,-1.0000,-1.0000,-1.0000,-1.0000,-1.0000,-1.0000,-1.0000,-1.0000,-1.0000,-1.0000,-1.0000,-1.0000,-1.0000,1.2212,1.2629,1.2249,1.1725,1.2591,1.1883,0.9783,1.1606,1.1409,1.0151,1.1277,1.1452,0.9822,1.1674,1.0196,1.0286,1.1268,1.0327,1.0539,1.0407,1.0341,1.0415,0.9373,0.9586,1.0250,1.0217,0.9382,0.9778,0.9368,0.9936,0.9512,0.9817,1.0792,1.0107,1.0203,1.0793,0.9766,1.0808,1.0769,1.0558,1.2434,1.2492,1.2528,1.2476,1.2130,1.1468,1.2215,1.1823,1.2290,1.1866,1.2227,1.1574,1.1553,1.1914,1.2358,1.3094,1.2581,1.2630,1.2940,1.2318,1.2709,1.2844,1.2871,0,0.9368,4.2540,-2.8602,2.9891
75,0.1500,-0.7184,0.5325,1.3335,4.2540,-2.8602,1.5372,0.1217,0.1912,0.0000,1.0269,1.0000,0.0001,0.0075,0.0001,-0.0002,-0.0139,-0.0003,-0.0051,0.0045,-0.0006,0.0001,-0.0138,-0.0003,-0.0051,0.0040,-0.0008,0.0001,0.0392,-0.0013,-0.0003,0.0369,0.0010,0.0043,-0.0000,0.0393,0.0014,0.0004,0.0372,0.0010,0.0034,0.0000,0.0128,-0.0002,-0.0005,-0.0097,0.1387,0.0013,-0.0004,-0.1179,0.0187,-0.0609,0.0082,-0.1529,0.0003,-0.1125,0.0162,-0.0646,-0.0311,-0.0998,0.0003,0.2399,0.0075,0.0096,0.0126,0.0120,0.0251,-0.0002,0.2416,-0.0120,-0.0096,0.0182,0.0125,0.0034,0.0002,-1.0000,-1.0000,-1.0000,-1.0000,-1.0000,-1.0000,-1.0000,-1.0000,-1.0000,-1.0000,-1.0000,-1.0000,-1.0000,-1.0000,-1.0000,-1.0000,-1.0000,-1.0000,-1.0000,-1.0000,-1.0000,-1.0000,-1.0000,-1.0000,-1.0000,-1.0000,-1.0000,-1.0000,-1.0000,-1.0000,-1.0000,-1.0000,-1.0000,-1.0000,-1.0000,-1.0000,-1.0000,-1.0000,-1.0000,-1.0000,-1.0000,-1.0000,-1.0000,-1.0000,-1.0000,-1.0000,-1.0000,-1.0000,-1.0000,-1.0000,-1.0000,-1.0000,-1.0000,-1.0000,-1.0000,-1.0000,-1.0000,-1.0000,-1.0000,-1.0000,-1.0000,-1.0000,-1.0000,-1.0000,-1.0000,-1.0000,-1.0000,-1.0000,-1.0000,-1.0000,-1.0000,-1.0000,-1.0000,-1.0000,-1.0000,-1.0000,-1.0000,-1.0000,-1.0000,-1.0000,-1.0000,-1.0000,-1.0000,-1.0000,-1.0000,-1.0000,-1.0000,-1.0000,-1.0000,-1.0000,-1.0000,-1.0000,-1.0000,-1.0000,-1.0000,-1.0000,-1.0000,-1.0000,-1.0000,-1.0000,-1.0000,-1.0000,-1.0000,-1.0000,-1.0000,-1.0000,-1.0000,-1.0000,-1.0000,-1.0000,-1.0000,-1.0000,-1.0000,-1.0000,-1.0000,-1.0000,-1.0000,-1.0000,-1.0000,-1.0000,-1.0000,1.2108,1.2525,1.2144,1.1620,1.2486,1.1779,0.9685,1.1507,1.1306,1.0049,1.1180,1.1347,0.9719,1.1572,1.0097,1.0181,1.1168,1.0229,1.0438,1.0307,1.0242,1.0315,0.9273,0.9488,1.0150,1.0121,0.9285,0.9682,0.9271,0.9837,0.9418,0.9728,1.0702,1.0015,1.0113,1.0701,0.9675,1.0714,1.0680,1.0468,1.2332,1.2388,1.2425,1.2373,1.2028,1.1367,1.2114,1.1721,1.2190,1.1765,1.2127,1.1475,1.1452,1.1816,1.2263,1.2998,1.2484,1.2535,1.2843,1.2222,1.2611,1.2749,1.2775,0,0.9271,4.2540,-2.8602,2.9891
75,0.1500,-0.7184,0.5325,1.3335,4.2540,-2.8602,1.5372,0.1217,0.1912,0.0000,1.0269,1.0000,0.0001,0.0075,0.0001,-0.0002,-0.0139,-0.0003,-0.0051,0.0045,-0.0006,0.0001,-0.0138,-0.0003,-0.0051,0.0040,-0.0008,0.0001,0.0392,-0.0013,-0.0003,0.0369,0.0010,0.0043,-0.0000,0.0393,0.0014,0.0004,0.0372,0.0010,0.0034,0.0000,0.0128,-0.0002,-0.0005,-0.0097,0.1387,0.0013,-0.0004,-0.1179,0.0187,-0.0609,0.0082,-0.1529,0.0003,-0.1125,0.0162,-0.0646,-0.0311,-0.0998,0.0003,0.2399,0.0075,0.0096,0.0126,0.0120,0.0251,-0.0002,0.2416,-0.0120,-0.0096,0.0182,0.0125,0.0034,0.0002,-1.0000,-1.0000,-1.0000,-1.0000,-1.0000,-1.0000,-1.0000,-1.0000,-1.0000,-1.0000,-1.0000,-1.0000,-1.0000,-1.0000,-1.0000,-1.0000,-1.0000,-1.0000,-1.0000,-1.0000,-1.0000,-1.0000,-1.0000,-1.0000,-1.0000,-1.0000,-1.0000,-1.0000,-1.0000,-1.0000,-1.0000,-1.0000,-1.0000,-1.0000,-1.0000,-1.0000,-1.0000,-1.0000,-1.0000,-1.0000,-1.0000,-1.0000,-1.0000,-1.0000,-1.0000,-1.0000,-1.0000,-1.0000,-1.0000,-1.0000,-1.0000,-1.0000,-1.0000,-1.0000,-1.0000,-1.0000,-1.0000,-1.0000,-1.0000,-1.0000,-1.0000,-1.0000,-1.0000,-1.0000,-1.0000,-1.0000,-1.0000,-1.0000,-1.0000,-1.0000,-1.0000,-1.0000,-1.0000,-1.0000,-1.0000,-1.0000,-1.0000,-1.0000,-1.0000,-1.0000,-1.0000,-1.0000,-1.0000,-1.0000,-1.0000,-1.0000,-1.0000,-1.0000,-1.0000,-1.0000,-1.0000,-1.0000,-1.0000,-1.0000,-1.0000,-1.0000,-1.0000,-1.0000,-1.0000,-1.0000,-1.0000,-1.0000,-1.0000,-1.0000,-1.0000,-1.0000,-1.0000,-1.0000,-1.0000,-1.0000,-1.0000,-1.0000,-1.0000,-1.0000,-1.0000,-1.0000,-1.0000,-1.0000,-1.0000,-1.0000,-1.0000,1.2108,1.2525,1.2144,1.1620,1.2486,1.1779,0.9685,1.1507,1.1306,1.0049,1.1180,1.1347,0.9719,1.1572,1.0097,1.0181,1.1168,1.0229,1.0438,1.0307,1.0242,1.0315,0.9273,0.9488,1.0150,1.0121,0.9285,0.9682,0.9271,0.9837,0.9418,0.9728,1.0702,1.0015,1.0113,1.0701,0.9675,1.0714,1.0680,1.0468,1.2332,1.2388,1.2425,1.2373,1.2028,1.1367,1.2114,1.1721,1.2190,1.1765,1.2127,1.1475,1.1452,1.1816,1.2263,1.2998,1.2484,1.2535,1.2843,1.2222,1.2611,1.2749,1.2775,0,0.9271,4.2540,-2.8602,2.9891
76,0.1520,-0.7099,0.5268,1.3365,4.2540,-2.8602,1.5176,0.1217,0.1913,0.0000,1.0269,1.0000,0.0001,0.0076,0.0001,-0.0002,-0.0141,-0.0003,-0.0053,0.0045,-0.0011,0.0001,-0.0140,-0.0003,-0.0053,0.0040,-0.0006,0.0001,0.0397,-0.0013,-0.0003,0.0369,0.0010,0.0043,-0.0000,0.0398,0.0014,0.0003,0.0372,0.0010,0.0034,0.0000,0.0127,-0.0000,-0.0024,-0.0039,0.1374,0.0015,0.0002,-0.1121,0.0163,-0.0640,-0.0305,-0.2473,-0.0004,-0.1121,0.0003,-0.0634,-0.0256,0.0818,-0.0007,0.2311,0.0107,0.0092,0.0054,0.0120,0.0244,-0.0002,0.2312,-0.0107,-0.0108,0.0065,0.0126,0.0021,0.0002,-1.0000,-1.0000,-1.0000,-1.0000,-1.0000,-1.0000,-1.0000,-1.0000,-1.0000,-1.0000,-1.0000,-1.0000,-1.0000,-1.0000,-1.0000,-1.0000,-1.0000,-1.0000,-1.0000,-1.0000,-1.0000,-1.0000,-1.0000,-1.0000,-1.0000,-1.0000,-1.0000,-1.0000,-1.0000,-1.0000,-1.0000,-1.0000,-1.0000,-1.0000,-1.0000,-1.0000,-1.0000,-1.0000,-1.0000,-1.0000,-1.0000,-1.0000,-1.0000,-1.0000,-1.0000,-1.0000,-1.0000,-1.0000,-1.0000,-1.0000,-1.0000,-1.0000,-1.0000,-1.0000,-1.0000,-1.0000,-1.0000,-1.0000,-1.0000,-1.0000,-1.0000,-1.0000,-1.0000,-1.0000,-1.0000,-1.0000,-1.0000,-1.0000,-1.0000,-1.0000,-1.0000,-1.0000,-1.0000,-1.0000,-1.0000,-1.0000,-1.0000,-1.0000,-1.0000,-1.0000,-1.0000,-1.0000,-1.0000,-1.0000,-1.0000,-1.0000,-1.0000,-1.0000,-1.0000,-1.0000,-1.0000,-1.0000,-1.0000,-1.0000,-1.0000,-1.0000,-1.0000,-1.0000,-1.0000,-1.0000,-1.0000,-1.0000,-1.0000,-1.0000,-1.0000,-1.0000,-1.0000,-1.0000,-1.0000,-1.0000,-1.0000,-1.0000,-1.0000,-1.0000,-1.0000,-1.0000,-1.0000,-1.0000,-1.0000,-1.0000,-1.0000,1.2004,1.2420,1.2040,1.1516,1.2381,1.1675,0.9588,1.1408,1.1203,0.9947,1.1083,1.1242,0.9615,1.1470,0.9998,1.0077,1.1068,1.0130,1.0338,1.0207,1.0143,1.0214,0.9174,0.9390,1.0050,1.0026,0.9188,0.9587,0.9175,0.9738,0.9324,0.9638,1.0611,0.9924,1.0024,1.0609,0.9584,1.0621,1.0591,1.0379,1.2230,1.2284,1.2321,1.2271,1.1925,1.1265,1.2012,1.1619,1.2091,1.1665,1.2028,1.1375,1.1351,1.1718,1.2168,1.2901,1.2387,1.2440,1.2745,1.2126,1.2513,1.2654,1.2680,0,0.9174,4.2540,-2.8602,2.9891
76,0.1520,-0.7099,0.5268,1.3365,4.2540,-2.8602,1.5176,0.1217,0.1913,0.0000,1.0269,1.0000,0.0001,0.0076,0.0001,-0.0002,-0.0141,-0.0003,-0.0053,0.0045,-0.0011,0.0001,-0.0140,-0.0003,-0.0053,0.0040,-0.0006,0.0001,0.0397,-0.0013,-0.0003,0.0369,0.0010,0.0043,-0.0000,0.0398,0.0014,0.0003,0.0372,0.0010,0.0034,0.0000,0.0127,-0.0000,-0.0024,-0.0039,0.1374,0.0015,0.0002,-0.1121,0.0163,-0.0640,-0.0305,-0.2473,-0.0004,-0.1121,0.0003,-0.0634,-0.0256,0.0818,-0.0007,0.2311,0.0107,0.0092,0.0054,0.0120,0.0244,-0.0002,0.2312,-0.0107,-0.0108,0.0065,0.0126,0.0021,0.0002,-1.0000,-1.0000,-1.0000,-1.0000,-1.0000,-1.0000,-1.0000,-1.0000,-1.0000,-1.0000,-1.0000,-1.0000,-1.0000,-1.0000,-1.0000,-1.0000,-1.0000,-1.0000,-1.0000,-1.0000,-1.0000,-1.0000,-1.0000,-1.0000,-1.0000,-1.0000,-1.0000,-1.0000,-1.0000,-1.0000,-1.0000,-1.0000,-1.0000,-1.0000,-1.0000,-1.0000,-1.0000,-1.0000,-1.0000,-1.0000,-1.0000,-1.0000,-1.0000,-1.0000,-1.0000,-1.0000,-1.0000,-1.0000,-1.0000,-1.0000,-1.0000,-1.0000,-1.0000,-1.0000,-1.0000,-1.0000,-1.0000,-1.0000,-1.0000,-1.0000,-1.0000,-1.0000,-1.0000,-1.0000,-1.0000,-1.0000,-1.0000,-1.0000,-1.0000,-1.0000,-1.0000,-1.0000,-1.0000,-1.0000,-1.0000,-1.0000,-1.0000,-1.0000,-1.0000,-1.0000,-1.0000,-1.0000,-1.0000,-1.0000,-1.0000,-1.0000,-1.0000,-1.0000,-1.0000,-1.0000,-1.0000,-1.0000,-1.0000,-1.0000,-1.0000,-1.0000,-1.0000,-1.0000,-1.0000,-1.0000,-1.0000,-1.0000,-1.0000,-1.0000,-1.0000,-1.0000,-1.0000,-1.0000,-1.0000,-1.0000,-1.0000,-1.0000,-1.0000,-1.0000,-1.0000,-1.0000,-1.0000,-1.0000,-1.0000,-1.0000,-1.0000,1.2004,1.2420,1.2040,1.1516,1.2381,1.1675,0.9588,1.1408,1.1203,0.9947,1.1083,1.1242,0.9615,1.1470,0.9998,1.0077,1.1068,1.0130,1.0338,1.0207,1.0143,1.0214,0.9174,0.9390,1.0050,1.0026,0.9188,0.9587,0.9175,0.9738,0.9324,0.9638,1.0611,0.9924,1.0024,1.0609,0.9584,1.0621,1.0591,1.0379,1.2230,1.2284,1.2321,1.2271,1.1925,1.1265,1.2012,1.1619,1.2091,1.1665,1.2028,1.1375,1.1351,1.1718,1.2168,1.2901,1.2387,1.2440,1.2745,1.2126,1.2513,1.2654,1.2680,0,0.9174,4.2540,-2.8602,2.9891
77,0.1540,-0.7014,0.5210,1.3395,4.2540,-2.8602,1.4980,0.1217,0.1913,0.0000,1.0269,1.0000,0.0001,0.0077,0.0001,-0.0002,-0.0143,-0.0003,-0.0054,0.0043,-0.0017,0.0001,-0.0143,-0.0004,-0.0054,0.0043,-0.0005,0.0001,0.0401,-0.0012,-0.0003,0.0369,0.0010,0.0044,-0.0000,0.0402,0.0013,0.0003,0.0371,0.0011,0.0034,0.0000,0.0128,0.0011,-0.0059,0.0167,0.1351,0.0026,-0.0001,-0.1051,-0.0075,-0.0673,-0.0647,-0.2859,-0.0009,-0.1294,-0.0253,-0.0475,0.1432,0.0781,-0.0042,0.2233,0.0184,0.0068,0.0017,0.0120,0.0237,-0.0002,0.2180,-0.0050,-0.0141,-0.0122,0.0124,0.0006,0.0001,-1.0000,-1.0000,-1.0000,-1.0000,-1.0000,-1.0000,-1.0000,-1.0000,-1.0000,-1.0000,-1.0000,-1.0000,-1.0000,-1.0000,-1.0000,-1.0000,-1.0000,-1.0000,-1.0000,-1.0000,-1.0000,-1.0000,-1.0000,-1.0000,-1.0000,-1.0000,-1.0000,-1.0000,-1.0000,-1.0000,-1.0000,-1.0000,-1.0000,-1.0000,-1.0000,-1.0000,-1.0000,-1.0000,-1.0000,-1.0000,-1.0000,-1.0000,-1.0000,-1.0000,-1.0000,-1.0000,-1.0000,-1.0000,-1.0000,-1.0000,-1.0000,-1.0000,-1.0000,-1.0000,-1.0000,-1.0000,-1.0000,-1.0000,-1.0000,-1.0000,-1.0000,-1.0000,-1.0000,-1.0000,-1.0000,-1.0000,-1.0000,-1.0000,-1.0000,-1.0000,-1.0000,-1.0000,-1.0000,-1.0000,-1.0000,-1.0000,-1.0000,-1.0000,-1.0000,-1.0000,-1.0000,-1.0000,-1.0000,-1.0000,-1.0000,-1.0000,-1.0000,-1.0000,-1.0000,-1.0000,-1.0000,-1.0000,-1.0000,-1.0000,-1.0000,-1.0000,-1.0000,-1.0000,-1.0000,-1.0000,-1.0000,-1.0000,-1.0000,-1.0000,-1.0000,-1.0000,-1.0000,-1.0000,-1.0000,-1.0000,-1.0000,-1.0000,-1.0000,-1.0000,-1.0000,-1.0000,-1.0000,-1.0000,-1.0000,-1.0000,-1.0000,1.1900,1.2316,1.1935,1.1412,1.2277,1.1571,0.9491,1.1309,1.1101,0.9845,1.0986,1.1137,0.9512,1.1368,0.9899,0.9973,1.0968,1.0032,1.0237,1.0107,1.0044,1.0114,0.9074,0.9293,0.9950,0.9931,0.9092,0.9492,0.9079,0.9640,0.9230,0.9549,1.0521,0.9833,0.9936,1.0517,0.9493,1.0529,1.0502,1.0290,1.2128,1.2180,1.2218,1.2168,1.1822,1.1163,1.1911,1.1517,1.1992,1.1565,1.1928,1.1277,1.1250,1.1620,1.2073,1.2805,1.2291,1.2345,1.2648,1.2030,1.2416,1.2559,1.2585,0,0.9074,4.2540,-2.8602,2.9891
78,0.1560,-0.6929,0.5153,1.3425,4.2540,-2.8602,1.4784,0.1217,0.1913,0.0000,1.0269,1.0000,0.0001,0.0079,0.0001,-0.0002,-0.0146,-0.0003,-0.0055,0.0042,-0.0018,0.0001,-0.0145,-0.0004,-0.0055,0.0045,-0.0004,0.0001,0.0406,-0.0012,-0.0002,0.0369,0.0010,0.0044,-0.0000,0.0407,0.0013,0.0003,0.0371,0.0011,0.0034,0.0000,0.0128,0.0004,-0.0055,0.0053,0.1342,0.0022,-0.0007,-0.1056,-0.0025,-0.0658,-0.0527,-0.0889,-0.0007,-0.1230,-0.0081,-0.0514,0.0949,0.0213,-0.0024,0.2128,0.0159,0.0088,-0.0072,0.0121,0.0229,-0.0002,0.2105,-0.0093,-0.0127,-0.0127,0.0126,-0.0003,0.0001,-1.0000,-1.0000,-1.0000,-1.0000,-1.0000,-1.0000,-1.0000,-1.0000,-1.0000,-1.0000,-1.0000,-1.0000,-1.0000,-1.0000,-1.0000,-1.0000,-1.0000,-1.0000,-1.0000,-1.0000,-1.0000,-1.0000,-1.0000,-1.0000,-1.0000,-1.0000,-1.0000,-1.0000,-1.0000,-1.0000,-1.0000,-1.0000,-1.0000,-1.0000,-1.0000,-1.0000,-1.0000,-1.0000,-1.0000,-1.0000,-1.0000,-1.0000,-1.0000,-1.0000,-1.0000,-1.0000,-1.0000,-1.0000,-1.0000,-1.0000,-1.0000,-1.0000,-1.0000,-1.0000,-1.0000,-1.0000,-1.0000,-1.0000,-1.0000,-1.0000,-1.0000,-1.0000,-1.0000,-1.0000,-1.0000,-1.0000,-1.0000,-1.0000,-1.0000,-1.0000,-1.0000,-1.0000,-1.0000,-1.0000,-1.0000,-1.0000,-1.0000,-1.0000,-1.0000,-1.0000,-1.0000,-1.0000,-1.0000,-1.0000,-1.0000,-1.0000,-1.0000,-1.0000,-1.0000,-1.0000,-1.0000,-1.0000,-1.0000,-1.0000,-1.0000,-1.0000,-1.0000,-1.0000,-1.0000,-1.0000,-1.0000,-1.0000,-1.0000,-1.0000,-1.0000,-1.0000,-1.0000,-1.0000,-1.0000,-1.0000,-1.0000,-1.0000,-1.0000,-1.0000,-1.0000,-1.0000,-1.0000,-1.0000,-1.0000,-1.0000,-1.0000,1.1796,1.2212,1.1831,1.1308,1.2172,1.1468,0.9394,1.1210,1.0998,0.9743,1.0889,1.1033,0.9409,1.1266,0.9800,0.9869,1.0868,0.9934,1.0137,1.0008,0.9945,1.0015,0.8975,0.9196,0.9851,0.9836,0.8995,0.9397,0.8983,0.9541,0.9136,0.9460,1.0431,0.9742,0.9847,1.0426,0.9403,1.0436,1.0413,1.0201,1.2026,1.2076,1.2115,1.2065,1.1720,1.1062,1.1810,1.1415,1.1893,1.1466,1.1829,1.1178,1.1150,1.1523,1.1978,1.2709,1.2194,1.2250,1.2551,1.1934,1.2319,1.2465,1.2490,0,0.8975,4.2540,-2.8602,2.9891
78,0.1560,-0.6929,0.5153,1.3425,4.2540,-2.8602,1.4784,0.1217,0.1913,0.0000,1.0269,1.0000,0.0001,0.0079,0.0001,-0.0002,-0.0146,-0.0003,-0.0055,0.0042,-0.0018,0.0001,-0.0145,-0.0004,-0.0055,0.0045,-0.0004,0.0001,0.0406,-0.0012,-0.0002,0.0369,0.0010,0.0044,-0.0000,0.0407,0.0013,0.0003,0.0371,0.0011,0.0034,0.0000,0.0128,0.0004,-0.0055,0.0053,0.1342,0.0022,-0.0007,-0.1056,-0.0025,-0.0658,-0.0527,-0.0889,-0.0007,-0.1230,-0.0081,-0.0514,0.0949,0.0213,-0.0024,0.2128,0.0159,0.0088,-0.0072,0.0121,0.0229,-0.0002,0.2105,-0.0093,-0.0127,-0.0127,0.0126,-0.0003,0.0001,-1.0000,-1.0000,-1.0000,-1.0000,-1.0000,-1.0000,-1.0000,-1.0000,-1.0000,-1.0000,-1.0000,-1.0000,-1.0000,-1.0000,-1.0000,-1.0000,-1.0000,-1.0000,-1.0000,-1.0000,-1.0000,-1.0000,-1.0000,-1.0000,-1.0000,-1.0000,-1.0000,-1.0000,-1.0000,-1.0000,-1.0000,-1.0000,-1.0000,-1.0000,-1.0000,-1.0000,-1.0000,-1.0000,-1.0000,-1.0000,-1.0000,-1.0000,-1.0000,-1.0000,-1.0000,-1.0000,-1.0000,-1.0000,-1.0000,-1.0000,-1.0000,-1.0000,-1.0000,-1.0000,-1.0000,-1.0000,-1.0000,-1.0000,-1.0000,-1.0000,-1.0000,-1.0000,-1.0000,-1.0000,-1.0000,-1.0000,-1.0000,-1.0000,-1.0000,-1.0000,-1.0000,-1.0000,-1.0000,-1.0000,-1.0000,-1.0000,-1.0000,-1.0000,-1.0000,-1.0000,-1.0000,-1.0000,-1.0000,-1.0000,-1.0000,-1.0000,-1.0000,-1.0000,-1.0000,-1.0000,-1.0000,-1.0000,-1.0000,-1.0000,-1.0000,-1.0000,-1.0000,-1.0000,-1.0000,-1.0000,-1.0000,-1.0000,-1.0000,-1.0000,-1.0000,-1.0000,-1.0000,-1.0000,-1.0000,-1.0000,-1.0000,-1.0000,-1.0000,-1.0000,-1.0000,-1.0000,-1.0000,-1.0000,-1.0000,-1.0000,-1.0000,1.1796,1.2212,1.1831,1.1308,1.2172,1.1468,0.9394,1.1210,1.0998,0.9743,1.0889,1.1033,0.9409,1.1266,0.9800,0.9869,1.0868,0.9934,1.0137,1.0008,0.9945,1.0015,0.8975,0.9196,0.9851,0.9836,0.8995,0.9397,0.8983,0.9541,0.9136,0.9460,1.0431,0.9742,0.9847,1.0426,0.9403,1.0436,1.0413,1.0201,1.2026,1.2076,1.2115,1.2065,1.1720,1.1062,1.1810,1.1415,1.1893,1.1466,1.1829,1.1178,1.1150,1.1523,1.1978,1.2709,1.2194,1.2250,1.2551,1.1934,1.2319,1.2465,1.2490,0,0.8975,4.2540,-2.8602,2.9891
79,0.1580,-0.6844,0.5096,1.3454,4.2540,-2.8602,1.4587,0.1217,0.1913,0.0000,1.0269,1.0000,0.0001,0.0080,0.0001,-0.0002,-0.0148,-0.0003,-0.0056,0.0042,-0.0019,0.0001,-0.0147,-0.0004,-0.0056,0.0046,-0.0005,0.0001,0.0410,-0.0012,-0.0002,0.0369,0.0011,0.0045,-0.0000,0.0411,0.0013,0.0003,0.0371,0.0011,0.0034,0.0000,0.0128,0.0005,-0.0027,0.0080,0.1337,0.0022,-0.0010,-0.1078,-0.0086,-0.0639,-0.0268,-0.0326,-0.0007,-0.1180,-0.0091,-0.0544,0.0547,-0.0276,-0.0029,0.2050,0.0176,0.0087,-0.0064,0.0123,0.0223,-0.0002,0.2019,-0.0092,-0.0133,-0.0139,0.0127,-0.0012,0.0001,-1.0000,-1.0000,-1.0000,-1.0000,-1.0000,-1.0000,-1.0000,-1.0000,-1.0000,-1.0000,-1.0000,-1.0000,-1.0000,-1.0000,-1.0000,-1.0000,-1.0000,-1.0000,-1.0000,-1.0000,-1.0000,-1.0000,-1.0000,-1.0000,-1.0000,-1.0000,-1.0000,-1.0000,-1.0000,-1.0000,-1.0000,-1.0000,-1.0000,-1.0000,-1.0000,-1.0000,-1.0000,-1.0000,-1.0000,-1.0000,-1.0000,-1.0000,-1.0000,-1.0000,-1.0000,-1.0000,-1.0000,-1.0000,-1.0000,-1.0000,-1.0000,-1.0000,-1.0000,-1.0000,-1.0000,-1.0000,-1.0000,-1.0000,-1.0000,-1.0000,-1.0000,-1.0000,-1.0000,-1.0000,-1.0000,-1.0000,-1.0000,-1.0000,-1.0000,-1.0000,-1.0000,-1.0000,-1.0000,-1.0000,-1.0000,-1.0000,-1.0000,-1.0000,-1.0000,-1.0000,-1.0000,-1.0000,-1.0000,-1.0000,-1.0000,-1.0000,-1.0000,-1.0000,-1.0000,-1.0000,-1.0000,-1.0000,-1.0000,-1.0000,-1.0000,-1.0000,-1.0000,-1.0000,-1.0000,-1.0000,-1.0000,-1.0000,-1.0000,-1.0000,-1.0000,-1.0000,-1.0000,-1.0000,-1.0000,-1.0000,-1.0000,-1.0000,-1.0000,-1.0000,-1.0000,-1.0000,-1.0000,-1.0000,-1.0000,-1.0000,-1.0000,1.1692,1.2108,1.1727,1.1205,1.2068,1.1365,0.9297,1.1111,1.0896,0.9642,1.0793,1.0928,0.9307,1.1164,0.9702,0.9765,1.0768,0.9837,1.0037,0.9909,0.9847,0.9915,0.8875,0.9099,0.9751,0.9741,0.8899,0.9303,0.8887,0.9443,0.9043,0.9371,1.0342,0.9652,0.9759,1.0334,0.9313,1.0344,1.0325,1.0113,1.1925,1.1972,1.2012,1.1963,1.1617,1.0961,1.1709,1.1313,1.1794,1.1366,1.1730,1.1079,1.1049,1.1425,1.1883,1.2613,1.2098,1.2156,1.2454,1.1838,1.2221,1.2371,1.2395,0,0.8875,4.2540,-2.8602,2.9891
79,0.1580,-0.6844,0.5096,1.3454,4.2540,-2.8602,1.4587,0.1217,0.1913,0.0000,1.0269,1.0000,0.0001,0.0080,0.0001,-0.0002,-0.0148,-0.0003,-0.0056,0.0042,-0.0019,0.0001,-0.0147,-0.0004,-0.0056,0.0046,-0.0005,0.0001,0.0410,-0.0012,-0.0002,0.0369,0.0011,0.0045,-0.0000,0.0411,0.0013,0.0003,0.0371,0.0011,0.0034,0.0000,0.0128,0.0005,-0.0027,0.0080,0.1337,0.0022,-0.0010,-0.1078,-0.0086,-0.0639,-0.0268,-0.0326,-0.0007,-0.1180,-0.0091,-0.0544,0.0547,-0.0276,-0.0029,0.2050,0.0176,0.0087,-0.0064,0.0123,0.0223,-0.0002,0.2019,-0.0092,-0.0133,-0.0139,0.0127,-0.0012,0.0001,-1.0000,-1.0000,-1.0000,-1.0000,-1.0000,-1.0000,-1.0000,-1.0000,-1.0000,-1.0000,-1.0000,-1.0000,-1.0000,-1.0000,-1.0000,-1.0000,-1.0000,-1.0000,-1.0000,-1.0000,-1.0000,-1.0000,-1.0000,-1.0000,-1.0000,-1.0000,-1.0000,-1.0000,-1.0000,-1.0000,-1.0000,-1.0000,-1.0000,-1.0000,-1.0000,-1.0000,-1.0000,-1.0000,-1.0000,-1.0000,-1.0000,-1.0000,-1.0000,-1.0000,-1.0000,-1.0000,-1.0000,-1.0000,-1.0000,-1.0000,-1.0000,-1.0000,-1.0000,-1.0000,-1.0000,-1.0000,-1.0000,-1.0000,-1.0000,-1.0000,-1.0000,-1.0000,-1.0000,-1.0000,-1.0000,-1.0000,-1.0000,-1.0000,-1.0000,-1.0000,-1.0000,-1.0000,-1.0000,-1.0000,-1.0000,-1.0000,-1.0000,-1.0000,-1.0000,-1.0000,-1.0000,-1.0000,-1.0000,-1.0000,-1.0000,-1.0000,-1.0000,-1.0000,-1.0000,-1.0000,-1.0000,-1.0000,-1.0000,-1.0000,-1.0000,-1.0000,-1.0000,-1.0000,-1.0000,-1.0000,-1.0000,-1.0000,-1.0000,-1.0000,-1.0000,-1.0000,-1.0000,-1.0000,-1.0000,-1.0000,-1.0000,-1.0000,-1.0000,-1.0000,-1.0000,-1.0000,-1.0000,-1.0000,-1.0000,-1.0000,-1.0000,1.1692,1.2108,1.1727,1.1205,1.2068,1.1365,0.9297,1.1111,1.0896,0.9642,1.0793,1.0928,0.9307,1.1164,0.9702,0.9765,1.0768,0.9837,1.0037,0.9909,0.9847,0.9915,0.8875,0.9099,0.9751,0.9741,0.8899,0.9303,0.8887,0.9443,0.9043,0.9371,1.0342,0.9652,0.9759,1.0334,0.9313,1.0344,1.0325,1.0113,1.1925,1.1972,1.2012,1.1963,1.1617,1.0961,1.1709,1.1313,1.1794,1.1366,1.1730,1.1079,1.1049,1.1425,1.1883,1.2613,1.2098,1.2156,1.2454,1.1838,1.2221,1.2371,1.2395,0,0.8875,4.2540,-2.8602,2.9891
80,0.1600,-0.6759,0.5039,1.3483,4.2540,-2.8602,1.4391,0.1217,0.1914,0.0000,1.0269,1.0000,0.0002,0.0081,0.0001,-0.0002,-0.0150,-0.0004,-0.0058,0.0042,-0.0019,0.0001,-0.0150,-0.0004,-0.0057,0.0046,-0.0006,0.0000,0.0414,-0.0011,-0.0002,0.0369,0.0011,0.0045,-0.0000,0.0414,0.0013,0.0002,0.0371,0.0011,0.0034,0.0000,0.0128,0.0006,-0.0004,0.0103,0.1330,0.0022,-0.0012,-0.1094,-0.0137,-0.0621,-0.0051,0.0147,-0.0006,-0.1133,-0.0097,-0.0570,0.0196,-0.0740,-0.0032,0.1968,0.0190,0.0087,-0.0066,0.0124,0.0217,-0.0002,0.1931,-0.0093,-0.0137,-0.0157,0.0128,-0.0021,0.0001,-1.0000,-1.0000,-1.0000,-1.0000,-1.0000,-1.0000,-1.0000,-1.0000,-1.0000,-1.0000,-1.0000,-1.0000,-1.0000,-1.0000,-1.0000,-1.0000,-1.0000,-1.0000,-1.0000,-1.0000,-1.0000,-1.0000,-1.0000,-1.0000,-1.0000,-1.0000,-1.0000,-1.0000,-1.0000,-1.0000,-1.0000,-1.0000,-1.0000,-1.0000,-1.0000,-1.0000,-1.0000,-1.0000,-1.0000,-1.0000,-1.0000,-1.0000,-1.0000,-1.0000,-1.0000,-1.0000,-1.0000,-1.0000,-1.0000,-1.0000,-1.0000,-1.0000,-1.0000,-1.0000,-1.0000,-1.0000,-1.0000,-1.0000,-1.0000,-1.0000,-1.0000,-1.0000,-1.0000,-1.0000,-1.0000,-1.0000,-1.0000,-1.0000,-1.0000,-1.0000,-1.0000,-1.0000,-1.0000,-1.0000,-1.0000,-1.0000,-1.0000,-1.0000,-1.0000,-1.0000,-1.0000,-1.0000,-1.0000,-1.0000,-1.0000,-1.0000,-1.0000,-1.0000,-1.0000,-1.0000,-1.0000,-1.0000,-1.0000,-1.0000,-1.0000,-1.0000,-1.0000,-1.0000,-1.0000,-1.0000,-1.0000,-1.0000,-1.0000,-1.0000,-1.0000,-1.0000,-1.0000,-1.0000,-1.0000,-1.0000,-1.0000,-1.0000,-1.0000,-1.0000,-1.0000,-1.0000,-1.0000,-1.0000,-1.0000,-1.0000,-1.0000,1.1589,1.2004,1.1623,1.1101,1.1964,1.1261,0.9200,1.1012,1.0794,0.9540,1.0696,1.0823,0.9204,1.1063,0.9603,0.9661,1.0668,0.9739,0.9936,0.9810,0.9748,0.9815,0.8776,0.9002,0.9652,0.9646,0.8803,0.9208,0.8792,0.9345,0.8950,0.9283,1.0253,0.9562,0.9672,1.0244,0.9223,1.0252,1.0237,1.0025,1.1823,1.1869,1.1909,1.1861,1.1515,1.0859,1.1608,1.1211,1.1695,1.1267,1.1631,1.0981,1.0949,1.1328,1.1789,1.2517,1.2002,1.2062,1.2357,1.1743,1.2124,1.2277,1.2300,0,0.8776,4.2540,-2.8602,2.9891
81,0.1620,-0.6674,0.4982,1.3511,4.2540,-2.8602,1.4195,0.1217,0.1914,0.0000,1.0269,1.0000,0.0001,0.0083,0.0001,-0.0002,-0.0152,-0.0003,-0.0059,0.0045,-0.0018,0.0001,-0.0152,-0.0004,-0.0058,0.0046,-0.0009,0.0000,0.0417,-0.0011,-0.0002,0.0368,0.0011,0.0046,-0.0000,0.0418,0.0013,0.0002,0.0370,0.0012,0.0033,0.0000,0.0128,-0.0004,-0.0036,-0.0121,0.1305,0.0009,-0.0004,-0.1253,0.0141,-0.0468,0.1508,0.0172,-0.0001,-0.1061,0.0209,-0.0603,-0.0148,-0.1289,0.0004,0.1832,0.0123,0.0121,-0.0244,0.0125,0.0205,-0.0001,0.1849,-0.0179,-0.0110,-0.0175,0.0131,-0.0030,0.0001,-1.0000,-1.0000,-1.0000,-1.0000,-1.0000,-1.0000,-1.0000,-1.0000,-1.0000,-1.0000,-1.0000,-1.0000,-1.0000,-1.0000,-1.0000,-1.0000,-1.0000,-1.0000,-1.0000,-1.0000,-1.0000,-1.0000,-1.0000,-1.0000,-1.0000,-1.0000,-1.0000,-1.0000,-1.0000,-1.0000,-1.0000,-1.0000,-1.0000,-1.0000,-1.0000,-1.0000,-1.0000,-1.0000,-1.0000,-1.0000,-1.0000,-1.0000,-1.0000,-1.0000,-1.0000,-1.0000,-1.0000,-1.0000,-1.0000,-1.0000,-1.0000,-1.0000,-1.0000,-1.0000,-1.0000,-1.0000,-1.0000,-1.0000,-1.0000,-1.0000,-1.0000,-1.0000,-1.0000,-1.0000,-1.0000,-1.0000,-1.0000,-1.0000,-1.0000,-1.0000,-1.0000,-1.0000,-1.0000,-1.0000,-1.0000,-1.0000,-1.0000,-1.0000,-1.0000,-1.0000,-1.0000,-1.0000,-1.0000,-1.0000,-1.0000,-1.0000,-1.0000,-1.0000,-1.0000,-1.0000,-1.0000,-1.0000,-1.0000,-1.0000,-1.0000,-1.0000,-1.0000,-1.0000,-1.0000,-1.0000,-1.0000,-1.0000,-1.0000,-1.0000,-1.0000,-1.0000,-1.0000,-1.0000,-1.0000,-1.0000,-1.0000,-1.0000,-1.0000,-1.0000,-1.0000,-1.0000,-1.0000,-1.0000,-1.0000,-1.0000,-1.0000,1.1485,1.1901,1.1519,1.0998,1.1860,1.1159,0.9104,1.0913,1.0691,0.9439,1.0600,1.0719,0.9101,1.0961,0.9504,0.9557,1.0569,0.9642,0.9837,0.9711,0.9650,0.9716,0.8677,0.8905,0.9553,0.9552,0.8708,0.9114,0.8696,0.9247,0.8857,0.9195,1.0164,0.9472,0.9584,1.0153,0.9134,1.0160,1.0149,0.9938,1.1722,1.1765,1.1806,1.1759,1.1412,1.0758,1.1507,1.1110,1.1597,1.1167,1.1533,1.0882,1.0849,1.1231,1.1695,1.2421,1.1905,1.1968,1.2261,1.1647,1.2028,1.2183,1.2206,0,0.8677,4.2540,-2.8602,2.9891
81,0.1620,-0.6674,0.4982,1.3511,4.2540,-2.8602,1.4195,0.1217,0.1914,0.0000,1.0269,1.0000,0.0001,0.0083,0.0001,-0.0002,-0.0152,-0.0003,-0.0059,0.0045,-0.0018,0.0001,-0.0152,-0.0004,-0.0058,0.0046,-0.0009,0.0000,0.0417,-0.0011,-0.0002,0.0368,0.0011,0.0046,-0.0000,0.0418,0.0013,0.0002,0.0370,0.0012,0.0033,0.0000,0.0128,-0.0004,-0.0036,-0.0121,0.1305,0.0009,-0.0004,-0.1253,0.0141,-0.0468,0.1508,0.0172,-0.0001,-0.1061,0.0209,-0.0603,-0.0148,-0.1289,0.0004,0.1832,0.0123,0.0121,-0.0244,0.0125,0.0205,-0.0001,0.1849,-0.0179,-0.0110,-0.0175,0.0131,-0.0030,0.0001,-1.0000,-1.0000,-1.0000,-1.0000,-1.0000,-1.0000,-1.0000,-1.0000,-1.0000,-1.0000,-1.0000,-1.0000,-1.0000,-1.0000,-1.0000,-1.0000,-1.0000,-1.0000,-1.0000,-1.0000,-1.0000,-1.0000,-1.0000,-1.0000,-1.0000,-1.0000,-1.0000,-1.0000,-1.0000,-1.0000,-1.0000,-1.0000,-1.0000,-1.0000,-1.0000,-1.0000,-1.0000,-1.0000,-1.0000,-1.0000,-1.0000,-1.0000,-1.0000,-1.0000,-1.0000,-1.0000,-1.0000,-1.0000,-1.0000,-1.0000,-1.0000,-1.0000,-1.0000,-1.0000,-1.0000,-1.0000,-1.0000,-1.0000,-1.0000,-1.0000,-1.0000,-1.0000,-1.0000,-1.0000,-1.0000,-1.0000,-1.0000,-1.0000,-1.0000,-1.0000,-1.0000,-1.0000,-1.0000,-1.0000,-1.0000,-1.0000,-1.0000,-1.0000,-1.0000,-1.0000,-1.0000,-1.0000,-1.0000,-1.0000,-1.0000,-1.0000,-1.0000,-1.0000,-1.0000,-1.0000,-1.0000,-1.0000,-1.0000,-1.0000,-1.0000,-1.0000,-1.0000,-1.0000,-1.0000,-1.0000,-1.0000,-1.0000,-1.0000,-1.0000,-1.0000,-1.0000,-1.0000,-1.0000,-1.0000,-1.0000,-1.0000,-1.0000,-1.0000,-1.0000,-1.0000,-1.0000,-1.0000,-1.0000,-1.0000,-1.0000,-1.0000,1.1485,1.1901,1.1519,1.0998,1.1860,1.1159,0.9104,1.0913,1.0691,0.9439,1.0600,1.0719,0.9101,1.0961,0.9504,0.9557,1.0569,0.9642,0.9837,0.9711,0.9650,0.9716,0.8677,0.8905,0.9553,0.9552,0.8708,0.9114,0.8696,0.9247,0.8857,0.9195,1.0164,0.9472,0.9584,1.0153,0.9134,1.0160,1.0149,0.9938,1.1722,1.1765,1.1806,1.1759,1.1412,1.0758,1.1507,1.1110,1.1597,1.1167,1.1533,1.0882,1.0849,1.1231,1.1695,1.2421,1.1905,1.1968,1.2261,1.1647,1.2028,1.2183,1.2206,0,0.8677,4.2540,-2.8602,2.9891
82,0.1640,-0.6589,0.4924,1.3539,4.2540,-2.8602,1.3999,0.1217,0.1914,0.0000,1.0269,1.0000,0.0001,0.0084,0.0001,-0.0002,-0.0155,-0.0003,-0.0060,0.0047,-0.0017,0.0001,-0.0154,-0.0004,-0.0059,0.0045,-0.0012,0.0000,0.0421,-0.0011,-0.0002,0.0368,0.0011,0.0046,-0.0000,0.0422,0.0012,0.0002,0.0370,0.0012,0.0033,0.0000,0.0128,-0.0002,-0.0012,-0.0069,0.1297,0.0009,-0.0004,-0.1231,0.0054,-0.0475,0.1376,0.0607,0.0001,-0.1025,0.0163,-0.0620,-0.0401,-0.1672,-0.0003,0.1752,0.0149,0.0115,-0.0225,0.0126,0.0199,-0.0001,0.1755,-0.0168,-0.0120,-0.0198,0.0132,-0.0038,0.0001,-1.0000,-1.0000,-1.0000,-1.0000,-1.0000,-1.0000,-1.0000,-1.0000,-1.0000,-1.0000,-1.0000,-1.0000,-1.0000,-1.0000,-1.0000,-1.0000,-1.0000,-1.0000,-1.0000,-1.0000,-1.0000,-1.0000,-1.0000,-1.0000,-1.0000,-1.0000,-1.0000,-1.0000,-1.0000,-1.0000,-1.0000,-1.0000,-1.0000,-1.0000,-1.0000,-1.0000,-1.0000,-1.0000,-1.0000,-1.0000,-1.0000,-1.0000,-1.0000,-1.0000,-1.0000,-1.0000,-1.0000,-1.0000,-1.0000,-1.0000,-1.0000,-1.0000,-1.0000,-1.0000,-1.0000,-1.0000,-1.0000,-1.0000,-1.0000,-1.0000,-1.0000,-1.0000,-1.0000,-1.0000,-1.0000,-1.0000,-1.0000,-1.0000,-1.0000,-1.0000,-1.0000,-1.0000,-1.0000,-1.0000,-1.0000,-1.0000,-1.0000,-1.0000,-1.0000,-1.0000,-1.0000,-1.0000,-1.0000,-1.0000,-1.0000,-1.0000,-1.0000,-1.0000,-1.0000,-1.0000,-1.0000,-1.0000,-1.0000,-1.0000,-1.0000,-1.0000,-1.0000,-1.0000,-1.0000,-1.0000,-1.0000,-1.0000,-1.0000,-1.0000,-1.0000,-1.0000,-1.0000,-1.0000,-1.0000,-1.0000,-1.0000,-1.0000,-1.0000,-1.0000,-1.0000,-1.0000,-1.0000,-1.0000,-1.0000,-1.0000,-1.0000,1.1382,1.1797,1.1415,1.0895,1.1756,1.1056,0.9007,1.0814,1.0589,0.9337,1.0504,1.0615,0.8998,1.0860,0.9406,0.9454,1.0469,0.9544,0.9737,0.9612,0.9552,0.9617,0.8578,0.8809,0.9454,0.9458,0.8612,0.9021,0.8602,0.9149,0.8765,0.9108,1.0076,0.9382,0.9498,1.0063,0.9045,1.0069,1.0062,0.9851,1.1620,1.1662,1.1703,1.1656,1.1310,1.0657,1.1406,1.1008,1.1498,1.1068,1.1434,1.0784,1.0749,1.1134,1.1601,1.2325,1.1810,1.1874,1.2164,1.1552,1.1931,1.2089,1.2112,0,0.8578,4.2540,-2.8602,2.9891
82,0.1640,-0.6589,0.4924,1.3539,4.2540,-2.8602,1.3999,0.1217,0.1914,0.0000,1.0269,1.0000,0.0001,0.0084,0.0001,-0.0002,-0.0155,-0.0003,-0.0060,0.0047,-0.0017,0.0001,-0.0154,-0.0004,-0.0059,0.0045,-0.0012,0.0000,0.0421,-0.0011,-0.0002,0.0368,0.0011,0.0046,-0.0000,0.0422,0.0012,0.0002,0.0370,0.0012,0.0033,0.0000,0.0128,-0.0002,-0.0012,-0.0069,0.1297,0.0009,-0.0004,-0.1231,0.0054,-0.0475,0.1376,0.0607,0.0001,-0.1025,0.0163,-0.0620,-0.0401,-0.1672,-0.0003,0.1752,0.0149,0.0115,-0.0225,0.0126,0.0199,-0.0001,0.1755,-0.0168,-0.0120,-0.0198,0.0132,-0.0038,0.0001,-1.0000,-1.0000,-1.0000,-1.0000,-1.0000,-1.0000,-1.0000,-1.0000,-1.0000,-1.0000,-1.0000,-1.0000,-1.0000,-1.0000,-1.0000,-1.0000,-1.0000,-1.0000,-1.0000,-1.0000,-1.0000,-1.0000,-1.0000,-1.0000,-1.0000,-1.0000,-1.0000,-1.0000,-1.0000,-1.0000,-1.0000,-1.0000,-1.0000,-1.0000,-1.0000,-1.0000,-1.0000,-1.0000,-1.0000,-1.0000,-1.0000,-1.0000,-1.0000,-1.0000,-1.0000,-1.0000,-1.0000,-1.0000,-1.0000,-1.0000,-1.0000,-1.0000,-1.0000,-1.0000,-1.0000,-1.0000,-1.0000,-1.0000,-1.0000,-1.0000,-1.0000,-1.0000,-1.0000,-1.0000,-1.0000,-1.0000,-1.0000,-1.0000,-1.0000,-1.0000,-1.0000,-1.0000,-1.0000,-1.0000,-1.0000,-1.0000,-1.0000,-1.0000,-1.0000,-1.0000,-1.0000,-1.0000,-1.0000,-1.0000,-1.0000,-1.0000,-1.0000,-1.0000,-1.0000,-1.0000,-1.0000,-1.0000,-1.0000,-1.0000,-1.0000,-1.0000,-1.0000,-1.0000,-1.0000,-1.0000,-1.0000,-1.0000,-1.0000,-1.0000,-1.0000,-1.0000,-1.0000,-1.0000,-1.0000,-1.0000,-1.0000,-1.0000,-1.0000,-1.0000,-1.0000,-1.0000,-1.0000,-1.0000,-1.0000,-1.0000,-1.0000,1.1382,1.1797,1.1415,1.0895,1.1756,1.1056,0.9007,1.0814,1.0589,0.9337,1.0504,1.0615,0.8998,1.0860,0.9406,0.9454,1.0469,0.9544,0.9737,0.9612,0.9552,0.9617,0.8578,0.8809,0.9454,0.9458,0.8612,0.9021,0.8602,0.9149,0.8765,0.9108,1.0076,0.9382,0.9498,1.0063,0.9045,1.0069,1.0062,0.9851,1.1620,1.1662,1.1703,1.1656,1.1310,1.0657,1.1406,1.1008,1.1498,1.1068,1.1434,1.0784,1.0749,1.1134,1.1601,1.2325,1.1810,1.1874,1.2164,1.1552,1.1931,1.2089,1.2112,0,0.8578,4.2540,-2.8602,2.9891
83,0.1660,-0.6504,0.4867,1.3567,4.2540,-2.8602,1.3803,0.1217,0.1914,0.0000,1.0268,1.0000,0.0001,0.0085,0.0001,-0.0002,-0.0157,-0.0003,-0.0061,0.0049,-0.0013,0.0001,-0.0156,-0.0003,-0.0061,0.0045,-0.0014,0.0001,0.0424,-0.0010,-0.0001,0.0367,0.0012,0.0046,-0.0000,0.0425,0.0012,0.0002,0.0369,0.0012,0.0033,0.0000,0.0129,-0.0012,-0.0011,-0.0225,0.1283,-0.0000,-0.0004,-0.1188,0.0175,-0.0484,0.1086,0.2172,0.0003,-0.1033,0.0330,-0.0604,-0.0172,-0.1023,0.0021,0.1636,0.0114,0.0138,-0.0319,0.0128,0.0188,-0.0001,0.1676,-0.0219,-0.0102,-0.0185,0.0134,-0.0046,0.0001,-1.0000,-1.0000,-1.0000,-1.0000,-1.0000,-1.0000,-1.0000,-1.0000,-1.0000,-1.0000,-1.0000,-1.0000,-1.0000,-1.0000,-1.0000,-1.0000,-1.0000,-1.0000,-1.0000,-1.0000,-1.0000,-1.0000,-1.0000,-1.0000,-1.0000,-1.0000,-1.0000,-1.0000,-1.0000,-1.0000,-1.0000,-1.0000,-1.0000,-1.0000,-1.0000,-1.0000,-1.0000,-1.0000,-1.0000,-1.0000,-1.0000,-1.0000,-1.0000,-1.0000,-1.0000,-1.0000,-1.0000,-1.0000,-1.0000,-1.0000,-1.0000,-1.0000,-1.0000,-1.0000,-1.0000,-1.0000,-1.0000,-1.0000,-1.0000,-1.0000,-1.0000,-1.0000,-1.0000,-1.0000,-1.0000,-1.0000,-1.0000,-1.0000,-1.0000,-1.0000,-1.0000,-1.0000,-1.0000,-1.0000,-1.0000,-1.0000,-1.0000,-1.0000,-1.0000,-1.0000,-1.0000,-1.0000,-1.0000,-1.0000,-1.0000,-1.0000,-1.0000,-1.0000,-1.0000,-1.0000,-1.0000,-1.0000,-1.0000,-1.0000,-1.0000,-1.0000,-1.0000,-1.0000,-1.0000,-1.0000,-1.0000,-1.0000,-1.0000,-1.0000,-1.0000,-1.0000,-1.0000,-1.0000,-1.0000,-1.0000,-1.0000,-1.0000,-1.0000,-1.0000,-1.0000,-1.0000,-1.0000,-1.0000,-1.0000,-1.0000,-1.0000,1.1279,1.1694,1.1312,1.0792,1.1653,1.0953,0.8911,1.0716,1.0487,0.9236,1.0408,1.0510,0.8896,1.0758,0.9308,0.9350,1.0370,0.9447,0.9637,0.9514,0.9454,0.9518,0.8480,0.8713,0.9355,0.9364,0.8517,0.8927,0.8507,0.9052,0.8673,0.9021,0.9988,0.9293,0.9411,0.9973,0.8956,0.9977,0.9975,0.9764,1.1519,1.1558,1.1600,1.1554,1.1208,1.0556,1.1305,1.0907,1.1400,1.0969,1.1335,1.0686,1.0649,1.1037,1.1507,1.2230,1.1714,1.1780,1.2068,1.1457,1.1834,1.1996,1.2018,0,0.8480,4.2540,-2.8602,2.9891
83,0.1660,-0.6504,0.4867,1.3567,4.2540,-2.8602,1.3803,0.1217,0.1914,0.0000,1.0268,1.0000,0.0001,0.0085,0.0001,-0.0002,-0.0157,-0.0003,-0.0061,0.0049,-0.0013,0.0001,-0.0156,-0.0003,-0.0061,0.0045,-0.0014,0.0001,0.0424,-0.0010,-0.0001,0.0367,0.0012,0.0046,-0.0000,0.0425,0.0012,0.0002,0.0369,0.0012,0.0033,0.0000,0.0129,-0.0012,-0.0011,-0.0225,0.1283,-0.0000,-0.0004,-0.1188,0.0175,-0.0484,0.1086,0.2172,0.0003,-0.1033,0.0330,-0.0604,-0.0172,-0.1023,0.0021,0.1636,0.0114,0.0138,-0.0319,0.0128,0.0188,-0.0001,0.1676,-0.0219,-0.0102,-0.0185,0.0134,-0.0046,0.0001,-1.0000,-1.0000,-1.0000,-1.0000,-1.0000,-1.0000,-1.0000,-1.0000,-1.0000,-1.0000,-1.0000,-1.0000,-1.0000,-1.0000,-1.0000,-1.0000,-1.0000,-1.0000,-1.0000,-1.0000,-1.0000,-1.0000,-1.0000,-1.0000,-1.0000,-1.0000,-1.0000,-1.0000,-1.0000,-1.0000,-1.0000,-1.0000,-1.0000,-1.0000,-1.0000,-1.0000,-1.0000,-1.0000,-1.0000,-1.0000,-1.0000,-1.0000,-1.0000,-1.0000,-1.0000,-1.0000,-1.0000,-1.0000,-1.0000,-1.0000,-1.0000,-1.0000,-1.0000,-1.0000,-1.0000,-1.0000,-1.0000,-1.0000,-1.0000,-1.0000,-1.0000,-1.0000,-1.0000,-1.0000,-1.0000,-1.0000,-1.0000,-1.0000,-1.0000,-1.0000,-1.0000,-1.0000,-1.0000,-1.0000,-1.0000,-1.0000,-1.0000,-1.0000,-1.0000,-1.0000,-1.0000,-1.0000,-1.0000,-1.0000,-1.0000,-1.0000,-1.0000,-1.0000,-1.0000,-1.0000,-1.0000,-1.0000,-1.0000,-1.0000,-1.0000,-1.0000,-1.0000,-1.0000,-1.0000,-1.0000,-1.0000,-1.0000,-1.0000,-1.0000,-1.0000,-1.0000,-1.0000,-1.0000,-1.0000,-1.0000,-1.0000,-1.0000,-1.0000,-1.0000,-1.0000,-1.0000,-1.0000,-1.0000,-1.0000,-1.0000,-1.0000,1.1279,1.1694,1.1312,1.0792,1.1653,1.0953,0.8911,1.0716,1.0487,0.9236,1.0408,1.0510,0.8896,1.0758,0.9308,0.9350,1.0370,0.9447,0.9637,0.9514,0.9454,0.9518,0.8480,0.8713,0.9355,0.9364,0.8517,0.8927,0.8507,0.9052,0.8673,0.9021,0.9988,0.9293,0.9411,0.9973,0.8956,0.9977,0.9975,0.9764,1.1519,1.1558,1.1600,1.1554,1.1208,1.0556,1.1305,1.0907,1.1400,1.0969,1.1335,1.0686,1.0649,1.1037,1.1507,1.2230,1.1714,1.1780,1.2068,1.1457,1.1834,1.1996,1.2018,0,0.8480,4.2540,-2.8602,2.9891
84,0.1680,-0.6419,0.4810,1.3594,4.2540,-2.8602,1.3606,0.1217,0.1915,0.0000,1.0269,1.0000,0.0001,0.0087,0.0001,-0.0002,-0.0160,-0.0002,-0.0062,0.0051,-0.0010,0.0001,-0.0158,-0.0002,-0.0062,0.0045,-0.0015,0.0001,0.0427,-0.0010,-0.0001,0.0366,0.0012,0.0047,-0.0000,0.0428,0.0011,0.0001,0.0369,0.0012,0.0033,0.0000,0.0129,-0.0013,0.0011,-0.0241,0.1273,-0.0001,0.0002,-0.1140,0.0224,-0.0507,0.0735,0.1559,0.0001,-0.1044,0.0324,-0.0587,0.0009,-0.0481,0.0022,0.1545,0.0118,0.0140,-0.0322,0.0129,0.0181,-0.0001,0.1587,-0.0229,-0.0104,-0.0184,0.0135,-0.0054,0.0001,-1.0000,-1.0000,-1.0000,-1.0000,-1.0000,-1.0000,-1.0000,-1.0000,-1.0000,-1.0000,-1.0000,-1.0000,-1.0000,-1.0000,-1.0000,-1.0000,-1.0000,-1.0000,-1.0000,-1.0000,-1.0000,-1.0000,-1.0000,-1.0000,-1.0000,-1.0000,-1.0000,-1.0000,-1.0000,-1.0000,-1.0000,-1.0000,-1.0000,-1.0000,-1.0000,-1.0000,-1.0000,-1.0000,-1.0000,-1.0000,-1.0000,-1.0000,-1.0000,-1.0000,-1.0000,-1.0000,-1.0000,-1.0000,-1.0000,-1.0000,-1.0000,-1.0000,-1.0000,-1.0000,-1.0000,-1.0000,-1.0000,-1.0000,-1.0000,-1.0000,-1.0000,-1.0000,-1.0000,-1.0000,-1.0000,-1.0000,-1.0000,-1.0000,-1.0000,-1.0000,-1.0000,-1.0000,-1.0000,-1.0000,-1.0000,-1.0000,-1.0000,-1.0000,-1.0000,-1.0000,-1.0000,-1.0000,-1.0000,-1.0000,-1.0000,-1.0000,-1.0000,-1.0000,-1.0000,-1.0000,-1.0000,-1.0000,-1.0000,-1.0000,-1.0000,-1.0000,-1.0000,-1.0000,-1.0000,-1.0000,-1.0000,-1.0000,-1.0000,-1.0000,-1.0000,-1.0000,-1.0000,-1.0000,-1.0000,-1.0000,-1.0000,-1.0000,-1.0000,-1.0000,-1.0000,-1.0000,-1.0000,-1.0000,-1.0000,-1.0000,-1.0000,1.1176,1.1590,1.1208,1.0689,1.1549,1.0851,0.8815,1.0617,1.0385,0.9134,1.0312,1.0406,0.8793,1.0657,0.9210,0.9246,1.0270,0.9351,0.9537,0.9415,0.9357,0.9419,0.8381,0.8617,0.9256,0.9271,0.8422,0.8834,0.8412,0.8955,0.8581,0.8934,0.9900,0.9205,0.9325,0.9883,0.8868,0.9886,0.9889,0.9677,1.1418,1.1455,1.1497,1.1452,1.1106,1.0455,1.1205,1.0805,1.1301,1.0870,1.1237,1.0588,1.0549,1.0940,1.1413,1.2135,1.1618,1.1687,1.1972,1.1362,1.1738,1.1902,1.1924,0,0.8381,4.2540,-2.8602,2.9891
85,0.1700,-0.6334,0.4753,1.3621,4.2540,-2.8602,1.3410,0.1217,0.1915,0.0000,1.0268,1.0000,0.0001,0.0088,0.0001,-0.0002,-0.0162,-0.0002,-0.0063,0.0052,-0.0008,0.0001,-0.0160,-0.0002,-0.0063,0.0048,-0.0016,0.0001,0.0430,-0.0010,-0.0001,0.0366,0.0012,0.0047,-0.0000,0.0431,0.0011,0.0001,0.0368,0.0013,0.0033,0.0000,0.0130,-0.0001,-0.0022,-0.0013,0.1244,0.0013,-0.0000,-0.1064,-0.0031,-0.0539,0.0361,0.0910,0.0004,-0.1193,0.0030,-0.0436,0.1523,-0.0298,-0.0019,0.1460,0.0203,0.0110,-0.0328,0.0128,0.0174,-0.0001,0.1445,-0.0162,-0.0139,-0.0360,0.0134,-0.0067,0.0000,-1.0000,-1.0000,-1.0000,-1.0000,-1.0000,-1.0000,-1.0000,-1.0000,-1.0000,-1.0000,-1.0000,-1.0000,-1.0000,-1.0000,-1.0000,-1.0000,-1.0000,-1.0000,-1.0000,-1.0000,-1.0000,-1.0000,-1.0000,-1.0000,-1.0000,-1.0000,-1.0000,-1.0000,-1.0000,-1.0000,-1.0000,-1.0000,-1.0000,-1.0000,-1.0000,-1.0000,-1.0000,-1.0000,-1.0000,-1.0000,-1.0000,-1.0000,-1.0000,-1.0000,-1.0000,-1.0000,-1.0000,-1.0000,-1.0000,-1.0000,-1.0000,-1.0000,-1.0000,-1.0000,-1.0000,-1.0000,-1.0000,-1.0000,-1.0000,-1.0000,-1.0000,-1.0000,-1.0000,-1.0000,-1.0000,-1.0000,-1.0000,-1.0000,-1.0000,-1.0000,-1.0000,-1.0000,-1.0000,-1.0000,-1.0000,-1.0000,-1.0000,-1.0000,-1.0000,-1.0000,-1.0000,-1.0000,-1.0000,-1.0000,-1.0000,-1.0000,-1.0000,-1.0000,-1.0000,-1.0000,-1.0000,-1.0000,-1.0000,-1.0000,-1.0000,-1.0000,-1.0000,-1.0000,-1.0000,-1.0000,-1.0000,-1.0000,-1.0000,-1.0000,-1.0000,-1.0000,-1.0000,-1.0000,-1.0000,-1.0000,-1.0000,-1.0000,-1.0000,-1.0000,-1.0000,-1.0000,-1.0000,-1.0000,-1.0000,-1.0000,-1.0000,1.1073,1.1487,1.1105,1.0586,1.1446,1.0748,0.8719,1.0519,1.0283,0.9033,1.0216,1.0301,0.8691,1.0556,0.9112,0.9142,1.0171,0.9254,0.9438,0.9317,0.9259,0.9320,0.8283,0.8521,0.9157,0.9178,0.8327,0.8741,0.8318,0.8857,0.8490,0.8848,0.9812,0.9116,0.9239,0.9794,0.8780,0.9796,0.9803,0.9591,1.1316,1.1351,1.1395,1.1350,1.1004,1.0354,1.1104,1.0704,1.1203,1.0771,1.1139,1.0490,1.0449,1.0844,1.1320,1.2040,1.1523,1.1593,1.1875,1.1268,1.1642,1.1809,1.1830,0,0.8283,4.2540,-2.8602,2.9891
85,0.1700,-0.6334,0.4753,1.3621,4.2540,-2.8602,1.3410,0.1217,0.1915,0.0000,1.0268,1.0000,0.0001,0.0088,0.0001,-0.0002,-0.0162,-0.0002,-0.0063,0.0052,-0.0008,0.0001,-0.0160,-0.0002,-0.0063,0.0048,-0.0016,0.0001,0.0430,-0.0010,-0.0001,0.0366,0.0012,0.0047,-0.0000,0.0431,0.0011,0.0001,0.0368,0.0013,0.0033,0.0000,0.0130,-0.0001,-0.0022,-0.0013,0.1244,0.0013,-0.0000,-0.1064,-0.0031,-0.0539,0.0361,0.0910,0.0004,-0.1193,0.0030,-0.0436,0.1523,-0.0298,-0.0019,0.1460,0.0203,0.0110,-0.0328,0.0128,0.0174,-0.0001,0.1445,-0.0162,-0.0139,-0.0360,0.0134,-0.0067,0.0000,-1.0000,-1.0000,-1.0000,-1.0000,-1.0000,-1.0000,-1.0000,-1.0000,-1.0000,-1.0000,-1.0000,-1.0000,-1.0000,-1.0000,-1.0000,-1.0000,-1.0000,-1.0000,-1.0000,-1.0000,-1.0000,-1.0000,-1.0000,-1.0000,-1.0000,-1.0000,-1.0000,-1.0000,-1.0000,-1.0000,-1.0000,-1.0000,-1.0000,-1.0000,-1.0000,-1.0000,-1.0000,-1.0000,-1.0000,-1.0000,-1.0000,-1.0000,-1.0000,-1.0000,-1.0000,-1.0000,-1.0000,-1.0000,-1.0000,-1.0000,-1.0000,-1.0000,-1.0000,-1.0000,-1.0000,-1.0000,-1.0000,-1.0000,-1.0000,-1.0000,-1.0000,-1.0000,-1.0000,-1.0000,-1.0000,-1.0000,-1.0000,-1.0000,-1.0000,-1.0000,-1.0000,-1.0000,-1.0000,-1.0000,-1.0000,-1.0000,-1.0000,-1.0000,-1.0000,-1.0000,-1.0000,-1.0000,-1.0000,-1.0000,-1.0000,-1.0000,-1.0000,-1.0000,-1.0000,-1.0000,-1.0000,-1.0000,-1.0000,-1.0000,-1.0000,-1.0000,-1.0000,-1.0000,-1.0000,-1.0000,-1.0000,-1.0000,-1.0000,-1.0000,-1.0000,-1.0000,-1.0000,-1.0000,-1.0000,-1.0000,-1.0000,-1.0000,-1.0000,-1.0000,-1.0000,-1.0000,-1.0000,-1.0000,-1.0000,-1.0000,-1.0000,1.1073,1.1487,1.1105,1.0586,1.1446,1.0748,0.8719,1.0519,1.0283,0.9033,1.0216,1.0301,0.8691,1.0556,0.9112,0.9142,1.0171,0.9254,0.9438,0.9317,0.9259,0.9320,0.8283,0.8521,0.9157,0.9178,0.8327,0.8741,0.8318,0.8857,0.8490,0.8848,0.9812,0.9116,0.9239,0.9794,0.8780,0.9796,0.9803,0.9591,1.1316,1.1351,1.1395,1.1350,1.1004,1.0354,1.1104,1.0704,1.1203,1.0771,1.1139,1.0490,1.0449,1.0844,1.1320,1.2040,1.1523,1.1593,1.1875,1.1268,1.1642,1.1809,1.1830,0,0.8283,4.2540,-2.8602,2.9891
86,0.1720,-0.6249,0.4696,1.3647,4.2540,-2.8602,1.3214,0.1217,0.1915,0.0000,1.0268,1.0000,0.0001,0.0089,0.0001,-0.0002,-0.0164,-0.0003,-0.0064,0.0052,-0.0007,0.0001,-0.0163,-0.0003,-0.0064,0.0050,-0.0013,0.0000,0.0433,-0.0009,-0.0001,0.0365,0.0012,0.0047,-0.0000,0.0434,0.0011,0.0001,0.0368,0.0013,0.0033,0.0000,0.0130,0.0002,-0.0029,0.0079,0.1228,0.0019,0.0000,-0.1011,-0.0115,-0.0561,0.0053,0.0308,-0.0002,-0.1147,-0.0169,-0.0446,0.1203,0.1462,-0.0034,0.1369,0.0245,0.0100,-0.0338,0.0129,0.0166,-0.0001,0.1331,-0.0135,-0.0153,-0.0438,0.0133,-0.0078,0.0000,-1.0000,-1.0000,-1.0000,-1.0000,-1.0000,-1.0000,-1.0000,-1.0000,-1.0000,-1.0000,-1.0000,-1.0000,-1.0000,-1.0000,-1.0000,-1.0000,-1.0000,-1.0000,-1.0000,-1.0000,-1.0000,-1.0000,-1.0000,-1.0000,-1.0000,-1.0000,-1.0000,-1.0000,-1.0000,-1.0000,-1.0000,-1.0000,-1.0000,-1.0000,-1.0000,-1.0000,-1.0000,-1.0000,-1.0000,-1.0000,-1.0000,-1.0000,-1.0000,-1.0000,-1.0000,-1.0000,-1.0000,-1.0000,-1.0000,-1.0000,-1.0000,-1.0000,-1.0000,-1.0000,-1.0000,-1.0000,-1.0000,-1.0000,-1.0000,-1.0000,-1.0000,-1.0000,-1.0000,-1.0000,-1.0000,-1.0000,-1.0000,-1.0000,-1.0000,-1.0000,-1.0000,-1.0000,-1.0000,-1.0000,-1.0000,-1.0000,-1.0000,-1.0000,-1.0000,-1.0000,-1.0000,-1.0000,-1.0000,-1.0000,-1.0000,-1.0000,-1.0000,-1.0000,-1.0000,-1.0000,-1.0000,-1.0000,-1.0000,-1.0000,-1.0000,-1.0000,-1.0000,-1.0000,-1.0000,-1.0000,-1.0000,-1.0000,-1.0000,-1.0000,-1.0000,-1.0000,-1.0000,-1.0000,-1.0000,-1.0000,-1.0000,-1.0000,-1.0000,-1.0000,-1.0000,-1.0000,-1.0000,-1.0000,-1.0000,-1.0000,-1.0000,1.0971,1.1384,1.1002,1.0483,1.1342,1.0646,0.8623,1.0420,1.0181,0.8932,1.0120,1.0197,0.8588,1.0454,0.9014,0.9039,1.0072,0.9158,0.9339,0.9219,0.9162,0.9221,0.8185,0.8426,0.9059,0.9085,0.8233,0.8649,0.8224,0.8760,0.8399,0.8762,0.9725,0.9028,0.9154,0.9704,0.8693,0.9705,0.9717,0.9506,1.1215,1.1248,1.1292,1.1248,1.0902,1.0254,1.1004,1.0603,1.1105,1.0672,1.1041,1.0392,1.0350,1.0748,1.1226,1.1945,1.1428,1.1500,1.1779,1.1173,1.1546,1.1716,1.1736,0,0.8185,4.2540,-2.8602,2.9891
86,0.1720,-0.6249,0.4696,1.3647,4.2540,-2.8602,1.3214,0.1217,0.1915,0.0000,1.0268,1.0000,0.0001,0.0089,0.0001,-0.0002,-0.0164,-0.0003,-0.0064,0.0052,-0.0007,0.0001,-0.0163,-0.0003,-0.0064,0.0050,-0.0013,0.0000,0.0433,-0.0009,-0.0001,0.0365,0.0012,0.0047,-0.0000,0.0434,0.0011,0.0001,0.0368,0.0013,0.0033,0.0000,0.0130,0.0002,-0.0029,0.0079,0.1228,0.0019,0.0000,-0.1011,-0.0115,-0.0561,0.0053,0.0308,-0.0002,-0.1147,-0.0169,-0.0446,0.1203,0.1462,-0.0034,0.1369,0.0245,0.0100,-0.0338,0.0129,0.0166,-0.0001,0.1331,-0.0135,-0.0153,-0.0438,0.0133,-0.0078,0.0000,-1.0000,-1.0000,-1.0000,-1.0000,-1.0000,-1.0000,-1.0000,-1.0000,-1.0000,-1.0000,-1.0000,-1.0000,-1.0000,-1.0000,-1.0000,-1.0000,-1.0000,-1.0000,-1.0000,-1.0000,-1.0000,-1.0000,-1.0000,-1.0000,-1.0000,-1.0000,-1.0000,-1.0000,-1.0000,-1.0000,-1.0000,-1.0000,-1.0000,-1.0000,-1.0000,-1.0000,-1.0000,-1.0000,-1.0000,-1.0000,-1.0000,-1.0000,-1.0000,-1.0000,-1.0000,-1.0000,-1.0000,-1.0000,-1.0000,-1.0000,-1.0000,-1.0000,-1.0000,-1.0000,-1.0000,-1.0000,-1.0000,-1.0000,-1.0000,-1.0000,-1.0000,-1.0000,-1.0000,-1.0000,-1.0000,-1.0000,-1.0000,-1.0000,-1.0000,-1.0000,-1.0000,-1.0000,-1.0000,-1.0000,-1.0000,-1.0000,-1.0000,-1.0000,-1.0000,-1.0000,-1.0000,-1.0000,-1.0000,-1.0000,-1.0000,-1.0000,-1.0000,-1.0000,-1.0000,-1.0000,-1.0000,-1.0000,-1.0000,-1.0000,-1.0000,-1.0000,-1.0000,-1.0000,-1.0000,-1.0000,-1.0000,-1.0000,-1.0000,-1.0000,-1.0000,-1.0000,-1.0000,-1.0000,-1.0000,-1.0000,-1.0000,-1.0000,-1.0000,-1.0000,-1.0000,-1.0000,-1.0000,-1.0000,-1.0000,-1.0000,-1.0000,1.0971,1.1384,1.1002,1.0483,1.1342,1.0646,0.8623,1.0420,1.0181,0.8932,1.0120,1.0197,0.8588,1.0454,0.9014,0.9039,1.0072,0.9158,0.9339,0.9219,0.9162,0.9221,0.8185,0.8426,0.9059,0.9085,0.8233,0.8649,0.8224,0.8760,0.8399,0.8762,0.9725,0.9028,0.9154,0.9704,0.8693,0.9705,0.9717,0.9506,1.1215,1.1248,1.1292,1.1248,1.0902,1.0254,1.1004,1.0603,1.1105,1.0672,1.1041,1.0392,1.0350,1.0748,1.1226,1.1945,1.1428,1.1500,1.1779,1.1173,1.1546,1.1716,1.1736,0,0.8185,4.2540,-2.8602,2.9891
87,0.1740,-0.6163,0.4638,1.3673,4.2540,-2.8602,1.3018,0.1217,0.1915,0.0000,1.0268,1.0000,0.0001,0.0090,0.0001,-0.0002,-0.0166,-0.0003,-0.0065,0.0051,-0.0008,0.0001,-0.0165,-0.0003,-0.0064,0.0052,-0.0011,0.0000,0.0435,-0.0009,-0.0000,0.0364,0.0013,0.0048,-0.0000,0.0436,0.0010,0.0001,0.0367,0.0013,0.0033,0.0000,0.0130,0.0002,-0.0013,0.0060,0.1218,0.0018,0.0002,-0.0974,-0.0067,-0.0575,-0.0185,-0.0206,-0.0002,-0.1090,-0.0119,-0.0475,0.0785,0.0898,-0.0032,0.1273,0.0241,0.0105,-0.0349,0.0130,0.0158,-0.0000,0.1239,-0.0151,-0.0151,-0.0435,0.0135,-0.0086,0.0000,-1.0000,-1.0000,-1.0000,-1.0000,-1.0000,-1.0000,-1.0000,-1.0000,-1.0000,-1.0000,-1.0000,-1.0000,-1.0000,-1.0000,-1.0000,-1.0000,-1.0000,-1.0000,-1.0000,-1.0000,-1.0000,-1.0000,-1.0000,-1.0000,-1.0000,-1.0000,-1.0000,-1.0000,-1.0000,-1.0000,-1.0000,-1.0000,-1.0000,-1.0000,-1.0000,-1.0000,-1.0000,-1.0000,-1.0000,-1.0000,-1.0000,-1.0000,-1.0000,-1.0000,-1.0000,-1.0000,-1.0000,-1.0000,-1.0000,-1.0000,-1.0000,-1.0000,-1.0000,-1.0000,-1.0000,-1.0000,-1.0000,-1.0000,-1.0000,-1.0000,-1.0000,-1.0000,-1.0000,-1.0000,-1.0000,-1.0000,-1.0000,-1.0000,-1.0000,-1.0000,-1.0000,-1.0000,-1.0000,-1.0000,-1.0000,-1.0000,-1.0000,-1.0000,-1.0000,-1.0000,-1.0000,-1.0000,-1.0000,-1.0000,-1.0000,-1.0000,-1.0000,-1.0000,-1.0000,-1.0000,-1.0000,-1.0000,-1.0000,-1.0000,-1.0000,-1.0000,-1.0000,-1.0000,-1.0000,-1.0000,-1.0000,-1.0000,-1.0000,-1.0000,-1.0000,-1.0000,-1.0000,-1.0000,-1.0000,-1.0000,-1.0000,-1.0000,-1.0000,-1.0000,-1.0000,-1.0000,-1.0000,-1.0000,-1.0000,-1.0000,-1.0000,1.0868,1.1281,1.0899,1.0381,1.1239,1.0544,0.8527,1.0322,1.0079,0.8831,1.0025,1.0093,0.8486,1.0353,0.8916,0.8935,0.9973,0.9062,0.9240,0.9121,0.9065,0.9123,0.8087,0.8331,0.8961,0.8992,0.8139,0.8556,0.8131,0.8664,0.8308,0.8677,0.9639,0.8941,0.9069,0.9616,0.8606,0.9615,0.9632,0.9420,1.1114,1.1145,1.1190,1.1146,1.0800,1.0153,1.0904,1.0501,1.1007,1.0573,1.0943,1.0295,1.0250,1.0651,1.1133,1.1850,1.1333,1.1407,1.1684,1.1079,1.1450,1.1623,1.1643,0,0.8087,4.2540,-2.8602,2.9891
88,0.1760,-0.6078,0.4581,1.3699,4.2540,-2.8602,1.2822,0.1217,0.1916,0.0000,1.0268,1.0000,0.0001,0.0091,0.0001,-0.0002,-0.0167,-0.0003,-0.0066,0.0051,-0.0009,0.0001,-0.0167,-0.0003,-0.0065,0.0052,-0.0010,0.0000,0.0438,-0.0008,-0.0000,0.0364,0.0013,0.0048,-0.0000,0.0438,0.0010,0.0000,0.0366,0.0013,0.0033,0.0000,0.0130,0.0003,0.0000,0.0042,0.1206,0.0017,0.0003,-0.0939,-0.0023,-0.0586,-0.0396,-0.0689,-0.0002,-0.1037,-0.0074,-0.0499,0.0420,0.0365,-0.0029,0.1176,0.0238,0.0109,-0.0363,0.0131,0.0150,-0.0000,0.1145,-0.0167,-0.0149,-0.0436,0.0136,-0.0093,-0.0000,-1.0000,-1.0000,-1.0000,-1.0000,-1.0000,-1.0000,-1.0000,-1.0000,-1.0000,-1.0000,-1.0000,-1.0000,-1.0000,-1.0000,-1.0000,-1.0000,-1.0000,-1.0000,-1.0000,-1.0000,-1.0000,-1.0000,-1.0000,-1.0000,-1.0000,-1.0000,-1.0000,-1.0000,-1.0000,-1.0000,-1.0000,-1.0000,-1.0000,-1.0000,-1.0000,-1.0000,-1.0000,-1.0000,-1.0000,-1.0000,-1.0000,-1.0000,-1.0000,-1.0000,-1.0000,-1.0000,-1.0000,-1.0000,-1.0000,-1.0000,-1.0000,-1.0000,-1.0000,-1.0000,-1.0000,-1.0000,-1.0000,-1.0000,-1.0000,-1.0000,-1.0000,-1.0000,-1.0000,-1.0000,-1.0000,-1.0000,-1.0000,-1.0000,-1.0000,-1.0000,-1.0000,-1.0000,-1.0000,-1.0000,-1.0000,-1.0000,-1.0000,-1.0000,-1.0000,-1.0000,-1.0000,-1.0000,-1.0000,-1.0000,-1.0000,-1.0000,-1.0000,-1.0000,-1.0000,-1.0000,-1.0000,-1.0000,-1.0000,-1.0000,-1.0000,-1.0000,-1.0000,-1.0000,-1.0000,-1.0000,-1.0000,-1.0000,-1.0000,-1.0000,-1.0000,-1.0000,-1.0000,-1.0000,-1.0000,-1.0000,-1.0000,-1.0000,-1.0000,-1.0000,-1.0000,-1.0000,-1.0000,-1.0000,-1.0000,-1.0000,-1.0000,1.0766,1.1179,1.0796,1.0279,1.1137,1.0442,0.8432,1.0224,0.9978,0.8730,0.9929,0.9989,0.8384,1.0252,0.8818,0.8832,0.9874,0.8966,0.9141,0.9023,0.8968,0.9025,0.7989,0.8236,0.8863,0.8900,0.8045,0.8464,0.8037,0.8567,0.8217,0.8592,0.9552,0.8853,0.8984,0.9527,0.8519,0.9526,0.9546,0.9335,1.1013,1.1042,1.1087,1.1045,1.0698,1.0053,1.0804,1.0400,1.0910,1.0475,1.0845,1.0198,1.0151,1.0555,1.1040,1.1755,1.1238,1.1315,1.1588,1.0985,1.1354,1.1531,1.1550,0,0.7989,4.2540,-2.8602,2.9891
88,0.1760,-0.6078,0.4581,1.3699,4.2540,-2.8602,1.2822,0.1217,0.1916,0.0000,1.0268,1.0000,0.0001,0.0091,0.0001,-0.0002,-0.0167,-0.0003,-0.0066,0.0051,-0.0009,0.0001,-0.0167,-0.0003,-0.0065,0.0052,-0.0010,0.0000,0.0438,-0.0008,-0.0000,0.0364,0.0013,0.0048,-0.0000,0.0438,0.0010,0.0000,0.0366,0.0013,0.0033,0.0000,0.0130,0.0003,0.0000,0.0042,0.1206,0.0017,0.0003,-0.0939,-0.0023,-0.0586,-0.0396,-0.0689,-0.0002,-0.1037,-0.0074,-0.0499,0.0420,0.0365,-0.0029,0.1176,0.0238,0.0109,-0.0363,0.0131,0.0150,-0.0000,0.1145,-0.0167,-0.0149,-0.0436,0.0136,-0.0093,-0.0000,-1.0000,-1.0000,-1.0000,-1.0000,-1.0000,-1.0000,-1.0000,-1.0000,-1.0000,-1.0000,-1.0000,-1.0000,-1.0000,-1.0000,-1.0000,-1.0000,-1.0000,-1.0000,-1.0000,-1.0000,-1.0000,-1.0000,-1.0000,-1.0000,-1.0000,-1.0000,-1.0000,-1.0000,-1.0000,-1.0000,-1.0000,-1.0000,-1.0000,-1.0000,-1.0000,-1.0000,-1.0000,-1.0000,-1.0000,-1.0000,-1.0000,-1.0000,-1.0000,-1.0000,-1.0000,-1.0000,-1.0000,-1.0000,-1.0000,-1.0000,-1.0000,-1.0000,-1.0000,-1.0000,-1.0000,-1.0000,-1.0000,-1.0000,-1.0000,-1.0000,-1.0000,-1.0000,-1.0000,-1.0000,-1.0000,-1.0000,-1.0000,-1.0000,-1.0000,-1.0000,-1.0000,-1.0000,-1.0000,-1.0000,-1.0000,-1.0000,-1.0000,-1.0000,-1.0000,-1.0000,-1.0000,-1.0000,-1.0000,-1.0000,-1.0000,-1.0000,-1.0000,-1.0000,-1.0000,-1.0000,-1.0000,-1.0000,-1.0000,-1.0000,-1.0000,-1.0000,-1.0000,-1.0000,-1.0000,-1.0000,-1.0000,-1.0000,-1.0000,-1.0000,-1.0000,-1.0000,-1.0000,-1.0000,-1.0000,-1.0000,-1.0000,-1.0000,-1.0000,-1.0000,-1.0000,-1.0000,-1.0000,-1.0000,-1.0000,-1.0000,-1.0000,1.0766,1.1179,1.0796,1.0279,1.1137,1.0442,0.8432,1.0224,0.9978,0.8730,0.9929,0.9989,0.8384,1.0252,0.8818,0.8832,0.9874,0.8966,0.9141,0.9023,0.8968,0.9025,0.7989,0.8236,0.8863,0.8900,0.8045,0.8464,0.8037,0.8567,0.8217,0.8592,0.9552,0.8853,0.8984,0.9527,0.8519,0.9526,0.9546,0.9335,1.1013,1.1042,1.1087,1.1045,1.0698,1.0053,1.0804,1.0400,1.0910,1.0475,1.0845,1.0198,1.0151,1.0555,1.1040,1.1755,1.1238,1.1315,1.1588,1.0985,1.1354,1.1531,1.1550,0,0.7989,4.2540,-2.8602,2.9891
89,0.1780,-0.5993,0.4524,1.3724,4.2540,-2.8602,1.2625,0.1217,0.1916,0.0000,1.0268,1.0000,0.0001,0.0093,0.0001,-0.0002,-0.0169,-0.0003,-0.0067,0.0050,-0.0009,0.0001,-0.0169,-0.0003,-0.0067,0.0053,-0.0011,0.0000,0.0440,-0.0008,0.0000,0.0363,0.0013,0.0048,-0.0000,0.0441,0.0010,-0.0000,0.0365,0.0014,0.0032,0.0000,0.0131,0.0004,0.0020,0.0071,0.1194,0.0017,0.0000,-0.0949,-0.0081,-0.0567,-0.0181,-0.0199,-0.0002,-0.0990,-0.0086,-0.0518,0.0109,-0.0116,-0.0033,0.1086,0.0253,0.0107,-0.0348,0.0132,0.0143,-0.0000,0.1048,-0.0164,-0.0153,-0.0441,0.0136,-0.0101,-0.0000,-1.0000,-1.0000,-1.0000,-1.0000,-1.0000,-1.0000,-1.0000,-1.0000,-1.0000,-1.0000,-1.0000,-1.0000,-1.0000,-1.0000,-1.0000,-1.0000,-1.0000,-1.0000,-1.0000,-1.0000,-1.0000,-1.0000,-1.0000,-1.0000,-1.0000,-1.0000,-1.0000,-1.0000,-1.0000,-1.0000,-1.0000,-1.0000,-1.0000,-1.0000,-1.0000,-1.0000,-1.0000,-1.0000,-1.0000,-1.0000,-1.0000,-1.0000,-1.0000,-1.0000,-1.0000,-1.0000,-1.0000,-1.0000,-1.0000,-1.0000,-1.0000,-1.0000,-1.0000,-1.0000,-1.0000,-1.0000,-1.0000,-1.0000,-1.0000,-1.0000,-1.0000,-1.0000,-1.0000,-1.0000,-1.0000,-1.0000,-1.0000,0.9953,-1.0000,-1.0000,-1.0000,-1.0000,-1.0000,-1.0000,-1.0000,-1.0000,-1.0000,-1.0000,-1.0000,-1.0000,-1.0000,-1.0000,-1.0000,-1.0000,-1.0000,-1.0000,-1.0000,-1.0000,-1.0000,-1.0000,-1.0000,-1.0000,-1.0000,-1.0000,-1.0000,-1.0000,-1.0000,-1.0000,-1.0000,-1.0000,-1.0000,-1.0000,-1.0000,-1.0000,-1.0000,-1.0000,-1.0000,-1.0000,-1.0000,-1.0000,-1.0000,-1.0000,-1.0000,-1.0000,-1.0000,-1.0000,-1.0000,-1.0000,-1.0000,-1.0000,-1.0000,1.0664,1.1076,1.0693,1.0177,1.1034,1.0341,0.8336,1.0126,0.9876,0.8629,0.9834,0.9885,0.8282,1.0151,0.8721,0.8729,0.9775,0.8870,0.9042,0.8926,0.8872,0.8927,0.7892,0.8141,0.8765,0.8808,0.7951,0.8372,0.7944,0.8471,0.8127,0.8507,0.9466,0.8766,0.8900,0.9439,0.8433,0.9436,0.9462,0.9251,1.0913,1.0938,1.0985,1.0943,1.0596,0.9953,1.0704,1.0299,1.0812,1.0376,1.0747,1.0100,1.0051,1.0460,1.0948,1.1661,1.1143,1.1222,1.1493,1.0891,1.1258,1.1439,1.1457,0,0.7892,4.2540,-2.8602,2.9891
89,0.1780,-0.5993,0.4524,1.3724,4.2540,-2.8602,1.2625,0.1217,0.1916,0.0000,1.0268,1.0000,0.0001,0.0093,0.0001,-0.0002,-0.0169,-0.0003,-0.0067,0.0050,-0.0009,0.0001,-0.0169,-0.0003,-0.0067,0.0053,-0.0011,0.0000,0.0440,-0.0008,0.0000,0.0363,0.0013,0.0048,-0.0000,0.0441,0.0010,-0.0000,0.0365,0.0014,0.0032,0.0000,0.0131,0.0004,0.0020,0.0071,0.1194,0.0017,0.0000,-0.0949,-0.0081,-0.0567,-0.0181,-0.0199,-0.0002,-0.0990,-0.0086,-0.0518,0.0109,-0.0116,-0.0033,0.1086,0.0253,0.0107,-0.0348,0.0132,0.0143,-0.0000,0.1048,-0.0164,-0.0153,-0.0441,0.0136,-0.0101,-0.0000,-1.0000,-1.0000,-1.0000,-1.0000,-1.0000,-1.0000,-1.0000,-1.0000,-1.0000,-1.0000,-1.0000,-1.0000,-1.0000,-1.0000,-1.0000,-1.0000,-1.0000,-1.0000,-1.0000,-1.0000,-1.0000,-1.0000,-1.0000,-1.0000,-1.0000,-1.0000,-1.0000,-1.0000,-1.0000,-1.0000,-1.0000,-1.0000,-1.0000,-1.0000,-1.0000,-1.0000,-1.0000,-1.0000,-1.0000,-1.0000,-1.0000,-1.0000,-1.0000,-1.0000,-1.0000,-1.0000,-1.0000,-1.0000,-1.0000,-1.0000,-1.0000,-1.0000,-1.0000,-1.0000,-1.0000,-1.0000,-1.0000,-1.0000,-1.0000,-1.0000,-1.0000,-1.0000,-1.0000,-1.0000,-1.0000,-1.0000,-1.0000,0.9953,-1.0000,-1.0000,-1.0000,-1.0000,-1.0000,-1.0000,-1.0000,-1.0000,-1.0000,-1.0000,-1.0000,-1.0000,-1.0000,-1.0000,-1.0000,-1.0000,-1.0000,-1.0000,-1.0000,-1.0000,-1.0000,-1.0000,-1.0000,-1.0000,-1.0000,-1.0000,-1.0000,-1.0000,-1.0000,-1.0000,-1.0000,-1.0000,-1.0000,-1.0000,-1.0000,-1.0000,-1.0000,-1.0000,-1.0000,-1.0000,-1.0000,-1.0000,-1.0000,-1.0000,-1.0000,-1.0000,-1.0000,-1.0000,-1.0000,-1.0000,-1.0000,-1.0000,-1.0000,1.0664,1.1076,1.0693,1.0177,1.1034,1.0341,0.8336,1.0126,0.9876,0.8629,0.9834,0.9885,0.8282,1.0151,0.8721,0.8729,0.9775,0.8870,0.9042,0.8926,0.8872,0.8927,0.7892,0.8141,0.8765,0.8808,0.7951,0.8372,0.7944,0.8471,0.8127,0.8507,0.9466,0.8766,0.8900,0.9439,0.8433,0.9436,0.9462,0.9251,1.0913,1.0938,1.0985,1.0943,1.0596,0.9953,1.0704,1.0299,1.0812,1.0376,1.0747,1.0100,1.0051,1.0460,1.0948,1.1661,1.1143,1.1222,1.1493,1.0891,1.1258,1.1439,1.1457,0,0.7892,4.2540,-2.8602,2.9891
90,0.1800,-0.5908,0.4467,1.3749,4.2540,-2.8602,1.2429,0.1217,0.1916,0.0000,1.0268,1.0000,0.0001,0.0094,0.0001,-0.0002,-0.0171,-0.0003,-0.0068,0.0050,-0.0009,0.0001,-0.0171,-0.0003,-0.0068,0.0052,-0.0012,0.0000,0.0442,-0.0007,0.0000,0.0362,0.0013,0.0049,-0.0000,0.0442,0.0009,-0.0000,0.0364,0.0014,0.0032,0.0000,0.0131,0.0005,0.0035,0.0095,0.1181,0.0017,-0.0002,-0.0956,-0.0131,-0.0548,-0.0003,0.0212,-0.0002,-0.0946,-0.0094,-0.0535,-0.0164,-0.0573,-0.0036,0.0994,0.0266,0.0106,-0.0341,0.0132,0.0135,-0.0000,0.0950,-0.0163,-0.0156,-0.0450,0.0137,-0.0108,-0.0001,-1.0000,-1.0000,-1.0000,-1.0000,-1.0000,-1.0000,-1.0000,-1.0000,-1.0000,-1.0000,-1.0000,-1.0000,-1.0000,-1.0000,-1.0000,-1.0000,-1.0000,-1.0000,-1.0000,-1.0000,-1.0000,-1.0000,-1.0000,-1.0000,-1.0000,-1.0000,-1.0000,-1.0000,-1.0000,-1.0000,-1.0000,-1.0000,-1.0000,-1.0000,-1.0000,-1.0000,-1.0000,-1.0000,-1.0000,-1.0000,-1.0000,-1.0000,-1.0000,-1.0000,-1.0000,-1.0000,-1.0000,-1.0000,-1.0000,-1.0000,-1.0000,-1.0000,-1.0000,-1.0000,-1.0000,-1.0000,-1.0000,-1.0000,-1.0000,-1.0000,-1.0000,-1.0000,-1.0000,-1.0000,-1.0000,-1.0000,-1.0000,0.9852,-1.0000,-1.0000,-1.0000,-1.0000,-1.0000,-1.0000,0.9952,-1.0000,-1.0000,-1.0000,-1.0000,-1.0000,-1.0000,-1.0000,-1.0000,-1.0000,-1.0000,-1.0000,-1.0000,-1.0000,-1.0000,-1.0000,-1.0000,-1.0000,-1.0000,-1.0000,-1.0000,-1.0000,-1.0000,-1.0000,-1.0000,-1.0000,-1.0000,-1.0000,-1.0000,-1.0000,-1.0000,-1.0000,-1.0000,-1.0000,-1.0000,-1.0000,-1.0000,-1.0000,-1.0000,-1.0000,-1.0000,-1.0000,-1.0000,-1.0000,-1.0000,-1.0000,-1.0000,1.0562,1.0974,1.0591,1.0075,1.0931,1.0240,0.8241,1.0028,0.9775,0.8528,0.9739,0.9781,0.8180,1.0050,0.8623,0.8625,0.9676,0.8774,0.8944,0.8829,0.8775,0.8829,0.7795,0.8047,0.8667,0.8716,0.7858,0.8281,0.7851,0.8375,0.8037,0.8423,0.9380,0.8680,0.8816,0.9351,0.8347,0.9347,0.9377,0.9167,1.0812,1.0835,1.0882,1.0841,1.0494,0.9852,1.0604,1.0199,1.0715,1.0278,1.0650,1.0003,0.9952,1.0364,1.0855,1.1567,1.1049,1.1130,1.1397,1.0797,1.1163,1.1346,1.1364,0,0.7795,4.2540,-2.8602,2.9891
91,0.1820,-0.5823,0.4410,1.3773,4.2540,-2.8602,1.2233,0.1217,0.1916,0.0000,1.0268,1.0000,0.0001,0.0095,0.0001,-0.0002,-0.0173,-0.0003,-0.0069,0.0053,-0.0009,0.0001,-0.0173,-0.0003,-0.0069,0.0051,-0.0014,0.0000,0.0444,-0.0007,0.0001,0.0361,0.0014,0.0049,-0.0000,0.0444,0.0009,-0.0001,0.0363,0.0014,0.0032,0.0000,0.0132,-0.0005,-0.0003,-0.0121,0.1150,0.0001,0.0004,-0.1101,0.0139,-0.0395,0.1488,0.0194,0.0005,-0.0876,0.0202,-0.0560,-0.0446,-0.1126,0.0002,0.0851,0.0199,0.0138,-0.0504,0.0134,0.0122,0.0000,0.0859,-0.0244,-0.0127,-0.0458,0.0139,-0.0115,-0.0000,-1.0000,-1.0000,-1.0000,-1.0000,-1.0000,-1.0000,-1.0000,-1.0000,-1.0000,-1.0000,-1.0000,-1.0000,-1.0000,-1.0000,-1.0000,-1.0000,-1.0000,-1.0000,-1.0000,-1.0000,-1.0000,-1.0000,-1.0000,-1.0000,-1.0000,-1.0000,-1.0000,-1.0000,-1.0000,-1.0000,-1.0000,-1.0000,-1.0000,-1.0000,-1.0000,-1.0000,-1.0000,-1.0000,-1.0000,-1.0000,-1.0000,-1.0000,-1.0000,-1.0000,-1.0000,-1.0000,-1.0000,-1.0000,-1.0000,-1.0000,-1.0000,-1.0000,-1.0000,-1.0000,-1.0000,-1.0000,-1.0000,-1.0000,-1.0000,-1.0000,-1.0000,-1.0000,-1.0000,-1.0000,-1.0000,-1.0000,-1.0000,0.9752,-1.0000,-1.0000,-1.0000,-1.0000,-1.0000,0.9906,0.9853,-1.0000,-1.0000,-1.0000,-1.0000,-1.0000,-1.0000,-1.0000,-1.0000,-1.0000,-1.0000,-1.0000,-1.0000,-1.0000,-1.0000,-1.0000,-1.0000,-1.0000,-1.0000,-1.0000,-1.0000,-1.0000,-1.0000,-1.0000,-1.0000,-1.0000,-1.0000,-1.0000,-1.0000,-1.0000,-1.0000,-1.0000,-1.0000,-1.0000,-1.0000,-1.0000,-1.0000,-1.0000,-1.0000,-1.0000,-1.0000,-1.0000,-1.0000,-1.0000,-1.0000,-1.0000,-1.0000,1.0461,1.0872,1.0489,0.9974,1.0829,1.0139,0.8146,0.9930,0.9673,0.8427,0.9644,0.9678,0.8078,0.9950,0.8526,0.8522,0.9578,0.8679,0.8846,0.8732,0.8679,0.8731,0.7698,0.7953,0.8570,0.8624,0.7765,0.8190,0.7759,0.8279,0.7948,0.8339,0.9295,0.8594,0.8733,0.9264,0.8261,0.9258,0.9293,0.9083,1.0711,1.0732,1.0780,1.0740,1.0393,0.9752,1.0504,1.0098,1.0617,1.0180,1.0552,0.9906,0.9853,1.0268,1.0763,1.1473,1.0954,1.1038,1.1302,1.0704,1.1067,1.1254,1.1272,0,0.7698,4.2540,-2.8602,2.9891
91,0.1820,-0.5823,0.4410,1.3773,4.2540,-2.8602,1.2233,0.1217,0.1916,0.0000,1.0268,1.0000,0.0001,0.0095,0.0001,-0.0002,-0.0173,-0.0003,-0.0069,0.0053,-0.0009,0.0001,-0.0173,-0.0003,-0.0069,0.0051,-0.0014,0.0000,0.0444,-0.0007,0.0001,0.0361,0.0014,0.0049,-0.0000,0.0444,0.0009,-0.0001,0.0363,0.0014,0.0032,0.0000,0.0132,-0.0005,-0.0003,-0.0121,0.1150,0.0001,0.0004,-0.1101,0.0139,-0.0395,0.1488,0.0194,0.0005,-0.0876,0.0202,-0.0560,-0.0446,-0.1126,0.0002,0.0851,0.0199,0.0138,-0.0504,0.0134,0.0122,0.0000,0.0859,-0.0244,-0.0127,-0.0458,0.0139,-0.0115,-0.0000,-1.0000,-1.0000,-1.0000,-1.0000,-1.0000,-1.0000,-1.0000,-1.0000,-1.0000,-1.0000,-1.0000,-1.0000,-1.0000,-1.0000,-1.0000,-1.0000,-1.0000,-1.0000,-1.0000,-1.0000,-1.0000,-1.0000,-1.0000,-1.0000,-1.0000,-1.0000,-1.0000,-1.0000,-1.0000,-1.0000,-1.0000,-1.0000,-1.0000,-1.0000,-1.0000,-1.0000,-1.0000,-1.0000,-1.0000,-1.0000,-1.0000,-1.0000,-1.0000,-1.0000,-1.0000,-1.0000,-1.0000,-1.0000,-1.0000,-1.0000,-1.0000,-1.0000,-1.0000,-1.0000,-1.0000,-1.0000,-1.0000,-1.0000,-1.0000,-1.0000,-1.0000,-1.0000,-1.0000,-1.0000,-1.0000,-1.0000,-1.0000,0.9752,-1.0000,-1.0000,-1.0000,-1.0000,-1.0000,0.9906,0.9853,-1.0000,-1.0000,-1.0000,-1.0000,-1.0000,-1.0000,-1.0000,-1.0000,-1.0000,-1.0000,-1.0000,-1.0000,-1.0000,-1.0000,-1.0000,-1.0000,-1.0000,-1.0000,-1.0000,-1.0000,-1.0000,-1.0000,-1.0000,-1.0000,-1.0000,-1.0000,-1.0000,-1.0000,-1.0000,-1.0000,-1.0000,-1.0000,-1.0000,-1.0000,-1.0000,-1.0000,-1.0000,-1.0000,-1.0000,-1.0000,-1.0000,-1.0000,-1.0000,-1.0000,-1.0000,-1.0000,1.0461,1.0872,1.0489,0.9974,1.0829,1.0139,0.8146,0.9930,0.9673,0.8427,0.9644,0.9678,0.8078,0.9950,0.8526,0.8522,0.9578,0.8679,0.8846,0.8732,0.8679,0.8731,0.7698,0.7953,0.8570,0.8624,0.7765,0.8190,0.7759,0.8279,0.7948,0.8339,0.9295,0.8594,0.8733,0.9264,0.8261,0.9258,0.9293,0.9083,1.0711,1.0732,1.0780,1.0740,1.0393,0.9752,1.0504,1.0098,1.0617,1.0180,1.0552,0.9906,0.9853,1.0268,1.0763,1.1473,1.0954,1.1038,1.1302,1.0704,1.1067,1.1254,1.1272,0,0.7698,4.2540,-2.8602,2.9891
92,0.1840,-0.5738,0.4352,1.3798,4.2540,-2.8602,1.2037,0.1217,0.1917,0.0000,1.0268,1.0000,0.0001,0.0096,0.0001,-0.0002,-0.0176,-0.0003,-0.0070,0.0056,-0.0005,0.0001,-0.0174,-0.0003,-0.0070,0.0051,-0.0012,0.0000,0.0445,-0.0006,0.0001,0.0360,0.0014,0.0049,-0.0000,0.0446,0.0008,-0.0001,0.0362,0.0015,0.0032,0.0000,0.0132,-0.0010,-0.0037,-0.0137,0.1124,-0.0001,0.0005,-0.1042,0.0074,-0.0406,0.1160,0.2038,0.0001,-0.0859,0.0135,-0.0542,-0.0386,0.0781,0.0005,0.0735,0.0214,0.0142,-0.0586,0.0134,0.0110,0.0001,0.0746,-0.0242,-0.0126,-0.0532,0.0140,-0.0125,-0.0001,-1.0000,-1.0000,-1.0000,-1.0000,-1.0000,-1.0000,-1.0000,-1.0000,-1.0000,-1.0000,-1.0000,-1.0000,-1.0000,-1.0000,-1.0000,-1.0000,-1.0000,-1.0000,-1.0000,-1.0000,-1.0000,-1.0000,-1.0000,-1.0000,-1.0000,-1.0000,-1.0000,-1.0000,-1.0000,-1.0000,-1.0000,-1.0000,-1.0000,-1.0000,-1.0000,-1.0000,-1.0000,-1.0000,-1.0000,-1.0000,-1.0000,-1.0000,-1.0000,-1.0000,-1.0000,-1.0000,-1.0000,-1.0000,-1.0000,-1.0000,-1.0000,-1.0000,-1.0000,-1.0000,-1.0000,-1.0000,-1.0000,-1.0000,-1.0000,-1.0000,-1.0000,-1.0000,-1.0000,-1.0000,-1.0000,-1.0000,-1.0000,0.9652,-1.0000,0.9997,-1.0000,-1.0000,-1.0000,0.9810,0.9754,-1.0000,-1.0000,-1.0000,-1.0000,-1.0000,-1.0000,-1.0000,-1.0000,-1.0000,-1.0000,-1.0000,-1.0000,-1.0000,-1.0000,-1.0000,-1.0000,-1.0000,-1.0000,-1.0000,-1.0000,-1.0000,-1.0000,-1.0000,-1.0000,-1.0000,-1.0000,-1.0000,-1.0000,-1.0000,-1.0000,-1.0000,-1.0000,-1.0000,-1.0000,-1.0000,-1.0000,-1.0000,-1.0000,-1.0000,-1.0000,-1.0000,-1.0000,-1.0000,-1.0000,-1.0000,-1.0000,1.0359,1.0770,1.0387,0.9873,1.0727,1.0037,0.8051,0.9833,0.9572,0.8327,0.9549,0.9574,0.7976,0.9849,0.8428,0.8419,0.9479,0.8584,0.8747,0.8635,0.8583,0.8633,0.7601,0.7859,0.8472,0.8533,0.7672,0.8099,0.7666,0.8183,0.7858,0.8256,0.9210,0.8508,0.8650,0.9177,0.8176,0.9170,0.9210,0.8999,1.0611,1.0629,1.0678,1.0638,1.0291,0.9652,1.0404,0.9997,1.0520,1.0082,1.0455,0.9810,0.9754,1.0173,1.0671,1.1379,1.0860,1.0946,1.1207,1.0610,1.0972,1.1163,1.1179,0,0.7601,4.2540,-2.8602,2.9891
92,0.1840,-0.5738,0.4352,1.3798,4.2540,-2.8602,1.2037,0.1217,0.1917,0.0000,1.0268,1.0000,0.0001,0.0096,0.0001,-0.0002,-0.0176,-0.0003,-0.0070,0.0056,-0.0005,0.0001,-0.0174,-0.0003,-0.0070,0.0051,-0.0012,0.0000,0.0445,-0.0006,0.0001,0.0360,0.0014,0.0049,-0.0000,0.0446,0.0008,-0.0001,0.0362,0.0015,0.0032,0.0000,0.0132,-0.0010,-0.0037,-0.0137,0.1124,-0.0001,0.0005,-0.1042,0.0074,-0.0406,0.1160,0.2038,0.0001,-0.0859,0.0135,-0.0542,-0.0386,0.0781,0.0005,0.0735,0.0214,0.0142,-0.0586,0.0134,0.0110,0.0001,0.0746,-0.0242,-0.0126,-0.0532,0.0140,-0.0125,-0.0001,-1.0000,-1.0000,-1.0000,-1.0000,-1.0000,-1.0000,-1.0000,-1.0000,-1.0000,-1.0000,-1.0000,-1.0000,-1.0000,-1.0000,-1.0000,-1.0000,-1.0000,-1.0000,-1.0000,-1.0000,-1.0000,-1.0000,-1.0000,-1.0000,-1.0000,-1.0000,-1.0000,-1.0000,-1.0000,-1.0000,-1.0000,-1.0000,-1.0000,-1.0000,-1.0000,-1.0000,-1.0000,-1.0000,-1.0000,-1.0000,-1.0000,-1.0000,-1.0000,-1.0000,-1.0000,-1.0000,-1.0000,-1.0000,-1.0000,-1.0000,-1.0000,-1.0000,-1.0000,-1.0000,-1.0000,-1.0000,-1.0000,-1.0000,-1.0000,-1.0000,-1.0000,-1.0000,-1.0000,-1.0000,-1.0000,-1.0000,-1.0000,0.9652,-1.0000,0.9997,-1.0000,-1.0000,-1.0000,0.9810,0.9754,-1.0000,-1.0000,-1.0000,-1.0000,-1.0000,-1.0000,-1.0000,-1.0000,-1.0000,-1.0000,-1.0000,-1.0000,-1.0000,-1.0000,-1.0000,-1.0000,-1.0000,-1.0000,-1.0000,-1.0000,-1.0000,-1.0000,-1.0000,-1.0000,-1.0000,-1.0000,-1.0000,-1.0000,-1.0000,-1.0000,-1.0000,-1.0000,-1.0000,-1.0000,-1.0000,-1.0000,-1.0000,-1.0000,-1.0000,-1.0000,-1.0000,-1.0000,-1.0000,-1.0000,-1.0000,-1.0000,1.0359,1.0770,1.0387,0.9873,1.0727,1.0037,0.8051,0.9833,0.9572,0.8327,0.9549,0.9574,0.7976,0.9849,0.8428,0.8419,0.9479,0.8584,0.8747,0.8635,0.8583,0.8633,0.7601,0.7859,0.8472,0.8533,0.7672,0.8099,0.7666,0.8183,0.7858,0.8256,0.9210,0.8508,0.8650,0.9177,0.8176,0.9170,0.9210,0.8999,1.0611,1.0629,1.0678,1.0638,1.0291,0.9652,1.0404,0.9997,1.0520,1.0082,1.0455,0.9810,0.9754,1.0173,1.0671,1.1379,1.0860,1.0946,1.1207,1.0610,1.0972,1.1163,1.1179,0,0.7601,4.2540,-2.8602,2.9891
93,0.1860,-0.5653,0.4295,1.3821,4.2540,-2.8602,1.1841,0.1217,0.1917,0.0000,1.0268,1.0000,0.0001,0.0097,0.0001,-0.0002,-0.0178,-0.0003,-0.0071,0.0057,-0.0002,0.0001,-0.0176,-0.0002,-0.0071,0.0050,-0.0010,0.0000,0.0446,-0.0006,0.0001,0.0359,0.0014,0.0049,-0.0000,0.0447,0.0008,-0.0001,0.0361,0.0015,0.0031,0.0000,0.0133,-0.0012,-0.0011,-0.0162,0.1112,-0.0004,0.0011,-0.0988,0.0135,-0.0429,0.0779,0.1415,0.0000,-0.0871,0.0152,-0.0521,-0.0160,0.1055,0.0008,0.0642,0.0211,0.0144,-0.0565,0.0136,0.0102,0.0001,0.0658,-0.0254,-0.0124,-0.0498,0.0141,-0.0130,-0.0001,-1.0000,-1.0000,-1.0000,-1.0000,-1.0000,-1.0000,-1.0000,-1.0000,-1.0000,-1.0000,-1.0000,-1.0000,-1.0000,-1.0000,-1.0000,-1.0000,-1.0000,-1.0000,-1.0000,-1.0000,-1.0000,-1.0000,-1.0000,-1.0000,-1.0000,-1.0000,-1.0000,-1.0000,-1.0000,-1.0000,-1.0000,-1.0000,-1.0000,-1.0000,-1.0000,-1.0000,-1.0000,-1.0000,-1.0000,-1.0000,-1.0000,-1.0000,-1.0000,-1.0000,-1.0000,-1.0000,-1.0000,-1.0000,-1.0000,-1.0000,-1.0000,-1.0000,-1.0000,-1.0000,-1.0000,-1.0000,-1.0000,-1.0000,-1.0000,-1.0000,-1.0000,-1.0000,-1.0000,-1.0000,-1.0000,-1.0000,-1.0000,0.9552,-1.0000,0.9896,-1.0000,0.9984,-1.0000,0.9713,0.9655,-1.0000,-1.0000,-1.0000,-1.0000,-1.0000,-1.0000,-1.0000,-1.0000,-1.0000,-1.0000,-1.0000,-1.0000,-1.0000,-1.0000,-1.0000,-1.0000,-1.0000,-1.0000,-1.0000,-1.0000,-1.0000,-1.0000,-1.0000,-1.0000,-1.0000,-1.0000,-1.0000,-1.0000,-1.0000,-1.0000,-1.0000,-1.0000,-1.0000,-1.0000,-1.0000,-1.0000,-1.0000,-1.0000,-1.0000,-1.0000,-1.0000,-1.0000,-1.0000,-1.0000,-1.0000,-1.0000,1.0258,1.0668,1.0285,0.9771,1.0624,0.9937,0.7957,0.9735,0.9470,0.8226,0.9454,0.9470,0.7874,0.9748,0.8331,0.8316,0.9381,0.8489,0.8649,0.8538,0.8487,0.8536,0.7504,0.7766,0.8375,0.8442,0.7580,0.8009,0.7574,0.8087,0.7770,0.8173,0.9126,0.8422,0.8568,0.9090,0.8091,0.9081,0.9127,0.8917,1.0510,1.0526,1.0576,1.0537,1.0190,0.9552,1.0304,0.9896,1.0423,0.9984,1.0358,0.9713,0.9655,1.0078,1.0579,1.1285,1.0766,1.0854,1.1112,1.0517,1.0877,1.1071,1.1087,0,0.7504,4.2540,-2.8602,2.9891
94,0.1880,-0.5568,0.4238,1.3845,4.2540,-2.8602,1.1644,0.1217,0.1917,0.0000,1.0268,1.0000,0.0001,0.0098,0.0001,-0.0002,-0.0179,-0.0003,-0.0072,0.0058,-0.0001,0.0001,-0.0178,-0.0003,-0.0072,0.0053,-0.0008,0.0000,0.0447,-0.0005,0.0001,0.0358,0.0015,0.0049,-0.0000,0.0448,0.0008,-0.0001,0.0360,0.0015,0.0031,0.0000,0.0134,0.0000,-0.0051,0.0037,0.1078,0.0009,0.0015,-0.0892,-0.0057,-0.0468,0.0271,0.0160,-0.0010,-0.1030,-0.0096,-0.0356,0.1471,0.0991,-0.0027,0.0550,0.0280,0.0117,-0.0572,0.0135,0.0094,0.0001,0.0517,-0.0198,-0.0153,-0.0651,0.0139,-0.0142,-0.0001,-1.0000,-1.0000,-1.0000,-1.0000,-1.0000,-1.0000,-1.0000,-1.0000,-1.0000,-1.0000,-1.0000,-1.0000,-1.0000,-1.0000,-1.0000,-1.0000,-1.0000,-1.0000,-1.0000,-1.0000,-1.0000,-1.0000,-1.0000,-1.0000,-1.0000,-1.0000,-1.0000,-1.0000,-1.0000,-1.0000,-1.0000,-1.0000,-1.0000,-1.0000,-1.0000,-1.0000,-1.0000,-1.0000,-1.0000,-1.0000,-1.0000,-1.0000,-1.0000,-1.0000,-1.0000,-1.0000,-1.0000,-1.0000,-1.0000,-1.0000,-1.0000,-1.0000,-1.0000,-1.0000,-1.0000,-1.0000,-1.0000,-1.0000,-1.0000,-1.0000,-1.0000,-1.0000,-1.0000,-1.0000,-1.0000,-1.0000,-1.0000,0.9452,-1.0000,0.9796,-1.0000,0.9886,-1.0000,0.9617,0.9556,0.9983,-1.0000,-1.0000,-1.0000,-1.0000,-1.0000,-1.0000,-1.0000,-1.0000,-1.0000,-1.0000,-1.0000,-1.0000,-1.0000,-1.0000,-1.0000,-1.0000,-1.0000,-1.0000,-1.0000,-1.0000,-1.0000,-1.0000,-1.0000,-1.0000,-1.0000,-1.0000,-1.0000,-1.0000,-1.0000,-1.0000,-1.0000,-1.0000,-1.0000,-1.0000,-1.0000,-1.0000,-1.0000,-1.0000,-1.0000,-1.0000,-1.0000,-1.0000,-1.0000,-1.0000,-1.0000,1.0156,1.0566,1.0183,0.9670,1.0522,0.9836,0.7862,0.9637,0.9369,0.8125,0.9360,0.9366,0.7772,0.9647,0.8234,0.8213,0.9282,0.8395,0.8552,0.8442,0.8391,0.8439,0.7407,0.7672,0.8278,0.8351,0.7488,0.7918,0.7483,0.7992,0.7681,0.8090,0.9041,0.8337,0.8486,0.9003,0.8007,0.8993,0.9044,0.8834,1.0410,1.0424,1.0473,1.0436,1.0088,0.9452,1.0205,0.9796,1.0326,0.9886,1.0260,0.9617,0.9556,0.9983,1.0487,1.1191,1.0672,1.0762,1.1017,1.0424,1.0782,1.0980,1.0995,0,0.7407,4.2540,-2.8602,2.9891
94,0.1880,-0.5568,0.4238,1.3845,4.2540,-2.8602,1.1644,0.1217,0.1917,0.0000,1.0268,1.0000,0.0001,0.0098,0.0001,-0.0002,-0.0179,-0.0003,-0.0072,0.0058,-0.0001,0.0001,-0.0178,-0.0003,-0.0072,0.0053,-0.0008,0.0000,0.0447,-0.0005,0.0001,0.0358,0.0015,0.0049,-0.0000,0.0448,0.0008,-0.0001,0.0360,0.0015,0.0031,0.0000,0.0134,0.0000,-0.0051,0.0037,0.1078,0.0009,0.0015,-0.0892,-0.0057,-0.0468,0.0271,0.0160,-0.0010,-0.1030,-0.0096,-0.0356,0.1471,0.0991,-0.0027,0.0550,0.0280,0.0117,-0.0572,0.0135,0.0094,0.0001,0.0517,-0.0198,-0.0153,-0.0651,0.0139,-0.0142,-0.0001,-1.0000,-1.0000,-1.0000,-1.0000,-1.0000,-1.0000,-1.0000,-1.0000,-1.0000,-1.0000,-1.0000,-1.0000,-1.0000,-1.0000,-1.0000,-1.0000,-1.0000,-1.0000,-1.0000,-1.0000,-1.0000,-1.0000,-1.0000,-1.0000,-1.0000,-1.0000,-1.0000,-1.0000,-1.0000,-1.0000,-1.0000,-1.0000,-1.0000,-1.0000,-1.0000,-1.0000,-1.0000,-1.0000,-1.0000,-1.0000,-1.0000,-1.0000,-1.0000,-1.0000,-1.0000,-1.0000,-1.0000,-1.0000,-1.0000,-1.0000,-1.0000,-1.0000,-1.0000,-1.0000,-1.0000,-1.0000,-1.0000,-1.0000,-1.0000,-1.0000,-1.0000,-1.0000,-1.0000,-1.0000,-1.0000,-1.0000,-1.0000,0.9452,-1.0000,0.9796,-1.0000,0.9886,-1.0000,0.9617,0.9556,0.9983,-1.0000,-1.0000,-1.0000,-1.0000,-1.0000,-1.0000,-1.0000,-1.0000,-1.0000,-1.0000,-1.0000,-1.0000,-1.0000,-1.0000,-1.0000,-1.0000,-1.0000,-1.0000,-1.0000,-1.0000,-1.0000,-1.0000,-1.0000,-1.0000,-1.0000,-1.0000,-1.0000,-1.0000,-1.0000,-1.0000,-1.0000,-1.0000,-1.0000,-1.0000,-1.0000,-1.0000,-1.0000,-1.0000,-1.0000,-1.0000,-1.0000,-1.0000,-1.0000,-1.0000,-1.0000,1.0156,1.0566,1.0183,0.9670,1.0522,0.9836,0.7862,0.9637,0.9369,0.8125,0.9360,0.9366,0.7772,0.9647,0.8234,0.8213,0.9282,0.8395,0.8552,0.8442,0.8391,0.8439,0.7407,0.7672,0.8278,0.8351,0.7488,0.7918,0.7483,0.7992,0.7681,0.8090,0.9041,0.8337,0.8486,0.9003,0.8007,0.8993,0.9044,0.8834,1.0410,1.0424,1.0473,1.0436,1.0088,0.9452,1.0205,0.9796,1.0326,0.9886,1.0260,0.9617,0.9556,0.9983,1.0487,1.1191,1.0672,1.0762,1.1017,1.0424,1.0782,1.0980,1.0995,0,0.7407,4.2540,-2.8602,2.9891
95,0.1900,-0.5483,0.4181,1.3867,4.2540,-2.8602,1.1448,0.1217,0.1918,0.0000,1.0268,1.0000,0.0001,0.0099,0.0001,-0.0002,-0.0181,-0.0003,-0.0073,0.0057,-0.0003,0.0001,-0.0180,-0.0003,-0.0072,0.0056,-0.0003,0.0000,0.0448,-0.0005,0.0002,0.0357,0.0015,0.0050,-0.0000,0.0449,0.0007,-0.0002,0.0358,0.0015,0.0031,0.0000,0.0134,0.0002,-0.0063,0.0106,0.1057,0.0015,0.0018,-0.0824,-0.0088,-0.0495,-0.0144,-0.0947,-0.0014,-0.0978,-0.0265,-0.0365,0.1141,0.2708,-0.0040,0.0454,0.0309,0.0109,-0.0581,0.0135,0.0085,0.0001,0.0404,-0.0178,-0.0161,-0.0709,0.0139,-0.0151,-0.0001,-1.0000,-1.0000,-1.0000,-1.0000,-1.0000,-1.0000,-1.0000,-1.0000,-1.0000,-1.0000,-1.0000,-1.0000,-1.0000,-1.0000,-1.0000,-1.0000,-1.0000,-1.0000,-1.0000,-1.0000,-1.0000,-1.0000,-1.0000,-1.0000,-1.0000,-1.0000,-1.0000,-1.0000,-1.0000,-1.0000,-1.0000,-1.0000,-1.0000,-1.0000,-1.0000,-1.0000,-1.0000,-1.0000,-1.0000,-1.0000,-1.0000,-1.0000,-1.0000,-1.0000,-1.0000,-1.0000,-1.0000,-1.0000,-1.0000,-1.0000,-1.0000,-1.0000,-1.0000,-1.0000,-1.0000,-1.0000,-1.0000,-1.0000,-1.0000,-1.0000,-1.0000,-1.0000,-1.0000,-1.0000,-1.0000,-1.0000,0.9987,0.9353,-1.0000,0.9695,-1.0000,0.9789,-1.0000,0.9520,0.9458,0.9888,-1.0000,-1.0000,-1.0000,-1.0000,-1.0000,-1.0000,-1.0000,-1.0000,-1.0000,-1.0000,-1.0000,-1.0000,-1.0000,-1.0000,-1.0000,-1.0000,-1.0000,-1.0000,-1.0000,-1.0000,-1.0000,-1.0000,-1.0000,-1.0000,-1.0000,-1.0000,-1.0000,-1.0000,-1.0000,-1.0000,-1.0000,-1.0000,-1.0000,-1.0000,-1.0000,-1.0000,-1.0000,-1.0000,-1.0000,-1.0000,-1.0000,-1.0000,-1.0000,-1.0000,-1.0000,1.0055,1.0464,1.0081,0.9569,1.0420,0.9735,0.7768,0.9540,0.9268,0.8025,0.9265,0.9262,0.7670,0.9547,0.8137,0.8109,0.9184,0.8300,0.8454,0.8345,0.8296,0.8342,0.7311,0.7579,0.8181,0.8261,0.7396,0.7829,0.7392,0.7897,0.7593,0.8008,0.8958,0.8253,0.8404,0.8917,0.7923,0.8906,0.8962,0.8752,1.0309,1.0321,1.0371,1.0334,0.9987,0.9353,1.0105,0.9695,1.0229,0.9789,1.0163,0.9520,0.9458,0.9888,1.0396,1.1098,1.0578,1.0671,1.0922,1.0331,1.0687,1.0888,1.0903,0,0.7311,4.2540,-2.8602,2.9891
95,0.1900,-0.5483,0.4181,1.3867,4.2540,-2.8602,1.1448,0.1217,0.1918,0.0000,1.0268,1.0000,0.0001,0.0099,0.0001,-0.0002,-0.0181,-0.0003,-0.0073,0.0057,-0.0003,0.0001,-0.0180,-0.0003,-0.0072,0.0056,-0.0003,0.0000,0.0448,-0.0005,0.0002,0.0357,0.0015,0.0050,-0.0000,0.0449,0.0007,-0.0002,0.0358,0.0015,0.0031,0.0000,0.0134,0.0002,-0.0063,0.0106,0.1057,0.0015,0.0018,-0.0824,-0.0088,-0.0495,-0.0144,-0.0947,-0.0014,-0.0978,-0.0265,-0.0365,0.1141,0.2708,-0.0040,0.0454,0.0309,0.0109,-0.0581,0.0135,0.0085,0.0001,0.0404,-0.0178,-0.0161,-0.0709,0.0139,-0.0151,-0.0001,-1.0000,-1.0000,-1.0000,-1.0000,-1.0000,-1.0000,-1.0000,-1.0000,-1.0000,-1.0000,-1.0000,-1.0000,-1.0000,-1.0000,-1.0000,-1.0000,-1.0000,-1.0000,-1.0000,-1.0000,-1.0000,-1.0000,-1.0000,-1.0000,-1.0000,-1.0000,-1.0000,-1.0000,-1.0000,-1.0000,-1.0000,-1.0000,-1.0000,-1.0000,-1.0000,-1.0000,-1.0000,-1.0000,-1.0000,-1.0000,-1.0000,-1.0000,-1.0000,-1.0000,-1.0000,-1.0000,-1.0000,-1.0000,-1.0000,-1.0000,-1.0000,-1.0000,-1.0000,-1.0000,-1.0000,-1.0000,-1.0000,-1.0000,-1.0000,-1.0000,-1.0000,-1.0000,-1.0000,-1.0000,-1.0000,-1.0000,0.9987,0.9353,-1.0000,0.9695,-1.0000,0.9789,-1.0000,0.9520,0.9458,0.9888,-1.0000,-1.0000,-1.0000,-1.0000,-1.0000,-1.0000,-1.0000,-1.0000,-1.0000,-1.0000,-1.0000,-1.0000,-1.0000,-1.0000,-1.0000,-1.0000,-1.0000,-1.0000,-1.0000,-1.0000,-1.0000,-1.0000,-1.0000,-1.0000,-1.0000,-1.0000,-1.0000,-1.0000,-1.0000,-1.0000,-1.0000,-1.0000,-1.0000,-1.0000,-1.0000,-1.0000,-1.0000,-1.0000,-1.0000,-1.0000,-1.0000,-1.0000,-1.0000,-1.0000,-1.0000,1.0055,1.0464,1.0081,0.9569,1.0420,0.9735,0.7768,0.9540,0.9268,0.8025,0.9265,0.9262,0.7670,0.9547,0.8137,0.8109,0.9184,0.8300,0.8454,0.8345,0.8296,0.8342,0.7311,0.7579,0.8181,0.8261,0.7396,0.7829,0.7392,0.7897,0.7593,0.8008,0.8958,0.8253,0.8404,0.8917,0.7923,0.8906,0.8962,0.8752,1.0309,1.0321,1.0371,1.0334,0.9987,0.9353,1.0105,0.9695,1.0229,0.9789,1.0163,0.9520,0.9458,0.9888,1.0396,1.1098,1.0578,1.0671,1.0922,1.0331,1.0687,1.0888,1.0903,0,0.7311,4.2540,-2.8602,2.9891
96,0.1920,-0.5398,0.4123,1.3890,4.2540,-2.8602,1.1252,0.1217,0.1918,0.0000,1.0268,0.9999,0.0001,0.0100,0.0001,-0.0002,-0.0183,-0.0003,-0.0074,0.0056,-0.0007,0.0001,-0.0182,-0.0004,-0.0073,0.0057,0.0001,0.0000,0.0449,-0.0004,0.0002,0.0355,0.0015,0.0050,-0.0000,0.0449,0.0007,-0.0002,0.0357,0.0016,0.0030,0.0000,0.0135,0.0001,-0.0048,0.0045,0.1044,0.0012,0.0022,-0.0776,0.0031,-0.0511,-0.0465,-0.1876,-0.0010,-0.0921,-0.0157,-0.0392,0.0761,0.1987,-0.0030,0.0353,0.0287,0.0118,-0.0588,0.0136,0.0076,0.0001,0.0318,-0.0209,-0.0152,-0.0670,0.0140,-0.0156,-0.0002,-1.0000,-1.0000,-1.0000,-1.0000,-1.0000,-1.0000,-1.0000,-1.0000,-1.0000,-1.0000,-1.0000,-1.0000,-1.0000,-1.0000,-1.0000,-1.0000,-1.0000,-1.0000,-1.0000,-1.0000,-1.0000,-1.0000,-1.0000,-1.0000,-1.0000,-1.0000,-1.0000,-1.0000,-1.0000,-1.0000,-1.0000,-1.0000,-1.0000,-1.0000,-1.0000,-1.0000,-1.0000,-1.0000,-1.0000,-1.0000,-1.0000,-1.0000,-1.0000,-1.0000,-1.0000,-1.0000,-1.0000,-1.0000,-1.0000,-1.0000,-1.0000,-1.0000,-1.0000,-1.0000,-1.0000,-1.0000,-1.0000,-1.0000,-1.0000,-1.0000,-1.0000,-1.0000,-1.0000,-1.0000,-1.0000,-1.0000,0.9886,0.9253,-1.0000,0.9595,-1.0000,0.9691,-1.0000,0.9424,0.9359,0.9793,-1.0000,-1.0000,-1.0000,-1.0000,-1.0000,-1.0000,-1.0000,-1.0000,-1.0000,-1.0000,-1.0000,-1.0000,-1.0000,-1.0000,-1.0000,-1.0000,-1.0000,-1.0000,-1.0000,-1.0000,-1.0000,-1.0000,-1.0000,-1.0000,-1.0000,-1.0000,-1.0000,-1.0000,-1.0000,-1.0000,-1.0000,-1.0000,-1.0000,-1.0000,-1.0000,-1.0000,-1.0000,-1.0000,-1.0000,-1.0000,-1.0000,-1.0000,-1.0000,-1.0000,-1.0000,0.9955,1.0363,0.9980,0.9469,1.0319,0.9635,0.7674,0.9443,0.9167,0.7925,0.9171,0.9159,0.7569,0.9446,0.8041,0.8006,0.9086,0.8206,0.8357,0.8249,0.8201,0.8245,0.7215,0.7487,0.8084,0.8171,0.7304,0.7739,0.7301,0.7802,0.7505,0.7927,0.8874,0.8169,0.8323,0.8832,0.7840,0.8819,0.8880,0.8670,1.0209,1.0218,1.0269,1.0233,0.9886,0.9253,1.0006,0.9595,1.0132,0.9691,1.0067,0.9424,0.9359,0.9793,1.0305,1.1004,1.0485,1.0580,1.0828,1.0239,1.0592,1.0797,1.0812,0,0.7215,4.2540,-2.8602,2.9891
97,0.1940,-0.5313,0.4066,1.3912,4.2540,-2.8602,1.1056,0.1217,0.1918,0.0000,1.0268,0.9999,0.0001,0.0101,0.0001,-0.0002,-0.0184,-0.0003,-0.0075,0.0055,-0.0012,0.0001,-0.0184,-0.0004,-0.0074,0.0058,0.0003,-0.0000,0.0450,-0.0004,0.0002,0.0354,0.0015,0.0050,-0.0000,0.0450,0.0006,-0.0002,0.0356,0.0016,0.0030,0.0000,0.0135,0.0004,-0.0034,0.0053,0.1031,0.0013,0.0021,-0.0733,0.0039,-0.0526,-0.0723,-0.2265,-0.0003,-0.0857,-0.0113,-0.0422,0.0320,0.0804,-0.0032,0.0261,0.0286,0.0118,-0.0573,0.0137,0.0067,0.0001,0.0224,-0.0216,-0.0152,-0.0660,0.0141,-0.0162,-0.0002,-1.0000,-1.0000,-1.0000,-1.0000,-1.0000,-1.0000,-1.0000,-1.0000,-1.0000,-1.0000,-1.0000,-1.0000,-1.0000,-1.0000,-1.0000,-1.0000,-1.0000,-1.0000,-1.0000,-1.0000,-1.0000,-1.0000,-1.0000,-1.0000,-1.0000,-1.0000,-1.0000,-1.0000,-1.0000,-1.0000,-1.0000,-1.0000,-1.0000,-1.0000,-1.0000,-1.0000,-1.0000,-1.0000,-1.0000,-1.0000,-1.0000,-1.0000,-1.0000,-1.0000,-1.0000,-1.0000,-1.0000,-1.0000,-1.0000,-1.0000,-1.0000,-1.0000,-1.0000,-1.0000,-1.0000,-1.0000,-1.0000,-1.0000,-1.0000,-1.0000,-1.0000,-1.0000,-1.0000,-1.0000,-1.0000,-1.0000,0.9784,0.9153,0.9907,0.9495,-1.0000,0.9594,0.9970,0.9328,0.9261,0.9699,-1.0000,-1.0000,-1.0000,-1.0000,-1.0000,-1.0000,-1.0000,-1.0000,-1.0000,-1.0000,-1.0000,-1.0000,-1.0000,-1.0000,-1.0000,-1.0000,-1.0000,-1.0000,-1.0000,-1.0000,-1.0000,-1.0000,-1.0000,-1.0000,-1.0000,-1.0000,-1.0000,-1.0000,-1.0000,-1.0000,-1.0000,-1.0000,-1.0000,-1.0000,-1.0000,-1.0000,-1.0000,-1.0000,-1.0000,-1.0000,-1.0000,-1.0000,-1.0000,-1.0000,-1.0000,0.9854,1.0261,0.9879,0.9368,1.0217,0.9535,0.7580,0.9345,0.9066,0.7824,0.9077,0.9055,0.7467,0.9346,0.7944,0.7904,0.8988,0.8112,0.8259,0.8153,0.8106,0.8148,0.7119,0.7394,0.7988,0.8081,0.7213,0.7650,0.7210,0.7707,0.7418,0.7846,0.8791,0.8085,0.8243,0.8746,0.7757,0.8732,0.8799,0.8589,1.0109,1.0115,1.0167,1.0132,0.9784,0.9153,0.9907,0.9495,1.0036,0.9594,0.9970,0.9328,0.9261,0.9699,1.0214,1.0911,1.0391,1.0489,1.0734,1.0146,1.0498,1.0707,1.0720,0,0.7119,4.2540,-2.8602,2.9891
97,0.1940,-0.5313,0.4066,1.3912,4.2540,-2.8602,1.1056,0.1217,0.1918,0.0000,1.0268,0.9999,0.0001,0.0101,0.0001,-0.0002,-0.0184,-0.0003,-0.0075,0.0055,-0.0012,0.0001,-0.0184,-0.0004,-0.0074,0.0058,0.0003,-0.0000,0.0450,-0.0004,0.0002,0.0354,0.0015,0.0050,-0.0000,0.0450,0.0006,-0.0002,0.0356,0.0016,0.0030,0.0000,0.0135,0.0004,-0.0034,0.0053,0.1031,0.0013,0.0021,-0.0733,0.0039,-0.0526,-0.0723,-0.2265,-0.0003,-0.0857,-0.0113,-0.0422,0.0320,0.0804,-0.0032,0.0261,0.0286,0.0118,-0.0573,0.0137,0.0067,0.0001,0.0224,-0.0216,-0.0152,-0.0660,0.0141,-0.0162,-0.0002,-1.0000,-1.0000,-1.0000,-1.0000,-1.0000,-1.0000,-1.0000,-1.0000,-1.0000,-1.0000,-1.0000,-1.0000,-1.0000,-1.0000,-1.0000,-1.0000,-1.0000,-1.0000,-1.0000,-1.0000,-1.0000,-1.0000,-1.0000,-1.0000,-1.0000,-1.0000,-1.0000,-1.0000,-1.0000,-1.0000,-1.0000,-1.0000,-1.0000,-1.0000,-1.0000,-1.0000,-1.0000,-1.0000,-1.0000,-1.0000,-1.0000,-1.0000,-1.0000,-1.0000,-1.0000,-1.0000,-1.0000,-1.0000,-1.0000,-1.0000,-1.0000,-1.0000,-1.0000,-1.0000,-1.0000,-1.0000,-1.0000,-1.0000,-1.0000,-1.0000,-1.0000,-1.0000,-1.0000,-1.0000,-1.0000,-1.0000,0.9784,0.9153,0.9907,0.9495,-1.0000,0.9594,0.9970,0.9328,0.9261,0.9699,-1.0000,-1.0000,-1.0000,-1.0000,-1.0000,-1.0000,-1.0000,-1.0000,-1.0000,-1.0000,-1.0000,-1.0000,-1.0000,-1.0000,-1.0000,-1.0000,-1.0000,-1.0000,-1.0000,-1.0000,-1.0000,-1.0000,-1.0000,-1.0000,-1.0000,-1.0000,-1.0000,-1.0000,-1.0000,-1.0000,-1.0000,-1.0000,-1.0000,-1.0000,-1.0000,-1.0000,-1.0000,-1.0000,-1.0000,-1.0000,-1.0000,-1.0000,-1.0000,-1.0000,-1.0000,0.9854,1.0261,0.9879,0.9368,1.0217,0.9535,0.7580,0.9345,0.9066,0.7824,0.9077,0.9055,0.7467,0.9346,0.7944,0.7904,0.8988,0.8112,0.8259,0.8153,0.8106,0.8148,0.7119,0.7394,0.7988,0.8081,0.7213,0.7650,0.7210,0.7707,0.7418,0.7846,0.8791,0.8085,0.8243,0.8746,0.7757,0.8732,0.8799,0.8589,1.0109,1.0115,1.0167,1.0132,0.9784,0.9153,0.9907,0.9495,1.0036,0.9594,0.9970,0.9328,0.9261,0.9699,1.0214,1.0911,1.0391,1.0489,1.0734,1.0146,1.0498,1.0707,1.0720,0,0.7119,4.2540,-2.8602,2.9891
98,0.1960,-0.5228,0.4009,1.3934,4.2540,-2.8602,1.0860,0.1217,0.1918,0.0000,1.0268,0.9999,0.0001,0.0102,0.0001,-0.0002,-0.0185,-0.0003,-0.0076,0.0054,-0.0015,0.0001,-0.0185,-0.0004,-0.0075,0.0058,0.0001,-0.0000,0.0450,-0.0003,0.0002,0.0353,0.0016,0.0050,-0.0000,0.0450,0.0006,-0.0003,0.0354,0.0016,0.0030,0.0000,0.0136,0.0011,-0.0023,0.0170,0.1015,0.0021,0.0011,-0.0742,-0.0145,-0.0506,-0.0462,-0.1477,0.0005,-0.0814,-0.0185,-0.0428,0.0072,-0.0775,-0.0052,0.0181,0.0324,0.0102,-0.0522,0.0137,0.0060,0.0001,0.0116,-0.0185,-0.0166,-0.0691,0.0141,-0.0169,-0.0002,-1.0000,-1.0000,-1.0000,-1.0000,-1.0000,-1.0000,-1.0000,-1.0000,-1.0000,-1.0000,-1.0000,-1.0000,-1.0000,-1.0000,-1.0000,-1.0000,-1.0000,-1.0000,-1.0000,-1.0000,-1.0000,-1.0000,-1.0000,-1.0000,-1.0000,-1.0000,-1.0000,-1.0000,-1.0000,-1.0000,-1.0000,-1.0000,-1.0000,-1.0000,-1.0000,-1.0000,-1.0000,-1.0000,-1.0000,-1.0000,-1.0000,-1.0000,-1.0000,-1.0000,-1.0000,-1.0000,-1.0000,-1.0000,-1.0000,-1.0000,-1.0000,-1.0000,-1.0000,-1.0000,-1.0000,-1.0000,-1.0000,-1.0000,-1.0000,-1.0000,-1.0000,-1.0000,-1.0000,-1.0000,-1.0000,-1.0000,0.9683,0.9054,0.9808,0.9394,0.9939,0.9497,0.9874,0.9232,0.9162,0.9605,-1.0000,-1.0000,-1.0000,-1.0000,-1.0000,-1.0000,-1.0000,-1.0000,-1.0000,-1.0000,-1.0000,-1.0000,-1.0000,-1.0000,-1.0000,-1.0000,-1.0000,-1.0000,-1.0000,-1.0000,-1.0000,-1.0000,-1.0000,-1.0000,-1.0000,-1.0000,-1.0000,-1.0000,-1.0000,-1.0000,-1.0000,-1.0000,-1.0000,-1.0000,-1.0000,-1.0000,-1.0000,-1.0000,-1.0000,-1.0000,-1.0000,-1.0000,-1.0000,-1.0000,-1.0000,0.9754,1.0160,0.9777,0.9268,1.0116,0.9435,0.7486,0.9248,0.8965,0.7724,0.8983,0.8952,0.7366,0.9245,0.7848,0.7801,0.8890,0.8019,0.8162,0.8058,0.8011,0.8051,0.7024,0.7302,0.7892,0.7991,0.7122,0.7561,0.7119,0.7613,0.7331,0.7766,0.8709,0.8002,0.8163,0.8661,0.7675,0.8645,0.8717,0.8508,1.0009,1.0012,1.0066,1.0031,0.9683,0.9054,0.9808,0.9394,0.9939,0.9497,0.9874,0.9232,0.9162,0.9605,1.0123,1.0818,1.0298,1.0398,1.0639,1.0054,1.0403,1.0616,1.0629,0,0.7024,4.2540,-2.8602,2.9891
98,0.1960,-0.5228,0.4009,1.3934,4.2540,-2.8602,1.0860,0.1217,0.1918,0.0000,1.0268,0.9999,0.0001,0.0102,0.0001,-0.0002,-0.0185,-0.0003,-0.0076,0.0054,-0.0015,0.0001,-0.0185,-0.0004,-0.0075,0.0058,0.0001,-0.0000,0.0450,-0.0003,0.0002,0.0353,0.0016,0.0050,-0.0000,0.0450,0.0006,-0.0003,0.0354,0.0016,0.0030,0.0000,0.0136,0.0011,-0.0023,0.0170,0.1015,0.0021,0.0011,-0.0742,-0.0145,-0.0506,-0.0462,-0.1477,0.0005,-0.0814,-0.0185,-0.0428,0.0072,-0.0775,-0.0052,0.0181,0.0324,0.0102,-0.0522,0.0137,0.0060,0.0001,0.0116,-0.0185,-0.0166,-0.0691,0.0141,-0.0169,-0.0002,-1.0000,-1.0000,-1.0000,-1.0000,-1.0000,-1.0000,-1.0000,-1.0000,-1.0000,-1.0000,-1.0000,-1.0000,-1.0000,-1.0000,-1.0000,-1.0000,-1.0000,-1.0000,-1.0000,-1.0000,-1.0000,-1.0000,-1.0000,-1.0000,-1.0000,-1.0000,-1.0000,-1.0000,-1.0000,-1.0000,-1.0000,-1.0000,-1.0000,-1.0000,-1.0000,-1.0000,-1.0000,-1.0000,-1.0000,-1.0000,-1.0000,-1.0000,-1.0000,-1.0000,-1.0000,-1.0000,-1.0000,-1.0000,-1.0000,-1.0000,-1.0000,-1.0000,-1.0000,-1.0000,-1.0000,-1.0000,-1.0000,-1.0000,-1.0000,-1.0000,-1.0000,-1.0000,-1.0000,-1.0000,-1.0000,-1.0000,0.9683,0.9054,0.9808,0.9394,0.9939,0.9497,0.9874,0.9232,0.9162,0.9605,-1.0000,-1.0000,-1.0000,-1.0000,-1.0000,-1.0000,-1.0000,-1.0000,-1.0000,-1.0000,-1.0000,-1.0000,-1.0000,-1.0000,-1.0000,-1.0000,-1.0000,-1.0000,-1.0000,-1.0000,-1.0000,-1.0000,-1.0000,-1.0000,-1.0000,-1.0000,-1.0000,-1.0000,-1.0000,-1.0000,-1.0000,-1.0000,-1.0000,-1.0000,-1.0000,-1.0000,-1.0000,-1.0000,-1.0000,-1.0000,-1.0000,-1.0000,-1.0000,-1.0000,-1.0000,0.9754,1.0160,0.9777,0.9268,1.0116,0.9435,0.7486,0.9248,0.8965,0.7724,0.8983,0.8952,0.7366,0.9245,0.7848,0.7801,0.8890,0.8019,0.8162,0.8058,0.8011,0.8051,0.7024,0.7302,0.7892,0.7991,0.7122,0.7561,0.7119,0.7613,0.7331,0.7766,0.8709,0.8002,0.8163,0.8661,0.7675,0.8645,0.8717,0.8508,1.0009,1.0012,1.0066,1.0031,0.9683,0.9054,0.9808,0.9394,0.9939,0.9497,0.9874,0.9232,0.9162,0.9605,1.0123,1.0818,1.0298,1.0398,1.0639,1.0054,1.0403,1.0616,1.0629,0,0.7024,4.2540,-2.8602,2.9891
99,0.1980,-0.5143,0.3952,1.3955,4.2540,-2.8602,1.0663,0.1217,0.1919,0.0000,1.0268,0.9999,0.0001,0.0103,0.0001,-0.0002,-0.0187,-0.0003,-0.0076,0.0056,-0.0017,0.0001,-0.0187,-0.0004,-0.0076,0.0057,-0.0003,-0.0000,0.0450,-0.0003,0.0003,0.0352,0.0016,0.0050,-0.0000,0.0450,0.0005,-0.0003,0.0353,0.0016,0.0029,0.0000,0.0137,0.0002,-0.0060,-0.0027,0.0981,0.0007,0.0029,-0.0907,0.0089,-0.0335,0.1194,-0.1215,0.0015,-0.0721,0.0118,-0.0466,-0.0370,-0.1964,-0.0017,0.0045,0.0258,0.0130,-0.0660,0.0139,0.0047,0.0002,0.0028,-0.0260,-0.0138,-0.0684,0.0143,-0.0175,-0.0002,-1.0000,-1.0000,-1.0000,-1.0000,-1.0000,-1.0000,-1.0000,-1.0000,-1.0000,-1.0000,-1.0000,-1.0000,-1.0000,-1.0000,-1.0000,-1.0000,-1.0000,-1.0000,-1.0000,-1.0000,-1.0000,-1.0000,-1.0000,-1.0000,-1.0000,-1.0000,-1.0000,-1.0000,-1.0000,-1.0000,-1.0000,-1.0000,-1.0000,-1.0000,-1.0000,-1.0000,-1.0000,-1.0000,-1.0000,-1.0000,-1.0000,-1.0000,-1.0000,-1.0000,-1.0000,-1.0000,-1.0000,-1.0000,-1.0000,-1.0000,-1.0000,-1.0000,-1.0000,-1.0000,-1.0000,-1.0000,-1.0000,-1.0000,-1.0000,-1.0000,-1.0000,-1.0000,-1.0000,0.9910,0.9964,0.9930,0.9582,0.8955,0.9709,0.9294,0.9843,0.9400,0.9777,0.9137,0.9064,0.9510,-1.0000,-1.0000,-1.0000,-1.0000,-1.0000,0.9962,-1.0000,-1.0000,-1.0000,-1.0000,-1.0000,-1.0000,-1.0000,-1.0000,-1.0000,-1.0000,-1.0000,-1.0000,-1.0000,-1.0000,-1.0000,-1.0000,-1.0000,-1.0000,-1.0000,-1.0000,-1.0000,-1.0000,-1.0000,-1.0000,-1.0000,-1.0000,-1.0000,-1.0000,-1.0000,-1.0000,-1.0000,-1.0000,-1.0000,-1.0000,-1.0000,-1.0000,-1.0000,-1.0000,-1.0000,0.9654,1.0060,0.9677,0.9168,1.0015,0.9336,0.7392,0.9151,0.8864,0.7624,0.8889,0.8848,0.7264,0.9145,0.7751,0.7698,0.8792,0.7925,0.8065,0.7962,0.7917,0.7955,0.6928,0.7211,0.7795,0.7902,0.7032,0.7473,0.7029,0.7519,0.7245,0.7686,0.8627,0.7919,0.8083,0.8577,0.7593,0.8559,0.8637,0.8428,0.9909,0.9910,0.9964,0.9930,0.9582,0.8955,0.9709,0.9294,0.9843,0.9400,0.9777,0.9137,0.9064,0.9510,1.0032,1.0725,1.0205,1.0308,1.0545,0.9962,1.0309,1.0526,1.0538,0,0.6928,4.2540,-2.8602,2.9891
100,0.2000,-0.5057,0.3895,1.3976,4.2540,-2.8602,1.0467,0.1217,0.1919,0.0000,1.0268,0.9999,0.0001,0.0104,0.0001,-0.0002,-0.0189,-0.0003,-0.0077,0.0059,-0.0018,0.0001,-0.0188,-0.0004,-0.0077,0.0056,-0.0007,-0.0000,0.0450,-0.0002,0.0003,0.0351,0.0016,0.0050,-0.0000,0.0450,0.0005,-0.0003,0.0352,0.0017,0.0029,0.0000,0.0138,0.0005,-0.0029,0.0019,0.0969,0.0007,0.0025,-0.0881,-0.0000,-0.0341,0.1078,-0.0571,0.0013,-0.0678,0.0080,-0.0483,-0.0652,-0.2342,-0.0022,-0.0032,0.0274,0.0123,-0.0596,0.0139,0.0040,0.0002,-0.0061,-0.0246,-0.0142,-0.0652,0.0143,-0.0180,-0.0002,-1.0000,-1.0000,-1.0000,-1.0000,-1.0000,-1.0000,-1.0000,-1.0000,-1.0000,-1.0000,-1.0000,-1.0000,-1.0000,-1.0000,-1.0000,-1.0000,-1.0000,-1.0000,-1.0000,-1.0000,-1.0000,-1.0000,-1.0000,-1.0000,-1.0000,-1.0000,-1.0000,-1.0000,-1.0000,-1.0000,-1.0000,-1.0000,-1.0000,-1.0000,-1.0000,-1.0000,-1.0000,-1.0000,-1.0000,-1.0000,-1.0000,-1.0000,-1.0000,-1.0000,-1.0000,-1.0000,-1.0000,-1.0000,-1.0000,-1.0000,-1.0000,-1.0000,-1.0000,-1.0000,-1.0000,-1.0000,-1.0000,-1.0000,-1.0000,-1.0000,-1.0000,-1.0000,-1.0000,0.9807,0.9862,0.9829,0.9481,0.8855,0.9610,0.9194,0.9747,0.9303,0.9681,0.9041,0.8966,0.9416,0.9942,-1.0000,-1.0000,-1.0000,-1.0000,0.9870,-1.0000,-1.0000,-1.0000,-1.0000,-1.0000,-1.0000,-1.0000,-1.0000,-1.0000,-1.0000,-1.0000,-1.0000,-1.0000,-1.0000,-1.0000,-1.0000,-1.0000,-1.0000,-1.0000,-1.0000,-1.0000,-1.0000,-1.0000,-1.0000,-1.0000,-1.0000,-1.0000,-1.0000,-1.0000,-1.0000,-1.0000,-1.0000,-1.0000,-1.0000,-1.0000,-1.0000,-1.0000,-1.0000,-1.0000,0.9554,0.9959,0.9576,0.9068,0.9914,0.9236,0.7299,0.9054,0.8763,0.7524,0.8795,0.8745,0.7163,0.9045,0.7655,0.7595,0.8694,0.7832,0.7969,0.7867,0.7823,0.7859,0.6833,0.7119,0.7699,0.7813,0.6942,0.7385,0.6940,0.7424,0.7159,0.7606,0.8545,0.7837,0.8004,0.8492,0.7511,0.8473,0.8557,0.8348,0.9809,0.9807,0.9862,0.9829,0.9481,0.8855,0.9610,0.9194,0.9747,0.9303,0.9681,0.9041,0.8966,0.9416,0.9942,1.0633,1.0112,1.0218,1.0452,0.9870,1.0215,1.0435,1.0447,0,0.6833,4.2540,-2.8602,2.9891
100,0.2000,-0.5057,0.3895,1.3976,4.2540,-2.8602,1.0467,0.1217,0.1919,0.0000,1.0268,0.9999,0.0001,0.0104,0.0001,-0.0002,-0.0189,-0.0003,-0.0077,0.0059,-0.0018,0.0001,-0.0188,-0.0004,-0.0077,0.0056,-0.0007,-0.0000,0.0450,-0.0002,0.0003,0.0351,0.0016,0.0050,-0.0000,0.0450,0.0005,-0.0003,0.0352,0.0017,0.0029,0.0000,0.0138,0.0005,-0.0029,0.0019,0.0969,0.0007,0.0025,-0.0881,-0.0000,-0.0341,0.1078,-0.0571,0.0013,-0.0678,0.0080,-0.0483,-0.0652,-0.2342,-0.0022,-0.0032,0.0274,0.0123,-0.0596,0.0139,0.0040,0.0002,-0.0061,-0.0246,-0.0142,-0.0652,0.0143,-0.0180,-0.0002,-1.0000,-1.0000,-1.0000,-1.0000,-1.0000,-1.0000,-1.0000,-1.0000,-1.0000,-1.0000,-1.0000,-1.0000,-1.0000,-1.0000,-1.0000,-1.0000,-1.0000,-1.0000,-1.0000,-1.0000,-1.0000,-1.0000,-1.0000,-1.0000,-1.0000,-1.0000,-1.0000,-1.0000,-1.0000,-1.0000,-1.0000,-1.0000,-1.0000,-1.0000,-1.0000,-1.0000,-1.0000,-1.0000,-1.0000,-1.0000,-1.0000,-1.0000,-1.0000,-1.0000,-1.0000,-1.0000,-1.0000,-1.0000,-1.0000,-1.0000,-1.0000,-1.0000,-1.0000,-1.0000,-1.0000,-1.0000,-1.0000,-1.0000,-1.0000,-1.0000,-1.0000,-1.0000,-1.0000,0.9807,0.9862,0.9829,0.9481,0.8855,0.9610,0.9194,0.9747,0.9303,0.9681,0.9041,0.8966,0.9416,0.9942,-1.0000,-1.0000,-1.0000,-1.0000,0.9870,-1.0000,-1.0000,-1.0000,-1.0000,-1.0000,-1.0000,-1.0000,-1.0000,-1.0000,-1.0000,-1.0000,-1.0000,-1.0000,-1.0000,-1.0000,-1.0000,-1.0000,-1.0000,-1.0000,-1.0000,-1.0000,-1.0000,-1.0000,-1.0000,-1.0000,-1.0000,-1.0000,-1.0000,-1.0000,-1.0000,-1.0000,-1.0000,-1.0000,-1.0000,-1.0000,-1.0000,-1.0000,-1.0000,-1.0000,0.9554,0.9959,0.9576,0.9068,0.9914,0.9236,0.7299,0.9054,0.8763,0.7524,0.8795,0.8745,0.7163,0.9045,0.7655,0.7595,0.8694,0.7832,0.7969,0.7867,0.7823,0.7859,0.6833,0.7119,0.7699,0.7813,0.6942,0.7385,0.6940,0.7424,0.7159,0.7606,0.8545,0.7837,0.8004,0.8492,0.7511,0.8473,0.8557,0.8348,0.9809,0.9807,0.9862,0.9829,0.9481,0.8855,0.9610,0.9194,0.9747,0.9303,0.9681,0.9041,0.8966,0.9416,0.9942,1.0633,1.0112,1.0218,1.0452,0.9870,1.0215,1.0435,1.0447,0,0.6833,4.2540,-2.8602,2.9891
101,0.2020,-0.4972,0.3837,1.3997,4.2540,-2.8602,1.0271,0.1217,0.1919,0.0000,1.0268,0.9999,0.0001,0.0105,0.0001,-0.0001,-0.0191,-0.0003,-0.0078,0.0060,-0.0016,0.0001,-0.0189,-0.0003,-0.0078,0.0055,-0.0011,-0.0000,0.0450,-0.0002,0.0003,0.0349,0.0016,0.0050,-0.0000,0.0450,0.0004,-0.0004,0.0350,0.0017,0.0029,0.0000,0.0139,-0.0006,-0.0021,-0.0141,0.0951,-0.0005,0.0025,-0.0837,0.0119,-0.0344,0.0812,0.1132,0.0014,-0.0683,0.0248,-0.0465,-0.0409,-0.1593,0.0006,-0.0143,0.0231,0.0145,-0.0643,0.0141,0.0029,0.0002,-0.0133,-0.0294,-0.0118,-0.0585,0.0145,-0.0183,-0.0002,-1.0000,-1.0000,-1.0000,-1.0000,-1.0000,-1.0000,-1.0000,-1.0000,-1.0000,-1.0000,-1.0000,-1.0000,-1.0000,-1.0000,-1.0000,-1.0000,-1.0000,-1.0000,-1.0000,-1.0000,-1.0000,-1.0000,-1.0000,-1.0000,-1.0000,-1.0000,-1.0000,-1.0000,-1.0000,-1.0000,-1.0000,-1.0000,-1.0000,-1.0000,-1.0000,-1.0000,-1.0000,-1.0000,-1.0000,-1.0000,-1.0000,-1.0000,-1.0000,-1.0000,-1.0000,-1.0000,-1.0000,-1.0000,-1.0000,-1.0000,-1.0000,-1.0000,-1.0000,-1.0000,-1.0000,-1.0000,-1.0000,-1.0000,-1.0000,-1.0000,-1.0000,-1.0000,-1.0000,0.9705,0.9760,0.9728,0.9380,0.8756,0.9511,0.9094,0.9650,0.9206,0.9585,0.8946,0.8868,0.9323,0.9852,-1.0000,-1.0000,-1.0000,-1.0000,0.9779,-1.0000,-1.0000,-1.0000,-1.0000,-1.0000,-1.0000,-1.0000,-1.0000,-1.0000,-1.0000,-1.0000,-1.0000,-1.0000,-1.0000,-1.0000,-1.0000,-1.0000,-1.0000,-1.0000,-1.0000,-1.0000,-1.0000,-1.0000,-1.0000,-1.0000,-1.0000,-1.0000,-1.0000,-1.0000,-1.0000,-1.0000,-1.0000,-1.0000,-1.0000,-1.0000,-1.0000,-1.0000,-1.0000,-1.0000,0.9454,0.9858,0.9475,0.8969,0.9813,0.9137,0.7205,0.8957,0.8662,0.7424,0.8702,0.8641,0.7062,0.8944,0.7559,0.7492,0.8597,0.7739,0.7872,0.7772,0.7729,0.7763,0.6738,0.7028,0.7604,0.7725,0.6852,0.7297,0.6851,0.7331,0.7073,0.7527,0.8464,0.7755,0.7925,0.8409,0.7430,0.8387,0.8477,0.8269,0.9709,0.9705,0.9760,0.9728,0.9380,0.8756,0.9511,0.9094,0.9650,0.9206,0.9585,0.8946,0.8868,0.9323,0.9852,1.0540,1.0020,1.0127,1.0358,0.9779,1.0121,1.0345,1.0356,0,0.6738,4.2540,-2.8602,2.9891
101,0.2020,-0.4972,0.3837,1.3997,4.2540,-2.8602,1.0271,0.1217,0.1919,0.0000,1.0268,0.9999,0.0001,0.0105,0.0001,-0.0001,-0.0191,-0.0003,-0.0078,0.0060,-0.0016,0.0001,-0.0189,-0.0003,-0.0078,0.0055,-0.0011,-0.0000,0.0450,-0.0002,0.0003,0.0349,0.0016,0.0050,-0.0000,0.0450,0.0004,-0.0004,0.0350,0.0017,0.0029,0.0000,0.0139,-0.0006,-0.0021,-0.0141,0.0951,-0.0005,0.0025,-0.0837,0.0119,-0.0344,0.0812,0.1132,0.0014,-0.0683,0.0248,-0.0465,-0.0409,-0.1593,0.0006,-0.0143,0.0231,0.0145,-0.0643,0.0141,0.0029,0.0002,-0.0133,-0.0294,-0.0118,-0.0585,0.0145,-0.0183,-0.0002,-1.0000,-1.0000,-1.0000,-1.0000,-1.0000,-1.0000,-1.0000,-1.0000,-1.0000,-1.0000,-1.0000,-1.0000,-1.0000,-1.0000,-1.0000,-1.0000,-1.0000,-1.0000,-1.0000,-1.0000,-1.0000,-1.0000,-1.0000,-1.0000,-1.0000,-1.0000,-1.0000,-1.0000,-1.0000,-1.0000,-1.0000,-1.0000,-1.0000,-1.0000,-1.0000,-1.0000,-1.0000,-1.0000,-1.0000,-1.0000,-1.0000,-1.0000,-1.0000,-1.0000,-1.0000,-1.0000,-1.0000,-1.0000,-1.0000,-1.0000,-1.0000,-1.0000,-1.0000,-1.0000,-1.0000,-1.0000,-1.0000,-1.0000,-1.0000,-1.0000,-1.0000,-1.0000,-1.0000,0.9705,0.9760,0.9728,0.9380,0.8756,0.9511,0.9094,0.9650,0.9206,0.9585,0.8946,0.8868,0.9323,0.9852,-1.0000,-1.0000,-1.0000,-1.0000,0.9779,-1.0000,-1.0000,-1.0000,-1.0000,-1.0000,-1.0000,-1.0000,-1.0000,-1.0000,-1.0000,-1.0000,-1.0000,-1.0000,-1.0000,-1.0000,-1.0000,-1.0000,-1.0000,-1.0000,-1.0000,-1.0000,-1.0000,-1.0000,-1.0000,-1.0000,-1.0000,-1.0000,-1.0000,-1.0000,-1.0000,-1.0000,-1.0000,-1.0000,-1.0000,-1.0000,-1.0000,-1.0000,-1.0000,-1.0000,0.9454,0.9858,0.9475,0.8969,0.9813,0.9137,0.7205,0.8957,0.8662,0.7424,0.8702,0.8641,0.7062,0.8944,0.7559,0.7492,0.8597,0.7739,0.7872,0.7772,0.7729,0.7763,0.6738,0.7028,0.7604,0.7725,0.6852,0.7297,0.6851,0.7331,0.7073,0.7527,0.8464,0.7755,0.7925,0.8409,0.7430,0.8387,0.8477,0.8269,0.9709,0.9705,0.9760,0.9728,0.9380,0.8756,0.9511,0.9094,0.9650,0.9206,0.9585,0.8946,0.8868,0.9323,0.9852,1.0540,1.0020,1.0127,1.0358,0.9779,1.0121,1.0345,1.0356,0,0.6738,4.2540,-2.8602,2.9891
